accuracy,candidate_forwards,condition,diagnostic,evaluation_seconds,frozen_router_forwards,live_nodes,routing_accuracy,score_mode,stage
95.76271176338196,1,logt_retrain_union_r16,False,0.08706344105303288,0,1,,raw,1
95.76271176338196,1,logt_retrain_union_r16,False,0.08706344105303288,0,1,,cosine,1
95.76271176338196,1,logt_retrain_union_r16,False,0.08706344105303288,0,1,,affine_calibrated,1
95.76271176338196,1,logt_retrain_union_r16,True,0.08706344105303288,0,1,,true_node_oracle,1
95.76271176338196,1,logt_retrain_union_r16,False,0.08706344105303288,1,1,100.0,centroid_router,1
77.4193525314331,2,logt_retrain_union_r16,False,0.0889821033924818,0,2,,raw,2
77.82257795333862,2,logt_retrain_union_r16,False,0.0889821033924818,0,2,,cosine,2
79.83871102333069,2,logt_retrain_union_r16,False,0.0889821033924818,0,2,,affine_calibrated,2
93.14516186714172,1,logt_retrain_union_r16,True,0.0889821033924818,0,2,,true_node_oracle,2
86.29032373428345,1,logt_retrain_union_r16,False,0.0889821033924818,1,2,91.93548387096774,centroid_router,2
83.75634551048279,2,logt_retrain_union_r16,False,0.09005618467926979,0,2,,raw,3
82.48730897903442,2,logt_retrain_union_r16,False,0.09005618467926979,0,2,,cosine,3
84.01015400886536,2,logt_retrain_union_r16,False,0.09005618467926979,0,2,,affine_calibrated,3
90.10152220726013,1,logt_retrain_union_r16,True,0.09005618467926979,0,2,,true_node_oracle,3
80.45685291290283,1,logt_retrain_union_r16,False,0.09005618467926979,1,2,86.80203045685279,centroid_router,3
80.87719082832336,3,logt_retrain_union_r16,False,0.10422453284263611,0,3,,raw,4
80.87719082832336,3,logt_retrain_union_r16,False,0.10422453284263611,0,3,,cosine,4
81.40350580215454,3,logt_retrain_union_r16,False,0.10422453284263611,0,3,,affine_calibrated,4
90.52631855010986,1,logt_retrain_union_r16,True,0.10422453284263611,0,3,,true_node_oracle,4
78.42105031013489,1,logt_retrain_union_r16,False,0.10422453284263611,1,3,83.6842105263158,centroid_router,4
70.3438401222229,3,logt_retrain_union_r16,False,0.11369760520756245,0,3,,raw,5
71.77650332450867,3,logt_retrain_union_r16,False,0.11369760520756245,0,3,,cosine,5
72.63610363006592,3,logt_retrain_union_r16,False,0.11369760520756245,0,3,,affine_calibrated,5
89.25501704216003,1,logt_retrain_union_r16,True,0.11369760520756245,0,3,,true_node_oracle,5
76.07449889183044,1,logt_retrain_union_r16,False,0.11369760520756245,1,3,82.378223495702,centroid_router,5
70.17114758491516,4,logt_retrain_union_r16,False,0.12883164174854755,0,4,,raw,6
70.41564583778381,4,logt_retrain_union_r16,False,0.12883164174854755,0,4,,cosine,6
72.24938869476318,4,logt_retrain_union_r16,False,0.12883164174854755,0,4,,affine_calibrated,6
89.48655128479004,1,logt_retrain_union_r16,True,0.12883164174854755,0,4,,true_node_oracle,6
74.08313155174255,1,logt_retrain_union_r16,False,0.12883164174854755,1,4,79.09535452322739,centroid_router,6
77.5991439819336,3,logt_retrain_union_r16,False,0.12978289276361465,0,3,,raw,7
76.3129711151123,3,logt_retrain_union_r16,False,0.12978289276361465,0,3,,cosine,7
70.63236832618713,3,logt_retrain_union_r16,False,0.12978289276361465,0,3,,affine_calibrated,7
87.88853287696838,1,logt_retrain_union_r16,True,0.12978289276361465,0,3,,true_node_oracle,7
76.74169540405273,1,logt_retrain_union_r16,False,0.12978289276361465,1,3,84.2443729903537,centroid_router,7
77.39211916923523,4,logt_retrain_union_r16,False,0.1281038261950016,0,4,,raw,8
75.89118480682373,4,logt_retrain_union_r16,False,0.1281038261950016,0,4,,cosine,8
71.38836979866028,4,logt_retrain_union_r16,False,0.1281038261950016,0,4,,affine_calibrated,8
89.02438879013062,1,logt_retrain_union_r16,True,0.1281038261950016,0,4,,true_node_oracle,8
75.79737305641174,1,logt_retrain_union_r16,False,0.1281038261950016,1,4,82.17636022514071,centroid_router,8
76.2499988079071,4,logt_retrain_union_r16,False,0.11687497980892658,0,4,,raw,9
75.91666579246521,4,logt_retrain_union_r16,False,0.11687497980892658,0,4,,cosine,9
70.6666648387909,4,logt_retrain_union_r16,False,0.11687497980892658,0,4,,affine_calibrated,9
88.66666555404663,1,logt_retrain_union_r16,True,0.11687497980892658,0,4,,true_node_oracle,9
74.58333373069763,1,logt_retrain_union_r16,False,0.11687497980892658,1,4,80.58333333333333,centroid_router,9
73.69207739830017,5,logt_retrain_union_r16,False,0.13893136009573936,0,5,,raw,10
72.72047996520996,5,logt_retrain_union_r16,False,0.13893136009573936,0,5,,cosine,10
68.53512525558472,5,logt_retrain_union_r16,False,0.13893136009573936,0,5,,affine_calibrated,10
89.16292786598206,1,logt_retrain_union_r16,True,0.13893136009573936,0,5,,true_node_oracle,10
71.22570872306824,1,logt_retrain_union_r16,False,0.13893136009573936,1,5,76.23318385650224,centroid_router,10
73.85257482528687,4,logt_retrain_union_r16,False,0.1217515654861927,0,4,,raw,11
71.90542221069336,4,logt_retrain_union_r16,False,0.1217515654861927,0,4,,cosine,11
71.00139260292053,4,logt_retrain_union_r16,False,0.1217515654861927,0,4,,affine_calibrated,11
85.88317036628723,1,logt_retrain_union_r16,True,0.1217515654861927,0,4,,true_node_oracle,11
72.04450368881226,1,logt_retrain_union_r16,False,0.1217515654861927,1,4,78.09457579972184,centroid_router,11
71.81467413902283,5,logt_retrain_union_r16,False,0.13756870478391647,0,5,,raw,12
69.88416910171509,5,logt_retrain_union_r16,False,0.13756870478391647,0,5,,cosine,12
68.27541589736938,5,logt_retrain_union_r16,False,0.13756870478391647,0,5,,affine_calibrated,12
86.35778427124023,1,logt_retrain_union_r16,True,0.13756870478391647,0,5,,true_node_oracle,12
70.46331763267517,1,logt_retrain_union_r16,False,0.13756870478391647,1,5,75.74002574002574,centroid_router,12
72.99226522445679,5,logt_retrain_union_r16,False,0.14063390344381332,0,5,,raw,13
72.09994196891785,5,logt_retrain_union_r16,False,0.14063390344381332,0,5,,cosine,13
70.79119682312012,5,logt_retrain_union_r16,False,0.14063390344381332,0,5,,affine_calibrated,13
86.73408627510071,1,logt_retrain_union_r16,True,0.14063390344381332,0,5,,true_node_oracle,13
70.25579810142517,1,logt_retrain_union_r16,False,0.14063390344381332,1,5,75.2528256989887,centroid_router,13
70.98731398582458,6,logt_retrain_union_r16,False,0.15975053794682026,0,6,,raw,14
69.88416910171509,6,logt_retrain_union_r16,False,0.15975053794682026,0,6,,cosine,14
68.89134049415588,6,logt_retrain_union_r16,False,0.15975053794682026,0,6,,affine_calibrated,14
87.14837431907654,1,logt_retrain_union_r16,True,0.15975053794682026,0,6,,true_node_oracle,14
68.72586607933044,1,logt_retrain_union_r16,False,0.15975053794682026,1,6,73.35907335907336,centroid_router,14
71.59149646759033,4,logt_retrain_union_r16,False,0.12703902646899223,0,4,,raw,15
69.72524523735046,4,logt_retrain_union_r16,False,0.12703902646899223,0,4,,cosine,15
69.20684576034546,4,logt_retrain_union_r16,False,0.12703902646899223,0,4,,affine_calibrated,15
82.94453024864197,1,logt_retrain_union_r16,True,0.12703902646899223,0,4,,true_node_oracle,15
69.41420435905457,1,logt_retrain_union_r16,False,0.12703902646899223,1,4,78.90098496630378,centroid_router,15
68.28321814537048,5,logt_retrain_union_r16,False,0.14430159702897072,0,5,,raw,16
67.60426759719849,5,logt_retrain_union_r16,False,0.14430159702897072,0,5,,cosine,16
66.29486083984375,5,logt_retrain_union_r16,False,0.14430159702897072,0,5,,affine_calibrated,16
83.31716656684875,1,logt_retrain_union_r16,True,0.14430159702897072,0,5,,true_node_oracle,16
67.84675121307373,1,logt_retrain_union_r16,False,0.14430159702897072,1,5,76.09117361784675,centroid_router,16
69.78976130485535,5,logt_retrain_union_r16,False,0.1519155241549015,0,5,,raw,17
68.28153729438782,5,logt_retrain_union_r16,False,0.1519155241549015,0,5,,cosine,17
65.76782464981079,5,logt_retrain_union_r16,False,0.1519155241549015,0,5,,affine_calibrated,17
83.36380124092102,1,logt_retrain_union_r16,True,0.1519155241549015,0,5,,true_node_oracle,17
66.86471700668335,1,logt_retrain_union_r16,False,0.1519155241549015,1,5,74.49725776965265,centroid_router,17
69.13687586784363,6,logt_retrain_union_r16,False,0.17010105401277542,0,6,,raw,18
66.91368818283081,6,logt_retrain_union_r16,False,0.17010105401277542,0,6,,cosine,18
65.43155908584595,6,logt_retrain_union_r16,False,0.17010105401277542,0,6,,affine_calibrated,18
84.00174379348755,1,logt_retrain_union_r16,True,0.17010105401277542,0,6,,true_node_oracle,18
66.65213704109192,1,logt_retrain_union_r16,False,0.17010105401277542,1,6,73.88840453356582,centroid_router,18
70.4119861125946,5,logt_retrain_union_r16,False,0.1573547013103962,0,5,,raw,19
69.66292262077332,5,logt_retrain_union_r16,False,0.1573547013103962,0,5,,cosine,19
66.37536287307739,5,logt_retrain_union_r16,False,0.1573547013103962,0,5,,affine_calibrated,19
82.77153372764587,1,logt_retrain_union_r16,True,0.1573547013103962,0,5,,true_node_oracle,19
66.20890498161316,1,logt_retrain_union_r16,False,0.1573547013103962,1,5,73.86600083229297,centroid_router,19
69.56868767738342,6,logt_retrain_union_r16,False,0.19125929474830627,0,6,,raw,20
66.9329047203064,6,logt_retrain_union_r16,False,0.19125929474830627,0,6,,cosine,20
65.41533470153809,6,logt_retrain_union_r16,False,0.19125929474830627,0,6,,affine_calibrated,20
83.18690061569214,1,logt_retrain_union_r16,True,0.19125929474830627,0,6,,true_node_oracle,20
65.17571806907654,1,logt_retrain_union_r16,False,0.19125929474830627,1,6,72.20447284345047,centroid_router,20
68.58006119728088,6,logt_retrain_union_r16,False,0.1723923273384571,0,6,,raw,21
67.67371892929077,6,logt_retrain_union_r16,False,0.1723923273384571,0,6,,cosine,21
64.35045599937439,6,logt_retrain_union_r16,False,0.1723923273384571,0,6,,affine_calibrated,21
83.2703948020935,1,logt_retrain_union_r16,True,0.1723923273384571,0,6,,true_node_oracle,21
64.72809910774231,1,logt_retrain_union_r16,False,0.1723923273384571,1,6,71.29909365558912,centroid_router,21
68.09971332550049,7,logt_retrain_union_r16,False,0.18974566273391247,0,7,,raw,22
66.40173196792603,7,logt_retrain_union_r16,False,0.18974566273391247,0,7,,cosine,22
63.87283205986023,7,logt_retrain_union_r16,False,0.18974566273391247,0,7,,affine_calibrated,22
83.92341136932373,1,logt_retrain_union_r16,True,0.18974566273391247,0,7,,true_node_oracle,22
64.16184902191162,1,logt_retrain_union_r16,False,0.18974566273391247,1,7,70.33959537572254,centroid_router,22
69.4280743598938,5,logt_retrain_union_r16,False,0.15287417732179165,0,5,,raw,23
67.69497394561768,5,logt_retrain_union_r16,False,0.15287417732179165,0,5,,cosine,23
65.47660231590271,5,logt_retrain_union_r16,False,0.15287417732179165,0,5,,affine_calibrated,23
82.39167928695679,1,logt_retrain_union_r16,True,0.15287417732179165,0,5,,true_node_oracle,23
64.57539200782776,1,logt_retrain_union_r16,False,0.15287417732179165,1,5,71.99306759098786,centroid_router,23
68.02423596382141,6,logt_retrain_union_r16,False,0.178808756172657,0,6,,raw,24
65.2978777885437,6,logt_retrain_union_r16,False,0.178808756172657,0,6,,cosine,24
63.74958157539368,6,logt_retrain_union_r16,False,0.178808756172657,0,6,,affine_calibrated,24
82.73308873176575,1,logt_retrain_union_r16,True,0.178808756172657,0,6,,true_node_oracle,24
64.08616900444031,1,logt_retrain_union_r16,False,0.178808756172657,1,6,71.15449343655335,centroid_router,24
67.42424368858337,6,logt_retrain_union_r16,False,0.18159855157136917,0,6,,raw,25
65.11857509613037,6,logt_retrain_union_r16,False,0.18159855157136917,0,6,,cosine,25
63.6693000793457,6,logt_retrain_union_r16,False,0.18159855157136917,0,6,,affine_calibrated,25
82.37813115119934,1,logt_retrain_union_r16,True,0.18159855157136917,0,6,,true_node_oracle,25
63.735175132751465,1,logt_retrain_union_r16,False,0.18159855157136917,1,6,70.78392621870883,centroid_router,25
66.35010838508606,7,logt_retrain_union_r16,False,0.19903059676289558,0,7,,raw,26
63.78600597381592,7,logt_retrain_union_r16,False,0.19903059676289558,0,7,,cosine,26
62.899649143218994,7,logt_retrain_union_r16,False,0.19903059676289558,0,7,,affine_calibrated,26
82.74770379066467,1,logt_retrain_union_r16,True,0.19903059676289558,0,7,,true_node_oracle,26
63.057929277420044,1,logt_retrain_union_r16,False,0.19903059676289558,1,7,69.61063627730294,centroid_router,26
64.36430215835571,6,logt_retrain_union_r16,False,0.2138362154364586,0,6,,raw,27
64.33374285697937,6,logt_retrain_union_r16,False,0.2138362154364586,0,6,,cosine,27
63.72249126434326,6,logt_retrain_union_r16,False,0.2138362154364586,0,6,,affine_calibrated,27
82.09046721458435,1,logt_retrain_union_r16,True,0.2138362154364586,0,6,,true_node_oracle,27
62.56112456321716,1,logt_retrain_union_r16,False,0.2138362154364586,1,6,69.04034229828851,centroid_router,27
63.10017704963684,7,logt_retrain_union_r16,False,0.23846698552370071,0,7,,raw,28
62.24066615104675,7,logt_retrain_union_r16,False,0.23846698552370071,0,7,,cosine,28
63.248372077941895,7,logt_retrain_union_r16,False,0.23846698552370071,0,7,,affine_calibrated,28
82.54297375679016,1,logt_retrain_union_r16,True,0.23846698552370071,0,7,,true_node_oracle,28
62.38885521888733,1,logt_retrain_union_r16,False,0.23846698552370071,1,7,68.61292234736219,centroid_router,28
65.45298099517822,7,logt_retrain_union_r16,False,0.24465281888842583,0,7,,raw,29
64.16284441947937,7,logt_retrain_union_r16,False,0.24465281888842583,0,7,,cosine,29
63.47476840019226,7,logt_retrain_union_r16,False,0.24465281888842583,0,7,,affine_calibrated,29
82.59747624397278,1,logt_retrain_union_r16,True,0.24465281888842583,0,7,,true_node_oracle,29
61.15252375602722,1,logt_retrain_union_r16,False,0.24465281888842583,1,7,67.14449541284404,centroid_router,29
64.77579474449158,8,logt_retrain_union_r16,False,0.27053067088127136,0,8,,raw,30
62.776875495910645,8,logt_retrain_union_r16,False,0.27053067088127136,0,8,,cosine,30
62.58779168128967,8,logt_retrain_union_r16,False,0.27053067088127136,0,8,,affine_calibrated,30
83.22528600692749,1,logt_retrain_union_r16,True,0.27053067088127136,0,8,,true_node_oracle,30
60.4267954826355,1,logt_retrain_union_r16,False,0.27053067088127136,1,8,65.99135602377093,centroid_router,30
67.76729822158813,5,logt_retrain_union_r16,False,0.19269805401563644,0,5,,raw,31
66.06394052505493,5,logt_retrain_union_r16,False,0.19269805401563644,0,5,,cosine,31
67.03354120254517,5,logt_retrain_union_r16,False,0.19269805401563644,0,5,,affine_calibrated,31
79.76939082145691,1,logt_retrain_union_r16,True,0.19269805401563644,0,5,,true_node_oracle,31
63.70545029640198,1,logt_retrain_union_r16,False,0.19269805401563644,1,5,74.34486373165619,centroid_router,31
66.87930822372437,6,logt_retrain_union_r16,False,0.2053421474993229,0,6,,raw,32
65.06761908531189,6,logt_retrain_union_r16,False,0.2053421474993229,0,6,,cosine,32
65.55243730545044,6,logt_retrain_union_r16,False,0.2053421474993229,0,6,,affine_calibrated,32
80.0969660282135,1,logt_retrain_union_r16,True,0.2053421474993229,0,6,,true_node_oracle,32
63.17937970161438,1,logt_retrain_union_r16,False,0.2053421474993229,1,6,73.30951773411584,centroid_router,32
66.97270274162292,6,logt_retrain_union_r16,False,0.22016236744821072,0,6,,raw,33
64.91315364837646,6,logt_retrain_union_r16,False,0.22016236744821072,0,6,,cosine,33
65.63275456428528,6,logt_retrain_union_r16,False,0.22016236744821072,0,6,,affine_calibrated,33
80.47146201133728,1,logt_retrain_union_r16,True,0.22016236744821072,0,6,,true_node_oracle,33
63.30024600028992,1,logt_retrain_union_r16,False,0.22016236744821072,1,6,73.17617866004963,centroid_router,33
66.170734167099,7,logt_retrain_union_r16,False,0.2576107997447252,0,7,,raw,34
63.78048658370972,7,logt_retrain_union_r16,False,0.2576107997447252,0,7,,cosine,34
64.46341276168823,7,logt_retrain_union_r16,False,0.2576107997447252,0,7,,affine_calibrated,34
80.7073175907135,1,logt_retrain_union_r16,True,0.2576107997447252,0,7,,true_node_oracle,34
63.26829195022583,1,logt_retrain_union_r16,False,0.2576107997447252,1,7,72.92682926829268,centroid_router,34
66.37585759162903,6,logt_retrain_union_r16,False,0.21234842389822006,0,6,,raw,35
64.15939927101135,6,logt_retrain_union_r16,False,0.21234842389822006,0,6,,cosine,35
64.96109366416931,6,logt_retrain_union_r16,False,0.21234842389822006,0,6,,affine_calibrated,35
80.40556311607361,1,logt_retrain_union_r16,True,0.21234842389822006,0,6,,true_node_oracle,35
62.55599856376648,1,logt_retrain_union_r16,False,0.21234842389822006,1,6,72.15279415232257,centroid_router,35
65.59727191925049,7,logt_retrain_union_r16,False,0.23961595259606838,0,7,,raw,36
62.79863715171814,7,logt_retrain_union_r16,False,0.23961595259606838,0,7,,cosine,36
63.77701759338379,7,logt_retrain_union_r16,False,0.23961595259606838,0,7,,affine_calibrated,36
80.95563054084778,1,logt_retrain_union_r16,True,0.23961595259606838,0,7,,true_node_oracle,36
62.63936161994934,1,logt_retrain_union_r16,False,0.23961595259606838,1,7,71.8316268486917,centroid_router,36
65.13620615005493,7,logt_retrain_union_r16,False,0.2526907045394182,0,7,,raw,37
62.807559967041016,7,logt_retrain_union_r16,False,0.2526907045394182,0,7,,cosine,37
63.027238845825195,7,logt_retrain_union_r16,False,0.2526907045394182,0,7,,affine_calibrated,37
81.28295540809631,1,logt_retrain_union_r16,True,0.2526907045394182,0,7,,true_node_oracle,37
61.51142120361328,1,logt_retrain_union_r16,False,0.2526907045394182,1,7,69.90333919156414,centroid_router,37
64.77103233337402,8,logt_retrain_union_r16,False,0.2676887270063162,0,8,,raw,38
61.78913712501526,8,logt_retrain_union_r16,False,0.2676887270063162,0,8,,cosine,38
62.066030502319336,8,logt_retrain_union_r16,False,0.2676887270063162,0,8,,affine_calibrated,38
81.83173537254333,1,logt_retrain_union_r16,True,0.2676887270063162,0,8,,true_node_oracle,38
61.23535633087158,1,logt_retrain_union_r16,False,0.2676887270063162,1,8,69.22257720979766,centroid_router,38
66.33395552635193,6,logt_retrain_union_r16,False,0.24358961917459965,0,6,,raw,39
65.06550312042236,6,logt_retrain_union_r16,False,0.24358961917459965,0,6,,cosine,39
64.15055394172668,6,logt_retrain_union_r16,False,0.24358961917459965,0,6,,affine_calibrated,39
80.76522946357727,1,logt_retrain_union_r16,True,0.24358961917459965,0,6,,true_node_oracle,39
61.48887276649475,1,logt_retrain_union_r16,False,0.24358961917459965,1,6,69.47390309835724,centroid_router,39
65.77723622322083,7,logt_retrain_union_r16,False,0.2574183326214552,0,7,,raw,40
64.60481286048889,7,logt_retrain_union_r16,False,0.2574183326214552,0,7,,cosine,40
63.69516849517822,7,logt_retrain_union_r16,False,0.2574183326214552,0,7,,affine_calibrated,40
81.16030097007751,1,logt_retrain_union_r16,True,0.2574183326214552,0,7,,true_node_oracle,40
61.14817261695862,1,logt_retrain_union_r16,False,0.2574183326214552,1,7,68.62745098039215,centroid_router,40
65.42521119117737,7,logt_retrain_union_r16,False,0.25603764317929745,0,7,,raw,41
64.25014734268188,7,logt_retrain_union_r16,False,0.25603764317929745,0,7,,cosine,41
62.796252965927124,7,logt_retrain_union_r16,False,0.25603764317929745,0,7,,affine_calibrated,41
81.09938502311707,1,logt_retrain_union_r16,True,0.25603764317929745,0,7,,true_node_oracle,41
60.64528822898865,1,logt_retrain_union_r16,False,0.25603764317929745,1,7,68.01433977295359,centroid_router,41
64.32034373283386,8,logt_retrain_union_r16,False,0.2978362087160349,0,8,,raw,42
63.00174593925476,8,logt_retrain_union_r16,False,0.2978362087160349,0,8,,cosine,42
61.974018812179565,8,logt_retrain_union_r16,False,0.2978362087160349,0,8,,affine_calibrated,42
81.2681794166565,1,logt_retrain_union_r16,True,0.2978362087160349,0,8,,true_node_oracle,42
59.72464680671692,1,logt_retrain_union_r16,False,0.2978362087160349,1,8,66.76362226100446,centroid_router,42
64.89624977111816,7,logt_retrain_union_r16,False,0.2631182987242937,0,7,,raw,43
62.668949365615845,7,logt_retrain_union_r16,False,0.2631182987242937,0,7,,cosine,43
63.44946026802063,7,logt_retrain_union_r16,False,0.2631182987242937,0,7,,affine_calibrated,43
80.79192638397217,1,logt_retrain_union_r16,True,0.2631182987242937,0,7,,true_node_oracle,43
59.451740980148315,1,logt_retrain_union_r16,False,0.2631182987242937,1,7,66.41918903483723,centroid_router,43
64.36349749565125,8,logt_retrain_union_r16,False,0.2958136051893234,0,8,,raw,44
61.2091600894928,8,logt_retrain_union_r16,False,0.2958136051893234,0,8,,cosine,44
62.97408938407898,8,logt_retrain_union_r16,False,0.2958136051893234,0,8,,affine_calibrated,44
80.86744546890259,1,logt_retrain_union_r16,True,0.2958136051893234,0,8,,true_node_oracle,44
59.29402709007263,1,logt_retrain_union_r16,False,0.2958136051893234,1,8,66.16597822005257,centroid_router,44
64.42644000053406,8,logt_retrain_union_r16,False,0.3542858324944973,0,8,,raw,45
62.23531365394592,8,logt_retrain_union_r16,False,0.3542858324944973,0,8,,cosine,45
62.5851571559906,8,logt_retrain_union_r16,False,0.3542858324944973,0,8,,affine_calibrated,45
81.03479743003845,1,logt_retrain_union_r16,True,0.3542858324944973,0,8,,true_node_oracle,45
59.41815376281738,1,logt_retrain_union_r16,False,0.3542858324944973,1,8,66.12041981218928,centroid_router,45
63.17020654678345,9,logt_retrain_union_r16,False,0.36540256813168526,0,9,,raw,46
60.56135296821594,9,logt_retrain_union_r16,False,0.36540256813168526,0,9,,cosine,46
61.065131425857544,9,logt_retrain_union_r16,False,0.36540256813168526,0,9,,affine_calibrated,46
81.21626377105713,1,logt_retrain_union_r16,True,0.36540256813168526,0,9,,true_node_oracle,46
58.61820578575134,1,logt_retrain_union_r16,False,0.36540256813168526,1,9,65.02338970852824,centroid_router,46
62.2112512588501,6,logt_retrain_union_r16,False,0.24193098954856396,0,6,,raw,47
62.15835213661194,6,logt_retrain_union_r16,False,0.24193098954856396,0,6,,cosine,47
61.18850111961365,6,logt_retrain_union_r16,False,0.24193098954856396,0,6,,affine_calibrated,47
78.68101000785828,1,logt_retrain_union_r16,True,0.24193098954856396,0,6,,true_node_oracle,47
59.107738733291626,1,logt_retrain_union_r16,False,0.24193098954856396,1,6,67.64239111267854,centroid_router,47
61.52782440185547,7,logt_retrain_union_r16,False,0.27235174365341663,0,7,,raw,48
61.02661490440369,7,logt_retrain_union_r16,False,0.27235174365341663,0,7,,cosine,48
59.10819172859192,7,logt_retrain_union_r16,False,0.27235174365341663,0,7,,affine_calibrated,48
79.0010392665863,1,logt_retrain_union_r16,True,0.27235174365341663,0,7,,true_node_oracle,48
58.762532472610474,1,logt_retrain_union_r16,False,0.27235174365341663,1,7,67.09298306256481,centroid_router,48
63.25976252555847,7,logt_retrain_union_r16,False,0.30120660550892353,0,7,,raw,49
62.1052622795105,7,logt_retrain_union_r16,False,0.30120660550892353,0,7,,cosine,49
59.72835421562195,7,logt_retrain_union_r16,False,0.30120660550892353,0,7,,affine_calibrated,49
79.06621098518372,1,logt_retrain_union_r16,True,0.30120660550892353,0,7,,true_node_oracle,49
58.590829372406006,1,logt_retrain_union_r16,False,0.30120660550892353,1,7,66.7402376910017,centroid_router,49
63.15000057220459,8,logt_retrain_union_r16,False,0.32668589800596237,0,8,,raw,50
60.9000027179718,8,logt_retrain_union_r16,False,0.32668589800596237,0,8,,cosine,50
59.53333377838135,8,logt_retrain_union_r16,False,0.32668589800596237,0,8,,affine_calibrated,50
79.3500006198883,1,logt_retrain_union_r16,True,0.32668589800596237,0,8,,true_node_oracle,50
58.73333215713501,1,logt_retrain_union_r16,False,0.32668589800596237,1,8,66.71666666666667,centroid_router,50
95.76271176338196,1,logt_svd_r16_repair000,False,0.07291377894580364,0,1,,raw,1
95.76271176338196,1,logt_svd_r16_repair000,False,0.07291377894580364,0,1,,cosine,1
95.76271176338196,1,logt_svd_r16_repair000,False,0.07291377894580364,0,1,,affine_calibrated,1
95.76271176338196,1,logt_svd_r16_repair000,True,0.07291377894580364,0,1,,true_node_oracle,1
95.76271176338196,1,logt_svd_r16_repair000,False,0.07291377894580364,1,1,100.0,centroid_router,1
77.4193525314331,2,logt_svd_r16_repair000,False,0.0875449851155281,0,2,,raw,2
77.82257795333862,2,logt_svd_r16_repair000,False,0.0875449851155281,0,2,,cosine,2
79.83871102333069,2,logt_svd_r16_repair000,False,0.0875449851155281,0,2,,affine_calibrated,2
93.14516186714172,1,logt_svd_r16_repair000,True,0.0875449851155281,0,2,,true_node_oracle,2
86.29032373428345,1,logt_svd_r16_repair000,False,0.0875449851155281,1,2,91.93548387096774,centroid_router,2
70.0507640838623,2,logt_svd_r16_repair000,False,0.089930459856987,0,2,,raw,3
71.57360315322876,2,logt_svd_r16_repair000,False,0.089930459856987,0,2,,cosine,3
73.85786771774292,2,logt_svd_r16_repair000,False,0.089930459856987,0,2,,affine_calibrated,3
81.21827244758606,1,logt_svd_r16_repair000,True,0.089930459856987,0,2,,true_node_oracle,3
72.33502268791199,1,logt_svd_r16_repair000,False,0.089930459856987,1,2,86.80203045685279,centroid_router,3
67.8947389125824,3,logt_svd_r16_repair000,False,0.1114671640098095,0,3,,raw,4
70.17543911933899,3,logt_svd_r16_repair000,False,0.1114671640098095,0,3,,cosine,4
74.56140518188477,3,logt_svd_r16_repair000,False,0.1114671640098095,0,3,,affine_calibrated,4
84.38596725463867,1,logt_svd_r16_repair000,True,0.1114671640098095,0,3,,true_node_oracle,4
74.03509020805359,1,logt_svd_r16_repair000,False,0.1114671640098095,1,3,83.6842105263158,centroid_router,4
64.46991562843323,3,logt_svd_r16_repair000,False,0.12155409716069698,0,3,,raw,5
67.19197630882263,3,logt_svd_r16_repair000,False,0.12155409716069698,0,3,,cosine,5
67.47850775718689,3,logt_svd_r16_repair000,False,0.12155409716069698,0,3,,affine_calibrated,5
82.9512894153595,1,logt_svd_r16_repair000,True,0.12155409716069698,0,3,,true_node_oracle,5
71.77650332450867,1,logt_svd_r16_repair000,False,0.12155409716069698,1,3,82.378223495702,centroid_router,5
64.0586793422699,4,logt_svd_r16_repair000,False,0.11994946375489235,0,4,,raw,6
66.87041521072388,4,logt_svd_r16_repair000,False,0.11994946375489235,0,4,,cosine,6
66.25916957855225,4,logt_svd_r16_repair000,False,0.11994946375489235,0,4,,affine_calibrated,6
84.10757780075073,1,logt_svd_r16_repair000,True,0.11994946375489235,0,4,,true_node_oracle,6
70.29339671134949,1,logt_svd_r16_repair000,False,0.11994946375489235,1,4,79.09535452322739,centroid_router,6
61.73633337020874,3,logt_svd_r16_repair000,False,0.11125405691564083,0,3,,raw,7
65.48767685890198,3,logt_svd_r16_repair000,False,0.11125405691564083,0,3,,cosine,7
55.84137439727783,3,logt_svd_r16_repair000,False,0.11125405691564083,0,3,,affine_calibrated,7
74.59806799888611,1,logt_svd_r16_repair000,True,0.11125405691564083,0,3,,true_node_oracle,7
65.70203900337219,1,logt_svd_r16_repair000,False,0.11125405691564083,1,3,84.2443729903537,centroid_router,7
62.19512224197388,4,logt_svd_r16_repair000,False,0.13084029965102673,0,4,,raw,8
66.97936058044434,4,logt_svd_r16_repair000,False,0.13084029965102673,0,4,,cosine,8
56.66041374206543,4,logt_svd_r16_repair000,False,0.13084029965102673,0,4,,affine_calibrated,8
77.39211916923523,1,logt_svd_r16_repair000,True,0.13084029965102673,0,4,,true_node_oracle,8
66.13508462905884,1,logt_svd_r16_repair000,False,0.13084029965102673,1,4,82.17636022514071,centroid_router,8
61.666667461395264,4,logt_svd_r16_repair000,False,0.1419496387243271,0,4,,raw,9
66.00000262260437,4,logt_svd_r16_repair000,False,0.1419496387243271,0,4,,cosine,9
56.583333015441895,4,logt_svd_r16_repair000,False,0.1419496387243271,0,4,,affine_calibrated,9
77.08333134651184,1,logt_svd_r16_repair000,True,0.1419496387243271,0,4,,true_node_oracle,9
65.41666388511658,1,logt_svd_r16_repair000,False,0.1419496387243271,1,4,80.58333333333333,centroid_router,9
58.74439477920532,5,logt_svd_r16_repair000,False,0.1626788843423128,0,5,,raw,10
63.527655601501465,5,logt_svd_r16_repair000,False,0.1626788843423128,0,5,,cosine,10
56.128549575805664,5,logt_svd_r16_repair000,False,0.1626788843423128,0,5,,affine_calibrated,10
78.77429127693176,1,logt_svd_r16_repair000,True,0.1626788843423128,0,5,,true_node_oracle,10
63.67713212966919,1,logt_svd_r16_repair000,False,0.1626788843423128,1,5,76.23318385650224,centroid_router,10
58.762168884277344,4,logt_svd_r16_repair000,False,0.14433075301349163,0,4,,raw,11
63.49095702171326,4,logt_svd_r16_repair000,False,0.14433075301349163,0,4,,cosine,11
58.20584297180176,4,logt_svd_r16_repair000,False,0.14433075301349163,0,4,,affine_calibrated,11
73.78303408622742,1,logt_svd_r16_repair000,True,0.14433075301349163,0,4,,true_node_oracle,11
63.212794065475464,1,logt_svd_r16_repair000,False,0.14433075301349163,1,4,78.09457579972184,centroid_router,11
56.75675868988037,5,logt_svd_r16_repair000,False,0.15991054475307465,0,5,,raw,12
62.3552143573761,5,logt_svd_r16_repair000,False,0.15991054475307465,0,5,,cosine,12
56.82110786437988,5,logt_svd_r16_repair000,False,0.15991054475307465,0,5,,affine_calibrated,12
75.16087293624878,1,logt_svd_r16_repair000,True,0.15991054475307465,0,5,,true_node_oracle,12
62.612611055374146,1,logt_svd_r16_repair000,False,0.15991054475307465,1,5,75.74002574002574,centroid_router,12
57.108861207962036,5,logt_svd_r16_repair000,False,0.17706332355737686,0,5,,raw,13
62.641286849975586,5,logt_svd_r16_repair000,False,0.17706332355737686,0,5,,cosine,13
58.47709774971008,5,logt_svd_r16_repair000,False,0.17706332355737686,0,5,,affine_calibrated,13
76.20463967323303,1,logt_svd_r16_repair000,True,0.17706332355737686,0,5,,true_node_oracle,13
63.176679611206055,1,logt_svd_r16_repair000,False,0.17706332355737686,1,5,75.2528256989887,centroid_router,13
55.37782907485962,6,logt_svd_r16_repair000,False,0.21879401430487633,0,6,,raw,14
60.34197211265564,6,logt_svd_r16_repair000,False,0.21879401430487633,0,6,,cosine,14
56.09487295150757,6,logt_svd_r16_repair000,False,0.21879401430487633,0,6,,affine_calibrated,14
77.38555073738098,1,logt_svd_r16_repair000,True,0.21879401430487633,0,6,,true_node_oracle,14
62.327635288238525,1,logt_svd_r16_repair000,False,0.21879401430487633,1,6,73.35907335907336,centroid_router,14
54.432350397109985,4,logt_svd_r16_repair000,False,0.16661981865763664,0,4,,raw,15
59.35717821121216,4,logt_svd_r16_repair000,False,0.16661981865763664,0,4,,cosine,15
53.862106800079346,4,logt_svd_r16_repair000,False,0.16661981865763664,0,4,,affine_calibrated,15
70.55469155311584,1,logt_svd_r16_repair000,True,0.16661981865763664,0,4,,true_node_oracle,15
59.6163809299469,1,logt_svd_r16_repair000,False,0.16661981865763664,1,4,78.90098496630378,centroid_router,15
54.17070984840393,5,logt_svd_r16_repair000,False,0.1939510852098465,0,5,,raw,16
58.68089199066162,5,logt_svd_r16_repair000,False,0.1939510852098465,0,5,,cosine,16
51.11542344093323,5,logt_svd_r16_repair000,False,0.1939510852098465,0,5,,affine_calibrated,16
71.72647714614868,1,logt_svd_r16_repair000,True,0.1939510852098465,0,5,,true_node_oracle,16
58.72938632965088,1,logt_svd_r16_repair000,False,0.1939510852098465,1,5,76.09117361784675,centroid_router,16
53.382086753845215,5,logt_svd_r16_repair000,False,0.2028304897248745,0,5,,raw,17
58.27239751815796,5,logt_svd_r16_repair000,False,0.2028304897248745,0,5,,cosine,17
50.45703649520874,5,logt_svd_r16_repair000,False,0.2028304897248745,0,5,,affine_calibrated,17
72.12066054344177,1,logt_svd_r16_repair000,True,0.2028304897248745,0,5,,true_node_oracle,17
58.31809639930725,1,logt_svd_r16_repair000,False,0.2028304897248745,1,5,74.49725776965265,centroid_router,17
53.400176763534546,6,logt_svd_r16_repair000,False,0.22897056676447392,0,6,,raw,18
58.32606554031372,6,logt_svd_r16_repair000,False,0.22897056676447392,0,6,,cosine,18
50.26155114173889,6,logt_svd_r16_repair000,False,0.22897056676447392,0,6,,affine_calibrated,18
73.2781171798706,1,logt_svd_r16_repair000,True,0.22897056676447392,0,6,,true_node_oracle,18
58.674806356430054,1,logt_svd_r16_repair000,False,0.22897056676447392,1,6,73.88840453356582,centroid_router,18
52.559298276901245,5,logt_svd_r16_repair000,False,0.2026853822171688,0,5,,raw,19
57.71951675415039,5,logt_svd_r16_repair000,False,0.2026853822171688,0,5,,cosine,19
50.93632936477661,5,logt_svd_r16_repair000,False,0.2026853822171688,0,5,,affine_calibrated,19
70.9113597869873,1,logt_svd_r16_repair000,True,0.2026853822171688,0,5,,true_node_oracle,19
58.13566446304321,1,logt_svd_r16_repair000,False,0.2026853822171688,1,5,73.86600083229297,centroid_router,19
52.03673839569092,6,logt_svd_r16_repair000,False,0.22623715549707413,0,6,,raw,20
57.02875256538391,6,logt_svd_r16_repair000,False,0.22623715549707413,0,6,,cosine,20
50.0,6,logt_svd_r16_repair000,False,0.22623715549707413,0,6,,affine_calibrated,20
71.80511355400085,1,logt_svd_r16_repair000,True,0.22623715549707413,0,6,,true_node_oracle,20
57.58786201477051,1,logt_svd_r16_repair000,False,0.22623715549707413,1,6,72.20447284345047,centroid_router,20
51.62386894226074,6,logt_svd_r16_repair000,False,0.23214935883879662,0,6,,raw,21
56.72205686569214,6,logt_svd_r16_repair000,False,0.23214935883879662,0,6,,cosine,21
50.490933656692505,6,logt_svd_r16_repair000,False,0.23214935883879662,0,6,,affine_calibrated,21
72.28096723556519,1,logt_svd_r16_repair000,True,0.23214935883879662,0,6,,true_node_oracle,21
57.515108585357666,1,logt_svd_r16_repair000,False,0.23214935883879662,1,6,71.29909365558912,centroid_router,21
51.55346989631653,7,logt_svd_r16_repair000,False,0.2569549158215523,0,7,,raw,22
56.647396087646484,7,logt_svd_r16_repair000,False,0.2569549158215523,0,7,,cosine,22
50.10837912559509,7,logt_svd_r16_repair000,False,0.2569549158215523,0,7,,affine_calibrated,22
73.41040372848511,1,logt_svd_r16_repair000,True,0.2569549158215523,0,7,,true_node_oracle,22
57.297688722610474,1,logt_svd_r16_repair000,False,0.2569549158215523,1,7,70.33959537572254,centroid_router,22
51.02252960205078,5,logt_svd_r16_repair000,False,0.19113047048449516,0,5,,raw,23
55.84055185317993,5,logt_svd_r16_repair000,False,0.19113047048449516,0,5,,cosine,23
50.22530555725098,5,logt_svd_r16_repair000,False,0.19113047048449516,0,5,,affine_calibrated,23
69.2201018333435,1,logt_svd_r16_repair000,True,0.19113047048449516,0,5,,true_node_oracle,23
55.90987801551819,1,logt_svd_r16_repair000,False,0.19113047048449516,1,5,71.99306759098786,centroid_router,23
50.690001249313354,6,logt_svd_r16_repair000,False,0.21599637530744076,0,6,,raw,24
55.33490180969238,6,logt_svd_r16_repair000,False,0.21599637530744076,0,6,,cosine,24
48.8051176071167,6,logt_svd_r16_repair000,False,0.21599637530744076,0,6,,affine_calibrated,24
69.94277834892273,1,logt_svd_r16_repair000,True,0.21599637530744076,0,6,,true_node_oracle,24
55.671489238739014,1,logt_svd_r16_repair000,False,0.21599637530744076,1,6,71.15449343655335,centroid_router,24
50.263506174087524,6,logt_svd_r16_repair000,False,0.20960373245179653,0,6,,raw,25
54.61133122444153,6,logt_svd_r16_repair000,False,0.20960373245179653,0,6,,cosine,25
48.45190942287445,6,logt_svd_r16_repair000,False,0.20960373245179653,0,6,,affine_calibrated,25
69.30171251296997,1,logt_svd_r16_repair000,True,0.20960373245179653,0,6,,true_node_oracle,25
55.30303120613098,1,logt_svd_r16_repair000,False,0.20960373245179653,1,6,70.78392621870883,centroid_router,25
50.142449140548706,7,logt_svd_r16_repair000,False,0.22071473859250546,0,7,,raw,26
54.447609186172485,7,logt_svd_r16_repair000,False,0.22071473859250546,0,7,,cosine,26
47.926560044288635,7,logt_svd_r16_repair000,False,0.22071473859250546,0,7,,affine_calibrated,26
70.18043398857117,1,logt_svd_r16_repair000,True,0.22071473859250546,0,7,,true_node_oracle,26
55.11237978935242,1,logt_svd_r16_repair000,False,0.22071473859250546,1,7,69.61063627730294,centroid_router,26
49.083128571510315,6,logt_svd_r16_repair000,False,0.197343111038208,0,6,,raw,27
53.82029414176941,6,logt_svd_r16_repair000,False,0.197343111038208,0,6,,cosine,27
48.74694347381592,6,logt_svd_r16_repair000,False,0.197343111038208,0,6,,affine_calibrated,27
69.49877738952637,1,logt_svd_r16_repair000,True,0.197343111038208,0,6,,true_node_oracle,27
54.98166084289551,1,logt_svd_r16_repair000,False,0.197343111038208,1,6,69.04034229828851,centroid_router,27
48.81446361541748,7,logt_svd_r16_repair000,False,0.23601530119776726,0,7,,raw,28
53.46769690513611,7,logt_svd_r16_repair000,False,0.23601530119776726,0,7,,cosine,28
48.755186796188354,7,logt_svd_r16_repair000,False,0.23601530119776726,0,7,,affine_calibrated,28
70.33194899559021,1,logt_svd_r16_repair000,True,0.23601530119776726,0,7,,true_node_oracle,28
55.18672466278076,1,logt_svd_r16_repair000,False,0.23601530119776726,1,7,68.61292234736219,centroid_router,28
48.050457239151,7,logt_svd_r16_repair000,False,0.2115772906690836,0,7,,raw,29
52.95298099517822,7,logt_svd_r16_repair000,False,0.2115772906690836,0,7,,cosine,29
47.96445071697235,7,logt_svd_r16_repair000,False,0.2115772906690836,0,7,,affine_calibrated,29
70.64220309257507,1,logt_svd_r16_repair000,True,0.2115772906690836,0,7,,true_node_oracle,29
54.50114607810974,1,logt_svd_r16_repair000,False,0.2115772906690836,1,7,67.14449541284404,centroid_router,29
47.64991998672485,8,logt_svd_r16_repair000,False,0.23301616869866848,0,8,,raw,30
52.40410566329956,8,logt_svd_r16_repair000,False,0.23301616869866848,0,8,,cosine,30
47.32576906681061,8,logt_svd_r16_repair000,False,0.23301616869866848,0,8,,affine_calibrated,30
71.96110486984253,1,logt_svd_r16_repair000,True,0.23301616869866848,0,8,,true_node_oracle,30
54.26796078681946,1,logt_svd_r16_repair000,False,0.23301616869866848,1,8,65.99135602377093,centroid_router,30
47.09119498729706,5,logt_svd_r16_repair000,False,0.16672568768262863,0,5,,raw,31
52.14884877204895,5,logt_svd_r16_repair000,False,0.16672568768262863,0,5,,cosine,31
44.837525486946106,5,logt_svd_r16_repair000,False,0.16672568768262863,0,5,,affine_calibrated,31
63.469600677490234,1,logt_svd_r16_repair000,True,0.16672568768262863,0,5,,true_node_oracle,31
52.33228802680969,1,logt_svd_r16_repair000,False,0.16672568768262863,1,5,74.34486373165619,centroid_router,31
46.67007029056549,6,logt_svd_r16_repair000,False,0.1908953171223402,0,6,,raw,32
51.747894287109375,6,logt_svd_r16_repair000,False,0.1908953171223402,0,6,,cosine,32
43.454962968826294,6,logt_svd_r16_repair000,False,0.1908953171223402,0,6,,affine_calibrated,32
64.22556638717651,1,logt_svd_r16_repair000,True,0.1908953171223402,0,6,,true_node_oracle,32
52.20719575881958,1,logt_svd_r16_repair000,False,0.1908953171223402,1,6,73.30951773411584,centroid_router,32
46.997517347335815,6,logt_svd_r16_repair000,False,0.2236371710896492,0,6,,raw,33
52.05955505371094,6,logt_svd_r16_repair000,False,0.2236371710896492,0,6,,cosine,33
42.9528534412384,6,logt_svd_r16_repair000,False,0.2236371710896492,0,6,,affine_calibrated,33
64.813894033432,1,logt_svd_r16_repair000,True,0.2236371710896492,0,6,,true_node_oracle,33
52.67990231513977,1,logt_svd_r16_repair000,False,0.2236371710896492,1,6,73.17617866004963,centroid_router,33
47.14634120464325,7,logt_svd_r16_repair000,False,0.2748620193451643,0,7,,raw,34
51.99999809265137,7,logt_svd_r16_repair000,False,0.2748620193451643,0,7,,cosine,34
40.92682898044586,7,logt_svd_r16_repair000,False,0.2748620193451643,0,7,,affine_calibrated,34
65.31707048416138,1,logt_svd_r16_repair000,True,0.2748620193451643,0,7,,true_node_oracle,34
52.8780460357666,1,logt_svd_r16_repair000,False,0.2748620193451643,1,7,72.92682926829268,centroid_router,34
46.85215651988983,6,logt_svd_r16_repair000,False,0.25049881264567375,0,6,,raw,35
51.4737069606781,6,logt_svd_r16_repair000,False,0.25049881264567375,0,6,,cosine,35
42.77293086051941,6,logt_svd_r16_repair000,False,0.25049881264567375,0,6,,affine_calibrated,35
64.91393446922302,1,logt_svd_r16_repair000,True,0.25049881264567375,0,6,,true_node_oracle,35
52.27540731430054,1,logt_svd_r16_repair000,False,0.25049881264567375,1,6,72.15279415232257,centroid_router,35
47.0079630613327,7,logt_svd_r16_repair000,False,0.2748949397355318,0,7,,raw,36
51.85437798500061,7,logt_svd_r16_repair000,False,0.2748949397355318,0,7,,cosine,36
43.185436725616455,7,logt_svd_r16_repair000,False,0.2748949397355318,0,7,,affine_calibrated,36
66.00682735443115,1,logt_svd_r16_repair000,True,0.2748949397355318,0,7,,true_node_oracle,36
52.855515480041504,1,logt_svd_r16_repair000,False,0.2748949397355318,1,7,71.8316268486917,centroid_router,36
46.19947373867035,7,logt_svd_r16_repair000,False,0.28639980405569077,0,7,,raw,37
50.98857879638672,7,logt_svd_r16_repair000,False,0.28639980405569077,0,7,,cosine,37
42.706501483917236,7,logt_svd_r16_repair000,False,0.28639980405569077,0,7,,affine_calibrated,37
66.5861189365387,1,logt_svd_r16_repair000,True,0.28639980405569077,0,7,,true_node_oracle,37
52.372580766677856,1,logt_svd_r16_repair000,False,0.28639980405569077,1,7,69.90333919156414,centroid_router,37
46.04898691177368,8,logt_svd_r16_repair000,False,0.29278097301721573,0,8,,raw,38
50.9904146194458,8,logt_svd_r16_repair000,False,0.29278097301721573,0,8,,cosine,38
42.6624059677124,8,logt_svd_r16_repair000,False,0.29278097301721573,0,8,,affine_calibrated,38
67.58253574371338,1,logt_svd_r16_repair000,True,0.29278097301721573,0,8,,true_node_oracle,38
52.48136520385742,1,logt_svd_r16_repair000,False,0.29278097301721573,1,8,69.22257720979766,centroid_router,38
45.99708914756775,6,logt_svd_r16_repair000,False,0.24336021207273006,0,6,,raw,39
50.966936349868774,6,logt_svd_r16_repair000,False,0.24336021207273006,0,6,,cosine,39
43.480974435806274,6,logt_svd_r16_repair000,False,0.24336021207273006,0,6,,affine_calibrated,39
65.0239109992981,1,logt_svd_r16_repair000,True,0.24336021207273006,0,6,,true_node_oracle,39
52.11062431335449,1,logt_svd_r16_repair000,False,0.24336021207273006,1,6,69.47390309835724,centroid_router,39
45.906609296798706,7,logt_svd_r16_repair000,False,0.30185445584356785,0,7,,raw,40
50.859105587005615,7,logt_svd_r16_repair000,False,0.30185445584356785,0,7,,cosine,40
43.33939850330353,7,logt_svd_r16_repair000,False,0.30185445584356785,0,7,,affine_calibrated,40
65.85809588432312,1,logt_svd_r16_repair000,True,0.30185445584356785,0,7,,true_node_oracle,40
52.112388610839844,1,logt_svd_r16_repair000,False,0.30185445584356785,1,7,68.62745098039215,centroid_router,40
45.727941393852234,7,logt_svd_r16_repair000,False,0.2666575685143471,0,7,,raw,41
50.78669786453247,7,logt_svd_r16_repair000,False,0.2666575685143471,0,7,,cosine,41
43.33797991275787,7,logt_svd_r16_repair000,False,0.2666575685143471,0,7,,affine_calibrated,41
66.00278615951538,1,logt_svd_r16_repair000,True,0.2666575685143471,0,7,,true_node_oracle,41
51.86218023300171,1,logt_svd_r16_repair000,False,0.2666575685143471,1,7,68.01433977295359,centroid_router,41
45.23948132991791,8,logt_svd_r16_repair000,False,0.293307863175869,0,8,,raw,42
49.97091293334961,8,logt_svd_r16_repair000,False,0.293307863175869,0,8,,cosine,42
41.9817715883255,8,logt_svd_r16_repair000,False,0.293307863175869,0,8,,affine_calibrated,42
66.56970977783203,1,logt_svd_r16_repair000,True,0.293307863175869,0,8,,true_node_oracle,42
51.250725984573364,1,logt_svd_r16_repair000,False,0.293307863175869,1,8,66.76362226100446,centroid_router,42
45.45973837375641,7,logt_svd_r16_repair000,False,0.306497635319829,0,7,,raw,43
49.97144341468811,7,logt_svd_r16_repair000,False,0.306497635319829,0,7,,cosine,43
43.55606436729431,7,logt_svd_r16_repair000,False,0.306497635319829,0,7,,affine_calibrated,43
65.82905054092407,1,logt_svd_r16_repair000,True,0.306497635319829,0,7,,true_node_oracle,43
51.18979811668396,1,logt_svd_r16_repair000,False,0.306497635319829,1,7,66.41918903483723,centroid_router,43
45.36237418651581,8,logt_svd_r16_repair000,False,0.30866250954568386,0,8,,raw,44
50.0,8,logt_svd_r16_repair000,False,0.30866250954568386,0,8,,cosine,44
43.39091181755066,8,logt_svd_r16_repair000,False,0.30866250954568386,0,8,,affine_calibrated,44
66.10965132713318,1,logt_svd_r16_repair000,True,0.30866250954568386,0,8,,true_node_oracle,44
51.14532709121704,1,logt_svd_r16_repair000,False,0.30866250954568386,1,8,66.16597822005257,centroid_router,44
45.571717619895935,8,logt_svd_r16_repair000,False,0.33186278864741325,0,8,,raw,45
50.303810834884644,8,logt_svd_r16_repair000,False,0.33186278864741325,0,8,,cosine,45
42.79138147830963,8,logt_svd_r16_repair000,False,0.33186278864741325,0,8,,affine_calibrated,45
66.58074259757996,1,logt_svd_r16_repair000,True,0.33186278864741325,0,8,,true_node_oracle,45
51.5006422996521,1,logt_svd_r16_repair000,False,0.33186278864741325,1,8,66.12041981218928,centroid_router,45
45.214104652404785,9,logt_svd_r16_repair000,False,0.4484848715364933,0,9,,raw,46
49.802085757255554,9,logt_svd_r16_repair000,False,0.4484848715364933,0,9,,cosine,46
41.97553098201752,9,logt_svd_r16_repair000,False,0.4484848715364933,0,9,,affine_calibrated,46
67.09247827529907,1,logt_svd_r16_repair000,True,0.4484848715364933,0,9,,true_node_oracle,46
51.0975182056427,1,logt_svd_r16_repair000,False,0.4484848715364933,1,9,65.02338970852824,centroid_router,46
44.93034780025482,6,logt_svd_r16_repair000,False,0.2411809004843235,0,6,,raw,47
49.55034255981445,6,logt_svd_r16_repair000,False,0.2411809004843235,0,6,,cosine,47
42.9024875164032,6,logt_svd_r16_repair000,False,0.2411809004843235,0,6,,affine_calibrated,47
63.110560178756714,1,logt_svd_r16_repair000,True,0.2411809004843235,0,6,,true_node_oracle,47
50.66125988960266,1,logt_svd_r16_repair000,False,0.2411809004843235,1,6,67.64239111267854,centroid_router,47
44.728654623031616,7,logt_svd_r16_repair000,False,0.2638164069503546,0,7,,raw,48
49.032145738601685,7,logt_svd_r16_repair000,False,0.2638164069503546,0,7,,cosine,48
42.39543676376343,7,logt_svd_r16_repair000,False,0.2638164069503546,0,7,,affine_calibrated,48
63.74006271362305,1,logt_svd_r16_repair000,True,0.2638164069503546,0,7,,true_node_oracle,48
50.53577423095703,1,logt_svd_r16_repair000,False,0.2638164069503546,1,7,67.09298306256481,centroid_router,48
44.702887535095215,7,logt_svd_r16_repair000,False,0.2801004145294428,0,7,,raw,49
49.03225898742676,7,logt_svd_r16_repair000,False,0.2801004145294428,0,7,,cosine,49
42.73344576358795,7,logt_svd_r16_repair000,False,0.2801004145294428,0,7,,affine_calibrated,49
63.97283673286438,1,logt_svd_r16_repair000,True,0.2801004145294428,0,7,,true_node_oracle,49
50.52631497383118,1,logt_svd_r16_repair000,False,0.2801004145294428,1,7,66.7402376910017,centroid_router,49
44.93333399295807,8,logt_svd_r16_repair000,False,0.3706691414117813,0,8,,raw,50
49.300000071525574,8,logt_svd_r16_repair000,False,0.3706691414117813,0,8,,cosine,50
42.66666769981384,8,logt_svd_r16_repair000,False,0.3706691414117813,0,8,,affine_calibrated,50
64.53333497047424,1,logt_svd_r16_repair000,True,0.3706691414117813,0,8,,true_node_oracle,50
50.81666707992554,1,logt_svd_r16_repair000,False,0.3706691414117813,1,8,66.71666666666667,centroid_router,50
95.76271176338196,1,logt_svd_r16_repair005,False,0.1023954451084137,0,1,,raw,1
95.76271176338196,1,logt_svd_r16_repair005,False,0.1023954451084137,0,1,,cosine,1
95.76271176338196,1,logt_svd_r16_repair005,False,0.1023954451084137,0,1,,affine_calibrated,1
95.76271176338196,1,logt_svd_r16_repair005,True,0.1023954451084137,0,1,,true_node_oracle,1
95.76271176338196,1,logt_svd_r16_repair005,False,0.1023954451084137,1,1,100.0,centroid_router,1
77.4193525314331,2,logt_svd_r16_repair005,False,0.12262257561087608,0,2,,raw,2
77.82257795333862,2,logt_svd_r16_repair005,False,0.12262257561087608,0,2,,cosine,2
79.83871102333069,2,logt_svd_r16_repair005,False,0.12262257561087608,0,2,,affine_calibrated,2
93.14516186714172,1,logt_svd_r16_repair005,True,0.12262257561087608,0,2,,true_node_oracle,2
86.29032373428345,1,logt_svd_r16_repair005,False,0.12262257561087608,1,2,91.93548387096774,centroid_router,2
70.3045666217804,2,logt_svd_r16_repair005,False,0.12570361234247684,0,2,,raw,3
71.82741165161133,2,logt_svd_r16_repair005,False,0.12570361234247684,0,2,,cosine,3
74.11167621612549,2,logt_svd_r16_repair005,False,0.12570361234247684,0,2,,affine_calibrated,3
81.7258894443512,1,logt_svd_r16_repair005,True,0.12570361234247684,0,2,,true_node_oracle,3
72.84263968467712,1,logt_svd_r16_repair005,False,0.12570361234247684,1,2,86.80203045685279,centroid_router,3
68.0701732635498,3,logt_svd_r16_repair005,False,0.12131022103130817,0,3,,raw,4
70.35087943077087,3,logt_svd_r16_repair005,False,0.12131022103130817,0,3,,cosine,4
74.56140518188477,3,logt_svd_r16_repair005,False,0.12131022103130817,0,3,,affine_calibrated,4
84.73684191703796,1,logt_svd_r16_repair005,True,0.12131022103130817,0,3,,true_node_oracle,4
74.210524559021,1,logt_svd_r16_repair005,False,0.12131022103130817,1,3,83.6842105263158,centroid_router,4
64.46991562843323,3,logt_svd_r16_repair005,False,0.10221710614860058,0,3,,raw,5
67.0487105846405,3,logt_svd_r16_repair005,False,0.10221710614860058,0,3,,cosine,5
67.76504516601562,3,logt_svd_r16_repair005,False,0.10221710614860058,0,3,,affine_calibrated,5
83.09455513954163,1,logt_svd_r16_repair005,True,0.10221710614860058,0,3,,true_node_oracle,5
71.77650332450867,1,logt_svd_r16_repair005,False,0.10221710614860058,1,3,82.378223495702,centroid_router,5
64.0586793422699,4,logt_svd_r16_repair005,False,0.12494082748889923,0,4,,raw,6
66.62591695785522,4,logt_svd_r16_repair005,False,0.12494082748889923,0,4,,cosine,6
66.74816608428955,4,logt_svd_r16_repair005,False,0.12494082748889923,0,4,,affine_calibrated,6
84.22982692718506,1,logt_svd_r16_repair005,True,0.12494082748889923,0,4,,true_node_oracle,6
70.29339671134949,1,logt_svd_r16_repair005,False,0.12494082748889923,1,4,79.09535452322739,centroid_router,6
63.12968730926514,3,logt_svd_r16_repair005,False,0.10263755731284618,0,3,,raw,7
66.02358222007751,3,logt_svd_r16_repair005,False,0.10263755731284618,0,3,,cosine,7
56.48446083068848,3,logt_svd_r16_repair005,False,0.10263755731284618,0,3,,affine_calibrated,7
76.3129711151123,1,logt_svd_r16_repair005,True,0.10263755731284618,0,3,,true_node_oracle,7
67.2025740146637,1,logt_svd_r16_repair005,False,0.10263755731284618,1,3,84.2443729903537,centroid_router,7
63.41463327407837,4,logt_svd_r16_repair005,False,0.12779099121689796,0,4,,raw,8
67.63602495193481,4,logt_svd_r16_repair005,False,0.12779099121689796,0,4,,cosine,8
57.129454612731934,4,logt_svd_r16_repair005,False,0.12779099121689796,0,4,,affine_calibrated,8
78.8930594921112,1,logt_svd_r16_repair005,True,0.12779099121689796,0,4,,true_node_oracle,8
67.44840741157532,1,logt_svd_r16_repair005,False,0.12779099121689796,1,4,82.17636022514071,centroid_router,8
62.91666626930237,4,logt_svd_r16_repair005,False,0.1278012115508318,0,4,,raw,9
66.66666865348816,4,logt_svd_r16_repair005,False,0.1278012115508318,0,4,,cosine,9
57.33333230018616,4,logt_svd_r16_repair005,False,0.1278012115508318,0,4,,affine_calibrated,9
78.4166693687439,1,logt_svd_r16_repair005,True,0.1278012115508318,0,4,,true_node_oracle,9
66.58333539962769,1,logt_svd_r16_repair005,False,0.1278012115508318,1,4,80.58333333333333,centroid_router,9
60.089683532714844,5,logt_svd_r16_repair005,False,0.14355545863509178,0,5,,raw,10
64.20029997825623,5,logt_svd_r16_repair005,False,0.14355545863509178,0,5,,cosine,10
56.801193952560425,5,logt_svd_r16_repair005,False,0.14355545863509178,0,5,,affine_calibrated,10
79.97010350227356,1,logt_svd_r16_repair005,True,0.14355545863509178,0,5,,true_node_oracle,10
64.57399129867554,1,logt_svd_r16_repair005,False,0.14355545863509178,1,5,76.23318385650224,centroid_router,10
61.265647411346436,4,logt_svd_r16_repair005,False,0.13692115060985088,0,4,,raw,11
64.32545185089111,4,logt_svd_r16_repair005,False,0.13692115060985088,0,4,,cosine,11
60.36161184310913,4,logt_svd_r16_repair005,False,0.13692115060985088,0,4,,affine_calibrated,11
75.7997214794159,1,logt_svd_r16_repair005,True,0.13692115060985088,0,4,,true_node_oracle,11
64.67315554618835,1,logt_svd_r16_repair005,False,0.13692115060985088,1,4,78.09457579972184,centroid_router,11
59.39511060714722,5,logt_svd_r16_repair005,False,0.1443653702735901,0,5,,raw,12
63.063061237335205,5,logt_svd_r16_repair005,False,0.1443653702735901,0,5,,cosine,12
58.62290859222412,5,logt_svd_r16_repair005,False,0.1443653702735901,0,5,,affine_calibrated,12
77.027028799057,1,logt_svd_r16_repair005,True,0.1443653702735901,0,5,,true_node_oracle,12
64.02831673622131,1,logt_svd_r16_repair005,False,0.1443653702735901,1,5,75.74002574002574,centroid_router,12
59.78584289550781,5,logt_svd_r16_repair005,False,0.14692501164972782,0,5,,raw,13
63.47412467002869,5,logt_svd_r16_repair005,False,0.14692501164972782,0,5,,cosine,13
60.44021248817444,5,logt_svd_r16_repair005,False,0.14692501164972782,0,5,,affine_calibrated,13
78.04877758026123,1,logt_svd_r16_repair005,True,0.14692501164972782,0,5,,true_node_oracle,13
64.48542475700378,1,logt_svd_r16_repair005,False,0.14692501164972782,1,5,75.2528256989887,centroid_router,13
57.91505575180054,6,logt_svd_r16_repair005,False,0.17356860637664795,0,6,,raw,14
61.33480668067932,6,logt_svd_r16_repair005,False,0.17356860637664795,0,6,,cosine,14
58.24599862098694,6,logt_svd_r16_repair005,False,0.17356860637664795,0,6,,affine_calibrated,14
79.09542322158813,1,logt_svd_r16_repair005,True,0.17356860637664795,0,6,,true_node_oracle,14
63.48593235015869,1,logt_svd_r16_repair005,False,0.17356860637664795,1,6,73.35907335907336,centroid_router,14
59.66821908950806,4,logt_svd_r16_repair005,False,0.13317256793379784,0,4,,raw,15
61.74183487892151,4,logt_svd_r16_repair005,False,0.13317256793379784,0,4,,cosine,15
57.90565013885498,4,logt_svd_r16_repair005,False,0.13317256793379784,0,4,,affine_calibrated,15
73.61327409744263,1,logt_svd_r16_repair005,True,0.13317256793379784,0,4,,true_node_oracle,15
62.208396196365356,1,logt_svd_r16_repair005,False,0.13317256793379784,1,4,78.90098496630378,centroid_router,15
59.21435356140137,5,logt_svd_r16_repair005,False,0.15943198651075363,0,5,,raw,16
61.05722784996033,5,logt_svd_r16_repair005,False,0.15943198651075363,0,5,,cosine,16
55.383121967315674,5,logt_svd_r16_repair005,False,0.15943198651075363,0,5,,affine_calibrated,16
74.58778023719788,1,logt_svd_r16_repair005,True,0.15943198651075363,0,5,,true_node_oracle,16
61.15421652793884,1,logt_svd_r16_repair005,False,0.15943198651075363,1,5,76.09117361784675,centroid_router,16
58.36380124092102,5,logt_svd_r16_repair005,False,0.15408598259091377,0,5,,raw,17
60.60329079627991,5,logt_svd_r16_repair005,False,0.15408598259091377,0,5,,cosine,17
54.021936655044556,5,logt_svd_r16_repair005,False,0.15408598259091377,0,5,,affine_calibrated,17
74.8171865940094,1,logt_svd_r16_repair005,True,0.15408598259091377,0,5,,true_node_oracle,17
60.60329079627991,1,logt_svd_r16_repair005,False,0.15408598259091377,1,5,74.49725776965265,centroid_router,17
58.23888182640076,6,logt_svd_r16_repair005,False,0.18376326747238636,0,6,,raw,18
60.6800377368927,6,logt_svd_r16_repair005,False,0.18376326747238636,0,6,,cosine,18
54.01046276092529,6,logt_svd_r16_repair005,False,0.18376326747238636,0,6,,affine_calibrated,18
75.85004568099976,1,logt_svd_r16_repair005,True,0.18376326747238636,0,6,,true_node_oracle,18
60.85440516471863,1,logt_svd_r16_repair005,False,0.18376326747238636,1,6,73.88840453356582,centroid_router,18
57.594674825668335,5,logt_svd_r16_repair005,False,0.1522497460246086,0,5,,raw,19
60.13316512107849,5,logt_svd_r16_repair005,False,0.1522497460246086,0,5,,cosine,19
54.223889112472534,5,logt_svd_r16_repair005,False,0.1522497460246086,0,5,,affine_calibrated,19
73.574697971344,1,logt_svd_r16_repair005,True,0.1522497460246086,0,5,,true_node_oracle,19
60.3412389755249,1,logt_svd_r16_repair005,False,0.1522497460246086,1,5,73.86600083229297,centroid_router,19
56.78913593292236,6,logt_svd_r16_repair005,False,0.16933302208781242,0,6,,raw,20
59.26517844200134,6,logt_svd_r16_repair005,False,0.16933302208781242,0,6,,cosine,20
53.35463285446167,6,logt_svd_r16_repair005,False,0.16933302208781242,0,6,,affine_calibrated,20
74.36102032661438,1,logt_svd_r16_repair005,True,0.16933302208781242,0,6,,true_node_oracle,20
59.66453552246094,1,logt_svd_r16_repair005,False,0.16933302208781242,1,6,72.20447284345047,centroid_router,20
56.53323531150818,6,logt_svd_r16_repair005,False,0.18361554853618145,0,6,,raw,21
59.25226807594299,6,logt_svd_r16_repair005,False,0.18361554853618145,0,6,,cosine,21
54.07854914665222,6,logt_svd_r16_repair005,False,0.18361554853618145,0,6,,affine_calibrated,21
74.62235689163208,1,logt_svd_r16_repair005,True,0.18361554853618145,0,6,,true_node_oracle,21
59.47884917259216,1,logt_svd_r16_repair005,False,0.18361554853618145,1,6,71.29909365558912,centroid_router,21
56.35837912559509,7,logt_svd_r16_repair005,False,0.20177128352224827,0,7,,raw,22
59.10404920578003,7,logt_svd_r16_repair005,False,0.20177128352224827,0,7,,cosine,22
53.46820950508118,7,logt_svd_r16_repair005,False,0.20177128352224827,0,7,,affine_calibrated,22
75.65028667449951,1,logt_svd_r16_repair005,True,0.20177128352224827,0,7,,true_node_oracle,22
59.17630195617676,1,logt_svd_r16_repair005,False,0.20177128352224827,1,7,70.33959537572254,centroid_router,22
55.84055185317993,5,logt_svd_r16_repair005,False,0.16534332744777203,0,5,,raw,23
58.54419469833374,5,logt_svd_r16_repair005,False,0.16534332744777203,0,5,,cosine,23
54.211437702178955,5,logt_svd_r16_repair005,False,0.16534332744777203,0,5,,affine_calibrated,23
71.75043225288391,1,logt_svd_r16_repair005,True,0.16534332744777203,0,5,,true_node_oracle,23
57.88561701774597,1,logt_svd_r16_repair005,False,0.16534332744777203,1,5,71.99306759098786,centroid_router,23
55.368560552597046,6,logt_svd_r16_repair005,False,0.18259422481060028,0,6,,raw,24
58.06125998497009,6,logt_svd_r16_repair005,False,0.18259422481060028,0,6,,cosine,24
52.776843309402466,6,logt_svd_r16_repair005,False,0.18259422481060028,0,6,,affine_calibrated,24
72.39986658096313,1,logt_svd_r16_repair005,True,0.18259422481060028,0,6,,true_node_oracle,24
57.59003758430481,1,logt_svd_r16_repair005,False,0.18259422481060028,1,6,71.15449343655335,centroid_router,24
54.84189987182617,6,logt_svd_r16_repair005,False,0.18383128941059113,0,6,,raw,25
57.18050003051758,6,logt_svd_r16_repair005,False,0.18383128941059113,0,6,,cosine,25
52.305662631988525,6,logt_svd_r16_repair005,False,0.18383128941059113,0,6,,affine_calibrated,25
71.70619368553162,1,logt_svd_r16_repair005,True,0.18383128941059113,0,6,,true_node_oracle,25
57.18050003051758,1,logt_svd_r16_repair005,False,0.18383128941059113,1,6,70.78392621870883,centroid_router,25
54.76416349411011,7,logt_svd_r16_repair005,False,0.21079454943537712,0,7,,raw,26
56.916743516922,7,logt_svd_r16_repair005,False,0.21079454943537712,0,7,,cosine,26
51.66192054748535,7,logt_svd_r16_repair005,False,0.21079454943537712,0,7,,affine_calibrated,26
72.4912941455841,1,logt_svd_r16_repair005,True,0.21079454943537712,0,7,,true_node_oracle,26
56.88508749008179,1,logt_svd_r16_repair005,False,0.21079454943537712,1,7,69.61063627730294,centroid_router,26
53.54523062705994,6,logt_svd_r16_repair005,False,0.1906832680106163,0,6,,raw,27
56.08190894126892,6,logt_svd_r16_repair005,False,0.1906832680106163,0,6,,cosine,27
51.98655128479004,6,logt_svd_r16_repair005,False,0.1906832680106163,0,6,,affine_calibrated,27
71.94376587867737,1,logt_svd_r16_repair005,True,0.1906832680106163,0,6,,true_node_oracle,27
56.754279136657715,1,logt_svd_r16_repair005,False,0.1906832680106163,1,6,69.04034229828851,centroid_router,27
53.05275917053223,7,logt_svd_r16_repair005,False,0.21573768556118011,0,7,,raw,28
55.512744188308716,7,logt_svd_r16_repair005,False,0.21573768556118011,0,7,,cosine,28
51.86722278594971,7,logt_svd_r16_repair005,False,0.21573768556118011,0,7,,affine_calibrated,28
72.70302176475525,1,logt_svd_r16_repair005,True,0.21573768556118011,0,7,,true_node_oracle,28
56.87611103057861,1,logt_svd_r16_repair005,False,0.21573768556118011,1,7,68.61292234736219,centroid_router,28
52.23624110221863,7,logt_svd_r16_repair005,False,0.21012584678828716,0,7,,raw,29
55.10321259498596,7,logt_svd_r16_repair005,False,0.21012584678828716,0,7,,cosine,29
50.97476840019226,7,logt_svd_r16_repair005,False,0.21012584678828716,0,7,,affine_calibrated,29
72.93577790260315,1,logt_svd_r16_repair005,True,0.21012584678828716,0,7,,true_node_oracle,29
56.0206413269043,1,logt_svd_r16_repair005,False,0.21012584678828716,1,7,67.14449541284404,centroid_router,29
51.70178413391113,8,logt_svd_r16_repair005,False,0.23347275145351887,0,8,,raw,30
54.51107621192932,8,logt_svd_r16_repair005,False,0.23347275145351887,0,8,,cosine,30
50.27012228965759,8,logt_svd_r16_repair005,False,0.23347275145351887,0,8,,affine_calibrated,30
74.12209510803223,1,logt_svd_r16_repair005,True,0.23347275145351887,0,8,,true_node_oracle,30
55.67260980606079,1,logt_svd_r16_repair005,False,0.23347275145351887,1,8,65.99135602377093,centroid_router,30
54.03563976287842,5,logt_svd_r16_repair005,False,0.18483941629529,0,5,,raw,31
55.2935004234314,5,logt_svd_r16_repair005,False,0.18483941629529,0,5,,cosine,31
50.83857178688049,5,logt_svd_r16_repair005,False,0.18483941629529,0,5,,affine_calibrated,31
68.68448853492737,1,logt_svd_r16_repair005,True,0.18483941629529,0,5,,true_node_oracle,31
56.34171962738037,1,logt_svd_r16_repair005,False,0.18483941629529,1,5,74.34486373165619,centroid_router,31
53.55958342552185,6,logt_svd_r16_repair005,False,0.2088796328753233,0,6,,raw,32
54.83541488647461,6,logt_svd_r16_repair005,False,0.2088796328753233,0,6,,cosine,32
49.83414113521576,6,logt_svd_r16_repair005,False,0.2088796328753233,0,6,,affine_calibrated,32
69.30339336395264,1,logt_svd_r16_repair005,True,0.2088796328753233,0,6,,true_node_oracle,32
56.111252307891846,1,logt_svd_r16_repair005,False,0.2088796328753233,1,6,73.30951773411584,centroid_router,32
53.57320308685303,6,logt_svd_r16_repair005,False,0.21811400167644024,0,6,,raw,33
55.012404918670654,6,logt_svd_r16_repair005,False,0.21811400167644024,0,6,,cosine,33
49.70223307609558,6,logt_svd_r16_repair005,False,0.21811400167644024,0,6,,affine_calibrated,33
69.75185871124268,1,logt_svd_r16_repair005,True,0.21811400167644024,0,6,,true_node_oracle,33
56.476426124572754,1,logt_svd_r16_repair005,False,0.21811400167644024,1,6,73.17617866004963,centroid_router,33
53.634148836135864,7,logt_svd_r16_repair005,False,0.2304926197975874,0,7,,raw,34
54.853659868240356,7,logt_svd_r16_repair005,False,0.2304926197975874,0,7,,cosine,34
47.902438044548035,7,logt_svd_r16_repair005,False,0.2304926197975874,0,7,,affine_calibrated,34
70.17073035240173,1,logt_svd_r16_repair005,True,0.2304926197975874,0,7,,true_node_oracle,34
56.585365533828735,1,logt_svd_r16_repair005,False,0.2304926197975874,1,7,72.92682926829268,centroid_router,34
53.690165281295776,6,logt_svd_r16_repair005,False,0.21223565191030502,0,6,,raw,35
54.42112684249878,6,logt_svd_r16_repair005,False,0.21223565191030502,0,6,,cosine,35
49.13935363292694,6,logt_svd_r16_repair005,False,0.21223565191030502,0,6,,affine_calibrated,35
69.72411870956421,1,logt_svd_r16_repair005,True,0.21223565191030502,0,6,,true_node_oracle,35
55.83588480949402,1,logt_svd_r16_repair005,False,0.21223565191030502,1,6,72.15279415232257,centroid_router,35
53.78839373588562,7,logt_svd_r16_repair005,False,0.2313148658722639,0,7,,raw,36
54.76678013801575,7,logt_svd_r16_repair005,False,0.2313148658722639,0,7,,cosine,36
49.0557461977005,7,logt_svd_r16_repair005,False,0.2313148658722639,0,7,,affine_calibrated,36
70.64846158027649,1,logt_svd_r16_repair005,True,0.2313148658722639,0,7,,true_node_oracle,36
56.268489360809326,1,logt_svd_r16_repair005,False,0.2313148658722639,1,7,71.8316268486917,centroid_router,36
52.92178988456726,7,logt_svd_r16_repair005,False,0.2399731446057558,0,7,,raw,37
53.77855896949768,7,logt_svd_r16_repair005,False,0.2399731446057558,0,7,,cosine,37
47.38576412200928,7,logt_svd_r16_repair005,False,0.2399731446057558,0,7,,affine_calibrated,37
71.08963131904602,1,logt_svd_r16_repair005,True,0.2399731446057558,0,7,,true_node_oracle,37
55.55799603462219,1,logt_svd_r16_repair005,False,0.2399731446057558,1,7,69.90333919156414,centroid_router,37
52.779555320739746,8,logt_svd_r16_repair005,False,0.2593722678720951,0,8,,raw,38
53.95101308822632,8,logt_svd_r16_repair005,False,0.2593722678720951,0,8,,cosine,38
47.32694327831268,8,logt_svd_r16_repair005,False,0.2593722678720951,0,8,,affine_calibrated,38
71.9488799571991,1,logt_svd_r16_repair005,True,0.2593722678720951,0,8,,true_node_oracle,38
55.50585985183716,1,logt_svd_r16_repair005,False,0.2593722678720951,1,8,69.22257720979766,centroid_router,38
53.48305106163025,6,logt_svd_r16_repair005,False,0.21527240052819252,0,6,,raw,39
54.1276752948761,6,logt_svd_r16_repair005,False,0.21527240052819252,0,6,,cosine,39
49.09544587135315,6,logt_svd_r16_repair005,False,0.21527240052819252,0,6,,affine_calibrated,39
70.03535032272339,1,logt_svd_r16_repair005,True,0.21527240052819252,0,6,,true_node_oracle,39
55.52089810371399,1,logt_svd_r16_repair005,False,0.21527240052819252,1,6,69.47390309835724,centroid_router,39
53.26460599899292,7,logt_svd_r16_repair005,False,0.2388573419302702,0,7,,raw,40
53.992319107055664,7,logt_svd_r16_repair005,False,0.2388573419302702,0,7,,cosine,40
49.16110634803772,7,logt_svd_r16_repair005,False,0.2388573419302702,0,7,,affine_calibrated,40
70.72973251342773,1,logt_svd_r16_repair005,True,0.2388573419302702,0,7,,true_node_oracle,40
55.42753338813782,1,logt_svd_r16_repair005,False,0.2388573419302702,1,7,68.62745098039215,centroid_router,40
53.11691164970398,7,logt_svd_r16_repair005,False,0.24507861398160458,0,7,,raw,41
53.7741482257843,7,logt_svd_r16_repair005,False,0.24507861398160458,0,7,,cosine,41
48.635730147361755,7,logt_svd_r16_repair005,False,0.24507861398160458,0,7,,affine_calibrated,41
70.8225429058075,1,logt_svd_r16_repair005,True,0.24507861398160458,0,7,,true_node_oracle,41
55.16829490661621,1,logt_svd_r16_repair005,False,0.24507861398160458,1,7,68.01433977295359,centroid_router,41
52.29784846305847,8,logt_svd_r16_repair005,False,0.27098677679896355,0,8,,raw,42
52.860188484191895,8,logt_svd_r16_repair005,False,0.27098677679896355,0,8,,cosine,42
47.21737504005432,8,logt_svd_r16_repair005,False,0.27098677679896355,0,8,,affine_calibrated,42
71.26235961914062,1,logt_svd_r16_repair005,True,0.27098677679896355,0,8,,true_node_oracle,42
54.430872201919556,1,logt_svd_r16_repair005,False,0.27098677679896355,1,8,66.76362226100446,centroid_router,42
52.42718458175659,7,logt_svd_r16_repair005,False,0.24433530680835247,0,7,,raw,43
52.826958894729614,7,logt_svd_r16_repair005,False,0.24433530680835247,0,7,,cosine,43
48.48657846450806,7,logt_svd_r16_repair005,False,0.24433530680835247,0,7,,affine_calibrated,43
70.49305438995361,1,logt_svd_r16_repair005,True,0.24433530680835247,0,7,,true_node_oracle,43
54.23567295074463,1,logt_svd_r16_repair005,False,0.24433530680835247,1,7,66.41918903483723,centroid_router,43
52.34697461128235,8,logt_svd_r16_repair005,False,0.2670571431517601,0,8,,raw,44
52.77882218360901,8,logt_svd_r16_repair005,False,0.2670571431517601,0,8,,cosine,44
48.38528037071228,8,logt_svd_r16_repair005,False,0.2670571431517601,0,8,,affine_calibrated,44
70.70972323417664,1,logt_svd_r16_repair005,True,0.2670571431517601,0,8,,true_node_oracle,44
54.149454832077026,1,logt_svd_r16_repair005,False,0.2670571431517601,1,8,66.16597822005257,centroid_router,44
52.56859064102173,8,logt_svd_r16_repair005,False,0.2992801405489445,0,8,,raw,45
53.010493516922,8,logt_svd_r16_repair005,False,0.2992801405489445,0,8,,cosine,45
47.891733050346375,8,logt_svd_r16_repair005,False,0.2992801405489445,0,8,,affine_calibrated,45
71.11029028892517,1,logt_svd_r16_repair005,True,0.2992801405489445,0,8,,true_node_oracle,45
54.46510910987854,1,logt_svd_r16_repair005,False,0.2992801405489445,1,8,66.12041981218928,centroid_router,45
52.123063802719116,9,logt_svd_r16_repair005,False,0.315816642716527,0,9,,raw,46
52.4469256401062,9,logt_svd_r16_repair005,False,0.315816642716527,0,9,,cosine,46
46.86937630176544,9,logt_svd_r16_repair005,False,0.315816642716527,0,9,,affine_calibrated,46
71.51853442192078,1,logt_svd_r16_repair005,True,0.315816642716527,0,9,,true_node_oracle,46
53.922271728515625,1,logt_svd_r16_repair005,False,0.315816642716527,1,9,65.02338970852824,centroid_router,46
51.631104946136475,6,logt_svd_r16_repair005,False,0.2280187699943781,0,6,,raw,47
52.9183566570282,6,logt_svd_r16_repair005,False,0.2280187699943781,0,6,,cosine,47
47.9280561208725,6,logt_svd_r16_repair005,False,0.2280187699943781,0,6,,affine_calibrated,47
67.88926124572754,1,logt_svd_r16_repair005,True,0.2280187699943781,0,6,,true_node_oracle,47
53.85293364524841,1,logt_svd_r16_repair005,False,0.2280187699943781,1,6,67.64239111267854,centroid_router,47
51.24438405036926,7,logt_svd_r16_repair005,False,0.2636277172714472,0,7,,raw,48
52.281367778778076,7,logt_svd_r16_repair005,False,0.2636277172714472,0,7,,cosine,48
47.16557264328003,7,logt_svd_r16_repair005,False,0.2636277172714472,0,7,,affine_calibrated,48
68.42378377914429,1,logt_svd_r16_repair005,True,0.2636277172714472,0,7,,true_node_oracle,48
53.66401672363281,1,logt_svd_r16_repair005,False,0.2636277172714472,1,7,67.09298306256481,centroid_router,48
51.307302713394165,7,logt_svd_r16_repair005,False,0.2627274338155985,0,7,,raw,49
52.20713019371033,7,logt_svd_r16_repair005,False,0.2627274338155985,0,7,,cosine,49
47.45331108570099,7,logt_svd_r16_repair005,False,0.2627274338155985,0,7,,affine_calibrated,49
68.5908317565918,1,logt_svd_r16_repair005,True,0.2627274338155985,0,7,,true_node_oracle,49
53.616297245025635,1,logt_svd_r16_repair005,False,0.2627274338155985,1,7,66.7402376910017,centroid_router,49
51.45000219345093,8,logt_svd_r16_repair005,False,0.291755735874176,0,8,,raw,50
52.33333110809326,8,logt_svd_r16_repair005,False,0.291755735874176,0,8,,cosine,50
47.41666615009308,8,logt_svd_r16_repair005,False,0.291755735874176,0,8,,affine_calibrated,50
69.0666675567627,1,logt_svd_r16_repair005,True,0.291755735874176,0,8,,true_node_oracle,50
53.850001096725464,1,logt_svd_r16_repair005,False,0.291755735874176,1,8,66.71666666666667,centroid_router,50
95.76271176338196,1,logt_core_tsv_r16_repair000,False,0.06976485997438431,0,1,,raw,1
95.76271176338196,1,logt_core_tsv_r16_repair000,False,0.06976485997438431,0,1,,cosine,1
95.76271176338196,1,logt_core_tsv_r16_repair000,False,0.06976485997438431,0,1,,affine_calibrated,1
95.76271176338196,1,logt_core_tsv_r16_repair000,True,0.06976485997438431,0,1,,true_node_oracle,1
95.76271176338196,1,logt_core_tsv_r16_repair000,False,0.06976485997438431,1,1,100.0,centroid_router,1
77.4193525314331,2,logt_core_tsv_r16_repair000,False,0.08695520646870136,0,2,,raw,2
77.82257795333862,2,logt_core_tsv_r16_repair000,False,0.08695520646870136,0,2,,cosine,2
79.83871102333069,2,logt_core_tsv_r16_repair000,False,0.08695520646870136,0,2,,affine_calibrated,2
93.14516186714172,1,logt_core_tsv_r16_repair000,True,0.08695520646870136,0,2,,true_node_oracle,2
86.29032373428345,1,logt_core_tsv_r16_repair000,False,0.08695520646870136,1,2,91.93548387096774,centroid_router,2
70.3045666217804,2,logt_core_tsv_r16_repair000,False,0.11491749249398708,0,2,,raw,3
72.0812201499939,2,logt_core_tsv_r16_repair000,False,0.11491749249398708,0,2,,cosine,3
74.36548471450806,2,logt_core_tsv_r16_repair000,False,0.11491749249398708,0,2,,affine_calibrated,3
81.7258894443512,1,logt_core_tsv_r16_repair000,True,0.11491749249398708,0,2,,true_node_oracle,3
72.84263968467712,1,logt_core_tsv_r16_repair000,False,0.11491749249398708,1,2,86.80203045685279,centroid_router,3
67.71929860115051,3,logt_core_tsv_r16_repair000,False,0.115307891741395,0,3,,raw,4
70.52631378173828,3,logt_core_tsv_r16_repair000,False,0.115307891741395,0,3,,cosine,4
74.73683953285217,3,logt_core_tsv_r16_repair000,False,0.115307891741395,0,3,,affine_calibrated,4
84.73684191703796,1,logt_core_tsv_r16_repair000,True,0.115307891741395,0,3,,true_node_oracle,4
74.210524559021,1,logt_core_tsv_r16_repair000,False,0.115307891741395,1,3,83.6842105263158,centroid_router,4
64.75644707679749,3,logt_core_tsv_r16_repair000,False,0.10983741097152233,0,3,,raw,5
67.33524203300476,3,logt_core_tsv_r16_repair000,False,0.10983741097152233,0,3,,cosine,5
67.33524203300476,3,logt_core_tsv_r16_repair000,False,0.10983741097152233,0,3,,affine_calibrated,5
83.09455513954163,1,logt_core_tsv_r16_repair000,True,0.10983741097152233,0,3,,true_node_oracle,5
71.77650332450867,1,logt_core_tsv_r16_repair000,False,0.10983741097152233,1,3,82.378223495702,centroid_router,5
64.30317759513855,4,logt_core_tsv_r16_repair000,False,0.12294103018939495,0,4,,raw,6
66.87041521072388,4,logt_core_tsv_r16_repair000,False,0.12294103018939495,0,4,,cosine,6
66.38141870498657,4,logt_core_tsv_r16_repair000,False,0.12294103018939495,0,4,,affine_calibrated,6
84.22982692718506,1,logt_core_tsv_r16_repair000,True,0.12294103018939495,0,4,,true_node_oracle,6
70.29339671134949,1,logt_core_tsv_r16_repair000,False,0.12294103018939495,1,4,79.09535452322739,centroid_router,6
62.27223873138428,3,logt_core_tsv_r16_repair000,False,0.11356433480978012,0,3,,raw,7
65.38049578666687,3,logt_core_tsv_r16_repair000,False,0.11356433480978012,0,3,,cosine,7
55.734193325042725,3,logt_core_tsv_r16_repair000,False,0.11356433480978012,0,3,,affine_calibrated,7
75.02679824829102,1,logt_core_tsv_r16_repair000,True,0.11356433480978012,0,3,,true_node_oracle,7
66.13076329231262,1,logt_core_tsv_r16_repair000,False,0.11356433480978012,1,3,84.2443729903537,centroid_router,7
62.57035732269287,4,logt_core_tsv_r16_repair000,False,0.12731737829744816,0,4,,raw,8
66.97936058044434,4,logt_core_tsv_r16_repair000,False,0.12731737829744816,0,4,,cosine,8
56.66041374206543,4,logt_core_tsv_r16_repair000,False,0.12731737829744816,0,4,,affine_calibrated,8
77.76735424995422,1,logt_core_tsv_r16_repair000,True,0.12731737829744816,0,4,,true_node_oracle,8
66.51031970977783,1,logt_core_tsv_r16_repair000,False,0.12731737829744816,1,4,82.17636022514071,centroid_router,8
61.916667222976685,4,logt_core_tsv_r16_repair000,False,0.12939569354057312,0,4,,raw,9
66.08333587646484,4,logt_core_tsv_r16_repair000,False,0.12939569354057312,0,4,,cosine,9
56.66666626930237,4,logt_core_tsv_r16_repair000,False,0.12939569354057312,0,4,,affine_calibrated,9
77.41666436195374,1,logt_core_tsv_r16_repair000,True,0.12939569354057312,0,4,,true_node_oracle,9
65.75000286102295,1,logt_core_tsv_r16_repair000,False,0.12939569354057312,1,4,80.58333333333333,centroid_router,9
58.96860957145691,5,logt_core_tsv_r16_repair000,False,0.15322675555944443,0,5,,raw,10
63.60239386558533,5,logt_core_tsv_r16_repair000,False,0.15322675555944443,0,5,,cosine,10
56.0538113117218,5,logt_core_tsv_r16_repair000,False,0.15322675555944443,0,5,,affine_calibrated,10
79.07324433326721,1,logt_core_tsv_r16_repair000,True,0.15322675555944443,0,5,,true_node_oracle,10
64.0508234500885,1,logt_core_tsv_r16_repair000,False,0.15322675555944443,1,5,76.23318385650224,centroid_router,10
58.692628145217896,4,logt_core_tsv_r16_repair000,False,0.12272596918046474,0,4,,raw,11
63.63004446029663,4,logt_core_tsv_r16_repair000,False,0.12272596918046474,0,4,,cosine,11
58.344924449920654,4,logt_core_tsv_r16_repair000,False,0.12272596918046474,0,4,,affine_calibrated,11
74.06119704246521,1,logt_core_tsv_r16_repair000,True,0.12272596918046474,0,4,,true_node_oracle,11
63.42141628265381,1,logt_core_tsv_r16_repair000,False,0.12272596918046474,1,4,78.09457579972184,centroid_router,11
56.56370520591736,5,logt_core_tsv_r16_repair000,False,0.14187032356858253,0,5,,raw,12
62.3552143573761,5,logt_core_tsv_r16_repair000,False,0.14187032356858253,0,5,,cosine,12
56.82110786437988,5,logt_core_tsv_r16_repair000,False,0.14187032356858253,0,5,,affine_calibrated,12
75.4182755947113,1,logt_core_tsv_r16_repair000,True,0.14187032356858253,0,5,,true_node_oracle,12
62.80566453933716,1,logt_core_tsv_r16_repair000,False,0.14187032356858253,1,5,75.74002574002574,centroid_router,12
56.98988437652588,5,logt_core_tsv_r16_repair000,False,0.14063243567943573,0,5,,raw,13
62.76026368141174,5,logt_core_tsv_r16_repair000,False,0.14063243567943573,0,5,,cosine,13
58.47709774971008,5,logt_core_tsv_r16_repair000,False,0.14063243567943573,0,5,,affine_calibrated,13
76.44259333610535,1,logt_core_tsv_r16_repair000,True,0.14063243567943573,0,5,,true_node_oracle,13
63.35514783859253,1,logt_core_tsv_r16_repair000,False,0.14063243567943573,1,5,75.2528256989887,centroid_router,13
55.21235466003418,6,logt_core_tsv_r16_repair000,False,0.1594262234866619,0,6,,raw,14
60.50744652748108,6,logt_core_tsv_r16_repair000,False,0.1594262234866619,0,6,,cosine,14
56.205183267593384,6,logt_core_tsv_r16_repair000,False,0.1594262234866619,0,6,,affine_calibrated,14
77.60617733001709,1,logt_core_tsv_r16_repair000,True,0.1594262234866619,0,6,,true_node_oracle,14
62.49310374259949,1,logt_core_tsv_r16_repair000,False,0.1594262234866619,1,6,73.35907335907336,centroid_router,14
54.2249858379364,4,logt_core_tsv_r16_repair000,False,0.12504890002310276,0,4,,raw,15
59.6163809299469,4,logt_core_tsv_r16_repair000,False,0.12504890002310276,0,4,,cosine,15
53.7065863609314,4,logt_core_tsv_r16_repair000,False,0.12504890002310276,0,4,,affine_calibrated,15
70.7102119922638,1,logt_core_tsv_r16_repair000,True,0.12504890002310276,0,4,,true_node_oracle,15
59.72006320953369,1,logt_core_tsv_r16_repair000,False,0.12504890002310276,1,4,78.90098496630378,centroid_router,15
53.87972593307495,5,logt_core_tsv_r16_repair000,False,0.1446792297065258,0,5,,raw,16
59.02037024497986,5,logt_core_tsv_r16_repair000,False,0.1446792297065258,0,5,,cosine,16
51.06692314147949,5,logt_core_tsv_r16_repair000,False,0.1446792297065258,0,5,,affine_calibrated,16
71.87196612358093,1,logt_core_tsv_r16_repair000,True,0.1446792297065258,0,5,,true_node_oracle,16
58.82638096809387,1,logt_core_tsv_r16_repair000,False,0.1446792297065258,1,5,76.09117361784675,centroid_router,16
52.833640575408936,5,logt_core_tsv_r16_repair000,False,0.1478235311806202,0,5,,raw,17
58.50091576576233,5,logt_core_tsv_r16_repair000,False,0.1478235311806202,0,5,,cosine,17
50.13710856437683,5,logt_core_tsv_r16_repair000,False,0.1478235311806202,0,5,,affine_calibrated,17
72.2577691078186,1,logt_core_tsv_r16_repair000,True,0.1478235311806202,0,5,,true_node_oracle,17
58.40950608253479,1,logt_core_tsv_r16_repair000,False,0.1478235311806202,1,5,74.49725776965265,centroid_router,17
52.920663356781006,6,logt_core_tsv_r16_repair000,False,0.18538930639624596,0,6,,raw,18
58.54402780532837,6,logt_core_tsv_r16_repair000,False,0.18538930639624596,0,6,,cosine,18
49.95640814304352,6,logt_core_tsv_r16_repair000,False,0.18538930639624596,0,6,,affine_calibrated,18
73.40889573097229,1,logt_core_tsv_r16_repair000,True,0.18538930639624596,0,6,,true_node_oracle,18
58.76199007034302,1,logt_core_tsv_r16_repair000,False,0.18538930639624596,1,6,73.88840453356582,centroid_router,18
52.1431565284729,5,logt_core_tsv_r16_repair000,False,0.14927903190255165,0,5,,raw,19
57.76113271713257,5,logt_core_tsv_r16_repair000,False,0.14927903190255165,0,5,,cosine,19
50.7282555103302,5,logt_core_tsv_r16_repair000,False,0.14927903190255165,0,5,,affine_calibrated,19
71.03620767593384,1,logt_core_tsv_r16_repair000,True,0.14927903190255165,0,5,,true_node_oracle,19
58.21889042854309,1,logt_core_tsv_r16_repair000,False,0.14927903190255165,1,5,73.86600083229297,centroid_router,19
51.4776349067688,6,logt_core_tsv_r16_repair000,False,0.19853425957262516,0,6,,raw,20
57.10862874984741,6,logt_core_tsv_r16_repair000,False,0.19853425957262516,0,6,,cosine,20
49.840256571769714,6,logt_core_tsv_r16_repair000,False,0.19853425957262516,0,6,,affine_calibrated,20
71.92491888999939,1,logt_core_tsv_r16_repair000,True,0.19853425957262516,0,6,,true_node_oracle,20
57.66773223876953,1,logt_core_tsv_r16_repair000,False,0.19853425957262516,1,6,72.20447284345047,centroid_router,20
51.05740427970886,6,logt_core_tsv_r16_repair000,False,0.18531022407114506,0,6,,raw,21
56.797581911087036,6,logt_core_tsv_r16_repair000,False,0.18531022407114506,0,6,,cosine,21
50.52869915962219,6,logt_core_tsv_r16_repair000,False,0.18531022407114506,0,6,,affine_calibrated,21
72.35649824142456,1,logt_core_tsv_r16_repair000,True,0.18531022407114506,0,6,,true_node_oracle,21
57.59063363075256,1,logt_core_tsv_r16_repair000,False,0.18531022407114506,1,6,71.29909365558912,centroid_router,21
50.975435972213745,7,logt_core_tsv_r16_repair000,False,0.2137913964688778,0,7,,raw,22
56.683528423309326,7,logt_core_tsv_r16_repair000,False,0.2137913964688778,0,7,,cosine,22
50.10837912559509,7,logt_core_tsv_r16_repair000,False,0.2137913964688778,0,7,,affine_calibrated,22
73.48265647888184,1,logt_core_tsv_r16_repair000,True,0.2137913964688778,0,7,,true_node_oracle,22
57.3699414730072,1,logt_core_tsv_r16_repair000,False,0.2137913964688778,1,7,70.33959537572254,centroid_router,22
50.43327808380127,5,logt_core_tsv_r16_repair000,False,0.1767183132469654,0,5,,raw,23
55.94453811645508,5,logt_core_tsv_r16_repair000,False,0.1767183132469654,0,5,,cosine,23
49.87868368625641,5,logt_core_tsv_r16_repair000,False,0.1767183132469654,0,5,,affine_calibrated,23
69.32408809661865,1,logt_core_tsv_r16_repair000,True,0.1767183132469654,0,5,,true_node_oracle,23
55.94453811645508,1,logt_core_tsv_r16_repair000,False,0.1767183132469654,1,5,71.99306759098786,centroid_router,23
50.050485134124756,6,logt_core_tsv_r16_repair000,False,0.19577482715249062,0,6,,raw,24
55.5031955242157,6,logt_core_tsv_r16_repair000,False,0.19577482715249062,0,6,,cosine,24
48.67048263549805,6,logt_core_tsv_r16_repair000,False,0.19577482715249062,0,6,,affine_calibrated,24
70.04375457763672,1,logt_core_tsv_r16_repair000,True,0.19577482715249062,0,6,,true_node_oracle,24
55.70514798164368,1,logt_core_tsv_r16_repair000,False,0.19577482715249062,1,6,71.15449343655335,centroid_router,24
49.63768124580383,6,logt_core_tsv_r16_repair000,False,0.19462643191218376,0,6,,raw,25
54.67720627784729,6,logt_core_tsv_r16_repair000,False,0.19462643191218376,0,6,,cosine,25
48.41897189617157,6,logt_core_tsv_r16_repair000,False,0.19462643191218376,0,6,,affine_calibrated,25
69.40052509307861,1,logt_core_tsv_r16_repair000,True,0.19462643191218376,0,6,,true_node_oracle,25
55.33596873283386,1,logt_core_tsv_r16_repair000,False,0.19462643191218376,1,6,70.78392621870883,centroid_router,25
49.57264959812164,7,logt_core_tsv_r16_repair000,False,0.22030365839600563,0,7,,raw,26
54.510921239852905,7,logt_core_tsv_r16_repair000,False,0.22030365839600563,0,7,,cosine,26
47.894904017448425,7,logt_core_tsv_r16_repair000,False,0.22030365839600563,0,7,,affine_calibrated,26
70.2754020690918,1,logt_core_tsv_r16_repair000,True,0.22030365839600563,0,7,,true_node_oracle,26
55.14403581619263,1,logt_core_tsv_r16_repair000,False,0.22030365839600563,1,7,69.61063627730294,centroid_router,26
48.65525662899017,6,logt_core_tsv_r16_repair000,False,0.20391499064862728,0,6,,raw,27
53.728604316711426,6,logt_core_tsv_r16_repair000,False,0.20391499064862728,0,6,,cosine,27
48.685818910598755,6,logt_core_tsv_r16_repair000,False,0.20391499064862728,0,6,,affine_calibrated,27
69.59046721458435,1,logt_core_tsv_r16_repair000,True,0.20391499064862728,0,6,,true_node_oracle,27
54.98166084289551,1,logt_core_tsv_r16_repair000,False,0.20391499064862728,1,6,69.04034229828851,centroid_router,27
48.51807951927185,7,logt_core_tsv_r16_repair000,False,0.22275325283408165,0,7,,raw,28
53.43805551528931,7,logt_core_tsv_r16_repair000,False,0.22275325283408165,0,7,,cosine,28
48.6366331577301,7,logt_core_tsv_r16_repair000,False,0.22275325283408165,0,7,,affine_calibrated,28
70.42086720466614,1,logt_core_tsv_r16_repair000,True,0.22275325283408165,0,7,,true_node_oracle,28
55.18672466278076,1,logt_core_tsv_r16_repair000,False,0.22275325283408165,1,7,68.61292234736219,centroid_router,28
47.620412707328796,7,logt_core_tsv_r16_repair000,False,0.22709565609693527,0,7,,raw,29
52.8956413269043,7,logt_core_tsv_r16_repair000,False,0.22709565609693527,0,7,,cosine,29
47.87844121456146,7,logt_core_tsv_r16_repair000,False,0.22709565609693527,0,7,,affine_calibrated,29
70.72821259498596,1,logt_core_tsv_r16_repair000,True,0.22709565609693527,0,7,,true_node_oracle,29
54.50114607810974,1,logt_core_tsv_r16_repair000,False,0.22709565609693527,1,7,67.14449541284404,centroid_router,29
47.19070792198181,8,logt_core_tsv_r16_repair000,False,0.2575758025050163,0,8,,raw,30
52.29605436325073,8,logt_core_tsv_r16_repair000,False,0.2575758025050163,0,8,,cosine,30
47.19070792198181,8,logt_core_tsv_r16_repair000,False,0.2575758025050163,0,8,,affine_calibrated,30
72.04213738441467,1,logt_core_tsv_r16_repair000,True,0.2575758025050163,0,8,,true_node_oracle,30
54.26796078681946,1,logt_core_tsv_r16_repair000,False,0.2575758025050163,1,8,65.99135602377093,centroid_router,30
47.09119498729706,5,logt_core_tsv_r16_repair000,False,0.17782443761825562,0,5,,raw,31
52.01781988143921,5,logt_core_tsv_r16_repair000,False,0.17782443761825562,0,5,,cosine,31
44.88993585109711,5,logt_core_tsv_r16_repair000,False,0.17782443761825562,0,5,,affine_calibrated,31
63.495808839797974,1,logt_core_tsv_r16_repair000,True,0.17782443761825562,0,5,,true_node_oracle,31
52.437108755111694,1,logt_core_tsv_r16_repair000,False,0.17782443761825562,1,5,74.34486373165619,centroid_router,31
46.644553542137146,6,logt_core_tsv_r16_repair000,False,0.23611829616129398,0,6,,raw,32
51.59479379653931,6,logt_core_tsv_r16_repair000,False,0.23611829616129398,0,6,,cosine,32
43.53151321411133,6,logt_core_tsv_r16_repair000,False,0.23611829616129398,0,6,,affine_calibrated,32
64.25108313560486,1,logt_core_tsv_r16_repair000,True,0.23611829616129398,0,6,,true_node_oracle,32
52.30926275253296,1,logt_core_tsv_r16_repair000,False,0.23611829616129398,1,6,73.30951773411584,centroid_router,32
46.997517347335815,6,logt_core_tsv_r16_repair000,False,0.22163844667375088,0,6,,raw,33
51.91066861152649,6,logt_core_tsv_r16_repair000,False,0.22163844667375088,0,6,,cosine,33
42.803969979286194,6,logt_core_tsv_r16_repair000,False,0.22163844667375088,0,6,,affine_calibrated,33
64.838707447052,1,logt_core_tsv_r16_repair000,True,0.22163844667375088,0,6,,true_node_oracle,33
52.77915596961975,1,logt_core_tsv_r16_repair000,False,0.22163844667375088,1,6,73.17617866004963,centroid_router,33
47.12195098400116,7,logt_core_tsv_r16_repair000,False,0.24425131641328335,0,7,,raw,34
51.82926654815674,7,logt_core_tsv_r16_repair000,False,0.24425131641328335,0,7,,cosine,34
40.87804853916168,7,logt_core_tsv_r16_repair000,False,0.24425131641328335,0,7,,affine_calibrated,34
65.34146070480347,1,logt_core_tsv_r16_repair000,True,0.24425131641328335,0,7,,true_node_oracle,34
52.97560691833496,1,logt_core_tsv_r16_repair000,False,0.24425131641328335,1,7,72.92682926829268,centroid_router,34
46.85215651988983,6,logt_core_tsv_r16_repair000,False,0.21488205902278423,0,6,,raw,35
51.355814933776855,6,logt_core_tsv_r16_repair000,False,0.21488205902278423,0,6,,cosine,35
42.702192068099976,6,logt_core_tsv_r16_repair000,False,0.21488205902278423,0,6,,affine_calibrated,35
64.91393446922302,1,logt_core_tsv_r16_repair000,True,0.21488205902278423,0,6,,true_node_oracle,35
52.29898691177368,1,logt_core_tsv_r16_repair000,False,0.21488205902278423,1,6,72.15279415232257,centroid_router,35
46.9852089881897,7,logt_core_tsv_r16_repair000,False,0.2537883538752794,0,7,,raw,36
51.7406165599823,7,logt_core_tsv_r16_repair000,False,0.2537883538752794,0,7,,cosine,36
42.98065900802612,7,logt_core_tsv_r16_repair000,False,0.2537883538752794,0,7,,affine_calibrated,36
66.00682735443115,1,logt_core_tsv_r16_repair000,True,0.2537883538752794,0,7,,true_node_oracle,36
52.87827253341675,1,logt_core_tsv_r16_repair000,False,0.2537883538752794,1,7,71.8316268486917,centroid_router,36
46.15553617477417,7,logt_core_tsv_r16_repair000,False,0.23748513869941235,0,7,,raw,37
50.85676908493042,7,logt_core_tsv_r16_repair000,False,0.23748513869941235,0,7,,cosine,37
42.42091476917267,7,logt_core_tsv_r16_repair000,False,0.23748513869941235,0,7,,affine_calibrated,37
66.5861189365387,1,logt_core_tsv_r16_repair000,True,0.23748513869941235,0,7,,true_node_oracle,37
52.372580766677856,1,logt_core_tsv_r16_repair000,False,0.23748513869941235,1,7,69.90333919156414,centroid_router,37
46.00639045238495,8,logt_core_tsv_r16_repair000,False,0.265783853828907,0,8,,raw,38
50.86262226104736,8,logt_core_tsv_r16_repair000,False,0.265783853828907,0,8,,cosine,38
42.51331090927124,8,logt_core_tsv_r16_repair000,False,0.265783853828907,0,8,,affine_calibrated,38
67.58253574371338,1,logt_core_tsv_r16_repair000,True,0.265783853828907,0,8,,true_node_oracle,38
52.48136520385742,1,logt_core_tsv_r16_repair000,False,0.265783853828907,1,8,69.22257720979766,centroid_router,38
46.08026742935181,6,logt_core_tsv_r16_repair000,False,0.23076518811285496,0,6,,raw,39
50.86296796798706,6,logt_core_tsv_r16_repair000,False,0.23076518811285496,0,6,,cosine,39
43.46017837524414,6,logt_core_tsv_r16_repair000,False,0.23076518811285496,0,6,,affine_calibrated,39
65.0862991809845,1,logt_core_tsv_r16_repair000,True,0.23076518811285496,0,6,,true_node_oracle,39
52.173006534576416,1,logt_core_tsv_r16_repair000,False,0.23076518811285496,1,6,69.47390309835724,centroid_router,39
45.94703912734985,7,logt_core_tsv_r16_repair000,False,0.2664927504956722,0,7,,raw,40
50.71760416030884,7,logt_core_tsv_r16_repair000,False,0.2664927504956722,0,7,,cosine,40
43.27875375747681,7,logt_core_tsv_r16_repair000,False,0.2664927504956722,0,7,,affine_calibrated,40
65.9187376499176,1,logt_core_tsv_r16_repair000,True,0.2664927504956722,0,7,,true_node_oracle,40
52.173036336898804,1,logt_core_tsv_r16_repair000,False,0.2664927504956722,1,7,68.62745098039215,centroid_router,40
45.787692070007324,7,logt_core_tsv_r16_repair000,False,0.25718402676284313,0,7,,raw,41
50.64728260040283,7,logt_core_tsv_r16_repair000,False,0.25718402676284313,0,7,,cosine,41
43.11890006065369,7,logt_core_tsv_r16_repair000,False,0.25718402676284313,0,7,,affine_calibrated,41
66.06253981590271,1,logt_core_tsv_r16_repair000,True,0.25718402676284313,0,7,,true_node_oracle,41
51.92192792892456,1,logt_core_tsv_r16_repair000,False,0.25718402676284313,1,7,68.01433977295359,centroid_router,41
45.23948132991791,8,logt_core_tsv_r16_repair000,False,0.28725116699934006,0,8,,raw,42
49.83517527580261,8,logt_core_tsv_r16_repair000,False,0.28725116699934006,0,8,,cosine,42
41.94298982620239,8,logt_core_tsv_r16_repair000,False,0.28725116699934006,0,8,,affine_calibrated,42
66.62788391113281,1,logt_core_tsv_r16_repair000,True,0.28725116699934006,0,8,,true_node_oracle,42
51.308900117874146,1,logt_core_tsv_r16_repair000,False,0.28725116699934006,1,8,66.76362226100446,centroid_router,42
45.44070065021515,7,logt_core_tsv_r16_repair000,False,0.2779914028942585,0,7,,raw,43
49.93337094783783,7,logt_core_tsv_r16_repair000,False,0.2779914028942585,0,7,,cosine,43
43.30858588218689,7,logt_core_tsv_r16_repair000,False,0.2779914028942585,0,7,,affine_calibrated,43
65.94327092170715,1,logt_core_tsv_r16_repair000,True,0.2779914028942585,0,7,,true_node_oracle,43
51.26594305038452,1,logt_core_tsv_r16_repair000,False,0.2779914028942585,1,7,66.41918903483723,centroid_router,43
45.34359872341156,8,logt_core_tsv_r16_repair000,False,0.28900113701820374,0,8,,raw,44
49.962449073791504,8,logt_core_tsv_r16_repair000,False,0.28900113701820374,0,8,,cosine,44
43.146827816963196,8,logt_core_tsv_r16_repair000,False,0.28900113701820374,0,8,,affine_calibrated,44
66.22230410575867,1,logt_core_tsv_r16_repair000,True,0.28900113701820374,0,8,,true_node_oracle,44
51.22042894363403,1,logt_core_tsv_r16_repair000,False,0.28900113701820374,1,8,66.16597822005257,centroid_router,44
45.479655265808105,8,logt_core_tsv_r16_repair000,False,0.3141037803143263,0,8,,raw,45
50.26698708534241,8,logt_core_tsv_r16_repair000,False,0.3141037803143263,0,8,,cosine,45
42.6993191242218,8,logt_core_tsv_r16_repair000,False,0.3141037803143263,0,8,,affine_calibrated,45
66.69121980667114,1,logt_core_tsv_r16_repair000,True,0.3141037803143263,0,8,,true_node_oracle,45
51.57429575920105,1,logt_core_tsv_r16_repair000,False,0.3141037803143263,1,8,66.12041981218928,centroid_router,45
45.05217671394348,9,logt_core_tsv_r16_repair000,False,0.33524448424577713,0,9,,raw,46
49.76610243320465,9,logt_core_tsv_r16_repair000,False,0.33524448424577713,0,9,,cosine,46
41.79561138153076,9,logt_core_tsv_r16_repair000,False,0.33524448424577713,0,9,,affine_calibrated,46
67.20043420791626,1,logt_core_tsv_r16_repair000,True,0.33524448424577713,0,9,,true_node_oracle,46
51.16948485374451,1,logt_core_tsv_r16_repair000,False,0.33524448424577713,1,9,65.02338970852824,centroid_router,46
45.00088095664978,6,logt_core_tsv_r16_repair000,False,0.2533109337091446,0,6,,raw,47
49.497443437576294,6,logt_core_tsv_r16_repair000,False,0.2533109337091446,0,6,,cosine,47
42.76141822338104,6,logt_core_tsv_r16_repair000,False,0.2533109337091446,0,6,,affine_calibrated,47
63.21636438369751,1,logt_core_tsv_r16_repair000,True,0.2533109337091446,0,6,,true_node_oracle,47
50.74942708015442,1,logt_core_tsv_r16_repair000,False,0.2533109337091446,1,6,67.64239111267854,centroid_router,47
44.763222336769104,7,logt_core_tsv_r16_repair000,False,0.27567002922296524,0,7,,raw,48
48.96301329135895,7,logt_core_tsv_r16_repair000,False,0.27567002922296524,0,7,,cosine,48
42.3781543970108,7,logt_core_tsv_r16_repair000,False,0.27567002922296524,0,7,,affine_calibrated,48
63.84376287460327,1,logt_core_tsv_r16_repair000,True,0.27567002922296524,0,7,,true_node_oracle,48
50.62218904495239,1,logt_core_tsv_r16_repair000,False,0.27567002922296524,1,7,67.09298306256481,centroid_router,48
44.736841320991516,7,logt_core_tsv_r16_repair000,False,0.2747692931443453,0,7,,raw,49
48.98132383823395,7,logt_core_tsv_r16_repair000,False,0.2747692931443453,0,7,,cosine,49
42.64855682849884,7,logt_core_tsv_r16_repair000,False,0.2747692931443453,0,7,,affine_calibrated,49
64.04074430465698,1,logt_core_tsv_r16_repair000,True,0.2747692931443453,0,7,,true_node_oracle,49
50.61120390892029,1,logt_core_tsv_r16_repair000,False,0.2747692931443453,1,7,66.7402376910017,centroid_router,49
44.94999945163727,8,logt_core_tsv_r16_repair000,False,0.3397270627319813,0,8,,raw,50
49.25000071525574,8,logt_core_tsv_r16_repair000,False,0.3397270627319813,0,8,,cosine,50
42.516666650772095,8,logt_core_tsv_r16_repair000,False,0.3397270627319813,0,8,,affine_calibrated,50
64.60000276565552,1,logt_core_tsv_r16_repair000,True,0.3397270627319813,0,8,,true_node_oracle,50
50.91666579246521,1,logt_core_tsv_r16_repair000,False,0.3397270627319813,1,8,66.71666666666667,centroid_router,50
95.76271176338196,1,logt_core_tsv_r16_repair005,False,0.07703530415892601,0,1,,raw,1
95.76271176338196,1,logt_core_tsv_r16_repair005,False,0.07703530415892601,0,1,,cosine,1
95.76271176338196,1,logt_core_tsv_r16_repair005,False,0.07703530415892601,0,1,,affine_calibrated,1
95.76271176338196,1,logt_core_tsv_r16_repair005,True,0.07703530415892601,0,1,,true_node_oracle,1
95.76271176338196,1,logt_core_tsv_r16_repair005,False,0.07703530415892601,1,1,100.0,centroid_router,1
77.4193525314331,2,logt_core_tsv_r16_repair005,False,0.09157036431133747,0,2,,raw,2
77.82257795333862,2,logt_core_tsv_r16_repair005,False,0.09157036431133747,0,2,,cosine,2
79.83871102333069,2,logt_core_tsv_r16_repair005,False,0.09157036431133747,0,2,,affine_calibrated,2
93.14516186714172,1,logt_core_tsv_r16_repair005,True,0.09157036431133747,0,2,,true_node_oracle,2
86.29032373428345,1,logt_core_tsv_r16_repair005,False,0.09157036431133747,1,2,91.93548387096774,centroid_router,2
70.81218361854553,2,logt_core_tsv_r16_repair005,False,0.09685205109417439,0,2,,raw,3
71.82741165161133,2,logt_core_tsv_r16_repair005,False,0.09685205109417439,0,2,,cosine,3
74.61928725242615,2,logt_core_tsv_r16_repair005,False,0.09685205109417439,0,2,,affine_calibrated,3
81.97969794273376,1,logt_core_tsv_r16_repair005,True,0.09685205109417439,0,2,,true_node_oracle,3
73.09644818305969,1,logt_core_tsv_r16_repair005,False,0.09685205109417439,1,2,86.80203045685279,centroid_router,3
68.42105388641357,3,logt_core_tsv_r16_repair005,False,0.11269976198673248,0,3,,raw,4
70.17543911933899,3,logt_core_tsv_r16_repair005,False,0.11269976198673248,0,3,,cosine,4
74.73683953285217,3,logt_core_tsv_r16_repair005,False,0.11269976198673248,0,3,,affine_calibrated,4
84.91228222846985,1,logt_core_tsv_r16_repair005,True,0.11269976198673248,0,3,,true_node_oracle,4
74.210524559021,1,logt_core_tsv_r16_repair005,False,0.11269976198673248,1,3,83.6842105263158,centroid_router,4
65.04297852516174,3,logt_core_tsv_r16_repair005,False,0.11532795056700706,0,3,,raw,5
66.90544486045837,3,logt_core_tsv_r16_repair005,False,0.11532795056700706,0,3,,cosine,5
67.6217794418335,3,logt_core_tsv_r16_repair005,False,0.11532795056700706,0,3,,affine_calibrated,5
83.23782086372375,1,logt_core_tsv_r16_repair005,True,0.11532795056700706,0,3,,true_node_oracle,5
71.77650332450867,1,logt_core_tsv_r16_repair005,False,0.11532795056700706,1,3,82.378223495702,centroid_router,5
64.79217410087585,4,logt_core_tsv_r16_repair005,False,0.11651657335460186,0,4,,raw,6
66.5036678314209,4,logt_core_tsv_r16_repair005,False,0.11651657335460186,0,4,,cosine,6
66.87041521072388,4,logt_core_tsv_r16_repair005,False,0.11651657335460186,0,4,,affine_calibrated,6
84.35207605361938,1,logt_core_tsv_r16_repair005,True,0.11651657335460186,0,4,,true_node_oracle,6
70.29339671134949,1,logt_core_tsv_r16_repair005,False,0.11651657335460186,1,4,79.09535452322739,centroid_router,6
63.236868381500244,3,logt_core_tsv_r16_repair005,False,0.11278613656759262,0,3,,raw,7
66.13076329231262,3,logt_core_tsv_r16_repair005,False,0.11278613656759262,0,3,,cosine,7
56.591641902923584,3,logt_core_tsv_r16_repair005,False,0.11278613656759262,0,3,,affine_calibrated,7
76.63451433181763,1,logt_core_tsv_r16_repair005,True,0.11278613656759262,0,3,,true_node_oracle,7
67.41693615913391,1,logt_core_tsv_r16_repair005,False,0.11278613656759262,1,3,84.2443729903537,centroid_router,7
63.508445024490356,4,logt_core_tsv_r16_repair005,False,0.17141216807067394,0,4,,raw,8
67.72983074188232,4,logt_core_tsv_r16_repair005,False,0.17141216807067394,0,4,,cosine,8
57.129454612731934,4,logt_core_tsv_r16_repair005,False,0.17141216807067394,0,4,,affine_calibrated,8
79.17448282241821,1,logt_core_tsv_r16_repair005,True,0.17141216807067394,0,4,,true_node_oracle,8
67.63602495193481,1,logt_core_tsv_r16_repair005,False,0.17141216807067394,1,4,82.17636022514071,centroid_router,8
62.99999952316284,4,logt_core_tsv_r16_repair005,False,0.11962041072547436,0,4,,raw,9
66.8333351612091,4,logt_core_tsv_r16_repair005,False,0.11962041072547436,0,4,,cosine,9
57.58333206176758,4,logt_core_tsv_r16_repair005,False,0.11962041072547436,0,4,,affine_calibrated,9
78.66666913032532,1,logt_core_tsv_r16_repair005,True,0.11962041072547436,0,4,,true_node_oracle,9
66.75000190734863,1,logt_core_tsv_r16_repair005,False,0.11962041072547436,1,4,80.58333333333333,centroid_router,9
60.089683532714844,5,logt_core_tsv_r16_repair005,False,0.14574813283979893,0,5,,raw,10
64.34977650642395,5,logt_core_tsv_r16_repair005,False,0.14574813283979893,0,5,,cosine,10
56.95067048072815,5,logt_core_tsv_r16_repair005,False,0.14574813283979893,0,5,,affine_calibrated,10
80.19431829452515,1,logt_core_tsv_r16_repair005,True,0.14574813283979893,0,5,,true_node_oracle,10
64.72346782684326,1,logt_core_tsv_r16_repair005,False,0.14574813283979893,1,5,76.23318385650224,centroid_router,10
60.98748445510864,4,logt_core_tsv_r16_repair005,False,0.1327976956963539,0,4,,raw,11
64.46453332901001,4,logt_core_tsv_r16_repair005,False,0.1327976956963539,0,4,,cosine,11
60.08344888687134,4,logt_core_tsv_r16_repair005,False,0.1327976956963539,0,4,,affine_calibrated,11
76.00834369659424,1,logt_core_tsv_r16_repair005,True,0.1327976956963539,0,4,,true_node_oracle,11
64.7426962852478,1,logt_core_tsv_r16_repair005,False,0.1327976956963539,1,4,78.09457579972184,centroid_router,11
59.07335877418518,5,logt_core_tsv_r16_repair005,False,0.1699563581496477,0,5,,raw,12
63.063061237335205,5,logt_core_tsv_r16_repair005,False,0.1699563581496477,0,5,,cosine,12
58.23680758476257,5,logt_core_tsv_r16_repair005,False,0.1699563581496477,0,5,,affine_calibrated,12
77.22007632255554,1,logt_core_tsv_r16_repair005,True,0.1699563581496477,0,5,,true_node_oracle,12
64.09266591072083,1,logt_core_tsv_r16_repair005,False,0.1699563581496477,1,5,75.74002574002574,centroid_router,12
59.5478892326355,5,logt_core_tsv_r16_repair005,False,0.1548996064811945,0,5,,raw,13
63.533610105514526,5,logt_core_tsv_r16_repair005,False,0.1548996064811945,0,5,,cosine,13
60.26175022125244,5,logt_core_tsv_r16_repair005,False,0.1548996064811945,0,5,,affine_calibrated,13
78.2272458076477,1,logt_core_tsv_r16_repair005,True,0.1548996064811945,0,5,,true_node_oracle,13
64.5449161529541,1,logt_core_tsv_r16_repair005,False,0.1548996064811945,1,5,75.2528256989887,centroid_router,13
57.69442915916443,6,logt_core_tsv_r16_repair005,False,0.1799032874405384,0,6,,raw,14
61.38995885848999,6,logt_core_tsv_r16_repair005,False,0.1799032874405384,0,6,,cosine,14
58.19084644317627,6,logt_core_tsv_r16_repair005,False,0.1799032874405384,0,6,,affine_calibrated,14
79.2608916759491,1,logt_core_tsv_r16_repair005,True,0.1799032874405384,0,6,,true_node_oracle,14
63.54109048843384,1,logt_core_tsv_r16_repair005,False,0.1799032874405384,1,6,73.35907335907336,centroid_router,14
59.253501892089844,4,logt_core_tsv_r16_repair005,False,0.1242713313549757,0,4,,raw,15
61.63815259933472,4,logt_core_tsv_r16_repair005,False,0.1242713313549757,0,4,,cosine,15
57.80196785926819,4,logt_core_tsv_r16_repair005,False,0.1242713313549757,0,4,,affine_calibrated,15
73.56142997741699,1,logt_core_tsv_r16_repair005,True,0.1242713313549757,0,4,,true_node_oracle,15
62.208396196365356,1,logt_core_tsv_r16_repair005,False,0.1242713313549757,1,4,78.90098496630378,centroid_router,15
58.97186994552612,5,logt_core_tsv_r16_repair005,False,0.16960429586470127,0,5,,raw,16
60.911738872528076,5,logt_core_tsv_r16_repair005,False,0.16960429586470127,0,5,,cosine,16
55.28612732887268,5,logt_core_tsv_r16_repair005,False,0.16960429586470127,0,5,,affine_calibrated,16
74.53927993774414,1,logt_core_tsv_r16_repair005,True,0.16960429586470127,0,5,,true_node_oracle,16
61.15421652793884,1,logt_core_tsv_r16_repair005,False,0.16960429586470127,1,5,76.09117361784675,centroid_router,16
58.08957815170288,5,logt_core_tsv_r16_repair005,False,0.1819112990051508,0,5,,raw,17
60.55758595466614,5,logt_core_tsv_r16_repair005,False,0.1819112990051508,0,5,,cosine,17
53.930532932281494,5,logt_core_tsv_r16_repair005,False,0.1819112990051508,0,5,,affine_calibrated,17
74.8171865940094,1,logt_core_tsv_r16_repair005,True,0.1819112990051508,0,5,,true_node_oracle,17
60.60329079627991,1,logt_core_tsv_r16_repair005,False,0.1819112990051508,1,5,74.49725776965265,centroid_router,17
57.93374180793762,6,logt_core_tsv_r16_repair005,False,0.23417679592967033,0,6,,raw,18
60.59284806251526,6,logt_core_tsv_r16_repair005,False,0.23417679592967033,0,6,,cosine,18
53.61813306808472,6,logt_core_tsv_r16_repair005,False,0.23417679592967033,0,6,,affine_calibrated,18
75.85004568099976,1,logt_core_tsv_r16_repair005,True,0.23417679592967033,0,6,,true_node_oracle,18
60.85440516471863,1,logt_core_tsv_r16_repair005,False,0.23417679592967033,1,6,73.88840453356582,centroid_router,18
57.30336904525757,5,logt_core_tsv_r16_repair005,False,0.20711267180740833,0,5,,raw,19
60.13316512107849,5,logt_core_tsv_r16_repair005,False,0.20711267180740833,0,5,,cosine,19
54.05742526054382,5,logt_core_tsv_r16_repair005,False,0.20711267180740833,0,5,,affine_calibrated,19
73.53308200836182,1,logt_core_tsv_r16_repair005,True,0.20711267180740833,0,5,,true_node_oracle,19
60.3412389755249,1,logt_core_tsv_r16_repair005,False,0.20711267180740833,1,5,73.86600083229297,centroid_router,19
56.549519300460815,6,logt_core_tsv_r16_repair005,False,0.19230349175632,0,6,,raw,20
59.26517844200134,6,logt_core_tsv_r16_repair005,False,0.19230349175632,0,6,,cosine,20
53.35463285446167,6,logt_core_tsv_r16_repair005,False,0.19230349175632,0,6,,affine_calibrated,20
74.32108521461487,1,logt_core_tsv_r16_repair005,True,0.19230349175632,0,6,,true_node_oracle,20
59.624600410461426,1,logt_core_tsv_r16_repair005,False,0.19230349175632,1,6,72.20447284345047,centroid_router,20
56.457704305648804,6,logt_core_tsv_r16_repair005,False,0.19756835140287876,0,6,,raw,21
59.2900276184082,6,logt_core_tsv_r16_repair005,False,0.19756835140287876,0,6,,cosine,21
53.88972759246826,6,logt_core_tsv_r16_repair005,False,0.19756835140287876,0,6,,affine_calibrated,21
74.58459138870239,1,logt_core_tsv_r16_repair005,True,0.19756835140287876,0,6,,true_node_oracle,21
59.44108963012695,1,logt_core_tsv_r16_repair005,False,0.19756835140287876,1,6,71.29909365558912,centroid_router,21
56.286126375198364,7,logt_core_tsv_r16_repair005,False,0.22029591165482998,0,7,,raw,22
59.17630195617676,7,logt_core_tsv_r16_repair005,False,0.22029591165482998,0,7,,cosine,22
53.251445293426514,7,logt_core_tsv_r16_repair005,False,0.22029591165482998,0,7,,affine_calibrated,22
75.61416029930115,1,logt_core_tsv_r16_repair005,True,0.22029591165482998,0,7,,true_node_oracle,22
59.140175580978394,1,logt_core_tsv_r16_repair005,False,0.22029591165482998,1,7,70.33959537572254,centroid_router,22
55.355286598205566,5,logt_core_tsv_r16_repair005,False,0.17081673629581928,0,5,,raw,23
58.682841062545776,5,logt_core_tsv_r16_repair005,False,0.17081673629581928,0,5,,cosine,23
54.3154239654541,5,logt_core_tsv_r16_repair005,False,0.17081673629581928,0,5,,affine_calibrated,23
71.71577215194702,1,logt_core_tsv_r16_repair005,True,0.17081673629581928,0,5,,true_node_oracle,23
57.816290855407715,1,logt_core_tsv_r16_repair005,False,0.17081673629581928,1,5,71.99306759098786,centroid_router,23
54.83002066612244,6,logt_core_tsv_r16_repair005,False,0.19731249660253525,0,6,,raw,24
58.094918727874756,6,logt_core_tsv_r16_repair005,False,0.19731249660253525,0,6,,cosine,24
52.57489085197449,6,logt_core_tsv_r16_repair005,False,0.19731249660253525,0,6,,affine_calibrated,24
72.36620783805847,1,logt_core_tsv_r16_repair005,True,0.19731249660253525,0,6,,true_node_oracle,24
57.52272009849548,1,logt_core_tsv_r16_repair005,False,0.19731249660253525,1,6,71.15449343655335,centroid_router,24
54.512518644332886,6,logt_core_tsv_r16_repair005,False,0.19983516447246075,0,6,,raw,25
57.1475625038147,6,logt_core_tsv_r16_repair005,False,0.19983516447246075,0,6,,cosine,25
52.338606119155884,6,logt_core_tsv_r16_repair005,False,0.19983516447246075,0,6,,affine_calibrated,25
71.67325615882874,1,logt_core_tsv_r16_repair005,True,0.19983516447246075,0,6,,true_node_oracle,25
57.114624977111816,1,logt_core_tsv_r16_repair005,False,0.19983516447246075,1,6,70.78392621870883,centroid_router,25
54.384297132492065,7,logt_core_tsv_r16_repair005,False,0.22587398625910282,0,7,,raw,26
56.853437423706055,7,logt_core_tsv_r16_repair005,False,0.22587398625910282,0,7,,cosine,26
51.820194721221924,7,logt_core_tsv_r16_repair005,False,0.22587398625910282,0,7,,affine_calibrated,26
72.4596381187439,1,logt_core_tsv_r16_repair005,True,0.22587398625910282,0,7,,true_node_oracle,26
56.821781396865845,1,logt_core_tsv_r16_repair005,False,0.22587398625910282,1,7,69.61063627730294,centroid_router,26
53.23960781097412,6,logt_core_tsv_r16_repair005,False,0.20818034373223782,0,6,,raw,27
56.112468242645264,6,logt_core_tsv_r16_repair005,False,0.20818034373223782,0,6,,cosine,27
51.77261829376221,6,logt_core_tsv_r16_repair005,False,0.20818034373223782,0,6,,affine_calibrated,27
71.85207605361938,1,logt_core_tsv_r16_repair005,True,0.20818034373223782,0,6,,true_node_oracle,27
56.63203001022339,1,logt_core_tsv_r16_repair005,False,0.20818034373223782,1,6,69.04034229828851,centroid_router,27
52.81565189361572,7,logt_core_tsv_r16_repair005,False,0.23282546363770962,0,7,,raw,28
55.54238557815552,7,logt_core_tsv_r16_repair005,False,0.23282546363770962,0,7,,cosine,28
51.57083868980408,7,logt_core_tsv_r16_repair005,False,0.23282546363770962,0,7,,affine_calibrated,28
72.6141095161438,1,logt_core_tsv_r16_repair005,True,0.23282546363770962,0,7,,true_node_oracle,28
56.75755739212036,1,logt_core_tsv_r16_repair005,False,0.23282546363770962,1,7,68.61292234736219,centroid_router,28
51.97821259498596,7,logt_core_tsv_r16_repair005,False,0.23265830613672733,0,7,,raw,29
55.01720309257507,7,logt_core_tsv_r16_repair005,False,0.23265830613672733,0,7,,cosine,29
50.86008906364441,7,logt_core_tsv_r16_repair005,False,0.23265830613672733,0,7,,affine_calibrated,29
72.84976840019226,1,logt_core_tsv_r16_repair005,True,0.23265830613672733,0,7,,true_node_oracle,29
55.905961990356445,1,logt_core_tsv_r16_repair005,False,0.23265830613672733,1,7,67.14449541284404,centroid_router,29
51.43165588378906,8,logt_core_tsv_r16_repair005,False,0.2649945765733719,0,8,,raw,30
54.45705056190491,8,logt_core_tsv_r16_repair005,False,0.2649945765733719,0,8,,cosine,30
50.16207695007324,8,logt_core_tsv_r16_repair005,False,0.2649945765733719,0,8,,affine_calibrated,30
74.0410566329956,1,logt_core_tsv_r16_repair005,True,0.2649945765733719,0,8,,true_node_oracle,30
55.56455850601196,1,logt_core_tsv_r16_repair005,False,0.2649945765733719,1,8,65.99135602377093,centroid_router,30
54.19287085533142,5,logt_core_tsv_r16_repair005,False,0.1794037837535143,0,5,,raw,31
55.319708585739136,5,logt_core_tsv_r16_repair005,False,0.1794037837535143,0,5,,cosine,31
50.81236958503723,5,logt_core_tsv_r16_repair005,False,0.1794037837535143,0,5,,affine_calibrated,31
68.81551146507263,1,logt_core_tsv_r16_repair005,True,0.1794037837535143,0,5,,true_node_oracle,31
56.498950719833374,1,logt_core_tsv_r16_repair005,False,0.1794037837535143,1,5,74.34486373165619,centroid_router,31
53.61061692237854,6,logt_core_tsv_r16_repair005,False,0.21606084145605564,0,6,,raw,32
54.83541488647461,6,logt_core_tsv_r16_repair005,False,0.21606084145605564,0,6,,cosine,32
49.78310763835907,6,logt_core_tsv_r16_repair005,False,0.21606084145605564,0,6,,affine_calibrated,32
69.43097710609436,1,logt_core_tsv_r16_repair005,True,0.21606084145605564,0,6,,true_node_oracle,32
56.23883605003357,1,logt_core_tsv_r16_repair005,False,0.21606084145605564,1,6,73.30951773411584,centroid_router,32
53.74689698219299,6,logt_core_tsv_r16_repair005,False,0.22076676599681377,0,6,,raw,33
55.11166453361511,6,logt_core_tsv_r16_repair005,False,0.22076676599681377,0,6,,cosine,33
49.60297644138336,6,logt_core_tsv_r16_repair005,False,0.22076676599681377,0,6,,affine_calibrated,33
69.87593173980713,1,logt_core_tsv_r16_repair005,True,0.22076676599681377,0,6,,true_node_oracle,33
56.575679779052734,1,logt_core_tsv_r16_repair005,False,0.22076676599681377,1,6,73.17617866004963,centroid_router,33
53.731709718704224,7,logt_core_tsv_r16_repair005,False,0.21280398406088352,0,7,,raw,34
54.951220750808716,7,logt_core_tsv_r16_repair005,False,0.21280398406088352,0,7,,cosine,34
48.073169589042664,7,logt_core_tsv_r16_repair005,False,0.21280398406088352,0,7,,affine_calibrated,34
70.29268145561218,1,logt_core_tsv_r16_repair005,True,0.21280398406088352,0,7,,true_node_oracle,34
56.682926416397095,1,logt_core_tsv_r16_repair005,False,0.21280398406088352,1,7,72.92682926829268,centroid_router,34
53.64300608634949,6,logt_core_tsv_r16_repair005,False,0.1938096471130848,0,6,,raw,35
54.49186563491821,6,logt_core_tsv_r16_repair005,False,0.1938096471130848,0,6,,cosine,35
49.18651282787323,6,logt_core_tsv_r16_repair005,False,0.1938096471130848,0,6,,affine_calibrated,35
69.86559629440308,1,logt_core_tsv_r16_repair005,True,0.1938096471130848,0,6,,true_node_oracle,35
55.9302031993866,1,logt_core_tsv_r16_repair005,False,0.1938096471130848,1,6,72.15279415232257,centroid_router,35
53.697383403778076,7,logt_core_tsv_r16_repair005,False,0.22792315296828747,0,7,,raw,36
54.81228828430176,7,logt_core_tsv_r16_repair005,False,0.22792315296828747,0,7,,cosine,36
49.032992124557495,7,logt_core_tsv_r16_repair005,False,0.22792315296828747,0,7,,affine_calibrated,36
70.78498005867004,1,logt_core_tsv_r16_repair005,True,0.22792315296828747,0,7,,true_node_oracle,36
56.35949969291687,1,logt_core_tsv_r16_repair005,False,0.22792315296828747,1,7,71.8316268486917,centroid_router,36
52.85588502883911,7,logt_core_tsv_r16_repair005,False,0.22567310370504856,0,7,,raw,37
53.91036868095398,7,logt_core_tsv_r16_repair005,False,0.22567310370504856,0,7,,cosine,37
47.16608226299286,7,logt_core_tsv_r16_repair005,False,0.22567310370504856,0,7,,affine_calibrated,37
71.22144103050232,1,logt_core_tsv_r16_repair005,True,0.22567310370504856,0,7,,true_node_oracle,37
55.62390089035034,1,logt_core_tsv_r16_repair005,False,0.22567310370504856,1,7,69.90333919156414,centroid_router,37
52.75825262069702,8,logt_core_tsv_r16_repair005,False,0.2909388914704323,0,8,,raw,38
54.01490926742554,8,logt_core_tsv_r16_repair005,False,0.2909388914704323,0,8,,cosine,38
47.050052881240845,8,logt_core_tsv_r16_repair005,False,0.2909388914704323,0,8,,affine_calibrated,38
72.07667827606201,1,logt_core_tsv_r16_repair005,True,0.2909388914704323,0,8,,true_node_oracle,38
55.56975603103638,1,logt_core_tsv_r16_repair005,False,0.2909388914704323,1,8,69.22257720979766,centroid_router,38
53.420668840408325,6,logt_core_tsv_r16_repair005,False,0.22994256764650345,0,6,,raw,39
54.08608913421631,6,logt_core_tsv_r16_repair005,False,0.22994256764650345,0,6,,cosine,39
48.80432486534119,6,logt_core_tsv_r16_repair005,False,0.22994256764650345,0,6,,affine_calibrated,39
70.11852860450745,1,logt_core_tsv_r16_repair005,True,0.22994256764650345,0,6,,true_node_oracle,39
55.54169416427612,1,logt_core_tsv_r16_repair005,False,0.22994256764650345,1,6,69.47390309835724,centroid_router,39
53.183746337890625,7,logt_core_tsv_r16_repair005,False,0.25832011736929417,0,7,,raw,40
53.97210717201233,7,logt_core_tsv_r16_repair005,False,0.25832011736929417,0,7,,cosine,40
48.75682294368744,7,logt_core_tsv_r16_repair005,False,0.25832011736929417,0,7,,affine_calibrated,40
70.81059217453003,1,logt_core_tsv_r16_repair005,True,0.25832011736929417,0,7,,true_node_oracle,40
55.44774532318115,1,logt_core_tsv_r16_repair005,False,0.25832011736929417,1,7,68.62745098039215,centroid_router,40
52.9974102973938,7,logt_core_tsv_r16_repair005,False,0.26805608719587326,0,7,,raw,41
53.73431444168091,7,logt_core_tsv_r16_repair005,False,0.26805608719587326,0,7,,cosine,41
48.35689961910248,7,logt_core_tsv_r16_repair005,False,0.26805608719587326,0,7,,affine_calibrated,41
70.88229656219482,1,logt_core_tsv_r16_repair005,True,0.26805608719587326,0,7,,true_node_oracle,41
55.16829490661621,1,logt_core_tsv_r16_repair005,False,0.26805608719587326,1,7,68.01433977295359,centroid_router,41
52.220284938812256,8,logt_core_tsv_r16_repair005,False,0.2990436013787985,0,8,,raw,42
52.821409702301025,8,logt_core_tsv_r16_repair005,False,0.2990436013787985,0,8,,cosine,42
47.391894459724426,8,logt_core_tsv_r16_repair005,False,0.2990436013787985,0,8,,affine_calibrated,42
71.3205337524414,1,logt_core_tsv_r16_repair005,True,0.2990436013787985,0,8,,true_node_oracle,42
54.430872201919556,1,logt_core_tsv_r16_repair005,False,0.2990436013787985,1,8,66.76362226100446,centroid_router,42
52.27488875389099,7,logt_core_tsv_r16_repair005,False,0.27226625569164753,0,7,,raw,43
52.769845724105835,7,logt_core_tsv_r16_repair005,False,0.27226625569164753,0,7,,cosine,43
48.334285616874695,7,logt_core_tsv_r16_repair005,False,0.27226625569164753,0,7,,affine_calibrated,43
70.6072747707367,1,logt_core_tsv_r16_repair005,True,0.27226625569164753,0,7,,true_node_oracle,43
54.27374839782715,1,logt_core_tsv_r16_repair005,False,0.27226625569164753,1,7,66.41918903483723,centroid_router,43
52.196770906448364,8,logt_core_tsv_r16_repair005,False,0.30253322422504425,0,8,,raw,44
52.70372033119202,8,logt_core_tsv_r16_repair005,False,0.30253322422504425,0,8,,cosine,44
48.23507368564606,8,logt_core_tsv_r16_repair005,False,0.30253322422504425,0,8,,affine_calibrated,44
70.8223819732666,1,logt_core_tsv_r16_repair005,True,0.30253322422504425,0,8,,true_node_oracle,44
54.18700575828552,1,logt_core_tsv_r16_repair005,False,0.30253322422504425,1,8,66.16597822005257,centroid_router,44
52.45811343193054,8,logt_core_tsv_r16_repair005,False,0.334445059299469,0,8,,raw,45
52.97366976737976,8,logt_core_tsv_r16_repair005,False,0.334445059299469,0,8,,cosine,45
47.78125584125519,8,logt_core_tsv_r16_repair005,False,0.334445059299469,0,8,,affine_calibrated,45
71.22076749801636,1,logt_core_tsv_r16_repair005,True,0.334445059299469,0,8,,true_node_oracle,45
54.501932859420776,1,logt_core_tsv_r16_repair005,False,0.334445059299469,1,8,66.12041981218928,centroid_router,45
51.997119188308716,9,logt_core_tsv_r16_repair005,False,0.32390567287802696,0,9,,raw,46
52.37495303153992,9,logt_core_tsv_r16_repair005,False,0.32390567287802696,0,9,,cosine,46
46.671465039253235,9,logt_core_tsv_r16_repair005,False,0.32390567287802696,0,9,,affine_calibrated,46
71.62648439407349,1,logt_core_tsv_r16_repair005,True,0.32390567287802696,0,9,,true_node_oracle,46
53.940266370773315,1,logt_core_tsv_r16_repair005,False,0.32390567287802696,1,9,65.02338970852824,centroid_router,46
51.684004068374634,6,logt_core_tsv_r16_repair005,False,0.22693697549402714,0,6,,raw,47
52.847820520401,6,logt_core_tsv_r16_repair005,False,0.22693697549402714,0,6,,cosine,47
48.069122433662415,6,logt_core_tsv_r16_repair005,False,0.22693697549402714,0,6,,affine_calibrated,47
68.03032755851746,1,logt_core_tsv_r16_repair005,True,0.22693697549402714,0,6,,true_node_oracle,47
53.90583872795105,1,logt_core_tsv_r16_repair005,False,0.22693697549402714,1,6,67.64239111267854,centroid_router,47
51.296234130859375,7,logt_core_tsv_r16_repair005,False,0.2505572848021984,0,7,,raw,48
52.21223831176758,7,logt_core_tsv_r16_repair005,False,0.2505572848021984,0,7,,cosine,48
47.269269824028015,7,logt_core_tsv_r16_repair005,False,0.2505572848021984,0,7,,affine_calibrated,48
68.56204867362976,1,logt_core_tsv_r16_repair005,True,0.2505572848021984,0,7,,true_node_oracle,48
53.715866804122925,1,logt_core_tsv_r16_repair005,False,0.2505572848021984,1,7,67.09298306256481,centroid_router,48
51.307302713394165,7,logt_core_tsv_r16_repair005,False,0.2593077961355448,0,7,,raw,49
52.156198024749756,7,logt_core_tsv_r16_repair005,False,0.2593077961355448,0,7,,cosine,49
47.55517840385437,7,logt_core_tsv_r16_repair005,False,0.2593077961355448,0,7,,affine_calibrated,49
68.70967745780945,1,logt_core_tsv_r16_repair005,True,0.2593077961355448,0,7,,true_node_oracle,49
53.667235374450684,1,logt_core_tsv_r16_repair005,False,0.2593077961355448,1,7,66.7402376910017,centroid_router,49
51.46666765213013,8,logt_core_tsv_r16_repair005,False,0.2961633652448654,0,8,,raw,50
52.283334732055664,8,logt_core_tsv_r16_repair005,False,0.2961633652448654,0,8,,cosine,50
47.51666784286499,8,logt_core_tsv_r16_repair005,False,0.2961633652448654,0,8,,affine_calibrated,50
69.18333172798157,1,logt_core_tsv_r16_repair005,True,0.2961633652448654,0,8,,true_node_oracle,50
53.89999747276306,1,logt_core_tsv_r16_repair005,False,0.2961633652448654,1,8,66.71666666666667,centroid_router,50
95.76271176338196,1,logt_drift_r16_repair000,False,0.06636940874159336,0,1,,raw,1
95.76271176338196,1,logt_drift_r16_repair000,False,0.06636940874159336,0,1,,cosine,1
95.76271176338196,1,logt_drift_r16_repair000,False,0.06636940874159336,0,1,,affine_calibrated,1
95.76271176338196,1,logt_drift_r16_repair000,True,0.06636940874159336,0,1,,true_node_oracle,1
95.76271176338196,1,logt_drift_r16_repair000,False,0.06636940874159336,1,1,100.0,centroid_router,1
77.4193525314331,2,logt_drift_r16_repair000,False,0.08404707349836826,0,2,,raw,2
77.82257795333862,2,logt_drift_r16_repair000,False,0.08404707349836826,0,2,,cosine,2
79.83871102333069,2,logt_drift_r16_repair000,False,0.08404707349836826,0,2,,affine_calibrated,2
93.14516186714172,1,logt_drift_r16_repair000,True,0.08404707349836826,0,2,,true_node_oracle,2
86.29032373428345,1,logt_drift_r16_repair000,False,0.08404707349836826,1,2,91.93548387096774,centroid_router,2
70.3045666217804,2,logt_drift_r16_repair000,False,0.08232196979224682,0,2,,raw,3
71.0659921169281,2,logt_drift_r16_repair000,False,0.08232196979224682,0,2,,cosine,3
74.11167621612549,2,logt_drift_r16_repair000,False,0.08232196979224682,0,2,,affine_calibrated,3
81.47208094596863,1,logt_drift_r16_repair000,True,0.08232196979224682,0,2,,true_node_oracle,3
72.58883118629456,1,logt_drift_r16_repair000,False,0.08232196979224682,1,2,86.80203045685279,centroid_router,3
68.0701732635498,3,logt_drift_r16_repair000,False,0.10471866838634014,0,3,,raw,4
69.82455849647522,3,logt_drift_r16_repair000,False,0.10471866838634014,0,3,,cosine,4
74.56140518188477,3,logt_drift_r16_repair000,False,0.10471866838634014,0,3,,affine_calibrated,4
84.56140160560608,1,logt_drift_r16_repair000,True,0.10471866838634014,0,3,,true_node_oracle,4
74.03509020805359,1,logt_drift_r16_repair000,False,0.10471866838634014,1,3,83.6842105263158,centroid_router,4
64.61318135261536,3,logt_drift_r16_repair000,False,0.10140810161828995,0,3,,raw,5
67.0487105846405,3,logt_drift_r16_repair000,False,0.10140810161828995,0,3,,cosine,5
67.19197630882263,3,logt_drift_r16_repair000,False,0.10140810161828995,0,3,,affine_calibrated,5
82.9512894153595,1,logt_drift_r16_repair000,True,0.10140810161828995,0,3,,true_node_oracle,5
71.63323760032654,1,logt_drift_r16_repair000,False,0.10140810161828995,1,3,82.378223495702,centroid_router,5
64.30317759513855,4,logt_drift_r16_repair000,False,0.11663557402789593,0,4,,raw,6
66.74816608428955,4,logt_drift_r16_repair000,False,0.11663557402789593,0,4,,cosine,6
66.13692045211792,4,logt_drift_r16_repair000,False,0.11663557402789593,0,4,,affine_calibrated,6
84.10757780075073,1,logt_drift_r16_repair000,True,0.11663557402789593,0,4,,true_node_oracle,6
70.17114758491516,1,logt_drift_r16_repair000,False,0.11663557402789593,1,4,79.09535452322739,centroid_router,6
62.05787658691406,3,logt_drift_r16_repair000,False,0.10621636919677258,0,3,,raw,7
65.16613364219666,3,logt_drift_r16_repair000,False,0.10621636919677258,0,3,,cosine,7
55.94855546951294,3,logt_drift_r16_repair000,False,0.10621636919677258,0,3,,affine_calibrated,7
74.59806799888611,1,logt_drift_r16_repair000,True,0.10621636919677258,0,3,,true_node_oracle,7
65.70203900337219,1,logt_drift_r16_repair000,False,0.10621636919677258,1,3,84.2443729903537,centroid_router,7
62.476545572280884,4,logt_drift_r16_repair000,False,0.12295789271593094,0,4,,raw,8
66.79174304008484,4,logt_drift_r16_repair000,False,0.12295789271593094,0,4,,cosine,8
56.66041374206543,4,logt_drift_r16_repair000,False,0.12295789271593094,0,4,,affine_calibrated,8
77.39211916923523,1,logt_drift_r16_repair000,True,0.12295789271593094,0,4,,true_node_oracle,8
66.13508462905884,1,logt_drift_r16_repair000,False,0.12295789271593094,1,4,82.17636022514071,centroid_router,8
61.916667222976685,4,logt_drift_r16_repair000,False,0.12432032078504562,0,4,,raw,9
65.75000286102295,4,logt_drift_r16_repair000,False,0.12432032078504562,0,4,,cosine,9
56.66666626930237,4,logt_drift_r16_repair000,False,0.12432032078504562,0,4,,affine_calibrated,9
77.08333134651184,1,logt_drift_r16_repair000,True,0.12432032078504562,0,4,,true_node_oracle,9
65.41666388511658,1,logt_drift_r16_repair000,False,0.12432032078504562,1,4,80.58333333333333,centroid_router,9
58.96860957145691,5,logt_drift_r16_repair000,False,0.14055484160780907,0,5,,raw,10
63.30344080924988,5,logt_drift_r16_repair000,False,0.14055484160780907,0,5,,cosine,10
55.97907304763794,5,logt_drift_r16_repair000,False,0.14055484160780907,0,5,,affine_calibrated,10
78.77429127693176,1,logt_drift_r16_repair000,True,0.14055484160780907,0,5,,true_node_oracle,10
63.67713212966919,1,logt_drift_r16_repair000,False,0.14055484160780907,1,5,76.23318385650224,centroid_router,10
58.83170962333679,4,logt_drift_r16_repair000,False,0.13070196472108364,0,4,,raw,11
63.49095702171326,4,logt_drift_r16_repair000,False,0.13070196472108364,0,4,,cosine,11
58.275383710861206,4,logt_drift_r16_repair000,False,0.13070196472108364,0,4,,affine_calibrated,11
73.85257482528687,1,logt_drift_r16_repair000,True,0.13070196472108364,0,4,,true_node_oracle,11
63.28233480453491,1,logt_drift_r16_repair000,False,0.13070196472108364,1,4,78.09457579972184,centroid_router,11
56.82110786437988,5,logt_drift_r16_repair000,False,0.14526355639100075,0,5,,raw,12
62.29086518287659,5,logt_drift_r16_repair000,False,0.14526355639100075,0,5,,cosine,12
56.82110786437988,5,logt_drift_r16_repair000,False,0.14526355639100075,0,5,,affine_calibrated,12
75.22522807121277,1,logt_drift_r16_repair000,True,0.14526355639100075,0,5,,true_node_oracle,12
62.67696022987366,1,logt_drift_r16_repair000,False,0.14526355639100075,1,5,75.74002574002574,centroid_router,12
57.16835260391235,5,logt_drift_r16_repair000,False,0.15235977433621883,0,5,,raw,13
62.641286849975586,5,logt_drift_r16_repair000,False,0.15235977433621883,0,5,,cosine,13
58.47709774971008,5,logt_drift_r16_repair000,False,0.15235977433621883,0,5,,affine_calibrated,13
76.26413106918335,1,logt_drift_r16_repair000,True,0.15235977433621883,0,5,,true_node_oracle,13
63.23617100715637,1,logt_drift_r16_repair000,False,0.15235977433621883,1,5,75.2528256989887,centroid_router,13
55.43298125267029,6,logt_drift_r16_repair000,False,0.16812835447490215,0,6,,raw,14
60.397130250930786,6,logt_drift_r16_repair000,False,0.16812835447490215,0,6,,cosine,14
56.09487295150757,6,logt_drift_r16_repair000,False,0.16812835447490215,0,6,,affine_calibrated,14
77.44070887565613,1,logt_drift_r16_repair000,True,0.16812835447490215,0,6,,true_node_oracle,14
62.38279342651367,1,logt_drift_r16_repair000,False,0.16812835447490215,1,6,73.35907335907336,centroid_router,14
54.432350397109985,4,logt_drift_r16_repair000,False,0.12542330846190453,0,4,,raw,15
59.35717821121216,4,logt_drift_r16_repair000,False,0.12542330846190453,0,4,,cosine,15
53.7065863609314,4,logt_drift_r16_repair000,False,0.12542330846190453,0,4,,affine_calibrated,15
70.606529712677,1,logt_drift_r16_repair000,True,0.12542330846190453,0,4,,true_node_oracle,15
59.72006320953369,1,logt_drift_r16_repair000,False,0.12542330846190453,1,4,78.90098496630378,centroid_router,15
54.17070984840393,5,logt_drift_r16_repair000,False,0.15442124754190445,0,5,,raw,16
58.68089199066162,5,logt_drift_r16_repair000,False,0.15442124754190445,0,5,,cosine,16
51.018428802490234,5,logt_drift_r16_repair000,False,0.15442124754190445,0,5,,affine_calibrated,16
71.77497744560242,1,logt_drift_r16_repair000,True,0.15442124754190445,0,5,,true_node_oracle,16
58.82638096809387,1,logt_drift_r16_repair000,False,0.15442124754190445,1,5,76.09117361784675,centroid_router,16
53.336381912231445,5,logt_drift_r16_repair000,False,0.1530122235417366,0,5,,raw,17
58.27239751815796,5,logt_drift_r16_repair000,False,0.1530122235417366,0,5,,cosine,17
50.31992793083191,5,logt_drift_r16_repair000,False,0.1530122235417366,0,5,,affine_calibrated,17
72.16635942459106,1,logt_drift_r16_repair000,True,0.1530122235417366,0,5,,true_node_oracle,17
58.40950608253479,1,logt_drift_r16_repair000,False,0.1530122235417366,1,5,74.49725776965265,centroid_router,17
53.31299304962158,6,logt_drift_r16_repair000,False,0.1796056553721428,0,6,,raw,18
58.32606554031372,6,logt_drift_r16_repair000,False,0.1796056553721428,0,6,,cosine,18
50.04359483718872,6,logt_drift_r16_repair000,False,0.1796056553721428,0,6,,affine_calibrated,18
73.32170605659485,1,logt_drift_r16_repair000,True,0.1796056553721428,0,6,,true_node_oracle,18
58.76199007034302,1,logt_drift_r16_repair000,False,0.1796056553721428,1,6,73.88840453356582,centroid_router,18
52.517688274383545,5,logt_drift_r16_repair000,False,0.1521875448524952,0,5,,raw,19
57.67790079116821,5,logt_drift_r16_repair000,False,0.1521875448524952,0,5,,cosine,19
50.97794532775879,5,logt_drift_r16_repair000,False,0.1521875448524952,0,5,,affine_calibrated,19
71.03620767593384,1,logt_drift_r16_repair000,True,0.1521875448524952,0,5,,true_node_oracle,19
58.21889042854309,1,logt_drift_r16_repair000,False,0.1521875448524952,1,5,73.86600083229297,centroid_router,19
51.956868171691895,6,logt_drift_r16_repair000,False,0.18419256061315536,0,6,,raw,20
56.9888174533844,6,logt_drift_r16_repair000,False,0.18419256061315536,0,6,,cosine,20
50.119805335998535,6,logt_drift_r16_repair000,False,0.18419256061315536,0,6,,affine_calibrated,20
71.92491888999939,1,logt_drift_r16_repair000,True,0.18419256061315536,0,6,,true_node_oracle,20
57.66773223876953,1,logt_drift_r16_repair000,False,0.18419256061315536,1,6,72.20447284345047,centroid_router,20
51.586103439331055,6,logt_drift_r16_repair000,False,0.17804916948080063,0,6,,raw,21
56.72205686569214,6,logt_drift_r16_repair000,False,0.17804916948080063,0,6,,cosine,21
50.60423016548157,6,logt_drift_r16_repair000,False,0.17804916948080063,0,6,,affine_calibrated,21
72.39425778388977,1,logt_drift_r16_repair000,True,0.17804916948080063,0,6,,true_node_oracle,21
57.59063363075256,1,logt_drift_r16_repair000,False,0.17804916948080063,1,6,71.29909365558912,centroid_router,21
51.517343521118164,7,logt_drift_r16_repair000,False,0.24945618957281113,0,7,,raw,22
56.647396087646484,7,logt_drift_r16_repair000,False,0.24945618957281113,0,7,,cosine,22
50.10837912559509,7,logt_drift_r16_repair000,False,0.24945618957281113,0,7,,affine_calibrated,22
73.51878881454468,1,logt_drift_r16_repair000,True,0.24945618957281113,0,7,,true_node_oracle,22
57.3699414730072,1,logt_drift_r16_repair000,False,0.24945618957281113,1,7,70.33959537572254,centroid_router,22
51.02252960205078,5,logt_drift_r16_repair000,False,0.16448804177343845,0,5,,raw,23
55.80589175224304,5,logt_drift_r16_repair000,False,0.16448804177343845,0,5,,cosine,23
50.017333030700684,5,logt_drift_r16_repair000,False,0.16448804177343845,0,5,,affine_calibrated,23
69.28942799568176,1,logt_drift_r16_repair000,True,0.16448804177343845,0,5,,true_node_oracle,23
55.979204177856445,1,logt_drift_r16_repair000,False,0.16448804177343845,1,5,71.99306759098786,centroid_router,23
50.690001249313354,6,logt_drift_r16_repair000,False,0.20457456074655056,0,6,,raw,24
55.33490180969238,6,logt_drift_r16_repair000,False,0.20457456074655056,0,6,,cosine,24
48.8051176071167,6,logt_drift_r16_repair000,False,0.20457456074655056,0,6,,affine_calibrated,24
70.01009583473206,1,logt_drift_r16_repair000,True,0.20457456074655056,0,6,,true_node_oracle,24
55.772465467453,1,logt_drift_r16_repair000,False,0.20457456074655056,1,6,71.15449343655335,centroid_router,24
50.296443700790405,6,logt_drift_r16_repair000,False,0.19921765476465225,0,6,,raw,25
54.61133122444153,6,logt_drift_r16_repair000,False,0.19921765476465225,0,6,,cosine,25
48.55072498321533,6,logt_drift_r16_repair000,False,0.19921765476465225,0,6,,affine_calibrated,25
69.36758756637573,1,logt_drift_r16_repair000,True,0.19921765476465225,0,6,,true_node_oracle,25
55.401843786239624,1,logt_drift_r16_repair000,False,0.19921765476465225,1,6,70.78392621870883,centroid_router,25
50.174105167388916,7,logt_drift_r16_repair000,False,0.21055796556174755,0,7,,raw,26
54.447609186172485,7,logt_drift_r16_repair000,False,0.21055796556174755,0,7,,cosine,26
47.958216071128845,7,logt_drift_r16_repair000,False,0.21055796556174755,0,7,,affine_calibrated,26
70.24374604225159,1,logt_drift_r16_repair000,True,0.21055796556174755,0,7,,true_node_oracle,26
55.20734190940857,1,logt_drift_r16_repair000,False,0.21055796556174755,1,7,69.61063627730294,centroid_router,26
49.20537769794464,6,logt_drift_r16_repair000,False,0.17503565922379494,0,6,,raw,27
53.78972887992859,6,logt_drift_r16_repair000,False,0.17503565922379494,0,6,,cosine,27
48.7775057554245,6,logt_drift_r16_repair000,False,0.17503565922379494,0,6,,affine_calibrated,27
69.55990195274353,1,logt_drift_r16_repair000,True,0.17503565922379494,0,6,,true_node_oracle,27
55.07335066795349,1,logt_drift_r16_repair000,False,0.17503565922379494,1,6,69.04034229828851,centroid_router,27
48.962655663490295,7,logt_drift_r16_repair000,False,0.19647316075861454,0,7,,raw,28
53.40842008590698,7,logt_drift_r16_repair000,False,0.19647316075861454,0,7,,cosine,28
48.84410202503204,7,logt_drift_r16_repair000,False,0.19647316075861454,0,7,,affine_calibrated,28
70.39122581481934,1,logt_drift_r16_repair000,True,0.19647316075861454,0,7,,true_node_oracle,28
55.27563691139221,1,logt_drift_r16_repair000,False,0.19647316075861454,1,7,68.61292234736219,centroid_router,28
48.193806409835815,7,logt_drift_r16_repair000,False,0.20889078825712204,0,7,,raw,29
52.92431116104126,7,logt_drift_r16_repair000,False,0.20889078825712204,0,7,,cosine,29
47.993120551109314,7,logt_drift_r16_repair000,False,0.20889078825712204,0,7,,affine_calibrated,29
70.699542760849,1,logt_drift_r16_repair000,True,0.20889078825712204,0,7,,true_node_oracle,29
54.58715558052063,1,logt_drift_r16_repair000,False,0.20889078825712204,1,7,67.14449541284404,centroid_router,29
47.839006781578064,8,logt_drift_r16_repair000,False,0.2369581963866949,0,8,,raw,30
52.35008001327515,8,logt_drift_r16_repair000,False,0.2369581963866949,0,8,,cosine,30
47.244733572006226,8,logt_drift_r16_repair000,False,0.2369581963866949,0,8,,affine_calibrated,30
72.01512455940247,1,logt_drift_r16_repair000,True,0.2369581963866949,0,8,,true_node_oracle,30
54.34899926185608,1,logt_drift_r16_repair000,False,0.2369581963866949,1,8,65.99135602377093,centroid_router,30
47.01257944107056,5,logt_drift_r16_repair000,False,0.16763198748230934,0,5,,raw,31
52.01781988143921,5,logt_drift_r16_repair000,False,0.16763198748230934,0,5,,cosine,31
44.758909940719604,5,logt_drift_r16_repair000,False,0.16763198748230934,0,5,,affine_calibrated,31
63.41719031333923,1,logt_drift_r16_repair000,True,0.16763198748230934,0,5,,true_node_oracle,31
52.30607986450195,1,logt_drift_r16_repair000,False,0.16763198748230934,1,5,74.34486373165619,centroid_router,31
46.6190367937088,6,logt_drift_r16_repair000,False,0.1979393195360899,0,6,,raw,32
51.59479379653931,6,logt_drift_r16_repair000,False,0.1979393195360899,0,6,,cosine,32
43.454962968826294,6,logt_drift_r16_repair000,False,0.1979393195360899,0,6,,affine_calibrated,32
64.17453289031982,1,logt_drift_r16_repair000,True,0.1979393195360899,0,6,,true_node_oracle,32
52.181679010391235,1,logt_drift_r16_repair000,False,0.1979393195360899,1,6,73.30951773411584,centroid_router,32
46.947890520095825,6,logt_drift_r16_repair000,False,0.2012389563024044,0,6,,raw,33
51.985108852386475,6,logt_drift_r16_repair000,False,0.2012389563024044,0,6,,cosine,33
43.002480268478394,6,logt_drift_r16_repair000,False,0.2012389563024044,0,6,,affine_calibrated,33
64.76426720619202,1,logt_drift_r16_repair000,True,0.2012389563024044,0,6,,true_node_oracle,33
52.655088901519775,1,logt_drift_r16_repair000,False,0.2012389563024044,1,6,73.17617866004963,centroid_router,33
47.09756076335907,7,logt_drift_r16_repair000,False,0.2336579281836748,0,7,,raw,34
51.90243721008301,7,logt_drift_r16_repair000,False,0.2336579281836748,0,7,,cosine,34
40.90243875980377,7,logt_drift_r16_repair000,False,0.2336579281836748,0,7,,affine_calibrated,34
65.2682900428772,1,logt_drift_r16_repair000,True,0.2336579281836748,0,7,,true_node_oracle,34
52.85365581512451,1,logt_drift_r16_repair000,False,0.2336579281836748,1,7,72.92682926829268,centroid_router,34
46.75784111022949,6,logt_drift_r16_repair000,False,0.20038868859410286,0,6,,raw,35
51.42654776573181,6,logt_drift_r16_repair000,False,0.20038868859410286,0,6,,cosine,35
42.67861247062683,6,logt_drift_r16_repair000,False,0.20038868859410286,0,6,,affine_calibrated,35
64.86677527427673,1,logt_drift_r16_repair000,True,0.20038868859410286,0,6,,true_node_oracle,35
52.22824811935425,1,logt_drift_r16_repair000,False,0.20038868859410286,1,6,72.15279415232257,centroid_router,35
46.939703822135925,7,logt_drift_r16_repair000,False,0.224840946495533,0,7,,raw,36
51.80887579917908,7,logt_drift_r16_repair000,False,0.224840946495533,0,7,,cosine,36
43.20819079875946,7,logt_drift_r16_repair000,False,0.224840946495533,0,7,,affine_calibrated,36
65.96131920814514,1,logt_drift_r16_repair000,True,0.224840946495533,0,7,,true_node_oracle,36
52.81001329421997,1,logt_drift_r16_repair000,False,0.224840946495533,1,7,71.8316268486917,centroid_router,36
46.1335688829422,7,logt_drift_r16_repair000,False,0.22846865467727184,0,7,,raw,37
50.92267394065857,7,logt_drift_r16_repair000,False,0.22846865467727184,0,7,,cosine,37
42.57469177246094,7,logt_drift_r16_repair000,False,0.22846865467727184,0,7,,affine_calibrated,37
66.54217839241028,1,logt_drift_r16_repair000,True,0.22846865467727184,0,7,,true_node_oracle,37
52.328646183013916,1,logt_drift_r16_repair000,False,0.22846865467727184,1,7,69.90333919156414,centroid_router,37
45.98509073257446,8,logt_drift_r16_repair000,False,0.2648129966109991,0,8,,raw,38
50.94781517982483,8,logt_drift_r16_repair000,False,0.2648129966109991,0,8,,cosine,38
42.49201416969299,8,logt_drift_r16_repair000,False,0.2648129966109991,0,8,,affine_calibrated,38
67.53993630409241,1,logt_drift_r16_repair000,True,0.2648129966109991,0,8,,true_node_oracle,38
52.43876576423645,1,logt_drift_r16_repair000,False,0.2648129966109991,1,8,69.22257720979766,centroid_router,38
45.976293087005615,6,logt_drift_r16_repair000,False,0.20785917155444622,0,6,,raw,39
50.94614028930664,6,logt_drift_r16_repair000,False,0.20785917155444622,0,6,,cosine,39
43.60573887825012,6,logt_drift_r16_repair000,False,0.20785917155444622,0,6,,affine_calibrated,39
64.96152877807617,1,logt_drift_r16_repair000,True,0.20785917155444622,0,6,,true_node_oracle,39
52.04824209213257,1,logt_drift_r16_repair000,False,0.20785917155444622,1,6,69.47390309835724,centroid_router,39
45.88639438152313,7,logt_drift_r16_repair000,False,0.226377971470356,0,7,,raw,40
50.79846382141113,7,logt_drift_r16_repair000,False,0.226377971470356,0,7,,cosine,40
43.33939850330353,7,logt_drift_r16_repair000,False,0.226377971470356,0,7,,affine_calibrated,40
65.79745411872864,1,logt_drift_r16_repair000,True,0.226377971470356,0,7,,true_node_oracle,40
52.05174684524536,1,logt_drift_r16_repair000,False,0.226377971470356,1,7,68.62745098039215,centroid_router,40
45.68811058998108,7,logt_drift_r16_repair000,False,0.2340232916176319,0,7,,raw,41
50.687116384506226,7,logt_drift_r16_repair000,False,0.2340232916176319,0,7,,cosine,41
43.258315324783325,7,logt_drift_r16_repair000,False,0.2340232916176319,0,7,,affine_calibrated,41
65.94303846359253,1,logt_drift_r16_repair000,True,0.2340232916176319,0,7,,true_node_oracle,41
51.80243253707886,1,logt_drift_r16_repair000,False,0.2340232916176319,1,7,68.01433977295359,centroid_router,41
45.2006995677948,8,logt_drift_r16_repair000,False,0.27000897005200386,0,8,,raw,42
49.87395703792572,8,logt_drift_r16_repair000,False,0.27000897005200386,0,8,,cosine,42
41.94298982620239,8,logt_drift_r16_repair000,False,0.27000897005200386,0,8,,affine_calibrated,42
66.51153564453125,1,logt_drift_r16_repair000,True,0.27000897005200386,0,8,,true_node_oracle,42
51.19255185127258,1,logt_drift_r16_repair000,False,0.27000897005200386,1,8,66.76362226100446,centroid_router,42
45.40262818336487,7,logt_drift_r16_repair000,False,0.23583113588392735,0,7,,raw,43
49.95240867137909,7,logt_drift_r16_repair000,False,0.23583113588392735,0,7,,cosine,43
43.44184398651123,7,logt_drift_r16_repair000,False,0.23583113588392735,0,7,,affine_calibrated,43
65.81001281738281,1,logt_drift_r16_repair000,True,0.23583113588392735,0,7,,true_node_oracle,43
51.13268494606018,1,logt_drift_r16_repair000,False,0.23583113588392735,1,7,66.41918903483723,centroid_router,43
45.306044816970825,8,logt_drift_r16_repair000,False,0.2657792456448078,0,8,,raw,44
49.98122453689575,8,logt_drift_r16_repair000,False,0.2657792456448078,0,8,,cosine,44
43.29703450202942,8,logt_drift_r16_repair000,False,0.2657792456448078,0,8,,affine_calibrated,44
66.09087586402893,1,logt_drift_r16_repair000,True,0.2657792456448078,0,8,,true_node_oracle,44
51.08899474143982,1,logt_drift_r16_repair000,False,0.2657792456448078,1,8,66.16597822005257,centroid_router,44
45.46124041080475,8,logt_drift_r16_repair000,False,0.2698927391320467,0,8,,raw,45
50.26698708534241,8,logt_drift_r16_repair000,False,0.2698927391320467,0,8,,cosine,45
42.66249239444733,8,logt_drift_r16_repair000,False,0.2698927391320467,0,8,,affine_calibrated,45
66.56232476234436,1,logt_drift_r16_repair000,True,0.2698927391320467,0,8,,true_node_oracle,45
51.445406675338745,1,logt_drift_r16_repair000,False,0.2698927391320467,1,8,66.12041981218928,centroid_router,45
45.07016837596893,9,logt_drift_r16_repair000,False,0.3031427953392267,0,9,,raw,46
49.76610243320465,9,logt_drift_r16_repair000,False,0.3031427953392267,0,9,,cosine,46
41.92155599594116,9,logt_drift_r16_repair000,False,0.3031427953392267,0,9,,affine_calibrated,46
67.07448959350586,1,logt_drift_r16_repair000,True,0.3031427953392267,0,9,,true_node_oracle,46
51.043540239334106,1,logt_drift_r16_repair000,False,0.3031427953392267,1,9,65.02338970852824,centroid_router,46
44.93034780025482,6,logt_drift_r16_repair000,False,0.21988149546086788,0,6,,raw,47
49.53271150588989,6,logt_drift_r16_repair000,False,0.21988149546086788,0,6,,cosine,47
42.8495854139328,6,logt_drift_r16_repair000,False,0.21988149546086788,0,6,,affine_calibrated,47
63.022392988204956,1,logt_drift_r16_repair000,True,0.21988149546086788,0,6,,true_node_oracle,47
50.6083607673645,1,logt_drift_r16_repair000,False,0.21988149546086788,1,6,67.64239111267854,centroid_router,47
44.728654623031616,7,logt_drift_r16_repair000,False,0.2524311728775501,0,7,,raw,48
49.01486337184906,7,logt_drift_r16_repair000,False,0.2524311728775501,0,7,,cosine,48
42.3781543970108,7,logt_drift_r16_repair000,False,0.2524311728775501,0,7,,affine_calibrated,48
63.653647899627686,1,logt_drift_r16_repair000,True,0.2524311728775501,0,7,,true_node_oracle,48
50.48392415046692,1,logt_drift_r16_repair000,False,0.2524311728775501,1,7,67.09298306256481,centroid_router,48
44.736841320991516,7,logt_drift_r16_repair000,False,0.2656650245189667,0,7,,raw,49
48.94736707210541,7,logt_drift_r16_repair000,False,0.2656650245189667,0,7,,cosine,49
42.68251359462738,7,logt_drift_r16_repair000,False,0.2656650245189667,0,7,,affine_calibrated,49
63.88794779777527,1,logt_drift_r16_repair000,True,0.2656650245189667,0,7,,true_node_oracle,49
50.475382804870605,1,logt_drift_r16_repair000,False,0.2656650245189667,1,7,66.7402376910017,centroid_router,49
44.966667890548706,8,logt_drift_r16_repair000,False,0.2898880001157522,0,8,,raw,50
49.2166668176651,8,logt_drift_r16_repair000,False,0.2898880001157522,0,8,,cosine,50
42.55000054836273,8,logt_drift_r16_repair000,False,0.2898880001157522,0,8,,affine_calibrated,50
64.45000171661377,1,logt_drift_r16_repair000,True,0.2898880001157522,0,8,,true_node_oracle,50
50.76666474342346,1,logt_drift_r16_repair000,False,0.2898880001157522,1,8,66.71666666666667,centroid_router,50
95.76271176338196,1,logt_drift_r16_repair005,False,0.09040556102991104,0,1,,raw,1
95.76271176338196,1,logt_drift_r16_repair005,False,0.09040556102991104,0,1,,cosine,1
95.76271176338196,1,logt_drift_r16_repair005,False,0.09040556102991104,0,1,,affine_calibrated,1
95.76271176338196,1,logt_drift_r16_repair005,True,0.09040556102991104,0,1,,true_node_oracle,1
95.76271176338196,1,logt_drift_r16_repair005,False,0.09040556102991104,1,1,100.0,centroid_router,1
77.4193525314331,2,logt_drift_r16_repair005,False,0.10631209798157215,0,2,,raw,2
77.82257795333862,2,logt_drift_r16_repair005,False,0.10631209798157215,0,2,,cosine,2
79.83871102333069,2,logt_drift_r16_repair005,False,0.10631209798157215,0,2,,affine_calibrated,2
93.14516186714172,1,logt_drift_r16_repair005,True,0.10631209798157215,0,2,,true_node_oracle,2
86.29032373428345,1,logt_drift_r16_repair005,False,0.10631209798157215,1,2,91.93548387096774,centroid_router,2
70.55837512016296,2,logt_drift_r16_repair005,False,0.10355333238840103,0,2,,raw,3
71.82741165161133,2,logt_drift_r16_repair005,False,0.10355333238840103,0,2,,cosine,3
74.11167621612549,2,logt_drift_r16_repair005,False,0.10355333238840103,0,2,,affine_calibrated,3
81.7258894443512,1,logt_drift_r16_repair005,True,0.10355333238840103,0,2,,true_node_oracle,3
72.84263968467712,1,logt_drift_r16_repair005,False,0.10355333238840103,1,2,86.80203045685279,centroid_router,3
68.24561357498169,3,logt_drift_r16_repair005,False,0.13755392655730247,0,3,,raw,4
70.35087943077087,3,logt_drift_r16_repair005,False,0.13755392655730247,0,3,,cosine,4
74.56140518188477,3,logt_drift_r16_repair005,False,0.13755392655730247,0,3,,affine_calibrated,4
84.73684191703796,1,logt_drift_r16_repair005,True,0.13755392655730247,0,3,,true_node_oracle,4
74.210524559021,1,logt_drift_r16_repair005,False,0.13755392655730247,1,3,83.6842105263158,centroid_router,4
64.46991562843323,3,logt_drift_r16_repair005,False,0.13818729296326637,0,3,,raw,5
67.0487105846405,3,logt_drift_r16_repair005,False,0.13818729296326637,0,3,,cosine,5
67.76504516601562,3,logt_drift_r16_repair005,False,0.13818729296326637,0,3,,affine_calibrated,5
83.09455513954163,1,logt_drift_r16_repair005,True,0.13818729296326637,0,3,,true_node_oracle,5
71.77650332450867,1,logt_drift_r16_repair005,False,0.13818729296326637,1,3,82.378223495702,centroid_router,5
64.18092846870422,4,logt_drift_r16_repair005,False,0.14605550467967987,0,4,,raw,6
66.74816608428955,4,logt_drift_r16_repair005,False,0.14605550467967987,0,4,,cosine,6
66.62591695785522,4,logt_drift_r16_repair005,False,0.14605550467967987,0,4,,affine_calibrated,6
84.22982692718506,1,logt_drift_r16_repair005,True,0.14605550467967987,0,4,,true_node_oracle,6
70.29339671134949,1,logt_drift_r16_repair005,False,0.14605550467967987,1,4,79.09535452322739,centroid_router,6
63.12968730926514,3,logt_drift_r16_repair005,False,0.11809962056577206,0,3,,raw,7
66.02358222007751,3,logt_drift_r16_repair005,False,0.11809962056577206,0,3,,cosine,7
56.48446083068848,3,logt_drift_r16_repair005,False,0.11809962056577206,0,3,,affine_calibrated,7
76.42015218734741,1,logt_drift_r16_repair005,True,0.11809962056577206,0,3,,true_node_oracle,7
67.3097550868988,1,logt_drift_r16_repair005,False,0.11809962056577206,1,3,84.2443729903537,centroid_router,7
63.508445024490356,4,logt_drift_r16_repair005,False,0.1547301486134529,0,4,,raw,8
67.54221320152283,4,logt_drift_r16_repair005,False,0.1547301486134529,0,4,,cosine,8
57.22326636314392,4,logt_drift_r16_repair005,False,0.1547301486134529,0,4,,affine_calibrated,8
78.98686528205872,1,logt_drift_r16_repair005,True,0.1547301486134529,0,4,,true_node_oracle,8
67.54221320152283,1,logt_drift_r16_repair005,False,0.1547301486134529,1,4,82.17636022514071,centroid_router,8
62.833333015441895,4,logt_drift_r16_repair005,False,0.19220753386616707,0,4,,raw,9
66.58333539962769,4,logt_drift_r16_repair005,False,0.19220753386616707,0,4,,cosine,9
57.33333230018616,4,logt_drift_r16_repair005,False,0.19220753386616707,0,4,,affine_calibrated,9
78.50000262260437,1,logt_drift_r16_repair005,True,0.19220753386616707,0,4,,true_node_oracle,9
66.66666865348816,1,logt_drift_r16_repair005,False,0.19220753386616707,1,4,80.58333333333333,centroid_router,9
60.01494526863098,5,logt_drift_r16_repair005,False,0.1953509859740734,0,5,,raw,10
64.12556171417236,5,logt_drift_r16_repair005,False,0.1953509859740734,0,5,,cosine,10
57.100147008895874,5,logt_drift_r16_repair005,False,0.1953509859740734,0,5,,affine_calibrated,10
80.04484176635742,1,logt_drift_r16_repair005,True,0.1953509859740734,0,5,,true_node_oracle,10
64.6487295627594,1,logt_drift_r16_repair005,False,0.1953509859740734,1,5,76.23318385650224,centroid_router,10
61.19610667228699,4,logt_drift_r16_repair005,False,0.12381928972899914,0,4,,raw,11
64.32545185089111,4,logt_drift_r16_repair005,False,0.12381928972899914,0,4,,cosine,11
60.152989625930786,4,logt_drift_r16_repair005,False,0.12381928972899914,0,4,,affine_calibrated,11
75.73018074035645,1,logt_drift_r16_repair005,True,0.12381928972899914,0,4,,true_node_oracle,11
64.6036148071289,1,logt_drift_r16_repair005,False,0.12381928972899914,1,4,78.09457579972184,centroid_router,11
59.330761432647705,5,logt_drift_r16_repair005,False,0.14367041178047657,0,5,,raw,12
63.063061237335205,5,logt_drift_r16_repair005,False,0.14367041178047657,0,5,,cosine,12
58.55855941772461,5,logt_drift_r16_repair005,False,0.14367041178047657,0,5,,affine_calibrated,12
76.9626796245575,1,logt_drift_r16_repair005,True,0.14367041178047657,0,5,,true_node_oracle,12
63.963961601257324,1,logt_drift_r16_repair005,False,0.14367041178047657,1,5,75.74002574002574,centroid_router,12
59.726351499557495,5,logt_drift_r16_repair005,False,0.14254754595458508,0,5,,raw,13
63.47412467002869,5,logt_drift_r16_repair005,False,0.14254754595458508,0,5,,cosine,13
60.44021248817444,5,logt_drift_r16_repair005,False,0.14254754595458508,0,5,,affine_calibrated,13
77.98929214477539,1,logt_drift_r16_repair005,True,0.14254754595458508,0,5,,true_node_oracle,13
64.36644792556763,1,logt_drift_r16_repair005,False,0.14254754595458508,1,5,75.2528256989887,centroid_router,13
57.85990357398987,6,logt_drift_r16_repair005,False,0.16558724269270897,0,6,,raw,14
61.279648542404175,6,logt_drift_r16_repair005,False,0.16558724269270897,0,6,,cosine,14
58.24599862098694,6,logt_drift_r16_repair005,False,0.16558724269270897,0,6,,affine_calibrated,14
79.04026508331299,1,logt_drift_r16_repair005,True,0.16558724269270897,0,6,,true_node_oracle,14
63.375622034072876,1,logt_drift_r16_repair005,False,0.16558724269270897,1,6,73.35907335907336,centroid_router,14
59.56454277038574,4,logt_drift_r16_repair005,False,0.12684845738112926,0,4,,raw,15
61.793673038482666,4,logt_drift_r16_repair005,False,0.12684845738112926,0,4,,cosine,15
57.80196785926819,4,logt_drift_r16_repair005,False,0.12684845738112926,0,4,,affine_calibrated,15
73.4577476978302,1,logt_drift_r16_repair005,True,0.12684845738112926,0,4,,true_node_oracle,15
62.1565580368042,1,logt_drift_r16_repair005,False,0.12684845738112926,1,4,78.90098496630378,centroid_router,15
59.117358922958374,5,logt_drift_r16_repair005,False,0.1483757197856903,0,5,,raw,16
61.105722188949585,5,logt_drift_r16_repair005,False,0.1483757197856903,0,5,,cosine,16
55.28612732887268,5,logt_drift_r16_repair005,False,0.1483757197856903,0,5,,affine_calibrated,16
74.44229125976562,1,logt_drift_r16_repair005,True,0.1483757197856903,0,5,,true_node_oracle,16
61.105722188949585,1,logt_drift_r16_repair005,False,0.1483757197856903,1,5,76.09117361784675,centroid_router,16
58.18098783493042,5,logt_drift_r16_repair005,False,0.1581501718610525,0,5,,raw,17
60.64899563789368,5,logt_drift_r16_repair005,False,0.1581501718610525,0,5,,cosine,17
54.067641496658325,5,logt_drift_r16_repair005,False,0.1581501718610525,0,5,,affine_calibrated,17
74.72577691078186,1,logt_drift_r16_repair005,True,0.1581501718610525,0,5,,true_node_oracle,17
60.55758595466614,1,logt_drift_r16_repair005,False,0.1581501718610525,1,5,74.49725776965265,centroid_router,17
58.10810923576355,6,logt_drift_r16_repair005,False,0.19070013985037804,0,6,,raw,18
60.6800377368927,6,logt_drift_r16_repair005,False,0.19070013985037804,0,6,,cosine,18
53.96686792373657,6,logt_drift_r16_repair005,False,0.19070013985037804,0,6,,affine_calibrated,18
75.76286196708679,1,logt_drift_r16_repair005,True,0.19070013985037804,0,6,,true_node_oracle,18
60.81081032752991,1,logt_drift_r16_repair005,False,0.19070013985037804,1,6,73.88840453356582,centroid_router,18
57.594674825668335,5,logt_drift_r16_repair005,False,0.17024048045277596,0,5,,raw,19
60.21639704704285,5,logt_drift_r16_repair005,False,0.17024048045277596,0,5,,cosine,19
54.14065718650818,5,logt_drift_r16_repair005,False,0.17024048045277596,0,5,,affine_calibrated,19
73.49146604537964,1,logt_drift_r16_repair005,True,0.17024048045277596,0,5,,true_node_oracle,19
60.299623012542725,1,logt_drift_r16_repair005,False,0.17024048045277596,1,5,73.86600083229297,centroid_router,19
56.829071044921875,6,logt_drift_r16_repair005,False,0.173517981544137,0,6,,raw,20
59.345048666000366,6,logt_drift_r16_repair005,False,0.173517981544137,0,6,,cosine,20
53.474438190460205,6,logt_drift_r16_repair005,False,0.173517981544137,0,6,,affine_calibrated,20
74.28115010261536,1,logt_drift_r16_repair005,True,0.173517981544137,0,6,,true_node_oracle,20
59.624600410461426,1,logt_drift_r16_repair005,False,0.173517981544137,1,6,72.20447284345047,centroid_router,20
56.646525859832764,6,logt_drift_r16_repair005,False,0.18724387139081955,0,6,,raw,21
59.2900276184082,6,logt_drift_r16_repair005,False,0.18724387139081955,0,6,,cosine,21
53.92749309539795,6,logt_drift_r16_repair005,False,0.18724387139081955,0,6,,affine_calibrated,21
74.5468258857727,1,logt_drift_r16_repair005,True,0.18724387139081955,0,6,,true_node_oracle,21
59.44108963012695,1,logt_drift_r16_repair005,False,0.18724387139081955,1,6,71.29909365558912,centroid_router,21
56.46676421165466,7,logt_drift_r16_repair005,False,0.19378850236535072,0,7,,raw,22
59.140175580978394,7,logt_drift_r16_repair005,False,0.19378850236535072,0,7,,cosine,22
53.50433588027954,7,logt_drift_r16_repair005,False,0.19378850236535072,0,7,,affine_calibrated,22
75.57803392410278,1,logt_drift_r16_repair005,True,0.19378850236535072,0,7,,true_node_oracle,22
59.140175580978394,1,logt_drift_r16_repair005,False,0.19378850236535072,1,7,70.33959537572254,centroid_router,22
55.77123165130615,5,logt_drift_r16_repair005,False,0.15227161906659603,0,5,,raw,23
58.57885479927063,5,logt_drift_r16_repair005,False,0.15227161906659603,0,5,,cosine,23
54.28076386451721,5,logt_drift_r16_repair005,False,0.15227161906659603,0,5,,affine_calibrated,23
71.54245972633362,1,logt_drift_r16_repair005,True,0.15227161906659603,0,5,,true_node_oracle,23
57.816290855407715,1,logt_drift_r16_repair005,False,0.15227161906659603,1,5,71.99306759098786,centroid_router,23
55.30124306678772,6,logt_drift_r16_repair005,False,0.18939349427819252,0,6,,raw,24
58.06125998497009,6,logt_drift_r16_repair005,False,0.18939349427819252,0,6,,cosine,24
52.84416079521179,6,logt_drift_r16_repair005,False,0.18939349427819252,0,6,,affine_calibrated,24
72.19791412353516,1,logt_drift_r16_repair005,True,0.18939349427819252,0,6,,true_node_oracle,24
57.52272009849548,1,logt_drift_r16_repair005,False,0.18939349427819252,1,6,71.15449343655335,centroid_router,24
54.84189987182617,6,logt_drift_r16_repair005,False,0.17699738405644894,0,6,,raw,25
57.18050003051758,6,logt_drift_r16_repair005,False,0.17699738405644894,0,6,,cosine,25
52.404481172561646,6,logt_drift_r16_repair005,False,0.17699738405644894,0,6,,affine_calibrated,25
71.50856256484985,1,logt_drift_r16_repair005,True,0.17699738405644894,0,6,,true_node_oracle,25
57.114624977111816,1,logt_drift_r16_repair005,False,0.17699738405644894,1,6,70.78392621870883,centroid_router,25
54.76416349411011,7,logt_drift_r16_repair005,False,0.20308441296219826,0,7,,raw,26
56.916743516922,7,logt_drift_r16_repair005,False,0.20308441296219826,0,7,,cosine,26
51.820194721221924,7,logt_drift_r16_repair005,False,0.20308441296219826,0,7,,affine_calibrated,26
72.30136394500732,1,logt_drift_r16_repair005,True,0.20308441296219826,0,7,,true_node_oracle,26
56.821781396865845,1,logt_drift_r16_repair005,False,0.20308441296219826,1,7,69.61063627730294,centroid_router,26
53.6063551902771,6,logt_drift_r16_repair005,False,0.18079298920929432,0,6,,raw,27
56.143033504486084,6,logt_drift_r16_repair005,False,0.18079298920929432,0,6,,cosine,27
52.01711654663086,6,logt_drift_r16_repair005,False,0.18079298920929432,0,6,,affine_calibrated,27
71.76039218902588,1,logt_drift_r16_repair005,True,0.18079298920929432,0,6,,true_node_oracle,27
56.69315457344055,1,logt_drift_r16_repair005,False,0.18079298920929432,1,6,69.04034229828851,centroid_router,27
53.08239459991455,7,logt_drift_r16_repair005,False,0.2079851720482111,0,7,,raw,28
55.57202100753784,7,logt_drift_r16_repair005,False,0.2079851720482111,0,7,,cosine,28
52.01541185379028,7,logt_drift_r16_repair005,False,0.2079851720482111,0,7,,affine_calibrated,28
72.52519130706787,1,logt_drift_r16_repair005,True,0.2079851720482111,0,7,,true_node_oracle,28
56.81683421134949,1,logt_drift_r16_repair005,False,0.2079851720482111,1,7,68.61292234736219,centroid_router,28
52.293580770492554,7,logt_drift_r16_repair005,False,0.20118894428014755,0,7,,raw,29
55.10321259498596,7,logt_drift_r16_repair005,False,0.20118894428014755,0,7,,cosine,29
50.9460985660553,7,logt_drift_r16_repair005,False,0.20118894428014755,0,7,,affine_calibrated,29
72.76375889778137,1,logt_drift_r16_repair005,True,0.20118894428014755,0,7,,true_node_oracle,29
55.96330165863037,1,logt_drift_r16_repair005,False,0.20118894428014755,1,7,67.14449541284404,centroid_router,29
51.75580978393555,8,logt_drift_r16_repair005,False,0.23247088864445686,0,8,,raw,30
54.53808903694153,8,logt_drift_r16_repair005,False,0.23247088864445686,0,8,,cosine,30
50.32414793968201,8,logt_drift_r16_repair005,False,0.23247088864445686,0,8,,affine_calibrated,30
73.96002411842346,1,logt_drift_r16_repair005,True,0.23247088864445686,0,8,,true_node_oracle,30
55.61858415603638,1,logt_drift_r16_repair005,False,0.23247088864445686,1,8,65.99135602377093,centroid_router,30
54.08805012702942,5,logt_drift_r16_repair005,False,0.15999536216259003,0,5,,raw,31
55.2935004234314,5,logt_drift_r16_repair005,False,0.15999536216259003,0,5,,cosine,31
50.89098811149597,5,logt_drift_r16_repair005,False,0.15999536216259003,0,5,,affine_calibrated,31
68.73689889907837,1,logt_drift_r16_repair005,True,0.15999536216259003,0,5,,true_node_oracle,31
56.36792182922363,1,logt_drift_r16_repair005,False,0.15999536216259003,1,5,74.34486373165619,centroid_router,31
53.61061692237854,6,logt_drift_r16_repair005,False,0.20344285108149052,0,6,,raw,32
54.809898138046265,6,logt_drift_r16_repair005,False,0.20344285108149052,0,6,,cosine,32
49.83414113521576,6,logt_drift_r16_repair005,False,0.20344285108149052,0,6,,affine_calibrated,32
69.35442686080933,1,logt_drift_r16_repair005,True,0.20344285108149052,0,6,,true_node_oracle,32
56.13676905632019,1,logt_drift_r16_repair005,False,0.20344285108149052,1,6,73.30951773411584,centroid_router,32
53.697270154953,6,logt_drift_r16_repair005,False,0.21358206681907177,0,6,,raw,33
55.08685111999512,6,logt_drift_r16_repair005,False,0.21358206681907177,0,6,,cosine,33
49.677419662475586,6,logt_drift_r16_repair005,False,0.21358206681907177,0,6,,affine_calibrated,33
69.80149149894714,1,logt_drift_r16_repair005,True,0.21358206681907177,0,6,,true_node_oracle,33
56.50123953819275,1,logt_drift_r16_repair005,False,0.21358206681907177,1,6,73.17617866004963,centroid_router,33
53.731709718704224,7,logt_drift_r16_repair005,False,0.24010472185909748,0,7,,raw,34
54.926830530166626,7,logt_drift_r16_repair005,False,0.24010472185909748,0,7,,cosine,34
47.926828265190125,7,logt_drift_r16_repair005,False,0.24010472185909748,0,7,,affine_calibrated,34
70.21951079368591,1,logt_drift_r16_repair005,True,0.24010472185909748,0,7,,true_node_oracle,34
56.609755754470825,1,logt_drift_r16_repair005,False,0.24010472185909748,1,7,72.92682926829268,centroid_router,34
53.737324476242065,6,logt_drift_r16_repair005,False,0.2130685169249773,0,6,,raw,35
54.5390248298645,6,logt_drift_r16_repair005,False,0.2130685169249773,0,6,,cosine,35
48.99787902832031,6,logt_drift_r16_repair005,False,0.2130685169249773,0,6,,affine_calibrated,35
69.7712779045105,1,logt_drift_r16_repair005,True,0.2130685169249773,0,6,,true_node_oracle,35
55.88304400444031,1,logt_drift_r16_repair005,False,0.2130685169249773,1,6,72.15279415232257,centroid_router,35
53.83390188217163,7,logt_drift_r16_repair005,False,0.2436845265328884,0,7,,raw,36
54.880547523498535,7,logt_drift_r16_repair005,False,0.2436845265328884,0,7,,cosine,36
49.032992124557495,7,logt_drift_r16_repair005,False,0.2436845265328884,0,7,,affine_calibrated,36
70.6939697265625,1,logt_drift_r16_repair005,True,0.2436845265328884,0,7,,true_node_oracle,36
56.31399154663086,1,logt_drift_r16_repair005,False,0.2436845265328884,1,7,71.8316268486917,centroid_router,36
53.00966501235962,7,logt_drift_r16_repair005,False,0.2615005560219288,0,7,,raw,37
53.86643409729004,7,logt_drift_r16_repair005,False,0.2615005560219288,0,7,,cosine,37
47.495606541633606,7,logt_drift_r16_repair005,False,0.2615005560219288,0,7,,affine_calibrated,37
71.13356590270996,1,logt_drift_r16_repair005,True,0.2615005560219288,0,7,,true_node_oracle,37
55.60193061828613,1,logt_drift_r16_repair005,False,0.2615005560219288,1,7,69.90333919156414,centroid_router,37
52.86474823951721,8,logt_drift_r16_repair005,False,0.2882019728422165,0,8,,raw,38
54.01490926742554,8,logt_drift_r16_repair005,False,0.2882019728422165,0,8,,cosine,38
47.34824299812317,8,logt_drift_r16_repair005,False,0.2882019728422165,0,8,,affine_calibrated,38
71.99147939682007,1,logt_drift_r16_repair005,True,0.2882019728422165,0,8,,true_node_oracle,38
55.54845333099365,1,logt_drift_r16_repair005,False,0.2882019728422165,1,8,69.22257720979766,centroid_router,38
53.52464318275452,6,logt_drift_r16_repair005,False,0.22919201478362083,0,6,,raw,39
54.065293073654175,6,logt_drift_r16_repair005,False,0.22919201478362083,0,6,,cosine,39
49.116238951683044,6,logt_drift_r16_repair005,False,0.22919201478362083,0,6,,affine_calibrated,39
70.09773254394531,1,logt_drift_r16_repair005,True,0.22919201478362083,0,6,,true_node_oracle,39
55.56248426437378,1,logt_drift_r16_repair005,False,0.22919201478362083,1,6,69.47390309835724,centroid_router,39
53.30503582954407,7,logt_drift_r16_repair005,False,0.2518039159476757,0,7,,raw,40
53.93167734146118,7,logt_drift_r16_repair005,False,0.2518039159476757,0,7,,cosine,40
49.18132126331329,7,logt_drift_r16_repair005,False,0.2518039159476757,0,7,,affine_calibrated,40
70.7903802394867,1,logt_drift_r16_repair005,True,0.2518039159476757,0,7,,true_node_oracle,40
55.467963218688965,1,logt_drift_r16_repair005,False,0.2518039159476757,1,7,68.62745098039215,centroid_router,40
53.156739473342896,7,logt_drift_r16_repair005,False,0.2601951025426388,0,7,,raw,41
53.73431444168091,7,logt_drift_r16_repair005,False,0.2601951025426388,0,7,,cosine,41
48.715394735336304,7,logt_drift_r16_repair005,False,0.2601951025426388,0,7,,affine_calibrated,41
70.86237668991089,1,logt_drift_r16_repair005,True,0.2601951025426388,0,7,,true_node_oracle,41
55.18820881843567,1,logt_drift_r16_repair005,False,0.2601951025426388,1,7,68.01433977295359,centroid_router,41
52.33662724494934,8,logt_drift_r16_repair005,False,0.31589992716908455,0,8,,raw,42
52.80201435089111,8,logt_drift_r16_repair005,False,0.31589992716908455,0,8,,cosine,42
47.35311269760132,8,logt_drift_r16_repair005,False,0.31589992716908455,0,8,,affine_calibrated,42
71.30114436149597,1,logt_drift_r16_repair005,True,0.31589992716908455,0,8,,true_node_oracle,42
54.45026159286499,1,logt_drift_r16_repair005,False,0.31589992716908455,1,8,66.76362226100446,centroid_router,42
52.37007141113281,7,logt_drift_r16_repair005,False,0.2726253680884838,0,7,,raw,43
52.750808000564575,7,logt_drift_r16_repair005,False,0.2726253680884838,0,7,,cosine,43
48.524653911590576,7,logt_drift_r16_repair005,False,0.2726253680884838,0,7,,affine_calibrated,43
70.55016160011292,1,logt_drift_r16_repair005,True,0.2726253680884838,0,7,,true_node_oracle,43
54.27374839782715,1,logt_drift_r16_repair005,False,0.2726253680884838,1,7,66.41918903483723,centroid_router,43
52.30942368507385,8,logt_drift_r16_repair005,False,0.3572008069604635,0,8,,raw,44
52.70372033119202,8,logt_drift_r16_repair005,False,0.3572008069604635,0,8,,cosine,44
48.36650490760803,8,logt_drift_r16_repair005,False,0.3572008069604635,0,8,,affine_calibrated,44
70.76605558395386,1,logt_drift_r16_repair005,True,0.3572008069604635,0,8,,true_node_oracle,44
54.18700575828552,1,logt_drift_r16_repair005,False,0.3572008069604635,1,8,66.16597822005257,centroid_router,44
52.5133490562439,8,logt_drift_r16_repair005,False,0.296625766903162,0,8,,raw,45
52.97366976737976,8,logt_drift_r16_repair005,False,0.296625766903162,0,8,,cosine,45
47.799667716026306,8,logt_drift_r16_repair005,False,0.296625766903162,0,8,,affine_calibrated,45
71.165531873703,1,logt_drift_r16_repair005,True,0.296625766903162,0,8,,true_node_oracle,45
54.501932859420776,1,logt_drift_r16_repair005,False,0.296625766903162,1,8,66.12041981218928,centroid_router,45
52.08708047866821,9,logt_drift_r16_repair005,False,0.33499243669211864,0,9,,raw,46
52.41093635559082,9,logt_drift_r16_repair005,False,0.33499243669211864,0,9,,cosine,46
46.88737094402313,9,logt_drift_r16_repair005,False,0.33499243669211864,0,9,,affine_calibrated,46
71.57250642776489,1,logt_drift_r16_repair005,True,0.33499243669211864,0,9,,true_node_oracle,46
53.958261013031006,1,logt_drift_r16_repair005,False,0.33499243669211864,1,9,65.02338970852824,centroid_router,46
51.70164108276367,6,logt_drift_r16_repair005,False,0.25493622571229935,0,6,,raw,47
52.90072560310364,6,logt_drift_r16_repair005,False,0.25493622571229935,0,6,,cosine,47
47.8927880525589,6,logt_drift_r16_repair005,False,0.25493622571229935,0,6,,affine_calibrated,47
67.88926124572754,1,logt_drift_r16_repair005,True,0.25493622571229935,0,6,,true_node_oracle,47
53.81767153739929,1,logt_drift_r16_repair005,False,0.25493622571229935,1,6,67.64239111267854,centroid_router,47
51.31351351737976,7,logt_drift_r16_repair005,False,0.37527851574122906,0,7,,raw,48
52.29865312576294,7,logt_drift_r16_repair005,False,0.37527851574122906,0,7,,cosine,48
47.20013737678528,7,logt_drift_r16_repair005,False,0.37527851574122906,0,7,,affine_calibrated,48
68.42378377914429,1,logt_drift_r16_repair005,True,0.37527851574122906,0,7,,true_node_oracle,48
53.62945199012756,1,logt_drift_r16_repair005,False,0.37527851574122906,1,7,67.09298306256481,centroid_router,48
51.37521028518677,7,logt_drift_r16_repair005,False,0.37593622878193855,0,7,,raw,49
52.20713019371033,7,logt_drift_r16_repair005,False,0.37593622878193855,0,7,,cosine,49
47.31748700141907,7,logt_drift_r16_repair005,False,0.37593622878193855,0,7,,affine_calibrated,49
68.57385635375977,1,logt_drift_r16_repair005,True,0.37593622878193855,0,7,,true_node_oracle,49
53.582340478897095,1,logt_drift_r16_repair005,False,0.37593622878193855,1,7,66.7402376910017,centroid_router,49
51.516664028167725,8,logt_drift_r16_repair005,False,0.3923099506646395,0,8,,raw,50
52.31666564941406,8,logt_drift_r16_repair005,False,0.3923099506646395,0,8,,cosine,50
47.26666808128357,8,logt_drift_r16_repair005,False,0.3923099506646395,0,8,,affine_calibrated,50
69.0500020980835,1,logt_drift_r16_repair005,True,0.3923099506646395,0,8,,true_node_oracle,50
53.81666421890259,1,logt_drift_r16_repair005,False,0.3923099506646395,1,8,66.71666666666667,centroid_router,50
95.76271176338196,1,leaf_bank_50,False,0.07522133179008961,0,1,,raw,1
95.76271176338196,1,leaf_bank_50,False,0.07522133179008961,0,1,,cosine,1
95.76271176338196,1,leaf_bank_50,False,0.07522133179008961,0,1,,affine_calibrated,1
95.76271176338196,1,leaf_bank_50,True,0.07522133179008961,0,1,,true_node_oracle,1
95.76271176338196,1,leaf_bank_50,False,0.07522133179008961,1,1,100.0,centroid_router,1
77.4193525314331,2,leaf_bank_50,False,0.0979512482881546,0,2,,raw,2
77.82257795333862,2,leaf_bank_50,False,0.0979512482881546,0,2,,cosine,2
79.83871102333069,2,leaf_bank_50,False,0.0979512482881546,0,2,,affine_calibrated,2
93.14516186714172,1,leaf_bank_50,True,0.0979512482881546,0,2,,true_node_oracle,2
86.29032373428345,1,leaf_bank_50,False,0.0979512482881546,1,2,91.93548387096774,centroid_router,2
71.0659921169281,3,leaf_bank_50,False,0.12008622847497463,0,3,,raw,3
71.57360315322876,3,leaf_bank_50,False,0.12008622847497463,0,3,,cosine,3
75.38071274757385,3,leaf_bank_50,False,0.12008622847497463,0,3,,affine_calibrated,3
92.13197827339172,1,leaf_bank_50,True,0.12008622847497463,0,3,,true_node_oracle,3
78.42639684677124,1,leaf_bank_50,False,0.12008622847497463,1,3,82.48730964467005,centroid_router,3
68.42105388641357,4,leaf_bank_50,False,0.13667982257902622,0,4,,raw,4
69.82455849647522,4,leaf_bank_50,False,0.13667982257902622,0,4,,cosine,4
73.68420958518982,4,leaf_bank_50,False,0.13667982257902622,0,4,,affine_calibrated,4
91.92982316017151,1,leaf_bank_50,True,0.13667982257902622,0,4,,true_node_oracle,4
77.89473533630371,1,leaf_bank_50,False,0.13667982257902622,1,4,82.10526315789474,centroid_router,4
65.18624424934387,5,leaf_bank_50,False,0.15422837249934673,0,5,,raw,5
67.0487105846405,5,leaf_bank_50,False,0.15422837249934673,0,5,,cosine,5
71.06017470359802,5,leaf_bank_50,False,0.15422837249934673,0,5,,affine_calibrated,5
92.12034344673157,1,leaf_bank_50,True,0.15422837249934673,0,5,,true_node_oracle,5
74.7851014137268,1,leaf_bank_50,False,0.15422837249934673,1,5,78.36676217765043,centroid_router,5
64.79217410087585,6,leaf_bank_50,False,0.19005044363439083,0,6,,raw,6
66.62591695785522,6,leaf_bank_50,False,0.19005044363439083,0,6,,cosine,6
70.04889845848083,6,leaf_bank_50,False,0.19005044363439083,0,6,,affine_calibrated,6
91.93153977394104,1,leaf_bank_50,True,0.19005044363439083,0,6,,true_node_oracle,6
72.98288345336914,1,leaf_bank_50,False,0.19005044363439083,1,6,75.91687041564792,centroid_router,6
62.808144092559814,7,leaf_bank_50,False,0.1816858071833849,0,7,,raw,7
65.27331471443176,7,leaf_bank_50,False,0.1816858071833849,0,7,,cosine,7
68.48874688148499,7,leaf_bank_50,False,0.1816858071833849,0,7,,affine_calibrated,7
92.06859469413757,1,leaf_bank_50,True,0.1816858071833849,0,7,,true_node_oracle,7
71.70417904853821,1,leaf_bank_50,False,0.1816858071833849,1,7,73.95498392282958,centroid_router,7
63.13320994377136,8,leaf_bank_50,False,0.19295045174658298,0,8,,raw,8
66.88555479049683,8,leaf_bank_50,False,0.19295045174658298,0,8,,cosine,8
69.6998119354248,8,leaf_bank_50,False,0.19295045174658298,0,8,,affine_calibrated,8
92.68292784690857,1,leaf_bank_50,True,0.19295045174658298,0,8,,true_node_oracle,8
71.57598733901978,1,leaf_bank_50,False,0.19295045174658298,1,8,73.63977485928706,centroid_router,8
62.5,9,leaf_bank_50,False,0.2142766360193491,0,9,,raw,9
66.00000262260437,9,leaf_bank_50,False,0.2142766360193491,0,9,,cosine,9
68.25000047683716,9,leaf_bank_50,False,0.2142766360193491,0,9,,affine_calibrated,9
92.58333444595337,1,leaf_bank_50,True,0.2142766360193491,0,9,,true_node_oracle,9
70.49999833106995,1,leaf_bank_50,False,0.2142766360193491,1,9,72.5,centroid_router,9
59.56651568412781,10,leaf_bank_50,False,0.25294534489512444,0,10,,raw,10
63.527655601501465,10,leaf_bank_50,False,0.25294534489512444,0,10,,cosine,10
65.69506525993347,10,leaf_bank_50,False,0.25294534489512444,0,10,,affine_calibrated,10
92.67563819885254,1,leaf_bank_50,True,0.25294534489512444,0,10,,true_node_oracle,10
68.1614339351654,1,leaf_bank_50,False,0.25294534489512444,1,10,70.02989536621824,centroid_router,10
59.388041496276855,11,leaf_bank_50,False,0.25870847702026367,0,11,,raw,11
63.35187554359436,11,leaf_bank_50,False,0.25870847702026367,0,11,,cosine,11
65.02086520195007,11,leaf_bank_50,False,0.25870847702026367,0,11,,affine_calibrated,11
92.42002964019775,1,leaf_bank_50,True,0.25870847702026367,0,11,,true_node_oracle,11
68.0111289024353,1,leaf_bank_50,False,0.25870847702026367,1,11,69.68011126564673,centroid_router,11
57.52895474433899,12,leaf_bank_50,False,0.2738782484084368,0,12,,raw,12
62.162160873413086,12,leaf_bank_50,False,0.2738782484084368,0,12,,cosine,12
63.642215728759766,12,leaf_bank_50,False,0.2738782484084368,0,12,,affine_calibrated,12
92.40669012069702,1,leaf_bank_50,True,0.2738782484084368,0,12,,true_node_oracle,12
67.0527696609497,1,leaf_bank_50,False,0.2738782484084368,1,12,68.46846846846847,centroid_router,12
57.8822135925293,13,leaf_bank_50,False,0.28482641093432903,0,13,,raw,13
62.40333318710327,13,leaf_bank_50,False,0.28482641093432903,0,13,,cosine,13
64.12849426269531,13,leaf_bank_50,False,0.28482641093432903,0,13,,affine_calibrated,13
92.68292784690857,1,leaf_bank_50,True,0.28482641093432903,0,13,,true_node_oracle,13
67.28137731552124,1,leaf_bank_50,False,0.28482641093432903,1,13,68.47114812611541,centroid_router,13
56.09487295150757,14,leaf_bank_50,False,0.30932268127799034,0,14,,raw,14
60.17650365829468,14,leaf_bank_50,False,0.30932268127799034,0,14,,cosine,14
62.71373629570007,14,leaf_bank_50,False,0.30932268127799034,0,14,,affine_calibrated,14
92.66409277915955,1,leaf_bank_50,True,0.30932268127799034,0,14,,true_node_oracle,14
66.07832312583923,1,leaf_bank_50,False,0.30932268127799034,1,14,67.29178157749587,centroid_router,14
55.20995259284973,15,leaf_bank_50,False,0.3325662221759558,0,15,,raw,15
59.20165777206421,15,leaf_bank_50,False,0.3325662221759558,0,15,,cosine,15
62.00103759765625,15,leaf_bank_50,False,0.3325662221759558,0,15,,affine_calibrated,15
92.58683323860168,1,leaf_bank_50,True,0.3325662221759558,0,15,,true_node_oracle,15
64.9040937423706,1,leaf_bank_50,False,0.3325662221759558,1,15,66.04458268532919,centroid_router,15
54.898154735565186,16,leaf_bank_50,False,0.4097098633646965,0,16,,raw,16
58.58389735221863,16,leaf_bank_50,False,0.4097098633646965,0,16,,cosine,16
61.63918375968933,16,leaf_bank_50,False,0.4097098633646965,0,16,,affine_calibrated,16
92.33753681182861,1,leaf_bank_50,True,0.4097098633646965,0,16,,true_node_oracle,16
63.6760413646698,1,leaf_bank_50,False,0.4097098633646965,1,16,64.6944713870029,centroid_router,16
54.159051179885864,17,leaf_bank_50,False,0.3872176967561245,0,17,,raw,17
58.13528299331665,17,leaf_bank_50,False,0.3872176967561245,0,17,,cosine,17
60.923218727111816,17,leaf_bank_50,False,0.3872176967561245,0,17,,affine_calibrated,17
92.55027174949646,1,leaf_bank_50,True,0.3872176967561245,0,17,,true_node_oracle,17
63.071298599243164,1,leaf_bank_50,False,0.3872176967561245,1,17,63.98537477148081,centroid_router,17
54.228419065475464,18,leaf_bank_50,False,0.41154666244983673,0,18,,raw,18
58.195292949676514,18,leaf_bank_50,False,0.41154666244983673,0,18,,cosine,18
60.72362661361694,18,leaf_bank_50,False,0.41154666244983673,0,18,,affine_calibrated,18
92.76373386383057,1,leaf_bank_50,True,0.41154666244983673,0,18,,true_node_oracle,18
63.20837140083313,1,leaf_bank_50,False,0.41154666244983673,1,18,64.03661726242372,centroid_router,18
53.39159369468689,19,leaf_bank_50,False,0.4598018117249012,0,19,,raw,19
57.55305886268616,19,leaf_bank_50,False,0.4598018117249012,0,19,,cosine,19
60.299623012542725,19,leaf_bank_50,False,0.4598018117249012,0,19,,affine_calibrated,19
92.63420701026917,1,leaf_bank_50,True,0.4598018117249012,0,19,,true_node_oracle,19
62.83811926841736,1,leaf_bank_50,False,0.4598018117249012,1,19,63.62879733666251,centroid_router,19
52.83546447753906,20,leaf_bank_50,False,0.48981380090117455,0,20,,raw,20
56.869012117385864,20,leaf_bank_50,False,0.48981380090117455,0,20,,cosine,20
60.223644971847534,20,leaf_bank_50,False,0.48981380090117455,0,20,,affine_calibrated,20
92.65175461769104,1,leaf_bank_50,True,0.48981380090117455,0,20,,true_node_oracle,20
62.10063695907593,1,leaf_bank_50,False,0.48981380090117455,1,20,62.85942492012779,centroid_router,20
52.530211210250854,21,leaf_bank_50,False,0.5263013374060392,0,21,,raw,21
56.49546980857849,21,leaf_bank_50,False,0.5263013374060392,0,21,,cosine,21
59.780967235565186,21,leaf_bank_50,False,0.5263013374060392,0,21,,affine_calibrated,21
92.56042242050171,1,leaf_bank_50,True,0.5263013374060392,0,21,,true_node_oracle,21
61.82023882865906,1,leaf_bank_50,False,0.5263013374060392,1,21,62.5,centroid_router,21
52.4205207824707,22,leaf_bank_50,False,0.5969070326536894,0,22,,raw,22
56.4306378364563,22,leaf_bank_50,False,0.5969070326536894,0,22,,cosine,22
59.46531891822815,22,leaf_bank_50,False,0.5969070326536894,0,22,,affine_calibrated,22
92.8106963634491,1,leaf_bank_50,True,0.5969070326536894,0,22,,true_node_oracle,22
61.3800585269928,1,leaf_bank_50,False,0.5969070326536894,1,22,62.03034682080925,centroid_router,22
51.785093545913696,23,leaf_bank_50,False,0.5940041150897741,0,23,,raw,23
55.80589175224304,23,leaf_bank_50,False,0.5940041150897741,0,23,,cosine,23
58.47486853599548,23,leaf_bank_50,False,0.5940041150897741,0,23,,affine_calibrated,23
92.75563359260559,1,leaf_bank_50,True,0.5940041150897741,0,23,,true_node_oracle,23
60.34662127494812,1,leaf_bank_50,False,0.5940041150897741,1,23,61.005199306759096,centroid_router,23
51.39683485031128,24,leaf_bank_50,False,0.6372792553156614,0,24,,raw,24
55.26758432388306,24,leaf_bank_50,False,0.6372792553156614,0,24,,cosine,24
58.06125998497009,24,leaf_bank_50,False,0.6372792553156614,0,24,,affine_calibrated,24
92.79704093933105,1,leaf_bank_50,True,0.6372792553156614,0,24,,true_node_oracle,24
59.97980237007141,1,leaf_bank_50,False,0.6372792553156614,1,24,60.65297879501851,centroid_router,24
50.98814368247986,25,leaf_bank_50,False,0.681761160492897,0,25,,raw,25
54.512518644332886,25,leaf_bank_50,False,0.681761160492897,0,25,,cosine,25
57.83926248550415,25,leaf_bank_50,False,0.681761160492897,0,25,,affine_calibrated,25
92.72068738937378,1,leaf_bank_50,True,0.681761160492897,0,25,,true_node_oracle,25
59.650856256484985,1,leaf_bank_50,False,0.681761160492897,1,25,60.342555994729906,centroid_router,25
50.933837890625,26,leaf_bank_50,False,0.7916407752782106,0,26,,raw,26
54.447609186172485,26,leaf_bank_50,False,0.7916407752782106,0,26,,cosine,26
57.45489001274109,26,leaf_bank_50,False,0.7916407752782106,0,26,,affine_calibrated,26
92.68755912780762,1,leaf_bank_50,True,0.7916407752782106,0,26,,true_node_oracle,26
59.354227781295776,1,leaf_bank_50,False,0.7916407752782106,1,26,60.01899335232669,centroid_router,26
50.0,27,leaf_bank_50,False,0.8792341127991676,0,27,,raw,27
53.82029414176941,27,leaf_bank_50,False,0.8792341127991676,0,27,,cosine,27
56.4486563205719,27,leaf_bank_50,False,0.8792341127991676,0,27,,affine_calibrated,27
92.57335066795349,1,leaf_bank_50,True,0.8792341127991676,0,27,,true_node_oracle,27
59.01589393615723,1,leaf_bank_50,False,0.8792341127991676,1,27,59.68826405867971,centroid_router,27
49.82216954231262,28,leaf_bank_50,False,0.7938051670789719,0,28,,raw,28
53.49733233451843,28,leaf_bank_50,False,0.7938051670789719,0,28,,cosine,28
56.46117329597473,28,leaf_bank_50,False,0.7938051670789719,0,28,,affine_calibrated,28
92.7089512348175,1,leaf_bank_50,True,0.7938051670789719,0,28,,true_node_oracle,28
59.01007652282715,1,leaf_bank_50,False,0.7938051670789719,1,28,59.66212211025489,centroid_router,28
48.99655878543854,29,leaf_bank_50,False,0.838823901489377,0,29,,raw,29
52.981650829315186,29,leaf_bank_50,False,0.838823901489377,0,29,,cosine,29
55.81995248794556,29,leaf_bank_50,False,0.838823901489377,0,29,,affine_calibrated,29
92.66055226325989,1,leaf_bank_50,True,0.838823901489377,0,29,,true_node_oracle,29
58.170872926712036,1,leaf_bank_50,False,0.838823901489377,1,29,58.830275229357795,centroid_router,29
48.62236678600311,30,leaf_bank_50,False,0.8891761638224125,0,30,,raw,30
52.458131313323975,30,leaf_bank_50,False,0.8891761638224125,0,30,,cosine,30
55.807673931121826,30,leaf_bank_50,False,0.8891761638224125,0,30,,affine_calibrated,30
92.7066445350647,1,leaf_bank_50,True,0.8891761638224125,0,30,,true_node_oracle,30
57.72555470466614,1,leaf_bank_50,False,0.8891761638224125,1,30,58.37385197190708,centroid_router,30
48.270440101623535,31,leaf_bank_50,False,1.1017555352300406,0,31,,raw,31
52.12264060974121,31,leaf_bank_50,False,1.1017555352300406,0,31,,cosine,31
55.55555820465088,31,leaf_bank_50,False,1.1017555352300406,0,31,,affine_calibrated,31
92.6886796951294,1,leaf_bank_50,True,1.1017555352300406,0,31,,true_node_oracle,31
57.73060917854309,1,leaf_bank_50,False,1.1017555352300406,1,31,58.359538784067084,centroid_router,31
47.818320989608765,32,leaf_bank_50,False,1.0289048552513123,0,32,,raw,32
51.696860790252686,32,leaf_bank_50,False,1.0289048552513123,0,32,,cosine,32
54.78438138961792,32,leaf_bank_50,False,1.0289048552513123,0,32,,affine_calibrated,32
92.67670512199402,1,leaf_bank_50,True,1.0289048552513123,0,32,,true_node_oracle,32
57.43812322616577,1,leaf_bank_50,False,1.0289048552513123,1,32,58.10155651952029,centroid_router,32
48.114144802093506,33,leaf_bank_50,False,0.9640273563563824,0,33,,raw,33
52.00992822647095,33,leaf_bank_50,False,0.9640273563563824,0,33,,cosine,33
54.714637994766235,33,leaf_bank_50,False,0.9640273563563824,0,33,,affine_calibrated,33
92.77915358543396,1,leaf_bank_50,True,0.9640273563563824,0,33,,true_node_oracle,33
57.76674747467041,1,leaf_bank_50,False,0.9640273563563824,1,33,58.411910669975185,centroid_router,33
48.19512069225311,34,leaf_bank_50,False,1.0279371999204159,0,34,,raw,34
51.95121765136719,34,leaf_bank_50,False,1.0279371999204159,0,34,,cosine,34
54.756098985672,34,leaf_bank_50,False,1.0279371999204159,0,34,,affine_calibrated,34
92.80487895011902,1,leaf_bank_50,True,1.0279371999204159,0,34,,true_node_oracle,34
57.8780472278595,1,leaf_bank_50,False,1.0279371999204159,1,34,58.51219512195122,centroid_router,34
47.889649868011475,35,leaf_bank_50,False,1.07422829978168,0,35,,raw,35
51.4737069606781,35,leaf_bank_50,False,1.07422829978168,0,35,,cosine,35
54.609763622283936,35,leaf_bank_50,False,1.07422829978168,0,35,,affine_calibrated,35
92.83187985420227,1,leaf_bank_50,True,1.07422829978168,0,35,,true_node_oracle,35
57.3921263217926,1,leaf_bank_50,False,1.07422829978168,1,35,58.00518745578873,centroid_router,35
48.05460870265961,36,leaf_bank_50,False,1.1094050090759993,0,36,,raw,36
51.877135038375854,36,leaf_bank_50,False,1.1094050090759993,0,36,,cosine,36
54.69852089881897,36,leaf_bank_50,False,1.1094050090759993,0,36,,affine_calibrated,36
92.94652938842773,1,leaf_bank_50,True,1.1094050090759993,0,36,,true_node_oracle,36
57.77019262313843,1,leaf_bank_50,False,1.1094050090759993,1,36,58.38452787258248,centroid_router,36
47.2100168466568,37,leaf_bank_50,False,1.2440952956676483,0,37,,raw,37
50.9446382522583,37,leaf_bank_50,False,1.2440952956676483,0,37,,cosine,37
54.04217839241028,37,leaf_bank_50,False,1.2440952956676483,0,37,,affine_calibrated,37
93.0799663066864,1,leaf_bank_50,True,1.2440952956676483,0,37,,true_node_oracle,37
56.98593854904175,1,leaf_bank_50,False,1.2440952956676483,1,37,57.57908611599297,centroid_router,37
47.1139520406723,38,leaf_bank_50,False,1.248936090618372,0,38,,raw,38
50.9904146194458,38,leaf_bank_50,False,1.248936090618372,0,38,,cosine,38
54.14270758628845,38,leaf_bank_50,False,1.248936090618372,0,38,,affine_calibrated,38
93.26943755149841,1,leaf_bank_50,True,1.248936090618372,0,38,,true_node_oracle,38
56.869012117385864,1,leaf_bank_50,False,1.248936090618372,1,38,57.42279020234292,centroid_router,38
47.182366251945496,39,leaf_bank_50,False,1.4112155511975288,0,39,,raw,39
50.98773241043091,39,leaf_bank_50,False,1.4112155511975288,0,39,,cosine,39
54.04449701309204,39,leaf_bank_50,False,1.4112155511975288,0,39,,affine_calibrated,39
93.40819120407104,1,leaf_bank_50,True,1.4112155511975288,0,39,,true_node_oracle,39
56.91412091255188,1,leaf_bank_50,False,1.4112155511975288,1,39,57.47556664587232,centroid_router,39
47.03860878944397,40,leaf_bank_50,False,1.4808560349047184,0,40,,raw,40
50.87932348251343,40,leaf_bank_50,False,1.4808560349047184,0,40,,cosine,40
54.154032468795776,40,leaf_bank_50,False,1.4808560349047184,0,40,,affine_calibrated,40
93.45057606697083,1,leaf_bank_50,True,1.4808560349047184,0,40,,true_node_oracle,40
56.76167607307434,1,leaf_bank_50,False,1.4808560349047184,1,40,57.30745906610067,centroid_router,40
46.80342674255371,41,leaf_bank_50,False,2.4259240217506886,0,41,,raw,41
50.74686408042908,41,leaf_bank_50,False,2.4259240217506886,0,41,,cosine,41
53.99323105812073,41,leaf_bank_50,False,2.4259240217506886,0,41,,affine_calibrated,41
93.32802295684814,1,leaf_bank_50,True,2.4259240217506886,0,41,,true_node_oracle,41
56.44294023513794,1,leaf_bank_50,False,2.4259240217506886,1,41,56.96076478789086,centroid_router,41
46.228426694869995,42,leaf_bank_50,False,2.4202011190354824,0,42,,raw,42
49.87395703792572,42,leaf_bank_50,False,2.4202011190354824,0,42,,cosine,42
53.112274408340454,42,leaf_bank_50,False,2.4202011190354824,0,42,,affine_calibrated,42
93.17432641983032,1,leaf_bank_50,True,2.4202011190354824,0,42,,true_node_oracle,42
55.71068525314331,1,leaf_bank_50,False,2.4202011190354824,1,42,56.234244715920106,centroid_router,42
46.4306116104126,43,leaf_bank_50,False,2.493025805801153,0,43,,raw,43
49.93337094783783,43,leaf_bank_50,False,2.493025805801153,0,43,,cosine,43
53.2076895236969,43,leaf_bank_50,False,2.493025805801153,0,43,,affine_calibrated,43
93.20388436317444,1,leaf_bank_50,True,2.493025805801153,0,43,,true_node_oracle,43
55.62535524368286,1,leaf_bank_50,False,2.493025805801153,1,43,56.13934894346088,centroid_router,43
46.376267075538635,44,leaf_bank_50,False,2.4262137059122324,0,44,,raw,44
50.0,44,leaf_bank_50,False,2.4262137059122324,0,44,,cosine,44
53.22943925857544,44,leaf_bank_50,False,2.4262137059122324,0,44,,affine_calibrated,44
93.10927391052246,1,leaf_bank_50,True,2.4262137059122324,0,44,,true_node_oracle,44
55.53886890411377,1,leaf_bank_50,False,2.4262137059122324,1,44,56.04581299286519,centroid_router,44
46.54759764671326,45,leaf_bank_50,False,2.44837979786098,0,45,,raw,45
50.285398960113525,45,leaf_bank_50,False,2.44837979786098,0,45,,cosine,45
53.32351326942444,45,leaf_bank_50,False,2.44837979786098,0,45,,affine_calibrated,45
93.18726062774658,1,leaf_bank_50,True,2.44837979786098,0,45,,true_node_oracle,45
55.7908296585083,1,leaf_bank_50,False,2.44837979786098,1,45,56.25115080095747,centroid_router,45
46.16768658161163,46,leaf_bank_50,False,2.586834931746125,0,46,,raw,46
49.76610243320465,46,leaf_bank_50,False,2.586834931746125,0,46,,cosine,46
52.87873148918152,46,leaf_bank_50,False,2.586834931746125,0,46,,affine_calibrated,46
93.09104084968567,1,leaf_bank_50,True,2.586834931746125,0,46,,true_node_oracle,46
55.32565712928772,1,leaf_bank_50,False,2.586834931746125,1,46,55.847427132061895,centroid_router,46
46.00599408149719,47,leaf_bank_50,False,2.0014760475605726,0,47,,raw,47
49.60324466228485,47,leaf_bank_50,False,2.0014760475605726,0,47,,cosine,47
52.653855085372925,47,leaf_bank_50,False,2.0014760475605726,0,47,,affine_calibrated,47
93.0523693561554,1,leaf_bank_50,True,2.0014760475605726,0,47,,true_node_oracle,47
55.157822370529175,1,leaf_bank_50,False,2.0014760475605726,1,47,55.68682771997884,centroid_router,47
45.76564133167267,48,leaf_bank_50,False,2.018828509375453,0,48,,raw,48
49.0839958190918,48,leaf_bank_50,False,2.018828509375453,0,48,,cosine,48
52.26408839225769,48,leaf_bank_50,False,2.018828509375453,0,48,,affine_calibrated,48
93.0867612361908,1,leaf_bank_50,True,2.018828509375453,0,48,,true_node_oracle,48
54.942965507507324,1,leaf_bank_50,False,2.018828509375453,1,48,55.46145869339786,centroid_router,48
45.75551748275757,49,leaf_bank_50,False,2.501156510785222,0,49,,raw,49
49.03225898742676,49,leaf_bank_50,False,2.501156510785222,0,49,,cosine,49
52.122241258621216,49,leaf_bank_50,False,2.501156510785222,0,49,,affine_calibrated,49
93.08998584747314,1,leaf_bank_50,True,2.501156510785222,0,49,,true_node_oracle,49
54.88964319229126,1,leaf_bank_50,False,2.501156510785222,1,49,55.39898132427844,centroid_router,49
46.00000083446503,50,leaf_bank_50,False,2.193134667351842,0,50,,raw,50
49.300000071525574,50,leaf_bank_50,False,2.193134667351842,0,50,,cosine,50
52.266669273376465,50,leaf_bank_50,False,2.193134667351842,0,50,,affine_calibrated,50
93.11666488647461,1,leaf_bank_50,True,2.193134667351842,0,50,,true_node_oracle,50
55.09999990463257,1,leaf_bank_50,False,2.193134667351842,1,50,55.6,centroid_router,50
97.45762944221497,1,frozen_reference,False,0.08194800280034542,0,1,,raw,1
96.61017060279846,1,frozen_reference,False,0.08194800280034542,0,1,,cosine,1
97.45762944221497,1,frozen_reference,False,0.08194800280034542,0,1,,affine_calibrated,1
97.45762944221497,1,frozen_reference,True,0.08194800280034542,0,1,,true_node_oracle,1
97.45762944221497,1,frozen_reference,False,0.08194800280034542,1,1,100.0,centroid_router,1
80.2419364452362,1,frozen_reference,False,0.08116415143013,0,1,,raw,2
72.98387289047241,1,frozen_reference,False,0.08116415143013,0,1,,cosine,2
80.2419364452362,1,frozen_reference,False,0.08116415143013,0,1,,affine_calibrated,2
80.2419364452362,1,frozen_reference,True,0.08116415143013,0,1,,true_node_oracle,2
80.2419364452362,1,frozen_reference,False,0.08116415143013,1,1,100.0,centroid_router,2
69.54314708709717,1,frozen_reference,False,0.06740717403590679,0,1,,raw,3
71.0659921169281,1,frozen_reference,False,0.06740717403590679,0,1,,cosine,3
69.54314708709717,1,frozen_reference,False,0.06740717403590679,0,1,,affine_calibrated,3
69.54314708709717,1,frozen_reference,True,0.06740717403590679,0,1,,true_node_oracle,3
69.54314708709717,1,frozen_reference,False,0.06740717403590679,1,1,100.0,centroid_router,3
63.50877285003662,1,frozen_reference,False,0.06624094769358635,0,1,,raw,4
69.47368383407593,1,frozen_reference,False,0.06624094769358635,0,1,,cosine,4
63.50877285003662,1,frozen_reference,False,0.06624094769358635,0,1,,affine_calibrated,4
63.50877285003662,1,frozen_reference,True,0.06624094769358635,0,1,,true_node_oracle,4
63.50877285003662,1,frozen_reference,False,0.06624094769358635,1,1,100.0,centroid_router,4
63.18051815032959,1,frozen_reference,False,0.06761922128498554,0,1,,raw,5
68.05157661437988,1,frozen_reference,False,0.06761922128498554,0,1,,cosine,5
63.18051815032959,1,frozen_reference,False,0.06761922128498554,0,1,,affine_calibrated,5
63.18051815032959,1,frozen_reference,True,0.06761922128498554,0,1,,true_node_oracle,5
63.18051815032959,1,frozen_reference,False,0.06761922128498554,1,1,100.0,centroid_router,5
62.34718561172485,1,frozen_reference,False,0.06831558421254158,0,1,,raw,6
68.58190894126892,1,frozen_reference,False,0.06831558421254158,0,1,,cosine,6
62.34718561172485,1,frozen_reference,False,0.06831558421254158,0,1,,affine_calibrated,6
62.34718561172485,1,frozen_reference,True,0.06831558421254158,0,1,,true_node_oracle,6
62.34718561172485,1,frozen_reference,False,0.06831558421254158,1,1,100.0,centroid_router,6
60.77170372009277,1,frozen_reference,False,0.06776277162134647,0,1,,raw,7
67.09539294242859,1,frozen_reference,False,0.06776277162134647,0,1,,cosine,7
60.77170372009277,1,frozen_reference,False,0.06776277162134647,0,1,,affine_calibrated,7
60.77170372009277,1,frozen_reference,True,0.06776277162134647,0,1,,true_node_oracle,7
60.77170372009277,1,frozen_reference,False,0.06776277162134647,1,1,100.0,centroid_router,7
62.00750470161438,1,frozen_reference,False,0.0689197238534689,0,1,,raw,8
68.01125407218933,1,frozen_reference,False,0.0689197238534689,0,1,,cosine,8
62.00750470161438,1,frozen_reference,False,0.0689197238534689,0,1,,affine_calibrated,8
62.00750470161438,1,frozen_reference,True,0.0689197238534689,0,1,,true_node_oracle,8
62.00750470161438,1,frozen_reference,False,0.0689197238534689,1,1,100.0,centroid_router,8
60.66666841506958,1,frozen_reference,False,0.0695827566087246,0,1,,raw,9
66.58333539962769,1,frozen_reference,False,0.0695827566087246,0,1,,cosine,9
60.66666841506958,1,frozen_reference,False,0.0695827566087246,0,1,,affine_calibrated,9
60.66666841506958,1,frozen_reference,True,0.0695827566087246,0,1,,true_node_oracle,9
60.66666841506958,1,frozen_reference,False,0.0695827566087246,1,1,100.0,centroid_router,9
58.07175040245056,1,frozen_reference,False,0.07264557667076588,0,1,,raw,10
63.60239386558533,1,frozen_reference,False,0.07264557667076588,0,1,,cosine,10
58.07175040245056,1,frozen_reference,False,0.07264557667076588,0,1,,affine_calibrated,10
58.07175040245056,1,frozen_reference,True,0.07264557667076588,0,1,,true_node_oracle,10
58.07175040245056,1,frozen_reference,False,0.07264557667076588,1,1,100.0,centroid_router,10
57.78859257698059,1,frozen_reference,False,0.07138929516077042,0,1,,raw,11
63.00417184829712,1,frozen_reference,False,0.07138929516077042,0,1,,cosine,11
57.78859257698059,1,frozen_reference,False,0.07138929516077042,0,1,,affine_calibrated,11
57.78859257698059,1,frozen_reference,True,0.07138929516077042,0,1,,true_node_oracle,11
57.78859257698059,1,frozen_reference,False,0.07138929516077042,1,1,100.0,centroid_router,11
57.07850456237793,1,frozen_reference,False,0.06893717497587204,0,1,,raw,12
62.29086518287659,1,frozen_reference,False,0.06893717497587204,0,1,,cosine,12
57.07850456237793,1,frozen_reference,False,0.06893717497587204,0,1,,affine_calibrated,12
57.07850456237793,1,frozen_reference,True,0.06893717497587204,0,1,,true_node_oracle,12
57.07850456237793,1,frozen_reference,False,0.06893717497587204,1,1,100.0,centroid_router,12
57.28732943534851,1,frozen_reference,False,0.07326877117156982,0,1,,raw,13
62.46281862258911,1,frozen_reference,False,0.07326877117156982,0,1,,cosine,13
57.28732943534851,1,frozen_reference,False,0.07326877117156982,0,1,,affine_calibrated,13
57.28732943534851,1,frozen_reference,True,0.07326877117156982,0,1,,true_node_oracle,13
57.28732943534851,1,frozen_reference,False,0.07326877117156982,1,1,100.0,centroid_router,13
55.37782907485962,1,frozen_reference,False,0.07139129564166069,0,1,,raw,14
60.45228838920593,1,frozen_reference,False,0.07139129564166069,0,1,,cosine,14
55.37782907485962,1,frozen_reference,False,0.07139129564166069,0,1,,affine_calibrated,14
55.37782907485962,1,frozen_reference,True,0.07139129564166069,0,1,,true_node_oracle,14
55.37782907485962,1,frozen_reference,False,0.07139129564166069,1,1,100.0,centroid_router,14
54.276829957962036,1,frozen_reference,False,0.07917720824480057,0,1,,raw,15
59.14981961250305,1,frozen_reference,False,0.07917720824480057,0,1,,cosine,15
54.276829957962036,1,frozen_reference,False,0.07917720824480057,0,1,,affine_calibrated,15
54.276829957962036,1,frozen_reference,True,0.07917720824480057,0,1,,true_node_oracle,15
54.276829957962036,1,frozen_reference,False,0.07917720824480057,1,1,100.0,centroid_router,15
53.637248277664185,1,frozen_reference,False,0.08245309256017208,0,1,,raw,16
58.05043578147888,1,frozen_reference,False,0.08245309256017208,0,1,,cosine,16
53.637248277664185,1,frozen_reference,False,0.08245309256017208,0,1,,affine_calibrated,16
53.637248277664185,1,frozen_reference,True,0.08245309256017208,0,1,,true_node_oracle,16
53.637248277664185,1,frozen_reference,False,0.08245309256017208,1,1,100.0,centroid_router,16
52.787935733795166,1,frozen_reference,False,0.08179203607141972,0,1,,raw,17
57.90676474571228,1,frozen_reference,False,0.08179203607141972,0,1,,cosine,17
52.787935733795166,1,frozen_reference,False,0.08179203607141972,0,1,,affine_calibrated,17
52.787935733795166,1,frozen_reference,True,0.08179203607141972,0,1,,true_node_oracle,17
52.787935733795166,1,frozen_reference,False,0.08179203607141972,1,1,100.0,centroid_router,17
52.83347964286804,1,frozen_reference,False,0.0825288686901331,0,1,,raw,18
58.020925521850586,1,frozen_reference,False,0.0825288686901331,0,1,,cosine,18
52.83347964286804,1,frozen_reference,False,0.0825288686901331,0,1,,affine_calibrated,18
52.83347964286804,1,frozen_reference,True,0.0825288686901331,0,1,,true_node_oracle,18
52.83347964286804,1,frozen_reference,False,0.0825288686901331,1,1,100.0,centroid_router,18
52.517688274383545,1,frozen_reference,False,0.08517043851315975,0,1,,raw,19
57.76113271713257,1,frozen_reference,False,0.08517043851315975,0,1,,cosine,19
52.517688274383545,1,frozen_reference,False,0.08517043851315975,0,1,,affine_calibrated,19
52.517688274383545,1,frozen_reference,True,0.08517043851315975,0,1,,true_node_oracle,19
52.517688274383545,1,frozen_reference,False,0.08517043851315975,1,1,100.0,centroid_router,19
52.03673839569092,1,frozen_reference,False,0.0845668874680996,0,1,,raw,20
57.50798583030701,1,frozen_reference,False,0.0845668874680996,0,1,,cosine,20
52.03673839569092,1,frozen_reference,False,0.0845668874680996,0,1,,affine_calibrated,20
52.03673839569092,1,frozen_reference,True,0.0845668874680996,0,1,,true_node_oracle,20
52.03673839569092,1,frozen_reference,False,0.0845668874680996,1,1,100.0,centroid_router,20
51.54833793640137,1,frozen_reference,False,0.08828962408006191,0,1,,raw,21
57.43957757949829,1,frozen_reference,False,0.08828962408006191,0,1,,cosine,21
51.54833793640137,1,frozen_reference,False,0.08828962408006191,0,1,,affine_calibrated,21
51.54833793640137,1,frozen_reference,True,0.08828962408006191,0,1,,true_node_oracle,21
51.54833793640137,1,frozen_reference,False,0.08828962408006191,1,1,100.0,centroid_router,21
51.156067848205566,1,frozen_reference,False,0.08715620636940002,0,1,,raw,22
56.93641901016235,1,frozen_reference,False,0.08715620636940002,0,1,,cosine,22
51.156067848205566,1,frozen_reference,False,0.08715620636940002,0,1,,affine_calibrated,22
51.156067848205566,1,frozen_reference,True,0.08715620636940002,0,1,,true_node_oracle,22
51.156067848205566,1,frozen_reference,False,0.08715620636940002,1,1,100.0,centroid_router,22
50.3986120223999,1,frozen_reference,False,0.08359001763164997,0,1,,raw,23
56.18717670440674,1,frozen_reference,False,0.08359001763164997,0,1,,cosine,23
50.3986120223999,1,frozen_reference,False,0.08359001763164997,0,1,,affine_calibrated,23
50.3986120223999,1,frozen_reference,True,0.08359001763164997,0,1,,true_node_oracle,23
50.3986120223999,1,frozen_reference,False,0.08359001763164997,1,1,100.0,centroid_router,23
49.74755942821503,1,frozen_reference,False,0.08742229267954826,0,1,,raw,24
55.43587803840637,1,frozen_reference,False,0.08742229267954826,0,1,,cosine,24
49.74755942821503,1,frozen_reference,False,0.08742229267954826,0,1,,affine_calibrated,24
49.74755942821503,1,frozen_reference,True,0.08742229267954826,0,1,,true_node_oracle,24
49.74755942821503,1,frozen_reference,False,0.08742229267954826,1,1,100.0,centroid_router,24
48.84716868400574,1,frozen_reference,False,0.08738668449223042,0,1,,raw,25
55.07246255874634,1,frozen_reference,False,0.08738668449223042,0,1,,cosine,25
48.84716868400574,1,frozen_reference,False,0.08738668449223042,0,1,,affine_calibrated,25
48.84716868400574,1,frozen_reference,True,0.08738668449223042,0,1,,true_node_oracle,25
48.84716868400574,1,frozen_reference,False,0.08738668449223042,1,1,100.0,centroid_router,25
49.03450310230255,1,frozen_reference,False,0.08456421084702015,0,1,,raw,26
55.049067735672,1,frozen_reference,False,0.08456421084702015,0,1,,cosine,26
49.03450310230255,1,frozen_reference,False,0.08456421084702015,0,1,,affine_calibrated,26
49.03450310230255,1,frozen_reference,True,0.08456421084702015,0,1,,true_node_oracle,26
49.03450310230255,1,frozen_reference,False,0.08456421084702015,1,1,100.0,centroid_router,26
48.59413206577301,1,frozen_reference,False,0.07932177186012268,0,1,,raw,27
54.67603802680969,1,frozen_reference,False,0.07932177186012268,0,1,,cosine,27
48.59413206577301,1,frozen_reference,False,0.07932177186012268,0,1,,affine_calibrated,27
48.59413206577301,1,frozen_reference,True,0.07932177186012268,0,1,,true_node_oracle,27
48.59413206577301,1,frozen_reference,False,0.07932177186012268,1,1,100.0,centroid_router,27
48.755186796188354,1,frozen_reference,False,0.0846622996032238,0,1,,raw,28
54.74214553833008,1,frozen_reference,False,0.0846622996032238,0,1,,cosine,28
48.755186796188354,1,frozen_reference,False,0.0846622996032238,0,1,,affine_calibrated,28
48.755186796188354,1,frozen_reference,True,0.0846622996032238,0,1,,true_node_oracle,28
48.755186796188354,1,frozen_reference,False,0.0846622996032238,1,1,100.0,centroid_router,28
47.96445071697235,1,frozen_reference,False,0.09118273109197617,0,1,,raw,29
54.128438234329224,1,frozen_reference,False,0.09118273109197617,0,1,,cosine,29
47.96445071697235,1,frozen_reference,False,0.09118273109197617,0,1,,affine_calibrated,29
47.96445071697235,1,frozen_reference,True,0.09118273109197617,0,1,,true_node_oracle,29
47.96445071697235,1,frozen_reference,False,0.09118273109197617,1,1,100.0,centroid_router,29
47.67693281173706,1,frozen_reference,False,0.08904321864247322,0,1,,raw,30
53.403568267822266,1,frozen_reference,False,0.08904321864247322,0,1,,cosine,30
47.67693281173706,1,frozen_reference,False,0.08904321864247322,0,1,,affine_calibrated,30
47.67693281173706,1,frozen_reference,True,0.08904321864247322,0,1,,true_node_oracle,30
47.67693281173706,1,frozen_reference,False,0.08904321864247322,1,1,100.0,centroid_router,30
47.3794549703598,1,frozen_reference,False,0.08571171760559082,0,1,,raw,31
53.170859813690186,1,frozen_reference,False,0.08571171760559082,0,1,,cosine,31
47.3794549703598,1,frozen_reference,False,0.08571171760559082,0,1,,affine_calibrated,31
47.3794549703598,1,frozen_reference,True,0.08571171760559082,0,1,,true_node_oracle,31
47.3794549703598,1,frozen_reference,False,0.08571171760559082,1,1,100.0,centroid_router,31
47.02730178833008,1,frozen_reference,False,0.08538496494293213,0,1,,raw,32
52.81959772109985,1,frozen_reference,False,0.08538496494293213,0,1,,cosine,32
47.02730178833008,1,frozen_reference,False,0.08538496494293213,0,1,,affine_calibrated,32
47.02730178833008,1,frozen_reference,True,0.08538496494293213,0,1,,true_node_oracle,32
47.02730178833008,1,frozen_reference,False,0.08538496494293213,1,1,100.0,centroid_router,32
47.295284271240234,1,frozen_reference,False,0.08597424440085888,0,1,,raw,33
53.25062274932861,1,frozen_reference,False,0.08597424440085888,0,1,,cosine,33
47.295284271240234,1,frozen_reference,False,0.08597424440085888,0,1,,affine_calibrated,33
47.295284271240234,1,frozen_reference,True,0.08597424440085888,0,1,,true_node_oracle,33
47.295284271240234,1,frozen_reference,False,0.08597424440085888,1,1,100.0,centroid_router,33
47.2682923078537,1,frozen_reference,False,0.08929550088942051,0,1,,raw,34
53.24390530586243,1,frozen_reference,False,0.08929550088942051,0,1,,cosine,34
47.2682923078537,1,frozen_reference,False,0.08929550088942051,0,1,,affine_calibrated,34
47.2682923078537,1,frozen_reference,True,0.08929550088942051,0,1,,true_node_oracle,34
47.2682923078537,1,frozen_reference,False,0.08929550088942051,1,1,100.0,centroid_router,34
47.229427099227905,1,frozen_reference,False,0.08661426417529583,0,1,,raw,35
53.24215888977051,1,frozen_reference,False,0.08661426417529583,0,1,,cosine,35
47.229427099227905,1,frozen_reference,False,0.08661426417529583,0,1,,affine_calibrated,35
47.229427099227905,1,frozen_reference,True,0.08661426417529583,0,1,,true_node_oracle,35
47.229427099227905,1,frozen_reference,False,0.08661426417529583,1,1,100.0,centroid_router,35
47.30375409126282,1,frozen_reference,False,0.09034144878387451,0,1,,raw,36
53.28782796859741,1,frozen_reference,False,0.09034144878387451,0,1,,cosine,36
47.30375409126282,1,frozen_reference,False,0.09034144878387451,0,1,,affine_calibrated,36
47.30375409126282,1,frozen_reference,True,0.09034144878387451,0,1,,true_node_oracle,36
47.30375409126282,1,frozen_reference,False,0.09034144878387451,1,1,100.0,centroid_router,36
46.704745292663574,1,frozen_reference,False,0.0895325168967247,0,1,,raw,37
52.526360750198364,1,frozen_reference,False,0.0895325168967247,0,1,,cosine,37
46.704745292663574,1,frozen_reference,False,0.0895325168967247,0,1,,affine_calibrated,37
46.704745292663574,1,frozen_reference,True,0.0895325168967247,0,1,,true_node_oracle,37
46.704745292663574,1,frozen_reference,False,0.0895325168967247,1,1,100.0,centroid_router,37
46.85836136341095,1,frozen_reference,False,0.09230428375303745,0,1,,raw,38
52.56655812263489,1,frozen_reference,False,0.09230428375303745,0,1,,cosine,38
46.85836136341095,1,frozen_reference,False,0.09230428375303745,0,1,,affine_calibrated,38
46.85836136341095,1,frozen_reference,True,0.09230428375303745,0,1,,true_node_oracle,38
46.85836136341095,1,frozen_reference,False,0.09230428375303745,1,1,100.0,centroid_router,38
46.78727388381958,1,frozen_reference,False,0.09031556732952595,0,1,,raw,39
52.56810188293457,1,frozen_reference,False,0.09031556732952595,0,1,,cosine,39
46.78727388381958,1,frozen_reference,False,0.09031556732952595,0,1,,affine_calibrated,39
46.78727388381958,1,frozen_reference,True,0.09031556732952595,0,1,,true_node_oracle,39
46.78727388381958,1,frozen_reference,False,0.09031556732952595,1,1,100.0,centroid_router,39
46.43218219280243,1,frozen_reference,False,0.0900297537446022,0,1,,raw,40
52.19324827194214,1,frozen_reference,False,0.0900297537446022,0,1,,cosine,40
46.43218219280243,1,frozen_reference,False,0.0900297537446022,0,1,,affine_calibrated,40
46.43218219280243,1,frozen_reference,True,0.0900297537446022,0,1,,true_node_oracle,40
46.43218219280243,1,frozen_reference,False,0.0900297537446022,1,1,100.0,centroid_router,40
46.2258517742157,1,frozen_reference,False,0.09135624952614307,0,1,,raw,41
52.00159549713135,1,frozen_reference,False,0.09135624952614307,0,1,,cosine,41
46.2258517742157,1,frozen_reference,False,0.09135624952614307,0,1,,affine_calibrated,41
46.2258517742157,1,frozen_reference,True,0.09135624952614307,0,1,,true_node_oracle,41
46.2258517742157,1,frozen_reference,False,0.09135624952614307,1,1,100.0,centroid_router,41
45.60791254043579,1,frozen_reference,False,0.09171708859503269,0,1,,raw,42
51.36707425117493,1,frozen_reference,False,0.09171708859503269,0,1,,cosine,42
45.60791254043579,1,frozen_reference,False,0.09171708859503269,0,1,,affine_calibrated,42
45.60791254043579,1,frozen_reference,True,0.09171708859503269,0,1,,true_node_oracle,42
45.60791254043579,1,frozen_reference,False,0.09171708859503269,1,1,100.0,centroid_router,42
45.80239951610565,1,frozen_reference,False,0.09026236832141876,0,1,,raw,43
51.494383811950684,1,frozen_reference,False,0.09026236832141876,0,1,,cosine,43
45.80239951610565,1,frozen_reference,False,0.09026236832141876,0,1,,affine_calibrated,43
45.80239951610565,1,frozen_reference,True,0.09026236832141876,0,1,,true_node_oracle,43
45.80239951610565,1,frozen_reference,False,0.09026236832141876,1,1,100.0,centroid_router,43
45.62523365020752,1,frozen_reference,False,0.08969641104340553,0,1,,raw,44
51.35185718536377,1,frozen_reference,False,0.08969641104340553,0,1,,cosine,44
45.62523365020752,1,frozen_reference,False,0.08969641104340553,0,1,,affine_calibrated,44
45.62523365020752,1,frozen_reference,True,0.08969641104340553,0,1,,true_node_oracle,44
45.62523365020752,1,frozen_reference,False,0.08969641104340553,1,1,100.0,centroid_router,44
45.95838785171509,1,frozen_reference,False,0.09107255004346371,0,1,,raw,45
51.611119508743286,1,frozen_reference,False,0.09107255004346371,0,1,,cosine,45
45.95838785171509,1,frozen_reference,False,0.09107255004346371,0,1,,affine_calibrated,45
45.95838785171509,1,frozen_reference,True,0.09107255004346371,0,1,,true_node_oracle,45
45.95838785171509,1,frozen_reference,False,0.09107255004346371,1,1,100.0,centroid_router,45
45.43001055717468,1,frozen_reference,False,0.09174913726747036,0,1,,raw,46
51.043540239334106,1,frozen_reference,False,0.09174913726747036,0,1,,cosine,46
45.43001055717468,1,frozen_reference,False,0.09174913726747036,0,1,,affine_calibrated,46
45.43001055717468,1,frozen_reference,True,0.09174913726747036,0,1,,true_node_oracle,46
45.43001055717468,1,frozen_reference,False,0.09174913726747036,1,1,100.0,centroid_router,46
45.35355269908905,1,frozen_reference,False,0.09305894933640957,0,1,,raw,47
50.80232620239258,1,frozen_reference,False,0.09305894933640957,0,1,,cosine,47
45.35355269908905,1,frozen_reference,False,0.09305894933640957,0,1,,affine_calibrated,47
45.35355269908905,1,frozen_reference,True,0.09305894933640957,0,1,,true_node_oracle,47
45.35355269908905,1,frozen_reference,False,0.09305894933640957,1,1,100.0,centroid_router,47
45.10888457298279,1,frozen_reference,False,0.08512569963932037,0,1,,raw,48
50.29381513595581,1,frozen_reference,False,0.08512569963932037,0,1,,cosine,48
45.10888457298279,1,frozen_reference,False,0.08512569963932037,0,1,,affine_calibrated,48
45.10888457298279,1,frozen_reference,True,0.08512569963932037,0,1,,true_node_oracle,48
45.10888457298279,1,frozen_reference,False,0.08512569963932037,1,1,100.0,centroid_router,48
45.00848948955536,1,frozen_reference,False,0.08441128395497799,0,1,,raw,49
50.22071599960327,1,frozen_reference,False,0.08441128395497799,0,1,,cosine,49
45.00848948955536,1,frozen_reference,False,0.08441128395497799,0,1,,affine_calibrated,49
45.00848948955536,1,frozen_reference,True,0.08441128395497799,0,1,,true_node_oracle,49
45.00848948955536,1,frozen_reference,False,0.08441128395497799,1,1,100.0,centroid_router,49
45.14999985694885,1,frozen_reference,False,0.10881092213094234,0,1,,raw,50
50.333333015441895,1,frozen_reference,False,0.10881092213094234,0,1,,cosine,50
45.14999985694885,1,frozen_reference,False,0.10881092213094234,0,1,,affine_calibrated,50
45.14999985694885,1,frozen_reference,True,0.10881092213094234,0,1,,true_node_oracle,50
45.14999985694885,1,frozen_reference,False,0.10881092213094234,1,1,100.0,centroid_router,50
98.30508232116699,1,seq_lora_r16,False,0.07701877504587173,0,1,,raw,1
98.30508232116699,1,seq_lora_r16,False,0.07701877504587173,0,1,,cosine,1
98.30508232116699,1,seq_lora_r16,False,0.07701877504587173,0,1,,affine_calibrated,1
98.30508232116699,1,seq_lora_r16,True,0.07701877504587173,0,1,,true_node_oracle,1
98.30508232116699,1,seq_lora_r16,False,0.07701877504587173,1,1,100.0,centroid_router,1
78.22580933570862,1,seq_lora_r16,False,0.08781486190855503,0,1,,raw,2
69.35483813285828,1,seq_lora_r16,False,0.08781486190855503,0,1,,cosine,2
78.22580933570862,1,seq_lora_r16,False,0.08781486190855503,0,1,,affine_calibrated,2
78.22580933570862,1,seq_lora_r16,True,0.08781486190855503,0,1,,true_node_oracle,2
78.22580933570862,1,seq_lora_r16,False,0.08781486190855503,1,1,100.0,centroid_router,2
70.55837512016296,1,seq_lora_r16,False,0.08940904773771763,0,1,,raw,3
69.03553009033203,1,seq_lora_r16,False,0.08940904773771763,0,1,,cosine,3
70.55837512016296,1,seq_lora_r16,False,0.08940904773771763,0,1,,affine_calibrated,3
70.55837512016296,1,seq_lora_r16,True,0.08940904773771763,0,1,,true_node_oracle,3
70.55837512016296,1,seq_lora_r16,False,0.08940904773771763,1,1,100.0,centroid_router,3
65.9649133682251,1,seq_lora_r16,False,0.07052984461188316,0,1,,raw,4
69.64912414550781,1,seq_lora_r16,False,0.07052984461188316,0,1,,cosine,4
65.9649133682251,1,seq_lora_r16,False,0.07052984461188316,0,1,,affine_calibrated,4
65.9649133682251,1,seq_lora_r16,True,0.07052984461188316,0,1,,true_node_oracle,4
65.9649133682251,1,seq_lora_r16,False,0.07052984461188316,1,1,100.0,centroid_router,4
65.61604738235474,1,seq_lora_r16,False,0.06962737627327442,0,1,,raw,5
68.19484233856201,1,seq_lora_r16,False,0.06962737627327442,0,1,,cosine,5
65.61604738235474,1,seq_lora_r16,False,0.06962737627327442,0,1,,affine_calibrated,5
65.61604738235474,1,seq_lora_r16,True,0.06962737627327442,0,1,,true_node_oracle,5
65.61604738235474,1,seq_lora_r16,False,0.06962737627327442,1,1,100.0,centroid_router,5
64.5476758480072,1,seq_lora_r16,False,0.06847777031362057,0,1,,raw,6
67.35941171646118,1,seq_lora_r16,False,0.06847777031362057,0,1,,cosine,6
64.5476758480072,1,seq_lora_r16,False,0.06847777031362057,0,1,,affine_calibrated,6
64.5476758480072,1,seq_lora_r16,True,0.06847777031362057,0,1,,true_node_oracle,6
64.5476758480072,1,seq_lora_r16,False,0.06847777031362057,1,1,100.0,centroid_router,6
63.02250623703003,1,seq_lora_r16,False,0.09518115408718586,0,1,,raw,7
66.23794436454773,1,seq_lora_r16,False,0.09518115408718586,0,1,,cosine,7
63.02250623703003,1,seq_lora_r16,False,0.09518115408718586,0,1,,affine_calibrated,7
63.02250623703003,1,seq_lora_r16,True,0.09518115408718586,0,1,,true_node_oracle,7
63.02250623703003,1,seq_lora_r16,False,0.09518115408718586,1,1,100.0,centroid_router,7
64.82176184654236,1,seq_lora_r16,False,0.06903067044913769,0,1,,raw,8
67.82364249229431,1,seq_lora_r16,False,0.06903067044913769,0,1,,cosine,8
64.82176184654236,1,seq_lora_r16,False,0.06903067044913769,0,1,,affine_calibrated,8
64.82176184654236,1,seq_lora_r16,True,0.06903067044913769,0,1,,true_node_oracle,8
64.82176184654236,1,seq_lora_r16,False,0.06903067044913769,1,1,100.0,centroid_router,8
63.999998569488525,1,seq_lora_r16,False,0.0769236832857132,0,1,,raw,9
67.75000095367432,1,seq_lora_r16,False,0.0769236832857132,0,1,,cosine,9
63.999998569488525,1,seq_lora_r16,False,0.0769236832857132,0,1,,affine_calibrated,9
63.999998569488525,1,seq_lora_r16,True,0.0769236832857132,0,1,,true_node_oracle,9
63.999998569488525,1,seq_lora_r16,False,0.0769236832857132,1,1,100.0,centroid_router,9
61.136025190353394,1,seq_lora_r16,False,0.09424198605120182,0,1,,raw,10
65.76980352401733,1,seq_lora_r16,False,0.09424198605120182,0,1,,cosine,10
61.136025190353394,1,seq_lora_r16,False,0.09424198605120182,0,1,,affine_calibrated,10
61.136025190353394,1,seq_lora_r16,True,0.09424198605120182,0,1,,true_node_oracle,10
61.136025190353394,1,seq_lora_r16,False,0.09424198605120182,1,1,100.0,centroid_router,10
61.265647411346436,1,seq_lora_r16,False,0.07662366330623627,0,1,,raw,11
65.43810963630676,1,seq_lora_r16,False,0.07662366330623627,0,1,,cosine,11
61.265647411346436,1,seq_lora_r16,False,0.07662366330623627,0,1,,affine_calibrated,11
61.265647411346436,1,seq_lora_r16,True,0.07662366330623627,0,1,,true_node_oracle,11
61.265647411346436,1,seq_lora_r16,False,0.07662366330623627,1,1,100.0,centroid_router,11
61.51866316795349,1,seq_lora_r16,False,0.06994944997131824,0,1,,raw,12
64.92921710014343,1,seq_lora_r16,False,0.06994944997131824,0,1,,cosine,12
61.51866316795349,1,seq_lora_r16,False,0.06994944997131824,0,1,,affine_calibrated,12
61.51866316795349,1,seq_lora_r16,True,0.06994944997131824,0,1,,true_node_oracle,12
61.51866316795349,1,seq_lora_r16,False,0.06994944997131824,1,1,100.0,centroid_router,12
61.392027139663696,1,seq_lora_r16,False,0.07940643839538097,0,1,,raw,13
64.90184664726257,1,seq_lora_r16,False,0.07940643839538097,0,1,,cosine,13
61.392027139663696,1,seq_lora_r16,False,0.07940643839538097,0,1,,affine_calibrated,13
61.392027139663696,1,seq_lora_r16,True,0.07940643839538097,0,1,,true_node_oracle,13
61.392027139663696,1,seq_lora_r16,False,0.07940643839538097,1,1,100.0,centroid_router,13
59.90071892738342,1,seq_lora_r16,False,0.09313037991523743,0,1,,raw,14
63.65140676498413,1,seq_lora_r16,False,0.09313037991523743,0,1,,cosine,14
59.90071892738342,1,seq_lora_r16,False,0.09313037991523743,0,1,,affine_calibrated,14
59.90071892738342,1,seq_lora_r16,True,0.09313037991523743,0,1,,true_node_oracle,14
59.90071892738342,1,seq_lora_r16,False,0.09313037991523743,1,1,100.0,centroid_router,14
59.46086049079895,1,seq_lora_r16,False,0.07154485583305359,0,1,,raw,15
62.72680163383484,1,seq_lora_r16,False,0.07154485583305359,0,1,,cosine,15
59.46086049079895,1,seq_lora_r16,False,0.07154485583305359,0,1,,affine_calibrated,15
59.46086049079895,1,seq_lora_r16,True,0.07154485583305359,0,1,,true_node_oracle,15
59.46086049079895,1,seq_lora_r16,False,0.07154485583305359,1,1,100.0,centroid_router,15
59.02037024497986,1,seq_lora_r16,False,0.07158148847520351,0,1,,raw,16
62.17264533042908,1,seq_lora_r16,False,0.07158148847520351,0,1,,cosine,16
59.02037024497986,1,seq_lora_r16,False,0.07158148847520351,0,1,,affine_calibrated,16
59.02037024497986,1,seq_lora_r16,True,0.07158148847520351,0,1,,true_node_oracle,16
59.02037024497986,1,seq_lora_r16,False,0.07158148847520351,1,1,100.0,centroid_router,16
58.18098783493042,1,seq_lora_r16,False,0.07255382835865021,0,1,,raw,17
61.60877346992493,1,seq_lora_r16,False,0.07255382835865021,0,1,,cosine,17
58.18098783493042,1,seq_lora_r16,False,0.07255382835865021,0,1,,affine_calibrated,17
58.18098783493042,1,seq_lora_r16,True,0.07255382835865021,0,1,,true_node_oracle,17
58.18098783493042,1,seq_lora_r16,False,0.07255382835865021,1,1,100.0,centroid_router,17
58.413249254226685,1,seq_lora_r16,False,0.07213307544589043,0,1,,raw,18
62.336528301239014,1,seq_lora_r16,False,0.07213307544589043,0,1,,cosine,18
58.413249254226685,1,seq_lora_r16,False,0.07213307544589043,0,1,,affine_calibrated,18
58.413249254226685,1,seq_lora_r16,True,0.07213307544589043,0,1,,true_node_oracle,18
58.413249254226685,1,seq_lora_r16,False,0.07213307544589043,1,1,100.0,centroid_router,18
58.094048500061035,1,seq_lora_r16,False,0.07289231196045876,0,1,,raw,19
61.88098192214966,1,seq_lora_r16,False,0.07289231196045876,0,1,,cosine,19
58.094048500061035,1,seq_lora_r16,False,0.07289231196045876,0,1,,affine_calibrated,19
58.094048500061035,1,seq_lora_r16,True,0.07289231196045876,0,1,,true_node_oracle,19
58.094048500061035,1,seq_lora_r16,False,0.07289231196045876,1,1,100.0,centroid_router,19
57.9872190952301,1,seq_lora_r16,False,0.0727684460580349,0,1,,raw,20
61.54153347015381,1,seq_lora_r16,False,0.0727684460580349,0,1,,cosine,20
57.9872190952301,1,seq_lora_r16,False,0.0727684460580349,0,1,,affine_calibrated,20
57.9872190952301,1,seq_lora_r16,True,0.0727684460580349,0,1,,true_node_oracle,20
57.9872190952301,1,seq_lora_r16,False,0.0727684460580349,1,1,100.0,centroid_router,20
57.59063363075256,1,seq_lora_r16,False,0.07325907796621323,0,1,,raw,21
61.21601462364197,1,seq_lora_r16,False,0.07325907796621323,0,1,,cosine,21
57.59063363075256,1,seq_lora_r16,False,0.07325907796621323,0,1,,affine_calibrated,21
57.59063363075256,1,seq_lora_r16,True,0.07325907796621323,0,1,,true_node_oracle,21
57.59063363075256,1,seq_lora_r16,False,0.07325907796621323,1,1,100.0,centroid_router,21
57.73121118545532,1,seq_lora_r16,False,0.0753806084394455,0,1,,raw,22
61.091041564941406,1,seq_lora_r16,False,0.0753806084394455,0,1,,cosine,22
57.73121118545532,1,seq_lora_r16,False,0.0753806084394455,0,1,,affine_calibrated,22
57.73121118545532,1,seq_lora_r16,True,0.0753806084394455,0,1,,true_node_oracle,22
57.73121118545532,1,seq_lora_r16,False,0.0753806084394455,1,1,100.0,centroid_router,22
57.26169943809509,1,seq_lora_r16,False,0.07793540880084038,0,1,,raw,23
60.207974910736084,1,seq_lora_r16,False,0.07793540880084038,0,1,,cosine,23
57.26169943809509,1,seq_lora_r16,False,0.07793540880084038,0,1,,affine_calibrated,23
57.26169943809509,1,seq_lora_r16,True,0.07793540880084038,0,1,,true_node_oracle,23
57.26169943809509,1,seq_lora_r16,False,0.07793540880084038,1,1,100.0,centroid_router,23
56.74856901168823,1,seq_lora_r16,False,0.07676886022090912,0,1,,raw,24
60.013461112976074,1,seq_lora_r16,False,0.07676886022090912,0,1,,cosine,24
56.74856901168823,1,seq_lora_r16,False,0.07676886022090912,0,1,,affine_calibrated,24
56.74856901168823,1,seq_lora_r16,True,0.07676886022090912,0,1,,true_node_oracle,24
56.74856901168823,1,seq_lora_r16,False,0.07676886022090912,1,1,100.0,centroid_router,24
56.455862522125244,1,seq_lora_r16,False,0.07578881457448006,0,1,,raw,25
59.650856256484985,1,seq_lora_r16,False,0.07578881457448006,0,1,,cosine,25
56.455862522125244,1,seq_lora_r16,False,0.07578881457448006,0,1,,affine_calibrated,25
56.455862522125244,1,seq_lora_r16,True,0.07578881457448006,0,1,,true_node_oracle,25
56.455862522125244,1,seq_lora_r16,False,0.07578881457448006,1,1,100.0,centroid_router,25
56.726813316345215,1,seq_lora_r16,False,0.07614697515964508,0,1,,raw,26
59.76575016975403,1,seq_lora_r16,False,0.07614697515964508,0,1,,cosine,26
56.726813316345215,1,seq_lora_r16,False,0.07614697515964508,0,1,,affine_calibrated,26
56.726813316345215,1,seq_lora_r16,True,0.07614697515964508,0,1,,true_node_oracle,26
56.726813316345215,1,seq_lora_r16,False,0.07614697515964508,1,1,100.0,centroid_router,26
56.143033504486084,1,seq_lora_r16,False,0.07752739265561104,0,1,,raw,27
59.81051325798035,1,seq_lora_r16,False,0.07752739265561104,0,1,,cosine,27
56.143033504486084,1,seq_lora_r16,False,0.07752739265561104,0,1,,affine_calibrated,27
56.143033504486084,1,seq_lora_r16,True,0.07752739265561104,0,1,,true_node_oracle,27
56.143033504486084,1,seq_lora_r16,False,0.07752739265561104,1,1,100.0,centroid_router,27
56.28334283828735,1,seq_lora_r16,False,0.07976196520030499,0,1,,raw,28
59.780675172805786,1,seq_lora_r16,False,0.07976196520030499,0,1,,cosine,28
56.28334283828735,1,seq_lora_r16,False,0.07976196520030499,0,1,,affine_calibrated,28
56.28334283828735,1,seq_lora_r16,True,0.07976196520030499,0,1,,true_node_oracle,28
56.28334283828735,1,seq_lora_r16,False,0.07976196520030499,1,1,100.0,centroid_router,28
55.418580770492554,1,seq_lora_r16,False,0.0991757046431303,0,1,,raw,29
59.317660331726074,1,seq_lora_r16,False,0.0991757046431303,0,1,,cosine,29
55.418580770492554,1,seq_lora_r16,False,0.0991757046431303,0,1,,affine_calibrated,29
55.418580770492554,1,seq_lora_r16,True,0.0991757046431303,0,1,,true_node_oracle,29
55.418580770492554,1,seq_lora_r16,False,0.0991757046431303,1,1,100.0,centroid_router,29
54.88924980163574,1,seq_lora_r16,False,0.0761381983757019,0,1,,raw,30
59.508371353149414,1,seq_lora_r16,False,0.0761381983757019,0,1,,cosine,30
54.88924980163574,1,seq_lora_r16,False,0.0761381983757019,0,1,,affine_calibrated,30
54.88924980163574,1,seq_lora_r16,True,0.0761381983757019,0,1,,true_node_oracle,30
54.88924980163574,1,seq_lora_r16,False,0.0761381983757019,1,1,100.0,centroid_router,30
54.612159729003906,1,seq_lora_r16,False,0.07729388773441315,0,1,,raw,31
59.6436083316803,1,seq_lora_r16,False,0.07729388773441315,0,1,,cosine,31
54.612159729003906,1,seq_lora_r16,False,0.07729388773441315,0,1,,affine_calibrated,31
54.612159729003906,1,seq_lora_r16,True,0.07729388773441315,0,1,,true_node_oracle,31
54.612159729003906,1,seq_lora_r16,False,0.07729388773441315,1,1,100.0,centroid_router,31
54.24853563308716,1,seq_lora_r16,False,0.07876671105623245,0,1,,raw,32
59.37739014625549,1,seq_lora_r16,False,0.07876671105623245,0,1,,cosine,32
54.24853563308716,1,seq_lora_r16,False,0.07876671105623245,0,1,,affine_calibrated,32
54.24853563308716,1,seq_lora_r16,True,0.07876671105623245,0,1,,true_node_oracle,32
54.24853563308716,1,seq_lora_r16,False,0.07876671105623245,1,1,100.0,centroid_router,32
54.14392352104187,1,seq_lora_r16,False,0.0870053842663765,0,1,,raw,33
59.62778925895691,1,seq_lora_r16,False,0.0870053842663765,0,1,,cosine,33
54.14392352104187,1,seq_lora_r16,False,0.0870053842663765,0,1,,affine_calibrated,33
54.14392352104187,1,seq_lora_r16,True,0.0870053842663765,0,1,,true_node_oracle,33
54.14392352104187,1,seq_lora_r16,False,0.0870053842663765,1,1,100.0,centroid_router,33
54.04878258705139,1,seq_lora_r16,False,0.08754411898553371,0,1,,raw,34
59.60975885391235,1,seq_lora_r16,False,0.08754411898553371,0,1,,cosine,34
54.04878258705139,1,seq_lora_r16,False,0.08754411898553371,0,1,,affine_calibrated,34
54.04878258705139,1,seq_lora_r16,True,0.08754411898553371,0,1,,true_node_oracle,34
54.04878258705139,1,seq_lora_r16,False,0.08754411898553371,1,1,100.0,centroid_router,34
54.609763622283936,1,seq_lora_r16,False,0.08805250376462936,0,1,,raw,35
59.79721546173096,1,seq_lora_r16,False,0.08805250376462936,0,1,,cosine,35
54.609763622283936,1,seq_lora_r16,False,0.08805250376462936,0,1,,affine_calibrated,35
54.609763622283936,1,seq_lora_r16,True,0.08805250376462936,0,1,,true_node_oracle,35
54.609763622283936,1,seq_lora_r16,False,0.08805250376462936,1,1,100.0,centroid_router,35
55.08532524108887,1,seq_lora_r16,False,0.08875949122011662,0,1,,raw,36
60.250282287597656,1,seq_lora_r16,False,0.08875949122011662,0,1,,cosine,36
55.08532524108887,1,seq_lora_r16,False,0.08875949122011662,0,1,,affine_calibrated,36
55.08532524108887,1,seq_lora_r16,True,0.08875949122011662,0,1,,true_node_oracle,36
55.08532524108887,1,seq_lora_r16,False,0.08875949122011662,1,1,100.0,centroid_router,36
54.13005352020264,1,seq_lora_r16,False,0.08921131119132042,0,1,,raw,37
59.73198413848877,1,seq_lora_r16,False,0.08921131119132042,0,1,,cosine,37
54.13005352020264,1,seq_lora_r16,False,0.08921131119132042,0,1,,affine_calibrated,37
54.13005352020264,1,seq_lora_r16,True,0.08921131119132042,0,1,,true_node_oracle,37
54.13005352020264,1,seq_lora_r16,False,0.08921131119132042,1,1,100.0,centroid_router,37
54.185301065444946,1,seq_lora_r16,False,0.08918692357838154,0,1,,raw,38
60.02129912376404,1,seq_lora_r16,False,0.08918692357838154,0,1,,cosine,38
54.185301065444946,1,seq_lora_r16,False,0.08918692357838154,0,1,,affine_calibrated,38
54.185301065444946,1,seq_lora_r16,True,0.08918692357838154,0,1,,true_node_oracle,38
54.185301065444946,1,seq_lora_r16,False,0.08918692357838154,1,1,100.0,centroid_router,38
54.50197458267212,1,seq_lora_r16,False,0.08913709037005901,0,1,,raw,39
60.220420360565186,1,seq_lora_r16,False,0.08913709037005901,0,1,,cosine,39
54.50197458267212,1,seq_lora_r16,False,0.08913709037005901,0,1,,affine_calibrated,39
54.50197458267212,1,seq_lora_r16,True,0.08913709037005901,0,1,,true_node_oracle,39
54.50197458267212,1,seq_lora_r16,False,0.08913709037005901,1,1,100.0,centroid_router,39
54.63917255401611,1,seq_lora_r16,False,0.08842472359538078,0,1,,raw,40
60.319387912750244,1,seq_lora_r16,False,0.08842472359538078,0,1,,cosine,40
54.63917255401611,1,seq_lora_r16,False,0.08842472359538078,0,1,,affine_calibrated,40
54.63917255401611,1,seq_lora_r16,True,0.08842472359538078,0,1,,true_node_oracle,40
54.63917255401611,1,seq_lora_r16,False,0.08842472359538078,1,1,100.0,centroid_router,40
54.69030141830444,1,seq_lora_r16,False,0.08963912725448608,0,1,,raw,41
60.406291484832764,1,seq_lora_r16,False,0.08963912725448608,0,1,,cosine,41
54.69030141830444,1,seq_lora_r16,False,0.08963912725448608,0,1,,affine_calibrated,41
54.69030141830444,1,seq_lora_r16,True,0.08963912725448608,0,1,,true_node_oracle,41
54.69030141830444,1,seq_lora_r16,False,0.08963912725448608,1,1,100.0,centroid_router,41
54.33391332626343,1,seq_lora_r16,False,0.08943636901676655,0,1,,raw,42
60.09307503700256,1,seq_lora_r16,False,0.08943636901676655,0,1,,cosine,42
54.33391332626343,1,seq_lora_r16,False,0.08943636901676655,0,1,,affine_calibrated,42
54.33391332626343,1,seq_lora_r16,True,0.08943636901676655,0,1,,true_node_oracle,42
54.33391332626343,1,seq_lora_r16,False,0.08943636901676655,1,1,100.0,centroid_router,42
54.61640954017639,1,seq_lora_r16,False,0.09091880917549133,0,1,,raw,43
60.25128364562988,1,seq_lora_r16,False,0.09091880917549133,0,1,,cosine,43
54.61640954017639,1,seq_lora_r16,False,0.09091880917549133,0,1,,affine_calibrated,43
54.61640954017639,1,seq_lora_r16,True,0.09091880917549133,0,1,,true_node_oracle,43
54.61640954017639,1,seq_lora_r16,False,0.09091880917549133,1,1,100.0,centroid_router,43
54.56252098083496,1,seq_lora_r16,False,0.09211925603449345,0,1,,raw,44
60.23281812667847,1,seq_lora_r16,False,0.09211925603449345,0,1,,cosine,44
54.56252098083496,1,seq_lora_r16,False,0.09211925603449345,0,1,,affine_calibrated,44
54.56252098083496,1,seq_lora_r16,True,0.09211925603449345,0,1,,true_node_oracle,44
54.56252098083496,1,seq_lora_r16,False,0.09211925603449345,1,1,100.0,centroid_router,44
55.03590703010559,1,seq_lora_r16,False,0.08958404883742332,0,1,,raw,45
60.78070402145386,1,seq_lora_r16,False,0.08958404883742332,0,1,,cosine,45
55.03590703010559,1,seq_lora_r16,False,0.08958404883742332,0,1,,affine_calibrated,45
55.03590703010559,1,seq_lora_r16,True,0.08958404883742332,0,1,,true_node_oracle,45
55.03590703010559,1,seq_lora_r16,False,0.08958404883742332,1,1,100.0,centroid_router,45
54.893845319747925,1,seq_lora_r16,False,0.08978010155260563,0,1,,raw,46
60.56135296821594,1,seq_lora_r16,False,0.08978010155260563,0,1,,cosine,46
54.893845319747925,1,seq_lora_r16,False,0.08978010155260563,0,1,,affine_calibrated,46
54.893845319747925,1,seq_lora_r16,True,0.08978010155260563,0,1,,true_node_oracle,46
54.893845319747925,1,seq_lora_r16,False,0.08978010155260563,1,1,100.0,centroid_router,46
54.24087643623352,1,seq_lora_r16,False,0.09029482305049896,0,1,,raw,47
60.34209132194519,1,seq_lora_r16,False,0.09029482305049896,0,1,,cosine,47
54.24087643623352,1,seq_lora_r16,False,0.09029482305049896,0,1,,affine_calibrated,47
54.24087643623352,1,seq_lora_r16,True,0.09029482305049896,0,1,,true_node_oracle,47
54.24087643623352,1,seq_lora_r16,False,0.09029482305049896,1,1,100.0,centroid_router,47
54.56273555755615,1,seq_lora_r16,False,0.0877858679741621,0,1,,raw,48
60.490840673446655,1,seq_lora_r16,False,0.0877858679741621,0,1,,cosine,48
54.56273555755615,1,seq_lora_r16,False,0.0877858679741621,0,1,,affine_calibrated,48
54.56273555755615,1,seq_lora_r16,True,0.0877858679741621,0,1,,true_node_oracle,48
54.56273555755615,1,seq_lora_r16,False,0.0877858679741621,1,1,100.0,centroid_router,48
54.80475425720215,1,seq_lora_r16,False,0.08727499283850193,0,1,,raw,49
60.61120629310608,1,seq_lora_r16,False,0.08727499283850193,0,1,,cosine,49
54.80475425720215,1,seq_lora_r16,False,0.08727499283850193,0,1,,affine_calibrated,49
54.80475425720215,1,seq_lora_r16,True,0.08727499283850193,0,1,,true_node_oracle,49
54.80475425720215,1,seq_lora_r16,False,0.08727499283850193,1,1,100.0,centroid_router,49
55.23333549499512,1,seq_lora_r16,False,0.08704915642738342,0,1,,raw,50
61.000001430511475,1,seq_lora_r16,False,0.08704915642738342,0,1,,cosine,50
55.23333549499512,1,seq_lora_r16,False,0.08704915642738342,0,1,,affine_calibrated,50
55.23333549499512,1,seq_lora_r16,True,0.08704915642738342,0,1,,true_node_oracle,50
55.23333549499512,1,seq_lora_r16,False,0.08704915642738342,1,1,100.0,centroid_router,50
97.45762944221497,1,joint_iid_lora_r16,False,0.06752906925976276,0,1,,raw,1
96.61017060279846,1,joint_iid_lora_r16,False,0.06752906925976276,0,1,,cosine,1
97.45762944221497,1,joint_iid_lora_r16,False,0.06752906925976276,0,1,,affine_calibrated,1
97.45762944221497,1,joint_iid_lora_r16,True,0.06752906925976276,0,1,,true_node_oracle,1
97.45762944221497,1,joint_iid_lora_r16,False,0.06752906925976276,1,1,100.0,centroid_router,1
97.17742204666138,1,joint_iid_lora_r16,False,0.06931007653474808,0,1,,raw,2
97.17742204666138,1,joint_iid_lora_r16,False,0.06931007653474808,0,1,,cosine,2
97.17742204666138,1,joint_iid_lora_r16,False,0.06931007653474808,0,1,,affine_calibrated,2
97.17742204666138,1,joint_iid_lora_r16,True,0.06931007653474808,0,1,,true_node_oracle,2
97.17742204666138,1,joint_iid_lora_r16,False,0.06931007653474808,1,1,100.0,centroid_router,2
94.41624283790588,1,joint_iid_lora_r16,False,0.06754566915333271,0,1,,raw,3
94.16243433952332,1,joint_iid_lora_r16,False,0.06754566915333271,0,1,,cosine,3
94.41624283790588,1,joint_iid_lora_r16,False,0.06754566915333271,0,1,,affine_calibrated,3
94.41624283790588,1,joint_iid_lora_r16,True,0.06754566915333271,0,1,,true_node_oracle,3
94.41624283790588,1,joint_iid_lora_r16,False,0.06754566915333271,1,1,100.0,centroid_router,3
93.85964870452881,1,joint_iid_lora_r16,False,0.06693163141608238,0,1,,raw,4
93.50877404212952,1,joint_iid_lora_r16,False,0.06693163141608238,0,1,,cosine,4
93.85964870452881,1,joint_iid_lora_r16,False,0.06693163141608238,0,1,,affine_calibrated,4
93.85964870452881,1,joint_iid_lora_r16,True,0.06693163141608238,0,1,,true_node_oracle,4
93.85964870452881,1,joint_iid_lora_r16,False,0.06693163141608238,1,1,100.0,centroid_router,4
93.26647520065308,1,joint_iid_lora_r16,False,0.06832071393728256,0,1,,raw,5
93.26647520065308,1,joint_iid_lora_r16,False,0.06832071393728256,0,1,,cosine,5
93.26647520065308,1,joint_iid_lora_r16,False,0.06832071393728256,0,1,,affine_calibrated,5
93.26647520065308,1,joint_iid_lora_r16,True,0.06832071393728256,0,1,,true_node_oracle,5
93.26647520065308,1,joint_iid_lora_r16,False,0.06832071393728256,1,1,100.0,centroid_router,5
92.05378890037537,1,joint_iid_lora_r16,False,0.07483201660215855,0,1,,raw,6
91.68704152107239,1,joint_iid_lora_r16,False,0.07483201660215855,0,1,,cosine,6
92.05378890037537,1,joint_iid_lora_r16,False,0.07483201660215855,0,1,,affine_calibrated,6
92.05378890037537,1,joint_iid_lora_r16,True,0.07483201660215855,0,1,,true_node_oracle,6
92.05378890037537,1,joint_iid_lora_r16,False,0.07483201660215855,1,1,100.0,centroid_router,6
91.42550826072693,1,joint_iid_lora_r16,False,0.07872242107987404,0,1,,raw,7
90.88960289955139,1,joint_iid_lora_r16,False,0.07872242107987404,0,1,,cosine,7
91.42550826072693,1,joint_iid_lora_r16,False,0.07872242107987404,0,1,,affine_calibrated,7
91.42550826072693,1,joint_iid_lora_r16,True,0.07872242107987404,0,1,,true_node_oracle,7
91.42550826072693,1,joint_iid_lora_r16,False,0.07872242107987404,1,1,100.0,centroid_router,7
91.65103435516357,1,joint_iid_lora_r16,False,0.0762672871351242,0,1,,raw,8
91.08818173408508,1,joint_iid_lora_r16,False,0.0762672871351242,0,1,,cosine,8
91.65103435516357,1,joint_iid_lora_r16,False,0.0762672871351242,0,1,,affine_calibrated,8
91.65103435516357,1,joint_iid_lora_r16,True,0.0762672871351242,0,1,,true_node_oracle,8
91.65103435516357,1,joint_iid_lora_r16,False,0.0762672871351242,1,1,100.0,centroid_router,8
90.83333611488342,1,joint_iid_lora_r16,False,0.07719122618436813,0,1,,raw,9
90.24999737739563,1,joint_iid_lora_r16,False,0.07719122618436813,0,1,,cosine,9
90.83333611488342,1,joint_iid_lora_r16,False,0.07719122618436813,0,1,,affine_calibrated,9
90.83333611488342,1,joint_iid_lora_r16,True,0.07719122618436813,0,1,,true_node_oracle,9
90.83333611488342,1,joint_iid_lora_r16,False,0.07719122618436813,1,1,100.0,centroid_router,9
88.78923654556274,1,joint_iid_lora_r16,False,0.07831441424787045,0,1,,raw,10
88.93871307373047,1,joint_iid_lora_r16,False,0.07831441424787045,0,1,,cosine,10
88.78923654556274,1,joint_iid_lora_r16,False,0.07831441424787045,0,1,,affine_calibrated,10
88.78923654556274,1,joint_iid_lora_r16,True,0.07831441424787045,0,1,,true_node_oracle,10
88.78923654556274,1,joint_iid_lora_r16,False,0.07831441424787045,1,1,100.0,centroid_router,10
88.66481184959412,1,joint_iid_lora_r16,False,0.0828973688185215,0,1,,raw,11
88.31710815429688,1,joint_iid_lora_r16,False,0.0828973688185215,0,1,,cosine,11
88.66481184959412,1,joint_iid_lora_r16,False,0.0828973688185215,0,1,,affine_calibrated,11
88.66481184959412,1,joint_iid_lora_r16,True,0.0828973688185215,0,1,,true_node_oracle,11
88.66481184959412,1,joint_iid_lora_r16,False,0.0828973688185215,1,1,100.0,centroid_router,11
88.22394013404846,1,joint_iid_lora_r16,False,0.07857426814734936,0,1,,raw,12
87.58043646812439,1,joint_iid_lora_r16,False,0.07857426814734936,0,1,,cosine,12
88.22394013404846,1,joint_iid_lora_r16,False,0.07857426814734936,0,1,,affine_calibrated,12
88.22394013404846,1,joint_iid_lora_r16,True,0.07857426814734936,0,1,,true_node_oracle,12
88.22394013404846,1,joint_iid_lora_r16,False,0.07857426814734936,1,1,100.0,centroid_router,12
87.92385458946228,1,joint_iid_lora_r16,False,0.08131293021142483,0,1,,raw,13
87.62641549110413,1,joint_iid_lora_r16,False,0.08131293021142483,0,1,,cosine,13
87.92385458946228,1,joint_iid_lora_r16,False,0.08131293021142483,0,1,,affine_calibrated,13
87.92385458946228,1,joint_iid_lora_r16,True,0.08131293021142483,0,1,,true_node_oracle,13
87.92385458946228,1,joint_iid_lora_r16,False,0.08131293021142483,1,1,100.0,centroid_router,13
87.69994378089905,1,joint_iid_lora_r16,False,0.08084079250693321,0,1,,raw,14
87.20353245735168,1,joint_iid_lora_r16,False,0.08084079250693321,0,1,,cosine,14
87.69994378089905,1,joint_iid_lora_r16,False,0.08084079250693321,0,1,,affine_calibrated,14
87.69994378089905,1,joint_iid_lora_r16,True,0.08084079250693321,0,1,,true_node_oracle,14
87.69994378089905,1,joint_iid_lora_r16,False,0.08084079250693321,1,1,100.0,centroid_router,14
86.98807954788208,1,joint_iid_lora_r16,False,0.07584306038916111,0,1,,raw,15
86.83255314826965,1,joint_iid_lora_r16,False,0.07584306038916111,0,1,,cosine,15
86.98807954788208,1,joint_iid_lora_r16,False,0.07584306038916111,0,1,,affine_calibrated,15
86.98807954788208,1,joint_iid_lora_r16,True,0.07584306038916111,0,1,,true_node_oracle,15
86.98807954788208,1,joint_iid_lora_r16,False,0.07584306038916111,1,1,100.0,centroid_router,15
86.3239586353302,1,joint_iid_lora_r16,False,0.07597819902002811,0,1,,raw,16
85.9359860420227,1,joint_iid_lora_r16,False,0.07597819902002811,0,1,,cosine,16
86.3239586353302,1,joint_iid_lora_r16,False,0.07597819902002811,0,1,,affine_calibrated,16
86.3239586353302,1,joint_iid_lora_r16,True,0.07597819902002811,0,1,,true_node_oracle,16
86.3239586353302,1,joint_iid_lora_r16,False,0.07597819902002811,1,1,100.0,centroid_router,16
85.78610420227051,1,joint_iid_lora_r16,False,0.07526668161153793,0,1,,raw,17
85.69470047950745,1,joint_iid_lora_r16,False,0.07526668161153793,0,1,,cosine,17
85.78610420227051,1,joint_iid_lora_r16,False,0.07526668161153793,0,1,,affine_calibrated,17
85.78610420227051,1,joint_iid_lora_r16,True,0.07526668161153793,0,1,,true_node_oracle,17
85.78610420227051,1,joint_iid_lora_r16,False,0.07526668161153793,1,1,100.0,centroid_router,17
85.83260774612427,1,joint_iid_lora_r16,False,0.08008654601871967,0,1,,raw,18
85.61464548110962,1,joint_iid_lora_r16,False,0.08008654601871967,0,1,,cosine,18
85.83260774612427,1,joint_iid_lora_r16,False,0.08008654601871967,0,1,,affine_calibrated,18
85.83260774612427,1,joint_iid_lora_r16,True,0.08008654601871967,0,1,,true_node_oracle,18
85.83260774612427,1,joint_iid_lora_r16,False,0.08008654601871967,1,1,100.0,centroid_router,18
85.64294576644897,1,joint_iid_lora_r16,False,0.07823708653450012,0,1,,raw,19
85.51810383796692,1,joint_iid_lora_r16,False,0.07823708653450012,0,1,,cosine,19
85.64294576644897,1,joint_iid_lora_r16,False,0.07823708653450012,0,1,,affine_calibrated,19
85.64294576644897,1,joint_iid_lora_r16,True,0.07823708653450012,0,1,,true_node_oracle,19
85.64294576644897,1,joint_iid_lora_r16,False,0.07823708653450012,1,1,100.0,centroid_router,19
85.14376878738403,1,joint_iid_lora_r16,False,0.0771685242652893,0,1,,raw,20
84.86421704292297,1,joint_iid_lora_r16,False,0.0771685242652893,0,1,,cosine,20
85.14376878738403,1,joint_iid_lora_r16,False,0.0771685242652893,0,1,,affine_calibrated,20
85.14376878738403,1,joint_iid_lora_r16,True,0.0771685242652893,0,1,,true_node_oracle,20
85.14376878738403,1,joint_iid_lora_r16,False,0.0771685242652893,1,1,100.0,centroid_router,20
84.85649824142456,1,joint_iid_lora_r16,False,0.07764576189219952,0,1,,raw,21
84.7432017326355,1,joint_iid_lora_r16,False,0.07764576189219952,0,1,,cosine,21
84.85649824142456,1,joint_iid_lora_r16,False,0.07764576189219952,0,1,,affine_calibrated,21
84.85649824142456,1,joint_iid_lora_r16,True,0.07764576189219952,0,1,,true_node_oracle,21
84.85649824142456,1,joint_iid_lora_r16,False,0.07764576189219952,1,1,100.0,centroid_router,21
84.71820950508118,1,joint_iid_lora_r16,False,0.07523724436759949,0,1,,raw,22
84.42919254302979,1,joint_iid_lora_r16,False,0.07523724436759949,0,1,,cosine,22
84.71820950508118,1,joint_iid_lora_r16,False,0.07523724436759949,0,1,,affine_calibrated,22
84.71820950508118,1,joint_iid_lora_r16,True,0.07523724436759949,0,1,,true_node_oracle,22
84.71820950508118,1,joint_iid_lora_r16,False,0.07523724436759949,1,1,100.0,centroid_router,22
84.15944576263428,1,joint_iid_lora_r16,False,0.07768582925200462,0,1,,raw,23
83.98613333702087,1,joint_iid_lora_r16,False,0.07768582925200462,0,1,,cosine,23
84.15944576263428,1,joint_iid_lora_r16,False,0.07768582925200462,0,1,,affine_calibrated,23
84.15944576263428,1,joint_iid_lora_r16,True,0.07768582925200462,0,1,,true_node_oracle,23
84.15944576263428,1,joint_iid_lora_r16,False,0.07768582925200462,1,1,100.0,centroid_router,23
83.67552757263184,1,joint_iid_lora_r16,False,0.07932542264461517,0,1,,raw,24
83.40625762939453,1,joint_iid_lora_r16,False,0.07932542264461517,0,1,,cosine,24
83.67552757263184,1,joint_iid_lora_r16,False,0.07932542264461517,0,1,,affine_calibrated,24
83.67552757263184,1,joint_iid_lora_r16,True,0.07932542264461517,0,1,,true_node_oracle,24
83.67552757263184,1,joint_iid_lora_r16,False,0.07932542264461517,1,1,100.0,centroid_router,24
83.26745629310608,1,joint_iid_lora_r16,False,0.08149747177958488,0,1,,raw,25
83.13570618629456,1,joint_iid_lora_r16,False,0.08149747177958488,0,1,,cosine,25
83.26745629310608,1,joint_iid_lora_r16,False,0.08149747177958488,0,1,,affine_calibrated,25
83.26745629310608,1,joint_iid_lora_r16,True,0.08149747177958488,0,1,,true_node_oracle,25
83.26745629310608,1,joint_iid_lora_r16,False,0.08149747177958488,1,1,100.0,centroid_router,25
82.90598392486572,1,joint_iid_lora_r16,False,0.07969740405678749,0,1,,raw,26
82.52611756324768,1,joint_iid_lora_r16,False,0.07969740405678749,0,1,,cosine,26
82.90598392486572,1,joint_iid_lora_r16,False,0.07969740405678749,0,1,,affine_calibrated,26
82.90598392486572,1,joint_iid_lora_r16,True,0.07969740405678749,0,1,,true_node_oracle,26
82.90598392486572,1,joint_iid_lora_r16,False,0.07969740405678749,1,1,100.0,centroid_router,26
82.76283740997314,1,joint_iid_lora_r16,False,0.08199669234454632,0,1,,raw,27
82.18215107917786,1,joint_iid_lora_r16,False,0.08199669234454632,0,1,,cosine,27
82.76283740997314,1,joint_iid_lora_r16,False,0.08199669234454632,0,1,,affine_calibrated,27
82.76283740997314,1,joint_iid_lora_r16,True,0.08199669234454632,0,1,,true_node_oracle,27
82.76283740997314,1,joint_iid_lora_r16,False,0.08199669234454632,1,1,100.0,centroid_router,27
82.48369693756104,1,joint_iid_lora_r16,False,0.07687129639089108,0,1,,raw,28
81.62418603897095,1,joint_iid_lora_r16,False,0.07687129639089108,0,1,,cosine,28
82.48369693756104,1,joint_iid_lora_r16,False,0.07687129639089108,0,1,,affine_calibrated,28
82.48369693756104,1,joint_iid_lora_r16,True,0.07687129639089108,0,1,,true_node_oracle,28
82.48369693756104,1,joint_iid_lora_r16,False,0.07687129639089108,1,1,100.0,centroid_router,28
81.82339668273926,1,joint_iid_lora_r16,False,0.0810725037008524,0,1,,raw,29
80.84862232208252,1,joint_iid_lora_r16,False,0.0810725037008524,0,1,,cosine,29
81.82339668273926,1,joint_iid_lora_r16,False,0.0810725037008524,0,1,,affine_calibrated,29
81.82339668273926,1,joint_iid_lora_r16,True,0.0810725037008524,0,1,,true_node_oracle,29
81.82339668273926,1,joint_iid_lora_r16,False,0.0810725037008524,1,1,100.0,centroid_router,29
81.84764981269836,1,joint_iid_lora_r16,False,0.07761017419397831,0,1,,raw,30
80.55105209350586,1,joint_iid_lora_r16,False,0.07761017419397831,0,1,,cosine,30
81.84764981269836,1,joint_iid_lora_r16,False,0.07761017419397831,0,1,,affine_calibrated,30
81.84764981269836,1,joint_iid_lora_r16,True,0.07761017419397831,0,1,,true_node_oracle,30
81.84764981269836,1,joint_iid_lora_r16,False,0.07761017419397831,1,1,100.0,centroid_router,30
81.76100850105286,1,joint_iid_lora_r16,False,0.07901379279792309,0,1,,raw,31
80.58176040649414,1,joint_iid_lora_r16,False,0.07901379279792309,0,1,,cosine,31
81.76100850105286,1,joint_iid_lora_r16,False,0.07901379279792309,0,1,,affine_calibrated,31
81.76100850105286,1,joint_iid_lora_r16,True,0.07901379279792309,0,1,,true_node_oracle,31
81.76100850105286,1,joint_iid_lora_r16,False,0.07901379279792309,1,1,100.0,centroid_router,31
81.57693147659302,1,joint_iid_lora_r16,False,0.08534779772162437,0,1,,raw,32
80.42868375778198,1,joint_iid_lora_r16,False,0.08534779772162437,0,1,,cosine,32
81.57693147659302,1,joint_iid_lora_r16,False,0.08534779772162437,0,1,,affine_calibrated,32
81.57693147659302,1,joint_iid_lora_r16,True,0.08534779772162437,0,1,,true_node_oracle,32
81.57693147659302,1,joint_iid_lora_r16,False,0.08534779772162437,1,1,100.0,centroid_router,32
81.53846263885498,1,joint_iid_lora_r16,False,0.10344075225293636,0,1,,raw,33
80.3970217704773,1,joint_iid_lora_r16,False,0.10344075225293636,0,1,,cosine,33
81.53846263885498,1,joint_iid_lora_r16,False,0.10344075225293636,0,1,,affine_calibrated,33
81.53846263885498,1,joint_iid_lora_r16,True,0.10344075225293636,0,1,,true_node_oracle,33
81.53846263885498,1,joint_iid_lora_r16,False,0.10344075225293636,1,1,100.0,centroid_router,33
81.39024376869202,1,joint_iid_lora_r16,False,0.08059228025376797,0,1,,raw,34
80.36585450172424,1,joint_iid_lora_r16,False,0.08059228025376797,0,1,,cosine,34
81.39024376869202,1,joint_iid_lora_r16,False,0.08059228025376797,0,1,,affine_calibrated,34
81.39024376869202,1,joint_iid_lora_r16,True,0.08059228025376797,0,1,,true_node_oracle,34
81.39024376869202,1,joint_iid_lora_r16,False,0.08059228025376797,1,1,100.0,centroid_router,34
81.27800226211548,1,joint_iid_lora_r16,False,0.08135560341179371,0,1,,raw,35
80.0990343093872,1,joint_iid_lora_r16,False,0.08135560341179371,0,1,,cosine,35
81.27800226211548,1,joint_iid_lora_r16,False,0.08135560341179371,0,1,,affine_calibrated,35
81.27800226211548,1,joint_iid_lora_r16,True,0.08135560341179371,0,1,,true_node_oracle,35
81.27800226211548,1,joint_iid_lora_r16,False,0.08135560341179371,1,1,100.0,centroid_router,35
81.38794302940369,1,joint_iid_lora_r16,False,0.08311210386455059,0,1,,raw,36
80.227530002594,1,joint_iid_lora_r16,False,0.08311210386455059,0,1,,cosine,36
81.38794302940369,1,joint_iid_lora_r16,False,0.08311210386455059,0,1,,affine_calibrated,36
81.38794302940369,1,joint_iid_lora_r16,True,0.08311210386455059,0,1,,true_node_oracle,36
81.38794302940369,1,joint_iid_lora_r16,False,0.08311210386455059,1,1,100.0,centroid_router,36
80.88752031326294,1,joint_iid_lora_r16,False,0.08641425892710686,0,1,,raw,37
79.6353280544281,1,joint_iid_lora_r16,False,0.08641425892710686,0,1,,cosine,37
80.88752031326294,1,joint_iid_lora_r16,False,0.08641425892710686,0,1,,affine_calibrated,37
80.88752031326294,1,joint_iid_lora_r16,True,0.08641425892710686,0,1,,true_node_oracle,37
80.88752031326294,1,joint_iid_lora_r16,False,0.08641425892710686,1,1,100.0,centroid_router,37
80.97976446151733,1,joint_iid_lora_r16,False,0.08257711492478848,0,1,,raw,38
79.70181107521057,1,joint_iid_lora_r16,False,0.08257711492478848,0,1,,cosine,38
80.97976446151733,1,joint_iid_lora_r16,False,0.08257711492478848,0,1,,affine_calibrated,38
80.97976446151733,1,joint_iid_lora_r16,True,0.08257711492478848,0,1,,true_node_oracle,38
80.97976446151733,1,joint_iid_lora_r16,False,0.08257711492478848,1,1,100.0,centroid_router,38
80.68205714225769,1,joint_iid_lora_r16,False,0.08516311645507812,0,1,,raw,39
79.43439483642578,1,joint_iid_lora_r16,False,0.08516311645507812,0,1,,cosine,39
80.68205714225769,1,joint_iid_lora_r16,False,0.08516311645507812,0,1,,affine_calibrated,39
80.68205714225769,1,joint_iid_lora_r16,True,0.08516311645507812,0,1,,true_node_oracle,39
80.68205714225769,1,joint_iid_lora_r16,False,0.08516311645507812,1,1,100.0,centroid_router,39
80.57408332824707,1,joint_iid_lora_r16,False,0.08404568210244179,0,1,,raw,40
79.36123013496399,1,joint_iid_lora_r16,False,0.08404568210244179,0,1,,cosine,40
80.57408332824707,1,joint_iid_lora_r16,False,0.08404568210244179,0,1,,affine_calibrated,40
80.57408332824707,1,joint_iid_lora_r16,True,0.08404568210244179,0,1,,true_node_oracle,40
80.57408332824707,1,joint_iid_lora_r16,False,0.08404568210244179,1,1,100.0,centroid_router,40
80.40230870246887,1,joint_iid_lora_r16,False,0.08898833580315113,0,1,,raw,41
79.16749715805054,1,joint_iid_lora_r16,False,0.08898833580315113,0,1,,cosine,41
80.40230870246887,1,joint_iid_lora_r16,False,0.08898833580315113,0,1,,affine_calibrated,41
80.40230870246887,1,joint_iid_lora_r16,True,0.08898833580315113,0,1,,true_node_oracle,41
80.40230870246887,1,joint_iid_lora_r16,False,0.08898833580315113,1,1,100.0,centroid_router,41
80.1047146320343,1,joint_iid_lora_r16,False,0.08062588050961494,0,1,,raw,42
78.70855331420898,1,joint_iid_lora_r16,False,0.08062588050961494,0,1,,cosine,42
80.1047146320343,1,joint_iid_lora_r16,False,0.08062588050961494,0,1,,affine_calibrated,42
80.1047146320343,1,joint_iid_lora_r16,True,0.08062588050961494,0,1,,true_node_oracle,42
80.1047146320343,1,joint_iid_lora_r16,False,0.08062588050961494,1,1,100.0,centroid_router,42
80.04949688911438,1,joint_iid_lora_r16,False,0.08472382090985775,0,1,,raw,43
78.62173914909363,1,joint_iid_lora_r16,False,0.08472382090985775,0,1,,cosine,43
80.04949688911438,1,joint_iid_lora_r16,False,0.08472382090985775,0,1,,affine_calibrated,43
80.04949688911438,1,joint_iid_lora_r16,True,0.08472382090985775,0,1,,true_node_oracle,43
80.04949688911438,1,joint_iid_lora_r16,False,0.08472382090985775,1,1,100.0,centroid_router,43
79.83477115631104,1,joint_iid_lora_r16,False,0.08353807404637337,0,1,,raw,44
78.35148572921753,1,joint_iid_lora_r16,False,0.08353807404637337,0,1,,cosine,44
79.83477115631104,1,joint_iid_lora_r16,False,0.08353807404637337,0,1,,affine_calibrated,44
79.83477115631104,1,joint_iid_lora_r16,True,0.08353807404637337,0,1,,true_node_oracle,44
79.83477115631104,1,joint_iid_lora_r16,False,0.08353807404637337,1,1,100.0,centroid_router,44
79.91161942481995,1,joint_iid_lora_r16,False,0.11179711483418941,0,1,,raw,45
78.34652662277222,1,joint_iid_lora_r16,False,0.11179711483418941,0,1,,cosine,45
79.91161942481995,1,joint_iid_lora_r16,False,0.11179711483418941,0,1,,affine_calibrated,45
79.91161942481995,1,joint_iid_lora_r16,True,0.11179711483418941,0,1,,true_node_oracle,45
79.91161942481995,1,joint_iid_lora_r16,False,0.11179711483418941,1,1,100.0,centroid_router,45
79.61496710777283,1,joint_iid_lora_r16,False,0.08965262025594711,0,1,,raw,46
78.06764841079712,1,joint_iid_lora_r16,False,0.08965262025594711,0,1,,cosine,46
79.61496710777283,1,joint_iid_lora_r16,False,0.08965262025594711,0,1,,affine_calibrated,46
79.61496710777283,1,joint_iid_lora_r16,True,0.08965262025594711,0,1,,true_node_oracle,46
79.61496710777283,1,joint_iid_lora_r16,False,0.08965262025594711,1,1,100.0,centroid_router,46
79.40398454666138,1,joint_iid_lora_r16,False,0.08676609583199024,0,1,,raw,47
77.9580295085907,1,joint_iid_lora_r16,False,0.08676609583199024,0,1,,cosine,47
79.40398454666138,1,joint_iid_lora_r16,False,0.08676609583199024,0,1,,affine_calibrated,47
79.40398454666138,1,joint_iid_lora_r16,True,0.08676609583199024,0,1,,true_node_oracle,47
79.40398454666138,1,joint_iid_lora_r16,False,0.08676609583199024,1,1,100.0,centroid_router,47
79.0010392665863,1,joint_iid_lora_r16,False,0.0860972348600626,0,1,,raw,48
77.63566970825195,1,joint_iid_lora_r16,False,0.0860972348600626,0,1,,cosine,48
79.0010392665863,1,joint_iid_lora_r16,False,0.0860972348600626,0,1,,affine_calibrated,48
79.0010392665863,1,joint_iid_lora_r16,True,0.0860972348600626,0,1,,true_node_oracle,48
79.0010392665863,1,joint_iid_lora_r16,False,0.0860972348600626,1,1,100.0,centroid_router,48
78.82852554321289,1,joint_iid_lora_r16,False,0.0857907310128212,0,1,,raw,49
77.48726606369019,1,joint_iid_lora_r16,False,0.0857907310128212,0,1,,cosine,49
78.82852554321289,1,joint_iid_lora_r16,False,0.0857907310128212,0,1,,affine_calibrated,49
78.82852554321289,1,joint_iid_lora_r16,True,0.0857907310128212,0,1,,true_node_oracle,49
78.82852554321289,1,joint_iid_lora_r16,False,0.0857907310128212,1,1,100.0,centroid_router,49
78.86666655540466,1,joint_iid_lora_r16,False,0.08731810748577118,0,1,,raw,50
77.45000123977661,1,joint_iid_lora_r16,False,0.08731810748577118,0,1,,cosine,50
78.86666655540466,1,joint_iid_lora_r16,False,0.08731810748577118,0,1,,affine_calibrated,50
78.86666655540466,1,joint_iid_lora_r16,True,0.08731810748577118,0,1,,true_node_oracle,50
78.86666655540466,1,joint_iid_lora_r16,False,0.08731810748577118,1,1,100.0,centroid_router,50
95.76271176338196,1,logt_svd_r16_repair001,False,0.07326342724263668,0,1,,raw,1
95.76271176338196,1,logt_svd_r16_repair001,False,0.07326342724263668,0,1,,cosine,1
95.76271176338196,1,logt_svd_r16_repair001,False,0.07326342724263668,0,1,,affine_calibrated,1
95.76271176338196,1,logt_svd_r16_repair001,True,0.07326342724263668,0,1,,true_node_oracle,1
95.76271176338196,1,logt_svd_r16_repair001,False,0.07326342724263668,1,1,100.0,centroid_router,1
77.4193525314331,2,logt_svd_r16_repair001,False,0.08871328085660934,0,2,,raw,2
77.82257795333862,2,logt_svd_r16_repair001,False,0.08871328085660934,0,2,,cosine,2
79.83871102333069,2,logt_svd_r16_repair001,False,0.08871328085660934,0,2,,affine_calibrated,2
93.14516186714172,1,logt_svd_r16_repair001,True,0.08871328085660934,0,2,,true_node_oracle,2
86.29032373428345,1,logt_svd_r16_repair001,False,0.08871328085660934,1,2,91.93548387096774,centroid_router,2
70.3045666217804,2,logt_svd_r16_repair001,False,0.08871445991098881,0,2,,raw,3
71.31979465484619,2,logt_svd_r16_repair001,False,0.08871445991098881,0,2,,cosine,3
74.11167621612549,2,logt_svd_r16_repair001,False,0.08871445991098881,0,2,,affine_calibrated,3
81.7258894443512,1,logt_svd_r16_repair001,True,0.08871445991098881,0,2,,true_node_oracle,3
72.84263968467712,1,logt_svd_r16_repair001,False,0.08871445991098881,1,2,86.80203045685279,centroid_router,3
67.71929860115051,3,logt_svd_r16_repair001,False,0.1107201799750328,0,3,,raw,4
69.9999988079071,3,logt_svd_r16_repair001,False,0.1107201799750328,0,3,,cosine,4
74.73683953285217,3,logt_svd_r16_repair001,False,0.1107201799750328,0,3,,affine_calibrated,4
84.73684191703796,1,logt_svd_r16_repair001,True,0.1107201799750328,0,3,,true_node_oracle,4
74.210524559021,1,logt_svd_r16_repair001,False,0.1107201799750328,1,3,83.6842105263158,centroid_router,4
64.3266499042511,3,logt_svd_r16_repair001,False,0.12297108396887779,0,3,,raw,5
66.90544486045837,3,logt_svd_r16_repair001,False,0.12297108396887779,0,3,,cosine,5
67.76504516601562,3,logt_svd_r16_repair001,False,0.12297108396887779,0,3,,affine_calibrated,5
83.09455513954163,1,logt_svd_r16_repair001,True,0.12297108396887779,0,3,,true_node_oracle,5
71.63323760032654,1,logt_svd_r16_repair001,False,0.12297108396887779,1,3,82.378223495702,centroid_router,5
64.18092846870422,4,logt_svd_r16_repair001,False,0.1464255526661873,0,4,,raw,6
66.5036678314209,4,logt_svd_r16_repair001,False,0.1464255526661873,0,4,,cosine,6
66.87041521072388,4,logt_svd_r16_repair001,False,0.1464255526661873,0,4,,affine_calibrated,6
84.22982692718506,1,logt_svd_r16_repair001,True,0.1464255526661873,0,4,,true_node_oracle,6
70.17114758491516,1,logt_svd_r16_repair001,False,0.1464255526661873,1,4,79.09535452322739,centroid_router,6
62.379419803619385,3,logt_svd_r16_repair001,False,0.11909759044647217,0,3,,raw,7
65.59485793113708,3,logt_svd_r16_repair001,False,0.11909759044647217,0,3,,cosine,7
56.162917613983154,3,logt_svd_r16_repair001,False,0.11909759044647217,0,3,,affine_calibrated,7
75.77706575393677,1,logt_svd_r16_repair001,True,0.11909759044647217,0,3,,true_node_oracle,7
66.55948758125305,1,logt_svd_r16_repair001,False,0.11909759044647217,1,3,84.2443729903537,centroid_router,7
62.85178065299988,4,logt_svd_r16_repair001,False,0.16261646337807178,0,4,,raw,8
67.16697812080383,4,logt_svd_r16_repair001,False,0.16261646337807178,0,4,,cosine,8
56.94183707237244,4,logt_svd_r16_repair001,False,0.16261646337807178,0,4,,affine_calibrated,8
78.42401266098022,1,logt_svd_r16_repair001,True,0.16261646337807178,0,4,,true_node_oracle,8
66.88555479049683,1,logt_svd_r16_repair001,False,0.16261646337807178,1,4,82.17636022514071,centroid_router,8
62.166666984558105,4,logt_svd_r16_repair001,False,0.12765567004680634,0,4,,raw,9
66.33333563804626,4,logt_svd_r16_repair001,False,0.12765567004680634,0,4,,cosine,9
56.833332777023315,4,logt_svd_r16_repair001,False,0.12765567004680634,0,4,,affine_calibrated,9
77.99999713897705,1,logt_svd_r16_repair001,True,0.12765567004680634,0,4,,true_node_oracle,9
66.16666913032532,1,logt_svd_r16_repair001,False,0.12765567004680634,1,4,80.58333333333333,centroid_router,9
59.34230089187622,5,logt_svd_r16_repair001,False,0.16160795465111732,0,5,,raw,10
63.901346921920776,5,logt_svd_r16_repair001,False,0.16160795465111732,0,5,,cosine,10
56.801193952560425,5,logt_svd_r16_repair001,False,0.16160795465111732,0,5,,affine_calibrated,10
79.59641218185425,1,logt_svd_r16_repair001,True,0.16160795465111732,0,5,,true_node_oracle,10
64.27503824234009,1,logt_svd_r16_repair001,False,0.16160795465111732,1,5,76.23318385650224,centroid_router,10
59.805285930633545,4,logt_svd_r16_repair001,False,0.1406619530171156,0,4,,raw,11
63.908207416534424,4,logt_svd_r16_repair001,False,0.1406619530171156,0,4,,cosine,11
58.90125036239624,4,logt_svd_r16_repair001,False,0.1406619530171156,0,4,,affine_calibrated,11
74.68706369400024,1,logt_svd_r16_repair001,True,0.1406619530171156,0,4,,true_node_oracle,11
64.04728889465332,1,logt_svd_r16_repair001,False,0.1406619530171156,1,4,78.09457579972184,centroid_router,11
57.91505575180054,5,logt_svd_r16_repair001,False,0.151545325294137,0,5,,raw,12
62.612611055374146,5,logt_svd_r16_repair001,False,0.151545325294137,0,5,,cosine,12
57.65765905380249,5,logt_svd_r16_repair001,False,0.151545325294137,0,5,,affine_calibrated,12
75.99742412567139,1,logt_svd_r16_repair001,True,0.151545325294137,0,5,,true_node_oracle,12
63.44916224479675,1,logt_svd_r16_repair001,False,0.151545325294137,1,5,75.74002574002574,centroid_router,12
58.47709774971008,5,logt_svd_r16_repair001,False,0.16311947256326675,0,5,,raw,13
63.117194175720215,5,logt_svd_r16_repair001,False,0.16311947256326675,0,5,,cosine,13
59.42891240119934,5,logt_svd_r16_repair001,False,0.16311947256326675,0,5,,affine_calibrated,13
76.9779920578003,1,logt_svd_r16_repair001,True,0.16311947256326675,0,5,,true_node_oracle,13
63.950031995773315,1,logt_svd_r16_repair001,False,0.16311947256326675,1,5,75.2528256989887,centroid_router,13
56.701600551605225,6,logt_svd_r16_repair001,False,0.18409752659499645,0,6,,raw,14
60.783231258392334,6,logt_svd_r16_repair001,False,0.18409752659499645,0,6,,cosine,14
57.418644428253174,6,logt_svd_r16_repair001,False,0.18409752659499645,0,6,,affine_calibrated,14
78.10259461402893,1,logt_svd_r16_repair001,True,0.18409752659499645,0,6,,true_node_oracle,14
63.044679164886475,1,logt_svd_r16_repair001,False,0.18409752659499645,1,6,73.35907335907336,centroid_router,14
56.50596022605896,4,logt_svd_r16_repair001,False,0.15777815505862236,0,4,,raw,15
59.82374548912048,4,logt_svd_r16_repair001,False,0.15777815505862236,0,4,,cosine,15
54.847073554992676,4,logt_svd_r16_repair001,False,0.15777815505862236,0,4,,affine_calibrated,15
71.38413786888123,1,logt_svd_r16_repair001,True,0.15777815505862236,0,4,,true_node_oracle,15
60.49766540527344,1,logt_svd_r16_repair001,False,0.15777815505862236,1,4,78.90098496630378,centroid_router,15
56.35305643081665,5,logt_svd_r16_repair001,False,0.1743403859436512,0,5,,raw,16
59.16585922241211,5,logt_svd_r16_repair001,False,0.1743403859436512,0,5,,cosine,16
52.23084092140198,5,logt_svd_r16_repair001,False,0.1743403859436512,0,5,,affine_calibrated,16
72.50242233276367,1,logt_svd_r16_repair001,True,0.1743403859436512,0,5,,true_node_oracle,16
59.553831815719604,1,logt_svd_r16_repair001,False,0.1743403859436512,1,5,76.09117361784675,centroid_router,16
55.621570348739624,5,logt_svd_r16_repair001,False,0.15076682344079018,0,5,,raw,17
58.82084369659424,5,logt_svd_r16_repair001,False,0.15076682344079018,0,5,,cosine,17
51.41682028770447,5,logt_svd_r16_repair001,False,0.15076682344079018,0,5,,affine_calibrated,17
72.85192012786865,1,logt_svd_r16_repair001,True,0.15076682344079018,0,5,,true_node_oracle,17
59.04936194419861,1,logt_svd_r16_repair001,False,0.15076682344079018,1,5,74.49725776965265,centroid_router,17
55.62336444854736,6,logt_svd_r16_repair001,False,0.1729344204068184,0,6,,raw,18
58.936357498168945,6,logt_svd_r16_repair001,False,0.1729344204068184,0,6,,cosine,18
51.08979940414429,6,logt_svd_r16_repair001,False,0.1729344204068184,0,6,,affine_calibrated,18
73.97558689117432,1,logt_svd_r16_repair001,True,0.1729344204068184,0,6,,true_node_oracle,18
59.372276067733765,1,logt_svd_r16_repair001,False,0.1729344204068184,1,6,73.88840453356582,centroid_router,18
54.64003086090088,5,logt_svd_r16_repair001,False,0.20212823897600174,0,5,,raw,19
58.3853542804718,5,logt_svd_r16_repair001,False,0.20212823897600174,0,5,,cosine,19
51.64377689361572,5,logt_svd_r16_repair001,False,0.20212823897600174,0,5,,affine_calibrated,19
71.78527116775513,1,logt_svd_r16_repair001,True,0.20212823897600174,0,5,,true_node_oracle,19
58.843111991882324,1,logt_svd_r16_repair001,False,0.20212823897600174,1,5,73.86600083229297,centroid_router,19
53.87380123138428,6,logt_svd_r16_repair001,False,0.20213842950761318,0,6,,raw,20
57.747602462768555,6,logt_svd_r16_repair001,False,0.20213842950761318,0,6,,cosine,20
51.118212938308716,6,logt_svd_r16_repair001,False,0.20213842950761318,0,6,,affine_calibrated,20
72.64376878738403,1,logt_svd_r16_repair001,True,0.20213842950761318,0,6,,true_node_oracle,20
58.22683572769165,1,logt_svd_r16_repair001,False,0.20213842950761318,1,6,72.20447284345047,centroid_router,20
53.39879393577576,6,logt_svd_r16_repair001,False,0.23610768467187881,0,6,,raw,21
57.59063363075256,6,logt_svd_r16_repair001,False,0.23610768467187881,0,6,,cosine,21
51.62386894226074,6,logt_svd_r16_repair001,False,0.23610768467187881,0,6,,affine_calibrated,21
73.1117844581604,1,logt_svd_r16_repair001,True,0.23610768467187881,0,6,,true_node_oracle,21
58.119332790374756,1,logt_svd_r16_repair001,False,0.23610768467187881,1,6,71.29909365558912,centroid_router,21
53.28757166862488,7,logt_svd_r16_repair001,False,0.2509483378380537,0,7,,raw,22
57.406067848205566,7,logt_svd_r16_repair001,False,0.2509483378380537,0,7,,cosine,22
51.22832655906677,7,logt_svd_r16_repair001,False,0.2509483378380537,0,7,,affine_calibrated,22
74.20520186424255,1,logt_svd_r16_repair001,True,0.2509483378380537,0,7,,true_node_oracle,22
57.87572264671326,1,logt_svd_r16_repair001,False,0.2509483378380537,1,7,70.33959537572254,centroid_router,22
52.998268604278564,5,logt_svd_r16_repair001,False,0.19504044018685818,0,5,,raw,23
56.74176812171936,5,logt_svd_r16_repair001,False,0.19504044018685818,0,5,,cosine,23
51.85441970825195,5,logt_svd_r16_repair001,False,0.19504044018685818,0,5,,affine_calibrated,23
69.87868547439575,1,logt_svd_r16_repair001,True,0.19504044018685818,0,5,,true_node_oracle,23
56.46446943283081,1,logt_svd_r16_repair001,False,0.19504044018685818,1,5,71.99306759098786,centroid_router,23
52.541232109069824,6,logt_svd_r16_repair001,False,0.22825231216847897,0,6,,raw,24
56.243687868118286,6,logt_svd_r16_repair001,False,0.22825231216847897,0,6,,cosine,24
50.353413820266724,6,logt_svd_r16_repair001,False,0.22825231216847897,0,6,,affine_calibrated,24
70.58229446411133,1,logt_svd_r16_repair001,True,0.22825231216847897,0,6,,true_node_oracle,24
56.21002912521362,1,logt_svd_r16_repair001,False,0.22825231216847897,1,6,71.15449343655335,centroid_router,24
52.04216241836548,6,logt_svd_r16_repair001,False,0.22903348319232464,0,6,,raw,25
55.50065636634827,6,logt_svd_r16_repair001,False,0.22903348319232464,0,6,,cosine,25
49.670618772506714,6,logt_svd_r16_repair001,False,0.22903348319232464,0,6,,affine_calibrated,25
69.96047496795654,1,logt_svd_r16_repair001,True,0.22903348319232464,0,6,,true_node_oracle,25
55.83003759384155,1,logt_svd_r16_repair001,False,0.22903348319232464,1,6,70.78392621870883,centroid_router,25
51.978474855422974,7,logt_svd_r16_repair001,False,0.23821214027702808,0,7,,raw,26
55.33396601676941,7,logt_svd_r16_repair001,False,0.23821214027702808,0,7,,cosine,26
49.16112720966339,7,logt_svd_r16_repair001,False,0.23821214027702808,0,7,,affine_calibrated,26
70.81354856491089,1,logt_svd_r16_repair001,True,0.23821214027702808,0,7,,true_node_oracle,26
55.61886429786682,1,logt_svd_r16_repair001,False,0.23821214027702808,1,7,69.61063627730294,centroid_router,26
51.00855827331543,6,logt_svd_r16_repair001,False,0.19454917311668396,0,6,,raw,27
54.43153977394104,6,logt_svd_r16_repair001,False,0.19454917311668396,0,6,,cosine,27
50.122249126434326,6,logt_svd_r16_repair001,False,0.19454917311668396,0,6,,affine_calibrated,27
70.44621109962463,1,logt_svd_r16_repair001,True,0.19454917311668396,0,6,,true_node_oracle,27
55.50122261047363,1,logt_svd_r16_repair001,False,0.19454917311668396,1,6,69.04034229828851,centroid_router,27
50.77059864997864,7,logt_svd_r16_repair001,False,0.22449536621570587,0,7,,raw,28
54.06046509742737,7,logt_svd_r16_repair001,False,0.22449536621570587,0,7,,cosine,28
49.97036159038544,7,logt_svd_r16_repair001,False,0.22449536621570587,0,7,,affine_calibrated,28
71.2507426738739,1,logt_svd_r16_repair001,True,0.22449536621570587,0,7,,true_node_oracle,28
55.690574645996094,1,logt_svd_r16_repair001,False,0.22449536621570587,1,7,68.61292234736219,centroid_router,28
50.02866983413696,7,logt_svd_r16_repair001,False,0.2252302337437868,0,7,,raw,29
53.61238718032837,7,logt_svd_r16_repair001,False,0.2252302337437868,0,7,,cosine,29
49.28325712680817,7,logt_svd_r16_repair001,False,0.2252302337437868,0,7,,affine_calibrated,29
71.53096199035645,1,logt_svd_r16_repair001,True,0.2252302337437868,0,7,,true_node_oracle,29
54.95986342430115,1,logt_svd_r16_repair001,False,0.2252302337437868,1,7,67.14449541284404,centroid_router,29
49.62182641029358,8,logt_svd_r16_repair001,False,0.2606060076504946,0,8,,raw,30
53.052401542663574,8,logt_svd_r16_repair001,False,0.2606060076504946,0,8,,cosine,30
48.595353960990906,8,logt_svd_r16_repair001,False,0.2606060076504946,0,8,,affine_calibrated,30
72.79848456382751,1,logt_svd_r16_repair001,True,0.2606060076504946,0,8,,true_node_oracle,30
54.70016002655029,1,logt_svd_r16_repair001,False,0.2606060076504946,1,8,65.99135602377093,centroid_router,30
49.9213844537735,5,logt_svd_r16_repair001,False,0.17470888793468475,0,5,,raw,31
53.092241287231445,5,logt_svd_r16_repair001,False,0.17470888793468475,0,5,,cosine,31
47.01257944107056,5,logt_svd_r16_repair001,False,0.17470888793468475,0,5,,affine_calibrated,31
65.56603908538818,1,logt_svd_r16_repair001,True,0.17470888793468475,0,5,,true_node_oracle,31
53.98322939872742,1,logt_svd_r16_repair001,False,0.17470888793468475,1,5,74.34486373165619,centroid_router,31
49.4003564119339,6,logt_svd_r16_repair001,False,0.21307899802923203,0,6,,raw,32
52.666497230529785,6,logt_svd_r16_repair001,False,0.21307899802923203,0,6,,cosine,32
45.828017592430115,6,logt_svd_r16_repair001,False,0.21307899802923203,0,6,,affine_calibrated,32
66.26690626144409,1,logt_svd_r16_repair001,True,0.21307899802923203,0,6,,true_node_oracle,32
53.8147509098053,1,logt_svd_r16_repair001,False,0.21307899802923203,1,6,73.30951773411584,centroid_router,32
49.70223307609558,6,logt_svd_r16_repair001,False,0.21425618790090084,0,6,,raw,33
52.9280424118042,6,logt_svd_r16_repair001,False,0.21425618790090084,0,6,,cosine,33
45.26054561138153,6,logt_svd_r16_repair001,False,0.21425618790090084,0,6,,affine_calibrated,33
66.79900884628296,1,logt_svd_r16_repair001,True,0.21425618790090084,0,6,,true_node_oracle,33
54.24317717552185,1,logt_svd_r16_repair001,False,0.21425618790090084,1,6,73.17617866004963,centroid_router,33
49.78048801422119,7,logt_svd_r16_repair001,False,0.24043363891541958,0,7,,raw,34
52.82926559448242,7,logt_svd_r16_repair001,False,0.24043363891541958,0,7,,cosine,34
43.341463804244995,7,logt_svd_r16_repair001,False,0.24043363891541958,0,7,,affine_calibrated,34
67.26829409599304,1,logt_svd_r16_repair001,True,0.24043363891541958,0,7,,true_node_oracle,34
54.41463589668274,1,logt_svd_r16_repair001,False,0.24043363891541958,1,7,72.92682926829268,centroid_router,34
49.469465017318726,6,logt_svd_r16_repair001,False,0.21582813002169132,0,6,,raw,35
52.416884899139404,6,logt_svd_r16_repair001,False,0.21582813002169132,0,6,,cosine,35
45.10728716850281,6,logt_svd_r16_repair001,False,0.21582813002169132,0,6,,affine_calibrated,35
66.8238639831543,1,logt_svd_r16_repair001,True,0.21582813002169132,0,6,,true_node_oracle,35
53.737324476242065,1,logt_svd_r16_repair001,False,0.21582813002169132,1,6,72.15279415232257,centroid_router,35
49.624574184417725,7,logt_svd_r16_repair001,False,0.24076666124165058,0,7,,raw,36
52.71899700164795,7,logt_svd_r16_repair001,False,0.24076666124165058,0,7,,cosine,36
45.46075165271759,7,logt_svd_r16_repair001,False,0.24076666124165058,0,7,,affine_calibrated,36
67.84982681274414,1,logt_svd_r16_repair001,True,0.24076666124165058,0,7,,true_node_oracle,36
54.26621437072754,1,logt_svd_r16_repair001,False,0.24076666124165058,1,7,71.8316268486917,centroid_router,36
48.81370961666107,7,logt_svd_r16_repair001,False,0.2863226979970932,0,7,,raw,37
51.8892765045166,7,logt_svd_r16_repair001,False,0.2863226979970932,0,7,,cosine,37
44.52987611293793,7,logt_svd_r16_repair001,False,0.2863226979970932,0,7,,affine_calibrated,37
68.343585729599,1,logt_svd_r16_repair001,True,0.2863226979970932,0,7,,true_node_oracle,37
53.69068384170532,1,logt_svd_r16_repair001,False,0.2863226979970932,1,7,69.90333919156414,centroid_router,37
48.64749610424042,8,logt_svd_r16_repair001,False,0.26502297446131706,0,8,,raw,38
51.927584409713745,8,logt_svd_r16_repair001,False,0.26502297446131706,0,8,,cosine,38
44.28114891052246,8,logt_svd_r16_repair001,False,0.26502297446131706,0,8,,affine_calibrated,38
69.28647756576538,1,logt_svd_r16_repair001,True,0.26502297446131706,0,8,,true_node_oracle,38
53.759318590164185,1,logt_svd_r16_repair001,False,0.26502297446131706,1,8,69.22257720979766,centroid_router,38
48.72114658355713,6,logt_svd_r16_repair001,False,0.2179640457034111,0,6,,raw,39
51.985859870910645,6,logt_svd_r16_repair001,False,0.2179640457034111,0,6,,cosine,39
45.62278985977173,6,logt_svd_r16_repair001,False,0.2179640457034111,0,6,,affine_calibrated,39
66.91619753837585,1,logt_svd_r16_repair001,True,0.2179640457034111,0,6,,true_node_oracle,39
53.46226096153259,1,logt_svd_r16_repair001,False,0.2179640457034111,1,6,69.47390309835724,centroid_router,39
48.534464836120605,7,logt_svd_r16_repair001,False,0.26942707411944866,0,7,,raw,40
51.8496036529541,7,logt_svd_r16_repair001,False,0.26942707411944866,0,7,,cosine,40
45.340609550476074,7,logt_svd_r16_repair001,False,0.26942707411944866,0,7,,affine_calibrated,40
67.6975965499878,1,logt_svd_r16_repair001,True,0.26942707411944866,0,7,,true_node_oracle,40
53.42631936073303,1,logt_svd_r16_repair001,False,0.26942707411944866,1,7,68.62745098039215,centroid_router,40
48.27723503112793,7,logt_svd_r16_repair001,False,0.3699235077947378,0,7,,raw,41
51.762598752975464,7,logt_svd_r16_repair001,False,0.3699235077947378,0,7,,cosine,41
44.95120346546173,7,logt_svd_r16_repair001,False,0.3699235077947378,0,7,,affine_calibrated,41
67.8151786327362,1,logt_svd_r16_repair001,True,0.3699235077947378,0,7,,true_node_oracle,41
53.156739473342896,1,logt_svd_r16_repair001,False,0.3699235077947378,1,7,68.01433977295359,centroid_router,41
47.70215153694153,8,logt_svd_r16_repair001,False,0.32775792106986046,0,8,,raw,42
50.86290240287781,8,logt_svd_r16_repair001,False,0.32775792106986046,0,8,,cosine,42
43.59123408794403,8,logt_svd_r16_repair001,False,0.32775792106986046,0,8,,affine_calibrated,42
68.33430528640747,1,logt_svd_r16_repair001,True,0.32775792106986046,0,8,,true_node_oracle,42
52.511149644851685,1,logt_svd_r16_repair001,False,0.32775792106986046,1,8,66.76362226100446,centroid_router,42
47.97258675098419,7,logt_svd_r16_repair001,False,0.30404631420969963,0,7,,raw,43
50.9613573551178,7,logt_svd_r16_repair001,False,0.30404631420969963,0,7,,cosine,43
44.888636469841,7,logt_svd_r16_repair001,False,0.30404631420969963,0,7,,affine_calibrated,43
67.61850118637085,1,logt_svd_r16_repair001,True,0.30404631420969963,0,7,,true_node_oracle,43
52.42718458175659,1,logt_svd_r16_repair001,False,0.30404631420969963,1,7,66.41918903483723,centroid_router,43
47.85955548286438,8,logt_svd_r16_repair001,False,0.33255018293857574,0,8,,raw,44
50.99511742591858,8,logt_svd_r16_repair001,False,0.33255018293857574,0,8,,cosine,44
45.06196081638336,8,logt_svd_r16_repair001,False,0.33255018293857574,0,8,,affine_calibrated,44
67.87457466125488,1,logt_svd_r16_repair001,True,0.33255018293857574,0,8,,true_node_oracle,44
52.3657500743866,1,logt_svd_r16_repair001,False,0.33255018293857574,1,8,66.16597822005257,centroid_router,44
48.0390340089798,8,logt_svd_r16_repair001,False,0.34546426869928837,0,8,,raw,45
51.24286413192749,8,logt_svd_r16_repair001,False,0.34546426869928837,0,8,,cosine,45
44.26440894603729,8,logt_svd_r16_repair001,False,0.34546426869928837,0,8,,affine_calibrated,45
68.31154227256775,1,logt_svd_r16_repair001,True,0.34546426869928837,0,8,,true_node_oracle,45
52.71589159965515,1,logt_svd_r16_repair001,False,0.34546426869928837,1,8,66.12041981218928,centroid_router,45
47.661030292510986,9,logt_svd_r16_repair001,False,0.4151021484285593,0,9,,raw,46
50.70168972015381,9,logt_svd_r16_repair001,False,0.4151021484285593,0,9,,cosine,46
43.32493841648102,9,logt_svd_r16_repair001,False,0.4151021484285593,0,9,,affine_calibrated,46
68.78373622894287,1,logt_svd_r16_repair001,True,0.4151021484285593,0,9,,true_node_oracle,46
52.28499174118042,1,logt_svd_r16_repair001,False,0.4151021484285593,1,9,65.02338970852824,centroid_router,46
47.22271263599396,6,logt_svd_r16_repair001,False,0.24508373625576496,0,6,,raw,47
50.6083607673645,6,logt_svd_r16_repair001,False,0.24508373625576496,0,6,,cosine,47
44.454240798950195,6,logt_svd_r16_repair001,False,0.24508373625576496,0,6,,affine_calibrated,47
64.69758152961731,1,logt_svd_r16_repair001,True,0.24508373625576496,0,6,,true_node_oracle,47
51.78980827331543,1,logt_svd_r16_repair001,False,0.24508373625576496,1,6,67.64239111267854,centroid_router,47
46.97545766830444,7,logt_svd_r16_repair001,False,0.2760543469339609,0,7,,raw,48
50.0,7,logt_svd_r16_repair001,False,0.2760543469339609,0,7,,cosine,48
43.91635060310364,7,logt_svd_r16_repair001,False,0.2760543469339609,0,7,,affine_calibrated,48
65.2955412864685,1,logt_svd_r16_repair001,True,0.2760543469339609,0,7,,true_node_oracle,48
51.624614000320435,1,logt_svd_r16_repair001,False,0.2760543469339609,1,7,67.09298306256481,centroid_router,48
47.02886343002319,7,logt_svd_r16_repair001,False,0.2818060852587223,0,7,,raw,49
50.05093216896057,7,logt_svd_r16_repair001,False,0.2818060852587223,0,7,,cosine,49
44.43123936653137,7,logt_svd_r16_repair001,False,0.2818060852587223,0,7,,affine_calibrated,49
65.51782488822937,1,logt_svd_r16_repair001,True,0.2818060852587223,0,7,,true_node_oracle,49
51.62988305091858,1,logt_svd_r16_repair001,False,0.2818060852587223,1,7,66.7402376910017,centroid_router,49
47.18333184719086,8,logt_svd_r16_repair001,False,0.3044863771647215,0,8,,raw,50
50.199997425079346,8,logt_svd_r16_repair001,False,0.3044863771647215,0,8,,cosine,50
44.40000057220459,8,logt_svd_r16_repair001,False,0.3044863771647215,0,8,,affine_calibrated,50
66.04999899864197,1,logt_svd_r16_repair001,True,0.3044863771647215,0,8,,true_node_oracle,50
51.899999380111694,1,logt_svd_r16_repair001,False,0.3044863771647215,1,8,66.71666666666667,centroid_router,50
95.76271176338196,1,logt_core_tsv_r16_repair001,False,0.08031132258474827,0,1,,raw,1
95.76271176338196,1,logt_core_tsv_r16_repair001,False,0.08031132258474827,0,1,,cosine,1
95.76271176338196,1,logt_core_tsv_r16_repair001,False,0.08031132258474827,0,1,,affine_calibrated,1
95.76271176338196,1,logt_core_tsv_r16_repair001,True,0.08031132258474827,0,1,,true_node_oracle,1
95.76271176338196,1,logt_core_tsv_r16_repair001,False,0.08031132258474827,1,1,100.0,centroid_router,1
77.4193525314331,2,logt_core_tsv_r16_repair001,False,0.09747867472469807,0,2,,raw,2
77.82257795333862,2,logt_core_tsv_r16_repair001,False,0.09747867472469807,0,2,,cosine,2
79.83871102333069,2,logt_core_tsv_r16_repair001,False,0.09747867472469807,0,2,,affine_calibrated,2
93.14516186714172,1,logt_core_tsv_r16_repair001,True,0.09747867472469807,0,2,,true_node_oracle,2
86.29032373428345,1,logt_core_tsv_r16_repair001,False,0.09747867472469807,1,2,91.93548387096774,centroid_router,2
70.3045666217804,2,logt_core_tsv_r16_repair001,False,0.09543156623840332,0,2,,raw,3
72.33502268791199,2,logt_core_tsv_r16_repair001,False,0.09543156623840332,0,2,,cosine,3
74.11167621612549,2,logt_core_tsv_r16_repair001,False,0.09543156623840332,0,2,,affine_calibrated,3
81.7258894443512,1,logt_core_tsv_r16_repair001,True,0.09543156623840332,0,2,,true_node_oracle,3
72.84263968467712,1,logt_core_tsv_r16_repair001,False,0.09543156623840332,1,2,86.80203045685279,centroid_router,3
67.8947389125824,3,logt_core_tsv_r16_repair001,False,0.12280437909066677,0,3,,raw,4
70.70175409317017,3,logt_core_tsv_r16_repair001,False,0.12280437909066677,0,3,,cosine,4
74.73683953285217,3,logt_core_tsv_r16_repair001,False,0.12280437909066677,0,3,,affine_calibrated,4
84.73684191703796,1,logt_core_tsv_r16_repair001,True,0.12280437909066677,0,3,,true_node_oracle,4
74.210524559021,1,logt_core_tsv_r16_repair001,False,0.12280437909066677,1,3,83.6842105263158,centroid_router,4
64.89971280097961,3,logt_core_tsv_r16_repair001,False,0.11863171309232712,0,3,,raw,5
67.19197630882263,3,logt_core_tsv_r16_repair001,False,0.11863171309232712,0,3,,cosine,5
67.47850775718689,3,logt_core_tsv_r16_repair001,False,0.11863171309232712,0,3,,affine_calibrated,5
83.09455513954163,1,logt_core_tsv_r16_repair001,True,0.11863171309232712,0,3,,true_node_oracle,5
71.63323760032654,1,logt_core_tsv_r16_repair001,False,0.11863171309232712,1,3,82.378223495702,centroid_router,5
64.5476758480072,4,logt_core_tsv_r16_repair001,False,0.13517613150179386,0,4,,raw,6
66.74816608428955,4,logt_core_tsv_r16_repair001,False,0.13517613150179386,0,4,,cosine,6
66.87041521072388,4,logt_core_tsv_r16_repair001,False,0.13517613150179386,0,4,,affine_calibrated,6
84.22982692718506,1,logt_core_tsv_r16_repair001,True,0.13517613150179386,0,4,,true_node_oracle,6
70.17114758491516,1,logt_core_tsv_r16_repair001,False,0.13517613150179386,1,4,79.09535452322739,centroid_router,6
62.91532516479492,3,logt_core_tsv_r16_repair001,False,0.12315110862255096,0,3,,raw,7
65.38049578666687,3,logt_core_tsv_r16_repair001,False,0.12315110862255096,0,3,,cosine,7
56.05573654174805,3,logt_core_tsv_r16_repair001,False,0.12315110862255096,0,3,,affine_calibrated,7
75.99142789840698,1,logt_core_tsv_r16_repair001,True,0.12315110862255096,0,3,,true_node_oracle,7
66.77384972572327,1,logt_core_tsv_r16_repair001,False,0.12315110862255096,1,3,84.2443729903537,centroid_router,7
63.22701573371887,4,logt_core_tsv_r16_repair001,False,0.14244606345891953,0,4,,raw,8
66.97936058044434,4,logt_core_tsv_r16_repair001,False,0.14244606345891953,0,4,,cosine,8
57.129454612731934,4,logt_core_tsv_r16_repair001,False,0.14244606345891953,0,4,,affine_calibrated,8
78.61163020133972,1,logt_core_tsv_r16_repair001,True,0.14244606345891953,0,4,,true_node_oracle,8
67.07317233085632,1,logt_core_tsv_r16_repair001,False,0.14244606345891953,1,4,82.17636022514071,centroid_router,8
62.583333253860474,4,logt_core_tsv_r16_repair001,False,0.14139633998274803,0,4,,raw,9
66.16666913032532,4,logt_core_tsv_r16_repair001,False,0.14139633998274803,0,4,,cosine,9
57.33333230018616,4,logt_core_tsv_r16_repair001,False,0.14139633998274803,0,4,,affine_calibrated,9
78.16666960716248,1,logt_core_tsv_r16_repair001,True,0.14139633998274803,0,4,,true_node_oracle,9
66.33333563804626,1,logt_core_tsv_r16_repair001,False,0.14139633998274803,1,4,80.58333333333333,centroid_router,9
59.71599221229553,5,logt_core_tsv_r16_repair001,False,0.16314343363046646,0,5,,raw,10
63.67713212966919,5,logt_core_tsv_r16_repair001,False,0.16314343363046646,0,5,,cosine,10
56.6517174243927,5,logt_core_tsv_r16_repair001,False,0.16314343363046646,0,5,,affine_calibrated,10
79.74588871002197,1,logt_core_tsv_r16_repair001,True,0.16314343363046646,0,5,,true_node_oracle,10
64.42451477050781,1,logt_core_tsv_r16_repair001,False,0.16314343363046646,1,5,76.23318385650224,centroid_router,10
59.805285930633545,4,logt_core_tsv_r16_repair001,False,0.14431128837168217,0,4,,raw,11
63.908207416534424,4,logt_core_tsv_r16_repair001,False,0.14431128837168217,0,4,,cosine,11
59.17941331863403,4,logt_core_tsv_r16_repair001,False,0.14431128837168217,0,4,,affine_calibrated,11
74.96522665023804,1,logt_core_tsv_r16_repair001,True,0.14431128837168217,0,4,,true_node_oracle,11
64.25591111183167,1,logt_core_tsv_r16_repair001,False,0.14431128837168217,1,4,78.09457579972184,centroid_router,11
57.786357402801514,5,logt_core_tsv_r16_repair001,False,0.16365781240165234,0,5,,raw,12
62.612611055374146,5,logt_core_tsv_r16_repair001,False,0.16365781240165234,0,5,,cosine,12
57.979410886764526,5,logt_core_tsv_r16_repair001,False,0.16365781240165234,0,5,,affine_calibrated,12
76.25482678413391,1,logt_core_tsv_r16_repair001,True,0.16365781240165234,0,5,,true_node_oracle,12
63.642215728759766,1,logt_core_tsv_r16_repair001,False,0.16365781240165234,1,5,75.74002574002574,centroid_router,12
58.417606353759766,5,logt_core_tsv_r16_repair001,False,0.16480710729956627,0,5,,raw,13
63.0577027797699,5,logt_core_tsv_r16_repair001,False,0.16480710729956627,0,5,,cosine,13
59.5478892326355,5,logt_core_tsv_r16_repair001,False,0.16480710729956627,0,5,,affine_calibrated,13
77.21594572067261,1,logt_core_tsv_r16_repair001,True,0.16480710729956627,0,5,,true_node_oracle,13
64.12849426269531,1,logt_core_tsv_r16_repair001,False,0.16480710729956627,1,5,75.2528256989887,centroid_router,13
56.536126136779785,6,logt_core_tsv_r16_repair001,False,0.18665195629000664,0,6,,raw,14
60.783231258392334,6,logt_core_tsv_r16_repair001,False,0.18665195629000664,0,6,,cosine,14
57.418644428253174,6,logt_core_tsv_r16_repair001,False,0.18665195629000664,0,6,,affine_calibrated,14
78.32322120666504,1,logt_core_tsv_r16_repair001,True,0.18665195629000664,0,6,,true_node_oracle,14
63.21014761924744,1,logt_core_tsv_r16_repair001,False,0.18665195629000664,1,6,73.35907335907336,centroid_router,14
56.19491934776306,4,logt_core_tsv_r16_repair001,False,0.14807108230888844,0,4,,raw,15
59.87558364868164,4,logt_core_tsv_r16_repair001,False,0.14807108230888844,0,4,,cosine,15
55.002593994140625,4,logt_core_tsv_r16_repair001,False,0.14807108230888844,0,4,,affine_calibrated,15
71.38413786888123,1,logt_core_tsv_r16_repair001,True,0.14807108230888844,0,4,,true_node_oracle,15
60.44582724571228,1,logt_core_tsv_r16_repair001,False,0.14807108230888844,1,4,78.90098496630378,centroid_router,15
55.91658353805542,5,logt_core_tsv_r16_repair001,False,0.16969260573387146,0,5,,raw,16
59.31134819984436,5,logt_core_tsv_r16_repair001,False,0.16969260573387146,0,5,,cosine,16
52.18234658241272,5,logt_core_tsv_r16_repair001,False,0.16969260573387146,0,5,,affine_calibrated,16
72.50242233276367,1,logt_core_tsv_r16_repair001,True,0.16969260573387146,0,5,,true_node_oracle,16
59.50533747673035,1,logt_core_tsv_r16_repair001,False,0.16969260573387146,1,5,76.09117361784675,centroid_router,16
55.164533853530884,5,logt_core_tsv_r16_repair001,False,0.23435421846807003,0,5,,raw,17
58.9122474193573,5,logt_core_tsv_r16_repair001,False,0.23435421846807003,0,5,,cosine,17
51.23400092124939,5,logt_core_tsv_r16_repair001,False,0.23435421846807003,0,5,,affine_calibrated,17
72.85192012786865,1,logt_core_tsv_r16_repair001,True,0.23435421846807003,0,5,,true_node_oracle,17
59.00365710258484,1,logt_core_tsv_r16_repair001,False,0.23435421846807003,1,5,74.49725776965265,centroid_router,17
55.14385104179382,6,logt_core_tsv_r16_repair001,False,0.25450482219457626,0,6,,raw,18
59.02354121208191,6,logt_core_tsv_r16_repair001,False,0.25450482219457626,0,6,,cosine,18
51.00261569023132,6,logt_core_tsv_r16_repair001,False,0.25450482219457626,0,6,,affine_calibrated,18
73.97558689117432,1,logt_core_tsv_r16_repair001,True,0.25450482219457626,0,6,,true_node_oracle,18
59.328681230545044,1,logt_core_tsv_r16_repair001,False,0.25450482219457626,1,6,73.88840453356582,centroid_router,18
54.14065718650818,5,logt_core_tsv_r16_repair001,False,0.16170700453221798,0,5,,raw,19
58.63503813743591,5,logt_core_tsv_r16_repair001,False,0.16170700453221798,0,5,,cosine,19
51.72700881958008,5,logt_core_tsv_r16_repair001,False,0.16170700453221798,0,5,,affine_calibrated,19
71.70203924179077,1,logt_core_tsv_r16_repair001,True,0.16170700453221798,0,5,,true_node_oracle,19
58.759886026382446,1,logt_core_tsv_r16_repair001,False,0.16170700453221798,1,5,73.86600083229297,centroid_router,19
53.43450307846069,6,logt_core_tsv_r16_repair001,False,0.18973897024989128,0,6,,raw,20
58.027154207229614,6,logt_core_tsv_r16_repair001,False,0.18973897024989128,0,6,,cosine,20
51.038336753845215,6,logt_core_tsv_r16_repair001,False,0.18973897024989128,0,6,,affine_calibrated,20
72.56389856338501,1,logt_core_tsv_r16_repair001,True,0.18973897024989128,0,6,,true_node_oracle,20
58.18690061569214,1,logt_core_tsv_r16_repair001,False,0.18973897024989128,1,6,72.20447284345047,centroid_router,20
53.096675872802734,6,logt_core_tsv_r16_repair001,False,0.1963319033384323,0,6,,raw,21
57.81722068786621,6,logt_core_tsv_r16_repair001,False,0.1963319033384323,0,6,,cosine,21
51.62386894226074,6,logt_core_tsv_r16_repair001,False,0.1963319033384323,0,6,,affine_calibrated,21
72.99848794937134,1,logt_core_tsv_r16_repair001,True,0.1963319033384323,0,6,,true_node_oracle,21
58.081573247909546,1,logt_core_tsv_r16_repair001,False,0.1963319033384323,1,6,71.29909365558912,centroid_router,21
52.96242833137512,7,logt_core_tsv_r16_repair001,False,0.24414903856813908,0,7,,raw,22
57.658958435058594,7,logt_core_tsv_r16_repair001,False,0.24414903856813908,0,7,,cosine,22
51.047688722610474,7,logt_core_tsv_r16_repair001,False,0.24414903856813908,0,7,,affine_calibrated,22
74.09682273864746,1,logt_core_tsv_r16_repair001,True,0.24414903856813908,0,7,,true_node_oracle,22
57.83959627151489,1,logt_core_tsv_r16_repair001,False,0.24414903856813908,1,7,70.33959537572254,centroid_router,22
52.47833728790283,5,logt_core_tsv_r16_repair001,False,0.16005940735340118,0,5,,raw,23
56.98440074920654,5,logt_core_tsv_r16_repair001,False,0.16005940735340118,0,5,,cosine,23
51.507800817489624,5,logt_core_tsv_r16_repair001,False,0.16005940735340118,0,5,,affine_calibrated,23
69.7746992111206,1,logt_core_tsv_r16_repair001,True,0.16005940735340118,0,5,,true_node_oracle,23
56.42980933189392,1,logt_core_tsv_r16_repair001,False,0.16005940735340118,1,5,71.99306759098786,centroid_router,23
52.07000970840454,6,logt_core_tsv_r16_repair001,False,0.1922398805618286,0,6,,raw,24
56.47929906845093,6,logt_core_tsv_r16_repair001,False,0.1922398805618286,0,6,,cosine,24
50.21877884864807,6,logt_core_tsv_r16_repair001,False,0.1922398805618286,0,6,,affine_calibrated,24
70.48131823539734,1,logt_core_tsv_r16_repair001,True,0.1922398805618286,0,6,,true_node_oracle,24
56.17637038230896,1,logt_core_tsv_r16_repair001,False,0.1922398805618286,1,6,71.15449343655335,centroid_router,24
51.67984366416931,6,logt_core_tsv_r16_repair001,False,0.1894122026860714,0,6,,raw,25
55.73122501373291,6,logt_core_tsv_r16_repair001,False,0.1894122026860714,0,6,,cosine,25
49.802371859550476,6,logt_core_tsv_r16_repair001,False,0.1894122026860714,0,6,,affine_calibrated,25
69.8616623878479,1,logt_core_tsv_r16_repair001,True,0.1894122026860714,0,6,,true_node_oracle,25
55.79710006713867,1,logt_core_tsv_r16_repair001,False,0.1894122026860714,1,6,70.78392621870883,centroid_router,25
51.53529644012451,7,logt_core_tsv_r16_repair001,False,0.2208313625305891,0,7,,raw,26
55.55555820465088,7,logt_core_tsv_r16_repair001,False,0.2208313625305891,0,7,,cosine,26
49.35106039047241,7,logt_core_tsv_r16_repair001,False,0.2208313625305891,0,7,,affine_calibrated,26
70.71858048439026,1,logt_core_tsv_r16_repair001,True,0.2208313625305891,0,7,,true_node_oracle,26
55.58720827102661,1,logt_core_tsv_r16_repair001,False,0.2208313625305891,1,7,69.61063627730294,centroid_router,26
50.58068633079529,6,logt_core_tsv_r16_repair001,False,0.19939276203513145,0,6,,raw,27
54.52322959899902,6,logt_core_tsv_r16_repair001,False,0.19939276203513145,0,6,,cosine,27
49.81662631034851,6,logt_core_tsv_r16_repair001,False,0.19939276203513145,0,6,,affine_calibrated,27
70.23227214813232,1,logt_core_tsv_r16_repair001,True,0.19939276203513145,0,6,,true_node_oracle,27
55.44009804725647,1,logt_core_tsv_r16_repair001,False,0.19939276203513145,1,6,69.04034229828851,centroid_router,27
50.38530230522156,7,logt_core_tsv_r16_repair001,False,0.2222544513642788,0,7,,raw,28
54.119741916656494,7,logt_core_tsv_r16_repair001,False,0.2222544513642788,0,7,,cosine,28
49.79253113269806,7,logt_core_tsv_r16_repair001,False,0.2222544513642788,0,7,,affine_calibrated,28
71.04327082633972,1,logt_core_tsv_r16_repair001,True,0.2222544513642788,0,7,,true_node_oracle,28
55.63129782676697,1,logt_core_tsv_r16_repair001,False,0.2222544513642788,1,7,68.61292234736219,centroid_router,28
49.62729215621948,7,logt_core_tsv_r16_repair001,False,0.2366600539535284,0,7,,raw,29
53.669726848602295,7,logt_core_tsv_r16_repair001,False,0.2366600539535284,0,7,,cosine,29
49.11123812198639,7,logt_core_tsv_r16_repair001,False,0.2366600539535284,0,7,,affine_calibrated,29
71.3302731513977,1,logt_core_tsv_r16_repair001,True,0.2366600539535284,0,7,,true_node_oracle,29
54.90252375602722,1,logt_core_tsv_r16_repair001,False,0.2366600539535284,1,7,67.14449541284404,centroid_router,29
49.16261434555054,8,logt_core_tsv_r16_repair001,False,0.25338648818433285,0,8,,raw,30
53.052401542663574,8,logt_core_tsv_r16_repair001,False,0.25338648818433285,0,8,,cosine,30
48.35224151611328,8,logt_core_tsv_r16_repair001,False,0.25338648818433285,0,8,,affine_calibrated,30
72.60940074920654,1,logt_core_tsv_r16_repair001,True,0.25338648818433285,0,8,,true_node_oracle,30
54.64613437652588,1,logt_core_tsv_r16_repair001,False,0.25338648818433285,1,8,65.99135602377093,centroid_router,30
49.606919288635254,5,logt_core_tsv_r16_repair001,False,0.1917433999478817,0,5,,raw,31
53.170859813690186,5,logt_core_tsv_r16_repair001,False,0.1917433999478817,0,5,,cosine,31
46.72431945800781,5,logt_core_tsv_r16_repair001,False,0.1917433999478817,0,5,,affine_calibrated,31
65.59224128723145,1,logt_core_tsv_r16_repair001,True,0.1917433999478817,0,5,,true_node_oracle,31
54.08805012702942,1,logt_core_tsv_r16_repair001,False,0.1917433999478817,1,5,74.34486373165619,centroid_router,31
49.04312193393707,6,logt_core_tsv_r16_repair001,False,0.20658037811517715,0,6,,raw,32
52.74304747581482,6,logt_core_tsv_r16_repair001,False,0.20658037811517715,0,6,,cosine,32
45.62388360500336,6,logt_core_tsv_r16_repair001,False,0.20658037811517715,0,6,,affine_calibrated,32
66.29242300987244,1,logt_core_tsv_r16_repair001,True,0.20658037811517715,0,6,,true_node_oracle,32
53.91681790351868,1,logt_core_tsv_r16_repair001,False,0.20658037811517715,1,6,73.30951773411584,centroid_router,32
49.37965273857117,6,logt_core_tsv_r16_repair001,False,0.21135978028178215,0,6,,raw,33
52.952855825424194,6,logt_core_tsv_r16_repair001,False,0.21135978028178215,0,6,,cosine,33
45.16128897666931,6,logt_core_tsv_r16_repair001,False,0.21135978028178215,0,6,,affine_calibrated,33
66.82382225990295,1,logt_core_tsv_r16_repair001,True,0.21135978028178215,0,6,,true_node_oracle,33
54.34243083000183,1,logt_core_tsv_r16_repair001,False,0.21135978028178215,1,6,73.17617866004963,centroid_router,33
49.46341514587402,7,logt_core_tsv_r16_repair001,False,0.24103809148073196,0,7,,raw,34
52.85365581512451,7,logt_core_tsv_r16_repair001,False,0.24103809148073196,0,7,,cosine,34
43.195122480392456,7,logt_core_tsv_r16_repair001,False,0.24103809148073196,0,7,,affine_calibrated,34
67.29268431663513,1,logt_core_tsv_r16_repair001,True,0.24103809148073196,0,7,,true_node_oracle,34
54.5121967792511,1,logt_core_tsv_r16_repair001,False,0.24103809148073196,1,7,72.92682926829268,centroid_router,34
49.13935363292694,6,logt_core_tsv_r16_repair001,False,0.21861117519438267,0,6,,raw,35
52.511197328567505,6,logt_core_tsv_r16_repair001,False,0.21861117519438267,0,6,,cosine,35
44.989389181137085,6,logt_core_tsv_r16_repair001,False,0.21861117519438267,0,6,,affine_calibrated,35
66.77670478820801,1,logt_core_tsv_r16_repair001,True,0.21861117519438267,0,6,,true_node_oracle,35
53.8080632686615,1,logt_core_tsv_r16_repair001,False,0.21861117519438267,1,6,72.15279415232257,centroid_router,35
49.2832750082016,7,logt_core_tsv_r16_repair001,False,0.23883429542183876,0,7,,raw,36
52.83276438713074,7,logt_core_tsv_r16_repair001,False,0.23883429542183876,0,7,,cosine,36
45.164960622787476,7,logt_core_tsv_r16_repair001,False,0.23883429542183876,0,7,,affine_calibrated,36
67.80432462692261,1,logt_core_tsv_r16_repair001,True,0.23883429542183876,0,7,,true_node_oracle,36
54.334473609924316,1,logt_core_tsv_r16_repair001,False,0.23883429542183876,1,7,71.8316268486917,centroid_router,36
48.41827750205994,7,logt_core_tsv_r16_repair001,False,0.2627584859728813,0,7,,raw,37
51.93321704864502,7,logt_core_tsv_r16_repair001,False,0.2627584859728813,0,7,,cosine,37
44.2882239818573,7,logt_core_tsv_r16_repair001,False,0.2627584859728813,0,7,,affine_calibrated,37
68.29965114593506,1,logt_core_tsv_r16_repair001,True,0.2627584859728813,0,7,,true_node_oracle,37
53.77855896949768,1,logt_core_tsv_r16_repair001,False,0.2627584859728813,1,7,69.90333919156414,centroid_router,37
48.328009247779846,8,logt_core_tsv_r16_repair001,False,0.27606319449841976,0,8,,raw,38
51.991480588912964,8,logt_core_tsv_r16_repair001,False,0.27606319449841976,0,8,,cosine,38
44.089457392692566,8,logt_core_tsv_r16_repair001,False,0.27606319449841976,0,8,,affine_calibrated,38
69.24387812614441,1,logt_core_tsv_r16_repair001,True,0.27606319449841976,0,8,,true_node_oracle,38
53.84451746940613,1,logt_core_tsv_r16_repair001,False,0.27606319449841976,1,8,69.22257720979766,centroid_router,38
48.513203859329224,6,logt_core_tsv_r16_repair001,False,0.2387668676674366,0,6,,raw,39
51.92347764968872,6,logt_core_tsv_r16_repair001,False,0.2387668676674366,0,6,,cosine,39
45.3524649143219,6,logt_core_tsv_r16_repair001,False,0.2387668676674366,0,6,,affine_calibrated,39
66.8330192565918,1,logt_core_tsv_r16_repair001,True,0.2387668676674366,0,6,,true_node_oracle,39
53.56622934341431,1,logt_core_tsv_r16_repair001,False,0.2387668676674366,1,6,69.47390309835724,centroid_router,39
48.29189479351044,7,logt_core_tsv_r16_repair001,False,0.25886297784745693,0,7,,raw,40
51.78896188735962,7,logt_core_tsv_r16_repair001,False,0.25886297784745693,0,7,,cosine,40
45.138466358184814,7,logt_core_tsv_r16_repair001,False,0.25886297784745693,0,7,,affine_calibrated,40
67.6167368888855,1,logt_core_tsv_r16_repair001,True,0.25886297784745693,0,7,,true_node_oracle,40
53.52739095687866,1,logt_core_tsv_r16_repair001,False,0.25886297784745693,1,7,68.62745098039215,centroid_router,40
48.11790585517883,7,logt_core_tsv_r16_repair001,False,0.25920163094997406,0,7,,raw,41
51.66301727294922,7,logt_core_tsv_r16_repair001,False,0.25920163094997406,0,7,,cosine,41
44.712209701538086,7,logt_core_tsv_r16_repair001,False,0.25920163094997406,0,7,,affine_calibrated,41
67.73551106452942,1,logt_core_tsv_r16_repair001,True,0.25920163094997406,0,7,,true_node_oracle,41
53.276240825653076,1,logt_core_tsv_r16_repair001,False,0.25920163094997406,1,7,68.01433977295359,centroid_router,41
47.52763211727142,8,logt_core_tsv_r16_repair001,False,0.2909190282225609,0,8,,raw,42
50.84351301193237,8,logt_core_tsv_r16_repair001,False,0.2909190282225609,0,8,,cosine,42
43.610626459121704,8,logt_core_tsv_r16_repair001,False,0.2909190282225609,0,8,,affine_calibrated,42
68.25673580169678,1,logt_core_tsv_r16_repair001,True,0.2909190282225609,0,8,,true_node_oracle,42
52.62749791145325,1,logt_core_tsv_r16_repair001,False,0.2909190282225609,1,8,66.76362226100446,centroid_router,42
47.80125617980957,7,logt_core_tsv_r16_repair001,False,0.26362821087241173,0,7,,raw,43
50.9613573551178,7,logt_core_tsv_r16_repair001,False,0.26362821087241173,0,7,,cosine,43
44.983819127082825,7,logt_core_tsv_r16_repair001,False,0.26362821087241173,0,7,,affine_calibrated,43
67.56139397621155,1,logt_core_tsv_r16_repair001,True,0.26362821087241173,0,7,,true_node_oracle,43
52.54140496253967,1,logt_core_tsv_r16_repair001,False,0.26362821087241173,1,7,66.41918903483723,centroid_router,43
47.67179787158966,8,logt_core_tsv_r16_repair001,False,0.3257112465798855,0,8,,raw,44
50.97634196281433,8,logt_core_tsv_r16_repair001,False,0.3257112465798855,0,8,,cosine,44
45.00563144683838,8,logt_core_tsv_r16_repair001,False,0.3257112465798855,0,8,,affine_calibrated,44
67.81824827194214,1,logt_core_tsv_r16_repair001,True,0.3257112465798855,0,8,,true_node_oracle,44
52.47840881347656,1,logt_core_tsv_r16_repair001,False,0.3257112465798855,1,8,66.16597822005257,centroid_router,44
47.8549063205719,8,logt_core_tsv_r16_repair001,False,0.319867804646492,0,8,,raw,45
51.24286413192749,8,logt_core_tsv_r16_repair001,False,0.319867804646492,0,8,,cosine,45
44.26440894603729,8,logt_core_tsv_r16_repair001,False,0.319867804646492,0,8,,affine_calibrated,45
68.2563066482544,1,logt_core_tsv_r16_repair001,True,0.319867804646492,0,8,,true_node_oracle,45
52.82636880874634,1,logt_core_tsv_r16_repair001,False,0.319867804646492,1,8,66.12041981218928,centroid_router,45
47.44512438774109,9,logt_core_tsv_r16_repair001,False,0.4067184664309025,0,9,,raw,46
50.7556676864624,9,logt_core_tsv_r16_repair001,False,0.4067184664309025,0,9,,cosine,46
43.12702417373657,9,logt_core_tsv_r16_repair001,False,0.4067184664309025,0,9,,affine_calibrated,46
68.72975826263428,1,logt_core_tsv_r16_repair001,True,0.4067184664309025,0,9,,true_node_oracle,46
52.39294767379761,1,logt_core_tsv_r16_repair001,False,0.4067184664309025,1,9,65.02338970852824,centroid_router,46
47.15217649936676,6,logt_core_tsv_r16_repair001,False,0.2598488312214613,0,6,,raw,47
50.5730926990509,6,logt_core_tsv_r16_repair001,False,0.2598488312214613,0,6,,cosine,47
44.436606764793396,6,logt_core_tsv_r16_repair001,False,0.2598488312214613,0,6,,affine_calibrated,47
64.78575468063354,1,logt_core_tsv_r16_repair001,True,0.2598488312214613,0,6,,true_node_oracle,47
51.913243532180786,1,logt_core_tsv_r16_repair001,False,0.2598488312214613,1,6,67.64239111267854,centroid_router,47
46.87176048755646,7,logt_core_tsv_r16_repair001,False,0.2619806043803692,0,7,,raw,48
49.96543526649475,7,logt_core_tsv_r16_repair001,False,0.2619806043803692,0,7,,cosine,48
43.88178288936615,7,logt_core_tsv_r16_repair001,False,0.2619806043803692,0,7,,affine_calibrated,48
65.38195610046387,1,logt_core_tsv_r16_repair001,True,0.2619806043803692,0,7,,true_node_oracle,48
51.745593547821045,1,logt_core_tsv_r16_repair001,False,0.2619806043803692,1,7,67.09298306256481,centroid_router,48
47.02886343002319,7,logt_core_tsv_r16_repair001,False,0.2794269286096096,0,7,,raw,49
50.0,7,logt_core_tsv_r16_repair001,False,0.2794269286096096,0,7,,cosine,49
44.29541528224945,7,logt_core_tsv_r16_repair001,False,0.2794269286096096,0,7,,affine_calibrated,49
65.60271382331848,1,logt_core_tsv_r16_repair001,True,0.2794269286096096,0,7,,true_node_oracle,49
51.74872875213623,1,logt_core_tsv_r16_repair001,False,0.2794269286096096,1,7,66.7402376910017,centroid_router,49
47.23333418369293,8,logt_core_tsv_r16_repair001,False,0.3309342712163925,0,8,,raw,50
50.13333559036255,8,logt_core_tsv_r16_repair001,False,0.3309342712163925,0,8,,cosine,50
44.449999928474426,8,logt_core_tsv_r16_repair001,False,0.3309342712163925,0,8,,affine_calibrated,50
66.13333225250244,1,logt_core_tsv_r16_repair001,True,0.3309342712163925,0,8,,true_node_oracle,50
52.03333497047424,1,logt_core_tsv_r16_repair001,False,0.3309342712163925,1,8,66.71666666666667,centroid_router,50
95.76271176338196,1,logt_drift_r16_repair001,False,0.07078941352665424,0,1,,raw,1
95.76271176338196,1,logt_drift_r16_repair001,False,0.07078941352665424,0,1,,cosine,1
95.76271176338196,1,logt_drift_r16_repair001,False,0.07078941352665424,0,1,,affine_calibrated,1
95.76271176338196,1,logt_drift_r16_repair001,True,0.07078941352665424,0,1,,true_node_oracle,1
95.76271176338196,1,logt_drift_r16_repair001,False,0.07078941352665424,1,1,100.0,centroid_router,1
77.4193525314331,2,logt_drift_r16_repair001,False,0.08683794178068638,0,2,,raw,2
77.82257795333862,2,logt_drift_r16_repair001,False,0.08683794178068638,0,2,,cosine,2
79.83871102333069,2,logt_drift_r16_repair001,False,0.08683794178068638,0,2,,affine_calibrated,2
93.14516186714172,1,logt_drift_r16_repair001,True,0.08683794178068638,0,2,,true_node_oracle,2
86.29032373428345,1,logt_drift_r16_repair001,False,0.08683794178068638,1,2,91.93548387096774,centroid_router,2
70.0507640838623,2,logt_drift_r16_repair001,False,0.09377442114055157,0,2,,raw,3
71.0659921169281,2,logt_drift_r16_repair001,False,0.09377442114055157,0,2,,cosine,3
74.11167621612549,2,logt_drift_r16_repair001,False,0.09377442114055157,0,2,,affine_calibrated,3
81.47208094596863,1,logt_drift_r16_repair001,True,0.09377442114055157,0,2,,true_node_oracle,3
72.58883118629456,1,logt_drift_r16_repair001,False,0.09377442114055157,1,2,86.80203045685279,centroid_router,3
67.54385828971863,3,logt_drift_r16_repair001,False,0.11295952275395393,0,3,,raw,4
69.82455849647522,3,logt_drift_r16_repair001,False,0.11295952275395393,0,3,,cosine,4
74.73683953285217,3,logt_drift_r16_repair001,False,0.11295952275395393,0,3,,affine_calibrated,4
84.56140160560608,1,logt_drift_r16_repair001,True,0.11295952275395393,0,3,,true_node_oracle,4
74.03509020805359,1,logt_drift_r16_repair001,False,0.11295952275395393,1,3,83.6842105263158,centroid_router,4
64.3266499042511,3,logt_drift_r16_repair001,False,0.11412115395069122,0,3,,raw,5
67.0487105846405,3,logt_drift_r16_repair001,False,0.11412115395069122,0,3,,cosine,5
67.19197630882263,3,logt_drift_r16_repair001,False,0.11412115395069122,0,3,,affine_calibrated,5
82.9512894153595,1,logt_drift_r16_repair001,True,0.11412115395069122,0,3,,true_node_oracle,5
71.48997187614441,1,logt_drift_r16_repair001,False,0.11412115395069122,1,3,82.378223495702,centroid_router,5
64.0586793422699,4,logt_drift_r16_repair001,False,0.12921596132218838,0,4,,raw,6
66.62591695785522,4,logt_drift_r16_repair001,False,0.12921596132218838,0,4,,cosine,6
66.74816608428955,4,logt_drift_r16_repair001,False,0.12921596132218838,0,4,,affine_calibrated,6
84.10757780075073,1,logt_drift_r16_repair001,True,0.12921596132218838,0,4,,true_node_oracle,6
70.04889845848083,1,logt_drift_r16_repair001,False,0.12921596132218838,1,4,79.09535452322739,centroid_router,6
62.48660087585449,3,logt_drift_r16_repair001,False,0.11627260223031044,0,3,,raw,7
65.48767685890198,3,logt_drift_r16_repair001,False,0.11627260223031044,0,3,,cosine,7
56.05573654174805,3,logt_drift_r16_repair001,False,0.11627260223031044,0,3,,affine_calibrated,7
75.77706575393677,1,logt_drift_r16_repair001,True,0.11627260223031044,0,3,,true_node_oracle,7
66.55948758125305,1,logt_drift_r16_repair001,False,0.11627260223031044,1,3,84.2443729903537,centroid_router,7
62.945592403411865,4,logt_drift_r16_repair001,False,0.13667448051273823,0,4,,raw,8
67.07317233085632,4,logt_drift_r16_repair001,False,0.13667448051273823,0,4,,cosine,8
56.94183707237244,4,logt_drift_r16_repair001,False,0.13667448051273823,0,4,,affine_calibrated,8
78.42401266098022,1,logt_drift_r16_repair001,True,0.13667448051273823,0,4,,true_node_oracle,8
66.88555479049683,1,logt_drift_r16_repair001,False,0.13667448051273823,1,4,82.17636022514071,centroid_router,8
62.33333349227905,4,logt_drift_r16_repair001,False,0.13577577285468578,0,4,,raw,9
66.33333563804626,4,logt_drift_r16_repair001,False,0.13577577285468578,0,4,,cosine,9
56.91666603088379,4,logt_drift_r16_repair001,False,0.13577577285468578,0,4,,affine_calibrated,9
77.99999713897705,1,logt_drift_r16_repair001,True,0.13577577285468578,0,4,,true_node_oracle,9
66.16666913032532,1,logt_drift_r16_repair001,False,0.13577577285468578,1,4,80.58333333333333,centroid_router,9
59.491777420043945,5,logt_drift_r16_repair001,False,0.14889082498848438,0,5,,raw,10
63.901346921920776,5,logt_drift_r16_repair001,False,0.14889082498848438,0,5,,cosine,10
56.57697916030884,5,logt_drift_r16_repair001,False,0.14889082498848438,0,5,,affine_calibrated,10
79.59641218185425,1,logt_drift_r16_repair001,True,0.14889082498848438,0,5,,true_node_oracle,10
64.27503824234009,1,logt_drift_r16_repair001,False,0.14889082498848438,1,5,76.23318385650224,centroid_router,10
59.805285930633545,4,logt_drift_r16_repair001,False,0.1357228308916092,0,4,,raw,11
64.04728889465332,4,logt_drift_r16_repair001,False,0.1357228308916092,0,4,,cosine,11
59.109872579574585,4,logt_drift_r16_repair001,False,0.1357228308916092,0,4,,affine_calibrated,11
74.68706369400024,1,logt_drift_r16_repair001,True,0.1357228308916092,0,4,,true_node_oracle,11
64.04728889465332,1,logt_drift_r16_repair001,False,0.1357228308916092,1,4,78.09457579972184,centroid_router,11
57.979410886764526,5,logt_drift_r16_repair001,False,0.1546513680368662,0,5,,raw,12
62.67696022987366,5,logt_drift_r16_repair001,False,0.1546513680368662,0,5,,cosine,12
57.786357402801514,5,logt_drift_r16_repair001,False,0.1546513680368662,0,5,,affine_calibrated,12
75.99742412567139,1,logt_drift_r16_repair001,True,0.1546513680368662,0,5,,true_node_oracle,12
63.44916224479675,1,logt_drift_r16_repair001,False,0.1546513680368662,1,5,75.74002574002574,centroid_router,12
58.47709774971008,5,logt_drift_r16_repair001,False,0.14403224922716618,0,5,,raw,13
63.0577027797699,5,logt_drift_r16_repair001,False,0.14403224922716618,0,5,,cosine,13
59.36942100524902,5,logt_drift_r16_repair001,False,0.14403224922716618,0,5,,affine_calibrated,13
76.9779920578003,1,logt_drift_r16_repair001,True,0.14403224922716618,0,5,,true_node_oracle,13
63.950031995773315,1,logt_drift_r16_repair001,False,0.14403224922716618,1,5,75.2528256989887,centroid_router,13
56.701600551605225,6,logt_drift_r16_repair001,False,0.1749594286084175,0,6,,raw,14
60.72807312011719,6,logt_drift_r16_repair001,False,0.1749594286084175,0,6,,cosine,14
57.253170013427734,6,logt_drift_r16_repair001,False,0.1749594286084175,0,6,,affine_calibrated,14
78.10259461402893,1,logt_drift_r16_repair001,True,0.1749594286084175,0,6,,true_node_oracle,14
63.044679164886475,1,logt_drift_r16_repair001,False,0.1749594286084175,1,6,73.35907335907336,centroid_router,14
56.4541220664978,4,logt_drift_r16_repair001,False,0.15018546767532825,0,4,,raw,15
59.6163809299469,4,logt_drift_r16_repair001,False,0.15018546767532825,0,4,,cosine,15
54.79522943496704,4,logt_drift_r16_repair001,False,0.15018546767532825,0,4,,affine_calibrated,15
71.28045558929443,1,logt_drift_r16_repair001,True,0.15018546767532825,0,4,,true_node_oracle,15
60.34214496612549,1,logt_drift_r16_repair001,False,0.15018546767532825,1,4,78.90098496630378,centroid_router,15
56.304556131362915,5,logt_drift_r16_repair001,False,0.16586878336966038,0,5,,raw,16
59.02037024497986,5,logt_drift_r16_repair001,False,0.16586878336966038,0,5,,cosine,16
52.18234658241272,5,logt_drift_r16_repair001,False,0.16586878336966038,0,5,,affine_calibrated,16
72.40543365478516,1,logt_drift_r16_repair001,True,0.16586878336966038,0,5,,true_node_oracle,16
59.40834283828735,1,logt_drift_r16_repair001,False,0.16586878336966038,1,5,76.09117361784675,centroid_router,16
55.53016662597656,5,logt_drift_r16_repair001,False,0.15431307442486286,0,5,,raw,17
58.68372917175293,5,logt_drift_r16_repair001,False,0.15431307442486286,0,5,,cosine,17
51.5539288520813,5,logt_drift_r16_repair001,False,0.15431307442486286,0,5,,affine_calibrated,17
72.76051044464111,1,logt_drift_r16_repair001,True,0.15431307442486286,0,5,,true_node_oracle,17
58.9122474193573,1,logt_drift_r16_repair001,False,0.15431307442486286,1,5,74.49725776965265,centroid_router,17
55.5361807346344,6,logt_drift_r16_repair001,False,0.17338909208774567,0,6,,raw,18
58.80557894706726,6,logt_drift_r16_repair001,False,0.17338909208774567,0,6,,cosine,18
51.046204566955566,6,logt_drift_r16_repair001,False,0.17338909208774567,0,6,,affine_calibrated,18
73.88840317726135,1,logt_drift_r16_repair001,True,0.17338909208774567,0,6,,true_node_oracle,18
59.24149751663208,1,logt_drift_r16_repair001,False,0.17338909208774567,1,6,73.88840453356582,centroid_router,18
54.556804895401,5,logt_drift_r16_repair001,False,0.14586903154850006,0,5,,raw,19
58.302122354507446,5,logt_drift_r16_repair001,False,0.14586903154850006,0,5,,cosine,19
51.72700881958008,5,logt_drift_r16_repair001,False,0.14586903154850006,0,5,,affine_calibrated,19
71.6604232788086,1,logt_drift_r16_repair001,True,0.14586903154850006,0,5,,true_node_oracle,19
58.71827006340027,1,logt_drift_r16_repair001,False,0.14586903154850006,1,5,73.86600083229297,centroid_router,19
53.833866119384766,6,logt_drift_r16_repair001,False,0.1684892363846302,0,6,,raw,20
57.66773223876953,6,logt_drift_r16_repair001,False,0.1684892363846302,0,6,,cosine,20
51.19808316230774,6,logt_drift_r16_repair001,False,0.1684892363846302,0,6,,affine_calibrated,20
72.5239634513855,1,logt_drift_r16_repair001,True,0.1684892363846302,0,6,,true_node_oracle,20
58.107030391693115,1,logt_drift_r16_repair001,False,0.1684892363846302,1,6,72.20447284345047,centroid_router,20
53.39879393577576,6,logt_drift_r16_repair001,False,0.17553975246846676,0,6,,raw,21
57.515108585357666,6,logt_drift_r16_repair001,False,0.17553975246846676,0,6,,cosine,21
51.69939398765564,6,logt_drift_r16_repair001,False,0.17553975246846676,0,6,,affine_calibrated,21
72.96072244644165,1,logt_drift_r16_repair001,True,0.17553975246846676,0,6,,true_node_oracle,21
58.00604224205017,1,logt_drift_r16_repair001,False,0.17553975246846676,1,6,71.29909365558912,centroid_router,21
53.28757166862488,7,logt_drift_r16_repair001,False,0.1997466441243887,0,7,,raw,22
57.33381509780884,7,logt_drift_r16_repair001,False,0.1997466441243887,0,7,,cosine,22
51.26445293426514,7,logt_drift_r16_repair001,False,0.1997466441243887,0,7,,affine_calibrated,22
74.0606963634491,1,logt_drift_r16_repair001,True,0.1997466441243887,0,7,,true_node_oracle,22
57.767343521118164,1,logt_drift_r16_repair001,False,0.1997466441243887,1,7,70.33959537572254,centroid_router,22
52.85961627960205,5,logt_drift_r16_repair001,False,0.15216035209596157,0,5,,raw,23
56.637781858444214,5,logt_drift_r16_repair001,False,0.15216035209596157,0,5,,cosine,23
51.61178708076477,5,logt_drift_r16_repair001,False,0.15216035209596157,0,5,,affine_calibrated,23
69.87868547439575,1,logt_drift_r16_repair001,True,0.15216035209596157,0,5,,true_node_oracle,23
56.42980933189392,1,logt_drift_r16_repair001,False,0.15216035209596157,1,5,71.99306759098786,centroid_router,23
52.37293839454651,6,logt_drift_r16_repair001,False,0.17344310507178307,0,6,,raw,24
56.1427116394043,6,logt_drift_r16_repair001,False,0.17344310507178307,0,6,,cosine,24
50.18512010574341,6,logt_drift_r16_repair001,False,0.17344310507178307,0,6,,affine_calibrated,24
70.58229446411133,1,logt_drift_r16_repair001,True,0.17344310507178307,0,6,,true_node_oracle,24
56.17637038230896,1,logt_drift_r16_repair001,False,0.17344310507178307,1,6,71.15449343655335,centroid_router,24
51.91040635108948,6,logt_drift_r16_repair001,False,0.18187330290675163,0,6,,raw,25
55.401843786239624,6,logt_drift_r16_repair001,False,0.18187330290675163,0,6,,cosine,25
49.63768124580383,6,logt_drift_r16_repair001,False,0.18187330290675163,0,6,,affine_calibrated,25
69.96047496795654,1,logt_drift_r16_repair001,True,0.18187330290675163,0,6,,true_node_oracle,25
55.79710006713867,1,logt_drift_r16_repair001,False,0.18187330290675163,1,6,70.78392621870883,centroid_router,25
51.851850748062134,7,logt_drift_r16_repair001,False,0.27127496153116226,0,7,,raw,26
55.27065396308899,7,logt_drift_r16_repair001,False,0.27127496153116226,0,7,,cosine,26
49.00285005569458,7,logt_drift_r16_repair001,False,0.27127496153116226,0,7,,affine_calibrated,26
70.81354856491089,1,logt_drift_r16_repair001,True,0.27127496153116226,0,7,,true_node_oracle,26
55.58720827102661,1,logt_drift_r16_repair001,False,0.27127496153116226,1,7,69.61063627730294,centroid_router,26
50.94743371009827,6,logt_drift_r16_repair001,False,0.23873535729944706,0,6,,raw,27
54.43153977394104,6,logt_drift_r16_repair001,False,0.23873535729944706,0,6,,cosine,27
49.908313155174255,6,logt_drift_r16_repair001,False,0.23873535729944706,0,6,,affine_calibrated,27
70.38508653640747,1,logt_drift_r16_repair001,True,0.23873535729944706,0,6,,true_node_oracle,27
55.44009804725647,1,logt_drift_r16_repair001,False,0.23873535729944706,1,6,69.04034229828851,centroid_router,27
50.71132183074951,7,logt_drift_r16_repair001,False,0.1949098277837038,0,7,,raw,28
54.06046509742737,7,logt_drift_r16_repair001,False,0.1949098277837038,0,7,,cosine,28
49.762892723083496,7,logt_drift_r16_repair001,False,0.1949098277837038,0,7,,affine_calibrated,28
71.19146585464478,1,logt_drift_r16_repair001,True,0.1949098277837038,0,7,,true_node_oracle,28
55.63129782676697,1,logt_drift_r16_repair001,False,0.1949098277837038,1,7,68.61292234736219,centroid_router,28
49.942660331726074,7,logt_drift_r16_repair001,False,0.20062769949436188,0,7,,raw,29
53.61238718032837,7,logt_drift_r16_repair001,False,0.20062769949436188,0,7,,cosine,29
49.28325712680817,7,logt_drift_r16_repair001,False,0.20062769949436188,0,7,,affine_calibrated,29
71.47362232208252,1,logt_drift_r16_repair001,True,0.20062769949436188,0,7,,true_node_oracle,29
54.90252375602722,1,logt_drift_r16_repair001,False,0.20062769949436188,1,7,67.14449541284404,centroid_router,29
49.54078793525696,8,logt_drift_r16_repair001,False,0.22232611291110516,0,8,,raw,30
53.07941436767578,8,logt_drift_r16_repair001,False,0.22232611291110516,0,8,,cosine,30
48.595353960990906,8,logt_drift_r16_repair001,False,0.22232611291110516,0,8,,affine_calibrated,30
72.74446487426758,1,logt_drift_r16_repair001,True,0.22232611291110516,0,8,,true_node_oracle,30
54.64613437652588,1,logt_drift_r16_repair001,False,0.22232611291110516,1,8,65.99135602377093,centroid_router,30
49.895179271698,5,logt_drift_r16_repair001,False,0.15628034807741642,0,5,,raw,31
53.19706201553345,5,logt_drift_r16_repair001,False,0.15628034807741642,0,5,,cosine,31
46.907755732536316,5,logt_drift_r16_repair001,False,0.15628034807741642,0,5,,affine_calibrated,31
65.61844944953918,1,logt_drift_r16_repair001,True,0.15628034807741642,0,5,,true_node_oracle,31
54.03563976287842,1,logt_drift_r16_repair001,False,0.15628034807741642,1,5,74.34486373165619,centroid_router,31
49.425873160362244,6,logt_drift_r16_repair001,False,0.19486022368073463,0,6,,raw,32
52.8451144695282,6,logt_drift_r16_repair001,False,0.19486022368073463,0,6,,cosine,32
45.85353434085846,6,logt_drift_r16_repair001,False,0.19486022368073463,0,6,,affine_calibrated,32
66.31793975830078,1,logt_drift_r16_repair001,True,0.19486022368073463,0,6,,true_node_oracle,32
53.86578440666199,1,logt_drift_r16_repair001,False,0.19486022368073463,1,6,73.30951773411584,centroid_router,32
49.776676297187805,6,logt_drift_r16_repair001,False,0.19758344069123268,0,6,,raw,33
53.052109479904175,6,logt_drift_r16_repair001,False,0.19758344069123268,0,6,,cosine,33
45.26054561138153,6,logt_drift_r16_repair001,False,0.19758344069123268,0,6,,affine_calibrated,33
66.84863567352295,1,logt_drift_r16_repair001,True,0.19758344069123268,0,6,,true_node_oracle,33
54.29280400276184,1,logt_drift_r16_repair001,False,0.19758344069123268,1,6,73.17617866004963,centroid_router,33
49.85365867614746,7,logt_drift_r16_repair001,False,0.23013889603316784,0,7,,raw,34
52.95121669769287,7,logt_drift_r16_repair001,False,0.23013889603316784,0,7,,cosine,34
43.414634466171265,7,logt_drift_r16_repair001,False,0.23013889603316784,0,7,,affine_calibrated,34
67.31707453727722,1,logt_drift_r16_repair001,True,0.23013889603316784,0,7,,true_node_oracle,34
54.46341633796692,1,logt_drift_r16_repair001,False,0.23013889603316784,1,7,72.92682926829268,centroid_router,34
49.516624212265015,6,logt_drift_r16_repair001,False,0.28608545288443565,0,6,,raw,35
52.48762369155884,6,logt_drift_r16_repair001,False,0.28608545288443565,0,6,,cosine,35
45.15444338321686,6,logt_drift_r16_repair001,False,0.28608545288443565,0,6,,affine_calibrated,35
66.87102317810059,1,logt_drift_r16_repair001,True,0.28608545288443565,0,6,,true_node_oracle,35
53.784483671188354,1,logt_drift_r16_repair001,False,0.28608545288443565,1,6,72.15279415232257,centroid_router,35
49.6700793504715,7,logt_drift_r16_repair001,False,0.27646034210920334,0,7,,raw,36
52.81001329421997,7,logt_drift_r16_repair001,False,0.27646034210920334,0,7,,cosine,36
45.3469842672348,7,logt_drift_r16_repair001,False,0.27646034210920334,0,7,,affine_calibrated,36
67.89533495903015,1,logt_drift_r16_repair001,True,0.27646034210920334,0,7,,true_node_oracle,36
54.31171655654907,1,logt_drift_r16_repair001,False,0.27646034210920334,1,7,71.8316268486917,centroid_router,36
48.83567690849304,7,logt_drift_r16_repair001,False,0.24453873932361603,0,7,,raw,37
51.8892765045166,7,logt_drift_r16_repair001,False,0.24453873932361603,0,7,,cosine,37
44.52987611293793,7,logt_drift_r16_repair001,False,0.24453873932361603,0,7,,affine_calibrated,37
68.36555600166321,1,logt_drift_r16_repair001,True,0.24453873932361603,0,7,,true_node_oracle,37
53.73462438583374,1,logt_drift_r16_repair001,False,0.24453873932361603,1,7,69.90333919156414,centroid_router,37
48.6687958240509,8,logt_drift_r16_repair001,False,0.25724785402417183,0,8,,raw,38
51.927584409713745,8,logt_drift_r16_repair001,False,0.25724785402417183,0,8,,cosine,38
44.23855245113373,8,logt_drift_r16_repair001,False,0.25724785402417183,0,8,,affine_calibrated,38
69.30777430534363,1,logt_drift_r16_repair001,True,0.25724785402417183,0,8,,true_node_oracle,38
53.801918029785156,1,logt_drift_r16_repair001,False,0.25724785402417183,1,8,69.22257720979766,centroid_router,38
48.700353503227234,6,logt_drift_r16_repair001,False,0.2401210032403469,0,6,,raw,39
52.027446031570435,6,logt_drift_r16_repair001,False,0.2401210032403469,0,6,,cosine,39
45.5812007188797,6,logt_drift_r16_repair001,False,0.2401210032403469,0,6,,affine_calibrated,39
66.95778965950012,1,logt_drift_r16_repair001,True,0.2401210032403469,0,6,,true_node_oracle,39
53.50384712219238,1,logt_drift_r16_repair001,False,0.2401210032403469,1,6,69.47390309835724,centroid_router,39
48.51424992084503,7,logt_drift_r16_repair001,False,0.27778332866728306,0,7,,raw,40
51.91025137901306,7,logt_drift_r16_repair001,False,0.27778332866728306,0,7,,cosine,40
45.25975286960602,7,logt_drift_r16_repair001,False,0.27778332866728306,0,7,,affine_calibrated,40
67.73802042007446,1,logt_drift_r16_repair001,True,0.27778332866728306,0,7,,true_node_oracle,40
53.46674919128418,1,logt_drift_r16_repair001,False,0.27778332866728306,1,7,68.62745098039215,centroid_router,40
48.237404227256775,7,logt_drift_r16_repair001,False,0.24963413923978806,0,7,,raw,41
51.762598752975464,7,logt_drift_r16_repair001,False,0.24963413923978806,0,7,,cosine,41
44.95120346546173,7,logt_drift_r16_repair001,False,0.24963413923978806,0,7,,affine_calibrated,41
67.85500645637512,1,logt_drift_r16_repair001,True,0.24963413923978806,0,7,,true_node_oracle,41
53.19657325744629,1,logt_drift_r16_repair001,False,0.24963413923978806,1,7,68.01433977295359,centroid_router,41
47.66336977481842,8,logt_drift_r16_repair001,False,0.375061372295022,0,8,,raw,42
50.901687145233154,8,logt_drift_r16_repair001,False,0.375061372295022,0,8,,cosine,42
43.610626459121704,8,logt_drift_r16_repair001,False,0.375061372295022,0,8,,affine_calibrated,42
68.37308406829834,1,logt_drift_r16_repair001,True,0.375061372295022,0,8,,true_node_oracle,42
52.54993438720703,1,logt_drift_r16_repair001,False,0.375061372295022,1,8,66.76362226100446,centroid_router,42
47.93451428413391,7,logt_drift_r16_repair001,False,0.2675781976431608,0,7,,raw,43
51.03750228881836,7,logt_drift_r16_repair001,False,0.2675781976431608,0,7,,cosine,43
44.983819127082825,7,logt_drift_r16_repair001,False,0.2675781976431608,0,7,,affine_calibrated,43
67.65657663345337,1,logt_drift_r16_repair001,True,0.2675781976431608,0,7,,true_node_oracle,43
52.44622230529785,1,logt_drift_r16_repair001,False,0.2675781976431608,1,7,66.41918903483723,centroid_router,43
47.822004556655884,8,logt_drift_r16_repair001,False,0.29100864194333553,0,8,,raw,44
51.07021927833557,8,logt_drift_r16_repair001,False,0.29100864194333553,0,8,,cosine,44
44.93052959442139,8,logt_drift_r16_repair001,False,0.29100864194333553,0,8,,affine_calibrated,44
67.91213154792786,1,logt_drift_r16_repair001,True,0.29100864194333553,0,8,,true_node_oracle,44
52.38453149795532,1,logt_drift_r16_repair001,False,0.29100864194333553,1,8,66.16597822005257,centroid_router,44
47.983795404434204,8,logt_drift_r16_repair001,False,0.29728570766747,0,8,,raw,45
51.31651759147644,8,logt_drift_r16_repair001,False,0.29728570766747,0,8,,cosine,45
44.411709904670715,8,logt_drift_r16_repair001,False,0.29728570766747,0,8,,affine_calibrated,45
68.34837198257446,1,logt_drift_r16_repair001,True,0.29728570766747,0,8,,true_node_oracle,45
52.73430347442627,1,logt_drift_r16_repair001,False,0.29728570766747,1,8,66.12041981218928,centroid_router,45
47.57106900215149,9,logt_drift_r16_repair001,False,0.3195886258035898,0,9,,raw,46
50.82763433456421,9,logt_drift_r16_repair001,False,0.3195886258035898,0,9,,cosine,46
43.34293007850647,9,logt_drift_r16_repair001,False,0.3195886258035898,0,9,,affine_calibrated,46
68.81971955299377,1,logt_drift_r16_repair001,True,0.3195886258035898,0,9,,true_node_oracle,46
52.30298638343811,1,logt_drift_r16_repair001,False,0.3195886258035898,1,9,65.02338970852824,centroid_router,46
47.22271263599396,6,logt_drift_r16_repair001,False,0.2513843383640051,0,6,,raw,47
50.66125988960266,6,logt_drift_r16_repair001,False,0.2513843383640051,0,6,,cosine,47
44.63057518005371,6,logt_drift_r16_repair001,False,0.2513843383640051,0,6,,affine_calibrated,47
64.75048661231995,1,logt_drift_r16_repair001,True,0.2513843383640051,0,6,,true_node_oracle,47
51.86034440994263,1,logt_drift_r16_repair001,False,0.2513843383640051,1,6,67.64239111267854,centroid_router,47
46.97545766830444,7,logt_drift_r16_repair001,False,0.26778912730515003,0,7,,raw,48
50.05185008049011,7,logt_drift_r16_repair001,False,0.26778912730515003,0,7,,cosine,48
43.985483050346375,7,logt_drift_r16_repair001,False,0.26778912730515003,0,7,,affine_calibrated,48
65.34739136695862,1,logt_drift_r16_repair001,True,0.26778912730515003,0,7,,true_node_oracle,48
51.69374346733093,1,logt_drift_r16_repair001,False,0.26778912730515003,1,7,67.09298306256481,centroid_router,48
47.079795598983765,7,logt_drift_r16_repair001,False,0.28934589214622974,0,7,,raw,49
50.10187029838562,7,logt_drift_r16_repair001,False,0.28934589214622974,0,7,,cosine,49
44.53310668468475,7,logt_drift_r16_repair001,False,0.28934589214622974,0,7,,affine_calibrated,49
65.56876301765442,1,logt_drift_r16_repair001,True,0.28934589214622974,0,7,,true_node_oracle,49
51.69779062271118,1,logt_drift_r16_repair001,False,0.28934589214622974,1,7,66.7402376910017,centroid_router,49
47.216665744781494,8,logt_drift_r16_repair001,False,0.3183343131095171,0,8,,raw,50
50.24999976158142,8,logt_drift_r16_repair001,False,0.3183343131095171,0,8,,cosine,50
44.41666603088379,8,logt_drift_r16_repair001,False,0.3183343131095171,0,8,,affine_calibrated,50
66.10000133514404,1,logt_drift_r16_repair001,True,0.3183343131095171,0,8,,true_node_oracle,50
51.96666717529297,1,logt_drift_r16_repair001,False,0.3183343131095171,1,8,66.71666666666667,centroid_router,50
