condition,policy_hash,split,router,stage,task_index,task,score
vamp_svd_r8_repair000,1e51d2973353ad68f99979f822cde7713401e16b4f79106bc90c540e0e18c8c7,test,answer_oracle,1,1,C-STANCE,62.0
vamp_svd_r8_repair000,1e51d2973353ad68f99979f822cde7713401e16b4f79106bc90c540e0e18c8c7,test,frozen_prompt_centroid,1,1,C-STANCE,51.0
vamp_svd_r8_repair000,1e51d2973353ad68f99979f822cde7713401e16b4f79106bc90c540e0e18c8c7,test,prompt_nll,1,1,C-STANCE,0.0
vamp_svd_r8_repair000,1e51d2973353ad68f99979f822cde7713401e16b4f79106bc90c540e0e18c8c7,test,task_aware,1,1,C-STANCE,53.0
vamp_svd_r8_repair000,1e51d2973353ad68f99979f822cde7713401e16b4f79106bc90c540e0e18c8c7,validation,answer_oracle,1,1,C-STANCE,44.0
vamp_svd_r8_repair000,1e51d2973353ad68f99979f822cde7713401e16b4f79106bc90c540e0e18c8c7,validation,frozen_prompt_centroid,1,1,C-STANCE,36.0
vamp_svd_r8_repair000,1e51d2973353ad68f99979f822cde7713401e16b4f79106bc90c540e0e18c8c7,validation,prompt_nll,1,1,C-STANCE,1.0
vamp_svd_r8_repair000,1e51d2973353ad68f99979f822cde7713401e16b4f79106bc90c540e0e18c8c7,validation,task_aware,1,1,C-STANCE,40.0
vamp_svd_r8_repair000,1e51d2973353ad68f99979f822cde7713401e16b4f79106bc90c540e0e18c8c7,test,answer_oracle,2,1,C-STANCE,69.0
vamp_svd_r8_repair000,1e51d2973353ad68f99979f822cde7713401e16b4f79106bc90c540e0e18c8c7,test,frozen_prompt_centroid,2,1,C-STANCE,56.0
vamp_svd_r8_repair000,1e51d2973353ad68f99979f822cde7713401e16b4f79106bc90c540e0e18c8c7,test,prompt_nll,2,1,C-STANCE,5.0
vamp_svd_r8_repair000,1e51d2973353ad68f99979f822cde7713401e16b4f79106bc90c540e0e18c8c7,test,task_aware,2,1,C-STANCE,56.0
vamp_svd_r8_repair000,1e51d2973353ad68f99979f822cde7713401e16b4f79106bc90c540e0e18c8c7,validation,answer_oracle,2,1,C-STANCE,51.0
vamp_svd_r8_repair000,1e51d2973353ad68f99979f822cde7713401e16b4f79106bc90c540e0e18c8c7,validation,frozen_prompt_centroid,2,1,C-STANCE,40.0
vamp_svd_r8_repair000,1e51d2973353ad68f99979f822cde7713401e16b4f79106bc90c540e0e18c8c7,validation,prompt_nll,2,1,C-STANCE,3.0
vamp_svd_r8_repair000,1e51d2973353ad68f99979f822cde7713401e16b4f79106bc90c540e0e18c8c7,validation,task_aware,2,1,C-STANCE,40.0
vamp_svd_r8_repair000,1e51d2973353ad68f99979f822cde7713401e16b4f79106bc90c540e0e18c8c7,test,answer_oracle,2,2,FOMC,39.0
vamp_svd_r8_repair000,1e51d2973353ad68f99979f822cde7713401e16b4f79106bc90c540e0e18c8c7,test,frozen_prompt_centroid,2,2,FOMC,4.0
vamp_svd_r8_repair000,1e51d2973353ad68f99979f822cde7713401e16b4f79106bc90c540e0e18c8c7,test,prompt_nll,2,2,FOMC,0.0
vamp_svd_r8_repair000,1e51d2973353ad68f99979f822cde7713401e16b4f79106bc90c540e0e18c8c7,test,task_aware,2,2,FOMC,19.0
vamp_svd_r8_repair000,1e51d2973353ad68f99979f822cde7713401e16b4f79106bc90c540e0e18c8c7,validation,answer_oracle,2,2,FOMC,45.0
vamp_svd_r8_repair000,1e51d2973353ad68f99979f822cde7713401e16b4f79106bc90c540e0e18c8c7,validation,frozen_prompt_centroid,2,2,FOMC,3.0
vamp_svd_r8_repair000,1e51d2973353ad68f99979f822cde7713401e16b4f79106bc90c540e0e18c8c7,validation,prompt_nll,2,2,FOMC,1.0
vamp_svd_r8_repair000,1e51d2973353ad68f99979f822cde7713401e16b4f79106bc90c540e0e18c8c7,validation,task_aware,2,2,FOMC,30.0
vamp_svd_r8_repair000,1e51d2973353ad68f99979f822cde7713401e16b4f79106bc90c540e0e18c8c7,test,answer_oracle,3,1,C-STANCE,50.0
vamp_svd_r8_repair000,1e51d2973353ad68f99979f822cde7713401e16b4f79106bc90c540e0e18c8c7,test,frozen_prompt_centroid,3,1,C-STANCE,49.0
vamp_svd_r8_repair000,1e51d2973353ad68f99979f822cde7713401e16b4f79106bc90c540e0e18c8c7,test,prompt_nll,3,1,C-STANCE,6.0
vamp_svd_r8_repair000,1e51d2973353ad68f99979f822cde7713401e16b4f79106bc90c540e0e18c8c7,test,task_aware,3,1,C-STANCE,49.0
vamp_svd_r8_repair000,1e51d2973353ad68f99979f822cde7713401e16b4f79106bc90c540e0e18c8c7,validation,answer_oracle,3,1,C-STANCE,39.0
vamp_svd_r8_repair000,1e51d2973353ad68f99979f822cde7713401e16b4f79106bc90c540e0e18c8c7,validation,frozen_prompt_centroid,3,1,C-STANCE,38.0
vamp_svd_r8_repair000,1e51d2973353ad68f99979f822cde7713401e16b4f79106bc90c540e0e18c8c7,validation,prompt_nll,3,1,C-STANCE,3.0
vamp_svd_r8_repair000,1e51d2973353ad68f99979f822cde7713401e16b4f79106bc90c540e0e18c8c7,validation,task_aware,3,1,C-STANCE,38.0
vamp_svd_r8_repair000,1e51d2973353ad68f99979f822cde7713401e16b4f79106bc90c540e0e18c8c7,test,answer_oracle,3,2,FOMC,41.0
vamp_svd_r8_repair000,1e51d2973353ad68f99979f822cde7713401e16b4f79106bc90c540e0e18c8c7,test,frozen_prompt_centroid,3,2,FOMC,25.0
vamp_svd_r8_repair000,1e51d2973353ad68f99979f822cde7713401e16b4f79106bc90c540e0e18c8c7,test,prompt_nll,3,2,FOMC,0.0
vamp_svd_r8_repair000,1e51d2973353ad68f99979f822cde7713401e16b4f79106bc90c540e0e18c8c7,test,task_aware,3,2,FOMC,22.0
vamp_svd_r8_repair000,1e51d2973353ad68f99979f822cde7713401e16b4f79106bc90c540e0e18c8c7,validation,answer_oracle,3,2,FOMC,47.0
vamp_svd_r8_repair000,1e51d2973353ad68f99979f822cde7713401e16b4f79106bc90c540e0e18c8c7,validation,frozen_prompt_centroid,3,2,FOMC,27.0
vamp_svd_r8_repair000,1e51d2973353ad68f99979f822cde7713401e16b4f79106bc90c540e0e18c8c7,validation,prompt_nll,3,2,FOMC,1.0
vamp_svd_r8_repair000,1e51d2973353ad68f99979f822cde7713401e16b4f79106bc90c540e0e18c8c7,validation,task_aware,3,2,FOMC,29.0
vamp_svd_r8_repair000,1e51d2973353ad68f99979f822cde7713401e16b4f79106bc90c540e0e18c8c7,test,answer_oracle,3,3,MeetingBank,37.32159559582737
vamp_svd_r8_repair000,1e51d2973353ad68f99979f822cde7713401e16b4f79106bc90c540e0e18c8c7,test,frozen_prompt_centroid,3,3,MeetingBank,32.86125646750326
vamp_svd_r8_repair000,1e51d2973353ad68f99979f822cde7713401e16b4f79106bc90c540e0e18c8c7,test,prompt_nll,3,3,MeetingBank,21.57140961742128
vamp_svd_r8_repair000,1e51d2973353ad68f99979f822cde7713401e16b4f79106bc90c540e0e18c8c7,test,task_aware,3,3,MeetingBank,32.057807482876775
vamp_svd_r8_repair000,1e51d2973353ad68f99979f822cde7713401e16b4f79106bc90c540e0e18c8c7,validation,answer_oracle,3,3,MeetingBank,35.31973276588566
vamp_svd_r8_repair000,1e51d2973353ad68f99979f822cde7713401e16b4f79106bc90c540e0e18c8c7,validation,frozen_prompt_centroid,3,3,MeetingBank,30.179581428423738
vamp_svd_r8_repair000,1e51d2973353ad68f99979f822cde7713401e16b4f79106bc90c540e0e18c8c7,validation,prompt_nll,3,3,MeetingBank,19.946934411688552
vamp_svd_r8_repair000,1e51d2973353ad68f99979f822cde7713401e16b4f79106bc90c540e0e18c8c7,validation,task_aware,3,3,MeetingBank,30.803611399427073
vamp_svd_r8_repair000,1e51d2973353ad68f99979f822cde7713401e16b4f79106bc90c540e0e18c8c7,test,answer_oracle,4,1,C-STANCE,50.0
vamp_svd_r8_repair000,1e51d2973353ad68f99979f822cde7713401e16b4f79106bc90c540e0e18c8c7,test,frozen_prompt_centroid,4,1,C-STANCE,49.0
vamp_svd_r8_repair000,1e51d2973353ad68f99979f822cde7713401e16b4f79106bc90c540e0e18c8c7,test,prompt_nll,4,1,C-STANCE,4.0
vamp_svd_r8_repair000,1e51d2973353ad68f99979f822cde7713401e16b4f79106bc90c540e0e18c8c7,test,task_aware,4,1,C-STANCE,49.0
vamp_svd_r8_repair000,1e51d2973353ad68f99979f822cde7713401e16b4f79106bc90c540e0e18c8c7,validation,answer_oracle,4,1,C-STANCE,39.0
vamp_svd_r8_repair000,1e51d2973353ad68f99979f822cde7713401e16b4f79106bc90c540e0e18c8c7,validation,frozen_prompt_centroid,4,1,C-STANCE,38.0
vamp_svd_r8_repair000,1e51d2973353ad68f99979f822cde7713401e16b4f79106bc90c540e0e18c8c7,validation,prompt_nll,4,1,C-STANCE,2.0
vamp_svd_r8_repair000,1e51d2973353ad68f99979f822cde7713401e16b4f79106bc90c540e0e18c8c7,validation,task_aware,4,1,C-STANCE,38.0
vamp_svd_r8_repair000,1e51d2973353ad68f99979f822cde7713401e16b4f79106bc90c540e0e18c8c7,test,answer_oracle,4,2,FOMC,41.0
vamp_svd_r8_repair000,1e51d2973353ad68f99979f822cde7713401e16b4f79106bc90c540e0e18c8c7,test,frozen_prompt_centroid,4,2,FOMC,25.0
vamp_svd_r8_repair000,1e51d2973353ad68f99979f822cde7713401e16b4f79106bc90c540e0e18c8c7,test,prompt_nll,4,2,FOMC,0.0
vamp_svd_r8_repair000,1e51d2973353ad68f99979f822cde7713401e16b4f79106bc90c540e0e18c8c7,test,task_aware,4,2,FOMC,25.0
vamp_svd_r8_repair000,1e51d2973353ad68f99979f822cde7713401e16b4f79106bc90c540e0e18c8c7,validation,answer_oracle,4,2,FOMC,46.0
vamp_svd_r8_repair000,1e51d2973353ad68f99979f822cde7713401e16b4f79106bc90c540e0e18c8c7,validation,frozen_prompt_centroid,4,2,FOMC,27.0
vamp_svd_r8_repair000,1e51d2973353ad68f99979f822cde7713401e16b4f79106bc90c540e0e18c8c7,validation,prompt_nll,4,2,FOMC,0.0
vamp_svd_r8_repair000,1e51d2973353ad68f99979f822cde7713401e16b4f79106bc90c540e0e18c8c7,validation,task_aware,4,2,FOMC,27.0
vamp_svd_r8_repair000,1e51d2973353ad68f99979f822cde7713401e16b4f79106bc90c540e0e18c8c7,test,answer_oracle,4,3,MeetingBank,35.5456649220279
vamp_svd_r8_repair000,1e51d2973353ad68f99979f822cde7713401e16b4f79106bc90c540e0e18c8c7,test,frozen_prompt_centroid,4,3,MeetingBank,30.230190640436533
vamp_svd_r8_repair000,1e51d2973353ad68f99979f822cde7713401e16b4f79106bc90c540e0e18c8c7,test,prompt_nll,4,3,MeetingBank,20.477606590615743
vamp_svd_r8_repair000,1e51d2973353ad68f99979f822cde7713401e16b4f79106bc90c540e0e18c8c7,test,task_aware,4,3,MeetingBank,32.04477038320664
vamp_svd_r8_repair000,1e51d2973353ad68f99979f822cde7713401e16b4f79106bc90c540e0e18c8c7,validation,answer_oracle,4,3,MeetingBank,32.196747879158515
vamp_svd_r8_repair000,1e51d2973353ad68f99979f822cde7713401e16b4f79106bc90c540e0e18c8c7,validation,frozen_prompt_centroid,4,3,MeetingBank,28.131432051103076
vamp_svd_r8_repair000,1e51d2973353ad68f99979f822cde7713401e16b4f79106bc90c540e0e18c8c7,validation,prompt_nll,4,3,MeetingBank,20.0850286953218
vamp_svd_r8_repair000,1e51d2973353ad68f99979f822cde7713401e16b4f79106bc90c540e0e18c8c7,validation,task_aware,4,3,MeetingBank,28.41522484392642
vamp_svd_r8_repair000,1e51d2973353ad68f99979f822cde7713401e16b4f79106bc90c540e0e18c8c7,test,answer_oracle,4,4,Py150,62.92
vamp_svd_r8_repair000,1e51d2973353ad68f99979f822cde7713401e16b4f79106bc90c540e0e18c8c7,test,frozen_prompt_centroid,4,4,Py150,54.17
vamp_svd_r8_repair000,1e51d2973353ad68f99979f822cde7713401e16b4f79106bc90c540e0e18c8c7,test,prompt_nll,4,4,Py150,7.53
vamp_svd_r8_repair000,1e51d2973353ad68f99979f822cde7713401e16b4f79106bc90c540e0e18c8c7,test,task_aware,4,4,Py150,55.39
vamp_svd_r8_repair000,1e51d2973353ad68f99979f822cde7713401e16b4f79106bc90c540e0e18c8c7,validation,answer_oracle,4,4,Py150,63.05
vamp_svd_r8_repair000,1e51d2973353ad68f99979f822cde7713401e16b4f79106bc90c540e0e18c8c7,validation,frozen_prompt_centroid,4,4,Py150,52.15
vamp_svd_r8_repair000,1e51d2973353ad68f99979f822cde7713401e16b4f79106bc90c540e0e18c8c7,validation,prompt_nll,4,4,Py150,6.48
vamp_svd_r8_repair000,1e51d2973353ad68f99979f822cde7713401e16b4f79106bc90c540e0e18c8c7,validation,task_aware,4,4,Py150,54.04
vamp_svd_r8_repair000,1e51d2973353ad68f99979f822cde7713401e16b4f79106bc90c540e0e18c8c7,test,answer_oracle,5,1,C-STANCE,49.0
vamp_svd_r8_repair000,1e51d2973353ad68f99979f822cde7713401e16b4f79106bc90c540e0e18c8c7,test,frozen_prompt_centroid,5,1,C-STANCE,49.0
vamp_svd_r8_repair000,1e51d2973353ad68f99979f822cde7713401e16b4f79106bc90c540e0e18c8c7,test,prompt_nll,5,1,C-STANCE,0.0
vamp_svd_r8_repair000,1e51d2973353ad68f99979f822cde7713401e16b4f79106bc90c540e0e18c8c7,test,task_aware,5,1,C-STANCE,49.0
vamp_svd_r8_repair000,1e51d2973353ad68f99979f822cde7713401e16b4f79106bc90c540e0e18c8c7,validation,answer_oracle,5,1,C-STANCE,38.0
vamp_svd_r8_repair000,1e51d2973353ad68f99979f822cde7713401e16b4f79106bc90c540e0e18c8c7,validation,frozen_prompt_centroid,5,1,C-STANCE,38.0
vamp_svd_r8_repair000,1e51d2973353ad68f99979f822cde7713401e16b4f79106bc90c540e0e18c8c7,validation,prompt_nll,5,1,C-STANCE,1.0
vamp_svd_r8_repair000,1e51d2973353ad68f99979f822cde7713401e16b4f79106bc90c540e0e18c8c7,validation,task_aware,5,1,C-STANCE,38.0
vamp_svd_r8_repair000,1e51d2973353ad68f99979f822cde7713401e16b4f79106bc90c540e0e18c8c7,test,answer_oracle,5,2,FOMC,31.0
vamp_svd_r8_repair000,1e51d2973353ad68f99979f822cde7713401e16b4f79106bc90c540e0e18c8c7,test,frozen_prompt_centroid,5,2,FOMC,16.0
vamp_svd_r8_repair000,1e51d2973353ad68f99979f822cde7713401e16b4f79106bc90c540e0e18c8c7,test,prompt_nll,5,2,FOMC,9.0
vamp_svd_r8_repair000,1e51d2973353ad68f99979f822cde7713401e16b4f79106bc90c540e0e18c8c7,test,task_aware,5,2,FOMC,21.0
vamp_svd_r8_repair000,1e51d2973353ad68f99979f822cde7713401e16b4f79106bc90c540e0e18c8c7,validation,answer_oracle,5,2,FOMC,44.0
vamp_svd_r8_repair000,1e51d2973353ad68f99979f822cde7713401e16b4f79106bc90c540e0e18c8c7,validation,frozen_prompt_centroid,5,2,FOMC,24.0
vamp_svd_r8_repair000,1e51d2973353ad68f99979f822cde7713401e16b4f79106bc90c540e0e18c8c7,validation,prompt_nll,5,2,FOMC,13.0
vamp_svd_r8_repair000,1e51d2973353ad68f99979f822cde7713401e16b4f79106bc90c540e0e18c8c7,validation,task_aware,5,2,FOMC,26.0
vamp_svd_r8_repair000,1e51d2973353ad68f99979f822cde7713401e16b4f79106bc90c540e0e18c8c7,test,answer_oracle,5,3,MeetingBank,32.97158017972047
vamp_svd_r8_repair000,1e51d2973353ad68f99979f822cde7713401e16b4f79106bc90c540e0e18c8c7,test,frozen_prompt_centroid,5,3,MeetingBank,29.345207686663375
vamp_svd_r8_repair000,1e51d2973353ad68f99979f822cde7713401e16b4f79106bc90c540e0e18c8c7,test,prompt_nll,5,3,MeetingBank,18.861536312744192
vamp_svd_r8_repair000,1e51d2973353ad68f99979f822cde7713401e16b4f79106bc90c540e0e18c8c7,test,task_aware,5,3,MeetingBank,29.345207686663375
vamp_svd_r8_repair000,1e51d2973353ad68f99979f822cde7713401e16b4f79106bc90c540e0e18c8c7,validation,answer_oracle,5,3,MeetingBank,30.149911228807838
vamp_svd_r8_repair000,1e51d2973353ad68f99979f822cde7713401e16b4f79106bc90c540e0e18c8c7,validation,frozen_prompt_centroid,5,3,MeetingBank,26.46747347774444
vamp_svd_r8_repair000,1e51d2973353ad68f99979f822cde7713401e16b4f79106bc90c540e0e18c8c7,validation,prompt_nll,5,3,MeetingBank,18.14216595507022
vamp_svd_r8_repair000,1e51d2973353ad68f99979f822cde7713401e16b4f79106bc90c540e0e18c8c7,validation,task_aware,5,3,MeetingBank,26.46747347774444
vamp_svd_r8_repair000,1e51d2973353ad68f99979f822cde7713401e16b4f79106bc90c540e0e18c8c7,test,answer_oracle,5,4,Py150,52.58
vamp_svd_r8_repair000,1e51d2973353ad68f99979f822cde7713401e16b4f79106bc90c540e0e18c8c7,test,frozen_prompt_centroid,5,4,Py150,52.31
vamp_svd_r8_repair000,1e51d2973353ad68f99979f822cde7713401e16b4f79106bc90c540e0e18c8c7,test,prompt_nll,5,4,Py150,5.99
vamp_svd_r8_repair000,1e51d2973353ad68f99979f822cde7713401e16b4f79106bc90c540e0e18c8c7,test,task_aware,5,4,Py150,52.31
vamp_svd_r8_repair000,1e51d2973353ad68f99979f822cde7713401e16b4f79106bc90c540e0e18c8c7,validation,answer_oracle,5,4,Py150,53.79
vamp_svd_r8_repair000,1e51d2973353ad68f99979f822cde7713401e16b4f79106bc90c540e0e18c8c7,validation,frozen_prompt_centroid,5,4,Py150,53.6
vamp_svd_r8_repair000,1e51d2973353ad68f99979f822cde7713401e16b4f79106bc90c540e0e18c8c7,validation,prompt_nll,5,4,Py150,6.0
vamp_svd_r8_repair000,1e51d2973353ad68f99979f822cde7713401e16b4f79106bc90c540e0e18c8c7,validation,task_aware,5,4,Py150,53.6
vamp_svd_r8_repair000,1e51d2973353ad68f99979f822cde7713401e16b4f79106bc90c540e0e18c8c7,test,answer_oracle,5,5,ScienceQA,86.0
vamp_svd_r8_repair000,1e51d2973353ad68f99979f822cde7713401e16b4f79106bc90c540e0e18c8c7,test,frozen_prompt_centroid,5,5,ScienceQA,72.0
vamp_svd_r8_repair000,1e51d2973353ad68f99979f822cde7713401e16b4f79106bc90c540e0e18c8c7,test,prompt_nll,5,5,ScienceQA,68.0
vamp_svd_r8_repair000,1e51d2973353ad68f99979f822cde7713401e16b4f79106bc90c540e0e18c8c7,test,task_aware,5,5,ScienceQA,71.0
vamp_svd_r8_repair000,1e51d2973353ad68f99979f822cde7713401e16b4f79106bc90c540e0e18c8c7,validation,answer_oracle,5,5,ScienceQA,88.0
vamp_svd_r8_repair000,1e51d2973353ad68f99979f822cde7713401e16b4f79106bc90c540e0e18c8c7,validation,frozen_prompt_centroid,5,5,ScienceQA,74.0
vamp_svd_r8_repair000,1e51d2973353ad68f99979f822cde7713401e16b4f79106bc90c540e0e18c8c7,validation,prompt_nll,5,5,ScienceQA,74.0
vamp_svd_r8_repair000,1e51d2973353ad68f99979f822cde7713401e16b4f79106bc90c540e0e18c8c7,validation,task_aware,5,5,ScienceQA,77.0
vamp_svd_r8_repair000,1e51d2973353ad68f99979f822cde7713401e16b4f79106bc90c540e0e18c8c7,test,answer_oracle,6,1,C-STANCE,49.0
vamp_svd_r8_repair000,1e51d2973353ad68f99979f822cde7713401e16b4f79106bc90c540e0e18c8c7,test,frozen_prompt_centroid,6,1,C-STANCE,49.0
vamp_svd_r8_repair000,1e51d2973353ad68f99979f822cde7713401e16b4f79106bc90c540e0e18c8c7,test,prompt_nll,6,1,C-STANCE,0.0
vamp_svd_r8_repair000,1e51d2973353ad68f99979f822cde7713401e16b4f79106bc90c540e0e18c8c7,test,task_aware,6,1,C-STANCE,49.0
vamp_svd_r8_repair000,1e51d2973353ad68f99979f822cde7713401e16b4f79106bc90c540e0e18c8c7,validation,answer_oracle,6,1,C-STANCE,39.0
vamp_svd_r8_repair000,1e51d2973353ad68f99979f822cde7713401e16b4f79106bc90c540e0e18c8c7,validation,frozen_prompt_centroid,6,1,C-STANCE,39.0
vamp_svd_r8_repair000,1e51d2973353ad68f99979f822cde7713401e16b4f79106bc90c540e0e18c8c7,validation,prompt_nll,6,1,C-STANCE,2.0
vamp_svd_r8_repair000,1e51d2973353ad68f99979f822cde7713401e16b4f79106bc90c540e0e18c8c7,validation,task_aware,6,1,C-STANCE,39.0
vamp_svd_r8_repair000,1e51d2973353ad68f99979f822cde7713401e16b4f79106bc90c540e0e18c8c7,test,answer_oracle,6,2,FOMC,34.0
vamp_svd_r8_repair000,1e51d2973353ad68f99979f822cde7713401e16b4f79106bc90c540e0e18c8c7,test,frozen_prompt_centroid,6,2,FOMC,14.0
vamp_svd_r8_repair000,1e51d2973353ad68f99979f822cde7713401e16b4f79106bc90c540e0e18c8c7,test,prompt_nll,6,2,FOMC,8.0
vamp_svd_r8_repair000,1e51d2973353ad68f99979f822cde7713401e16b4f79106bc90c540e0e18c8c7,test,task_aware,6,2,FOMC,22.0
vamp_svd_r8_repair000,1e51d2973353ad68f99979f822cde7713401e16b4f79106bc90c540e0e18c8c7,validation,answer_oracle,6,2,FOMC,44.0
vamp_svd_r8_repair000,1e51d2973353ad68f99979f822cde7713401e16b4f79106bc90c540e0e18c8c7,validation,frozen_prompt_centroid,6,2,FOMC,21.0
vamp_svd_r8_repair000,1e51d2973353ad68f99979f822cde7713401e16b4f79106bc90c540e0e18c8c7,validation,prompt_nll,6,2,FOMC,11.0
vamp_svd_r8_repair000,1e51d2973353ad68f99979f822cde7713401e16b4f79106bc90c540e0e18c8c7,validation,task_aware,6,2,FOMC,25.0
vamp_svd_r8_repair000,1e51d2973353ad68f99979f822cde7713401e16b4f79106bc90c540e0e18c8c7,test,answer_oracle,6,3,MeetingBank,33.04090097505425
vamp_svd_r8_repair000,1e51d2973353ad68f99979f822cde7713401e16b4f79106bc90c540e0e18c8c7,test,frozen_prompt_centroid,6,3,MeetingBank,29.689649224932918
vamp_svd_r8_repair000,1e51d2973353ad68f99979f822cde7713401e16b4f79106bc90c540e0e18c8c7,test,prompt_nll,6,3,MeetingBank,18.723021734981977
vamp_svd_r8_repair000,1e51d2973353ad68f99979f822cde7713401e16b4f79106bc90c540e0e18c8c7,test,task_aware,6,3,MeetingBank,29.689649224932918
vamp_svd_r8_repair000,1e51d2973353ad68f99979f822cde7713401e16b4f79106bc90c540e0e18c8c7,validation,answer_oracle,6,3,MeetingBank,30.351182453003442
vamp_svd_r8_repair000,1e51d2973353ad68f99979f822cde7713401e16b4f79106bc90c540e0e18c8c7,validation,frozen_prompt_centroid,6,3,MeetingBank,26.92745051727867
vamp_svd_r8_repair000,1e51d2973353ad68f99979f822cde7713401e16b4f79106bc90c540e0e18c8c7,validation,prompt_nll,6,3,MeetingBank,19.15456882321738
vamp_svd_r8_repair000,1e51d2973353ad68f99979f822cde7713401e16b4f79106bc90c540e0e18c8c7,validation,task_aware,6,3,MeetingBank,26.92745051727867
vamp_svd_r8_repair000,1e51d2973353ad68f99979f822cde7713401e16b4f79106bc90c540e0e18c8c7,test,answer_oracle,6,6,NumGLUE-cm,40.74074074074074
vamp_svd_r8_repair000,1e51d2973353ad68f99979f822cde7713401e16b4f79106bc90c540e0e18c8c7,test,frozen_prompt_centroid,6,6,NumGLUE-cm,19.753086419753085
vamp_svd_r8_repair000,1e51d2973353ad68f99979f822cde7713401e16b4f79106bc90c540e0e18c8c7,test,prompt_nll,6,6,NumGLUE-cm,9.876543209876543
vamp_svd_r8_repair000,1e51d2973353ad68f99979f822cde7713401e16b4f79106bc90c540e0e18c8c7,test,task_aware,6,6,NumGLUE-cm,22.22222222222222
vamp_svd_r8_repair000,1e51d2973353ad68f99979f822cde7713401e16b4f79106bc90c540e0e18c8c7,validation,answer_oracle,6,6,NumGLUE-cm,56.09756097560975
vamp_svd_r8_repair000,1e51d2973353ad68f99979f822cde7713401e16b4f79106bc90c540e0e18c8c7,validation,frozen_prompt_centroid,6,6,NumGLUE-cm,39.02439024390244
vamp_svd_r8_repair000,1e51d2973353ad68f99979f822cde7713401e16b4f79106bc90c540e0e18c8c7,validation,prompt_nll,6,6,NumGLUE-cm,9.75609756097561
vamp_svd_r8_repair000,1e51d2973353ad68f99979f822cde7713401e16b4f79106bc90c540e0e18c8c7,validation,task_aware,6,6,NumGLUE-cm,36.58536585365854
vamp_svd_r8_repair000,1e51d2973353ad68f99979f822cde7713401e16b4f79106bc90c540e0e18c8c7,test,answer_oracle,6,4,Py150,52.48
vamp_svd_r8_repair000,1e51d2973353ad68f99979f822cde7713401e16b4f79106bc90c540e0e18c8c7,test,frozen_prompt_centroid,6,4,Py150,52.14
vamp_svd_r8_repair000,1e51d2973353ad68f99979f822cde7713401e16b4f79106bc90c540e0e18c8c7,test,prompt_nll,6,4,Py150,5.86
vamp_svd_r8_repair000,1e51d2973353ad68f99979f822cde7713401e16b4f79106bc90c540e0e18c8c7,test,task_aware,6,4,Py150,52.14
vamp_svd_r8_repair000,1e51d2973353ad68f99979f822cde7713401e16b4f79106bc90c540e0e18c8c7,validation,answer_oracle,6,4,Py150,54.62
vamp_svd_r8_repair000,1e51d2973353ad68f99979f822cde7713401e16b4f79106bc90c540e0e18c8c7,validation,frozen_prompt_centroid,6,4,Py150,54.4
vamp_svd_r8_repair000,1e51d2973353ad68f99979f822cde7713401e16b4f79106bc90c540e0e18c8c7,validation,prompt_nll,6,4,Py150,5.92
vamp_svd_r8_repair000,1e51d2973353ad68f99979f822cde7713401e16b4f79106bc90c540e0e18c8c7,validation,task_aware,6,4,Py150,54.4
vamp_svd_r8_repair000,1e51d2973353ad68f99979f822cde7713401e16b4f79106bc90c540e0e18c8c7,test,answer_oracle,6,5,ScienceQA,85.0
vamp_svd_r8_repair000,1e51d2973353ad68f99979f822cde7713401e16b4f79106bc90c540e0e18c8c7,test,frozen_prompt_centroid,6,5,ScienceQA,75.0
vamp_svd_r8_repair000,1e51d2973353ad68f99979f822cde7713401e16b4f79106bc90c540e0e18c8c7,test,prompt_nll,6,5,ScienceQA,66.0
vamp_svd_r8_repair000,1e51d2973353ad68f99979f822cde7713401e16b4f79106bc90c540e0e18c8c7,test,task_aware,6,5,ScienceQA,73.0
vamp_svd_r8_repair000,1e51d2973353ad68f99979f822cde7713401e16b4f79106bc90c540e0e18c8c7,validation,answer_oracle,6,5,ScienceQA,88.0
vamp_svd_r8_repair000,1e51d2973353ad68f99979f822cde7713401e16b4f79106bc90c540e0e18c8c7,validation,frozen_prompt_centroid,6,5,ScienceQA,77.0
vamp_svd_r8_repair000,1e51d2973353ad68f99979f822cde7713401e16b4f79106bc90c540e0e18c8c7,validation,prompt_nll,6,5,ScienceQA,74.0
vamp_svd_r8_repair000,1e51d2973353ad68f99979f822cde7713401e16b4f79106bc90c540e0e18c8c7,validation,task_aware,6,5,ScienceQA,77.0
vamp_svd_r8_repair000,1e51d2973353ad68f99979f822cde7713401e16b4f79106bc90c540e0e18c8c7,test,answer_oracle,7,1,C-STANCE,49.0
vamp_svd_r8_repair000,1e51d2973353ad68f99979f822cde7713401e16b4f79106bc90c540e0e18c8c7,test,frozen_prompt_centroid,7,1,C-STANCE,47.0
vamp_svd_r8_repair000,1e51d2973353ad68f99979f822cde7713401e16b4f79106bc90c540e0e18c8c7,test,prompt_nll,7,1,C-STANCE,5.0
vamp_svd_r8_repair000,1e51d2973353ad68f99979f822cde7713401e16b4f79106bc90c540e0e18c8c7,test,task_aware,7,1,C-STANCE,47.0
vamp_svd_r8_repair000,1e51d2973353ad68f99979f822cde7713401e16b4f79106bc90c540e0e18c8c7,validation,answer_oracle,7,1,C-STANCE,35.0
vamp_svd_r8_repair000,1e51d2973353ad68f99979f822cde7713401e16b4f79106bc90c540e0e18c8c7,validation,frozen_prompt_centroid,7,1,C-STANCE,35.0
vamp_svd_r8_repair000,1e51d2973353ad68f99979f822cde7713401e16b4f79106bc90c540e0e18c8c7,validation,prompt_nll,7,1,C-STANCE,4.0
vamp_svd_r8_repair000,1e51d2973353ad68f99979f822cde7713401e16b4f79106bc90c540e0e18c8c7,validation,task_aware,7,1,C-STANCE,35.0
vamp_svd_r8_repair000,1e51d2973353ad68f99979f822cde7713401e16b4f79106bc90c540e0e18c8c7,test,answer_oracle,7,2,FOMC,30.0
vamp_svd_r8_repair000,1e51d2973353ad68f99979f822cde7713401e16b4f79106bc90c540e0e18c8c7,test,frozen_prompt_centroid,7,2,FOMC,0.0
vamp_svd_r8_repair000,1e51d2973353ad68f99979f822cde7713401e16b4f79106bc90c540e0e18c8c7,test,prompt_nll,7,2,FOMC,0.0
vamp_svd_r8_repair000,1e51d2973353ad68f99979f822cde7713401e16b4f79106bc90c540e0e18c8c7,test,task_aware,7,2,FOMC,24.0
vamp_svd_r8_repair000,1e51d2973353ad68f99979f822cde7713401e16b4f79106bc90c540e0e18c8c7,validation,answer_oracle,7,2,FOMC,30.0
vamp_svd_r8_repair000,1e51d2973353ad68f99979f822cde7713401e16b4f79106bc90c540e0e18c8c7,validation,frozen_prompt_centroid,7,2,FOMC,0.0
vamp_svd_r8_repair000,1e51d2973353ad68f99979f822cde7713401e16b4f79106bc90c540e0e18c8c7,validation,prompt_nll,7,2,FOMC,0.0
vamp_svd_r8_repair000,1e51d2973353ad68f99979f822cde7713401e16b4f79106bc90c540e0e18c8c7,validation,task_aware,7,2,FOMC,26.0
vamp_svd_r8_repair000,1e51d2973353ad68f99979f822cde7713401e16b4f79106bc90c540e0e18c8c7,test,answer_oracle,7,3,MeetingBank,26.07136662239805
vamp_svd_r8_repair000,1e51d2973353ad68f99979f822cde7713401e16b4f79106bc90c540e0e18c8c7,test,frozen_prompt_centroid,7,3,MeetingBank,18.166278476852906
vamp_svd_r8_repair000,1e51d2973353ad68f99979f822cde7713401e16b4f79106bc90c540e0e18c8c7,test,prompt_nll,7,3,MeetingBank,19.78637936863478
vamp_svd_r8_repair000,1e51d2973353ad68f99979f822cde7713401e16b4f79106bc90c540e0e18c8c7,test,task_aware,7,3,MeetingBank,22.22644888441106
vamp_svd_r8_repair000,1e51d2973353ad68f99979f822cde7713401e16b4f79106bc90c540e0e18c8c7,validation,answer_oracle,7,3,MeetingBank,23.662863588576492
vamp_svd_r8_repair000,1e51d2973353ad68f99979f822cde7713401e16b4f79106bc90c540e0e18c8c7,validation,frozen_prompt_centroid,7,3,MeetingBank,17.42743191249062
vamp_svd_r8_repair000,1e51d2973353ad68f99979f822cde7713401e16b4f79106bc90c540e0e18c8c7,validation,prompt_nll,7,3,MeetingBank,17.979812190467094
vamp_svd_r8_repair000,1e51d2973353ad68f99979f822cde7713401e16b4f79106bc90c540e0e18c8c7,validation,task_aware,7,3,MeetingBank,19.410298108901028
vamp_svd_r8_repair000,1e51d2973353ad68f99979f822cde7713401e16b4f79106bc90c540e0e18c8c7,test,answer_oracle,7,6,NumGLUE-cm,27.160493827160494
vamp_svd_r8_repair000,1e51d2973353ad68f99979f822cde7713401e16b4f79106bc90c540e0e18c8c7,test,frozen_prompt_centroid,7,6,NumGLUE-cm,18.51851851851852
vamp_svd_r8_repair000,1e51d2973353ad68f99979f822cde7713401e16b4f79106bc90c540e0e18c8c7,test,prompt_nll,7,6,NumGLUE-cm,9.876543209876543
vamp_svd_r8_repair000,1e51d2973353ad68f99979f822cde7713401e16b4f79106bc90c540e0e18c8c7,test,task_aware,7,6,NumGLUE-cm,19.753086419753085
vamp_svd_r8_repair000,1e51d2973353ad68f99979f822cde7713401e16b4f79106bc90c540e0e18c8c7,validation,answer_oracle,7,6,NumGLUE-cm,53.65853658536585
vamp_svd_r8_repair000,1e51d2973353ad68f99979f822cde7713401e16b4f79106bc90c540e0e18c8c7,validation,frozen_prompt_centroid,7,6,NumGLUE-cm,43.90243902439025
vamp_svd_r8_repair000,1e51d2973353ad68f99979f822cde7713401e16b4f79106bc90c540e0e18c8c7,validation,prompt_nll,7,6,NumGLUE-cm,14.634146341463415
vamp_svd_r8_repair000,1e51d2973353ad68f99979f822cde7713401e16b4f79106bc90c540e0e18c8c7,validation,task_aware,7,6,NumGLUE-cm,41.46341463414634
vamp_svd_r8_repair000,1e51d2973353ad68f99979f822cde7713401e16b4f79106bc90c540e0e18c8c7,test,answer_oracle,7,7,NumGLUE-ds,52.0
vamp_svd_r8_repair000,1e51d2973353ad68f99979f822cde7713401e16b4f79106bc90c540e0e18c8c7,test,frozen_prompt_centroid,7,7,NumGLUE-ds,44.0
vamp_svd_r8_repair000,1e51d2973353ad68f99979f822cde7713401e16b4f79106bc90c540e0e18c8c7,test,prompt_nll,7,7,NumGLUE-ds,19.0
vamp_svd_r8_repair000,1e51d2973353ad68f99979f822cde7713401e16b4f79106bc90c540e0e18c8c7,test,task_aware,7,7,NumGLUE-ds,41.0
vamp_svd_r8_repair000,1e51d2973353ad68f99979f822cde7713401e16b4f79106bc90c540e0e18c8c7,validation,answer_oracle,7,7,NumGLUE-ds,48.0
vamp_svd_r8_repair000,1e51d2973353ad68f99979f822cde7713401e16b4f79106bc90c540e0e18c8c7,validation,frozen_prompt_centroid,7,7,NumGLUE-ds,35.0
vamp_svd_r8_repair000,1e51d2973353ad68f99979f822cde7713401e16b4f79106bc90c540e0e18c8c7,validation,prompt_nll,7,7,NumGLUE-ds,16.0
vamp_svd_r8_repair000,1e51d2973353ad68f99979f822cde7713401e16b4f79106bc90c540e0e18c8c7,validation,task_aware,7,7,NumGLUE-ds,37.0
vamp_svd_r8_repair000,1e51d2973353ad68f99979f822cde7713401e16b4f79106bc90c540e0e18c8c7,test,answer_oracle,7,4,Py150,25.92
vamp_svd_r8_repair000,1e51d2973353ad68f99979f822cde7713401e16b4f79106bc90c540e0e18c8c7,test,frozen_prompt_centroid,7,4,Py150,24.53
vamp_svd_r8_repair000,1e51d2973353ad68f99979f822cde7713401e16b4f79106bc90c540e0e18c8c7,test,prompt_nll,7,4,Py150,7.81
vamp_svd_r8_repair000,1e51d2973353ad68f99979f822cde7713401e16b4f79106bc90c540e0e18c8c7,test,task_aware,7,4,Py150,24.53
vamp_svd_r8_repair000,1e51d2973353ad68f99979f822cde7713401e16b4f79106bc90c540e0e18c8c7,validation,answer_oracle,7,4,Py150,20.98
vamp_svd_r8_repair000,1e51d2973353ad68f99979f822cde7713401e16b4f79106bc90c540e0e18c8c7,validation,frozen_prompt_centroid,7,4,Py150,20.6
vamp_svd_r8_repair000,1e51d2973353ad68f99979f822cde7713401e16b4f79106bc90c540e0e18c8c7,validation,prompt_nll,7,4,Py150,5.27
vamp_svd_r8_repair000,1e51d2973353ad68f99979f822cde7713401e16b4f79106bc90c540e0e18c8c7,validation,task_aware,7,4,Py150,20.6
vamp_svd_r8_repair000,1e51d2973353ad68f99979f822cde7713401e16b4f79106bc90c540e0e18c8c7,test,answer_oracle,7,5,ScienceQA,81.0
vamp_svd_r8_repair000,1e51d2973353ad68f99979f822cde7713401e16b4f79106bc90c540e0e18c8c7,test,frozen_prompt_centroid,7,5,ScienceQA,67.0
vamp_svd_r8_repair000,1e51d2973353ad68f99979f822cde7713401e16b4f79106bc90c540e0e18c8c7,test,prompt_nll,7,5,ScienceQA,69.0
vamp_svd_r8_repair000,1e51d2973353ad68f99979f822cde7713401e16b4f79106bc90c540e0e18c8c7,test,task_aware,7,5,ScienceQA,67.0
vamp_svd_r8_repair000,1e51d2973353ad68f99979f822cde7713401e16b4f79106bc90c540e0e18c8c7,validation,answer_oracle,7,5,ScienceQA,88.0
vamp_svd_r8_repair000,1e51d2973353ad68f99979f822cde7713401e16b4f79106bc90c540e0e18c8c7,validation,frozen_prompt_centroid,7,5,ScienceQA,75.0
vamp_svd_r8_repair000,1e51d2973353ad68f99979f822cde7713401e16b4f79106bc90c540e0e18c8c7,validation,prompt_nll,7,5,ScienceQA,73.0
vamp_svd_r8_repair000,1e51d2973353ad68f99979f822cde7713401e16b4f79106bc90c540e0e18c8c7,validation,task_aware,7,5,ScienceQA,75.0
vamp_svd_r8_repair000,1e51d2973353ad68f99979f822cde7713401e16b4f79106bc90c540e0e18c8c7,test,answer_oracle,8,8,20Minuten,42.42898014238694
vamp_svd_r8_repair000,1e51d2973353ad68f99979f822cde7713401e16b4f79106bc90c540e0e18c8c7,test,frozen_prompt_centroid,8,8,20Minuten,38.76271886549275
vamp_svd_r8_repair000,1e51d2973353ad68f99979f822cde7713401e16b4f79106bc90c540e0e18c8c7,test,prompt_nll,8,8,20Minuten,36.226505625090375
vamp_svd_r8_repair000,1e51d2973353ad68f99979f822cde7713401e16b4f79106bc90c540e0e18c8c7,test,task_aware,8,8,20Minuten,38.883014069269414
vamp_svd_r8_repair000,1e51d2973353ad68f99979f822cde7713401e16b4f79106bc90c540e0e18c8c7,validation,answer_oracle,8,8,20Minuten,42.49418268770967
vamp_svd_r8_repair000,1e51d2973353ad68f99979f822cde7713401e16b4f79106bc90c540e0e18c8c7,validation,frozen_prompt_centroid,8,8,20Minuten,38.61369979483333
vamp_svd_r8_repair000,1e51d2973353ad68f99979f822cde7713401e16b4f79106bc90c540e0e18c8c7,validation,prompt_nll,8,8,20Minuten,36.56327873365745
vamp_svd_r8_repair000,1e51d2973353ad68f99979f822cde7713401e16b4f79106bc90c540e0e18c8c7,validation,task_aware,8,8,20Minuten,39.138248264702185
vamp_svd_r8_repair000,1e51d2973353ad68f99979f822cde7713401e16b4f79106bc90c540e0e18c8c7,test,answer_oracle,8,1,C-STANCE,53.0
vamp_svd_r8_repair000,1e51d2973353ad68f99979f822cde7713401e16b4f79106bc90c540e0e18c8c7,test,frozen_prompt_centroid,8,1,C-STANCE,48.0
vamp_svd_r8_repair000,1e51d2973353ad68f99979f822cde7713401e16b4f79106bc90c540e0e18c8c7,test,prompt_nll,8,1,C-STANCE,8.0
vamp_svd_r8_repair000,1e51d2973353ad68f99979f822cde7713401e16b4f79106bc90c540e0e18c8c7,test,task_aware,8,1,C-STANCE,48.0
vamp_svd_r8_repair000,1e51d2973353ad68f99979f822cde7713401e16b4f79106bc90c540e0e18c8c7,validation,answer_oracle,8,1,C-STANCE,42.0
vamp_svd_r8_repair000,1e51d2973353ad68f99979f822cde7713401e16b4f79106bc90c540e0e18c8c7,validation,frozen_prompt_centroid,8,1,C-STANCE,33.0
vamp_svd_r8_repair000,1e51d2973353ad68f99979f822cde7713401e16b4f79106bc90c540e0e18c8c7,validation,prompt_nll,8,1,C-STANCE,3.0
vamp_svd_r8_repair000,1e51d2973353ad68f99979f822cde7713401e16b4f79106bc90c540e0e18c8c7,validation,task_aware,8,1,C-STANCE,33.0
vamp_svd_r8_repair000,1e51d2973353ad68f99979f822cde7713401e16b4f79106bc90c540e0e18c8c7,test,answer_oracle,8,2,FOMC,30.0
vamp_svd_r8_repair000,1e51d2973353ad68f99979f822cde7713401e16b4f79106bc90c540e0e18c8c7,test,frozen_prompt_centroid,8,2,FOMC,0.0
vamp_svd_r8_repair000,1e51d2973353ad68f99979f822cde7713401e16b4f79106bc90c540e0e18c8c7,test,prompt_nll,8,2,FOMC,0.0
vamp_svd_r8_repair000,1e51d2973353ad68f99979f822cde7713401e16b4f79106bc90c540e0e18c8c7,test,task_aware,8,2,FOMC,28.0
vamp_svd_r8_repair000,1e51d2973353ad68f99979f822cde7713401e16b4f79106bc90c540e0e18c8c7,validation,answer_oracle,8,2,FOMC,25.0
vamp_svd_r8_repair000,1e51d2973353ad68f99979f822cde7713401e16b4f79106bc90c540e0e18c8c7,validation,frozen_prompt_centroid,8,2,FOMC,0.0
vamp_svd_r8_repair000,1e51d2973353ad68f99979f822cde7713401e16b4f79106bc90c540e0e18c8c7,validation,prompt_nll,8,2,FOMC,0.0
vamp_svd_r8_repair000,1e51d2973353ad68f99979f822cde7713401e16b4f79106bc90c540e0e18c8c7,validation,task_aware,8,2,FOMC,22.0
vamp_svd_r8_repair000,1e51d2973353ad68f99979f822cde7713401e16b4f79106bc90c540e0e18c8c7,test,answer_oracle,8,3,MeetingBank,26.525967608683185
vamp_svd_r8_repair000,1e51d2973353ad68f99979f822cde7713401e16b4f79106bc90c540e0e18c8c7,test,frozen_prompt_centroid,8,3,MeetingBank,18.120883822515673
vamp_svd_r8_repair000,1e51d2973353ad68f99979f822cde7713401e16b4f79106bc90c540e0e18c8c7,test,prompt_nll,8,3,MeetingBank,19.312699091832137
vamp_svd_r8_repair000,1e51d2973353ad68f99979f822cde7713401e16b4f79106bc90c540e0e18c8c7,test,task_aware,8,3,MeetingBank,21.53901379488252
vamp_svd_r8_repair000,1e51d2973353ad68f99979f822cde7713401e16b4f79106bc90c540e0e18c8c7,validation,answer_oracle,8,3,MeetingBank,24.794246468190728
vamp_svd_r8_repair000,1e51d2973353ad68f99979f822cde7713401e16b4f79106bc90c540e0e18c8c7,validation,frozen_prompt_centroid,8,3,MeetingBank,17.313941997094226
vamp_svd_r8_repair000,1e51d2973353ad68f99979f822cde7713401e16b4f79106bc90c540e0e18c8c7,validation,prompt_nll,8,3,MeetingBank,19.69039921685061
vamp_svd_r8_repair000,1e51d2973353ad68f99979f822cde7713401e16b4f79106bc90c540e0e18c8c7,validation,task_aware,8,3,MeetingBank,21.190762404059875
vamp_svd_r8_repair000,1e51d2973353ad68f99979f822cde7713401e16b4f79106bc90c540e0e18c8c7,test,answer_oracle,8,6,NumGLUE-cm,22.22222222222222
vamp_svd_r8_repair000,1e51d2973353ad68f99979f822cde7713401e16b4f79106bc90c540e0e18c8c7,test,frozen_prompt_centroid,8,6,NumGLUE-cm,17.28395061728395
vamp_svd_r8_repair000,1e51d2973353ad68f99979f822cde7713401e16b4f79106bc90c540e0e18c8c7,test,prompt_nll,8,6,NumGLUE-cm,9.876543209876543
vamp_svd_r8_repair000,1e51d2973353ad68f99979f822cde7713401e16b4f79106bc90c540e0e18c8c7,test,task_aware,8,6,NumGLUE-cm,17.28395061728395
vamp_svd_r8_repair000,1e51d2973353ad68f99979f822cde7713401e16b4f79106bc90c540e0e18c8c7,validation,answer_oracle,8,6,NumGLUE-cm,46.34146341463415
vamp_svd_r8_repair000,1e51d2973353ad68f99979f822cde7713401e16b4f79106bc90c540e0e18c8c7,validation,frozen_prompt_centroid,8,6,NumGLUE-cm,36.58536585365854
vamp_svd_r8_repair000,1e51d2973353ad68f99979f822cde7713401e16b4f79106bc90c540e0e18c8c7,validation,prompt_nll,8,6,NumGLUE-cm,14.634146341463415
vamp_svd_r8_repair000,1e51d2973353ad68f99979f822cde7713401e16b4f79106bc90c540e0e18c8c7,validation,task_aware,8,6,NumGLUE-cm,36.58536585365854
vamp_svd_r8_repair000,1e51d2973353ad68f99979f822cde7713401e16b4f79106bc90c540e0e18c8c7,test,answer_oracle,8,7,NumGLUE-ds,48.0
vamp_svd_r8_repair000,1e51d2973353ad68f99979f822cde7713401e16b4f79106bc90c540e0e18c8c7,test,frozen_prompt_centroid,8,7,NumGLUE-ds,42.0
vamp_svd_r8_repair000,1e51d2973353ad68f99979f822cde7713401e16b4f79106bc90c540e0e18c8c7,test,prompt_nll,8,7,NumGLUE-ds,20.0
vamp_svd_r8_repair000,1e51d2973353ad68f99979f822cde7713401e16b4f79106bc90c540e0e18c8c7,test,task_aware,8,7,NumGLUE-ds,41.0
vamp_svd_r8_repair000,1e51d2973353ad68f99979f822cde7713401e16b4f79106bc90c540e0e18c8c7,validation,answer_oracle,8,7,NumGLUE-ds,42.0
vamp_svd_r8_repair000,1e51d2973353ad68f99979f822cde7713401e16b4f79106bc90c540e0e18c8c7,validation,frozen_prompt_centroid,8,7,NumGLUE-ds,36.0
vamp_svd_r8_repair000,1e51d2973353ad68f99979f822cde7713401e16b4f79106bc90c540e0e18c8c7,validation,prompt_nll,8,7,NumGLUE-ds,14.0
vamp_svd_r8_repair000,1e51d2973353ad68f99979f822cde7713401e16b4f79106bc90c540e0e18c8c7,validation,task_aware,8,7,NumGLUE-ds,35.0
vamp_svd_r8_repair000,1e51d2973353ad68f99979f822cde7713401e16b4f79106bc90c540e0e18c8c7,test,answer_oracle,8,4,Py150,25.1
vamp_svd_r8_repair000,1e51d2973353ad68f99979f822cde7713401e16b4f79106bc90c540e0e18c8c7,test,frozen_prompt_centroid,8,4,Py150,24.68
vamp_svd_r8_repair000,1e51d2973353ad68f99979f822cde7713401e16b4f79106bc90c540e0e18c8c7,test,prompt_nll,8,4,Py150,8.47
vamp_svd_r8_repair000,1e51d2973353ad68f99979f822cde7713401e16b4f79106bc90c540e0e18c8c7,test,task_aware,8,4,Py150,24.68
vamp_svd_r8_repair000,1e51d2973353ad68f99979f822cde7713401e16b4f79106bc90c540e0e18c8c7,validation,answer_oracle,8,4,Py150,21.11
vamp_svd_r8_repair000,1e51d2973353ad68f99979f822cde7713401e16b4f79106bc90c540e0e18c8c7,validation,frozen_prompt_centroid,8,4,Py150,20.53
vamp_svd_r8_repair000,1e51d2973353ad68f99979f822cde7713401e16b4f79106bc90c540e0e18c8c7,validation,prompt_nll,8,4,Py150,4.7
vamp_svd_r8_repair000,1e51d2973353ad68f99979f822cde7713401e16b4f79106bc90c540e0e18c8c7,validation,task_aware,8,4,Py150,20.53
vamp_svd_r8_repair000,1e51d2973353ad68f99979f822cde7713401e16b4f79106bc90c540e0e18c8c7,test,answer_oracle,8,5,ScienceQA,84.0
vamp_svd_r8_repair000,1e51d2973353ad68f99979f822cde7713401e16b4f79106bc90c540e0e18c8c7,test,frozen_prompt_centroid,8,5,ScienceQA,64.0
vamp_svd_r8_repair000,1e51d2973353ad68f99979f822cde7713401e16b4f79106bc90c540e0e18c8c7,test,prompt_nll,8,5,ScienceQA,68.0
vamp_svd_r8_repair000,1e51d2973353ad68f99979f822cde7713401e16b4f79106bc90c540e0e18c8c7,test,task_aware,8,5,ScienceQA,65.0
vamp_svd_r8_repair000,1e51d2973353ad68f99979f822cde7713401e16b4f79106bc90c540e0e18c8c7,validation,answer_oracle,8,5,ScienceQA,91.0
vamp_svd_r8_repair000,1e51d2973353ad68f99979f822cde7713401e16b4f79106bc90c540e0e18c8c7,validation,frozen_prompt_centroid,8,5,ScienceQA,74.0
vamp_svd_r8_repair000,1e51d2973353ad68f99979f822cde7713401e16b4f79106bc90c540e0e18c8c7,validation,prompt_nll,8,5,ScienceQA,74.0
vamp_svd_r8_repair000,1e51d2973353ad68f99979f822cde7713401e16b4f79106bc90c540e0e18c8c7,validation,task_aware,8,5,ScienceQA,74.0
vamp_core_tsv_r8_scale03_repair000,546c828af41198edfcc3520d8c0f283eb2555357e275e50fddef434791470b03,test,answer_oracle,1,1,C-STANCE,64.0
vamp_core_tsv_r8_scale03_repair000,546c828af41198edfcc3520d8c0f283eb2555357e275e50fddef434791470b03,test,frozen_prompt_centroid,1,1,C-STANCE,47.0
vamp_core_tsv_r8_scale03_repair000,546c828af41198edfcc3520d8c0f283eb2555357e275e50fddef434791470b03,test,prompt_nll,1,1,C-STANCE,35.0
vamp_core_tsv_r8_scale03_repair000,546c828af41198edfcc3520d8c0f283eb2555357e275e50fddef434791470b03,test,task_aware,1,1,C-STANCE,53.0
vamp_core_tsv_r8_scale03_repair000,546c828af41198edfcc3520d8c0f283eb2555357e275e50fddef434791470b03,validation,answer_oracle,1,1,C-STANCE,44.0
vamp_core_tsv_r8_scale03_repair000,546c828af41198edfcc3520d8c0f283eb2555357e275e50fddef434791470b03,validation,frozen_prompt_centroid,1,1,C-STANCE,33.0
vamp_core_tsv_r8_scale03_repair000,546c828af41198edfcc3520d8c0f283eb2555357e275e50fddef434791470b03,validation,prompt_nll,1,1,C-STANCE,24.0
vamp_core_tsv_r8_scale03_repair000,546c828af41198edfcc3520d8c0f283eb2555357e275e50fddef434791470b03,validation,task_aware,1,1,C-STANCE,40.0
vamp_core_tsv_r8_scale03_repair000,546c828af41198edfcc3520d8c0f283eb2555357e275e50fddef434791470b03,test,answer_oracle,2,1,C-STANCE,56.0
vamp_core_tsv_r8_scale03_repair000,546c828af41198edfcc3520d8c0f283eb2555357e275e50fddef434791470b03,test,frozen_prompt_centroid,2,1,C-STANCE,40.0
vamp_core_tsv_r8_scale03_repair000,546c828af41198edfcc3520d8c0f283eb2555357e275e50fddef434791470b03,test,prompt_nll,2,1,C-STANCE,29.0
vamp_core_tsv_r8_scale03_repair000,546c828af41198edfcc3520d8c0f283eb2555357e275e50fddef434791470b03,test,task_aware,2,1,C-STANCE,40.0
vamp_core_tsv_r8_scale03_repair000,546c828af41198edfcc3520d8c0f283eb2555357e275e50fddef434791470b03,validation,answer_oracle,2,1,C-STANCE,46.0
vamp_core_tsv_r8_scale03_repair000,546c828af41198edfcc3520d8c0f283eb2555357e275e50fddef434791470b03,validation,frozen_prompt_centroid,2,1,C-STANCE,35.0
vamp_core_tsv_r8_scale03_repair000,546c828af41198edfcc3520d8c0f283eb2555357e275e50fddef434791470b03,validation,prompt_nll,2,1,C-STANCE,19.0
vamp_core_tsv_r8_scale03_repair000,546c828af41198edfcc3520d8c0f283eb2555357e275e50fddef434791470b03,validation,task_aware,2,1,C-STANCE,35.0
vamp_core_tsv_r8_scale03_repair000,546c828af41198edfcc3520d8c0f283eb2555357e275e50fddef434791470b03,test,answer_oracle,2,2,FOMC,37.0
vamp_core_tsv_r8_scale03_repair000,546c828af41198edfcc3520d8c0f283eb2555357e275e50fddef434791470b03,test,frozen_prompt_centroid,2,2,FOMC,13.0
vamp_core_tsv_r8_scale03_repair000,546c828af41198edfcc3520d8c0f283eb2555357e275e50fddef434791470b03,test,prompt_nll,2,2,FOMC,0.0
vamp_core_tsv_r8_scale03_repair000,546c828af41198edfcc3520d8c0f283eb2555357e275e50fddef434791470b03,test,task_aware,2,2,FOMC,26.0
vamp_core_tsv_r8_scale03_repair000,546c828af41198edfcc3520d8c0f283eb2555357e275e50fddef434791470b03,validation,answer_oracle,2,2,FOMC,39.0
vamp_core_tsv_r8_scale03_repair000,546c828af41198edfcc3520d8c0f283eb2555357e275e50fddef434791470b03,validation,frozen_prompt_centroid,2,2,FOMC,15.0
vamp_core_tsv_r8_scale03_repair000,546c828af41198edfcc3520d8c0f283eb2555357e275e50fddef434791470b03,validation,prompt_nll,2,2,FOMC,2.0
vamp_core_tsv_r8_scale03_repair000,546c828af41198edfcc3520d8c0f283eb2555357e275e50fddef434791470b03,validation,task_aware,2,2,FOMC,30.0
vamp_core_tsv_r8_scale03_repair000,546c828af41198edfcc3520d8c0f283eb2555357e275e50fddef434791470b03,test,answer_oracle,3,1,C-STANCE,3.0
vamp_core_tsv_r8_scale03_repair000,546c828af41198edfcc3520d8c0f283eb2555357e275e50fddef434791470b03,test,frozen_prompt_centroid,3,1,C-STANCE,3.0
vamp_core_tsv_r8_scale03_repair000,546c828af41198edfcc3520d8c0f283eb2555357e275e50fddef434791470b03,test,prompt_nll,3,1,C-STANCE,3.0
vamp_core_tsv_r8_scale03_repair000,546c828af41198edfcc3520d8c0f283eb2555357e275e50fddef434791470b03,test,task_aware,3,1,C-STANCE,3.0
vamp_core_tsv_r8_scale03_repair000,546c828af41198edfcc3520d8c0f283eb2555357e275e50fddef434791470b03,validation,answer_oracle,3,1,C-STANCE,3.0
vamp_core_tsv_r8_scale03_repair000,546c828af41198edfcc3520d8c0f283eb2555357e275e50fddef434791470b03,validation,frozen_prompt_centroid,3,1,C-STANCE,2.0
vamp_core_tsv_r8_scale03_repair000,546c828af41198edfcc3520d8c0f283eb2555357e275e50fddef434791470b03,validation,prompt_nll,3,1,C-STANCE,2.0
vamp_core_tsv_r8_scale03_repair000,546c828af41198edfcc3520d8c0f283eb2555357e275e50fddef434791470b03,validation,task_aware,3,1,C-STANCE,2.0
vamp_core_tsv_r8_scale03_repair000,546c828af41198edfcc3520d8c0f283eb2555357e275e50fddef434791470b03,test,answer_oracle,3,2,FOMC,5.0
vamp_core_tsv_r8_scale03_repair000,546c828af41198edfcc3520d8c0f283eb2555357e275e50fddef434791470b03,test,frozen_prompt_centroid,3,2,FOMC,5.0
vamp_core_tsv_r8_scale03_repair000,546c828af41198edfcc3520d8c0f283eb2555357e275e50fddef434791470b03,test,prompt_nll,3,2,FOMC,2.0
vamp_core_tsv_r8_scale03_repair000,546c828af41198edfcc3520d8c0f283eb2555357e275e50fddef434791470b03,test,task_aware,3,2,FOMC,5.0
vamp_core_tsv_r8_scale03_repair000,546c828af41198edfcc3520d8c0f283eb2555357e275e50fddef434791470b03,validation,answer_oracle,3,2,FOMC,9.0
vamp_core_tsv_r8_scale03_repair000,546c828af41198edfcc3520d8c0f283eb2555357e275e50fddef434791470b03,validation,frozen_prompt_centroid,3,2,FOMC,9.0
vamp_core_tsv_r8_scale03_repair000,546c828af41198edfcc3520d8c0f283eb2555357e275e50fddef434791470b03,validation,prompt_nll,3,2,FOMC,2.0
vamp_core_tsv_r8_scale03_repair000,546c828af41198edfcc3520d8c0f283eb2555357e275e50fddef434791470b03,validation,task_aware,3,2,FOMC,9.0
vamp_core_tsv_r8_scale03_repair000,546c828af41198edfcc3520d8c0f283eb2555357e275e50fddef434791470b03,test,answer_oracle,3,3,MeetingBank,35.115915335179736
vamp_core_tsv_r8_scale03_repair000,546c828af41198edfcc3520d8c0f283eb2555357e275e50fddef434791470b03,test,frozen_prompt_centroid,3,3,MeetingBank,27.844395909389913
vamp_core_tsv_r8_scale03_repair000,546c828af41198edfcc3520d8c0f283eb2555357e275e50fddef434791470b03,test,prompt_nll,3,3,MeetingBank,20.676350719316947
vamp_core_tsv_r8_scale03_repair000,546c828af41198edfcc3520d8c0f283eb2555357e275e50fddef434791470b03,test,task_aware,3,3,MeetingBank,32.44423085345572
vamp_core_tsv_r8_scale03_repair000,546c828af41198edfcc3520d8c0f283eb2555357e275e50fddef434791470b03,validation,answer_oracle,3,3,MeetingBank,33.00731585216669
vamp_core_tsv_r8_scale03_repair000,546c828af41198edfcc3520d8c0f283eb2555357e275e50fddef434791470b03,validation,frozen_prompt_centroid,3,3,MeetingBank,25.633907741257346
vamp_core_tsv_r8_scale03_repair000,546c828af41198edfcc3520d8c0f283eb2555357e275e50fddef434791470b03,validation,prompt_nll,3,3,MeetingBank,20.366210835167664
vamp_core_tsv_r8_scale03_repair000,546c828af41198edfcc3520d8c0f283eb2555357e275e50fddef434791470b03,validation,task_aware,3,3,MeetingBank,29.859500579864868
vamp_core_tsv_r8_scale03_repair000,546c828af41198edfcc3520d8c0f283eb2555357e275e50fddef434791470b03,test,answer_oracle,4,1,C-STANCE,3.0
vamp_core_tsv_r8_scale03_repair000,546c828af41198edfcc3520d8c0f283eb2555357e275e50fddef434791470b03,test,frozen_prompt_centroid,4,1,C-STANCE,3.0
vamp_core_tsv_r8_scale03_repair000,546c828af41198edfcc3520d8c0f283eb2555357e275e50fddef434791470b03,test,prompt_nll,4,1,C-STANCE,3.0
vamp_core_tsv_r8_scale03_repair000,546c828af41198edfcc3520d8c0f283eb2555357e275e50fddef434791470b03,test,task_aware,4,1,C-STANCE,3.0
vamp_core_tsv_r8_scale03_repair000,546c828af41198edfcc3520d8c0f283eb2555357e275e50fddef434791470b03,validation,answer_oracle,4,1,C-STANCE,5.0
vamp_core_tsv_r8_scale03_repair000,546c828af41198edfcc3520d8c0f283eb2555357e275e50fddef434791470b03,validation,frozen_prompt_centroid,4,1,C-STANCE,3.0
vamp_core_tsv_r8_scale03_repair000,546c828af41198edfcc3520d8c0f283eb2555357e275e50fddef434791470b03,validation,prompt_nll,4,1,C-STANCE,2.0
vamp_core_tsv_r8_scale03_repair000,546c828af41198edfcc3520d8c0f283eb2555357e275e50fddef434791470b03,validation,task_aware,4,1,C-STANCE,3.0
vamp_core_tsv_r8_scale03_repair000,546c828af41198edfcc3520d8c0f283eb2555357e275e50fddef434791470b03,test,answer_oracle,4,2,FOMC,5.0
vamp_core_tsv_r8_scale03_repair000,546c828af41198edfcc3520d8c0f283eb2555357e275e50fddef434791470b03,test,frozen_prompt_centroid,4,2,FOMC,5.0
vamp_core_tsv_r8_scale03_repair000,546c828af41198edfcc3520d8c0f283eb2555357e275e50fddef434791470b03,test,prompt_nll,4,2,FOMC,4.0
vamp_core_tsv_r8_scale03_repair000,546c828af41198edfcc3520d8c0f283eb2555357e275e50fddef434791470b03,test,task_aware,4,2,FOMC,5.0
vamp_core_tsv_r8_scale03_repair000,546c828af41198edfcc3520d8c0f283eb2555357e275e50fddef434791470b03,validation,answer_oracle,4,2,FOMC,10.0
vamp_core_tsv_r8_scale03_repair000,546c828af41198edfcc3520d8c0f283eb2555357e275e50fddef434791470b03,validation,frozen_prompt_centroid,4,2,FOMC,10.0
vamp_core_tsv_r8_scale03_repair000,546c828af41198edfcc3520d8c0f283eb2555357e275e50fddef434791470b03,validation,prompt_nll,4,2,FOMC,2.0
vamp_core_tsv_r8_scale03_repair000,546c828af41198edfcc3520d8c0f283eb2555357e275e50fddef434791470b03,validation,task_aware,4,2,FOMC,10.0
vamp_core_tsv_r8_scale03_repair000,546c828af41198edfcc3520d8c0f283eb2555357e275e50fddef434791470b03,test,answer_oracle,4,3,MeetingBank,24.5366439256634
vamp_core_tsv_r8_scale03_repair000,546c828af41198edfcc3520d8c0f283eb2555357e275e50fddef434791470b03,test,frozen_prompt_centroid,4,3,MeetingBank,19.74087661480066
vamp_core_tsv_r8_scale03_repair000,546c828af41198edfcc3520d8c0f283eb2555357e275e50fddef434791470b03,test,prompt_nll,4,3,MeetingBank,19.636344115061114
vamp_core_tsv_r8_scale03_repair000,546c828af41198edfcc3520d8c0f283eb2555357e275e50fddef434791470b03,test,task_aware,4,3,MeetingBank,19.992068065934003
vamp_core_tsv_r8_scale03_repair000,546c828af41198edfcc3520d8c0f283eb2555357e275e50fddef434791470b03,validation,answer_oracle,4,3,MeetingBank,22.688485067972678
vamp_core_tsv_r8_scale03_repair000,546c828af41198edfcc3520d8c0f283eb2555357e275e50fddef434791470b03,validation,frozen_prompt_centroid,4,3,MeetingBank,18.075529868433335
vamp_core_tsv_r8_scale03_repair000,546c828af41198edfcc3520d8c0f283eb2555357e275e50fddef434791470b03,validation,prompt_nll,4,3,MeetingBank,17.72779676553011
vamp_core_tsv_r8_scale03_repair000,546c828af41198edfcc3520d8c0f283eb2555357e275e50fddef434791470b03,validation,task_aware,4,3,MeetingBank,18.019901319402344
vamp_core_tsv_r8_scale03_repair000,546c828af41198edfcc3520d8c0f283eb2555357e275e50fddef434791470b03,test,answer_oracle,4,4,Py150,60.21
vamp_core_tsv_r8_scale03_repair000,546c828af41198edfcc3520d8c0f283eb2555357e275e50fddef434791470b03,test,frozen_prompt_centroid,4,4,Py150,45.55
vamp_core_tsv_r8_scale03_repair000,546c828af41198edfcc3520d8c0f283eb2555357e275e50fddef434791470b03,test,prompt_nll,4,4,Py150,9.18
vamp_core_tsv_r8_scale03_repair000,546c828af41198edfcc3520d8c0f283eb2555357e275e50fddef434791470b03,test,task_aware,4,4,Py150,55.39
vamp_core_tsv_r8_scale03_repair000,546c828af41198edfcc3520d8c0f283eb2555357e275e50fddef434791470b03,validation,answer_oracle,4,4,Py150,59.32
vamp_core_tsv_r8_scale03_repair000,546c828af41198edfcc3520d8c0f283eb2555357e275e50fddef434791470b03,validation,frozen_prompt_centroid,4,4,Py150,35.78
vamp_core_tsv_r8_scale03_repair000,546c828af41198edfcc3520d8c0f283eb2555357e275e50fddef434791470b03,validation,prompt_nll,4,4,Py150,6.59
vamp_core_tsv_r8_scale03_repair000,546c828af41198edfcc3520d8c0f283eb2555357e275e50fddef434791470b03,validation,task_aware,4,4,Py150,53.51
vamp_core_tsv_r8_scale03_repair000,546c828af41198edfcc3520d8c0f283eb2555357e275e50fddef434791470b03,test,answer_oracle,5,1,C-STANCE,3.0
vamp_core_tsv_r8_scale03_repair000,546c828af41198edfcc3520d8c0f283eb2555357e275e50fddef434791470b03,test,frozen_prompt_centroid,5,1,C-STANCE,3.0
vamp_core_tsv_r8_scale03_repair000,546c828af41198edfcc3520d8c0f283eb2555357e275e50fddef434791470b03,test,prompt_nll,5,1,C-STANCE,0.0
vamp_core_tsv_r8_scale03_repair000,546c828af41198edfcc3520d8c0f283eb2555357e275e50fddef434791470b03,test,task_aware,5,1,C-STANCE,3.0
vamp_core_tsv_r8_scale03_repair000,546c828af41198edfcc3520d8c0f283eb2555357e275e50fddef434791470b03,validation,answer_oracle,5,1,C-STANCE,3.0
vamp_core_tsv_r8_scale03_repair000,546c828af41198edfcc3520d8c0f283eb2555357e275e50fddef434791470b03,validation,frozen_prompt_centroid,5,1,C-STANCE,3.0
vamp_core_tsv_r8_scale03_repair000,546c828af41198edfcc3520d8c0f283eb2555357e275e50fddef434791470b03,validation,prompt_nll,5,1,C-STANCE,1.0
vamp_core_tsv_r8_scale03_repair000,546c828af41198edfcc3520d8c0f283eb2555357e275e50fddef434791470b03,validation,task_aware,5,1,C-STANCE,3.0
vamp_core_tsv_r8_scale03_repair000,546c828af41198edfcc3520d8c0f283eb2555357e275e50fddef434791470b03,test,answer_oracle,5,2,FOMC,0.0
vamp_core_tsv_r8_scale03_repair000,546c828af41198edfcc3520d8c0f283eb2555357e275e50fddef434791470b03,test,frozen_prompt_centroid,5,2,FOMC,0.0
vamp_core_tsv_r8_scale03_repair000,546c828af41198edfcc3520d8c0f283eb2555357e275e50fddef434791470b03,test,prompt_nll,5,2,FOMC,0.0
vamp_core_tsv_r8_scale03_repair000,546c828af41198edfcc3520d8c0f283eb2555357e275e50fddef434791470b03,test,task_aware,5,2,FOMC,0.0
vamp_core_tsv_r8_scale03_repair000,546c828af41198edfcc3520d8c0f283eb2555357e275e50fddef434791470b03,validation,answer_oracle,5,2,FOMC,0.0
vamp_core_tsv_r8_scale03_repair000,546c828af41198edfcc3520d8c0f283eb2555357e275e50fddef434791470b03,validation,frozen_prompt_centroid,5,2,FOMC,0.0
vamp_core_tsv_r8_scale03_repair000,546c828af41198edfcc3520d8c0f283eb2555357e275e50fddef434791470b03,validation,prompt_nll,5,2,FOMC,0.0
vamp_core_tsv_r8_scale03_repair000,546c828af41198edfcc3520d8c0f283eb2555357e275e50fddef434791470b03,validation,task_aware,5,2,FOMC,0.0
vamp_core_tsv_r8_scale03_repair000,546c828af41198edfcc3520d8c0f283eb2555357e275e50fddef434791470b03,test,answer_oracle,5,3,MeetingBank,22.991357758955566
vamp_core_tsv_r8_scale03_repair000,546c828af41198edfcc3520d8c0f283eb2555357e275e50fddef434791470b03,test,frozen_prompt_centroid,5,3,MeetingBank,19.040249140010477
vamp_core_tsv_r8_scale03_repair000,546c828af41198edfcc3520d8c0f283eb2555357e275e50fddef434791470b03,test,prompt_nll,5,3,MeetingBank,18.39698204902658
vamp_core_tsv_r8_scale03_repair000,546c828af41198edfcc3520d8c0f283eb2555357e275e50fddef434791470b03,test,task_aware,5,3,MeetingBank,18.66319920675895
vamp_core_tsv_r8_scale03_repair000,546c828af41198edfcc3520d8c0f283eb2555357e275e50fddef434791470b03,validation,answer_oracle,5,3,MeetingBank,22.05681373082763
vamp_core_tsv_r8_scale03_repair000,546c828af41198edfcc3520d8c0f283eb2555357e275e50fddef434791470b03,validation,frozen_prompt_centroid,5,3,MeetingBank,17.678551065527166
vamp_core_tsv_r8_scale03_repair000,546c828af41198edfcc3520d8c0f283eb2555357e275e50fddef434791470b03,validation,prompt_nll,5,3,MeetingBank,17.886371502136825
vamp_core_tsv_r8_scale03_repair000,546c828af41198edfcc3520d8c0f283eb2555357e275e50fddef434791470b03,validation,task_aware,5,3,MeetingBank,17.87943280713475
vamp_core_tsv_r8_scale03_repair000,546c828af41198edfcc3520d8c0f283eb2555357e275e50fddef434791470b03,test,answer_oracle,5,4,Py150,4.72
vamp_core_tsv_r8_scale03_repair000,546c828af41198edfcc3520d8c0f283eb2555357e275e50fddef434791470b03,test,frozen_prompt_centroid,5,4,Py150,4.14
vamp_core_tsv_r8_scale03_repair000,546c828af41198edfcc3520d8c0f283eb2555357e275e50fddef434791470b03,test,prompt_nll,5,4,Py150,4.12
vamp_core_tsv_r8_scale03_repair000,546c828af41198edfcc3520d8c0f283eb2555357e275e50fddef434791470b03,test,task_aware,5,4,Py150,4.14
vamp_core_tsv_r8_scale03_repair000,546c828af41198edfcc3520d8c0f283eb2555357e275e50fddef434791470b03,validation,answer_oracle,5,4,Py150,4.58
vamp_core_tsv_r8_scale03_repair000,546c828af41198edfcc3520d8c0f283eb2555357e275e50fddef434791470b03,validation,frozen_prompt_centroid,5,4,Py150,4.06
vamp_core_tsv_r8_scale03_repair000,546c828af41198edfcc3520d8c0f283eb2555357e275e50fddef434791470b03,validation,prompt_nll,5,4,Py150,3.98
vamp_core_tsv_r8_scale03_repair000,546c828af41198edfcc3520d8c0f283eb2555357e275e50fddef434791470b03,validation,task_aware,5,4,Py150,4.06
vamp_core_tsv_r8_scale03_repair000,546c828af41198edfcc3520d8c0f283eb2555357e275e50fddef434791470b03,test,answer_oracle,5,5,ScienceQA,83.0
vamp_core_tsv_r8_scale03_repair000,546c828af41198edfcc3520d8c0f283eb2555357e275e50fddef434791470b03,test,frozen_prompt_centroid,5,5,ScienceQA,70.0
vamp_core_tsv_r8_scale03_repair000,546c828af41198edfcc3520d8c0f283eb2555357e275e50fddef434791470b03,test,prompt_nll,5,5,ScienceQA,70.0
vamp_core_tsv_r8_scale03_repair000,546c828af41198edfcc3520d8c0f283eb2555357e275e50fddef434791470b03,test,task_aware,5,5,ScienceQA,68.0
vamp_core_tsv_r8_scale03_repair000,546c828af41198edfcc3520d8c0f283eb2555357e275e50fddef434791470b03,validation,answer_oracle,5,5,ScienceQA,83.0
vamp_core_tsv_r8_scale03_repair000,546c828af41198edfcc3520d8c0f283eb2555357e275e50fddef434791470b03,validation,frozen_prompt_centroid,5,5,ScienceQA,76.0
vamp_core_tsv_r8_scale03_repair000,546c828af41198edfcc3520d8c0f283eb2555357e275e50fddef434791470b03,validation,prompt_nll,5,5,ScienceQA,77.0
vamp_core_tsv_r8_scale03_repair000,546c828af41198edfcc3520d8c0f283eb2555357e275e50fddef434791470b03,validation,task_aware,5,5,ScienceQA,77.0
vamp_core_tsv_r8_scale03_repair000,546c828af41198edfcc3520d8c0f283eb2555357e275e50fddef434791470b03,test,answer_oracle,6,1,C-STANCE,4.0
vamp_core_tsv_r8_scale03_repair000,546c828af41198edfcc3520d8c0f283eb2555357e275e50fddef434791470b03,test,frozen_prompt_centroid,6,1,C-STANCE,3.0
vamp_core_tsv_r8_scale03_repair000,546c828af41198edfcc3520d8c0f283eb2555357e275e50fddef434791470b03,test,prompt_nll,6,1,C-STANCE,2.0
vamp_core_tsv_r8_scale03_repair000,546c828af41198edfcc3520d8c0f283eb2555357e275e50fddef434791470b03,test,task_aware,6,1,C-STANCE,3.0
vamp_core_tsv_r8_scale03_repair000,546c828af41198edfcc3520d8c0f283eb2555357e275e50fddef434791470b03,validation,answer_oracle,6,1,C-STANCE,4.0
vamp_core_tsv_r8_scale03_repair000,546c828af41198edfcc3520d8c0f283eb2555357e275e50fddef434791470b03,validation,frozen_prompt_centroid,6,1,C-STANCE,3.0
vamp_core_tsv_r8_scale03_repair000,546c828af41198edfcc3520d8c0f283eb2555357e275e50fddef434791470b03,validation,prompt_nll,6,1,C-STANCE,2.0
vamp_core_tsv_r8_scale03_repair000,546c828af41198edfcc3520d8c0f283eb2555357e275e50fddef434791470b03,validation,task_aware,6,1,C-STANCE,3.0
vamp_core_tsv_r8_scale03_repair000,546c828af41198edfcc3520d8c0f283eb2555357e275e50fddef434791470b03,test,answer_oracle,6,2,FOMC,5.0
vamp_core_tsv_r8_scale03_repair000,546c828af41198edfcc3520d8c0f283eb2555357e275e50fddef434791470b03,test,frozen_prompt_centroid,6,2,FOMC,0.0
vamp_core_tsv_r8_scale03_repair000,546c828af41198edfcc3520d8c0f283eb2555357e275e50fddef434791470b03,test,prompt_nll,6,2,FOMC,0.0
vamp_core_tsv_r8_scale03_repair000,546c828af41198edfcc3520d8c0f283eb2555357e275e50fddef434791470b03,test,task_aware,6,2,FOMC,5.0
vamp_core_tsv_r8_scale03_repair000,546c828af41198edfcc3520d8c0f283eb2555357e275e50fddef434791470b03,validation,answer_oracle,6,2,FOMC,7.0
vamp_core_tsv_r8_scale03_repair000,546c828af41198edfcc3520d8c0f283eb2555357e275e50fddef434791470b03,validation,frozen_prompt_centroid,6,2,FOMC,0.0
vamp_core_tsv_r8_scale03_repair000,546c828af41198edfcc3520d8c0f283eb2555357e275e50fddef434791470b03,validation,prompt_nll,6,2,FOMC,1.0
vamp_core_tsv_r8_scale03_repair000,546c828af41198edfcc3520d8c0f283eb2555357e275e50fddef434791470b03,validation,task_aware,6,2,FOMC,7.0
vamp_core_tsv_r8_scale03_repair000,546c828af41198edfcc3520d8c0f283eb2555357e275e50fddef434791470b03,test,answer_oracle,6,3,MeetingBank,23.602691235906185
vamp_core_tsv_r8_scale03_repair000,546c828af41198edfcc3520d8c0f283eb2555357e275e50fddef434791470b03,test,frozen_prompt_centroid,6,3,MeetingBank,17.494491919547997
vamp_core_tsv_r8_scale03_repair000,546c828af41198edfcc3520d8c0f283eb2555357e275e50fddef434791470b03,test,prompt_nll,6,3,MeetingBank,18.872521208692742
vamp_core_tsv_r8_scale03_repair000,546c828af41198edfcc3520d8c0f283eb2555357e275e50fddef434791470b03,test,task_aware,6,3,MeetingBank,18.0911836289494
vamp_core_tsv_r8_scale03_repair000,546c828af41198edfcc3520d8c0f283eb2555357e275e50fddef434791470b03,validation,answer_oracle,6,3,MeetingBank,22.622074273701074
vamp_core_tsv_r8_scale03_repair000,546c828af41198edfcc3520d8c0f283eb2555357e275e50fddef434791470b03,validation,frozen_prompt_centroid,6,3,MeetingBank,17.30257308967979
vamp_core_tsv_r8_scale03_repair000,546c828af41198edfcc3520d8c0f283eb2555357e275e50fddef434791470b03,validation,prompt_nll,6,3,MeetingBank,17.704880094460986
vamp_core_tsv_r8_scale03_repair000,546c828af41198edfcc3520d8c0f283eb2555357e275e50fddef434791470b03,validation,task_aware,6,3,MeetingBank,17.92248189569848
vamp_core_tsv_r8_scale03_repair000,546c828af41198edfcc3520d8c0f283eb2555357e275e50fddef434791470b03,test,answer_oracle,6,6,NumGLUE-cm,35.80246913580247
vamp_core_tsv_r8_scale03_repair000,546c828af41198edfcc3520d8c0f283eb2555357e275e50fddef434791470b03,test,frozen_prompt_centroid,6,6,NumGLUE-cm,14.814814814814815
vamp_core_tsv_r8_scale03_repair000,546c828af41198edfcc3520d8c0f283eb2555357e275e50fddef434791470b03,test,prompt_nll,6,6,NumGLUE-cm,12.345679012345679
vamp_core_tsv_r8_scale03_repair000,546c828af41198edfcc3520d8c0f283eb2555357e275e50fddef434791470b03,test,task_aware,6,6,NumGLUE-cm,22.22222222222222
vamp_core_tsv_r8_scale03_repair000,546c828af41198edfcc3520d8c0f283eb2555357e275e50fddef434791470b03,validation,answer_oracle,6,6,NumGLUE-cm,58.53658536585366
vamp_core_tsv_r8_scale03_repair000,546c828af41198edfcc3520d8c0f283eb2555357e275e50fddef434791470b03,validation,frozen_prompt_centroid,6,6,NumGLUE-cm,36.58536585365854
vamp_core_tsv_r8_scale03_repair000,546c828af41198edfcc3520d8c0f283eb2555357e275e50fddef434791470b03,validation,prompt_nll,6,6,NumGLUE-cm,17.073170731707318
vamp_core_tsv_r8_scale03_repair000,546c828af41198edfcc3520d8c0f283eb2555357e275e50fddef434791470b03,validation,task_aware,6,6,NumGLUE-cm,36.58536585365854
vamp_core_tsv_r8_scale03_repair000,546c828af41198edfcc3520d8c0f283eb2555357e275e50fddef434791470b03,test,answer_oracle,6,4,Py150,7.46
vamp_core_tsv_r8_scale03_repair000,546c828af41198edfcc3520d8c0f283eb2555357e275e50fddef434791470b03,test,frozen_prompt_centroid,6,4,Py150,3.93
vamp_core_tsv_r8_scale03_repair000,546c828af41198edfcc3520d8c0f283eb2555357e275e50fddef434791470b03,test,prompt_nll,6,4,Py150,3.91
vamp_core_tsv_r8_scale03_repair000,546c828af41198edfcc3520d8c0f283eb2555357e275e50fddef434791470b03,test,task_aware,6,4,Py150,6.47
vamp_core_tsv_r8_scale03_repair000,546c828af41198edfcc3520d8c0f283eb2555357e275e50fddef434791470b03,validation,answer_oracle,6,4,Py150,5.98
vamp_core_tsv_r8_scale03_repair000,546c828af41198edfcc3520d8c0f283eb2555357e275e50fddef434791470b03,validation,frozen_prompt_centroid,6,4,Py150,3.98
vamp_core_tsv_r8_scale03_repair000,546c828af41198edfcc3520d8c0f283eb2555357e275e50fddef434791470b03,validation,prompt_nll,6,4,Py150,3.92
vamp_core_tsv_r8_scale03_repair000,546c828af41198edfcc3520d8c0f283eb2555357e275e50fddef434791470b03,validation,task_aware,6,4,Py150,5.42
vamp_core_tsv_r8_scale03_repair000,546c828af41198edfcc3520d8c0f283eb2555357e275e50fddef434791470b03,test,answer_oracle,6,5,ScienceQA,77.0
vamp_core_tsv_r8_scale03_repair000,546c828af41198edfcc3520d8c0f283eb2555357e275e50fddef434791470b03,test,frozen_prompt_centroid,6,5,ScienceQA,68.0
vamp_core_tsv_r8_scale03_repair000,546c828af41198edfcc3520d8c0f283eb2555357e275e50fddef434791470b03,test,prompt_nll,6,5,ScienceQA,68.0
vamp_core_tsv_r8_scale03_repair000,546c828af41198edfcc3520d8c0f283eb2555357e275e50fddef434791470b03,test,task_aware,6,5,ScienceQA,67.0
vamp_core_tsv_r8_scale03_repair000,546c828af41198edfcc3520d8c0f283eb2555357e275e50fddef434791470b03,validation,answer_oracle,6,5,ScienceQA,87.0
vamp_core_tsv_r8_scale03_repair000,546c828af41198edfcc3520d8c0f283eb2555357e275e50fddef434791470b03,validation,frozen_prompt_centroid,6,5,ScienceQA,73.0
vamp_core_tsv_r8_scale03_repair000,546c828af41198edfcc3520d8c0f283eb2555357e275e50fddef434791470b03,validation,prompt_nll,6,5,ScienceQA,72.0
vamp_core_tsv_r8_scale03_repair000,546c828af41198edfcc3520d8c0f283eb2555357e275e50fddef434791470b03,validation,task_aware,6,5,ScienceQA,76.0
vamp_core_tsv_r8_scale03_repair000,546c828af41198edfcc3520d8c0f283eb2555357e275e50fddef434791470b03,test,answer_oracle,7,1,C-STANCE,6.0
vamp_core_tsv_r8_scale03_repair000,546c828af41198edfcc3520d8c0f283eb2555357e275e50fddef434791470b03,test,frozen_prompt_centroid,7,1,C-STANCE,0.0
vamp_core_tsv_r8_scale03_repair000,546c828af41198edfcc3520d8c0f283eb2555357e275e50fddef434791470b03,test,prompt_nll,7,1,C-STANCE,0.0
vamp_core_tsv_r8_scale03_repair000,546c828af41198edfcc3520d8c0f283eb2555357e275e50fddef434791470b03,test,task_aware,7,1,C-STANCE,6.0
vamp_core_tsv_r8_scale03_repair000,546c828af41198edfcc3520d8c0f283eb2555357e275e50fddef434791470b03,validation,answer_oracle,7,1,C-STANCE,5.0
vamp_core_tsv_r8_scale03_repair000,546c828af41198edfcc3520d8c0f283eb2555357e275e50fddef434791470b03,validation,frozen_prompt_centroid,7,1,C-STANCE,1.0
vamp_core_tsv_r8_scale03_repair000,546c828af41198edfcc3520d8c0f283eb2555357e275e50fddef434791470b03,validation,prompt_nll,7,1,C-STANCE,2.0
vamp_core_tsv_r8_scale03_repair000,546c828af41198edfcc3520d8c0f283eb2555357e275e50fddef434791470b03,validation,task_aware,7,1,C-STANCE,5.0
vamp_core_tsv_r8_scale03_repair000,546c828af41198edfcc3520d8c0f283eb2555357e275e50fddef434791470b03,test,answer_oracle,7,2,FOMC,4.0
vamp_core_tsv_r8_scale03_repair000,546c828af41198edfcc3520d8c0f283eb2555357e275e50fddef434791470b03,test,frozen_prompt_centroid,7,2,FOMC,0.0
vamp_core_tsv_r8_scale03_repair000,546c828af41198edfcc3520d8c0f283eb2555357e275e50fddef434791470b03,test,prompt_nll,7,2,FOMC,0.0
vamp_core_tsv_r8_scale03_repair000,546c828af41198edfcc3520d8c0f283eb2555357e275e50fddef434791470b03,test,task_aware,7,2,FOMC,4.0
vamp_core_tsv_r8_scale03_repair000,546c828af41198edfcc3520d8c0f283eb2555357e275e50fddef434791470b03,validation,answer_oracle,7,2,FOMC,6.0
vamp_core_tsv_r8_scale03_repair000,546c828af41198edfcc3520d8c0f283eb2555357e275e50fddef434791470b03,validation,frozen_prompt_centroid,7,2,FOMC,0.0
vamp_core_tsv_r8_scale03_repair000,546c828af41198edfcc3520d8c0f283eb2555357e275e50fddef434791470b03,validation,prompt_nll,7,2,FOMC,0.0
vamp_core_tsv_r8_scale03_repair000,546c828af41198edfcc3520d8c0f283eb2555357e275e50fddef434791470b03,validation,task_aware,7,2,FOMC,6.0
vamp_core_tsv_r8_scale03_repair000,546c828af41198edfcc3520d8c0f283eb2555357e275e50fddef434791470b03,test,answer_oracle,7,3,MeetingBank,22.838778616435505
vamp_core_tsv_r8_scale03_repair000,546c828af41198edfcc3520d8c0f283eb2555357e275e50fddef434791470b03,test,frozen_prompt_centroid,7,3,MeetingBank,18.166278476852906
vamp_core_tsv_r8_scale03_repair000,546c828af41198edfcc3520d8c0f283eb2555357e275e50fddef434791470b03,test,prompt_nll,7,3,MeetingBank,18.4484302472121
vamp_core_tsv_r8_scale03_repair000,546c828af41198edfcc3520d8c0f283eb2555357e275e50fddef434791470b03,test,task_aware,7,3,MeetingBank,18.61381410649544
vamp_core_tsv_r8_scale03_repair000,546c828af41198edfcc3520d8c0f283eb2555357e275e50fddef434791470b03,validation,answer_oracle,7,3,MeetingBank,22.021475378478797
vamp_core_tsv_r8_scale03_repair000,546c828af41198edfcc3520d8c0f283eb2555357e275e50fddef434791470b03,validation,frozen_prompt_centroid,7,3,MeetingBank,17.42743191249062
vamp_core_tsv_r8_scale03_repair000,546c828af41198edfcc3520d8c0f283eb2555357e275e50fddef434791470b03,validation,prompt_nll,7,3,MeetingBank,17.566087140112785
vamp_core_tsv_r8_scale03_repair000,546c828af41198edfcc3520d8c0f283eb2555357e275e50fddef434791470b03,validation,task_aware,7,3,MeetingBank,17.49311943140279
vamp_core_tsv_r8_scale03_repair000,546c828af41198edfcc3520d8c0f283eb2555357e275e50fddef434791470b03,test,answer_oracle,7,6,NumGLUE-cm,19.753086419753085
vamp_core_tsv_r8_scale03_repair000,546c828af41198edfcc3520d8c0f283eb2555357e275e50fddef434791470b03,test,frozen_prompt_centroid,7,6,NumGLUE-cm,11.11111111111111
vamp_core_tsv_r8_scale03_repair000,546c828af41198edfcc3520d8c0f283eb2555357e275e50fddef434791470b03,test,prompt_nll,7,6,NumGLUE-cm,8.641975308641975
vamp_core_tsv_r8_scale03_repair000,546c828af41198edfcc3520d8c0f283eb2555357e275e50fddef434791470b03,test,task_aware,7,6,NumGLUE-cm,11.11111111111111
vamp_core_tsv_r8_scale03_repair000,546c828af41198edfcc3520d8c0f283eb2555357e275e50fddef434791470b03,validation,answer_oracle,7,6,NumGLUE-cm,24.390243902439025
vamp_core_tsv_r8_scale03_repair000,546c828af41198edfcc3520d8c0f283eb2555357e275e50fddef434791470b03,validation,frozen_prompt_centroid,7,6,NumGLUE-cm,17.073170731707318
vamp_core_tsv_r8_scale03_repair000,546c828af41198edfcc3520d8c0f283eb2555357e275e50fddef434791470b03,validation,prompt_nll,7,6,NumGLUE-cm,9.75609756097561
vamp_core_tsv_r8_scale03_repair000,546c828af41198edfcc3520d8c0f283eb2555357e275e50fddef434791470b03,validation,task_aware,7,6,NumGLUE-cm,17.073170731707318
vamp_core_tsv_r8_scale03_repair000,546c828af41198edfcc3520d8c0f283eb2555357e275e50fddef434791470b03,test,answer_oracle,7,7,NumGLUE-ds,46.0
vamp_core_tsv_r8_scale03_repair000,546c828af41198edfcc3520d8c0f283eb2555357e275e50fddef434791470b03,test,frozen_prompt_centroid,7,7,NumGLUE-ds,38.0
vamp_core_tsv_r8_scale03_repair000,546c828af41198edfcc3520d8c0f283eb2555357e275e50fddef434791470b03,test,prompt_nll,7,7,NumGLUE-ds,16.0
vamp_core_tsv_r8_scale03_repair000,546c828af41198edfcc3520d8c0f283eb2555357e275e50fddef434791470b03,test,task_aware,7,7,NumGLUE-ds,42.0
vamp_core_tsv_r8_scale03_repair000,546c828af41198edfcc3520d8c0f283eb2555357e275e50fddef434791470b03,validation,answer_oracle,7,7,NumGLUE-ds,42.0
vamp_core_tsv_r8_scale03_repair000,546c828af41198edfcc3520d8c0f283eb2555357e275e50fddef434791470b03,validation,frozen_prompt_centroid,7,7,NumGLUE-ds,30.0
vamp_core_tsv_r8_scale03_repair000,546c828af41198edfcc3520d8c0f283eb2555357e275e50fddef434791470b03,validation,prompt_nll,7,7,NumGLUE-ds,12.0
vamp_core_tsv_r8_scale03_repair000,546c828af41198edfcc3520d8c0f283eb2555357e275e50fddef434791470b03,validation,task_aware,7,7,NumGLUE-ds,37.0
vamp_core_tsv_r8_scale03_repair000,546c828af41198edfcc3520d8c0f283eb2555357e275e50fddef434791470b03,test,answer_oracle,7,4,Py150,6.99
vamp_core_tsv_r8_scale03_repair000,546c828af41198edfcc3520d8c0f283eb2555357e275e50fddef434791470b03,test,frozen_prompt_centroid,7,4,Py150,3.93
vamp_core_tsv_r8_scale03_repair000,546c828af41198edfcc3520d8c0f283eb2555357e275e50fddef434791470b03,test,prompt_nll,7,4,Py150,3.95
vamp_core_tsv_r8_scale03_repair000,546c828af41198edfcc3520d8c0f283eb2555357e275e50fddef434791470b03,test,task_aware,7,4,Py150,6.33
vamp_core_tsv_r8_scale03_repair000,546c828af41198edfcc3520d8c0f283eb2555357e275e50fddef434791470b03,validation,answer_oracle,7,4,Py150,5.0
vamp_core_tsv_r8_scale03_repair000,546c828af41198edfcc3520d8c0f283eb2555357e275e50fddef434791470b03,validation,frozen_prompt_centroid,7,4,Py150,4.04
vamp_core_tsv_r8_scale03_repair000,546c828af41198edfcc3520d8c0f283eb2555357e275e50fddef434791470b03,validation,prompt_nll,7,4,Py150,4.0
vamp_core_tsv_r8_scale03_repair000,546c828af41198edfcc3520d8c0f283eb2555357e275e50fddef434791470b03,validation,task_aware,7,4,Py150,4.41
vamp_core_tsv_r8_scale03_repair000,546c828af41198edfcc3520d8c0f283eb2555357e275e50fddef434791470b03,test,answer_oracle,7,5,ScienceQA,77.0
vamp_core_tsv_r8_scale03_repair000,546c828af41198edfcc3520d8c0f283eb2555357e275e50fddef434791470b03,test,frozen_prompt_centroid,7,5,ScienceQA,68.0
vamp_core_tsv_r8_scale03_repair000,546c828af41198edfcc3520d8c0f283eb2555357e275e50fddef434791470b03,test,prompt_nll,7,5,ScienceQA,66.0
vamp_core_tsv_r8_scale03_repair000,546c828af41198edfcc3520d8c0f283eb2555357e275e50fddef434791470b03,test,task_aware,7,5,ScienceQA,68.0
vamp_core_tsv_r8_scale03_repair000,546c828af41198edfcc3520d8c0f283eb2555357e275e50fddef434791470b03,validation,answer_oracle,7,5,ScienceQA,85.0
vamp_core_tsv_r8_scale03_repair000,546c828af41198edfcc3520d8c0f283eb2555357e275e50fddef434791470b03,validation,frozen_prompt_centroid,7,5,ScienceQA,77.0
vamp_core_tsv_r8_scale03_repair000,546c828af41198edfcc3520d8c0f283eb2555357e275e50fddef434791470b03,validation,prompt_nll,7,5,ScienceQA,74.0
vamp_core_tsv_r8_scale03_repair000,546c828af41198edfcc3520d8c0f283eb2555357e275e50fddef434791470b03,validation,task_aware,7,5,ScienceQA,77.0
vamp_core_tsv_r8_scale03_repair000,546c828af41198edfcc3520d8c0f283eb2555357e275e50fddef434791470b03,test,answer_oracle,8,8,20Minuten,42.25282893650303
vamp_core_tsv_r8_scale03_repair000,546c828af41198edfcc3520d8c0f283eb2555357e275e50fddef434791470b03,test,frozen_prompt_centroid,8,8,20Minuten,38.726227951236055
vamp_core_tsv_r8_scale03_repair000,546c828af41198edfcc3520d8c0f283eb2555357e275e50fddef434791470b03,test,prompt_nll,8,8,20Minuten,37.44574877455279
vamp_core_tsv_r8_scale03_repair000,546c828af41198edfcc3520d8c0f283eb2555357e275e50fddef434791470b03,test,task_aware,8,8,20Minuten,38.883014069269414
vamp_core_tsv_r8_scale03_repair000,546c828af41198edfcc3520d8c0f283eb2555357e275e50fddef434791470b03,validation,answer_oracle,8,8,20Minuten,42.210796567447865
vamp_core_tsv_r8_scale03_repair000,546c828af41198edfcc3520d8c0f283eb2555357e275e50fddef434791470b03,validation,frozen_prompt_centroid,8,8,20Minuten,38.69448977900205
vamp_core_tsv_r8_scale03_repair000,546c828af41198edfcc3520d8c0f283eb2555357e275e50fddef434791470b03,validation,prompt_nll,8,8,20Minuten,37.168083411927604
vamp_core_tsv_r8_scale03_repair000,546c828af41198edfcc3520d8c0f283eb2555357e275e50fddef434791470b03,validation,task_aware,8,8,20Minuten,39.12847854350139
vamp_core_tsv_r8_scale03_repair000,546c828af41198edfcc3520d8c0f283eb2555357e275e50fddef434791470b03,test,answer_oracle,8,1,C-STANCE,16.0
vamp_core_tsv_r8_scale03_repair000,546c828af41198edfcc3520d8c0f283eb2555357e275e50fddef434791470b03,test,frozen_prompt_centroid,8,1,C-STANCE,1.0
vamp_core_tsv_r8_scale03_repair000,546c828af41198edfcc3520d8c0f283eb2555357e275e50fddef434791470b03,test,prompt_nll,8,1,C-STANCE,3.0
vamp_core_tsv_r8_scale03_repair000,546c828af41198edfcc3520d8c0f283eb2555357e275e50fddef434791470b03,test,task_aware,8,1,C-STANCE,16.0
vamp_core_tsv_r8_scale03_repair000,546c828af41198edfcc3520d8c0f283eb2555357e275e50fddef434791470b03,validation,answer_oracle,8,1,C-STANCE,12.0
vamp_core_tsv_r8_scale03_repair000,546c828af41198edfcc3520d8c0f283eb2555357e275e50fddef434791470b03,validation,frozen_prompt_centroid,8,1,C-STANCE,1.0
vamp_core_tsv_r8_scale03_repair000,546c828af41198edfcc3520d8c0f283eb2555357e275e50fddef434791470b03,validation,prompt_nll,8,1,C-STANCE,2.0
vamp_core_tsv_r8_scale03_repair000,546c828af41198edfcc3520d8c0f283eb2555357e275e50fddef434791470b03,validation,task_aware,8,1,C-STANCE,11.0
vamp_core_tsv_r8_scale03_repair000,546c828af41198edfcc3520d8c0f283eb2555357e275e50fddef434791470b03,test,answer_oracle,8,2,FOMC,0.0
vamp_core_tsv_r8_scale03_repair000,546c828af41198edfcc3520d8c0f283eb2555357e275e50fddef434791470b03,test,frozen_prompt_centroid,8,2,FOMC,0.0
vamp_core_tsv_r8_scale03_repair000,546c828af41198edfcc3520d8c0f283eb2555357e275e50fddef434791470b03,test,prompt_nll,8,2,FOMC,0.0
vamp_core_tsv_r8_scale03_repair000,546c828af41198edfcc3520d8c0f283eb2555357e275e50fddef434791470b03,test,task_aware,8,2,FOMC,0.0
vamp_core_tsv_r8_scale03_repair000,546c828af41198edfcc3520d8c0f283eb2555357e275e50fddef434791470b03,validation,answer_oracle,8,2,FOMC,0.0
vamp_core_tsv_r8_scale03_repair000,546c828af41198edfcc3520d8c0f283eb2555357e275e50fddef434791470b03,validation,frozen_prompt_centroid,8,2,FOMC,0.0
vamp_core_tsv_r8_scale03_repair000,546c828af41198edfcc3520d8c0f283eb2555357e275e50fddef434791470b03,validation,prompt_nll,8,2,FOMC,0.0
vamp_core_tsv_r8_scale03_repair000,546c828af41198edfcc3520d8c0f283eb2555357e275e50fddef434791470b03,validation,task_aware,8,2,FOMC,0.0
vamp_core_tsv_r8_scale03_repair000,546c828af41198edfcc3520d8c0f283eb2555357e275e50fddef434791470b03,test,answer_oracle,8,3,MeetingBank,23.791871178099544
vamp_core_tsv_r8_scale03_repair000,546c828af41198edfcc3520d8c0f283eb2555357e275e50fddef434791470b03,test,frozen_prompt_centroid,8,3,MeetingBank,18.120883822515673
vamp_core_tsv_r8_scale03_repair000,546c828af41198edfcc3520d8c0f283eb2555357e275e50fddef434791470b03,test,prompt_nll,8,3,MeetingBank,19.116972048199763
vamp_core_tsv_r8_scale03_repair000,546c828af41198edfcc3520d8c0f283eb2555357e275e50fddef434791470b03,test,task_aware,8,3,MeetingBank,17.675900306317605
vamp_core_tsv_r8_scale03_repair000,546c828af41198edfcc3520d8c0f283eb2555357e275e50fddef434791470b03,validation,answer_oracle,8,3,MeetingBank,22.034817239637817
vamp_core_tsv_r8_scale03_repair000,546c828af41198edfcc3520d8c0f283eb2555357e275e50fddef434791470b03,validation,frozen_prompt_centroid,8,3,MeetingBank,17.313941997094226
vamp_core_tsv_r8_scale03_repair000,546c828af41198edfcc3520d8c0f283eb2555357e275e50fddef434791470b03,validation,prompt_nll,8,3,MeetingBank,18.245630664384983
vamp_core_tsv_r8_scale03_repair000,546c828af41198edfcc3520d8c0f283eb2555357e275e50fddef434791470b03,validation,task_aware,8,3,MeetingBank,17.848222617548732
vamp_core_tsv_r8_scale03_repair000,546c828af41198edfcc3520d8c0f283eb2555357e275e50fddef434791470b03,test,answer_oracle,8,6,NumGLUE-cm,11.11111111111111
vamp_core_tsv_r8_scale03_repair000,546c828af41198edfcc3520d8c0f283eb2555357e275e50fddef434791470b03,test,frozen_prompt_centroid,8,6,NumGLUE-cm,9.876543209876543
vamp_core_tsv_r8_scale03_repair000,546c828af41198edfcc3520d8c0f283eb2555357e275e50fddef434791470b03,test,prompt_nll,8,6,NumGLUE-cm,7.407407407407407
vamp_core_tsv_r8_scale03_repair000,546c828af41198edfcc3520d8c0f283eb2555357e275e50fddef434791470b03,test,task_aware,8,6,NumGLUE-cm,6.172839506172839
vamp_core_tsv_r8_scale03_repair000,546c828af41198edfcc3520d8c0f283eb2555357e275e50fddef434791470b03,validation,answer_oracle,8,6,NumGLUE-cm,19.51219512195122
vamp_core_tsv_r8_scale03_repair000,546c828af41198edfcc3520d8c0f283eb2555357e275e50fddef434791470b03,validation,frozen_prompt_centroid,8,6,NumGLUE-cm,12.195121951219512
vamp_core_tsv_r8_scale03_repair000,546c828af41198edfcc3520d8c0f283eb2555357e275e50fddef434791470b03,validation,prompt_nll,8,6,NumGLUE-cm,12.195121951219512
vamp_core_tsv_r8_scale03_repair000,546c828af41198edfcc3520d8c0f283eb2555357e275e50fddef434791470b03,validation,task_aware,8,6,NumGLUE-cm,14.634146341463415
vamp_core_tsv_r8_scale03_repair000,546c828af41198edfcc3520d8c0f283eb2555357e275e50fddef434791470b03,test,answer_oracle,8,7,NumGLUE-ds,37.0
vamp_core_tsv_r8_scale03_repair000,546c828af41198edfcc3520d8c0f283eb2555357e275e50fddef434791470b03,test,frozen_prompt_centroid,8,7,NumGLUE-ds,34.0
vamp_core_tsv_r8_scale03_repair000,546c828af41198edfcc3520d8c0f283eb2555357e275e50fddef434791470b03,test,prompt_nll,8,7,NumGLUE-ds,19.0
vamp_core_tsv_r8_scale03_repair000,546c828af41198edfcc3520d8c0f283eb2555357e275e50fddef434791470b03,test,task_aware,8,7,NumGLUE-ds,35.0
vamp_core_tsv_r8_scale03_repair000,546c828af41198edfcc3520d8c0f283eb2555357e275e50fddef434791470b03,validation,answer_oracle,8,7,NumGLUE-ds,27.0
vamp_core_tsv_r8_scale03_repair000,546c828af41198edfcc3520d8c0f283eb2555357e275e50fddef434791470b03,validation,frozen_prompt_centroid,8,7,NumGLUE-ds,22.0
vamp_core_tsv_r8_scale03_repair000,546c828af41198edfcc3520d8c0f283eb2555357e275e50fddef434791470b03,validation,prompt_nll,8,7,NumGLUE-ds,14.0
vamp_core_tsv_r8_scale03_repair000,546c828af41198edfcc3520d8c0f283eb2555357e275e50fddef434791470b03,validation,task_aware,8,7,NumGLUE-ds,22.0
vamp_core_tsv_r8_scale03_repair000,546c828af41198edfcc3520d8c0f283eb2555357e275e50fddef434791470b03,test,answer_oracle,8,4,Py150,4.63
vamp_core_tsv_r8_scale03_repair000,546c828af41198edfcc3520d8c0f283eb2555357e275e50fddef434791470b03,test,frozen_prompt_centroid,8,4,Py150,3.82
vamp_core_tsv_r8_scale03_repair000,546c828af41198edfcc3520d8c0f283eb2555357e275e50fddef434791470b03,test,prompt_nll,8,4,Py150,3.87
vamp_core_tsv_r8_scale03_repair000,546c828af41198edfcc3520d8c0f283eb2555357e275e50fddef434791470b03,test,task_aware,8,4,Py150,3.88
vamp_core_tsv_r8_scale03_repair000,546c828af41198edfcc3520d8c0f283eb2555357e275e50fddef434791470b03,validation,answer_oracle,8,4,Py150,4.81
vamp_core_tsv_r8_scale03_repair000,546c828af41198edfcc3520d8c0f283eb2555357e275e50fddef434791470b03,validation,frozen_prompt_centroid,8,4,Py150,3.98
vamp_core_tsv_r8_scale03_repair000,546c828af41198edfcc3520d8c0f283eb2555357e275e50fddef434791470b03,validation,prompt_nll,8,4,Py150,4.08
vamp_core_tsv_r8_scale03_repair000,546c828af41198edfcc3520d8c0f283eb2555357e275e50fddef434791470b03,validation,task_aware,8,4,Py150,4.1
vamp_core_tsv_r8_scale03_repair000,546c828af41198edfcc3520d8c0f283eb2555357e275e50fddef434791470b03,test,answer_oracle,8,5,ScienceQA,81.0
vamp_core_tsv_r8_scale03_repair000,546c828af41198edfcc3520d8c0f283eb2555357e275e50fddef434791470b03,test,frozen_prompt_centroid,8,5,ScienceQA,66.0
vamp_core_tsv_r8_scale03_repair000,546c828af41198edfcc3520d8c0f283eb2555357e275e50fddef434791470b03,test,prompt_nll,8,5,ScienceQA,65.0
vamp_core_tsv_r8_scale03_repair000,546c828af41198edfcc3520d8c0f283eb2555357e275e50fddef434791470b03,test,task_aware,8,5,ScienceQA,67.0
vamp_core_tsv_r8_scale03_repair000,546c828af41198edfcc3520d8c0f283eb2555357e275e50fddef434791470b03,validation,answer_oracle,8,5,ScienceQA,86.0
vamp_core_tsv_r8_scale03_repair000,546c828af41198edfcc3520d8c0f283eb2555357e275e50fddef434791470b03,validation,frozen_prompt_centroid,8,5,ScienceQA,74.0
vamp_core_tsv_r8_scale03_repair000,546c828af41198edfcc3520d8c0f283eb2555357e275e50fddef434791470b03,validation,prompt_nll,8,5,ScienceQA,72.0
vamp_core_tsv_r8_scale03_repair000,546c828af41198edfcc3520d8c0f283eb2555357e275e50fddef434791470b03,validation,task_aware,8,5,ScienceQA,75.0
vamp_core_tsv_r8_scale05_repair010,828c74a74e3d66a2cfc9d94f28364e1c66a68299ff34912bbb000bfb137ccfed,test,answer_oracle,1,1,C-STANCE,65.0
vamp_core_tsv_r8_scale05_repair010,828c74a74e3d66a2cfc9d94f28364e1c66a68299ff34912bbb000bfb137ccfed,test,frozen_prompt_centroid,1,1,C-STANCE,55.0
vamp_core_tsv_r8_scale05_repair010,828c74a74e3d66a2cfc9d94f28364e1c66a68299ff34912bbb000bfb137ccfed,test,prompt_nll,1,1,C-STANCE,0.0
vamp_core_tsv_r8_scale05_repair010,828c74a74e3d66a2cfc9d94f28364e1c66a68299ff34912bbb000bfb137ccfed,test,task_aware,1,1,C-STANCE,56.0
vamp_core_tsv_r8_scale05_repair010,828c74a74e3d66a2cfc9d94f28364e1c66a68299ff34912bbb000bfb137ccfed,validation,answer_oracle,1,1,C-STANCE,54.0
vamp_core_tsv_r8_scale05_repair010,828c74a74e3d66a2cfc9d94f28364e1c66a68299ff34912bbb000bfb137ccfed,validation,frozen_prompt_centroid,1,1,C-STANCE,44.0
vamp_core_tsv_r8_scale05_repair010,828c74a74e3d66a2cfc9d94f28364e1c66a68299ff34912bbb000bfb137ccfed,validation,prompt_nll,1,1,C-STANCE,1.0
vamp_core_tsv_r8_scale05_repair010,828c74a74e3d66a2cfc9d94f28364e1c66a68299ff34912bbb000bfb137ccfed,validation,task_aware,1,1,C-STANCE,47.0
vamp_core_tsv_r8_scale05_repair010,828c74a74e3d66a2cfc9d94f28364e1c66a68299ff34912bbb000bfb137ccfed,test,answer_oracle,2,1,C-STANCE,70.0
vamp_core_tsv_r8_scale05_repair010,828c74a74e3d66a2cfc9d94f28364e1c66a68299ff34912bbb000bfb137ccfed,test,frozen_prompt_centroid,2,1,C-STANCE,54.0
vamp_core_tsv_r8_scale05_repair010,828c74a74e3d66a2cfc9d94f28364e1c66a68299ff34912bbb000bfb137ccfed,test,prompt_nll,2,1,C-STANCE,26.0
vamp_core_tsv_r8_scale05_repair010,828c74a74e3d66a2cfc9d94f28364e1c66a68299ff34912bbb000bfb137ccfed,test,task_aware,2,1,C-STANCE,54.0
vamp_core_tsv_r8_scale05_repair010,828c74a74e3d66a2cfc9d94f28364e1c66a68299ff34912bbb000bfb137ccfed,validation,answer_oracle,2,1,C-STANCE,52.0
vamp_core_tsv_r8_scale05_repair010,828c74a74e3d66a2cfc9d94f28364e1c66a68299ff34912bbb000bfb137ccfed,validation,frozen_prompt_centroid,2,1,C-STANCE,38.0
vamp_core_tsv_r8_scale05_repair010,828c74a74e3d66a2cfc9d94f28364e1c66a68299ff34912bbb000bfb137ccfed,validation,prompt_nll,2,1,C-STANCE,20.0
vamp_core_tsv_r8_scale05_repair010,828c74a74e3d66a2cfc9d94f28364e1c66a68299ff34912bbb000bfb137ccfed,validation,task_aware,2,1,C-STANCE,38.0
vamp_core_tsv_r8_scale05_repair010,828c74a74e3d66a2cfc9d94f28364e1c66a68299ff34912bbb000bfb137ccfed,test,answer_oracle,2,2,FOMC,43.0
vamp_core_tsv_r8_scale05_repair010,828c74a74e3d66a2cfc9d94f28364e1c66a68299ff34912bbb000bfb137ccfed,test,frozen_prompt_centroid,2,2,FOMC,7.0
vamp_core_tsv_r8_scale05_repair010,828c74a74e3d66a2cfc9d94f28364e1c66a68299ff34912bbb000bfb137ccfed,test,prompt_nll,2,2,FOMC,12.0
vamp_core_tsv_r8_scale05_repair010,828c74a74e3d66a2cfc9d94f28364e1c66a68299ff34912bbb000bfb137ccfed,test,task_aware,2,2,FOMC,24.0
vamp_core_tsv_r8_scale05_repair010,828c74a74e3d66a2cfc9d94f28364e1c66a68299ff34912bbb000bfb137ccfed,validation,answer_oracle,2,2,FOMC,40.0
vamp_core_tsv_r8_scale05_repair010,828c74a74e3d66a2cfc9d94f28364e1c66a68299ff34912bbb000bfb137ccfed,validation,frozen_prompt_centroid,2,2,FOMC,11.0
vamp_core_tsv_r8_scale05_repair010,828c74a74e3d66a2cfc9d94f28364e1c66a68299ff34912bbb000bfb137ccfed,validation,prompt_nll,2,2,FOMC,10.0
vamp_core_tsv_r8_scale05_repair010,828c74a74e3d66a2cfc9d94f28364e1c66a68299ff34912bbb000bfb137ccfed,validation,task_aware,2,2,FOMC,27.0
vamp_core_tsv_r8_scale05_repair010,828c74a74e3d66a2cfc9d94f28364e1c66a68299ff34912bbb000bfb137ccfed,test,answer_oracle,3,1,C-STANCE,53.0
vamp_core_tsv_r8_scale05_repair010,828c74a74e3d66a2cfc9d94f28364e1c66a68299ff34912bbb000bfb137ccfed,test,frozen_prompt_centroid,3,1,C-STANCE,52.0
vamp_core_tsv_r8_scale05_repair010,828c74a74e3d66a2cfc9d94f28364e1c66a68299ff34912bbb000bfb137ccfed,test,prompt_nll,3,1,C-STANCE,4.0
vamp_core_tsv_r8_scale05_repair010,828c74a74e3d66a2cfc9d94f28364e1c66a68299ff34912bbb000bfb137ccfed,test,task_aware,3,1,C-STANCE,52.0
vamp_core_tsv_r8_scale05_repair010,828c74a74e3d66a2cfc9d94f28364e1c66a68299ff34912bbb000bfb137ccfed,validation,answer_oracle,3,1,C-STANCE,37.0
vamp_core_tsv_r8_scale05_repair010,828c74a74e3d66a2cfc9d94f28364e1c66a68299ff34912bbb000bfb137ccfed,validation,frozen_prompt_centroid,3,1,C-STANCE,36.0
vamp_core_tsv_r8_scale05_repair010,828c74a74e3d66a2cfc9d94f28364e1c66a68299ff34912bbb000bfb137ccfed,validation,prompt_nll,3,1,C-STANCE,8.0
vamp_core_tsv_r8_scale05_repair010,828c74a74e3d66a2cfc9d94f28364e1c66a68299ff34912bbb000bfb137ccfed,validation,task_aware,3,1,C-STANCE,36.0
vamp_core_tsv_r8_scale05_repair010,828c74a74e3d66a2cfc9d94f28364e1c66a68299ff34912bbb000bfb137ccfed,test,answer_oracle,3,2,FOMC,31.0
vamp_core_tsv_r8_scale05_repair010,828c74a74e3d66a2cfc9d94f28364e1c66a68299ff34912bbb000bfb137ccfed,test,frozen_prompt_centroid,3,2,FOMC,23.0
vamp_core_tsv_r8_scale05_repair010,828c74a74e3d66a2cfc9d94f28364e1c66a68299ff34912bbb000bfb137ccfed,test,prompt_nll,3,2,FOMC,0.0
vamp_core_tsv_r8_scale05_repair010,828c74a74e3d66a2cfc9d94f28364e1c66a68299ff34912bbb000bfb137ccfed,test,task_aware,3,2,FOMC,23.0
vamp_core_tsv_r8_scale05_repair010,828c74a74e3d66a2cfc9d94f28364e1c66a68299ff34912bbb000bfb137ccfed,validation,answer_oracle,3,2,FOMC,38.0
vamp_core_tsv_r8_scale05_repair010,828c74a74e3d66a2cfc9d94f28364e1c66a68299ff34912bbb000bfb137ccfed,validation,frozen_prompt_centroid,3,2,FOMC,29.0
vamp_core_tsv_r8_scale05_repair010,828c74a74e3d66a2cfc9d94f28364e1c66a68299ff34912bbb000bfb137ccfed,validation,prompt_nll,3,2,FOMC,0.0
vamp_core_tsv_r8_scale05_repair010,828c74a74e3d66a2cfc9d94f28364e1c66a68299ff34912bbb000bfb137ccfed,validation,task_aware,3,2,FOMC,29.0
vamp_core_tsv_r8_scale05_repair010,828c74a74e3d66a2cfc9d94f28364e1c66a68299ff34912bbb000bfb137ccfed,test,answer_oracle,3,3,MeetingBank,36.55911914425626
vamp_core_tsv_r8_scale05_repair010,828c74a74e3d66a2cfc9d94f28364e1c66a68299ff34912bbb000bfb137ccfed,test,frozen_prompt_centroid,3,3,MeetingBank,31.768212240182464
vamp_core_tsv_r8_scale05_repair010,828c74a74e3d66a2cfc9d94f28364e1c66a68299ff34912bbb000bfb137ccfed,test,prompt_nll,3,3,MeetingBank,21.267230404127805
vamp_core_tsv_r8_scale05_repair010,828c74a74e3d66a2cfc9d94f28364e1c66a68299ff34912bbb000bfb137ccfed,test,task_aware,3,3,MeetingBank,32.44423085345572
vamp_core_tsv_r8_scale05_repair010,828c74a74e3d66a2cfc9d94f28364e1c66a68299ff34912bbb000bfb137ccfed,validation,answer_oracle,3,3,MeetingBank,34.207619140202254
vamp_core_tsv_r8_scale05_repair010,828c74a74e3d66a2cfc9d94f28364e1c66a68299ff34912bbb000bfb137ccfed,validation,frozen_prompt_centroid,3,3,MeetingBank,29.472925687097945
vamp_core_tsv_r8_scale05_repair010,828c74a74e3d66a2cfc9d94f28364e1c66a68299ff34912bbb000bfb137ccfed,validation,prompt_nll,3,3,MeetingBank,19.835188334258103
vamp_core_tsv_r8_scale05_repair010,828c74a74e3d66a2cfc9d94f28364e1c66a68299ff34912bbb000bfb137ccfed,validation,task_aware,3,3,MeetingBank,29.540403682244524
vamp_core_tsv_r8_scale05_repair010,828c74a74e3d66a2cfc9d94f28364e1c66a68299ff34912bbb000bfb137ccfed,test,answer_oracle,4,1,C-STANCE,54.0
vamp_core_tsv_r8_scale05_repair010,828c74a74e3d66a2cfc9d94f28364e1c66a68299ff34912bbb000bfb137ccfed,test,frozen_prompt_centroid,4,1,C-STANCE,53.0
vamp_core_tsv_r8_scale05_repair010,828c74a74e3d66a2cfc9d94f28364e1c66a68299ff34912bbb000bfb137ccfed,test,prompt_nll,4,1,C-STANCE,5.0
vamp_core_tsv_r8_scale05_repair010,828c74a74e3d66a2cfc9d94f28364e1c66a68299ff34912bbb000bfb137ccfed,test,task_aware,4,1,C-STANCE,53.0
vamp_core_tsv_r8_scale05_repair010,828c74a74e3d66a2cfc9d94f28364e1c66a68299ff34912bbb000bfb137ccfed,validation,answer_oracle,4,1,C-STANCE,38.0
vamp_core_tsv_r8_scale05_repair010,828c74a74e3d66a2cfc9d94f28364e1c66a68299ff34912bbb000bfb137ccfed,validation,frozen_prompt_centroid,4,1,C-STANCE,37.0
vamp_core_tsv_r8_scale05_repair010,828c74a74e3d66a2cfc9d94f28364e1c66a68299ff34912bbb000bfb137ccfed,validation,prompt_nll,4,1,C-STANCE,7.0
vamp_core_tsv_r8_scale05_repair010,828c74a74e3d66a2cfc9d94f28364e1c66a68299ff34912bbb000bfb137ccfed,validation,task_aware,4,1,C-STANCE,37.0
vamp_core_tsv_r8_scale05_repair010,828c74a74e3d66a2cfc9d94f28364e1c66a68299ff34912bbb000bfb137ccfed,test,answer_oracle,4,2,FOMC,34.0
vamp_core_tsv_r8_scale05_repair010,828c74a74e3d66a2cfc9d94f28364e1c66a68299ff34912bbb000bfb137ccfed,test,frozen_prompt_centroid,4,2,FOMC,23.0
vamp_core_tsv_r8_scale05_repair010,828c74a74e3d66a2cfc9d94f28364e1c66a68299ff34912bbb000bfb137ccfed,test,prompt_nll,4,2,FOMC,0.0
vamp_core_tsv_r8_scale05_repair010,828c74a74e3d66a2cfc9d94f28364e1c66a68299ff34912bbb000bfb137ccfed,test,task_aware,4,2,FOMC,23.0
vamp_core_tsv_r8_scale05_repair010,828c74a74e3d66a2cfc9d94f28364e1c66a68299ff34912bbb000bfb137ccfed,validation,answer_oracle,4,2,FOMC,38.0
vamp_core_tsv_r8_scale05_repair010,828c74a74e3d66a2cfc9d94f28364e1c66a68299ff34912bbb000bfb137ccfed,validation,frozen_prompt_centroid,4,2,FOMC,31.0
vamp_core_tsv_r8_scale05_repair010,828c74a74e3d66a2cfc9d94f28364e1c66a68299ff34912bbb000bfb137ccfed,validation,prompt_nll,4,2,FOMC,0.0
vamp_core_tsv_r8_scale05_repair010,828c74a74e3d66a2cfc9d94f28364e1c66a68299ff34912bbb000bfb137ccfed,validation,task_aware,4,2,FOMC,31.0
vamp_core_tsv_r8_scale05_repair010,828c74a74e3d66a2cfc9d94f28364e1c66a68299ff34912bbb000bfb137ccfed,test,answer_oracle,4,3,MeetingBank,29.634312861578437
vamp_core_tsv_r8_scale05_repair010,828c74a74e3d66a2cfc9d94f28364e1c66a68299ff34912bbb000bfb137ccfed,test,frozen_prompt_centroid,4,3,MeetingBank,24.732254638987612
vamp_core_tsv_r8_scale05_repair010,828c74a74e3d66a2cfc9d94f28364e1c66a68299ff34912bbb000bfb137ccfed,test,prompt_nll,4,3,MeetingBank,21.81199357086268
vamp_core_tsv_r8_scale05_repair010,828c74a74e3d66a2cfc9d94f28364e1c66a68299ff34912bbb000bfb137ccfed,test,task_aware,4,3,MeetingBank,24.085953366101098
vamp_core_tsv_r8_scale05_repair010,828c74a74e3d66a2cfc9d94f28364e1c66a68299ff34912bbb000bfb137ccfed,validation,answer_oracle,4,3,MeetingBank,27.60114429305827
vamp_core_tsv_r8_scale05_repair010,828c74a74e3d66a2cfc9d94f28364e1c66a68299ff34912bbb000bfb137ccfed,validation,frozen_prompt_centroid,4,3,MeetingBank,21.97657953935454
vamp_core_tsv_r8_scale05_repair010,828c74a74e3d66a2cfc9d94f28364e1c66a68299ff34912bbb000bfb137ccfed,validation,prompt_nll,4,3,MeetingBank,21.54262730859621
vamp_core_tsv_r8_scale05_repair010,828c74a74e3d66a2cfc9d94f28364e1c66a68299ff34912bbb000bfb137ccfed,validation,task_aware,4,3,MeetingBank,22.687042399216452
vamp_core_tsv_r8_scale05_repair010,828c74a74e3d66a2cfc9d94f28364e1c66a68299ff34912bbb000bfb137ccfed,test,answer_oracle,4,4,Py150,62.37
vamp_core_tsv_r8_scale05_repair010,828c74a74e3d66a2cfc9d94f28364e1c66a68299ff34912bbb000bfb137ccfed,test,frozen_prompt_centroid,4,4,Py150,53.94
vamp_core_tsv_r8_scale05_repair010,828c74a74e3d66a2cfc9d94f28364e1c66a68299ff34912bbb000bfb137ccfed,test,prompt_nll,4,4,Py150,6.8
vamp_core_tsv_r8_scale05_repair010,828c74a74e3d66a2cfc9d94f28364e1c66a68299ff34912bbb000bfb137ccfed,test,task_aware,4,4,Py150,55.39
vamp_core_tsv_r8_scale05_repair010,828c74a74e3d66a2cfc9d94f28364e1c66a68299ff34912bbb000bfb137ccfed,validation,answer_oracle,4,4,Py150,63.7
vamp_core_tsv_r8_scale05_repair010,828c74a74e3d66a2cfc9d94f28364e1c66a68299ff34912bbb000bfb137ccfed,validation,frozen_prompt_centroid,4,4,Py150,52.18
vamp_core_tsv_r8_scale05_repair010,828c74a74e3d66a2cfc9d94f28364e1c66a68299ff34912bbb000bfb137ccfed,validation,prompt_nll,4,4,Py150,6.56
vamp_core_tsv_r8_scale05_repair010,828c74a74e3d66a2cfc9d94f28364e1c66a68299ff34912bbb000bfb137ccfed,validation,task_aware,4,4,Py150,54.04
vamp_core_tsv_r8_scale05_repair010,828c74a74e3d66a2cfc9d94f28364e1c66a68299ff34912bbb000bfb137ccfed,test,answer_oracle,5,1,C-STANCE,55.0
vamp_core_tsv_r8_scale05_repair010,828c74a74e3d66a2cfc9d94f28364e1c66a68299ff34912bbb000bfb137ccfed,test,frozen_prompt_centroid,5,1,C-STANCE,55.0
vamp_core_tsv_r8_scale05_repair010,828c74a74e3d66a2cfc9d94f28364e1c66a68299ff34912bbb000bfb137ccfed,test,prompt_nll,5,1,C-STANCE,1.0
vamp_core_tsv_r8_scale05_repair010,828c74a74e3d66a2cfc9d94f28364e1c66a68299ff34912bbb000bfb137ccfed,test,task_aware,5,1,C-STANCE,55.0
vamp_core_tsv_r8_scale05_repair010,828c74a74e3d66a2cfc9d94f28364e1c66a68299ff34912bbb000bfb137ccfed,validation,answer_oracle,5,1,C-STANCE,39.0
vamp_core_tsv_r8_scale05_repair010,828c74a74e3d66a2cfc9d94f28364e1c66a68299ff34912bbb000bfb137ccfed,validation,frozen_prompt_centroid,5,1,C-STANCE,38.0
vamp_core_tsv_r8_scale05_repair010,828c74a74e3d66a2cfc9d94f28364e1c66a68299ff34912bbb000bfb137ccfed,validation,prompt_nll,5,1,C-STANCE,3.0
vamp_core_tsv_r8_scale05_repair010,828c74a74e3d66a2cfc9d94f28364e1c66a68299ff34912bbb000bfb137ccfed,validation,task_aware,5,1,C-STANCE,38.0
vamp_core_tsv_r8_scale05_repair010,828c74a74e3d66a2cfc9d94f28364e1c66a68299ff34912bbb000bfb137ccfed,test,answer_oracle,5,2,FOMC,37.0
vamp_core_tsv_r8_scale05_repair010,828c74a74e3d66a2cfc9d94f28364e1c66a68299ff34912bbb000bfb137ccfed,test,frozen_prompt_centroid,5,2,FOMC,29.0
vamp_core_tsv_r8_scale05_repair010,828c74a74e3d66a2cfc9d94f28364e1c66a68299ff34912bbb000bfb137ccfed,test,prompt_nll,5,2,FOMC,0.0
vamp_core_tsv_r8_scale05_repair010,828c74a74e3d66a2cfc9d94f28364e1c66a68299ff34912bbb000bfb137ccfed,test,task_aware,5,2,FOMC,26.0
vamp_core_tsv_r8_scale05_repair010,828c74a74e3d66a2cfc9d94f28364e1c66a68299ff34912bbb000bfb137ccfed,validation,answer_oracle,5,2,FOMC,40.0
vamp_core_tsv_r8_scale05_repair010,828c74a74e3d66a2cfc9d94f28364e1c66a68299ff34912bbb000bfb137ccfed,validation,frozen_prompt_centroid,5,2,FOMC,29.0
vamp_core_tsv_r8_scale05_repair010,828c74a74e3d66a2cfc9d94f28364e1c66a68299ff34912bbb000bfb137ccfed,validation,prompt_nll,5,2,FOMC,2.0
vamp_core_tsv_r8_scale05_repair010,828c74a74e3d66a2cfc9d94f28364e1c66a68299ff34912bbb000bfb137ccfed,validation,task_aware,5,2,FOMC,34.0
vamp_core_tsv_r8_scale05_repair010,828c74a74e3d66a2cfc9d94f28364e1c66a68299ff34912bbb000bfb137ccfed,test,answer_oracle,5,3,MeetingBank,26.29088996877593
vamp_core_tsv_r8_scale05_repair010,828c74a74e3d66a2cfc9d94f28364e1c66a68299ff34912bbb000bfb137ccfed,test,frozen_prompt_centroid,5,3,MeetingBank,22.43110636750399
vamp_core_tsv_r8_scale05_repair010,828c74a74e3d66a2cfc9d94f28364e1c66a68299ff34912bbb000bfb137ccfed,test,prompt_nll,5,3,MeetingBank,19.515280632112297
vamp_core_tsv_r8_scale05_repair010,828c74a74e3d66a2cfc9d94f28364e1c66a68299ff34912bbb000bfb137ccfed,test,task_aware,5,3,MeetingBank,22.43110636750399
vamp_core_tsv_r8_scale05_repair010,828c74a74e3d66a2cfc9d94f28364e1c66a68299ff34912bbb000bfb137ccfed,validation,answer_oracle,5,3,MeetingBank,24.49021643621462
vamp_core_tsv_r8_scale05_repair010,828c74a74e3d66a2cfc9d94f28364e1c66a68299ff34912bbb000bfb137ccfed,validation,frozen_prompt_centroid,5,3,MeetingBank,20.708011293240816
vamp_core_tsv_r8_scale05_repair010,828c74a74e3d66a2cfc9d94f28364e1c66a68299ff34912bbb000bfb137ccfed,validation,prompt_nll,5,3,MeetingBank,19.126026768205644
vamp_core_tsv_r8_scale05_repair010,828c74a74e3d66a2cfc9d94f28364e1c66a68299ff34912bbb000bfb137ccfed,validation,task_aware,5,3,MeetingBank,20.708011293240816
vamp_core_tsv_r8_scale05_repair010,828c74a74e3d66a2cfc9d94f28364e1c66a68299ff34912bbb000bfb137ccfed,test,answer_oracle,5,4,Py150,37.5
vamp_core_tsv_r8_scale05_repair010,828c74a74e3d66a2cfc9d94f28364e1c66a68299ff34912bbb000bfb137ccfed,test,frozen_prompt_centroid,5,4,Py150,37.29
vamp_core_tsv_r8_scale05_repair010,828c74a74e3d66a2cfc9d94f28364e1c66a68299ff34912bbb000bfb137ccfed,test,prompt_nll,5,4,Py150,9.4
vamp_core_tsv_r8_scale05_repair010,828c74a74e3d66a2cfc9d94f28364e1c66a68299ff34912bbb000bfb137ccfed,test,task_aware,5,4,Py150,37.29
vamp_core_tsv_r8_scale05_repair010,828c74a74e3d66a2cfc9d94f28364e1c66a68299ff34912bbb000bfb137ccfed,validation,answer_oracle,5,4,Py150,37.3
vamp_core_tsv_r8_scale05_repair010,828c74a74e3d66a2cfc9d94f28364e1c66a68299ff34912bbb000bfb137ccfed,validation,frozen_prompt_centroid,5,4,Py150,37.13
vamp_core_tsv_r8_scale05_repair010,828c74a74e3d66a2cfc9d94f28364e1c66a68299ff34912bbb000bfb137ccfed,validation,prompt_nll,5,4,Py150,5.42
vamp_core_tsv_r8_scale05_repair010,828c74a74e3d66a2cfc9d94f28364e1c66a68299ff34912bbb000bfb137ccfed,validation,task_aware,5,4,Py150,37.13
vamp_core_tsv_r8_scale05_repair010,828c74a74e3d66a2cfc9d94f28364e1c66a68299ff34912bbb000bfb137ccfed,test,answer_oracle,5,5,ScienceQA,84.0
vamp_core_tsv_r8_scale05_repair010,828c74a74e3d66a2cfc9d94f28364e1c66a68299ff34912bbb000bfb137ccfed,test,frozen_prompt_centroid,5,5,ScienceQA,70.0
vamp_core_tsv_r8_scale05_repair010,828c74a74e3d66a2cfc9d94f28364e1c66a68299ff34912bbb000bfb137ccfed,test,prompt_nll,5,5,ScienceQA,69.0
vamp_core_tsv_r8_scale05_repair010,828c74a74e3d66a2cfc9d94f28364e1c66a68299ff34912bbb000bfb137ccfed,test,task_aware,5,5,ScienceQA,69.0
vamp_core_tsv_r8_scale05_repair010,828c74a74e3d66a2cfc9d94f28364e1c66a68299ff34912bbb000bfb137ccfed,validation,answer_oracle,5,5,ScienceQA,86.0
vamp_core_tsv_r8_scale05_repair010,828c74a74e3d66a2cfc9d94f28364e1c66a68299ff34912bbb000bfb137ccfed,validation,frozen_prompt_centroid,5,5,ScienceQA,75.0
vamp_core_tsv_r8_scale05_repair010,828c74a74e3d66a2cfc9d94f28364e1c66a68299ff34912bbb000bfb137ccfed,validation,prompt_nll,5,5,ScienceQA,74.0
vamp_core_tsv_r8_scale05_repair010,828c74a74e3d66a2cfc9d94f28364e1c66a68299ff34912bbb000bfb137ccfed,validation,task_aware,5,5,ScienceQA,79.0
vamp_core_tsv_r8_scale05_repair010,828c74a74e3d66a2cfc9d94f28364e1c66a68299ff34912bbb000bfb137ccfed,test,answer_oracle,6,1,C-STANCE,58.0
vamp_core_tsv_r8_scale05_repair010,828c74a74e3d66a2cfc9d94f28364e1c66a68299ff34912bbb000bfb137ccfed,test,frozen_prompt_centroid,6,1,C-STANCE,58.0
vamp_core_tsv_r8_scale05_repair010,828c74a74e3d66a2cfc9d94f28364e1c66a68299ff34912bbb000bfb137ccfed,test,prompt_nll,6,1,C-STANCE,2.0
vamp_core_tsv_r8_scale05_repair010,828c74a74e3d66a2cfc9d94f28364e1c66a68299ff34912bbb000bfb137ccfed,test,task_aware,6,1,C-STANCE,58.0
vamp_core_tsv_r8_scale05_repair010,828c74a74e3d66a2cfc9d94f28364e1c66a68299ff34912bbb000bfb137ccfed,validation,answer_oracle,6,1,C-STANCE,36.0
vamp_core_tsv_r8_scale05_repair010,828c74a74e3d66a2cfc9d94f28364e1c66a68299ff34912bbb000bfb137ccfed,validation,frozen_prompt_centroid,6,1,C-STANCE,36.0
vamp_core_tsv_r8_scale05_repair010,828c74a74e3d66a2cfc9d94f28364e1c66a68299ff34912bbb000bfb137ccfed,validation,prompt_nll,6,1,C-STANCE,3.0
vamp_core_tsv_r8_scale05_repair010,828c74a74e3d66a2cfc9d94f28364e1c66a68299ff34912bbb000bfb137ccfed,validation,task_aware,6,1,C-STANCE,36.0
vamp_core_tsv_r8_scale05_repair010,828c74a74e3d66a2cfc9d94f28364e1c66a68299ff34912bbb000bfb137ccfed,test,answer_oracle,6,2,FOMC,34.0
vamp_core_tsv_r8_scale05_repair010,828c74a74e3d66a2cfc9d94f28364e1c66a68299ff34912bbb000bfb137ccfed,test,frozen_prompt_centroid,6,2,FOMC,22.0
vamp_core_tsv_r8_scale05_repair010,828c74a74e3d66a2cfc9d94f28364e1c66a68299ff34912bbb000bfb137ccfed,test,prompt_nll,6,2,FOMC,0.0
vamp_core_tsv_r8_scale05_repair010,828c74a74e3d66a2cfc9d94f28364e1c66a68299ff34912bbb000bfb137ccfed,test,task_aware,6,2,FOMC,24.0
vamp_core_tsv_r8_scale05_repair010,828c74a74e3d66a2cfc9d94f28364e1c66a68299ff34912bbb000bfb137ccfed,validation,answer_oracle,6,2,FOMC,41.0
vamp_core_tsv_r8_scale05_repair010,828c74a74e3d66a2cfc9d94f28364e1c66a68299ff34912bbb000bfb137ccfed,validation,frozen_prompt_centroid,6,2,FOMC,28.0
vamp_core_tsv_r8_scale05_repair010,828c74a74e3d66a2cfc9d94f28364e1c66a68299ff34912bbb000bfb137ccfed,validation,prompt_nll,6,2,FOMC,2.0
vamp_core_tsv_r8_scale05_repair010,828c74a74e3d66a2cfc9d94f28364e1c66a68299ff34912bbb000bfb137ccfed,validation,task_aware,6,2,FOMC,33.0
vamp_core_tsv_r8_scale05_repair010,828c74a74e3d66a2cfc9d94f28364e1c66a68299ff34912bbb000bfb137ccfed,test,answer_oracle,6,3,MeetingBank,27.088625244125534
vamp_core_tsv_r8_scale05_repair010,828c74a74e3d66a2cfc9d94f28364e1c66a68299ff34912bbb000bfb137ccfed,test,frozen_prompt_centroid,6,3,MeetingBank,22.586397337732137
vamp_core_tsv_r8_scale05_repair010,828c74a74e3d66a2cfc9d94f28364e1c66a68299ff34912bbb000bfb137ccfed,test,prompt_nll,6,3,MeetingBank,21.360295623351163
vamp_core_tsv_r8_scale05_repair010,828c74a74e3d66a2cfc9d94f28364e1c66a68299ff34912bbb000bfb137ccfed,test,task_aware,6,3,MeetingBank,22.586397337732137
vamp_core_tsv_r8_scale05_repair010,828c74a74e3d66a2cfc9d94f28364e1c66a68299ff34912bbb000bfb137ccfed,validation,answer_oracle,6,3,MeetingBank,25.043127912655926
vamp_core_tsv_r8_scale05_repair010,828c74a74e3d66a2cfc9d94f28364e1c66a68299ff34912bbb000bfb137ccfed,validation,frozen_prompt_centroid,6,3,MeetingBank,20.848923946321182
vamp_core_tsv_r8_scale05_repair010,828c74a74e3d66a2cfc9d94f28364e1c66a68299ff34912bbb000bfb137ccfed,validation,prompt_nll,6,3,MeetingBank,19.648652530494143
vamp_core_tsv_r8_scale05_repair010,828c74a74e3d66a2cfc9d94f28364e1c66a68299ff34912bbb000bfb137ccfed,validation,task_aware,6,3,MeetingBank,20.848923946321182
vamp_core_tsv_r8_scale05_repair010,828c74a74e3d66a2cfc9d94f28364e1c66a68299ff34912bbb000bfb137ccfed,test,answer_oracle,6,6,NumGLUE-cm,39.50617283950617
vamp_core_tsv_r8_scale05_repair010,828c74a74e3d66a2cfc9d94f28364e1c66a68299ff34912bbb000bfb137ccfed,test,frozen_prompt_centroid,6,6,NumGLUE-cm,20.987654320987655
vamp_core_tsv_r8_scale05_repair010,828c74a74e3d66a2cfc9d94f28364e1c66a68299ff34912bbb000bfb137ccfed,test,prompt_nll,6,6,NumGLUE-cm,9.876543209876543
vamp_core_tsv_r8_scale05_repair010,828c74a74e3d66a2cfc9d94f28364e1c66a68299ff34912bbb000bfb137ccfed,test,task_aware,6,6,NumGLUE-cm,17.28395061728395
vamp_core_tsv_r8_scale05_repair010,828c74a74e3d66a2cfc9d94f28364e1c66a68299ff34912bbb000bfb137ccfed,validation,answer_oracle,6,6,NumGLUE-cm,56.09756097560975
vamp_core_tsv_r8_scale05_repair010,828c74a74e3d66a2cfc9d94f28364e1c66a68299ff34912bbb000bfb137ccfed,validation,frozen_prompt_centroid,6,6,NumGLUE-cm,36.58536585365854
vamp_core_tsv_r8_scale05_repair010,828c74a74e3d66a2cfc9d94f28364e1c66a68299ff34912bbb000bfb137ccfed,validation,prompt_nll,6,6,NumGLUE-cm,12.195121951219512
vamp_core_tsv_r8_scale05_repair010,828c74a74e3d66a2cfc9d94f28364e1c66a68299ff34912bbb000bfb137ccfed,validation,task_aware,6,6,NumGLUE-cm,36.58536585365854
vamp_core_tsv_r8_scale05_repair010,828c74a74e3d66a2cfc9d94f28364e1c66a68299ff34912bbb000bfb137ccfed,test,answer_oracle,6,4,Py150,38.69
vamp_core_tsv_r8_scale05_repair010,828c74a74e3d66a2cfc9d94f28364e1c66a68299ff34912bbb000bfb137ccfed,test,frozen_prompt_centroid,6,4,Py150,38.14
vamp_core_tsv_r8_scale05_repair010,828c74a74e3d66a2cfc9d94f28364e1c66a68299ff34912bbb000bfb137ccfed,test,prompt_nll,6,4,Py150,9.95
vamp_core_tsv_r8_scale05_repair010,828c74a74e3d66a2cfc9d94f28364e1c66a68299ff34912bbb000bfb137ccfed,test,task_aware,6,4,Py150,38.14
vamp_core_tsv_r8_scale05_repair010,828c74a74e3d66a2cfc9d94f28364e1c66a68299ff34912bbb000bfb137ccfed,validation,answer_oracle,6,4,Py150,36.66
vamp_core_tsv_r8_scale05_repair010,828c74a74e3d66a2cfc9d94f28364e1c66a68299ff34912bbb000bfb137ccfed,validation,frozen_prompt_centroid,6,4,Py150,36.53
vamp_core_tsv_r8_scale05_repair010,828c74a74e3d66a2cfc9d94f28364e1c66a68299ff34912bbb000bfb137ccfed,validation,prompt_nll,6,4,Py150,5.39
vamp_core_tsv_r8_scale05_repair010,828c74a74e3d66a2cfc9d94f28364e1c66a68299ff34912bbb000bfb137ccfed,validation,task_aware,6,4,Py150,36.53
vamp_core_tsv_r8_scale05_repair010,828c74a74e3d66a2cfc9d94f28364e1c66a68299ff34912bbb000bfb137ccfed,test,answer_oracle,6,5,ScienceQA,77.0
vamp_core_tsv_r8_scale05_repair010,828c74a74e3d66a2cfc9d94f28364e1c66a68299ff34912bbb000bfb137ccfed,test,frozen_prompt_centroid,6,5,ScienceQA,70.0
vamp_core_tsv_r8_scale05_repair010,828c74a74e3d66a2cfc9d94f28364e1c66a68299ff34912bbb000bfb137ccfed,test,prompt_nll,6,5,ScienceQA,69.0
vamp_core_tsv_r8_scale05_repair010,828c74a74e3d66a2cfc9d94f28364e1c66a68299ff34912bbb000bfb137ccfed,test,task_aware,6,5,ScienceQA,65.0
vamp_core_tsv_r8_scale05_repair010,828c74a74e3d66a2cfc9d94f28364e1c66a68299ff34912bbb000bfb137ccfed,validation,answer_oracle,6,5,ScienceQA,89.0
vamp_core_tsv_r8_scale05_repair010,828c74a74e3d66a2cfc9d94f28364e1c66a68299ff34912bbb000bfb137ccfed,validation,frozen_prompt_centroid,6,5,ScienceQA,75.0
vamp_core_tsv_r8_scale05_repair010,828c74a74e3d66a2cfc9d94f28364e1c66a68299ff34912bbb000bfb137ccfed,validation,prompt_nll,6,5,ScienceQA,75.0
vamp_core_tsv_r8_scale05_repair010,828c74a74e3d66a2cfc9d94f28364e1c66a68299ff34912bbb000bfb137ccfed,validation,task_aware,6,5,ScienceQA,76.0
vamp_core_tsv_r8_scale05_repair010,828c74a74e3d66a2cfc9d94f28364e1c66a68299ff34912bbb000bfb137ccfed,test,answer_oracle,7,1,C-STANCE,56.0
vamp_core_tsv_r8_scale05_repair010,828c74a74e3d66a2cfc9d94f28364e1c66a68299ff34912bbb000bfb137ccfed,test,frozen_prompt_centroid,7,1,C-STANCE,55.0
vamp_core_tsv_r8_scale05_repair010,828c74a74e3d66a2cfc9d94f28364e1c66a68299ff34912bbb000bfb137ccfed,test,prompt_nll,7,1,C-STANCE,7.0
vamp_core_tsv_r8_scale05_repair010,828c74a74e3d66a2cfc9d94f28364e1c66a68299ff34912bbb000bfb137ccfed,test,task_aware,7,1,C-STANCE,55.0
vamp_core_tsv_r8_scale05_repair010,828c74a74e3d66a2cfc9d94f28364e1c66a68299ff34912bbb000bfb137ccfed,validation,answer_oracle,7,1,C-STANCE,36.0
vamp_core_tsv_r8_scale05_repair010,828c74a74e3d66a2cfc9d94f28364e1c66a68299ff34912bbb000bfb137ccfed,validation,frozen_prompt_centroid,7,1,C-STANCE,36.0
vamp_core_tsv_r8_scale05_repair010,828c74a74e3d66a2cfc9d94f28364e1c66a68299ff34912bbb000bfb137ccfed,validation,prompt_nll,7,1,C-STANCE,2.0
vamp_core_tsv_r8_scale05_repair010,828c74a74e3d66a2cfc9d94f28364e1c66a68299ff34912bbb000bfb137ccfed,validation,task_aware,7,1,C-STANCE,36.0
vamp_core_tsv_r8_scale05_repair010,828c74a74e3d66a2cfc9d94f28364e1c66a68299ff34912bbb000bfb137ccfed,test,answer_oracle,7,2,FOMC,28.0
vamp_core_tsv_r8_scale05_repair010,828c74a74e3d66a2cfc9d94f28364e1c66a68299ff34912bbb000bfb137ccfed,test,frozen_prompt_centroid,7,2,FOMC,0.0
vamp_core_tsv_r8_scale05_repair010,828c74a74e3d66a2cfc9d94f28364e1c66a68299ff34912bbb000bfb137ccfed,test,prompt_nll,7,2,FOMC,0.0
vamp_core_tsv_r8_scale05_repair010,828c74a74e3d66a2cfc9d94f28364e1c66a68299ff34912bbb000bfb137ccfed,test,task_aware,7,2,FOMC,24.0
vamp_core_tsv_r8_scale05_repair010,828c74a74e3d66a2cfc9d94f28364e1c66a68299ff34912bbb000bfb137ccfed,validation,answer_oracle,7,2,FOMC,35.0
vamp_core_tsv_r8_scale05_repair010,828c74a74e3d66a2cfc9d94f28364e1c66a68299ff34912bbb000bfb137ccfed,validation,frozen_prompt_centroid,7,2,FOMC,0.0
vamp_core_tsv_r8_scale05_repair010,828c74a74e3d66a2cfc9d94f28364e1c66a68299ff34912bbb000bfb137ccfed,validation,prompt_nll,7,2,FOMC,0.0
vamp_core_tsv_r8_scale05_repair010,828c74a74e3d66a2cfc9d94f28364e1c66a68299ff34912bbb000bfb137ccfed,validation,task_aware,7,2,FOMC,28.0
vamp_core_tsv_r8_scale05_repair010,828c74a74e3d66a2cfc9d94f28364e1c66a68299ff34912bbb000bfb137ccfed,test,answer_oracle,7,3,MeetingBank,24.253463988694204
vamp_core_tsv_r8_scale05_repair010,828c74a74e3d66a2cfc9d94f28364e1c66a68299ff34912bbb000bfb137ccfed,test,frozen_prompt_centroid,7,3,MeetingBank,18.166278476852906
vamp_core_tsv_r8_scale05_repair010,828c74a74e3d66a2cfc9d94f28364e1c66a68299ff34912bbb000bfb137ccfed,test,prompt_nll,7,3,MeetingBank,19.49655427864875
vamp_core_tsv_r8_scale05_repair010,828c74a74e3d66a2cfc9d94f28364e1c66a68299ff34912bbb000bfb137ccfed,test,task_aware,7,3,MeetingBank,19.8090029519194
vamp_core_tsv_r8_scale05_repair010,828c74a74e3d66a2cfc9d94f28364e1c66a68299ff34912bbb000bfb137ccfed,validation,answer_oracle,7,3,MeetingBank,22.629745241514005
vamp_core_tsv_r8_scale05_repair010,828c74a74e3d66a2cfc9d94f28364e1c66a68299ff34912bbb000bfb137ccfed,validation,frozen_prompt_centroid,7,3,MeetingBank,17.42743191249062
vamp_core_tsv_r8_scale05_repair010,828c74a74e3d66a2cfc9d94f28364e1c66a68299ff34912bbb000bfb137ccfed,validation,prompt_nll,7,3,MeetingBank,18.42391418880886
vamp_core_tsv_r8_scale05_repair010,828c74a74e3d66a2cfc9d94f28364e1c66a68299ff34912bbb000bfb137ccfed,validation,task_aware,7,3,MeetingBank,18.603363943972184
vamp_core_tsv_r8_scale05_repair010,828c74a74e3d66a2cfc9d94f28364e1c66a68299ff34912bbb000bfb137ccfed,test,answer_oracle,7,6,NumGLUE-cm,25.925925925925927
vamp_core_tsv_r8_scale05_repair010,828c74a74e3d66a2cfc9d94f28364e1c66a68299ff34912bbb000bfb137ccfed,test,frozen_prompt_centroid,7,6,NumGLUE-cm,19.753086419753085
vamp_core_tsv_r8_scale05_repair010,828c74a74e3d66a2cfc9d94f28364e1c66a68299ff34912bbb000bfb137ccfed,test,prompt_nll,7,6,NumGLUE-cm,8.641975308641975
vamp_core_tsv_r8_scale05_repair010,828c74a74e3d66a2cfc9d94f28364e1c66a68299ff34912bbb000bfb137ccfed,test,task_aware,7,6,NumGLUE-cm,19.753086419753085
vamp_core_tsv_r8_scale05_repair010,828c74a74e3d66a2cfc9d94f28364e1c66a68299ff34912bbb000bfb137ccfed,validation,answer_oracle,7,6,NumGLUE-cm,39.02439024390244
vamp_core_tsv_r8_scale05_repair010,828c74a74e3d66a2cfc9d94f28364e1c66a68299ff34912bbb000bfb137ccfed,validation,frozen_prompt_centroid,7,6,NumGLUE-cm,26.829268292682926
vamp_core_tsv_r8_scale05_repair010,828c74a74e3d66a2cfc9d94f28364e1c66a68299ff34912bbb000bfb137ccfed,validation,prompt_nll,7,6,NumGLUE-cm,14.634146341463415
vamp_core_tsv_r8_scale05_repair010,828c74a74e3d66a2cfc9d94f28364e1c66a68299ff34912bbb000bfb137ccfed,validation,task_aware,7,6,NumGLUE-cm,31.70731707317073
vamp_core_tsv_r8_scale05_repair010,828c74a74e3d66a2cfc9d94f28364e1c66a68299ff34912bbb000bfb137ccfed,test,answer_oracle,7,7,NumGLUE-ds,52.0
vamp_core_tsv_r8_scale05_repair010,828c74a74e3d66a2cfc9d94f28364e1c66a68299ff34912bbb000bfb137ccfed,test,frozen_prompt_centroid,7,7,NumGLUE-ds,43.0
vamp_core_tsv_r8_scale05_repair010,828c74a74e3d66a2cfc9d94f28364e1c66a68299ff34912bbb000bfb137ccfed,test,prompt_nll,7,7,NumGLUE-ds,25.0
vamp_core_tsv_r8_scale05_repair010,828c74a74e3d66a2cfc9d94f28364e1c66a68299ff34912bbb000bfb137ccfed,test,task_aware,7,7,NumGLUE-ds,45.0
vamp_core_tsv_r8_scale05_repair010,828c74a74e3d66a2cfc9d94f28364e1c66a68299ff34912bbb000bfb137ccfed,validation,answer_oracle,7,7,NumGLUE-ds,47.0
vamp_core_tsv_r8_scale05_repair010,828c74a74e3d66a2cfc9d94f28364e1c66a68299ff34912bbb000bfb137ccfed,validation,frozen_prompt_centroid,7,7,NumGLUE-ds,36.0
vamp_core_tsv_r8_scale05_repair010,828c74a74e3d66a2cfc9d94f28364e1c66a68299ff34912bbb000bfb137ccfed,validation,prompt_nll,7,7,NumGLUE-ds,15.0
vamp_core_tsv_r8_scale05_repair010,828c74a74e3d66a2cfc9d94f28364e1c66a68299ff34912bbb000bfb137ccfed,validation,task_aware,7,7,NumGLUE-ds,38.0
vamp_core_tsv_r8_scale05_repair010,828c74a74e3d66a2cfc9d94f28364e1c66a68299ff34912bbb000bfb137ccfed,test,answer_oracle,7,4,Py150,9.89
vamp_core_tsv_r8_scale05_repair010,828c74a74e3d66a2cfc9d94f28364e1c66a68299ff34912bbb000bfb137ccfed,test,frozen_prompt_centroid,7,4,Py150,8.27
vamp_core_tsv_r8_scale05_repair010,828c74a74e3d66a2cfc9d94f28364e1c66a68299ff34912bbb000bfb137ccfed,test,prompt_nll,7,4,Py150,5.58
vamp_core_tsv_r8_scale05_repair010,828c74a74e3d66a2cfc9d94f28364e1c66a68299ff34912bbb000bfb137ccfed,test,task_aware,7,4,Py150,8.27
vamp_core_tsv_r8_scale05_repair010,828c74a74e3d66a2cfc9d94f28364e1c66a68299ff34912bbb000bfb137ccfed,validation,answer_oracle,7,4,Py150,8.81
vamp_core_tsv_r8_scale05_repair010,828c74a74e3d66a2cfc9d94f28364e1c66a68299ff34912bbb000bfb137ccfed,validation,frozen_prompt_centroid,7,4,Py150,7.83
vamp_core_tsv_r8_scale05_repair010,828c74a74e3d66a2cfc9d94f28364e1c66a68299ff34912bbb000bfb137ccfed,validation,prompt_nll,7,4,Py150,4.48
vamp_core_tsv_r8_scale05_repair010,828c74a74e3d66a2cfc9d94f28364e1c66a68299ff34912bbb000bfb137ccfed,validation,task_aware,7,4,Py150,7.83
vamp_core_tsv_r8_scale05_repair010,828c74a74e3d66a2cfc9d94f28364e1c66a68299ff34912bbb000bfb137ccfed,test,answer_oracle,7,5,ScienceQA,81.0
vamp_core_tsv_r8_scale05_repair010,828c74a74e3d66a2cfc9d94f28364e1c66a68299ff34912bbb000bfb137ccfed,test,frozen_prompt_centroid,7,5,ScienceQA,71.0
vamp_core_tsv_r8_scale05_repair010,828c74a74e3d66a2cfc9d94f28364e1c66a68299ff34912bbb000bfb137ccfed,test,prompt_nll,7,5,ScienceQA,67.0
vamp_core_tsv_r8_scale05_repair010,828c74a74e3d66a2cfc9d94f28364e1c66a68299ff34912bbb000bfb137ccfed,test,task_aware,7,5,ScienceQA,67.0
vamp_core_tsv_r8_scale05_repair010,828c74a74e3d66a2cfc9d94f28364e1c66a68299ff34912bbb000bfb137ccfed,validation,answer_oracle,7,5,ScienceQA,86.0
vamp_core_tsv_r8_scale05_repair010,828c74a74e3d66a2cfc9d94f28364e1c66a68299ff34912bbb000bfb137ccfed,validation,frozen_prompt_centroid,7,5,ScienceQA,74.0
vamp_core_tsv_r8_scale05_repair010,828c74a74e3d66a2cfc9d94f28364e1c66a68299ff34912bbb000bfb137ccfed,validation,prompt_nll,7,5,ScienceQA,72.0
vamp_core_tsv_r8_scale05_repair010,828c74a74e3d66a2cfc9d94f28364e1c66a68299ff34912bbb000bfb137ccfed,validation,task_aware,7,5,ScienceQA,78.0
vamp_core_tsv_r8_scale05_repair010,828c74a74e3d66a2cfc9d94f28364e1c66a68299ff34912bbb000bfb137ccfed,test,answer_oracle,8,8,20Minuten,42.49001568543807
vamp_core_tsv_r8_scale05_repair010,828c74a74e3d66a2cfc9d94f28364e1c66a68299ff34912bbb000bfb137ccfed,test,frozen_prompt_centroid,8,8,20Minuten,38.75462371411635
vamp_core_tsv_r8_scale05_repair010,828c74a74e3d66a2cfc9d94f28364e1c66a68299ff34912bbb000bfb137ccfed,test,prompt_nll,8,8,20Minuten,36.53547034957172
vamp_core_tsv_r8_scale05_repair010,828c74a74e3d66a2cfc9d94f28364e1c66a68299ff34912bbb000bfb137ccfed,test,task_aware,8,8,20Minuten,38.883014069269414
vamp_core_tsv_r8_scale05_repair010,828c74a74e3d66a2cfc9d94f28364e1c66a68299ff34912bbb000bfb137ccfed,validation,answer_oracle,8,8,20Minuten,42.924819174927016
vamp_core_tsv_r8_scale05_repair010,828c74a74e3d66a2cfc9d94f28364e1c66a68299ff34912bbb000bfb137ccfed,validation,frozen_prompt_centroid,8,8,20Minuten,38.78468314254497
vamp_core_tsv_r8_scale05_repair010,828c74a74e3d66a2cfc9d94f28364e1c66a68299ff34912bbb000bfb137ccfed,validation,prompt_nll,8,8,20Minuten,36.98901073532423
vamp_core_tsv_r8_scale05_repair010,828c74a74e3d66a2cfc9d94f28364e1c66a68299ff34912bbb000bfb137ccfed,validation,task_aware,8,8,20Minuten,39.11240665778102
vamp_core_tsv_r8_scale05_repair010,828c74a74e3d66a2cfc9d94f28364e1c66a68299ff34912bbb000bfb137ccfed,test,answer_oracle,8,1,C-STANCE,51.0
vamp_core_tsv_r8_scale05_repair010,828c74a74e3d66a2cfc9d94f28364e1c66a68299ff34912bbb000bfb137ccfed,test,frozen_prompt_centroid,8,1,C-STANCE,49.0
vamp_core_tsv_r8_scale05_repair010,828c74a74e3d66a2cfc9d94f28364e1c66a68299ff34912bbb000bfb137ccfed,test,prompt_nll,8,1,C-STANCE,8.0
vamp_core_tsv_r8_scale05_repair010,828c74a74e3d66a2cfc9d94f28364e1c66a68299ff34912bbb000bfb137ccfed,test,task_aware,8,1,C-STANCE,49.0
vamp_core_tsv_r8_scale05_repair010,828c74a74e3d66a2cfc9d94f28364e1c66a68299ff34912bbb000bfb137ccfed,validation,answer_oracle,8,1,C-STANCE,42.0
vamp_core_tsv_r8_scale05_repair010,828c74a74e3d66a2cfc9d94f28364e1c66a68299ff34912bbb000bfb137ccfed,validation,frozen_prompt_centroid,8,1,C-STANCE,34.0
vamp_core_tsv_r8_scale05_repair010,828c74a74e3d66a2cfc9d94f28364e1c66a68299ff34912bbb000bfb137ccfed,validation,prompt_nll,8,1,C-STANCE,2.0
vamp_core_tsv_r8_scale05_repair010,828c74a74e3d66a2cfc9d94f28364e1c66a68299ff34912bbb000bfb137ccfed,validation,task_aware,8,1,C-STANCE,34.0
vamp_core_tsv_r8_scale05_repair010,828c74a74e3d66a2cfc9d94f28364e1c66a68299ff34912bbb000bfb137ccfed,test,answer_oracle,8,2,FOMC,21.0
vamp_core_tsv_r8_scale05_repair010,828c74a74e3d66a2cfc9d94f28364e1c66a68299ff34912bbb000bfb137ccfed,test,frozen_prompt_centroid,8,2,FOMC,0.0
vamp_core_tsv_r8_scale05_repair010,828c74a74e3d66a2cfc9d94f28364e1c66a68299ff34912bbb000bfb137ccfed,test,prompt_nll,8,2,FOMC,0.0
vamp_core_tsv_r8_scale05_repair010,828c74a74e3d66a2cfc9d94f28364e1c66a68299ff34912bbb000bfb137ccfed,test,task_aware,8,2,FOMC,21.0
vamp_core_tsv_r8_scale05_repair010,828c74a74e3d66a2cfc9d94f28364e1c66a68299ff34912bbb000bfb137ccfed,validation,answer_oracle,8,2,FOMC,25.0
vamp_core_tsv_r8_scale05_repair010,828c74a74e3d66a2cfc9d94f28364e1c66a68299ff34912bbb000bfb137ccfed,validation,frozen_prompt_centroid,8,2,FOMC,0.0
vamp_core_tsv_r8_scale05_repair010,828c74a74e3d66a2cfc9d94f28364e1c66a68299ff34912bbb000bfb137ccfed,validation,prompt_nll,8,2,FOMC,0.0
vamp_core_tsv_r8_scale05_repair010,828c74a74e3d66a2cfc9d94f28364e1c66a68299ff34912bbb000bfb137ccfed,validation,task_aware,8,2,FOMC,25.0
vamp_core_tsv_r8_scale05_repair010,828c74a74e3d66a2cfc9d94f28364e1c66a68299ff34912bbb000bfb137ccfed,test,answer_oracle,8,3,MeetingBank,25.405723350496768
vamp_core_tsv_r8_scale05_repair010,828c74a74e3d66a2cfc9d94f28364e1c66a68299ff34912bbb000bfb137ccfed,test,frozen_prompt_centroid,8,3,MeetingBank,18.120883822515673
vamp_core_tsv_r8_scale05_repair010,828c74a74e3d66a2cfc9d94f28364e1c66a68299ff34912bbb000bfb137ccfed,test,prompt_nll,8,3,MeetingBank,19.541274311212725
vamp_core_tsv_r8_scale05_repair010,828c74a74e3d66a2cfc9d94f28364e1c66a68299ff34912bbb000bfb137ccfed,test,task_aware,8,3,MeetingBank,20.68118003524096
vamp_core_tsv_r8_scale05_repair010,828c74a74e3d66a2cfc9d94f28364e1c66a68299ff34912bbb000bfb137ccfed,validation,answer_oracle,8,3,MeetingBank,23.515215510463847
vamp_core_tsv_r8_scale05_repair010,828c74a74e3d66a2cfc9d94f28364e1c66a68299ff34912bbb000bfb137ccfed,validation,frozen_prompt_centroid,8,3,MeetingBank,17.313941997094226
vamp_core_tsv_r8_scale05_repair010,828c74a74e3d66a2cfc9d94f28364e1c66a68299ff34912bbb000bfb137ccfed,validation,prompt_nll,8,3,MeetingBank,18.469639272047235
vamp_core_tsv_r8_scale05_repair010,828c74a74e3d66a2cfc9d94f28364e1c66a68299ff34912bbb000bfb137ccfed,validation,task_aware,8,3,MeetingBank,18.81547098791879
vamp_core_tsv_r8_scale05_repair010,828c74a74e3d66a2cfc9d94f28364e1c66a68299ff34912bbb000bfb137ccfed,test,answer_oracle,8,6,NumGLUE-cm,24.691358024691358
vamp_core_tsv_r8_scale05_repair010,828c74a74e3d66a2cfc9d94f28364e1c66a68299ff34912bbb000bfb137ccfed,test,frozen_prompt_centroid,8,6,NumGLUE-cm,20.987654320987655
vamp_core_tsv_r8_scale05_repair010,828c74a74e3d66a2cfc9d94f28364e1c66a68299ff34912bbb000bfb137ccfed,test,prompt_nll,8,6,NumGLUE-cm,7.407407407407407
vamp_core_tsv_r8_scale05_repair010,828c74a74e3d66a2cfc9d94f28364e1c66a68299ff34912bbb000bfb137ccfed,test,task_aware,8,6,NumGLUE-cm,20.987654320987655
vamp_core_tsv_r8_scale05_repair010,828c74a74e3d66a2cfc9d94f28364e1c66a68299ff34912bbb000bfb137ccfed,validation,answer_oracle,8,6,NumGLUE-cm,36.58536585365854
vamp_core_tsv_r8_scale05_repair010,828c74a74e3d66a2cfc9d94f28364e1c66a68299ff34912bbb000bfb137ccfed,validation,frozen_prompt_centroid,8,6,NumGLUE-cm,26.829268292682926
vamp_core_tsv_r8_scale05_repair010,828c74a74e3d66a2cfc9d94f28364e1c66a68299ff34912bbb000bfb137ccfed,validation,prompt_nll,8,6,NumGLUE-cm,14.634146341463415
vamp_core_tsv_r8_scale05_repair010,828c74a74e3d66a2cfc9d94f28364e1c66a68299ff34912bbb000bfb137ccfed,validation,task_aware,8,6,NumGLUE-cm,26.829268292682926
vamp_core_tsv_r8_scale05_repair010,828c74a74e3d66a2cfc9d94f28364e1c66a68299ff34912bbb000bfb137ccfed,test,answer_oracle,8,7,NumGLUE-ds,46.0
vamp_core_tsv_r8_scale05_repair010,828c74a74e3d66a2cfc9d94f28364e1c66a68299ff34912bbb000bfb137ccfed,test,frozen_prompt_centroid,8,7,NumGLUE-ds,40.0
vamp_core_tsv_r8_scale05_repair010,828c74a74e3d66a2cfc9d94f28364e1c66a68299ff34912bbb000bfb137ccfed,test,prompt_nll,8,7,NumGLUE-ds,19.0
vamp_core_tsv_r8_scale05_repair010,828c74a74e3d66a2cfc9d94f28364e1c66a68299ff34912bbb000bfb137ccfed,test,task_aware,8,7,NumGLUE-ds,39.0
vamp_core_tsv_r8_scale05_repair010,828c74a74e3d66a2cfc9d94f28364e1c66a68299ff34912bbb000bfb137ccfed,validation,answer_oracle,8,7,NumGLUE-ds,39.0
vamp_core_tsv_r8_scale05_repair010,828c74a74e3d66a2cfc9d94f28364e1c66a68299ff34912bbb000bfb137ccfed,validation,frozen_prompt_centroid,8,7,NumGLUE-ds,31.0
vamp_core_tsv_r8_scale05_repair010,828c74a74e3d66a2cfc9d94f28364e1c66a68299ff34912bbb000bfb137ccfed,validation,prompt_nll,8,7,NumGLUE-ds,14.0
vamp_core_tsv_r8_scale05_repair010,828c74a74e3d66a2cfc9d94f28364e1c66a68299ff34912bbb000bfb137ccfed,validation,task_aware,8,7,NumGLUE-ds,28.0
vamp_core_tsv_r8_scale05_repair010,828c74a74e3d66a2cfc9d94f28364e1c66a68299ff34912bbb000bfb137ccfed,test,answer_oracle,8,4,Py150,9.62
vamp_core_tsv_r8_scale05_repair010,828c74a74e3d66a2cfc9d94f28364e1c66a68299ff34912bbb000bfb137ccfed,test,frozen_prompt_centroid,8,4,Py150,8.83
vamp_core_tsv_r8_scale05_repair010,828c74a74e3d66a2cfc9d94f28364e1c66a68299ff34912bbb000bfb137ccfed,test,prompt_nll,8,4,Py150,5.65
vamp_core_tsv_r8_scale05_repair010,828c74a74e3d66a2cfc9d94f28364e1c66a68299ff34912bbb000bfb137ccfed,test,task_aware,8,4,Py150,8.83
vamp_core_tsv_r8_scale05_repair010,828c74a74e3d66a2cfc9d94f28364e1c66a68299ff34912bbb000bfb137ccfed,validation,answer_oracle,8,4,Py150,8.62
vamp_core_tsv_r8_scale05_repair010,828c74a74e3d66a2cfc9d94f28364e1c66a68299ff34912bbb000bfb137ccfed,validation,frozen_prompt_centroid,8,4,Py150,7.75
vamp_core_tsv_r8_scale05_repair010,828c74a74e3d66a2cfc9d94f28364e1c66a68299ff34912bbb000bfb137ccfed,validation,prompt_nll,8,4,Py150,4.42
vamp_core_tsv_r8_scale05_repair010,828c74a74e3d66a2cfc9d94f28364e1c66a68299ff34912bbb000bfb137ccfed,validation,task_aware,8,4,Py150,7.75
vamp_core_tsv_r8_scale05_repair010,828c74a74e3d66a2cfc9d94f28364e1c66a68299ff34912bbb000bfb137ccfed,test,answer_oracle,8,5,ScienceQA,84.0
vamp_core_tsv_r8_scale05_repair010,828c74a74e3d66a2cfc9d94f28364e1c66a68299ff34912bbb000bfb137ccfed,test,frozen_prompt_centroid,8,5,ScienceQA,66.0
vamp_core_tsv_r8_scale05_repair010,828c74a74e3d66a2cfc9d94f28364e1c66a68299ff34912bbb000bfb137ccfed,test,prompt_nll,8,5,ScienceQA,69.0
vamp_core_tsv_r8_scale05_repair010,828c74a74e3d66a2cfc9d94f28364e1c66a68299ff34912bbb000bfb137ccfed,test,task_aware,8,5,ScienceQA,67.0
vamp_core_tsv_r8_scale05_repair010,828c74a74e3d66a2cfc9d94f28364e1c66a68299ff34912bbb000bfb137ccfed,validation,answer_oracle,8,5,ScienceQA,89.0
vamp_core_tsv_r8_scale05_repair010,828c74a74e3d66a2cfc9d94f28364e1c66a68299ff34912bbb000bfb137ccfed,validation,frozen_prompt_centroid,8,5,ScienceQA,75.0
vamp_core_tsv_r8_scale05_repair010,828c74a74e3d66a2cfc9d94f28364e1c66a68299ff34912bbb000bfb137ccfed,validation,prompt_nll,8,5,ScienceQA,74.0
vamp_core_tsv_r8_scale05_repair010,828c74a74e3d66a2cfc9d94f28364e1c66a68299ff34912bbb000bfb137ccfed,validation,task_aware,8,5,ScienceQA,75.0
vamp_svd_r8_repair005,ae101c7f8b800eed7ae750626b2d1db93697b662160356b34e2df60989a3489e,test,answer_oracle,1,1,C-STANCE,65.0
vamp_svd_r8_repair005,ae101c7f8b800eed7ae750626b2d1db93697b662160356b34e2df60989a3489e,test,frozen_prompt_centroid,1,1,C-STANCE,53.0
vamp_svd_r8_repair005,ae101c7f8b800eed7ae750626b2d1db93697b662160356b34e2df60989a3489e,test,prompt_nll,1,1,C-STANCE,0.0
vamp_svd_r8_repair005,ae101c7f8b800eed7ae750626b2d1db93697b662160356b34e2df60989a3489e,test,task_aware,1,1,C-STANCE,57.0
vamp_svd_r8_repair005,ae101c7f8b800eed7ae750626b2d1db93697b662160356b34e2df60989a3489e,validation,answer_oracle,1,1,C-STANCE,55.0
vamp_svd_r8_repair005,ae101c7f8b800eed7ae750626b2d1db93697b662160356b34e2df60989a3489e,validation,frozen_prompt_centroid,1,1,C-STANCE,42.0
vamp_svd_r8_repair005,ae101c7f8b800eed7ae750626b2d1db93697b662160356b34e2df60989a3489e,validation,prompt_nll,1,1,C-STANCE,1.0
vamp_svd_r8_repair005,ae101c7f8b800eed7ae750626b2d1db93697b662160356b34e2df60989a3489e,validation,task_aware,1,1,C-STANCE,46.0
vamp_svd_r8_repair005,ae101c7f8b800eed7ae750626b2d1db93697b662160356b34e2df60989a3489e,test,answer_oracle,2,1,C-STANCE,72.0
vamp_svd_r8_repair005,ae101c7f8b800eed7ae750626b2d1db93697b662160356b34e2df60989a3489e,test,frozen_prompt_centroid,2,1,C-STANCE,58.0
vamp_svd_r8_repair005,ae101c7f8b800eed7ae750626b2d1db93697b662160356b34e2df60989a3489e,test,prompt_nll,2,1,C-STANCE,5.0
vamp_svd_r8_repair005,ae101c7f8b800eed7ae750626b2d1db93697b662160356b34e2df60989a3489e,test,task_aware,2,1,C-STANCE,58.0
vamp_svd_r8_repair005,ae101c7f8b800eed7ae750626b2d1db93697b662160356b34e2df60989a3489e,validation,answer_oracle,2,1,C-STANCE,57.0
vamp_svd_r8_repair005,ae101c7f8b800eed7ae750626b2d1db93697b662160356b34e2df60989a3489e,validation,frozen_prompt_centroid,2,1,C-STANCE,47.0
vamp_svd_r8_repair005,ae101c7f8b800eed7ae750626b2d1db93697b662160356b34e2df60989a3489e,validation,prompt_nll,2,1,C-STANCE,3.0
vamp_svd_r8_repair005,ae101c7f8b800eed7ae750626b2d1db93697b662160356b34e2df60989a3489e,validation,task_aware,2,1,C-STANCE,47.0
vamp_svd_r8_repair005,ae101c7f8b800eed7ae750626b2d1db93697b662160356b34e2df60989a3489e,test,answer_oracle,2,2,FOMC,42.0
vamp_svd_r8_repair005,ae101c7f8b800eed7ae750626b2d1db93697b662160356b34e2df60989a3489e,test,frozen_prompt_centroid,2,2,FOMC,4.0
vamp_svd_r8_repair005,ae101c7f8b800eed7ae750626b2d1db93697b662160356b34e2df60989a3489e,test,prompt_nll,2,2,FOMC,0.0
vamp_svd_r8_repair005,ae101c7f8b800eed7ae750626b2d1db93697b662160356b34e2df60989a3489e,test,task_aware,2,2,FOMC,23.0
vamp_svd_r8_repair005,ae101c7f8b800eed7ae750626b2d1db93697b662160356b34e2df60989a3489e,validation,answer_oracle,2,2,FOMC,47.0
vamp_svd_r8_repair005,ae101c7f8b800eed7ae750626b2d1db93697b662160356b34e2df60989a3489e,validation,frozen_prompt_centroid,2,2,FOMC,4.0
vamp_svd_r8_repair005,ae101c7f8b800eed7ae750626b2d1db93697b662160356b34e2df60989a3489e,validation,prompt_nll,2,2,FOMC,1.0
vamp_svd_r8_repair005,ae101c7f8b800eed7ae750626b2d1db93697b662160356b34e2df60989a3489e,validation,task_aware,2,2,FOMC,29.0
vamp_svd_r8_repair005,ae101c7f8b800eed7ae750626b2d1db93697b662160356b34e2df60989a3489e,test,answer_oracle,3,1,C-STANCE,57.0
vamp_svd_r8_repair005,ae101c7f8b800eed7ae750626b2d1db93697b662160356b34e2df60989a3489e,test,frozen_prompt_centroid,3,1,C-STANCE,55.0
vamp_svd_r8_repair005,ae101c7f8b800eed7ae750626b2d1db93697b662160356b34e2df60989a3489e,test,prompt_nll,3,1,C-STANCE,7.0
vamp_svd_r8_repair005,ae101c7f8b800eed7ae750626b2d1db93697b662160356b34e2df60989a3489e,test,task_aware,3,1,C-STANCE,55.0
vamp_svd_r8_repair005,ae101c7f8b800eed7ae750626b2d1db93697b662160356b34e2df60989a3489e,validation,answer_oracle,3,1,C-STANCE,41.0
vamp_svd_r8_repair005,ae101c7f8b800eed7ae750626b2d1db93697b662160356b34e2df60989a3489e,validation,frozen_prompt_centroid,3,1,C-STANCE,40.0
vamp_svd_r8_repair005,ae101c7f8b800eed7ae750626b2d1db93697b662160356b34e2df60989a3489e,validation,prompt_nll,3,1,C-STANCE,3.0
vamp_svd_r8_repair005,ae101c7f8b800eed7ae750626b2d1db93697b662160356b34e2df60989a3489e,validation,task_aware,3,1,C-STANCE,40.0
vamp_svd_r8_repair005,ae101c7f8b800eed7ae750626b2d1db93697b662160356b34e2df60989a3489e,test,answer_oracle,3,2,FOMC,40.0
vamp_svd_r8_repair005,ae101c7f8b800eed7ae750626b2d1db93697b662160356b34e2df60989a3489e,test,frozen_prompt_centroid,3,2,FOMC,24.0
vamp_svd_r8_repair005,ae101c7f8b800eed7ae750626b2d1db93697b662160356b34e2df60989a3489e,test,prompt_nll,3,2,FOMC,0.0
vamp_svd_r8_repair005,ae101c7f8b800eed7ae750626b2d1db93697b662160356b34e2df60989a3489e,test,task_aware,3,2,FOMC,24.0
vamp_svd_r8_repair005,ae101c7f8b800eed7ae750626b2d1db93697b662160356b34e2df60989a3489e,validation,answer_oracle,3,2,FOMC,47.0
vamp_svd_r8_repair005,ae101c7f8b800eed7ae750626b2d1db93697b662160356b34e2df60989a3489e,validation,frozen_prompt_centroid,3,2,FOMC,27.0
vamp_svd_r8_repair005,ae101c7f8b800eed7ae750626b2d1db93697b662160356b34e2df60989a3489e,validation,prompt_nll,3,2,FOMC,1.0
vamp_svd_r8_repair005,ae101c7f8b800eed7ae750626b2d1db93697b662160356b34e2df60989a3489e,validation,task_aware,3,2,FOMC,27.0
vamp_svd_r8_repair005,ae101c7f8b800eed7ae750626b2d1db93697b662160356b34e2df60989a3489e,test,answer_oracle,3,3,MeetingBank,37.54212210258413
vamp_svd_r8_repair005,ae101c7f8b800eed7ae750626b2d1db93697b662160356b34e2df60989a3489e,test,frozen_prompt_centroid,3,3,MeetingBank,33.139308694242246
vamp_svd_r8_repair005,ae101c7f8b800eed7ae750626b2d1db93697b662160356b34e2df60989a3489e,test,prompt_nll,3,3,MeetingBank,21.24903265956601
vamp_svd_r8_repair005,ae101c7f8b800eed7ae750626b2d1db93697b662160356b34e2df60989a3489e,test,task_aware,3,3,MeetingBank,32.282989478813924
vamp_svd_r8_repair005,ae101c7f8b800eed7ae750626b2d1db93697b662160356b34e2df60989a3489e,validation,answer_oracle,3,3,MeetingBank,35.743301784294495
vamp_svd_r8_repair005,ae101c7f8b800eed7ae750626b2d1db93697b662160356b34e2df60989a3489e,validation,frozen_prompt_centroid,3,3,MeetingBank,29.99116502658207
vamp_svd_r8_repair005,ae101c7f8b800eed7ae750626b2d1db93697b662160356b34e2df60989a3489e,validation,prompt_nll,3,3,MeetingBank,19.43617667436338
vamp_svd_r8_repair005,ae101c7f8b800eed7ae750626b2d1db93697b662160356b34e2df60989a3489e,validation,task_aware,3,3,MeetingBank,30.557974632473616
vamp_svd_r8_repair005,ae101c7f8b800eed7ae750626b2d1db93697b662160356b34e2df60989a3489e,test,answer_oracle,4,1,C-STANCE,57.0
vamp_svd_r8_repair005,ae101c7f8b800eed7ae750626b2d1db93697b662160356b34e2df60989a3489e,test,frozen_prompt_centroid,4,1,C-STANCE,56.0
vamp_svd_r8_repair005,ae101c7f8b800eed7ae750626b2d1db93697b662160356b34e2df60989a3489e,test,prompt_nll,4,1,C-STANCE,3.0
vamp_svd_r8_repair005,ae101c7f8b800eed7ae750626b2d1db93697b662160356b34e2df60989a3489e,test,task_aware,4,1,C-STANCE,56.0
vamp_svd_r8_repair005,ae101c7f8b800eed7ae750626b2d1db93697b662160356b34e2df60989a3489e,validation,answer_oracle,4,1,C-STANCE,42.0
vamp_svd_r8_repair005,ae101c7f8b800eed7ae750626b2d1db93697b662160356b34e2df60989a3489e,validation,frozen_prompt_centroid,4,1,C-STANCE,41.0
vamp_svd_r8_repair005,ae101c7f8b800eed7ae750626b2d1db93697b662160356b34e2df60989a3489e,validation,prompt_nll,4,1,C-STANCE,3.0
vamp_svd_r8_repair005,ae101c7f8b800eed7ae750626b2d1db93697b662160356b34e2df60989a3489e,validation,task_aware,4,1,C-STANCE,41.0
vamp_svd_r8_repair005,ae101c7f8b800eed7ae750626b2d1db93697b662160356b34e2df60989a3489e,test,answer_oracle,4,2,FOMC,40.0
vamp_svd_r8_repair005,ae101c7f8b800eed7ae750626b2d1db93697b662160356b34e2df60989a3489e,test,frozen_prompt_centroid,4,2,FOMC,23.0
vamp_svd_r8_repair005,ae101c7f8b800eed7ae750626b2d1db93697b662160356b34e2df60989a3489e,test,prompt_nll,4,2,FOMC,0.0
vamp_svd_r8_repair005,ae101c7f8b800eed7ae750626b2d1db93697b662160356b34e2df60989a3489e,test,task_aware,4,2,FOMC,23.0
vamp_svd_r8_repair005,ae101c7f8b800eed7ae750626b2d1db93697b662160356b34e2df60989a3489e,validation,answer_oracle,4,2,FOMC,48.0
vamp_svd_r8_repair005,ae101c7f8b800eed7ae750626b2d1db93697b662160356b34e2df60989a3489e,validation,frozen_prompt_centroid,4,2,FOMC,26.0
vamp_svd_r8_repair005,ae101c7f8b800eed7ae750626b2d1db93697b662160356b34e2df60989a3489e,validation,prompt_nll,4,2,FOMC,0.0
vamp_svd_r8_repair005,ae101c7f8b800eed7ae750626b2d1db93697b662160356b34e2df60989a3489e,validation,task_aware,4,2,FOMC,28.0
vamp_svd_r8_repair005,ae101c7f8b800eed7ae750626b2d1db93697b662160356b34e2df60989a3489e,test,answer_oracle,4,3,MeetingBank,36.296398022463364
vamp_svd_r8_repair005,ae101c7f8b800eed7ae750626b2d1db93697b662160356b34e2df60989a3489e,test,frozen_prompt_centroid,4,3,MeetingBank,30.99528533430207
vamp_svd_r8_repair005,ae101c7f8b800eed7ae750626b2d1db93697b662160356b34e2df60989a3489e,test,prompt_nll,4,3,MeetingBank,20.754258828253874
vamp_svd_r8_repair005,ae101c7f8b800eed7ae750626b2d1db93697b662160356b34e2df60989a3489e,test,task_aware,4,3,MeetingBank,32.689568149459326
vamp_svd_r8_repair005,ae101c7f8b800eed7ae750626b2d1db93697b662160356b34e2df60989a3489e,validation,answer_oracle,4,3,MeetingBank,32.150464634005964
vamp_svd_r8_repair005,ae101c7f8b800eed7ae750626b2d1db93697b662160356b34e2df60989a3489e,validation,frozen_prompt_centroid,4,3,MeetingBank,28.671894101919747
vamp_svd_r8_repair005,ae101c7f8b800eed7ae750626b2d1db93697b662160356b34e2df60989a3489e,validation,prompt_nll,4,3,MeetingBank,20.016054795912677
vamp_svd_r8_repair005,ae101c7f8b800eed7ae750626b2d1db93697b662160356b34e2df60989a3489e,validation,task_aware,4,3,MeetingBank,29.107560624426675
vamp_svd_r8_repair005,ae101c7f8b800eed7ae750626b2d1db93697b662160356b34e2df60989a3489e,test,answer_oracle,4,4,Py150,62.89
vamp_svd_r8_repair005,ae101c7f8b800eed7ae750626b2d1db93697b662160356b34e2df60989a3489e,test,frozen_prompt_centroid,4,4,Py150,54.28
vamp_svd_r8_repair005,ae101c7f8b800eed7ae750626b2d1db93697b662160356b34e2df60989a3489e,test,prompt_nll,4,4,Py150,7.41
vamp_svd_r8_repair005,ae101c7f8b800eed7ae750626b2d1db93697b662160356b34e2df60989a3489e,test,task_aware,4,4,Py150,55.39
vamp_svd_r8_repair005,ae101c7f8b800eed7ae750626b2d1db93697b662160356b34e2df60989a3489e,validation,answer_oracle,4,4,Py150,63.35
vamp_svd_r8_repair005,ae101c7f8b800eed7ae750626b2d1db93697b662160356b34e2df60989a3489e,validation,frozen_prompt_centroid,4,4,Py150,52.3
vamp_svd_r8_repair005,ae101c7f8b800eed7ae750626b2d1db93697b662160356b34e2df60989a3489e,validation,prompt_nll,4,4,Py150,6.02
vamp_svd_r8_repair005,ae101c7f8b800eed7ae750626b2d1db93697b662160356b34e2df60989a3489e,validation,task_aware,4,4,Py150,54.04
vamp_svd_r8_repair005,ae101c7f8b800eed7ae750626b2d1db93697b662160356b34e2df60989a3489e,test,answer_oracle,5,1,C-STANCE,58.0
vamp_svd_r8_repair005,ae101c7f8b800eed7ae750626b2d1db93697b662160356b34e2df60989a3489e,test,frozen_prompt_centroid,5,1,C-STANCE,57.0
vamp_svd_r8_repair005,ae101c7f8b800eed7ae750626b2d1db93697b662160356b34e2df60989a3489e,test,prompt_nll,5,1,C-STANCE,0.0
vamp_svd_r8_repair005,ae101c7f8b800eed7ae750626b2d1db93697b662160356b34e2df60989a3489e,test,task_aware,5,1,C-STANCE,57.0
vamp_svd_r8_repair005,ae101c7f8b800eed7ae750626b2d1db93697b662160356b34e2df60989a3489e,validation,answer_oracle,5,1,C-STANCE,42.0
vamp_svd_r8_repair005,ae101c7f8b800eed7ae750626b2d1db93697b662160356b34e2df60989a3489e,validation,frozen_prompt_centroid,5,1,C-STANCE,42.0
vamp_svd_r8_repair005,ae101c7f8b800eed7ae750626b2d1db93697b662160356b34e2df60989a3489e,validation,prompt_nll,5,1,C-STANCE,1.0
vamp_svd_r8_repair005,ae101c7f8b800eed7ae750626b2d1db93697b662160356b34e2df60989a3489e,validation,task_aware,5,1,C-STANCE,42.0
vamp_svd_r8_repair005,ae101c7f8b800eed7ae750626b2d1db93697b662160356b34e2df60989a3489e,test,answer_oracle,5,2,FOMC,37.0
vamp_svd_r8_repair005,ae101c7f8b800eed7ae750626b2d1db93697b662160356b34e2df60989a3489e,test,frozen_prompt_centroid,5,2,FOMC,22.0
vamp_svd_r8_repair005,ae101c7f8b800eed7ae750626b2d1db93697b662160356b34e2df60989a3489e,test,prompt_nll,5,2,FOMC,2.0
vamp_svd_r8_repair005,ae101c7f8b800eed7ae750626b2d1db93697b662160356b34e2df60989a3489e,test,task_aware,5,2,FOMC,20.0
vamp_svd_r8_repair005,ae101c7f8b800eed7ae750626b2d1db93697b662160356b34e2df60989a3489e,validation,answer_oracle,5,2,FOMC,47.0
vamp_svd_r8_repair005,ae101c7f8b800eed7ae750626b2d1db93697b662160356b34e2df60989a3489e,validation,frozen_prompt_centroid,5,2,FOMC,25.0
vamp_svd_r8_repair005,ae101c7f8b800eed7ae750626b2d1db93697b662160356b34e2df60989a3489e,validation,prompt_nll,5,2,FOMC,3.0
vamp_svd_r8_repair005,ae101c7f8b800eed7ae750626b2d1db93697b662160356b34e2df60989a3489e,validation,task_aware,5,2,FOMC,25.0
vamp_svd_r8_repair005,ae101c7f8b800eed7ae750626b2d1db93697b662160356b34e2df60989a3489e,test,answer_oracle,5,3,MeetingBank,33.922085306375564
vamp_svd_r8_repair005,ae101c7f8b800eed7ae750626b2d1db93697b662160356b34e2df60989a3489e,test,frozen_prompt_centroid,5,3,MeetingBank,30.468972094793266
vamp_svd_r8_repair005,ae101c7f8b800eed7ae750626b2d1db93697b662160356b34e2df60989a3489e,test,prompt_nll,5,3,MeetingBank,18.710983306869945
vamp_svd_r8_repair005,ae101c7f8b800eed7ae750626b2d1db93697b662160356b34e2df60989a3489e,test,task_aware,5,3,MeetingBank,30.468972094793266
vamp_svd_r8_repair005,ae101c7f8b800eed7ae750626b2d1db93697b662160356b34e2df60989a3489e,validation,answer_oracle,5,3,MeetingBank,29.711439825739813
vamp_svd_r8_repair005,ae101c7f8b800eed7ae750626b2d1db93697b662160356b34e2df60989a3489e,validation,frozen_prompt_centroid,5,3,MeetingBank,26.2438080251978
vamp_svd_r8_repair005,ae101c7f8b800eed7ae750626b2d1db93697b662160356b34e2df60989a3489e,validation,prompt_nll,5,3,MeetingBank,18.295980764630922
vamp_svd_r8_repair005,ae101c7f8b800eed7ae750626b2d1db93697b662160356b34e2df60989a3489e,validation,task_aware,5,3,MeetingBank,26.2438080251978
vamp_svd_r8_repair005,ae101c7f8b800eed7ae750626b2d1db93697b662160356b34e2df60989a3489e,test,answer_oracle,5,4,Py150,53.34
vamp_svd_r8_repair005,ae101c7f8b800eed7ae750626b2d1db93697b662160356b34e2df60989a3489e,test,frozen_prompt_centroid,5,4,Py150,53.01
vamp_svd_r8_repair005,ae101c7f8b800eed7ae750626b2d1db93697b662160356b34e2df60989a3489e,test,prompt_nll,5,4,Py150,6.07
vamp_svd_r8_repair005,ae101c7f8b800eed7ae750626b2d1db93697b662160356b34e2df60989a3489e,test,task_aware,5,4,Py150,53.01
vamp_svd_r8_repair005,ae101c7f8b800eed7ae750626b2d1db93697b662160356b34e2df60989a3489e,validation,answer_oracle,5,4,Py150,53.93
vamp_svd_r8_repair005,ae101c7f8b800eed7ae750626b2d1db93697b662160356b34e2df60989a3489e,validation,frozen_prompt_centroid,5,4,Py150,53.55
vamp_svd_r8_repair005,ae101c7f8b800eed7ae750626b2d1db93697b662160356b34e2df60989a3489e,validation,prompt_nll,5,4,Py150,6.06
vamp_svd_r8_repair005,ae101c7f8b800eed7ae750626b2d1db93697b662160356b34e2df60989a3489e,validation,task_aware,5,4,Py150,53.55
vamp_svd_r8_repair005,ae101c7f8b800eed7ae750626b2d1db93697b662160356b34e2df60989a3489e,test,answer_oracle,5,5,ScienceQA,86.0
vamp_svd_r8_repair005,ae101c7f8b800eed7ae750626b2d1db93697b662160356b34e2df60989a3489e,test,frozen_prompt_centroid,5,5,ScienceQA,70.0
vamp_svd_r8_repair005,ae101c7f8b800eed7ae750626b2d1db93697b662160356b34e2df60989a3489e,test,prompt_nll,5,5,ScienceQA,67.0
vamp_svd_r8_repair005,ae101c7f8b800eed7ae750626b2d1db93697b662160356b34e2df60989a3489e,test,task_aware,5,5,ScienceQA,71.0
vamp_svd_r8_repair005,ae101c7f8b800eed7ae750626b2d1db93697b662160356b34e2df60989a3489e,validation,answer_oracle,5,5,ScienceQA,87.0
vamp_svd_r8_repair005,ae101c7f8b800eed7ae750626b2d1db93697b662160356b34e2df60989a3489e,validation,frozen_prompt_centroid,5,5,ScienceQA,73.0
vamp_svd_r8_repair005,ae101c7f8b800eed7ae750626b2d1db93697b662160356b34e2df60989a3489e,validation,prompt_nll,5,5,ScienceQA,73.0
vamp_svd_r8_repair005,ae101c7f8b800eed7ae750626b2d1db93697b662160356b34e2df60989a3489e,validation,task_aware,5,5,ScienceQA,77.0
vamp_svd_r8_repair005,ae101c7f8b800eed7ae750626b2d1db93697b662160356b34e2df60989a3489e,test,answer_oracle,6,1,C-STANCE,58.0
vamp_svd_r8_repair005,ae101c7f8b800eed7ae750626b2d1db93697b662160356b34e2df60989a3489e,test,frozen_prompt_centroid,6,1,C-STANCE,58.0
vamp_svd_r8_repair005,ae101c7f8b800eed7ae750626b2d1db93697b662160356b34e2df60989a3489e,test,prompt_nll,6,1,C-STANCE,1.0
vamp_svd_r8_repair005,ae101c7f8b800eed7ae750626b2d1db93697b662160356b34e2df60989a3489e,test,task_aware,6,1,C-STANCE,58.0
vamp_svd_r8_repair005,ae101c7f8b800eed7ae750626b2d1db93697b662160356b34e2df60989a3489e,validation,answer_oracle,6,1,C-STANCE,41.0
vamp_svd_r8_repair005,ae101c7f8b800eed7ae750626b2d1db93697b662160356b34e2df60989a3489e,validation,frozen_prompt_centroid,6,1,C-STANCE,41.0
vamp_svd_r8_repair005,ae101c7f8b800eed7ae750626b2d1db93697b662160356b34e2df60989a3489e,validation,prompt_nll,6,1,C-STANCE,1.0
vamp_svd_r8_repair005,ae101c7f8b800eed7ae750626b2d1db93697b662160356b34e2df60989a3489e,validation,task_aware,6,1,C-STANCE,41.0
vamp_svd_r8_repair005,ae101c7f8b800eed7ae750626b2d1db93697b662160356b34e2df60989a3489e,test,answer_oracle,6,2,FOMC,42.0
vamp_svd_r8_repair005,ae101c7f8b800eed7ae750626b2d1db93697b662160356b34e2df60989a3489e,test,frozen_prompt_centroid,6,2,FOMC,22.0
vamp_svd_r8_repair005,ae101c7f8b800eed7ae750626b2d1db93697b662160356b34e2df60989a3489e,test,prompt_nll,6,2,FOMC,2.0
vamp_svd_r8_repair005,ae101c7f8b800eed7ae750626b2d1db93697b662160356b34e2df60989a3489e,test,task_aware,6,2,FOMC,22.0
vamp_svd_r8_repair005,ae101c7f8b800eed7ae750626b2d1db93697b662160356b34e2df60989a3489e,validation,answer_oracle,6,2,FOMC,48.0
vamp_svd_r8_repair005,ae101c7f8b800eed7ae750626b2d1db93697b662160356b34e2df60989a3489e,validation,frozen_prompt_centroid,6,2,FOMC,26.0
vamp_svd_r8_repair005,ae101c7f8b800eed7ae750626b2d1db93697b662160356b34e2df60989a3489e,validation,prompt_nll,6,2,FOMC,3.0
vamp_svd_r8_repair005,ae101c7f8b800eed7ae750626b2d1db93697b662160356b34e2df60989a3489e,validation,task_aware,6,2,FOMC,26.0
vamp_svd_r8_repair005,ae101c7f8b800eed7ae750626b2d1db93697b662160356b34e2df60989a3489e,test,answer_oracle,6,3,MeetingBank,33.72054519759688
vamp_svd_r8_repair005,ae101c7f8b800eed7ae750626b2d1db93697b662160356b34e2df60989a3489e,test,frozen_prompt_centroid,6,3,MeetingBank,30.178681536422843
vamp_svd_r8_repair005,ae101c7f8b800eed7ae750626b2d1db93697b662160356b34e2df60989a3489e,test,prompt_nll,6,3,MeetingBank,18.73434954440682
vamp_svd_r8_repair005,ae101c7f8b800eed7ae750626b2d1db93697b662160356b34e2df60989a3489e,test,task_aware,6,3,MeetingBank,30.178681536422843
vamp_svd_r8_repair005,ae101c7f8b800eed7ae750626b2d1db93697b662160356b34e2df60989a3489e,validation,answer_oracle,6,3,MeetingBank,31.068259714342265
vamp_svd_r8_repair005,ae101c7f8b800eed7ae750626b2d1db93697b662160356b34e2df60989a3489e,validation,frozen_prompt_centroid,6,3,MeetingBank,27.131999505364142
vamp_svd_r8_repair005,ae101c7f8b800eed7ae750626b2d1db93697b662160356b34e2df60989a3489e,validation,prompt_nll,6,3,MeetingBank,19.619056626503134
vamp_svd_r8_repair005,ae101c7f8b800eed7ae750626b2d1db93697b662160356b34e2df60989a3489e,validation,task_aware,6,3,MeetingBank,27.131999505364142
vamp_svd_r8_repair005,ae101c7f8b800eed7ae750626b2d1db93697b662160356b34e2df60989a3489e,test,answer_oracle,6,6,NumGLUE-cm,40.74074074074074
vamp_svd_r8_repair005,ae101c7f8b800eed7ae750626b2d1db93697b662160356b34e2df60989a3489e,test,frozen_prompt_centroid,6,6,NumGLUE-cm,19.753086419753085
vamp_svd_r8_repair005,ae101c7f8b800eed7ae750626b2d1db93697b662160356b34e2df60989a3489e,test,prompt_nll,6,6,NumGLUE-cm,9.876543209876543
vamp_svd_r8_repair005,ae101c7f8b800eed7ae750626b2d1db93697b662160356b34e2df60989a3489e,test,task_aware,6,6,NumGLUE-cm,23.45679012345679
vamp_svd_r8_repair005,ae101c7f8b800eed7ae750626b2d1db93697b662160356b34e2df60989a3489e,validation,answer_oracle,6,6,NumGLUE-cm,56.09756097560975
vamp_svd_r8_repair005,ae101c7f8b800eed7ae750626b2d1db93697b662160356b34e2df60989a3489e,validation,frozen_prompt_centroid,6,6,NumGLUE-cm,39.02439024390244
vamp_svd_r8_repair005,ae101c7f8b800eed7ae750626b2d1db93697b662160356b34e2df60989a3489e,validation,prompt_nll,6,6,NumGLUE-cm,12.195121951219512
vamp_svd_r8_repair005,ae101c7f8b800eed7ae750626b2d1db93697b662160356b34e2df60989a3489e,validation,task_aware,6,6,NumGLUE-cm,36.58536585365854
vamp_svd_r8_repair005,ae101c7f8b800eed7ae750626b2d1db93697b662160356b34e2df60989a3489e,test,answer_oracle,6,4,Py150,53.08
vamp_svd_r8_repair005,ae101c7f8b800eed7ae750626b2d1db93697b662160356b34e2df60989a3489e,test,frozen_prompt_centroid,6,4,Py150,52.74
vamp_svd_r8_repair005,ae101c7f8b800eed7ae750626b2d1db93697b662160356b34e2df60989a3489e,test,prompt_nll,6,4,Py150,5.83
vamp_svd_r8_repair005,ae101c7f8b800eed7ae750626b2d1db93697b662160356b34e2df60989a3489e,test,task_aware,6,4,Py150,52.74
vamp_svd_r8_repair005,ae101c7f8b800eed7ae750626b2d1db93697b662160356b34e2df60989a3489e,validation,answer_oracle,6,4,Py150,53.59
vamp_svd_r8_repair005,ae101c7f8b800eed7ae750626b2d1db93697b662160356b34e2df60989a3489e,validation,frozen_prompt_centroid,6,4,Py150,53.36
vamp_svd_r8_repair005,ae101c7f8b800eed7ae750626b2d1db93697b662160356b34e2df60989a3489e,validation,prompt_nll,6,4,Py150,6.02
vamp_svd_r8_repair005,ae101c7f8b800eed7ae750626b2d1db93697b662160356b34e2df60989a3489e,validation,task_aware,6,4,Py150,53.36
vamp_svd_r8_repair005,ae101c7f8b800eed7ae750626b2d1db93697b662160356b34e2df60989a3489e,test,answer_oracle,6,5,ScienceQA,84.0
vamp_svd_r8_repair005,ae101c7f8b800eed7ae750626b2d1db93697b662160356b34e2df60989a3489e,test,frozen_prompt_centroid,6,5,ScienceQA,74.0
vamp_svd_r8_repair005,ae101c7f8b800eed7ae750626b2d1db93697b662160356b34e2df60989a3489e,test,prompt_nll,6,5,ScienceQA,66.0
vamp_svd_r8_repair005,ae101c7f8b800eed7ae750626b2d1db93697b662160356b34e2df60989a3489e,test,task_aware,6,5,ScienceQA,73.0
vamp_svd_r8_repair005,ae101c7f8b800eed7ae750626b2d1db93697b662160356b34e2df60989a3489e,validation,answer_oracle,6,5,ScienceQA,89.0
vamp_svd_r8_repair005,ae101c7f8b800eed7ae750626b2d1db93697b662160356b34e2df60989a3489e,validation,frozen_prompt_centroid,6,5,ScienceQA,78.0
vamp_svd_r8_repair005,ae101c7f8b800eed7ae750626b2d1db93697b662160356b34e2df60989a3489e,validation,prompt_nll,6,5,ScienceQA,74.0
vamp_svd_r8_repair005,ae101c7f8b800eed7ae750626b2d1db93697b662160356b34e2df60989a3489e,validation,task_aware,6,5,ScienceQA,78.0
vamp_svd_r8_repair005,ae101c7f8b800eed7ae750626b2d1db93697b662160356b34e2df60989a3489e,test,answer_oracle,7,1,C-STANCE,53.0
vamp_svd_r8_repair005,ae101c7f8b800eed7ae750626b2d1db93697b662160356b34e2df60989a3489e,test,frozen_prompt_centroid,7,1,C-STANCE,53.0
vamp_svd_r8_repair005,ae101c7f8b800eed7ae750626b2d1db93697b662160356b34e2df60989a3489e,test,prompt_nll,7,1,C-STANCE,1.0
vamp_svd_r8_repair005,ae101c7f8b800eed7ae750626b2d1db93697b662160356b34e2df60989a3489e,test,task_aware,7,1,C-STANCE,53.0
vamp_svd_r8_repair005,ae101c7f8b800eed7ae750626b2d1db93697b662160356b34e2df60989a3489e,validation,answer_oracle,7,1,C-STANCE,36.0
vamp_svd_r8_repair005,ae101c7f8b800eed7ae750626b2d1db93697b662160356b34e2df60989a3489e,validation,frozen_prompt_centroid,7,1,C-STANCE,35.0
vamp_svd_r8_repair005,ae101c7f8b800eed7ae750626b2d1db93697b662160356b34e2df60989a3489e,validation,prompt_nll,7,1,C-STANCE,2.0
vamp_svd_r8_repair005,ae101c7f8b800eed7ae750626b2d1db93697b662160356b34e2df60989a3489e,validation,task_aware,7,1,C-STANCE,35.0
vamp_svd_r8_repair005,ae101c7f8b800eed7ae750626b2d1db93697b662160356b34e2df60989a3489e,test,answer_oracle,7,2,FOMC,31.0
vamp_svd_r8_repair005,ae101c7f8b800eed7ae750626b2d1db93697b662160356b34e2df60989a3489e,test,frozen_prompt_centroid,7,2,FOMC,0.0
vamp_svd_r8_repair005,ae101c7f8b800eed7ae750626b2d1db93697b662160356b34e2df60989a3489e,test,prompt_nll,7,2,FOMC,0.0
vamp_svd_r8_repair005,ae101c7f8b800eed7ae750626b2d1db93697b662160356b34e2df60989a3489e,test,task_aware,7,2,FOMC,27.0
vamp_svd_r8_repair005,ae101c7f8b800eed7ae750626b2d1db93697b662160356b34e2df60989a3489e,validation,answer_oracle,7,2,FOMC,37.0
vamp_svd_r8_repair005,ae101c7f8b800eed7ae750626b2d1db93697b662160356b34e2df60989a3489e,validation,frozen_prompt_centroid,7,2,FOMC,0.0
vamp_svd_r8_repair005,ae101c7f8b800eed7ae750626b2d1db93697b662160356b34e2df60989a3489e,validation,prompt_nll,7,2,FOMC,0.0
vamp_svd_r8_repair005,ae101c7f8b800eed7ae750626b2d1db93697b662160356b34e2df60989a3489e,validation,task_aware,7,2,FOMC,33.0
vamp_svd_r8_repair005,ae101c7f8b800eed7ae750626b2d1db93697b662160356b34e2df60989a3489e,test,answer_oracle,7,3,MeetingBank,27.404347191563915
vamp_svd_r8_repair005,ae101c7f8b800eed7ae750626b2d1db93697b662160356b34e2df60989a3489e,test,frozen_prompt_centroid,7,3,MeetingBank,18.166278476852906
vamp_svd_r8_repair005,ae101c7f8b800eed7ae750626b2d1db93697b662160356b34e2df60989a3489e,test,prompt_nll,7,3,MeetingBank,19.80685399564212
vamp_svd_r8_repair005,ae101c7f8b800eed7ae750626b2d1db93697b662160356b34e2df60989a3489e,test,task_aware,7,3,MeetingBank,19.594870110540544
vamp_svd_r8_repair005,ae101c7f8b800eed7ae750626b2d1db93697b662160356b34e2df60989a3489e,validation,answer_oracle,7,3,MeetingBank,25.282786610606962
vamp_svd_r8_repair005,ae101c7f8b800eed7ae750626b2d1db93697b662160356b34e2df60989a3489e,validation,frozen_prompt_centroid,7,3,MeetingBank,17.42743191249062
vamp_svd_r8_repair005,ae101c7f8b800eed7ae750626b2d1db93697b662160356b34e2df60989a3489e,validation,prompt_nll,7,3,MeetingBank,18.58330209184489
vamp_svd_r8_repair005,ae101c7f8b800eed7ae750626b2d1db93697b662160356b34e2df60989a3489e,validation,task_aware,7,3,MeetingBank,19.821802555595347
vamp_svd_r8_repair005,ae101c7f8b800eed7ae750626b2d1db93697b662160356b34e2df60989a3489e,test,answer_oracle,7,6,NumGLUE-cm,28.395061728395063
vamp_svd_r8_repair005,ae101c7f8b800eed7ae750626b2d1db93697b662160356b34e2df60989a3489e,test,frozen_prompt_centroid,7,6,NumGLUE-cm,17.28395061728395
vamp_svd_r8_repair005,ae101c7f8b800eed7ae750626b2d1db93697b662160356b34e2df60989a3489e,test,prompt_nll,7,6,NumGLUE-cm,8.641975308641975
vamp_svd_r8_repair005,ae101c7f8b800eed7ae750626b2d1db93697b662160356b34e2df60989a3489e,test,task_aware,7,6,NumGLUE-cm,18.51851851851852
vamp_svd_r8_repair005,ae101c7f8b800eed7ae750626b2d1db93697b662160356b34e2df60989a3489e,validation,answer_oracle,7,6,NumGLUE-cm,56.09756097560975
vamp_svd_r8_repair005,ae101c7f8b800eed7ae750626b2d1db93697b662160356b34e2df60989a3489e,validation,frozen_prompt_centroid,7,6,NumGLUE-cm,41.46341463414634
vamp_svd_r8_repair005,ae101c7f8b800eed7ae750626b2d1db93697b662160356b34e2df60989a3489e,validation,prompt_nll,7,6,NumGLUE-cm,17.073170731707318
vamp_svd_r8_repair005,ae101c7f8b800eed7ae750626b2d1db93697b662160356b34e2df60989a3489e,validation,task_aware,7,6,NumGLUE-cm,39.02439024390244
vamp_svd_r8_repair005,ae101c7f8b800eed7ae750626b2d1db93697b662160356b34e2df60989a3489e,test,answer_oracle,7,7,NumGLUE-ds,52.0
vamp_svd_r8_repair005,ae101c7f8b800eed7ae750626b2d1db93697b662160356b34e2df60989a3489e,test,frozen_prompt_centroid,7,7,NumGLUE-ds,44.0
vamp_svd_r8_repair005,ae101c7f8b800eed7ae750626b2d1db93697b662160356b34e2df60989a3489e,test,prompt_nll,7,7,NumGLUE-ds,26.0
vamp_svd_r8_repair005,ae101c7f8b800eed7ae750626b2d1db93697b662160356b34e2df60989a3489e,test,task_aware,7,7,NumGLUE-ds,47.0
vamp_svd_r8_repair005,ae101c7f8b800eed7ae750626b2d1db93697b662160356b34e2df60989a3489e,validation,answer_oracle,7,7,NumGLUE-ds,50.0
vamp_svd_r8_repair005,ae101c7f8b800eed7ae750626b2d1db93697b662160356b34e2df60989a3489e,validation,frozen_prompt_centroid,7,7,NumGLUE-ds,35.0
vamp_svd_r8_repair005,ae101c7f8b800eed7ae750626b2d1db93697b662160356b34e2df60989a3489e,validation,prompt_nll,7,7,NumGLUE-ds,19.0
vamp_svd_r8_repair005,ae101c7f8b800eed7ae750626b2d1db93697b662160356b34e2df60989a3489e,validation,task_aware,7,7,NumGLUE-ds,38.0
vamp_svd_r8_repair005,ae101c7f8b800eed7ae750626b2d1db93697b662160356b34e2df60989a3489e,test,answer_oracle,7,4,Py150,37.76
vamp_svd_r8_repair005,ae101c7f8b800eed7ae750626b2d1db93697b662160356b34e2df60989a3489e,test,frozen_prompt_centroid,7,4,Py150,37.24
vamp_svd_r8_repair005,ae101c7f8b800eed7ae750626b2d1db93697b662160356b34e2df60989a3489e,test,prompt_nll,7,4,Py150,10.2
vamp_svd_r8_repair005,ae101c7f8b800eed7ae750626b2d1db93697b662160356b34e2df60989a3489e,test,task_aware,7,4,Py150,37.24
vamp_svd_r8_repair005,ae101c7f8b800eed7ae750626b2d1db93697b662160356b34e2df60989a3489e,validation,answer_oracle,7,4,Py150,34.14
vamp_svd_r8_repair005,ae101c7f8b800eed7ae750626b2d1db93697b662160356b34e2df60989a3489e,validation,frozen_prompt_centroid,7,4,Py150,33.92
vamp_svd_r8_repair005,ae101c7f8b800eed7ae750626b2d1db93697b662160356b34e2df60989a3489e,validation,prompt_nll,7,4,Py150,5.5
vamp_svd_r8_repair005,ae101c7f8b800eed7ae750626b2d1db93697b662160356b34e2df60989a3489e,validation,task_aware,7,4,Py150,33.92
vamp_svd_r8_repair005,ae101c7f8b800eed7ae750626b2d1db93697b662160356b34e2df60989a3489e,test,answer_oracle,7,5,ScienceQA,82.0
vamp_svd_r8_repair005,ae101c7f8b800eed7ae750626b2d1db93697b662160356b34e2df60989a3489e,test,frozen_prompt_centroid,7,5,ScienceQA,67.0
vamp_svd_r8_repair005,ae101c7f8b800eed7ae750626b2d1db93697b662160356b34e2df60989a3489e,test,prompt_nll,7,5,ScienceQA,68.0
vamp_svd_r8_repair005,ae101c7f8b800eed7ae750626b2d1db93697b662160356b34e2df60989a3489e,test,task_aware,7,5,ScienceQA,66.0
vamp_svd_r8_repair005,ae101c7f8b800eed7ae750626b2d1db93697b662160356b34e2df60989a3489e,validation,answer_oracle,7,5,ScienceQA,87.0
vamp_svd_r8_repair005,ae101c7f8b800eed7ae750626b2d1db93697b662160356b34e2df60989a3489e,validation,frozen_prompt_centroid,7,5,ScienceQA,72.0
vamp_svd_r8_repair005,ae101c7f8b800eed7ae750626b2d1db93697b662160356b34e2df60989a3489e,validation,prompt_nll,7,5,ScienceQA,74.0
vamp_svd_r8_repair005,ae101c7f8b800eed7ae750626b2d1db93697b662160356b34e2df60989a3489e,validation,task_aware,7,5,ScienceQA,75.0
vamp_svd_r8_repair005,ae101c7f8b800eed7ae750626b2d1db93697b662160356b34e2df60989a3489e,test,answer_oracle,8,8,20Minuten,42.52904440927343
vamp_svd_r8_repair005,ae101c7f8b800eed7ae750626b2d1db93697b662160356b34e2df60989a3489e,test,frozen_prompt_centroid,8,8,20Minuten,38.77072381846888
vamp_svd_r8_repair005,ae101c7f8b800eed7ae750626b2d1db93697b662160356b34e2df60989a3489e,test,prompt_nll,8,8,20Minuten,36.194638464127436
vamp_svd_r8_repair005,ae101c7f8b800eed7ae750626b2d1db93697b662160356b34e2df60989a3489e,test,task_aware,8,8,20Minuten,38.883014069269414
vamp_svd_r8_repair005,ae101c7f8b800eed7ae750626b2d1db93697b662160356b34e2df60989a3489e,validation,answer_oracle,8,8,20Minuten,42.830747714447426
vamp_svd_r8_repair005,ae101c7f8b800eed7ae750626b2d1db93697b662160356b34e2df60989a3489e,validation,frozen_prompt_centroid,8,8,20Minuten,38.845837791474146
vamp_svd_r8_repair005,ae101c7f8b800eed7ae750626b2d1db93697b662160356b34e2df60989a3489e,validation,prompt_nll,8,8,20Minuten,36.77474929992511
vamp_svd_r8_repair005,ae101c7f8b800eed7ae750626b2d1db93697b662160356b34e2df60989a3489e,validation,task_aware,8,8,20Minuten,39.09107616114997
vamp_svd_r8_repair005,ae101c7f8b800eed7ae750626b2d1db93697b662160356b34e2df60989a3489e,test,answer_oracle,8,1,C-STANCE,54.0
vamp_svd_r8_repair005,ae101c7f8b800eed7ae750626b2d1db93697b662160356b34e2df60989a3489e,test,frozen_prompt_centroid,8,1,C-STANCE,54.0
vamp_svd_r8_repair005,ae101c7f8b800eed7ae750626b2d1db93697b662160356b34e2df60989a3489e,test,prompt_nll,8,1,C-STANCE,4.0
vamp_svd_r8_repair005,ae101c7f8b800eed7ae750626b2d1db93697b662160356b34e2df60989a3489e,test,task_aware,8,1,C-STANCE,54.0
vamp_svd_r8_repair005,ae101c7f8b800eed7ae750626b2d1db93697b662160356b34e2df60989a3489e,validation,answer_oracle,8,1,C-STANCE,40.0
vamp_svd_r8_repair005,ae101c7f8b800eed7ae750626b2d1db93697b662160356b34e2df60989a3489e,validation,frozen_prompt_centroid,8,1,C-STANCE,32.0
vamp_svd_r8_repair005,ae101c7f8b800eed7ae750626b2d1db93697b662160356b34e2df60989a3489e,validation,prompt_nll,8,1,C-STANCE,2.0
vamp_svd_r8_repair005,ae101c7f8b800eed7ae750626b2d1db93697b662160356b34e2df60989a3489e,validation,task_aware,8,1,C-STANCE,32.0
vamp_svd_r8_repair005,ae101c7f8b800eed7ae750626b2d1db93697b662160356b34e2df60989a3489e,test,answer_oracle,8,2,FOMC,29.0
vamp_svd_r8_repair005,ae101c7f8b800eed7ae750626b2d1db93697b662160356b34e2df60989a3489e,test,frozen_prompt_centroid,8,2,FOMC,0.0
vamp_svd_r8_repair005,ae101c7f8b800eed7ae750626b2d1db93697b662160356b34e2df60989a3489e,test,prompt_nll,8,2,FOMC,0.0
vamp_svd_r8_repair005,ae101c7f8b800eed7ae750626b2d1db93697b662160356b34e2df60989a3489e,test,task_aware,8,2,FOMC,25.0
vamp_svd_r8_repair005,ae101c7f8b800eed7ae750626b2d1db93697b662160356b34e2df60989a3489e,validation,answer_oracle,8,2,FOMC,30.0
vamp_svd_r8_repair005,ae101c7f8b800eed7ae750626b2d1db93697b662160356b34e2df60989a3489e,validation,frozen_prompt_centroid,8,2,FOMC,0.0
vamp_svd_r8_repair005,ae101c7f8b800eed7ae750626b2d1db93697b662160356b34e2df60989a3489e,validation,prompt_nll,8,2,FOMC,0.0
vamp_svd_r8_repair005,ae101c7f8b800eed7ae750626b2d1db93697b662160356b34e2df60989a3489e,validation,task_aware,8,2,FOMC,26.0
vamp_svd_r8_repair005,ae101c7f8b800eed7ae750626b2d1db93697b662160356b34e2df60989a3489e,test,answer_oracle,8,3,MeetingBank,27.583786491995458
vamp_svd_r8_repair005,ae101c7f8b800eed7ae750626b2d1db93697b662160356b34e2df60989a3489e,test,frozen_prompt_centroid,8,3,MeetingBank,18.120883822515673
vamp_svd_r8_repair005,ae101c7f8b800eed7ae750626b2d1db93697b662160356b34e2df60989a3489e,test,prompt_nll,8,3,MeetingBank,18.881799306207505
vamp_svd_r8_repair005,ae101c7f8b800eed7ae750626b2d1db93697b662160356b34e2df60989a3489e,test,task_aware,8,3,MeetingBank,20.716527603423515
vamp_svd_r8_repair005,ae101c7f8b800eed7ae750626b2d1db93697b662160356b34e2df60989a3489e,validation,answer_oracle,8,3,MeetingBank,26.151731841525113
vamp_svd_r8_repair005,ae101c7f8b800eed7ae750626b2d1db93697b662160356b34e2df60989a3489e,validation,frozen_prompt_centroid,8,3,MeetingBank,17.313941997094226
vamp_svd_r8_repair005,ae101c7f8b800eed7ae750626b2d1db93697b662160356b34e2df60989a3489e,validation,prompt_nll,8,3,MeetingBank,18.621993385216093
vamp_svd_r8_repair005,ae101c7f8b800eed7ae750626b2d1db93697b662160356b34e2df60989a3489e,validation,task_aware,8,3,MeetingBank,20.622125752060615
vamp_svd_r8_repair005,ae101c7f8b800eed7ae750626b2d1db93697b662160356b34e2df60989a3489e,test,answer_oracle,8,6,NumGLUE-cm,23.45679012345679
vamp_svd_r8_repair005,ae101c7f8b800eed7ae750626b2d1db93697b662160356b34e2df60989a3489e,test,frozen_prompt_centroid,8,6,NumGLUE-cm,19.753086419753085
vamp_svd_r8_repair005,ae101c7f8b800eed7ae750626b2d1db93697b662160356b34e2df60989a3489e,test,prompt_nll,8,6,NumGLUE-cm,8.641975308641975
vamp_svd_r8_repair005,ae101c7f8b800eed7ae750626b2d1db93697b662160356b34e2df60989a3489e,test,task_aware,8,6,NumGLUE-cm,19.753086419753085
vamp_svd_r8_repair005,ae101c7f8b800eed7ae750626b2d1db93697b662160356b34e2df60989a3489e,validation,answer_oracle,8,6,NumGLUE-cm,48.78048780487805
vamp_svd_r8_repair005,ae101c7f8b800eed7ae750626b2d1db93697b662160356b34e2df60989a3489e,validation,frozen_prompt_centroid,8,6,NumGLUE-cm,36.58536585365854
vamp_svd_r8_repair005,ae101c7f8b800eed7ae750626b2d1db93697b662160356b34e2df60989a3489e,validation,prompt_nll,8,6,NumGLUE-cm,14.634146341463415
vamp_svd_r8_repair005,ae101c7f8b800eed7ae750626b2d1db93697b662160356b34e2df60989a3489e,validation,task_aware,8,6,NumGLUE-cm,36.58536585365854
vamp_svd_r8_repair005,ae101c7f8b800eed7ae750626b2d1db93697b662160356b34e2df60989a3489e,test,answer_oracle,8,7,NumGLUE-ds,51.0
vamp_svd_r8_repair005,ae101c7f8b800eed7ae750626b2d1db93697b662160356b34e2df60989a3489e,test,frozen_prompt_centroid,8,7,NumGLUE-ds,44.0
vamp_svd_r8_repair005,ae101c7f8b800eed7ae750626b2d1db93697b662160356b34e2df60989a3489e,test,prompt_nll,8,7,NumGLUE-ds,21.0
vamp_svd_r8_repair005,ae101c7f8b800eed7ae750626b2d1db93697b662160356b34e2df60989a3489e,test,task_aware,8,7,NumGLUE-ds,44.0
vamp_svd_r8_repair005,ae101c7f8b800eed7ae750626b2d1db93697b662160356b34e2df60989a3489e,validation,answer_oracle,8,7,NumGLUE-ds,44.0
vamp_svd_r8_repair005,ae101c7f8b800eed7ae750626b2d1db93697b662160356b34e2df60989a3489e,validation,frozen_prompt_centroid,8,7,NumGLUE-ds,39.0
vamp_svd_r8_repair005,ae101c7f8b800eed7ae750626b2d1db93697b662160356b34e2df60989a3489e,validation,prompt_nll,8,7,NumGLUE-ds,15.0
vamp_svd_r8_repair005,ae101c7f8b800eed7ae750626b2d1db93697b662160356b34e2df60989a3489e,validation,task_aware,8,7,NumGLUE-ds,38.0
vamp_svd_r8_repair005,ae101c7f8b800eed7ae750626b2d1db93697b662160356b34e2df60989a3489e,test,answer_oracle,8,4,Py150,37.34
vamp_svd_r8_repair005,ae101c7f8b800eed7ae750626b2d1db93697b662160356b34e2df60989a3489e,test,frozen_prompt_centroid,8,4,Py150,37.09
vamp_svd_r8_repair005,ae101c7f8b800eed7ae750626b2d1db93697b662160356b34e2df60989a3489e,test,prompt_nll,8,4,Py150,10.31
vamp_svd_r8_repair005,ae101c7f8b800eed7ae750626b2d1db93697b662160356b34e2df60989a3489e,test,task_aware,8,4,Py150,37.09
vamp_svd_r8_repair005,ae101c7f8b800eed7ae750626b2d1db93697b662160356b34e2df60989a3489e,validation,answer_oracle,8,4,Py150,34.46
vamp_svd_r8_repair005,ae101c7f8b800eed7ae750626b2d1db93697b662160356b34e2df60989a3489e,validation,frozen_prompt_centroid,8,4,Py150,34.28
vamp_svd_r8_repair005,ae101c7f8b800eed7ae750626b2d1db93697b662160356b34e2df60989a3489e,validation,prompt_nll,8,4,Py150,4.78
vamp_svd_r8_repair005,ae101c7f8b800eed7ae750626b2d1db93697b662160356b34e2df60989a3489e,validation,task_aware,8,4,Py150,34.28
vamp_svd_r8_repair005,ae101c7f8b800eed7ae750626b2d1db93697b662160356b34e2df60989a3489e,test,answer_oracle,8,5,ScienceQA,86.0
vamp_svd_r8_repair005,ae101c7f8b800eed7ae750626b2d1db93697b662160356b34e2df60989a3489e,test,frozen_prompt_centroid,8,5,ScienceQA,62.0
vamp_svd_r8_repair005,ae101c7f8b800eed7ae750626b2d1db93697b662160356b34e2df60989a3489e,test,prompt_nll,8,5,ScienceQA,67.0
vamp_svd_r8_repair005,ae101c7f8b800eed7ae750626b2d1db93697b662160356b34e2df60989a3489e,test,task_aware,8,5,ScienceQA,66.0
vamp_svd_r8_repair005,ae101c7f8b800eed7ae750626b2d1db93697b662160356b34e2df60989a3489e,validation,answer_oracle,8,5,ScienceQA,91.0
vamp_svd_r8_repair005,ae101c7f8b800eed7ae750626b2d1db93697b662160356b34e2df60989a3489e,validation,frozen_prompt_centroid,8,5,ScienceQA,72.0
vamp_svd_r8_repair005,ae101c7f8b800eed7ae750626b2d1db93697b662160356b34e2df60989a3489e,validation,prompt_nll,8,5,ScienceQA,75.0
vamp_svd_r8_repair005,ae101c7f8b800eed7ae750626b2d1db93697b662160356b34e2df60989a3489e,validation,task_aware,8,5,ScienceQA,73.0
vamp_core_tsv_r8_scale05_repair000,b2be4a776959c3c511e2b5faf99712d69b9df713bfcf53e538c4bc9786fe5e18,test,answer_oracle,1,1,C-STANCE,59.0
vamp_core_tsv_r8_scale05_repair000,b2be4a776959c3c511e2b5faf99712d69b9df713bfcf53e538c4bc9786fe5e18,test,frozen_prompt_centroid,1,1,C-STANCE,47.0
vamp_core_tsv_r8_scale05_repair000,b2be4a776959c3c511e2b5faf99712d69b9df713bfcf53e538c4bc9786fe5e18,test,prompt_nll,1,1,C-STANCE,0.0
vamp_core_tsv_r8_scale05_repair000,b2be4a776959c3c511e2b5faf99712d69b9df713bfcf53e538c4bc9786fe5e18,test,task_aware,1,1,C-STANCE,53.0
vamp_core_tsv_r8_scale05_repair000,b2be4a776959c3c511e2b5faf99712d69b9df713bfcf53e538c4bc9786fe5e18,validation,answer_oracle,1,1,C-STANCE,42.0
vamp_core_tsv_r8_scale05_repair000,b2be4a776959c3c511e2b5faf99712d69b9df713bfcf53e538c4bc9786fe5e18,validation,frozen_prompt_centroid,1,1,C-STANCE,37.0
vamp_core_tsv_r8_scale05_repair000,b2be4a776959c3c511e2b5faf99712d69b9df713bfcf53e538c4bc9786fe5e18,validation,prompt_nll,1,1,C-STANCE,1.0
vamp_core_tsv_r8_scale05_repair000,b2be4a776959c3c511e2b5faf99712d69b9df713bfcf53e538c4bc9786fe5e18,validation,task_aware,1,1,C-STANCE,40.0
vamp_core_tsv_r8_scale05_repair000,b2be4a776959c3c511e2b5faf99712d69b9df713bfcf53e538c4bc9786fe5e18,test,answer_oracle,2,1,C-STANCE,66.0
vamp_core_tsv_r8_scale05_repair000,b2be4a776959c3c511e2b5faf99712d69b9df713bfcf53e538c4bc9786fe5e18,test,frozen_prompt_centroid,2,1,C-STANCE,51.0
vamp_core_tsv_r8_scale05_repair000,b2be4a776959c3c511e2b5faf99712d69b9df713bfcf53e538c4bc9786fe5e18,test,prompt_nll,2,1,C-STANCE,31.0
vamp_core_tsv_r8_scale05_repair000,b2be4a776959c3c511e2b5faf99712d69b9df713bfcf53e538c4bc9786fe5e18,test,task_aware,2,1,C-STANCE,49.0
vamp_core_tsv_r8_scale05_repair000,b2be4a776959c3c511e2b5faf99712d69b9df713bfcf53e538c4bc9786fe5e18,validation,answer_oracle,2,1,C-STANCE,46.0
vamp_core_tsv_r8_scale05_repair000,b2be4a776959c3c511e2b5faf99712d69b9df713bfcf53e538c4bc9786fe5e18,validation,frozen_prompt_centroid,2,1,C-STANCE,36.0
vamp_core_tsv_r8_scale05_repair000,b2be4a776959c3c511e2b5faf99712d69b9df713bfcf53e538c4bc9786fe5e18,validation,prompt_nll,2,1,C-STANCE,19.0
vamp_core_tsv_r8_scale05_repair000,b2be4a776959c3c511e2b5faf99712d69b9df713bfcf53e538c4bc9786fe5e18,validation,task_aware,2,1,C-STANCE,38.0
vamp_core_tsv_r8_scale05_repair000,b2be4a776959c3c511e2b5faf99712d69b9df713bfcf53e538c4bc9786fe5e18,test,answer_oracle,2,2,FOMC,40.0
vamp_core_tsv_r8_scale05_repair000,b2be4a776959c3c511e2b5faf99712d69b9df713bfcf53e538c4bc9786fe5e18,test,frozen_prompt_centroid,2,2,FOMC,7.0
vamp_core_tsv_r8_scale05_repair000,b2be4a776959c3c511e2b5faf99712d69b9df713bfcf53e538c4bc9786fe5e18,test,prompt_nll,2,2,FOMC,9.0
vamp_core_tsv_r8_scale05_repair000,b2be4a776959c3c511e2b5faf99712d69b9df713bfcf53e538c4bc9786fe5e18,test,task_aware,2,2,FOMC,25.0
vamp_core_tsv_r8_scale05_repair000,b2be4a776959c3c511e2b5faf99712d69b9df713bfcf53e538c4bc9786fe5e18,validation,answer_oracle,2,2,FOMC,43.0
vamp_core_tsv_r8_scale05_repair000,b2be4a776959c3c511e2b5faf99712d69b9df713bfcf53e538c4bc9786fe5e18,validation,frozen_prompt_centroid,2,2,FOMC,10.0
vamp_core_tsv_r8_scale05_repair000,b2be4a776959c3c511e2b5faf99712d69b9df713bfcf53e538c4bc9786fe5e18,validation,prompt_nll,2,2,FOMC,7.0
vamp_core_tsv_r8_scale05_repair000,b2be4a776959c3c511e2b5faf99712d69b9df713bfcf53e538c4bc9786fe5e18,validation,task_aware,2,2,FOMC,28.0
vamp_core_tsv_r8_scale05_repair000,b2be4a776959c3c511e2b5faf99712d69b9df713bfcf53e538c4bc9786fe5e18,test,answer_oracle,3,1,C-STANCE,46.0
vamp_core_tsv_r8_scale05_repair000,b2be4a776959c3c511e2b5faf99712d69b9df713bfcf53e538c4bc9786fe5e18,test,frozen_prompt_centroid,3,1,C-STANCE,46.0
vamp_core_tsv_r8_scale05_repair000,b2be4a776959c3c511e2b5faf99712d69b9df713bfcf53e538c4bc9786fe5e18,test,prompt_nll,3,1,C-STANCE,25.0
vamp_core_tsv_r8_scale05_repair000,b2be4a776959c3c511e2b5faf99712d69b9df713bfcf53e538c4bc9786fe5e18,test,task_aware,3,1,C-STANCE,46.0
vamp_core_tsv_r8_scale05_repair000,b2be4a776959c3c511e2b5faf99712d69b9df713bfcf53e538c4bc9786fe5e18,validation,answer_oracle,3,1,C-STANCE,31.0
vamp_core_tsv_r8_scale05_repair000,b2be4a776959c3c511e2b5faf99712d69b9df713bfcf53e538c4bc9786fe5e18,validation,frozen_prompt_centroid,3,1,C-STANCE,30.0
vamp_core_tsv_r8_scale05_repair000,b2be4a776959c3c511e2b5faf99712d69b9df713bfcf53e538c4bc9786fe5e18,validation,prompt_nll,3,1,C-STANCE,20.0
vamp_core_tsv_r8_scale05_repair000,b2be4a776959c3c511e2b5faf99712d69b9df713bfcf53e538c4bc9786fe5e18,validation,task_aware,3,1,C-STANCE,30.0
vamp_core_tsv_r8_scale05_repair000,b2be4a776959c3c511e2b5faf99712d69b9df713bfcf53e538c4bc9786fe5e18,test,answer_oracle,3,2,FOMC,32.0
vamp_core_tsv_r8_scale05_repair000,b2be4a776959c3c511e2b5faf99712d69b9df713bfcf53e538c4bc9786fe5e18,test,frozen_prompt_centroid,3,2,FOMC,24.0
vamp_core_tsv_r8_scale05_repair000,b2be4a776959c3c511e2b5faf99712d69b9df713bfcf53e538c4bc9786fe5e18,test,prompt_nll,3,2,FOMC,2.0
vamp_core_tsv_r8_scale05_repair000,b2be4a776959c3c511e2b5faf99712d69b9df713bfcf53e538c4bc9786fe5e18,test,task_aware,3,2,FOMC,24.0
vamp_core_tsv_r8_scale05_repair000,b2be4a776959c3c511e2b5faf99712d69b9df713bfcf53e538c4bc9786fe5e18,validation,answer_oracle,3,2,FOMC,36.0
vamp_core_tsv_r8_scale05_repair000,b2be4a776959c3c511e2b5faf99712d69b9df713bfcf53e538c4bc9786fe5e18,validation,frozen_prompt_centroid,3,2,FOMC,27.0
vamp_core_tsv_r8_scale05_repair000,b2be4a776959c3c511e2b5faf99712d69b9df713bfcf53e538c4bc9786fe5e18,validation,prompt_nll,3,2,FOMC,1.0
vamp_core_tsv_r8_scale05_repair000,b2be4a776959c3c511e2b5faf99712d69b9df713bfcf53e538c4bc9786fe5e18,validation,task_aware,3,2,FOMC,27.0
vamp_core_tsv_r8_scale05_repair000,b2be4a776959c3c511e2b5faf99712d69b9df713bfcf53e538c4bc9786fe5e18,test,answer_oracle,3,3,MeetingBank,36.242351345527325
vamp_core_tsv_r8_scale05_repair000,b2be4a776959c3c511e2b5faf99712d69b9df713bfcf53e538c4bc9786fe5e18,test,frozen_prompt_centroid,3,3,MeetingBank,31.07819278063382
vamp_core_tsv_r8_scale05_repair000,b2be4a776959c3c511e2b5faf99712d69b9df713bfcf53e538c4bc9786fe5e18,test,prompt_nll,3,3,MeetingBank,21.337547358963164
vamp_core_tsv_r8_scale05_repair000,b2be4a776959c3c511e2b5faf99712d69b9df713bfcf53e538c4bc9786fe5e18,test,task_aware,3,3,MeetingBank,32.44423085345572
vamp_core_tsv_r8_scale05_repair000,b2be4a776959c3c511e2b5faf99712d69b9df713bfcf53e538c4bc9786fe5e18,validation,answer_oracle,3,3,MeetingBank,34.663245679917246
vamp_core_tsv_r8_scale05_repair000,b2be4a776959c3c511e2b5faf99712d69b9df713bfcf53e538c4bc9786fe5e18,validation,frozen_prompt_centroid,3,3,MeetingBank,29.704521138618745
vamp_core_tsv_r8_scale05_repair000,b2be4a776959c3c511e2b5faf99712d69b9df713bfcf53e538c4bc9786fe5e18,validation,prompt_nll,3,3,MeetingBank,19.09607451723039
vamp_core_tsv_r8_scale05_repair000,b2be4a776959c3c511e2b5faf99712d69b9df713bfcf53e538c4bc9786fe5e18,validation,task_aware,3,3,MeetingBank,29.829997147604686
vamp_core_tsv_r8_scale05_repair000,b2be4a776959c3c511e2b5faf99712d69b9df713bfcf53e538c4bc9786fe5e18,test,answer_oracle,4,1,C-STANCE,43.0
vamp_core_tsv_r8_scale05_repair000,b2be4a776959c3c511e2b5faf99712d69b9df713bfcf53e538c4bc9786fe5e18,test,frozen_prompt_centroid,4,1,C-STANCE,43.0
vamp_core_tsv_r8_scale05_repair000,b2be4a776959c3c511e2b5faf99712d69b9df713bfcf53e538c4bc9786fe5e18,test,prompt_nll,4,1,C-STANCE,23.0
vamp_core_tsv_r8_scale05_repair000,b2be4a776959c3c511e2b5faf99712d69b9df713bfcf53e538c4bc9786fe5e18,test,task_aware,4,1,C-STANCE,43.0
vamp_core_tsv_r8_scale05_repair000,b2be4a776959c3c511e2b5faf99712d69b9df713bfcf53e538c4bc9786fe5e18,validation,answer_oracle,4,1,C-STANCE,32.0
vamp_core_tsv_r8_scale05_repair000,b2be4a776959c3c511e2b5faf99712d69b9df713bfcf53e538c4bc9786fe5e18,validation,frozen_prompt_centroid,4,1,C-STANCE,30.0
vamp_core_tsv_r8_scale05_repair000,b2be4a776959c3c511e2b5faf99712d69b9df713bfcf53e538c4bc9786fe5e18,validation,prompt_nll,4,1,C-STANCE,21.0
vamp_core_tsv_r8_scale05_repair000,b2be4a776959c3c511e2b5faf99712d69b9df713bfcf53e538c4bc9786fe5e18,validation,task_aware,4,1,C-STANCE,30.0
vamp_core_tsv_r8_scale05_repair000,b2be4a776959c3c511e2b5faf99712d69b9df713bfcf53e538c4bc9786fe5e18,test,answer_oracle,4,2,FOMC,32.0
vamp_core_tsv_r8_scale05_repair000,b2be4a776959c3c511e2b5faf99712d69b9df713bfcf53e538c4bc9786fe5e18,test,frozen_prompt_centroid,4,2,FOMC,22.0
vamp_core_tsv_r8_scale05_repair000,b2be4a776959c3c511e2b5faf99712d69b9df713bfcf53e538c4bc9786fe5e18,test,prompt_nll,4,2,FOMC,0.0
vamp_core_tsv_r8_scale05_repair000,b2be4a776959c3c511e2b5faf99712d69b9df713bfcf53e538c4bc9786fe5e18,test,task_aware,4,2,FOMC,23.0
vamp_core_tsv_r8_scale05_repair000,b2be4a776959c3c511e2b5faf99712d69b9df713bfcf53e538c4bc9786fe5e18,validation,answer_oracle,4,2,FOMC,37.0
vamp_core_tsv_r8_scale05_repair000,b2be4a776959c3c511e2b5faf99712d69b9df713bfcf53e538c4bc9786fe5e18,validation,frozen_prompt_centroid,4,2,FOMC,28.0
vamp_core_tsv_r8_scale05_repair000,b2be4a776959c3c511e2b5faf99712d69b9df713bfcf53e538c4bc9786fe5e18,validation,prompt_nll,4,2,FOMC,0.0
vamp_core_tsv_r8_scale05_repair000,b2be4a776959c3c511e2b5faf99712d69b9df713bfcf53e538c4bc9786fe5e18,validation,task_aware,4,2,FOMC,31.0
vamp_core_tsv_r8_scale05_repair000,b2be4a776959c3c511e2b5faf99712d69b9df713bfcf53e538c4bc9786fe5e18,test,answer_oracle,4,3,MeetingBank,27.538663282307944
vamp_core_tsv_r8_scale05_repair000,b2be4a776959c3c511e2b5faf99712d69b9df713bfcf53e538c4bc9786fe5e18,test,frozen_prompt_centroid,4,3,MeetingBank,22.821258168829676
vamp_core_tsv_r8_scale05_repair000,b2be4a776959c3c511e2b5faf99712d69b9df713bfcf53e538c4bc9786fe5e18,test,prompt_nll,4,3,MeetingBank,21.98428925371381
vamp_core_tsv_r8_scale05_repair000,b2be4a776959c3c511e2b5faf99712d69b9df713bfcf53e538c4bc9786fe5e18,test,task_aware,4,3,MeetingBank,22.597863489266096
vamp_core_tsv_r8_scale05_repair000,b2be4a776959c3c511e2b5faf99712d69b9df713bfcf53e538c4bc9786fe5e18,validation,answer_oracle,4,3,MeetingBank,26.18831883237258
vamp_core_tsv_r8_scale05_repair000,b2be4a776959c3c511e2b5faf99712d69b9df713bfcf53e538c4bc9786fe5e18,validation,frozen_prompt_centroid,4,3,MeetingBank,22.156536248309386
vamp_core_tsv_r8_scale05_repair000,b2be4a776959c3c511e2b5faf99712d69b9df713bfcf53e538c4bc9786fe5e18,validation,prompt_nll,4,3,MeetingBank,19.85150523751832
vamp_core_tsv_r8_scale05_repair000,b2be4a776959c3c511e2b5faf99712d69b9df713bfcf53e538c4bc9786fe5e18,validation,task_aware,4,3,MeetingBank,22.712831531174743
vamp_core_tsv_r8_scale05_repair000,b2be4a776959c3c511e2b5faf99712d69b9df713bfcf53e538c4bc9786fe5e18,test,answer_oracle,4,4,Py150,62.78
vamp_core_tsv_r8_scale05_repair000,b2be4a776959c3c511e2b5faf99712d69b9df713bfcf53e538c4bc9786fe5e18,test,frozen_prompt_centroid,4,4,Py150,53.44
vamp_core_tsv_r8_scale05_repair000,b2be4a776959c3c511e2b5faf99712d69b9df713bfcf53e538c4bc9786fe5e18,test,prompt_nll,4,4,Py150,8.5
vamp_core_tsv_r8_scale05_repair000,b2be4a776959c3c511e2b5faf99712d69b9df713bfcf53e538c4bc9786fe5e18,test,task_aware,4,4,Py150,55.39
vamp_core_tsv_r8_scale05_repair000,b2be4a776959c3c511e2b5faf99712d69b9df713bfcf53e538c4bc9786fe5e18,validation,answer_oracle,4,4,Py150,63.45
vamp_core_tsv_r8_scale05_repair000,b2be4a776959c3c511e2b5faf99712d69b9df713bfcf53e538c4bc9786fe5e18,validation,frozen_prompt_centroid,4,4,Py150,49.72
vamp_core_tsv_r8_scale05_repair000,b2be4a776959c3c511e2b5faf99712d69b9df713bfcf53e538c4bc9786fe5e18,validation,prompt_nll,4,4,Py150,7.1
vamp_core_tsv_r8_scale05_repair000,b2be4a776959c3c511e2b5faf99712d69b9df713bfcf53e538c4bc9786fe5e18,validation,task_aware,4,4,Py150,54.04
vamp_core_tsv_r8_scale05_repair000,b2be4a776959c3c511e2b5faf99712d69b9df713bfcf53e538c4bc9786fe5e18,test,answer_oracle,5,1,C-STANCE,43.0
vamp_core_tsv_r8_scale05_repair000,b2be4a776959c3c511e2b5faf99712d69b9df713bfcf53e538c4bc9786fe5e18,test,frozen_prompt_centroid,5,1,C-STANCE,43.0
vamp_core_tsv_r8_scale05_repair000,b2be4a776959c3c511e2b5faf99712d69b9df713bfcf53e538c4bc9786fe5e18,test,prompt_nll,5,1,C-STANCE,17.0
vamp_core_tsv_r8_scale05_repair000,b2be4a776959c3c511e2b5faf99712d69b9df713bfcf53e538c4bc9786fe5e18,test,task_aware,5,1,C-STANCE,43.0
vamp_core_tsv_r8_scale05_repair000,b2be4a776959c3c511e2b5faf99712d69b9df713bfcf53e538c4bc9786fe5e18,validation,answer_oracle,5,1,C-STANCE,31.0
vamp_core_tsv_r8_scale05_repair000,b2be4a776959c3c511e2b5faf99712d69b9df713bfcf53e538c4bc9786fe5e18,validation,frozen_prompt_centroid,5,1,C-STANCE,31.0
vamp_core_tsv_r8_scale05_repair000,b2be4a776959c3c511e2b5faf99712d69b9df713bfcf53e538c4bc9786fe5e18,validation,prompt_nll,5,1,C-STANCE,14.0
vamp_core_tsv_r8_scale05_repair000,b2be4a776959c3c511e2b5faf99712d69b9df713bfcf53e538c4bc9786fe5e18,validation,task_aware,5,1,C-STANCE,31.0
vamp_core_tsv_r8_scale05_repair000,b2be4a776959c3c511e2b5faf99712d69b9df713bfcf53e538c4bc9786fe5e18,test,answer_oracle,5,2,FOMC,22.0
vamp_core_tsv_r8_scale05_repair000,b2be4a776959c3c511e2b5faf99712d69b9df713bfcf53e538c4bc9786fe5e18,test,frozen_prompt_centroid,5,2,FOMC,5.0
vamp_core_tsv_r8_scale05_repair000,b2be4a776959c3c511e2b5faf99712d69b9df713bfcf53e538c4bc9786fe5e18,test,prompt_nll,5,2,FOMC,4.0
vamp_core_tsv_r8_scale05_repair000,b2be4a776959c3c511e2b5faf99712d69b9df713bfcf53e538c4bc9786fe5e18,test,task_aware,5,2,FOMC,21.0
vamp_core_tsv_r8_scale05_repair000,b2be4a776959c3c511e2b5faf99712d69b9df713bfcf53e538c4bc9786fe5e18,validation,answer_oracle,5,2,FOMC,32.0
vamp_core_tsv_r8_scale05_repair000,b2be4a776959c3c511e2b5faf99712d69b9df713bfcf53e538c4bc9786fe5e18,validation,frozen_prompt_centroid,5,2,FOMC,7.0
vamp_core_tsv_r8_scale05_repair000,b2be4a776959c3c511e2b5faf99712d69b9df713bfcf53e538c4bc9786fe5e18,validation,prompt_nll,5,2,FOMC,7.0
vamp_core_tsv_r8_scale05_repair000,b2be4a776959c3c511e2b5faf99712d69b9df713bfcf53e538c4bc9786fe5e18,validation,task_aware,5,2,FOMC,28.0
vamp_core_tsv_r8_scale05_repair000,b2be4a776959c3c511e2b5faf99712d69b9df713bfcf53e538c4bc9786fe5e18,test,answer_oracle,5,3,MeetingBank,23.930422320374547
vamp_core_tsv_r8_scale05_repair000,b2be4a776959c3c511e2b5faf99712d69b9df713bfcf53e538c4bc9786fe5e18,test,frozen_prompt_centroid,5,3,MeetingBank,20.38193469654424
vamp_core_tsv_r8_scale05_repair000,b2be4a776959c3c511e2b5faf99712d69b9df713bfcf53e538c4bc9786fe5e18,test,prompt_nll,5,3,MeetingBank,18.511467377335126
vamp_core_tsv_r8_scale05_repair000,b2be4a776959c3c511e2b5faf99712d69b9df713bfcf53e538c4bc9786fe5e18,test,task_aware,5,3,MeetingBank,20.38193469654424
vamp_core_tsv_r8_scale05_repair000,b2be4a776959c3c511e2b5faf99712d69b9df713bfcf53e538c4bc9786fe5e18,validation,answer_oracle,5,3,MeetingBank,23.177412549962376
vamp_core_tsv_r8_scale05_repair000,b2be4a776959c3c511e2b5faf99712d69b9df713bfcf53e538c4bc9786fe5e18,validation,frozen_prompt_centroid,5,3,MeetingBank,18.69818615149835
vamp_core_tsv_r8_scale05_repair000,b2be4a776959c3c511e2b5faf99712d69b9df713bfcf53e538c4bc9786fe5e18,validation,prompt_nll,5,3,MeetingBank,18.23695083413457
vamp_core_tsv_r8_scale05_repair000,b2be4a776959c3c511e2b5faf99712d69b9df713bfcf53e538c4bc9786fe5e18,validation,task_aware,5,3,MeetingBank,18.69818615149835
vamp_core_tsv_r8_scale05_repair000,b2be4a776959c3c511e2b5faf99712d69b9df713bfcf53e538c4bc9786fe5e18,test,answer_oracle,5,4,Py150,13.15
vamp_core_tsv_r8_scale05_repair000,b2be4a776959c3c511e2b5faf99712d69b9df713bfcf53e538c4bc9786fe5e18,test,frozen_prompt_centroid,5,4,Py150,12.78
vamp_core_tsv_r8_scale05_repair000,b2be4a776959c3c511e2b5faf99712d69b9df713bfcf53e538c4bc9786fe5e18,test,prompt_nll,5,4,Py150,5.66
vamp_core_tsv_r8_scale05_repair000,b2be4a776959c3c511e2b5faf99712d69b9df713bfcf53e538c4bc9786fe5e18,test,task_aware,5,4,Py150,12.78
vamp_core_tsv_r8_scale05_repair000,b2be4a776959c3c511e2b5faf99712d69b9df713bfcf53e538c4bc9786fe5e18,validation,answer_oracle,5,4,Py150,11.67
vamp_core_tsv_r8_scale05_repair000,b2be4a776959c3c511e2b5faf99712d69b9df713bfcf53e538c4bc9786fe5e18,validation,frozen_prompt_centroid,5,4,Py150,11.26
vamp_core_tsv_r8_scale05_repair000,b2be4a776959c3c511e2b5faf99712d69b9df713bfcf53e538c4bc9786fe5e18,validation,prompt_nll,5,4,Py150,4.8
vamp_core_tsv_r8_scale05_repair000,b2be4a776959c3c511e2b5faf99712d69b9df713bfcf53e538c4bc9786fe5e18,validation,task_aware,5,4,Py150,11.26
vamp_core_tsv_r8_scale05_repair000,b2be4a776959c3c511e2b5faf99712d69b9df713bfcf53e538c4bc9786fe5e18,test,answer_oracle,5,5,ScienceQA,84.0
vamp_core_tsv_r8_scale05_repair000,b2be4a776959c3c511e2b5faf99712d69b9df713bfcf53e538c4bc9786fe5e18,test,frozen_prompt_centroid,5,5,ScienceQA,69.0
vamp_core_tsv_r8_scale05_repair000,b2be4a776959c3c511e2b5faf99712d69b9df713bfcf53e538c4bc9786fe5e18,test,prompt_nll,5,5,ScienceQA,68.0
vamp_core_tsv_r8_scale05_repair000,b2be4a776959c3c511e2b5faf99712d69b9df713bfcf53e538c4bc9786fe5e18,test,task_aware,5,5,ScienceQA,68.0
vamp_core_tsv_r8_scale05_repair000,b2be4a776959c3c511e2b5faf99712d69b9df713bfcf53e538c4bc9786fe5e18,validation,answer_oracle,5,5,ScienceQA,85.0
vamp_core_tsv_r8_scale05_repair000,b2be4a776959c3c511e2b5faf99712d69b9df713bfcf53e538c4bc9786fe5e18,validation,frozen_prompt_centroid,5,5,ScienceQA,75.0
vamp_core_tsv_r8_scale05_repair000,b2be4a776959c3c511e2b5faf99712d69b9df713bfcf53e538c4bc9786fe5e18,validation,prompt_nll,5,5,ScienceQA,75.0
vamp_core_tsv_r8_scale05_repair000,b2be4a776959c3c511e2b5faf99712d69b9df713bfcf53e538c4bc9786fe5e18,validation,task_aware,5,5,ScienceQA,79.0
vamp_core_tsv_r8_scale05_repair000,b2be4a776959c3c511e2b5faf99712d69b9df713bfcf53e538c4bc9786fe5e18,test,answer_oracle,6,1,C-STANCE,41.0
vamp_core_tsv_r8_scale05_repair000,b2be4a776959c3c511e2b5faf99712d69b9df713bfcf53e538c4bc9786fe5e18,test,frozen_prompt_centroid,6,1,C-STANCE,41.0
vamp_core_tsv_r8_scale05_repair000,b2be4a776959c3c511e2b5faf99712d69b9df713bfcf53e538c4bc9786fe5e18,test,prompt_nll,6,1,C-STANCE,32.0
vamp_core_tsv_r8_scale05_repair000,b2be4a776959c3c511e2b5faf99712d69b9df713bfcf53e538c4bc9786fe5e18,test,task_aware,6,1,C-STANCE,41.0
vamp_core_tsv_r8_scale05_repair000,b2be4a776959c3c511e2b5faf99712d69b9df713bfcf53e538c4bc9786fe5e18,validation,answer_oracle,6,1,C-STANCE,31.0
vamp_core_tsv_r8_scale05_repair000,b2be4a776959c3c511e2b5faf99712d69b9df713bfcf53e538c4bc9786fe5e18,validation,frozen_prompt_centroid,6,1,C-STANCE,31.0
vamp_core_tsv_r8_scale05_repair000,b2be4a776959c3c511e2b5faf99712d69b9df713bfcf53e538c4bc9786fe5e18,validation,prompt_nll,6,1,C-STANCE,25.0
vamp_core_tsv_r8_scale05_repair000,b2be4a776959c3c511e2b5faf99712d69b9df713bfcf53e538c4bc9786fe5e18,validation,task_aware,6,1,C-STANCE,31.0
vamp_core_tsv_r8_scale05_repair000,b2be4a776959c3c511e2b5faf99712d69b9df713bfcf53e538c4bc9786fe5e18,test,answer_oracle,6,2,FOMC,27.0
vamp_core_tsv_r8_scale05_repair000,b2be4a776959c3c511e2b5faf99712d69b9df713bfcf53e538c4bc9786fe5e18,test,frozen_prompt_centroid,6,2,FOMC,5.0
vamp_core_tsv_r8_scale05_repair000,b2be4a776959c3c511e2b5faf99712d69b9df713bfcf53e538c4bc9786fe5e18,test,prompt_nll,6,2,FOMC,5.0
vamp_core_tsv_r8_scale05_repair000,b2be4a776959c3c511e2b5faf99712d69b9df713bfcf53e538c4bc9786fe5e18,test,task_aware,6,2,FOMC,22.0
vamp_core_tsv_r8_scale05_repair000,b2be4a776959c3c511e2b5faf99712d69b9df713bfcf53e538c4bc9786fe5e18,validation,answer_oracle,6,2,FOMC,30.0
vamp_core_tsv_r8_scale05_repair000,b2be4a776959c3c511e2b5faf99712d69b9df713bfcf53e538c4bc9786fe5e18,validation,frozen_prompt_centroid,6,2,FOMC,8.0
vamp_core_tsv_r8_scale05_repair000,b2be4a776959c3c511e2b5faf99712d69b9df713bfcf53e538c4bc9786fe5e18,validation,prompt_nll,6,2,FOMC,8.0
vamp_core_tsv_r8_scale05_repair000,b2be4a776959c3c511e2b5faf99712d69b9df713bfcf53e538c4bc9786fe5e18,validation,task_aware,6,2,FOMC,25.0
vamp_core_tsv_r8_scale05_repair000,b2be4a776959c3c511e2b5faf99712d69b9df713bfcf53e538c4bc9786fe5e18,test,answer_oracle,6,3,MeetingBank,24.444947619730897
vamp_core_tsv_r8_scale05_repair000,b2be4a776959c3c511e2b5faf99712d69b9df713bfcf53e538c4bc9786fe5e18,test,frozen_prompt_centroid,6,3,MeetingBank,20.198659121714623
vamp_core_tsv_r8_scale05_repair000,b2be4a776959c3c511e2b5faf99712d69b9df713bfcf53e538c4bc9786fe5e18,test,prompt_nll,6,3,MeetingBank,19.192857733068436
vamp_core_tsv_r8_scale05_repair000,b2be4a776959c3c511e2b5faf99712d69b9df713bfcf53e538c4bc9786fe5e18,test,task_aware,6,3,MeetingBank,18.64695575835118
vamp_core_tsv_r8_scale05_repair000,b2be4a776959c3c511e2b5faf99712d69b9df713bfcf53e538c4bc9786fe5e18,validation,answer_oracle,6,3,MeetingBank,23.0690968620799
vamp_core_tsv_r8_scale05_repair000,b2be4a776959c3c511e2b5faf99712d69b9df713bfcf53e538c4bc9786fe5e18,validation,frozen_prompt_centroid,6,3,MeetingBank,17.704346497548258
vamp_core_tsv_r8_scale05_repair000,b2be4a776959c3c511e2b5faf99712d69b9df713bfcf53e538c4bc9786fe5e18,validation,prompt_nll,6,3,MeetingBank,17.943103006883597
vamp_core_tsv_r8_scale05_repair000,b2be4a776959c3c511e2b5faf99712d69b9df713bfcf53e538c4bc9786fe5e18,validation,task_aware,6,3,MeetingBank,18.45910580680947
vamp_core_tsv_r8_scale05_repair000,b2be4a776959c3c511e2b5faf99712d69b9df713bfcf53e538c4bc9786fe5e18,test,answer_oracle,6,6,NumGLUE-cm,40.74074074074074
vamp_core_tsv_r8_scale05_repair000,b2be4a776959c3c511e2b5faf99712d69b9df713bfcf53e538c4bc9786fe5e18,test,frozen_prompt_centroid,6,6,NumGLUE-cm,20.987654320987655
vamp_core_tsv_r8_scale05_repair000,b2be4a776959c3c511e2b5faf99712d69b9df713bfcf53e538c4bc9786fe5e18,test,prompt_nll,6,6,NumGLUE-cm,9.876543209876543
vamp_core_tsv_r8_scale05_repair000,b2be4a776959c3c511e2b5faf99712d69b9df713bfcf53e538c4bc9786fe5e18,test,task_aware,6,6,NumGLUE-cm,22.22222222222222
vamp_core_tsv_r8_scale05_repair000,b2be4a776959c3c511e2b5faf99712d69b9df713bfcf53e538c4bc9786fe5e18,validation,answer_oracle,6,6,NumGLUE-cm,56.09756097560975
vamp_core_tsv_r8_scale05_repair000,b2be4a776959c3c511e2b5faf99712d69b9df713bfcf53e538c4bc9786fe5e18,validation,frozen_prompt_centroid,6,6,NumGLUE-cm,39.02439024390244
vamp_core_tsv_r8_scale05_repair000,b2be4a776959c3c511e2b5faf99712d69b9df713bfcf53e538c4bc9786fe5e18,validation,prompt_nll,6,6,NumGLUE-cm,9.75609756097561
vamp_core_tsv_r8_scale05_repair000,b2be4a776959c3c511e2b5faf99712d69b9df713bfcf53e538c4bc9786fe5e18,validation,task_aware,6,6,NumGLUE-cm,39.02439024390244
vamp_core_tsv_r8_scale05_repair000,b2be4a776959c3c511e2b5faf99712d69b9df713bfcf53e538c4bc9786fe5e18,test,answer_oracle,6,4,Py150,16.42
vamp_core_tsv_r8_scale05_repair000,b2be4a776959c3c511e2b5faf99712d69b9df713bfcf53e538c4bc9786fe5e18,test,frozen_prompt_centroid,6,4,Py150,15.12
vamp_core_tsv_r8_scale05_repair000,b2be4a776959c3c511e2b5faf99712d69b9df713bfcf53e538c4bc9786fe5e18,test,prompt_nll,6,4,Py150,6.61
vamp_core_tsv_r8_scale05_repair000,b2be4a776959c3c511e2b5faf99712d69b9df713bfcf53e538c4bc9786fe5e18,test,task_aware,6,4,Py150,15.12
vamp_core_tsv_r8_scale05_repair000,b2be4a776959c3c511e2b5faf99712d69b9df713bfcf53e538c4bc9786fe5e18,validation,answer_oracle,6,4,Py150,12.5
vamp_core_tsv_r8_scale05_repair000,b2be4a776959c3c511e2b5faf99712d69b9df713bfcf53e538c4bc9786fe5e18,validation,frozen_prompt_centroid,6,4,Py150,11.74
vamp_core_tsv_r8_scale05_repair000,b2be4a776959c3c511e2b5faf99712d69b9df713bfcf53e538c4bc9786fe5e18,validation,prompt_nll,6,4,Py150,4.76
vamp_core_tsv_r8_scale05_repair000,b2be4a776959c3c511e2b5faf99712d69b9df713bfcf53e538c4bc9786fe5e18,validation,task_aware,6,4,Py150,11.74
vamp_core_tsv_r8_scale05_repair000,b2be4a776959c3c511e2b5faf99712d69b9df713bfcf53e538c4bc9786fe5e18,test,answer_oracle,6,5,ScienceQA,78.0
vamp_core_tsv_r8_scale05_repair000,b2be4a776959c3c511e2b5faf99712d69b9df713bfcf53e538c4bc9786fe5e18,test,frozen_prompt_centroid,6,5,ScienceQA,68.0
vamp_core_tsv_r8_scale05_repair000,b2be4a776959c3c511e2b5faf99712d69b9df713bfcf53e538c4bc9786fe5e18,test,prompt_nll,6,5,ScienceQA,69.0
vamp_core_tsv_r8_scale05_repair000,b2be4a776959c3c511e2b5faf99712d69b9df713bfcf53e538c4bc9786fe5e18,test,task_aware,6,5,ScienceQA,65.0
vamp_core_tsv_r8_scale05_repair000,b2be4a776959c3c511e2b5faf99712d69b9df713bfcf53e538c4bc9786fe5e18,validation,answer_oracle,6,5,ScienceQA,85.0
vamp_core_tsv_r8_scale05_repair000,b2be4a776959c3c511e2b5faf99712d69b9df713bfcf53e538c4bc9786fe5e18,validation,frozen_prompt_centroid,6,5,ScienceQA,74.0
vamp_core_tsv_r8_scale05_repair000,b2be4a776959c3c511e2b5faf99712d69b9df713bfcf53e538c4bc9786fe5e18,validation,prompt_nll,6,5,ScienceQA,73.0
vamp_core_tsv_r8_scale05_repair000,b2be4a776959c3c511e2b5faf99712d69b9df713bfcf53e538c4bc9786fe5e18,validation,task_aware,6,5,ScienceQA,76.0
vamp_core_tsv_r8_scale05_repair000,b2be4a776959c3c511e2b5faf99712d69b9df713bfcf53e538c4bc9786fe5e18,test,answer_oracle,7,1,C-STANCE,7.0
vamp_core_tsv_r8_scale05_repair000,b2be4a776959c3c511e2b5faf99712d69b9df713bfcf53e538c4bc9786fe5e18,test,frozen_prompt_centroid,7,1,C-STANCE,0.0
vamp_core_tsv_r8_scale05_repair000,b2be4a776959c3c511e2b5faf99712d69b9df713bfcf53e538c4bc9786fe5e18,test,prompt_nll,7,1,C-STANCE,1.0
vamp_core_tsv_r8_scale05_repair000,b2be4a776959c3c511e2b5faf99712d69b9df713bfcf53e538c4bc9786fe5e18,test,task_aware,7,1,C-STANCE,6.0
vamp_core_tsv_r8_scale05_repair000,b2be4a776959c3c511e2b5faf99712d69b9df713bfcf53e538c4bc9786fe5e18,validation,answer_oracle,7,1,C-STANCE,6.0
vamp_core_tsv_r8_scale05_repair000,b2be4a776959c3c511e2b5faf99712d69b9df713bfcf53e538c4bc9786fe5e18,validation,frozen_prompt_centroid,7,1,C-STANCE,1.0
vamp_core_tsv_r8_scale05_repair000,b2be4a776959c3c511e2b5faf99712d69b9df713bfcf53e538c4bc9786fe5e18,validation,prompt_nll,7,1,C-STANCE,3.0
vamp_core_tsv_r8_scale05_repair000,b2be4a776959c3c511e2b5faf99712d69b9df713bfcf53e538c4bc9786fe5e18,validation,task_aware,7,1,C-STANCE,5.0
vamp_core_tsv_r8_scale05_repair000,b2be4a776959c3c511e2b5faf99712d69b9df713bfcf53e538c4bc9786fe5e18,test,answer_oracle,7,2,FOMC,6.0
vamp_core_tsv_r8_scale05_repair000,b2be4a776959c3c511e2b5faf99712d69b9df713bfcf53e538c4bc9786fe5e18,test,frozen_prompt_centroid,7,2,FOMC,0.0
vamp_core_tsv_r8_scale05_repair000,b2be4a776959c3c511e2b5faf99712d69b9df713bfcf53e538c4bc9786fe5e18,test,prompt_nll,7,2,FOMC,0.0
vamp_core_tsv_r8_scale05_repair000,b2be4a776959c3c511e2b5faf99712d69b9df713bfcf53e538c4bc9786fe5e18,test,task_aware,7,2,FOMC,4.0
vamp_core_tsv_r8_scale05_repair000,b2be4a776959c3c511e2b5faf99712d69b9df713bfcf53e538c4bc9786fe5e18,validation,answer_oracle,7,2,FOMC,9.0
vamp_core_tsv_r8_scale05_repair000,b2be4a776959c3c511e2b5faf99712d69b9df713bfcf53e538c4bc9786fe5e18,validation,frozen_prompt_centroid,7,2,FOMC,0.0
vamp_core_tsv_r8_scale05_repair000,b2be4a776959c3c511e2b5faf99712d69b9df713bfcf53e538c4bc9786fe5e18,validation,prompt_nll,7,2,FOMC,0.0
vamp_core_tsv_r8_scale05_repair000,b2be4a776959c3c511e2b5faf99712d69b9df713bfcf53e538c4bc9786fe5e18,validation,task_aware,7,2,FOMC,6.0
vamp_core_tsv_r8_scale05_repair000,b2be4a776959c3c511e2b5faf99712d69b9df713bfcf53e538c4bc9786fe5e18,test,answer_oracle,7,3,MeetingBank,23.874404845828327
vamp_core_tsv_r8_scale05_repair000,b2be4a776959c3c511e2b5faf99712d69b9df713bfcf53e538c4bc9786fe5e18,test,frozen_prompt_centroid,7,3,MeetingBank,18.166278476852906
vamp_core_tsv_r8_scale05_repair000,b2be4a776959c3c511e2b5faf99712d69b9df713bfcf53e538c4bc9786fe5e18,test,prompt_nll,7,3,MeetingBank,19.351927254153082
vamp_core_tsv_r8_scale05_repair000,b2be4a776959c3c511e2b5faf99712d69b9df713bfcf53e538c4bc9786fe5e18,test,task_aware,7,3,MeetingBank,20.18783606999452
vamp_core_tsv_r8_scale05_repair000,b2be4a776959c3c511e2b5faf99712d69b9df713bfcf53e538c4bc9786fe5e18,validation,answer_oracle,7,3,MeetingBank,22.115071648868266
vamp_core_tsv_r8_scale05_repair000,b2be4a776959c3c511e2b5faf99712d69b9df713bfcf53e538c4bc9786fe5e18,validation,frozen_prompt_centroid,7,3,MeetingBank,17.42743191249062
vamp_core_tsv_r8_scale05_repair000,b2be4a776959c3c511e2b5faf99712d69b9df713bfcf53e538c4bc9786fe5e18,validation,prompt_nll,7,3,MeetingBank,17.73250823781474
vamp_core_tsv_r8_scale05_repair000,b2be4a776959c3c511e2b5faf99712d69b9df713bfcf53e538c4bc9786fe5e18,validation,task_aware,7,3,MeetingBank,18.224099805581208
vamp_core_tsv_r8_scale05_repair000,b2be4a776959c3c511e2b5faf99712d69b9df713bfcf53e538c4bc9786fe5e18,test,answer_oracle,7,6,NumGLUE-cm,24.691358024691358
vamp_core_tsv_r8_scale05_repair000,b2be4a776959c3c511e2b5faf99712d69b9df713bfcf53e538c4bc9786fe5e18,test,frozen_prompt_centroid,7,6,NumGLUE-cm,16.049382716049383
vamp_core_tsv_r8_scale05_repair000,b2be4a776959c3c511e2b5faf99712d69b9df713bfcf53e538c4bc9786fe5e18,test,prompt_nll,7,6,NumGLUE-cm,8.641975308641975
vamp_core_tsv_r8_scale05_repair000,b2be4a776959c3c511e2b5faf99712d69b9df713bfcf53e538c4bc9786fe5e18,test,task_aware,7,6,NumGLUE-cm,16.049382716049383
vamp_core_tsv_r8_scale05_repair000,b2be4a776959c3c511e2b5faf99712d69b9df713bfcf53e538c4bc9786fe5e18,validation,answer_oracle,7,6,NumGLUE-cm,43.90243902439025
vamp_core_tsv_r8_scale05_repair000,b2be4a776959c3c511e2b5faf99712d69b9df713bfcf53e538c4bc9786fe5e18,validation,frozen_prompt_centroid,7,6,NumGLUE-cm,24.390243902439025
vamp_core_tsv_r8_scale05_repair000,b2be4a776959c3c511e2b5faf99712d69b9df713bfcf53e538c4bc9786fe5e18,validation,prompt_nll,7,6,NumGLUE-cm,12.195121951219512
vamp_core_tsv_r8_scale05_repair000,b2be4a776959c3c511e2b5faf99712d69b9df713bfcf53e538c4bc9786fe5e18,validation,task_aware,7,6,NumGLUE-cm,24.390243902439025
vamp_core_tsv_r8_scale05_repair000,b2be4a776959c3c511e2b5faf99712d69b9df713bfcf53e538c4bc9786fe5e18,test,answer_oracle,7,7,NumGLUE-ds,50.0
vamp_core_tsv_r8_scale05_repair000,b2be4a776959c3c511e2b5faf99712d69b9df713bfcf53e538c4bc9786fe5e18,test,frozen_prompt_centroid,7,7,NumGLUE-ds,41.0
vamp_core_tsv_r8_scale05_repair000,b2be4a776959c3c511e2b5faf99712d69b9df713bfcf53e538c4bc9786fe5e18,test,prompt_nll,7,7,NumGLUE-ds,16.0
vamp_core_tsv_r8_scale05_repair000,b2be4a776959c3c511e2b5faf99712d69b9df713bfcf53e538c4bc9786fe5e18,test,task_aware,7,7,NumGLUE-ds,42.0
vamp_core_tsv_r8_scale05_repair000,b2be4a776959c3c511e2b5faf99712d69b9df713bfcf53e538c4bc9786fe5e18,validation,answer_oracle,7,7,NumGLUE-ds,46.0
vamp_core_tsv_r8_scale05_repair000,b2be4a776959c3c511e2b5faf99712d69b9df713bfcf53e538c4bc9786fe5e18,validation,frozen_prompt_centroid,7,7,NumGLUE-ds,33.0
vamp_core_tsv_r8_scale05_repair000,b2be4a776959c3c511e2b5faf99712d69b9df713bfcf53e538c4bc9786fe5e18,validation,prompt_nll,7,7,NumGLUE-ds,13.0
vamp_core_tsv_r8_scale05_repair000,b2be4a776959c3c511e2b5faf99712d69b9df713bfcf53e538c4bc9786fe5e18,validation,task_aware,7,7,NumGLUE-ds,37.0
vamp_core_tsv_r8_scale05_repair000,b2be4a776959c3c511e2b5faf99712d69b9df713bfcf53e538c4bc9786fe5e18,test,answer_oracle,7,4,Py150,6.95
vamp_core_tsv_r8_scale05_repair000,b2be4a776959c3c511e2b5faf99712d69b9df713bfcf53e538c4bc9786fe5e18,test,frozen_prompt_centroid,7,4,Py150,4.59
vamp_core_tsv_r8_scale05_repair000,b2be4a776959c3c511e2b5faf99712d69b9df713bfcf53e538c4bc9786fe5e18,test,prompt_nll,7,4,Py150,4.59
vamp_core_tsv_r8_scale05_repair000,b2be4a776959c3c511e2b5faf99712d69b9df713bfcf53e538c4bc9786fe5e18,test,task_aware,7,4,Py150,6.33
vamp_core_tsv_r8_scale05_repair000,b2be4a776959c3c511e2b5faf99712d69b9df713bfcf53e538c4bc9786fe5e18,validation,answer_oracle,7,4,Py150,5.39
vamp_core_tsv_r8_scale05_repair000,b2be4a776959c3c511e2b5faf99712d69b9df713bfcf53e538c4bc9786fe5e18,validation,frozen_prompt_centroid,7,4,Py150,4.29
vamp_core_tsv_r8_scale05_repair000,b2be4a776959c3c511e2b5faf99712d69b9df713bfcf53e538c4bc9786fe5e18,validation,prompt_nll,7,4,Py150,4.33
vamp_core_tsv_r8_scale05_repair000,b2be4a776959c3c511e2b5faf99712d69b9df713bfcf53e538c4bc9786fe5e18,validation,task_aware,7,4,Py150,4.4
vamp_core_tsv_r8_scale05_repair000,b2be4a776959c3c511e2b5faf99712d69b9df713bfcf53e538c4bc9786fe5e18,test,answer_oracle,7,5,ScienceQA,79.0
vamp_core_tsv_r8_scale05_repair000,b2be4a776959c3c511e2b5faf99712d69b9df713bfcf53e538c4bc9786fe5e18,test,frozen_prompt_centroid,7,5,ScienceQA,70.0
vamp_core_tsv_r8_scale05_repair000,b2be4a776959c3c511e2b5faf99712d69b9df713bfcf53e538c4bc9786fe5e18,test,prompt_nll,7,5,ScienceQA,71.0
vamp_core_tsv_r8_scale05_repair000,b2be4a776959c3c511e2b5faf99712d69b9df713bfcf53e538c4bc9786fe5e18,test,task_aware,7,5,ScienceQA,67.0
vamp_core_tsv_r8_scale05_repair000,b2be4a776959c3c511e2b5faf99712d69b9df713bfcf53e538c4bc9786fe5e18,validation,answer_oracle,7,5,ScienceQA,85.0
vamp_core_tsv_r8_scale05_repair000,b2be4a776959c3c511e2b5faf99712d69b9df713bfcf53e538c4bc9786fe5e18,validation,frozen_prompt_centroid,7,5,ScienceQA,75.0
vamp_core_tsv_r8_scale05_repair000,b2be4a776959c3c511e2b5faf99712d69b9df713bfcf53e538c4bc9786fe5e18,validation,prompt_nll,7,5,ScienceQA,73.0
vamp_core_tsv_r8_scale05_repair000,b2be4a776959c3c511e2b5faf99712d69b9df713bfcf53e538c4bc9786fe5e18,validation,task_aware,7,5,ScienceQA,78.0
vamp_core_tsv_r8_scale05_repair000,b2be4a776959c3c511e2b5faf99712d69b9df713bfcf53e538c4bc9786fe5e18,test,answer_oracle,8,8,20Minuten,42.48423336053266
vamp_core_tsv_r8_scale05_repair000,b2be4a776959c3c511e2b5faf99712d69b9df713bfcf53e538c4bc9786fe5e18,test,frozen_prompt_centroid,8,8,20Minuten,38.703629997798444
vamp_core_tsv_r8_scale05_repair000,b2be4a776959c3c511e2b5faf99712d69b9df713bfcf53e538c4bc9786fe5e18,test,prompt_nll,8,8,20Minuten,36.74838060514107
vamp_core_tsv_r8_scale05_repair000,b2be4a776959c3c511e2b5faf99712d69b9df713bfcf53e538c4bc9786fe5e18,test,task_aware,8,8,20Minuten,38.883014069269414
vamp_core_tsv_r8_scale05_repair000,b2be4a776959c3c511e2b5faf99712d69b9df713bfcf53e538c4bc9786fe5e18,validation,answer_oracle,8,8,20Minuten,42.39185110032534
vamp_core_tsv_r8_scale05_repair000,b2be4a776959c3c511e2b5faf99712d69b9df713bfcf53e538c4bc9786fe5e18,validation,frozen_prompt_centroid,8,8,20Minuten,38.63742903061359
vamp_core_tsv_r8_scale05_repair000,b2be4a776959c3c511e2b5faf99712d69b9df713bfcf53e538c4bc9786fe5e18,validation,prompt_nll,8,8,20Minuten,37.29495161721456
vamp_core_tsv_r8_scale05_repair000,b2be4a776959c3c511e2b5faf99712d69b9df713bfcf53e538c4bc9786fe5e18,validation,task_aware,8,8,20Minuten,39.111316822236525
vamp_core_tsv_r8_scale05_repair000,b2be4a776959c3c511e2b5faf99712d69b9df713bfcf53e538c4bc9786fe5e18,test,answer_oracle,8,1,C-STANCE,16.0
vamp_core_tsv_r8_scale05_repair000,b2be4a776959c3c511e2b5faf99712d69b9df713bfcf53e538c4bc9786fe5e18,test,frozen_prompt_centroid,8,1,C-STANCE,1.0
vamp_core_tsv_r8_scale05_repair000,b2be4a776959c3c511e2b5faf99712d69b9df713bfcf53e538c4bc9786fe5e18,test,prompt_nll,8,1,C-STANCE,4.0
vamp_core_tsv_r8_scale05_repair000,b2be4a776959c3c511e2b5faf99712d69b9df713bfcf53e538c4bc9786fe5e18,test,task_aware,8,1,C-STANCE,16.0
vamp_core_tsv_r8_scale05_repair000,b2be4a776959c3c511e2b5faf99712d69b9df713bfcf53e538c4bc9786fe5e18,validation,answer_oracle,8,1,C-STANCE,13.0
vamp_core_tsv_r8_scale05_repair000,b2be4a776959c3c511e2b5faf99712d69b9df713bfcf53e538c4bc9786fe5e18,validation,frozen_prompt_centroid,8,1,C-STANCE,1.0
vamp_core_tsv_r8_scale05_repair000,b2be4a776959c3c511e2b5faf99712d69b9df713bfcf53e538c4bc9786fe5e18,validation,prompt_nll,8,1,C-STANCE,2.0
vamp_core_tsv_r8_scale05_repair000,b2be4a776959c3c511e2b5faf99712d69b9df713bfcf53e538c4bc9786fe5e18,validation,task_aware,8,1,C-STANCE,11.0
vamp_core_tsv_r8_scale05_repair000,b2be4a776959c3c511e2b5faf99712d69b9df713bfcf53e538c4bc9786fe5e18,test,answer_oracle,8,2,FOMC,0.0
vamp_core_tsv_r8_scale05_repair000,b2be4a776959c3c511e2b5faf99712d69b9df713bfcf53e538c4bc9786fe5e18,test,frozen_prompt_centroid,8,2,FOMC,0.0
vamp_core_tsv_r8_scale05_repair000,b2be4a776959c3c511e2b5faf99712d69b9df713bfcf53e538c4bc9786fe5e18,test,prompt_nll,8,2,FOMC,0.0
vamp_core_tsv_r8_scale05_repair000,b2be4a776959c3c511e2b5faf99712d69b9df713bfcf53e538c4bc9786fe5e18,test,task_aware,8,2,FOMC,0.0
vamp_core_tsv_r8_scale05_repair000,b2be4a776959c3c511e2b5faf99712d69b9df713bfcf53e538c4bc9786fe5e18,validation,answer_oracle,8,2,FOMC,0.0
vamp_core_tsv_r8_scale05_repair000,b2be4a776959c3c511e2b5faf99712d69b9df713bfcf53e538c4bc9786fe5e18,validation,frozen_prompt_centroid,8,2,FOMC,0.0
vamp_core_tsv_r8_scale05_repair000,b2be4a776959c3c511e2b5faf99712d69b9df713bfcf53e538c4bc9786fe5e18,validation,prompt_nll,8,2,FOMC,0.0
vamp_core_tsv_r8_scale05_repair000,b2be4a776959c3c511e2b5faf99712d69b9df713bfcf53e538c4bc9786fe5e18,validation,task_aware,8,2,FOMC,0.0
vamp_core_tsv_r8_scale05_repair000,b2be4a776959c3c511e2b5faf99712d69b9df713bfcf53e538c4bc9786fe5e18,test,answer_oracle,8,3,MeetingBank,24.335461476346424
vamp_core_tsv_r8_scale05_repair000,b2be4a776959c3c511e2b5faf99712d69b9df713bfcf53e538c4bc9786fe5e18,test,frozen_prompt_centroid,8,3,MeetingBank,18.120883822515673
vamp_core_tsv_r8_scale05_repair000,b2be4a776959c3c511e2b5faf99712d69b9df713bfcf53e538c4bc9786fe5e18,test,prompt_nll,8,3,MeetingBank,18.33085158992643
vamp_core_tsv_r8_scale05_repair000,b2be4a776959c3c511e2b5faf99712d69b9df713bfcf53e538c4bc9786fe5e18,test,task_aware,8,3,MeetingBank,19.58250221816031
vamp_core_tsv_r8_scale05_repair000,b2be4a776959c3c511e2b5faf99712d69b9df713bfcf53e538c4bc9786fe5e18,validation,answer_oracle,8,3,MeetingBank,22.644544093337316
vamp_core_tsv_r8_scale05_repair000,b2be4a776959c3c511e2b5faf99712d69b9df713bfcf53e538c4bc9786fe5e18,validation,frozen_prompt_centroid,8,3,MeetingBank,17.313941997094226
vamp_core_tsv_r8_scale05_repair000,b2be4a776959c3c511e2b5faf99712d69b9df713bfcf53e538c4bc9786fe5e18,validation,prompt_nll,8,3,MeetingBank,17.726849557255626
vamp_core_tsv_r8_scale05_repair000,b2be4a776959c3c511e2b5faf99712d69b9df713bfcf53e538c4bc9786fe5e18,validation,task_aware,8,3,MeetingBank,18.15451623414533
vamp_core_tsv_r8_scale05_repair000,b2be4a776959c3c511e2b5faf99712d69b9df713bfcf53e538c4bc9786fe5e18,test,answer_oracle,8,6,NumGLUE-cm,17.28395061728395
vamp_core_tsv_r8_scale05_repair000,b2be4a776959c3c511e2b5faf99712d69b9df713bfcf53e538c4bc9786fe5e18,test,frozen_prompt_centroid,8,6,NumGLUE-cm,14.814814814814815
vamp_core_tsv_r8_scale05_repair000,b2be4a776959c3c511e2b5faf99712d69b9df713bfcf53e538c4bc9786fe5e18,test,prompt_nll,8,6,NumGLUE-cm,8.641975308641975
vamp_core_tsv_r8_scale05_repair000,b2be4a776959c3c511e2b5faf99712d69b9df713bfcf53e538c4bc9786fe5e18,test,task_aware,8,6,NumGLUE-cm,14.814814814814815
vamp_core_tsv_r8_scale05_repair000,b2be4a776959c3c511e2b5faf99712d69b9df713bfcf53e538c4bc9786fe5e18,validation,answer_oracle,8,6,NumGLUE-cm,24.390243902439025
vamp_core_tsv_r8_scale05_repair000,b2be4a776959c3c511e2b5faf99712d69b9df713bfcf53e538c4bc9786fe5e18,validation,frozen_prompt_centroid,8,6,NumGLUE-cm,17.073170731707318
vamp_core_tsv_r8_scale05_repair000,b2be4a776959c3c511e2b5faf99712d69b9df713bfcf53e538c4bc9786fe5e18,validation,prompt_nll,8,6,NumGLUE-cm,12.195121951219512
vamp_core_tsv_r8_scale05_repair000,b2be4a776959c3c511e2b5faf99712d69b9df713bfcf53e538c4bc9786fe5e18,validation,task_aware,8,6,NumGLUE-cm,17.073170731707318
vamp_core_tsv_r8_scale05_repair000,b2be4a776959c3c511e2b5faf99712d69b9df713bfcf53e538c4bc9786fe5e18,test,answer_oracle,8,7,NumGLUE-ds,47.0
vamp_core_tsv_r8_scale05_repair000,b2be4a776959c3c511e2b5faf99712d69b9df713bfcf53e538c4bc9786fe5e18,test,frozen_prompt_centroid,8,7,NumGLUE-ds,33.0
vamp_core_tsv_r8_scale05_repair000,b2be4a776959c3c511e2b5faf99712d69b9df713bfcf53e538c4bc9786fe5e18,test,prompt_nll,8,7,NumGLUE-ds,19.0
vamp_core_tsv_r8_scale05_repair000,b2be4a776959c3c511e2b5faf99712d69b9df713bfcf53e538c4bc9786fe5e18,test,task_aware,8,7,NumGLUE-ds,33.0
vamp_core_tsv_r8_scale05_repair000,b2be4a776959c3c511e2b5faf99712d69b9df713bfcf53e538c4bc9786fe5e18,validation,answer_oracle,8,7,NumGLUE-ds,40.0
vamp_core_tsv_r8_scale05_repair000,b2be4a776959c3c511e2b5faf99712d69b9df713bfcf53e538c4bc9786fe5e18,validation,frozen_prompt_centroid,8,7,NumGLUE-ds,34.0
vamp_core_tsv_r8_scale05_repair000,b2be4a776959c3c511e2b5faf99712d69b9df713bfcf53e538c4bc9786fe5e18,validation,prompt_nll,8,7,NumGLUE-ds,14.0
vamp_core_tsv_r8_scale05_repair000,b2be4a776959c3c511e2b5faf99712d69b9df713bfcf53e538c4bc9786fe5e18,validation,task_aware,8,7,NumGLUE-ds,34.0
vamp_core_tsv_r8_scale05_repair000,b2be4a776959c3c511e2b5faf99712d69b9df713bfcf53e538c4bc9786fe5e18,test,answer_oracle,8,4,Py150,5.71
vamp_core_tsv_r8_scale05_repair000,b2be4a776959c3c511e2b5faf99712d69b9df713bfcf53e538c4bc9786fe5e18,test,frozen_prompt_centroid,8,4,Py150,4.86
vamp_core_tsv_r8_scale05_repair000,b2be4a776959c3c511e2b5faf99712d69b9df713bfcf53e538c4bc9786fe5e18,test,prompt_nll,8,4,Py150,4.53
vamp_core_tsv_r8_scale05_repair000,b2be4a776959c3c511e2b5faf99712d69b9df713bfcf53e538c4bc9786fe5e18,test,task_aware,8,4,Py150,4.86
vamp_core_tsv_r8_scale05_repair000,b2be4a776959c3c511e2b5faf99712d69b9df713bfcf53e538c4bc9786fe5e18,validation,answer_oracle,8,4,Py150,5.33
vamp_core_tsv_r8_scale05_repair000,b2be4a776959c3c511e2b5faf99712d69b9df713bfcf53e538c4bc9786fe5e18,validation,frozen_prompt_centroid,8,4,Py150,4.49
vamp_core_tsv_r8_scale05_repair000,b2be4a776959c3c511e2b5faf99712d69b9df713bfcf53e538c4bc9786fe5e18,validation,prompt_nll,8,4,Py150,4.54
vamp_core_tsv_r8_scale05_repair000,b2be4a776959c3c511e2b5faf99712d69b9df713bfcf53e538c4bc9786fe5e18,validation,task_aware,8,4,Py150,4.49
vamp_core_tsv_r8_scale05_repair000,b2be4a776959c3c511e2b5faf99712d69b9df713bfcf53e538c4bc9786fe5e18,test,answer_oracle,8,5,ScienceQA,81.0
vamp_core_tsv_r8_scale05_repair000,b2be4a776959c3c511e2b5faf99712d69b9df713bfcf53e538c4bc9786fe5e18,test,frozen_prompt_centroid,8,5,ScienceQA,66.0
vamp_core_tsv_r8_scale05_repair000,b2be4a776959c3c511e2b5faf99712d69b9df713bfcf53e538c4bc9786fe5e18,test,prompt_nll,8,5,ScienceQA,68.0
vamp_core_tsv_r8_scale05_repair000,b2be4a776959c3c511e2b5faf99712d69b9df713bfcf53e538c4bc9786fe5e18,test,task_aware,8,5,ScienceQA,68.0
vamp_core_tsv_r8_scale05_repair000,b2be4a776959c3c511e2b5faf99712d69b9df713bfcf53e538c4bc9786fe5e18,validation,answer_oracle,8,5,ScienceQA,89.0
vamp_core_tsv_r8_scale05_repair000,b2be4a776959c3c511e2b5faf99712d69b9df713bfcf53e538c4bc9786fe5e18,validation,frozen_prompt_centroid,8,5,ScienceQA,76.0
vamp_core_tsv_r8_scale05_repair000,b2be4a776959c3c511e2b5faf99712d69b9df713bfcf53e538c4bc9786fe5e18,validation,prompt_nll,8,5,ScienceQA,75.0
vamp_core_tsv_r8_scale05_repair000,b2be4a776959c3c511e2b5faf99712d69b9df713bfcf53e538c4bc9786fe5e18,validation,task_aware,8,5,ScienceQA,77.0
vamp_core_tsv_r8_scale03_repair005,f6efd136ccfdc34cc5e3b54607f1802f063a986aa0c678d5c8b92e7da2d34457,test,answer_oracle,1,1,C-STANCE,67.0
vamp_core_tsv_r8_scale03_repair005,f6efd136ccfdc34cc5e3b54607f1802f063a986aa0c678d5c8b92e7da2d34457,test,frozen_prompt_centroid,1,1,C-STANCE,47.0
vamp_core_tsv_r8_scale03_repair005,f6efd136ccfdc34cc5e3b54607f1802f063a986aa0c678d5c8b92e7da2d34457,test,prompt_nll,1,1,C-STANCE,30.0
vamp_core_tsv_r8_scale03_repair005,f6efd136ccfdc34cc5e3b54607f1802f063a986aa0c678d5c8b92e7da2d34457,test,task_aware,1,1,C-STANCE,53.0
vamp_core_tsv_r8_scale03_repair005,f6efd136ccfdc34cc5e3b54607f1802f063a986aa0c678d5c8b92e7da2d34457,validation,answer_oracle,1,1,C-STANCE,49.0
vamp_core_tsv_r8_scale03_repair005,f6efd136ccfdc34cc5e3b54607f1802f063a986aa0c678d5c8b92e7da2d34457,validation,frozen_prompt_centroid,1,1,C-STANCE,38.0
vamp_core_tsv_r8_scale03_repair005,f6efd136ccfdc34cc5e3b54607f1802f063a986aa0c678d5c8b92e7da2d34457,validation,prompt_nll,1,1,C-STANCE,23.0
vamp_core_tsv_r8_scale03_repair005,f6efd136ccfdc34cc5e3b54607f1802f063a986aa0c678d5c8b92e7da2d34457,validation,task_aware,1,1,C-STANCE,40.0
vamp_core_tsv_r8_scale03_repair005,f6efd136ccfdc34cc5e3b54607f1802f063a986aa0c678d5c8b92e7da2d34457,test,answer_oracle,2,1,C-STANCE,58.0
vamp_core_tsv_r8_scale03_repair005,f6efd136ccfdc34cc5e3b54607f1802f063a986aa0c678d5c8b92e7da2d34457,test,frozen_prompt_centroid,2,1,C-STANCE,40.0
vamp_core_tsv_r8_scale03_repair005,f6efd136ccfdc34cc5e3b54607f1802f063a986aa0c678d5c8b92e7da2d34457,test,prompt_nll,2,1,C-STANCE,27.0
vamp_core_tsv_r8_scale03_repair005,f6efd136ccfdc34cc5e3b54607f1802f063a986aa0c678d5c8b92e7da2d34457,test,task_aware,2,1,C-STANCE,47.0
vamp_core_tsv_r8_scale03_repair005,f6efd136ccfdc34cc5e3b54607f1802f063a986aa0c678d5c8b92e7da2d34457,validation,answer_oracle,2,1,C-STANCE,45.0
vamp_core_tsv_r8_scale03_repair005,f6efd136ccfdc34cc5e3b54607f1802f063a986aa0c678d5c8b92e7da2d34457,validation,frozen_prompt_centroid,2,1,C-STANCE,32.0
vamp_core_tsv_r8_scale03_repair005,f6efd136ccfdc34cc5e3b54607f1802f063a986aa0c678d5c8b92e7da2d34457,validation,prompt_nll,2,1,C-STANCE,25.0
vamp_core_tsv_r8_scale03_repair005,f6efd136ccfdc34cc5e3b54607f1802f063a986aa0c678d5c8b92e7da2d34457,validation,task_aware,2,1,C-STANCE,34.0
vamp_core_tsv_r8_scale03_repair005,f6efd136ccfdc34cc5e3b54607f1802f063a986aa0c678d5c8b92e7da2d34457,test,answer_oracle,2,2,FOMC,36.0
vamp_core_tsv_r8_scale03_repair005,f6efd136ccfdc34cc5e3b54607f1802f063a986aa0c678d5c8b92e7da2d34457,test,frozen_prompt_centroid,2,2,FOMC,15.0
vamp_core_tsv_r8_scale03_repair005,f6efd136ccfdc34cc5e3b54607f1802f063a986aa0c678d5c8b92e7da2d34457,test,prompt_nll,2,2,FOMC,0.0
vamp_core_tsv_r8_scale03_repair005,f6efd136ccfdc34cc5e3b54607f1802f063a986aa0c678d5c8b92e7da2d34457,test,task_aware,2,2,FOMC,31.0
vamp_core_tsv_r8_scale03_repair005,f6efd136ccfdc34cc5e3b54607f1802f063a986aa0c678d5c8b92e7da2d34457,validation,answer_oracle,2,2,FOMC,38.0
vamp_core_tsv_r8_scale03_repair005,f6efd136ccfdc34cc5e3b54607f1802f063a986aa0c678d5c8b92e7da2d34457,validation,frozen_prompt_centroid,2,2,FOMC,17.0
vamp_core_tsv_r8_scale03_repair005,f6efd136ccfdc34cc5e3b54607f1802f063a986aa0c678d5c8b92e7da2d34457,validation,prompt_nll,2,2,FOMC,3.0
vamp_core_tsv_r8_scale03_repair005,f6efd136ccfdc34cc5e3b54607f1802f063a986aa0c678d5c8b92e7da2d34457,validation,task_aware,2,2,FOMC,31.0
vamp_core_tsv_r8_scale03_repair005,f6efd136ccfdc34cc5e3b54607f1802f063a986aa0c678d5c8b92e7da2d34457,test,answer_oracle,3,1,C-STANCE,36.0
vamp_core_tsv_r8_scale03_repair005,f6efd136ccfdc34cc5e3b54607f1802f063a986aa0c678d5c8b92e7da2d34457,test,frozen_prompt_centroid,3,1,C-STANCE,36.0
vamp_core_tsv_r8_scale03_repair005,f6efd136ccfdc34cc5e3b54607f1802f063a986aa0c678d5c8b92e7da2d34457,test,prompt_nll,3,1,C-STANCE,16.0
vamp_core_tsv_r8_scale03_repair005,f6efd136ccfdc34cc5e3b54607f1802f063a986aa0c678d5c8b92e7da2d34457,test,task_aware,3,1,C-STANCE,36.0
vamp_core_tsv_r8_scale03_repair005,f6efd136ccfdc34cc5e3b54607f1802f063a986aa0c678d5c8b92e7da2d34457,validation,answer_oracle,3,1,C-STANCE,32.0
vamp_core_tsv_r8_scale03_repair005,f6efd136ccfdc34cc5e3b54607f1802f063a986aa0c678d5c8b92e7da2d34457,validation,frozen_prompt_centroid,3,1,C-STANCE,31.0
vamp_core_tsv_r8_scale03_repair005,f6efd136ccfdc34cc5e3b54607f1802f063a986aa0c678d5c8b92e7da2d34457,validation,prompt_nll,3,1,C-STANCE,19.0
vamp_core_tsv_r8_scale03_repair005,f6efd136ccfdc34cc5e3b54607f1802f063a986aa0c678d5c8b92e7da2d34457,validation,task_aware,3,1,C-STANCE,31.0
vamp_core_tsv_r8_scale03_repair005,f6efd136ccfdc34cc5e3b54607f1802f063a986aa0c678d5c8b92e7da2d34457,test,answer_oracle,3,2,FOMC,17.0
vamp_core_tsv_r8_scale03_repair005,f6efd136ccfdc34cc5e3b54607f1802f063a986aa0c678d5c8b92e7da2d34457,test,frozen_prompt_centroid,3,2,FOMC,16.0
vamp_core_tsv_r8_scale03_repair005,f6efd136ccfdc34cc5e3b54607f1802f063a986aa0c678d5c8b92e7da2d34457,test,prompt_nll,3,2,FOMC,6.0
vamp_core_tsv_r8_scale03_repair005,f6efd136ccfdc34cc5e3b54607f1802f063a986aa0c678d5c8b92e7da2d34457,test,task_aware,3,2,FOMC,16.0
vamp_core_tsv_r8_scale03_repair005,f6efd136ccfdc34cc5e3b54607f1802f063a986aa0c678d5c8b92e7da2d34457,validation,answer_oracle,3,2,FOMC,23.0
vamp_core_tsv_r8_scale03_repair005,f6efd136ccfdc34cc5e3b54607f1802f063a986aa0c678d5c8b92e7da2d34457,validation,frozen_prompt_centroid,3,2,FOMC,23.0
vamp_core_tsv_r8_scale03_repair005,f6efd136ccfdc34cc5e3b54607f1802f063a986aa0c678d5c8b92e7da2d34457,validation,prompt_nll,3,2,FOMC,6.0
vamp_core_tsv_r8_scale03_repair005,f6efd136ccfdc34cc5e3b54607f1802f063a986aa0c678d5c8b92e7da2d34457,validation,task_aware,3,2,FOMC,23.0
vamp_core_tsv_r8_scale03_repair005,f6efd136ccfdc34cc5e3b54607f1802f063a986aa0c678d5c8b92e7da2d34457,test,answer_oracle,3,3,MeetingBank,34.97970475139478
vamp_core_tsv_r8_scale03_repair005,f6efd136ccfdc34cc5e3b54607f1802f063a986aa0c678d5c8b92e7da2d34457,test,frozen_prompt_centroid,3,3,MeetingBank,28.381277434454752
vamp_core_tsv_r8_scale03_repair005,f6efd136ccfdc34cc5e3b54607f1802f063a986aa0c678d5c8b92e7da2d34457,test,prompt_nll,3,3,MeetingBank,19.403067500424253
vamp_core_tsv_r8_scale03_repair005,f6efd136ccfdc34cc5e3b54607f1802f063a986aa0c678d5c8b92e7da2d34457,test,task_aware,3,3,MeetingBank,32.44423085345572
vamp_core_tsv_r8_scale03_repair005,f6efd136ccfdc34cc5e3b54607f1802f063a986aa0c678d5c8b92e7da2d34457,validation,answer_oracle,3,3,MeetingBank,33.04674979137088
vamp_core_tsv_r8_scale03_repair005,f6efd136ccfdc34cc5e3b54607f1802f063a986aa0c678d5c8b92e7da2d34457,validation,frozen_prompt_centroid,3,3,MeetingBank,25.324913634784703
vamp_core_tsv_r8_scale03_repair005,f6efd136ccfdc34cc5e3b54607f1802f063a986aa0c678d5c8b92e7da2d34457,validation,prompt_nll,3,3,MeetingBank,19.0431017694617
vamp_core_tsv_r8_scale03_repair005,f6efd136ccfdc34cc5e3b54607f1802f063a986aa0c678d5c8b92e7da2d34457,validation,task_aware,3,3,MeetingBank,29.50921607961452
vamp_core_tsv_r8_scale03_repair005,f6efd136ccfdc34cc5e3b54607f1802f063a986aa0c678d5c8b92e7da2d34457,test,answer_oracle,4,1,C-STANCE,40.0
vamp_core_tsv_r8_scale03_repair005,f6efd136ccfdc34cc5e3b54607f1802f063a986aa0c678d5c8b92e7da2d34457,test,frozen_prompt_centroid,4,1,C-STANCE,40.0
vamp_core_tsv_r8_scale03_repair005,f6efd136ccfdc34cc5e3b54607f1802f063a986aa0c678d5c8b92e7da2d34457,test,prompt_nll,4,1,C-STANCE,14.0
vamp_core_tsv_r8_scale03_repair005,f6efd136ccfdc34cc5e3b54607f1802f063a986aa0c678d5c8b92e7da2d34457,test,task_aware,4,1,C-STANCE,40.0
vamp_core_tsv_r8_scale03_repair005,f6efd136ccfdc34cc5e3b54607f1802f063a986aa0c678d5c8b92e7da2d34457,validation,answer_oracle,4,1,C-STANCE,34.0
vamp_core_tsv_r8_scale03_repair005,f6efd136ccfdc34cc5e3b54607f1802f063a986aa0c678d5c8b92e7da2d34457,validation,frozen_prompt_centroid,4,1,C-STANCE,32.0
vamp_core_tsv_r8_scale03_repair005,f6efd136ccfdc34cc5e3b54607f1802f063a986aa0c678d5c8b92e7da2d34457,validation,prompt_nll,4,1,C-STANCE,18.0
vamp_core_tsv_r8_scale03_repair005,f6efd136ccfdc34cc5e3b54607f1802f063a986aa0c678d5c8b92e7da2d34457,validation,task_aware,4,1,C-STANCE,32.0
vamp_core_tsv_r8_scale03_repair005,f6efd136ccfdc34cc5e3b54607f1802f063a986aa0c678d5c8b92e7da2d34457,test,answer_oracle,4,2,FOMC,16.0
vamp_core_tsv_r8_scale03_repair005,f6efd136ccfdc34cc5e3b54607f1802f063a986aa0c678d5c8b92e7da2d34457,test,frozen_prompt_centroid,4,2,FOMC,16.0
vamp_core_tsv_r8_scale03_repair005,f6efd136ccfdc34cc5e3b54607f1802f063a986aa0c678d5c8b92e7da2d34457,test,prompt_nll,4,2,FOMC,5.0
vamp_core_tsv_r8_scale03_repair005,f6efd136ccfdc34cc5e3b54607f1802f063a986aa0c678d5c8b92e7da2d34457,test,task_aware,4,2,FOMC,16.0
vamp_core_tsv_r8_scale03_repair005,f6efd136ccfdc34cc5e3b54607f1802f063a986aa0c678d5c8b92e7da2d34457,validation,answer_oracle,4,2,FOMC,26.0
vamp_core_tsv_r8_scale03_repair005,f6efd136ccfdc34cc5e3b54607f1802f063a986aa0c678d5c8b92e7da2d34457,validation,frozen_prompt_centroid,4,2,FOMC,26.0
vamp_core_tsv_r8_scale03_repair005,f6efd136ccfdc34cc5e3b54607f1802f063a986aa0c678d5c8b92e7da2d34457,validation,prompt_nll,4,2,FOMC,10.0
vamp_core_tsv_r8_scale03_repair005,f6efd136ccfdc34cc5e3b54607f1802f063a986aa0c678d5c8b92e7da2d34457,validation,task_aware,4,2,FOMC,26.0
vamp_core_tsv_r8_scale03_repair005,f6efd136ccfdc34cc5e3b54607f1802f063a986aa0c678d5c8b92e7da2d34457,test,answer_oracle,4,3,MeetingBank,24.686376380973105
vamp_core_tsv_r8_scale03_repair005,f6efd136ccfdc34cc5e3b54607f1802f063a986aa0c678d5c8b92e7da2d34457,test,frozen_prompt_centroid,4,3,MeetingBank,21.09990335767945
vamp_core_tsv_r8_scale03_repair005,f6efd136ccfdc34cc5e3b54607f1802f063a986aa0c678d5c8b92e7da2d34457,test,prompt_nll,4,3,MeetingBank,20.45785999470394
vamp_core_tsv_r8_scale03_repair005,f6efd136ccfdc34cc5e3b54607f1802f063a986aa0c678d5c8b92e7da2d34457,test,task_aware,4,3,MeetingBank,19.749527703499368
vamp_core_tsv_r8_scale03_repair005,f6efd136ccfdc34cc5e3b54607f1802f063a986aa0c678d5c8b92e7da2d34457,validation,answer_oracle,4,3,MeetingBank,22.80253691090583
vamp_core_tsv_r8_scale03_repair005,f6efd136ccfdc34cc5e3b54607f1802f063a986aa0c678d5c8b92e7da2d34457,validation,frozen_prompt_centroid,4,3,MeetingBank,18.29875993037177
vamp_core_tsv_r8_scale03_repair005,f6efd136ccfdc34cc5e3b54607f1802f063a986aa0c678d5c8b92e7da2d34457,validation,prompt_nll,4,3,MeetingBank,18.491249564746877
vamp_core_tsv_r8_scale03_repair005,f6efd136ccfdc34cc5e3b54607f1802f063a986aa0c678d5c8b92e7da2d34457,validation,task_aware,4,3,MeetingBank,18.660400169340647
vamp_core_tsv_r8_scale03_repair005,f6efd136ccfdc34cc5e3b54607f1802f063a986aa0c678d5c8b92e7da2d34457,test,answer_oracle,4,4,Py150,60.36
vamp_core_tsv_r8_scale03_repair005,f6efd136ccfdc34cc5e3b54607f1802f063a986aa0c678d5c8b92e7da2d34457,test,frozen_prompt_centroid,4,4,Py150,47.32
vamp_core_tsv_r8_scale03_repair005,f6efd136ccfdc34cc5e3b54607f1802f063a986aa0c678d5c8b92e7da2d34457,test,prompt_nll,4,4,Py150,10.39
vamp_core_tsv_r8_scale03_repair005,f6efd136ccfdc34cc5e3b54607f1802f063a986aa0c678d5c8b92e7da2d34457,test,task_aware,4,4,Py150,55.39
vamp_core_tsv_r8_scale03_repair005,f6efd136ccfdc34cc5e3b54607f1802f063a986aa0c678d5c8b92e7da2d34457,validation,answer_oracle,4,4,Py150,59.82
vamp_core_tsv_r8_scale03_repair005,f6efd136ccfdc34cc5e3b54607f1802f063a986aa0c678d5c8b92e7da2d34457,validation,frozen_prompt_centroid,4,4,Py150,38.46
vamp_core_tsv_r8_scale03_repair005,f6efd136ccfdc34cc5e3b54607f1802f063a986aa0c678d5c8b92e7da2d34457,validation,prompt_nll,4,4,Py150,6.79
vamp_core_tsv_r8_scale03_repair005,f6efd136ccfdc34cc5e3b54607f1802f063a986aa0c678d5c8b92e7da2d34457,validation,task_aware,4,4,Py150,54.04
vamp_core_tsv_r8_scale03_repair005,f6efd136ccfdc34cc5e3b54607f1802f063a986aa0c678d5c8b92e7da2d34457,test,answer_oracle,5,1,C-STANCE,39.0
vamp_core_tsv_r8_scale03_repair005,f6efd136ccfdc34cc5e3b54607f1802f063a986aa0c678d5c8b92e7da2d34457,test,frozen_prompt_centroid,5,1,C-STANCE,39.0
vamp_core_tsv_r8_scale03_repair005,f6efd136ccfdc34cc5e3b54607f1802f063a986aa0c678d5c8b92e7da2d34457,test,prompt_nll,5,1,C-STANCE,18.0
vamp_core_tsv_r8_scale03_repair005,f6efd136ccfdc34cc5e3b54607f1802f063a986aa0c678d5c8b92e7da2d34457,test,task_aware,5,1,C-STANCE,39.0
vamp_core_tsv_r8_scale03_repair005,f6efd136ccfdc34cc5e3b54607f1802f063a986aa0c678d5c8b92e7da2d34457,validation,answer_oracle,5,1,C-STANCE,35.0
vamp_core_tsv_r8_scale03_repair005,f6efd136ccfdc34cc5e3b54607f1802f063a986aa0c678d5c8b92e7da2d34457,validation,frozen_prompt_centroid,5,1,C-STANCE,35.0
vamp_core_tsv_r8_scale03_repair005,f6efd136ccfdc34cc5e3b54607f1802f063a986aa0c678d5c8b92e7da2d34457,validation,prompt_nll,5,1,C-STANCE,9.0
vamp_core_tsv_r8_scale03_repair005,f6efd136ccfdc34cc5e3b54607f1802f063a986aa0c678d5c8b92e7da2d34457,validation,task_aware,5,1,C-STANCE,35.0
vamp_core_tsv_r8_scale03_repair005,f6efd136ccfdc34cc5e3b54607f1802f063a986aa0c678d5c8b92e7da2d34457,test,answer_oracle,5,2,FOMC,3.0
vamp_core_tsv_r8_scale03_repair005,f6efd136ccfdc34cc5e3b54607f1802f063a986aa0c678d5c8b92e7da2d34457,test,frozen_prompt_centroid,5,2,FOMC,3.0
vamp_core_tsv_r8_scale03_repair005,f6efd136ccfdc34cc5e3b54607f1802f063a986aa0c678d5c8b92e7da2d34457,test,prompt_nll,5,2,FOMC,3.0
vamp_core_tsv_r8_scale03_repair005,f6efd136ccfdc34cc5e3b54607f1802f063a986aa0c678d5c8b92e7da2d34457,test,task_aware,5,2,FOMC,2.0
vamp_core_tsv_r8_scale03_repair005,f6efd136ccfdc34cc5e3b54607f1802f063a986aa0c678d5c8b92e7da2d34457,validation,answer_oracle,5,2,FOMC,9.0
vamp_core_tsv_r8_scale03_repair005,f6efd136ccfdc34cc5e3b54607f1802f063a986aa0c678d5c8b92e7da2d34457,validation,frozen_prompt_centroid,5,2,FOMC,6.0
vamp_core_tsv_r8_scale03_repair005,f6efd136ccfdc34cc5e3b54607f1802f063a986aa0c678d5c8b92e7da2d34457,validation,prompt_nll,5,2,FOMC,5.0
vamp_core_tsv_r8_scale03_repair005,f6efd136ccfdc34cc5e3b54607f1802f063a986aa0c678d5c8b92e7da2d34457,validation,task_aware,5,2,FOMC,7.0
vamp_core_tsv_r8_scale03_repair005,f6efd136ccfdc34cc5e3b54607f1802f063a986aa0c678d5c8b92e7da2d34457,test,answer_oracle,5,3,MeetingBank,23.528546162876218
vamp_core_tsv_r8_scale03_repair005,f6efd136ccfdc34cc5e3b54607f1802f063a986aa0c678d5c8b92e7da2d34457,test,frozen_prompt_centroid,5,3,MeetingBank,19.146467680339125
vamp_core_tsv_r8_scale03_repair005,f6efd136ccfdc34cc5e3b54607f1802f063a986aa0c678d5c8b92e7da2d34457,test,prompt_nll,5,3,MeetingBank,18.518455828727927
vamp_core_tsv_r8_scale03_repair005,f6efd136ccfdc34cc5e3b54607f1802f063a986aa0c678d5c8b92e7da2d34457,test,task_aware,5,3,MeetingBank,18.66319920675895
vamp_core_tsv_r8_scale03_repair005,f6efd136ccfdc34cc5e3b54607f1802f063a986aa0c678d5c8b92e7da2d34457,validation,answer_oracle,5,3,MeetingBank,22.119120077228985
vamp_core_tsv_r8_scale03_repair005,f6efd136ccfdc34cc5e3b54607f1802f063a986aa0c678d5c8b92e7da2d34457,validation,frozen_prompt_centroid,5,3,MeetingBank,17.521113349821782
vamp_core_tsv_r8_scale03_repair005,f6efd136ccfdc34cc5e3b54607f1802f063a986aa0c678d5c8b92e7da2d34457,validation,prompt_nll,5,3,MeetingBank,17.79930241558916
vamp_core_tsv_r8_scale03_repair005,f6efd136ccfdc34cc5e3b54607f1802f063a986aa0c678d5c8b92e7da2d34457,validation,task_aware,5,3,MeetingBank,17.96588620109638
vamp_core_tsv_r8_scale03_repair005,f6efd136ccfdc34cc5e3b54607f1802f063a986aa0c678d5c8b92e7da2d34457,test,answer_oracle,5,4,Py150,5.51
vamp_core_tsv_r8_scale03_repair005,f6efd136ccfdc34cc5e3b54607f1802f063a986aa0c678d5c8b92e7da2d34457,test,frozen_prompt_centroid,5,4,Py150,4.97
vamp_core_tsv_r8_scale03_repair005,f6efd136ccfdc34cc5e3b54607f1802f063a986aa0c678d5c8b92e7da2d34457,test,prompt_nll,5,4,Py150,5.02
vamp_core_tsv_r8_scale03_repair005,f6efd136ccfdc34cc5e3b54607f1802f063a986aa0c678d5c8b92e7da2d34457,test,task_aware,5,4,Py150,4.97
vamp_core_tsv_r8_scale03_repair005,f6efd136ccfdc34cc5e3b54607f1802f063a986aa0c678d5c8b92e7da2d34457,validation,answer_oracle,5,4,Py150,5.01
vamp_core_tsv_r8_scale03_repair005,f6efd136ccfdc34cc5e3b54607f1802f063a986aa0c678d5c8b92e7da2d34457,validation,frozen_prompt_centroid,5,4,Py150,4.47
vamp_core_tsv_r8_scale03_repair005,f6efd136ccfdc34cc5e3b54607f1802f063a986aa0c678d5c8b92e7da2d34457,validation,prompt_nll,5,4,Py150,4.43
vamp_core_tsv_r8_scale03_repair005,f6efd136ccfdc34cc5e3b54607f1802f063a986aa0c678d5c8b92e7da2d34457,validation,task_aware,5,4,Py150,4.47
vamp_core_tsv_r8_scale03_repair005,f6efd136ccfdc34cc5e3b54607f1802f063a986aa0c678d5c8b92e7da2d34457,test,answer_oracle,5,5,ScienceQA,82.0
vamp_core_tsv_r8_scale03_repair005,f6efd136ccfdc34cc5e3b54607f1802f063a986aa0c678d5c8b92e7da2d34457,test,frozen_prompt_centroid,5,5,ScienceQA,68.0
vamp_core_tsv_r8_scale03_repair005,f6efd136ccfdc34cc5e3b54607f1802f063a986aa0c678d5c8b92e7da2d34457,test,prompt_nll,5,5,ScienceQA,69.0
vamp_core_tsv_r8_scale03_repair005,f6efd136ccfdc34cc5e3b54607f1802f063a986aa0c678d5c8b92e7da2d34457,test,task_aware,5,5,ScienceQA,67.0
vamp_core_tsv_r8_scale03_repair005,f6efd136ccfdc34cc5e3b54607f1802f063a986aa0c678d5c8b92e7da2d34457,validation,answer_oracle,5,5,ScienceQA,83.0
vamp_core_tsv_r8_scale03_repair005,f6efd136ccfdc34cc5e3b54607f1802f063a986aa0c678d5c8b92e7da2d34457,validation,frozen_prompt_centroid,5,5,ScienceQA,75.0
vamp_core_tsv_r8_scale03_repair005,f6efd136ccfdc34cc5e3b54607f1802f063a986aa0c678d5c8b92e7da2d34457,validation,prompt_nll,5,5,ScienceQA,76.0
vamp_core_tsv_r8_scale03_repair005,f6efd136ccfdc34cc5e3b54607f1802f063a986aa0c678d5c8b92e7da2d34457,validation,task_aware,5,5,ScienceQA,77.0
vamp_core_tsv_r8_scale03_repair005,f6efd136ccfdc34cc5e3b54607f1802f063a986aa0c678d5c8b92e7da2d34457,test,answer_oracle,6,1,C-STANCE,37.0
vamp_core_tsv_r8_scale03_repair005,f6efd136ccfdc34cc5e3b54607f1802f063a986aa0c678d5c8b92e7da2d34457,test,frozen_prompt_centroid,6,1,C-STANCE,37.0
vamp_core_tsv_r8_scale03_repair005,f6efd136ccfdc34cc5e3b54607f1802f063a986aa0c678d5c8b92e7da2d34457,test,prompt_nll,6,1,C-STANCE,30.0
vamp_core_tsv_r8_scale03_repair005,f6efd136ccfdc34cc5e3b54607f1802f063a986aa0c678d5c8b92e7da2d34457,test,task_aware,6,1,C-STANCE,37.0
vamp_core_tsv_r8_scale03_repair005,f6efd136ccfdc34cc5e3b54607f1802f063a986aa0c678d5c8b92e7da2d34457,validation,answer_oracle,6,1,C-STANCE,35.0
vamp_core_tsv_r8_scale03_repair005,f6efd136ccfdc34cc5e3b54607f1802f063a986aa0c678d5c8b92e7da2d34457,validation,frozen_prompt_centroid,6,1,C-STANCE,34.0
vamp_core_tsv_r8_scale03_repair005,f6efd136ccfdc34cc5e3b54607f1802f063a986aa0c678d5c8b92e7da2d34457,validation,prompt_nll,6,1,C-STANCE,30.0
vamp_core_tsv_r8_scale03_repair005,f6efd136ccfdc34cc5e3b54607f1802f063a986aa0c678d5c8b92e7da2d34457,validation,task_aware,6,1,C-STANCE,34.0
vamp_core_tsv_r8_scale03_repair005,f6efd136ccfdc34cc5e3b54607f1802f063a986aa0c678d5c8b92e7da2d34457,test,answer_oracle,6,2,FOMC,10.0
vamp_core_tsv_r8_scale03_repair005,f6efd136ccfdc34cc5e3b54607f1802f063a986aa0c678d5c8b92e7da2d34457,test,frozen_prompt_centroid,6,2,FOMC,3.0
vamp_core_tsv_r8_scale03_repair005,f6efd136ccfdc34cc5e3b54607f1802f063a986aa0c678d5c8b92e7da2d34457,test,prompt_nll,6,2,FOMC,3.0
vamp_core_tsv_r8_scale03_repair005,f6efd136ccfdc34cc5e3b54607f1802f063a986aa0c678d5c8b92e7da2d34457,test,task_aware,6,2,FOMC,5.0
vamp_core_tsv_r8_scale03_repair005,f6efd136ccfdc34cc5e3b54607f1802f063a986aa0c678d5c8b92e7da2d34457,validation,answer_oracle,6,2,FOMC,11.0
vamp_core_tsv_r8_scale03_repair005,f6efd136ccfdc34cc5e3b54607f1802f063a986aa0c678d5c8b92e7da2d34457,validation,frozen_prompt_centroid,6,2,FOMC,5.0
vamp_core_tsv_r8_scale03_repair005,f6efd136ccfdc34cc5e3b54607f1802f063a986aa0c678d5c8b92e7da2d34457,validation,prompt_nll,6,2,FOMC,5.0
vamp_core_tsv_r8_scale03_repair005,f6efd136ccfdc34cc5e3b54607f1802f063a986aa0c678d5c8b92e7da2d34457,validation,task_aware,6,2,FOMC,7.0
vamp_core_tsv_r8_scale03_repair005,f6efd136ccfdc34cc5e3b54607f1802f063a986aa0c678d5c8b92e7da2d34457,test,answer_oracle,6,3,MeetingBank,23.774150275005287
vamp_core_tsv_r8_scale03_repair005,f6efd136ccfdc34cc5e3b54607f1802f063a986aa0c678d5c8b92e7da2d34457,test,frozen_prompt_centroid,6,3,MeetingBank,18.934360165567185
vamp_core_tsv_r8_scale03_repair005,f6efd136ccfdc34cc5e3b54607f1802f063a986aa0c678d5c8b92e7da2d34457,test,prompt_nll,6,3,MeetingBank,18.964385459796485
vamp_core_tsv_r8_scale03_repair005,f6efd136ccfdc34cc5e3b54607f1802f063a986aa0c678d5c8b92e7da2d34457,test,task_aware,6,3,MeetingBank,18.0911836289494
vamp_core_tsv_r8_scale03_repair005,f6efd136ccfdc34cc5e3b54607f1802f063a986aa0c678d5c8b92e7da2d34457,validation,answer_oracle,6,3,MeetingBank,22.73250235666203
vamp_core_tsv_r8_scale03_repair005,f6efd136ccfdc34cc5e3b54607f1802f063a986aa0c678d5c8b92e7da2d34457,validation,frozen_prompt_centroid,6,3,MeetingBank,17.601658762982577
vamp_core_tsv_r8_scale03_repair005,f6efd136ccfdc34cc5e3b54607f1802f063a986aa0c678d5c8b92e7da2d34457,validation,prompt_nll,6,3,MeetingBank,17.73210369428763
vamp_core_tsv_r8_scale03_repair005,f6efd136ccfdc34cc5e3b54607f1802f063a986aa0c678d5c8b92e7da2d34457,validation,task_aware,6,3,MeetingBank,17.899131958387983
vamp_core_tsv_r8_scale03_repair005,f6efd136ccfdc34cc5e3b54607f1802f063a986aa0c678d5c8b92e7da2d34457,test,answer_oracle,6,6,NumGLUE-cm,35.80246913580247
vamp_core_tsv_r8_scale03_repair005,f6efd136ccfdc34cc5e3b54607f1802f063a986aa0c678d5c8b92e7da2d34457,test,frozen_prompt_centroid,6,6,NumGLUE-cm,18.51851851851852
vamp_core_tsv_r8_scale03_repair005,f6efd136ccfdc34cc5e3b54607f1802f063a986aa0c678d5c8b92e7da2d34457,test,prompt_nll,6,6,NumGLUE-cm,11.11111111111111
vamp_core_tsv_r8_scale03_repair005,f6efd136ccfdc34cc5e3b54607f1802f063a986aa0c678d5c8b92e7da2d34457,test,task_aware,6,6,NumGLUE-cm,22.22222222222222
vamp_core_tsv_r8_scale03_repair005,f6efd136ccfdc34cc5e3b54607f1802f063a986aa0c678d5c8b92e7da2d34457,validation,answer_oracle,6,6,NumGLUE-cm,58.53658536585366
vamp_core_tsv_r8_scale03_repair005,f6efd136ccfdc34cc5e3b54607f1802f063a986aa0c678d5c8b92e7da2d34457,validation,frozen_prompt_centroid,6,6,NumGLUE-cm,39.02439024390244
vamp_core_tsv_r8_scale03_repair005,f6efd136ccfdc34cc5e3b54607f1802f063a986aa0c678d5c8b92e7da2d34457,validation,prompt_nll,6,6,NumGLUE-cm,12.195121951219512
vamp_core_tsv_r8_scale03_repair005,f6efd136ccfdc34cc5e3b54607f1802f063a986aa0c678d5c8b92e7da2d34457,validation,task_aware,6,6,NumGLUE-cm,36.58536585365854
vamp_core_tsv_r8_scale03_repair005,f6efd136ccfdc34cc5e3b54607f1802f063a986aa0c678d5c8b92e7da2d34457,test,answer_oracle,6,4,Py150,7.6
vamp_core_tsv_r8_scale03_repair005,f6efd136ccfdc34cc5e3b54607f1802f063a986aa0c678d5c8b92e7da2d34457,test,frozen_prompt_centroid,6,4,Py150,4.89
vamp_core_tsv_r8_scale03_repair005,f6efd136ccfdc34cc5e3b54607f1802f063a986aa0c678d5c8b92e7da2d34457,test,prompt_nll,6,4,Py150,4.88
vamp_core_tsv_r8_scale03_repair005,f6efd136ccfdc34cc5e3b54607f1802f063a986aa0c678d5c8b92e7da2d34457,test,task_aware,6,4,Py150,6.47
vamp_core_tsv_r8_scale03_repair005,f6efd136ccfdc34cc5e3b54607f1802f063a986aa0c678d5c8b92e7da2d34457,validation,answer_oracle,6,4,Py150,6.01
vamp_core_tsv_r8_scale03_repair005,f6efd136ccfdc34cc5e3b54607f1802f063a986aa0c678d5c8b92e7da2d34457,validation,frozen_prompt_centroid,6,4,Py150,3.84
vamp_core_tsv_r8_scale03_repair005,f6efd136ccfdc34cc5e3b54607f1802f063a986aa0c678d5c8b92e7da2d34457,validation,prompt_nll,6,4,Py150,3.84
vamp_core_tsv_r8_scale03_repair005,f6efd136ccfdc34cc5e3b54607f1802f063a986aa0c678d5c8b92e7da2d34457,validation,task_aware,6,4,Py150,5.42
vamp_core_tsv_r8_scale03_repair005,f6efd136ccfdc34cc5e3b54607f1802f063a986aa0c678d5c8b92e7da2d34457,test,answer_oracle,6,5,ScienceQA,74.0
vamp_core_tsv_r8_scale03_repair005,f6efd136ccfdc34cc5e3b54607f1802f063a986aa0c678d5c8b92e7da2d34457,test,frozen_prompt_centroid,6,5,ScienceQA,68.0
vamp_core_tsv_r8_scale03_repair005,f6efd136ccfdc34cc5e3b54607f1802f063a986aa0c678d5c8b92e7da2d34457,test,prompt_nll,6,5,ScienceQA,68.0
vamp_core_tsv_r8_scale03_repair005,f6efd136ccfdc34cc5e3b54607f1802f063a986aa0c678d5c8b92e7da2d34457,test,task_aware,6,5,ScienceQA,69.0
vamp_core_tsv_r8_scale03_repair005,f6efd136ccfdc34cc5e3b54607f1802f063a986aa0c678d5c8b92e7da2d34457,validation,answer_oracle,6,5,ScienceQA,87.0
vamp_core_tsv_r8_scale03_repair005,f6efd136ccfdc34cc5e3b54607f1802f063a986aa0c678d5c8b92e7da2d34457,validation,frozen_prompt_centroid,6,5,ScienceQA,74.0
vamp_core_tsv_r8_scale03_repair005,f6efd136ccfdc34cc5e3b54607f1802f063a986aa0c678d5c8b92e7da2d34457,validation,prompt_nll,6,5,ScienceQA,73.0
vamp_core_tsv_r8_scale03_repair005,f6efd136ccfdc34cc5e3b54607f1802f063a986aa0c678d5c8b92e7da2d34457,validation,task_aware,6,5,ScienceQA,76.0
vamp_core_tsv_r8_scale03_repair005,f6efd136ccfdc34cc5e3b54607f1802f063a986aa0c678d5c8b92e7da2d34457,test,answer_oracle,7,1,C-STANCE,41.0
vamp_core_tsv_r8_scale03_repair005,f6efd136ccfdc34cc5e3b54607f1802f063a986aa0c678d5c8b92e7da2d34457,test,frozen_prompt_centroid,7,1,C-STANCE,40.0
vamp_core_tsv_r8_scale03_repair005,f6efd136ccfdc34cc5e3b54607f1802f063a986aa0c678d5c8b92e7da2d34457,test,prompt_nll,7,1,C-STANCE,39.0
vamp_core_tsv_r8_scale03_repair005,f6efd136ccfdc34cc5e3b54607f1802f063a986aa0c678d5c8b92e7da2d34457,test,task_aware,7,1,C-STANCE,40.0
vamp_core_tsv_r8_scale03_repair005,f6efd136ccfdc34cc5e3b54607f1802f063a986aa0c678d5c8b92e7da2d34457,validation,answer_oracle,7,1,C-STANCE,34.0
vamp_core_tsv_r8_scale03_repair005,f6efd136ccfdc34cc5e3b54607f1802f063a986aa0c678d5c8b92e7da2d34457,validation,frozen_prompt_centroid,7,1,C-STANCE,32.0
vamp_core_tsv_r8_scale03_repair005,f6efd136ccfdc34cc5e3b54607f1802f063a986aa0c678d5c8b92e7da2d34457,validation,prompt_nll,7,1,C-STANCE,32.0
vamp_core_tsv_r8_scale03_repair005,f6efd136ccfdc34cc5e3b54607f1802f063a986aa0c678d5c8b92e7da2d34457,validation,task_aware,7,1,C-STANCE,32.0
vamp_core_tsv_r8_scale03_repair005,f6efd136ccfdc34cc5e3b54607f1802f063a986aa0c678d5c8b92e7da2d34457,test,answer_oracle,7,2,FOMC,11.0
vamp_core_tsv_r8_scale03_repair005,f6efd136ccfdc34cc5e3b54607f1802f063a986aa0c678d5c8b92e7da2d34457,test,frozen_prompt_centroid,7,2,FOMC,0.0
vamp_core_tsv_r8_scale03_repair005,f6efd136ccfdc34cc5e3b54607f1802f063a986aa0c678d5c8b92e7da2d34457,test,prompt_nll,7,2,FOMC,7.0
vamp_core_tsv_r8_scale03_repair005,f6efd136ccfdc34cc5e3b54607f1802f063a986aa0c678d5c8b92e7da2d34457,test,task_aware,7,2,FOMC,8.0
vamp_core_tsv_r8_scale03_repair005,f6efd136ccfdc34cc5e3b54607f1802f063a986aa0c678d5c8b92e7da2d34457,validation,answer_oracle,7,2,FOMC,16.0
vamp_core_tsv_r8_scale03_repair005,f6efd136ccfdc34cc5e3b54607f1802f063a986aa0c678d5c8b92e7da2d34457,validation,frozen_prompt_centroid,7,2,FOMC,0.0
vamp_core_tsv_r8_scale03_repair005,f6efd136ccfdc34cc5e3b54607f1802f063a986aa0c678d5c8b92e7da2d34457,validation,prompt_nll,7,2,FOMC,13.0
vamp_core_tsv_r8_scale03_repair005,f6efd136ccfdc34cc5e3b54607f1802f063a986aa0c678d5c8b92e7da2d34457,validation,task_aware,7,2,FOMC,14.0
vamp_core_tsv_r8_scale03_repair005,f6efd136ccfdc34cc5e3b54607f1802f063a986aa0c678d5c8b92e7da2d34457,test,answer_oracle,7,3,MeetingBank,23.31771610195175
vamp_core_tsv_r8_scale03_repair005,f6efd136ccfdc34cc5e3b54607f1802f063a986aa0c678d5c8b92e7da2d34457,test,frozen_prompt_centroid,7,3,MeetingBank,18.166278476852906
vamp_core_tsv_r8_scale03_repair005,f6efd136ccfdc34cc5e3b54607f1802f063a986aa0c678d5c8b92e7da2d34457,test,prompt_nll,7,3,MeetingBank,18.15681187146661
vamp_core_tsv_r8_scale03_repair005,f6efd136ccfdc34cc5e3b54607f1802f063a986aa0c678d5c8b92e7da2d34457,test,task_aware,7,3,MeetingBank,18.74371526923035
vamp_core_tsv_r8_scale03_repair005,f6efd136ccfdc34cc5e3b54607f1802f063a986aa0c678d5c8b92e7da2d34457,validation,answer_oracle,7,3,MeetingBank,22.108114849115385
vamp_core_tsv_r8_scale03_repair005,f6efd136ccfdc34cc5e3b54607f1802f063a986aa0c678d5c8b92e7da2d34457,validation,frozen_prompt_centroid,7,3,MeetingBank,17.42743191249062
vamp_core_tsv_r8_scale03_repair005,f6efd136ccfdc34cc5e3b54607f1802f063a986aa0c678d5c8b92e7da2d34457,validation,prompt_nll,7,3,MeetingBank,17.597359453502474
vamp_core_tsv_r8_scale03_repair005,f6efd136ccfdc34cc5e3b54607f1802f063a986aa0c678d5c8b92e7da2d34457,validation,task_aware,7,3,MeetingBank,18.039696384643022
vamp_core_tsv_r8_scale03_repair005,f6efd136ccfdc34cc5e3b54607f1802f063a986aa0c678d5c8b92e7da2d34457,test,answer_oracle,7,6,NumGLUE-cm,18.51851851851852
vamp_core_tsv_r8_scale03_repair005,f6efd136ccfdc34cc5e3b54607f1802f063a986aa0c678d5c8b92e7da2d34457,test,frozen_prompt_centroid,7,6,NumGLUE-cm,14.814814814814815
vamp_core_tsv_r8_scale03_repair005,f6efd136ccfdc34cc5e3b54607f1802f063a986aa0c678d5c8b92e7da2d34457,test,prompt_nll,7,6,NumGLUE-cm,7.407407407407407
vamp_core_tsv_r8_scale03_repair005,f6efd136ccfdc34cc5e3b54607f1802f063a986aa0c678d5c8b92e7da2d34457,test,task_aware,7,6,NumGLUE-cm,14.814814814814815
vamp_core_tsv_r8_scale03_repair005,f6efd136ccfdc34cc5e3b54607f1802f063a986aa0c678d5c8b92e7da2d34457,validation,answer_oracle,7,6,NumGLUE-cm,21.951219512195124
vamp_core_tsv_r8_scale03_repair005,f6efd136ccfdc34cc5e3b54607f1802f063a986aa0c678d5c8b92e7da2d34457,validation,frozen_prompt_centroid,7,6,NumGLUE-cm,17.073170731707318
vamp_core_tsv_r8_scale03_repair005,f6efd136ccfdc34cc5e3b54607f1802f063a986aa0c678d5c8b92e7da2d34457,validation,prompt_nll,7,6,NumGLUE-cm,12.195121951219512
vamp_core_tsv_r8_scale03_repair005,f6efd136ccfdc34cc5e3b54607f1802f063a986aa0c678d5c8b92e7da2d34457,validation,task_aware,7,6,NumGLUE-cm,17.073170731707318
vamp_core_tsv_r8_scale03_repair005,f6efd136ccfdc34cc5e3b54607f1802f063a986aa0c678d5c8b92e7da2d34457,test,answer_oracle,7,7,NumGLUE-ds,47.0
vamp_core_tsv_r8_scale03_repair005,f6efd136ccfdc34cc5e3b54607f1802f063a986aa0c678d5c8b92e7da2d34457,test,frozen_prompt_centroid,7,7,NumGLUE-ds,43.0
vamp_core_tsv_r8_scale03_repair005,f6efd136ccfdc34cc5e3b54607f1802f063a986aa0c678d5c8b92e7da2d34457,test,prompt_nll,7,7,NumGLUE-ds,12.0
vamp_core_tsv_r8_scale03_repair005,f6efd136ccfdc34cc5e3b54607f1802f063a986aa0c678d5c8b92e7da2d34457,test,task_aware,7,7,NumGLUE-ds,42.0
vamp_core_tsv_r8_scale03_repair005,f6efd136ccfdc34cc5e3b54607f1802f063a986aa0c678d5c8b92e7da2d34457,validation,answer_oracle,7,7,NumGLUE-ds,42.0
vamp_core_tsv_r8_scale03_repair005,f6efd136ccfdc34cc5e3b54607f1802f063a986aa0c678d5c8b92e7da2d34457,validation,frozen_prompt_centroid,7,7,NumGLUE-ds,33.0
vamp_core_tsv_r8_scale03_repair005,f6efd136ccfdc34cc5e3b54607f1802f063a986aa0c678d5c8b92e7da2d34457,validation,prompt_nll,7,7,NumGLUE-ds,12.0
vamp_core_tsv_r8_scale03_repair005,f6efd136ccfdc34cc5e3b54607f1802f063a986aa0c678d5c8b92e7da2d34457,validation,task_aware,7,7,NumGLUE-ds,37.0
vamp_core_tsv_r8_scale03_repair005,f6efd136ccfdc34cc5e3b54607f1802f063a986aa0c678d5c8b92e7da2d34457,test,answer_oracle,7,4,Py150,6.98
vamp_core_tsv_r8_scale03_repair005,f6efd136ccfdc34cc5e3b54607f1802f063a986aa0c678d5c8b92e7da2d34457,test,frozen_prompt_centroid,7,4,Py150,3.76
vamp_core_tsv_r8_scale03_repair005,f6efd136ccfdc34cc5e3b54607f1802f063a986aa0c678d5c8b92e7da2d34457,test,prompt_nll,7,4,Py150,3.79
vamp_core_tsv_r8_scale03_repair005,f6efd136ccfdc34cc5e3b54607f1802f063a986aa0c678d5c8b92e7da2d34457,test,task_aware,7,4,Py150,6.33
vamp_core_tsv_r8_scale03_repair005,f6efd136ccfdc34cc5e3b54607f1802f063a986aa0c678d5c8b92e7da2d34457,validation,answer_oracle,7,4,Py150,4.95
vamp_core_tsv_r8_scale03_repair005,f6efd136ccfdc34cc5e3b54607f1802f063a986aa0c678d5c8b92e7da2d34457,validation,frozen_prompt_centroid,7,4,Py150,3.95
vamp_core_tsv_r8_scale03_repair005,f6efd136ccfdc34cc5e3b54607f1802f063a986aa0c678d5c8b92e7da2d34457,validation,prompt_nll,7,4,Py150,3.96
vamp_core_tsv_r8_scale03_repair005,f6efd136ccfdc34cc5e3b54607f1802f063a986aa0c678d5c8b92e7da2d34457,validation,task_aware,7,4,Py150,4.4
vamp_core_tsv_r8_scale03_repair005,f6efd136ccfdc34cc5e3b54607f1802f063a986aa0c678d5c8b92e7da2d34457,test,answer_oracle,7,5,ScienceQA,77.0
vamp_core_tsv_r8_scale03_repair005,f6efd136ccfdc34cc5e3b54607f1802f063a986aa0c678d5c8b92e7da2d34457,test,frozen_prompt_centroid,7,5,ScienceQA,67.0
vamp_core_tsv_r8_scale03_repair005,f6efd136ccfdc34cc5e3b54607f1802f063a986aa0c678d5c8b92e7da2d34457,test,prompt_nll,7,5,ScienceQA,68.0
vamp_core_tsv_r8_scale03_repair005,f6efd136ccfdc34cc5e3b54607f1802f063a986aa0c678d5c8b92e7da2d34457,test,task_aware,7,5,ScienceQA,67.0
vamp_core_tsv_r8_scale03_repair005,f6efd136ccfdc34cc5e3b54607f1802f063a986aa0c678d5c8b92e7da2d34457,validation,answer_oracle,7,5,ScienceQA,84.0
vamp_core_tsv_r8_scale03_repair005,f6efd136ccfdc34cc5e3b54607f1802f063a986aa0c678d5c8b92e7da2d34457,validation,frozen_prompt_centroid,7,5,ScienceQA,76.0
vamp_core_tsv_r8_scale03_repair005,f6efd136ccfdc34cc5e3b54607f1802f063a986aa0c678d5c8b92e7da2d34457,validation,prompt_nll,7,5,ScienceQA,73.0
vamp_core_tsv_r8_scale03_repair005,f6efd136ccfdc34cc5e3b54607f1802f063a986aa0c678d5c8b92e7da2d34457,validation,task_aware,7,5,ScienceQA,76.0
vamp_core_tsv_r8_scale03_repair005,f6efd136ccfdc34cc5e3b54607f1802f063a986aa0c678d5c8b92e7da2d34457,test,answer_oracle,8,8,20Minuten,42.24761489705007
vamp_core_tsv_r8_scale03_repair005,f6efd136ccfdc34cc5e3b54607f1802f063a986aa0c678d5c8b92e7da2d34457,test,frozen_prompt_centroid,8,8,20Minuten,38.60830659708886
vamp_core_tsv_r8_scale03_repair005,f6efd136ccfdc34cc5e3b54607f1802f063a986aa0c678d5c8b92e7da2d34457,test,prompt_nll,8,8,20Minuten,37.07568987301386
vamp_core_tsv_r8_scale03_repair005,f6efd136ccfdc34cc5e3b54607f1802f063a986aa0c678d5c8b92e7da2d34457,test,task_aware,8,8,20Minuten,38.90457439180993
vamp_core_tsv_r8_scale03_repair005,f6efd136ccfdc34cc5e3b54607f1802f063a986aa0c678d5c8b92e7da2d34457,validation,answer_oracle,8,8,20Minuten,42.06533583883362
vamp_core_tsv_r8_scale03_repair005,f6efd136ccfdc34cc5e3b54607f1802f063a986aa0c678d5c8b92e7da2d34457,validation,frozen_prompt_centroid,8,8,20Minuten,38.428247257052014
vamp_core_tsv_r8_scale03_repair005,f6efd136ccfdc34cc5e3b54607f1802f063a986aa0c678d5c8b92e7da2d34457,validation,prompt_nll,8,8,20Minuten,37.24485284582161
vamp_core_tsv_r8_scale03_repair005,f6efd136ccfdc34cc5e3b54607f1802f063a986aa0c678d5c8b92e7da2d34457,validation,task_aware,8,8,20Minuten,39.14089297342707
vamp_core_tsv_r8_scale03_repair005,f6efd136ccfdc34cc5e3b54607f1802f063a986aa0c678d5c8b92e7da2d34457,test,answer_oracle,8,1,C-STANCE,47.0
vamp_core_tsv_r8_scale03_repair005,f6efd136ccfdc34cc5e3b54607f1802f063a986aa0c678d5c8b92e7da2d34457,test,frozen_prompt_centroid,8,1,C-STANCE,40.0
vamp_core_tsv_r8_scale03_repair005,f6efd136ccfdc34cc5e3b54607f1802f063a986aa0c678d5c8b92e7da2d34457,test,prompt_nll,8,1,C-STANCE,33.0
vamp_core_tsv_r8_scale03_repair005,f6efd136ccfdc34cc5e3b54607f1802f063a986aa0c678d5c8b92e7da2d34457,test,task_aware,8,1,C-STANCE,40.0
vamp_core_tsv_r8_scale03_repair005,f6efd136ccfdc34cc5e3b54607f1802f063a986aa0c678d5c8b92e7da2d34457,validation,answer_oracle,8,1,C-STANCE,42.0
vamp_core_tsv_r8_scale03_repair005,f6efd136ccfdc34cc5e3b54607f1802f063a986aa0c678d5c8b92e7da2d34457,validation,frozen_prompt_centroid,8,1,C-STANCE,33.0
vamp_core_tsv_r8_scale03_repair005,f6efd136ccfdc34cc5e3b54607f1802f063a986aa0c678d5c8b92e7da2d34457,validation,prompt_nll,8,1,C-STANCE,22.0
vamp_core_tsv_r8_scale03_repair005,f6efd136ccfdc34cc5e3b54607f1802f063a986aa0c678d5c8b92e7da2d34457,validation,task_aware,8,1,C-STANCE,33.0
vamp_core_tsv_r8_scale03_repair005,f6efd136ccfdc34cc5e3b54607f1802f063a986aa0c678d5c8b92e7da2d34457,test,answer_oracle,8,2,FOMC,8.0
vamp_core_tsv_r8_scale03_repair005,f6efd136ccfdc34cc5e3b54607f1802f063a986aa0c678d5c8b92e7da2d34457,test,frozen_prompt_centroid,8,2,FOMC,0.0
vamp_core_tsv_r8_scale03_repair005,f6efd136ccfdc34cc5e3b54607f1802f063a986aa0c678d5c8b92e7da2d34457,test,prompt_nll,8,2,FOMC,2.0
vamp_core_tsv_r8_scale03_repair005,f6efd136ccfdc34cc5e3b54607f1802f063a986aa0c678d5c8b92e7da2d34457,test,task_aware,8,2,FOMC,8.0
vamp_core_tsv_r8_scale03_repair005,f6efd136ccfdc34cc5e3b54607f1802f063a986aa0c678d5c8b92e7da2d34457,validation,answer_oracle,8,2,FOMC,17.0
vamp_core_tsv_r8_scale03_repair005,f6efd136ccfdc34cc5e3b54607f1802f063a986aa0c678d5c8b92e7da2d34457,validation,frozen_prompt_centroid,8,2,FOMC,0.0
vamp_core_tsv_r8_scale03_repair005,f6efd136ccfdc34cc5e3b54607f1802f063a986aa0c678d5c8b92e7da2d34457,validation,prompt_nll,8,2,FOMC,4.0
vamp_core_tsv_r8_scale03_repair005,f6efd136ccfdc34cc5e3b54607f1802f063a986aa0c678d5c8b92e7da2d34457,validation,task_aware,8,2,FOMC,17.0
vamp_core_tsv_r8_scale03_repair005,f6efd136ccfdc34cc5e3b54607f1802f063a986aa0c678d5c8b92e7da2d34457,test,answer_oracle,8,3,MeetingBank,24.367412112931913
vamp_core_tsv_r8_scale03_repair005,f6efd136ccfdc34cc5e3b54607f1802f063a986aa0c678d5c8b92e7da2d34457,test,frozen_prompt_centroid,8,3,MeetingBank,18.120883822515673
vamp_core_tsv_r8_scale03_repair005,f6efd136ccfdc34cc5e3b54607f1802f063a986aa0c678d5c8b92e7da2d34457,test,prompt_nll,8,3,MeetingBank,18.480794467029444
vamp_core_tsv_r8_scale03_repair005,f6efd136ccfdc34cc5e3b54607f1802f063a986aa0c678d5c8b92e7da2d34457,test,task_aware,8,3,MeetingBank,18.264282293097565
vamp_core_tsv_r8_scale03_repair005,f6efd136ccfdc34cc5e3b54607f1802f063a986aa0c678d5c8b92e7da2d34457,validation,answer_oracle,8,3,MeetingBank,22.3353558151801
vamp_core_tsv_r8_scale03_repair005,f6efd136ccfdc34cc5e3b54607f1802f063a986aa0c678d5c8b92e7da2d34457,validation,frozen_prompt_centroid,8,3,MeetingBank,17.313941997094226
vamp_core_tsv_r8_scale03_repair005,f6efd136ccfdc34cc5e3b54607f1802f063a986aa0c678d5c8b92e7da2d34457,validation,prompt_nll,8,3,MeetingBank,17.723979202892362
vamp_core_tsv_r8_scale03_repair005,f6efd136ccfdc34cc5e3b54607f1802f063a986aa0c678d5c8b92e7da2d34457,validation,task_aware,8,3,MeetingBank,17.698163430231332
vamp_core_tsv_r8_scale03_repair005,f6efd136ccfdc34cc5e3b54607f1802f063a986aa0c678d5c8b92e7da2d34457,test,answer_oracle,8,6,NumGLUE-cm,11.11111111111111
vamp_core_tsv_r8_scale03_repair005,f6efd136ccfdc34cc5e3b54607f1802f063a986aa0c678d5c8b92e7da2d34457,test,frozen_prompt_centroid,8,6,NumGLUE-cm,9.876543209876543
vamp_core_tsv_r8_scale03_repair005,f6efd136ccfdc34cc5e3b54607f1802f063a986aa0c678d5c8b92e7da2d34457,test,prompt_nll,8,6,NumGLUE-cm,7.407407407407407
vamp_core_tsv_r8_scale03_repair005,f6efd136ccfdc34cc5e3b54607f1802f063a986aa0c678d5c8b92e7da2d34457,test,task_aware,8,6,NumGLUE-cm,9.876543209876543
vamp_core_tsv_r8_scale03_repair005,f6efd136ccfdc34cc5e3b54607f1802f063a986aa0c678d5c8b92e7da2d34457,validation,answer_oracle,8,6,NumGLUE-cm,21.951219512195124
vamp_core_tsv_r8_scale03_repair005,f6efd136ccfdc34cc5e3b54607f1802f063a986aa0c678d5c8b92e7da2d34457,validation,frozen_prompt_centroid,8,6,NumGLUE-cm,17.073170731707318
vamp_core_tsv_r8_scale03_repair005,f6efd136ccfdc34cc5e3b54607f1802f063a986aa0c678d5c8b92e7da2d34457,validation,prompt_nll,8,6,NumGLUE-cm,12.195121951219512
vamp_core_tsv_r8_scale03_repair005,f6efd136ccfdc34cc5e3b54607f1802f063a986aa0c678d5c8b92e7da2d34457,validation,task_aware,8,6,NumGLUE-cm,17.073170731707318
vamp_core_tsv_r8_scale03_repair005,f6efd136ccfdc34cc5e3b54607f1802f063a986aa0c678d5c8b92e7da2d34457,test,answer_oracle,8,7,NumGLUE-ds,38.0
vamp_core_tsv_r8_scale03_repair005,f6efd136ccfdc34cc5e3b54607f1802f063a986aa0c678d5c8b92e7da2d34457,test,frozen_prompt_centroid,8,7,NumGLUE-ds,36.0
vamp_core_tsv_r8_scale03_repair005,f6efd136ccfdc34cc5e3b54607f1802f063a986aa0c678d5c8b92e7da2d34457,test,prompt_nll,8,7,NumGLUE-ds,19.0
vamp_core_tsv_r8_scale03_repair005,f6efd136ccfdc34cc5e3b54607f1802f063a986aa0c678d5c8b92e7da2d34457,test,task_aware,8,7,NumGLUE-ds,36.0
vamp_core_tsv_r8_scale03_repair005,f6efd136ccfdc34cc5e3b54607f1802f063a986aa0c678d5c8b92e7da2d34457,validation,answer_oracle,8,7,NumGLUE-ds,32.0
vamp_core_tsv_r8_scale03_repair005,f6efd136ccfdc34cc5e3b54607f1802f063a986aa0c678d5c8b92e7da2d34457,validation,frozen_prompt_centroid,8,7,NumGLUE-ds,24.0
vamp_core_tsv_r8_scale03_repair005,f6efd136ccfdc34cc5e3b54607f1802f063a986aa0c678d5c8b92e7da2d34457,validation,prompt_nll,8,7,NumGLUE-ds,14.0
vamp_core_tsv_r8_scale03_repair005,f6efd136ccfdc34cc5e3b54607f1802f063a986aa0c678d5c8b92e7da2d34457,validation,task_aware,8,7,NumGLUE-ds,27.0
vamp_core_tsv_r8_scale03_repair005,f6efd136ccfdc34cc5e3b54607f1802f063a986aa0c678d5c8b92e7da2d34457,test,answer_oracle,8,4,Py150,5.22
vamp_core_tsv_r8_scale03_repair005,f6efd136ccfdc34cc5e3b54607f1802f063a986aa0c678d5c8b92e7da2d34457,test,frozen_prompt_centroid,8,4,Py150,4.46
vamp_core_tsv_r8_scale03_repair005,f6efd136ccfdc34cc5e3b54607f1802f063a986aa0c678d5c8b92e7da2d34457,test,prompt_nll,8,4,Py150,4.48
vamp_core_tsv_r8_scale03_repair005,f6efd136ccfdc34cc5e3b54607f1802f063a986aa0c678d5c8b92e7da2d34457,test,task_aware,8,4,Py150,3.81
vamp_core_tsv_r8_scale03_repair005,f6efd136ccfdc34cc5e3b54607f1802f063a986aa0c678d5c8b92e7da2d34457,validation,answer_oracle,8,4,Py150,4.77
vamp_core_tsv_r8_scale03_repair005,f6efd136ccfdc34cc5e3b54607f1802f063a986aa0c678d5c8b92e7da2d34457,validation,frozen_prompt_centroid,8,4,Py150,4.01
vamp_core_tsv_r8_scale03_repair005,f6efd136ccfdc34cc5e3b54607f1802f063a986aa0c678d5c8b92e7da2d34457,validation,prompt_nll,8,4,Py150,4.06
vamp_core_tsv_r8_scale03_repair005,f6efd136ccfdc34cc5e3b54607f1802f063a986aa0c678d5c8b92e7da2d34457,validation,task_aware,8,4,Py150,4.09
vamp_core_tsv_r8_scale03_repair005,f6efd136ccfdc34cc5e3b54607f1802f063a986aa0c678d5c8b92e7da2d34457,test,answer_oracle,8,5,ScienceQA,81.0
vamp_core_tsv_r8_scale03_repair005,f6efd136ccfdc34cc5e3b54607f1802f063a986aa0c678d5c8b92e7da2d34457,test,frozen_prompt_centroid,8,5,ScienceQA,66.0
vamp_core_tsv_r8_scale03_repair005,f6efd136ccfdc34cc5e3b54607f1802f063a986aa0c678d5c8b92e7da2d34457,test,prompt_nll,8,5,ScienceQA,66.0
vamp_core_tsv_r8_scale03_repair005,f6efd136ccfdc34cc5e3b54607f1802f063a986aa0c678d5c8b92e7da2d34457,test,task_aware,8,5,ScienceQA,67.0
vamp_core_tsv_r8_scale03_repair005,f6efd136ccfdc34cc5e3b54607f1802f063a986aa0c678d5c8b92e7da2d34457,validation,answer_oracle,8,5,ScienceQA,87.0
vamp_core_tsv_r8_scale03_repair005,f6efd136ccfdc34cc5e3b54607f1802f063a986aa0c678d5c8b92e7da2d34457,validation,frozen_prompt_centroid,8,5,ScienceQA,76.0
vamp_core_tsv_r8_scale03_repair005,f6efd136ccfdc34cc5e3b54607f1802f063a986aa0c678d5c8b92e7da2d34457,validation,prompt_nll,8,5,ScienceQA,73.0
vamp_core_tsv_r8_scale03_repair005,f6efd136ccfdc34cc5e3b54607f1802f063a986aa0c678d5c8b92e7da2d34457,validation,task_aware,8,5,ScienceQA,76.0
frozen_base,,test,direct,8,8,20Minuten,36.92390349112025
frozen_base,,test,direct,8,1,C-STANCE,0.0
frozen_base,,test,direct,8,2,FOMC,0.0
frozen_base,,test,direct,8,3,MeetingBank,18.120883822515673
frozen_base,,test,direct,8,6,NumGLUE-cm,6.172839506172839
frozen_base,,test,direct,8,7,NumGLUE-ds,16.0
frozen_base,,test,direct,8,4,Py150,3.96
frozen_base,,test,direct,8,5,ScienceQA,66.0
joint_iid_lora,,test,direct,8,8,20Minuten,38.00090949701177
joint_iid_lora,,test,direct,8,1,C-STANCE,50.0
joint_iid_lora,,test,direct,8,2,FOMC,36.0
joint_iid_lora,,test,direct,8,3,MeetingBank,32.83533271302798
joint_iid_lora,,test,direct,8,6,NumGLUE-cm,44.44444444444444
joint_iid_lora,,test,direct,8,7,NumGLUE-ds,55.0
joint_iid_lora,,test,direct,8,4,Py150,53.74
joint_iid_lora,,test,direct,8,5,ScienceQA,68.0
seq_lora_40,,test,direct,1,1,C-STANCE,47.0
seq_lora_40,,test,direct,2,1,C-STANCE,32.0
seq_lora_40,,test,direct,2,2,FOMC,33.0
seq_lora_40,,test,direct,3,1,C-STANCE,33.0
seq_lora_40,,test,direct,3,2,FOMC,39.0
seq_lora_40,,test,direct,3,3,MeetingBank,29.812437482450843
seq_lora_40,,test,direct,4,1,C-STANCE,24.0
seq_lora_40,,test,direct,4,2,FOMC,13.0
seq_lora_40,,test,direct,4,3,MeetingBank,14.928959231253693
seq_lora_40,,test,direct,4,4,Py150,51.79
seq_lora_40,,test,direct,5,1,C-STANCE,27.0
seq_lora_40,,test,direct,5,2,FOMC,9.0
seq_lora_40,,test,direct,5,3,MeetingBank,23.716321034521915
seq_lora_40,,test,direct,5,4,Py150,41.92
seq_lora_40,,test,direct,5,5,ScienceQA,63.0
seq_lora_40,,test,direct,6,1,C-STANCE,29.0
seq_lora_40,,test,direct,6,2,FOMC,0.0
seq_lora_40,,test,direct,6,3,MeetingBank,9.487216357213672
seq_lora_40,,test,direct,6,6,NumGLUE-cm,39.50617283950617
seq_lora_40,,test,direct,6,4,Py150,47.24
seq_lora_40,,test,direct,6,5,ScienceQA,43.0
seq_lora_40,,test,direct,7,1,C-STANCE,34.0
seq_lora_40,,test,direct,7,2,FOMC,0.0
seq_lora_40,,test,direct,7,3,MeetingBank,8.524445879270754
seq_lora_40,,test,direct,7,6,NumGLUE-cm,18.51851851851852
seq_lora_40,,test,direct,7,7,NumGLUE-ds,50.0
seq_lora_40,,test,direct,7,4,Py150,43.71
seq_lora_40,,test,direct,7,5,ScienceQA,12.0
seq_lora_40,,test,direct,8,8,20Minuten,39.45081792729983
seq_lora_40,,test,direct,8,1,C-STANCE,38.0
seq_lora_40,,test,direct,8,2,FOMC,1.0
seq_lora_40,,test,direct,8,3,MeetingBank,17.58344726368387
seq_lora_40,,test,direct,8,6,NumGLUE-cm,19.753086419753085
seq_lora_40,,test,direct,8,7,NumGLUE-ds,44.0
seq_lora_40,,test,direct,8,4,Py150,29.51
seq_lora_40,,test,direct,8,5,ScienceQA,51.0
seq_lora_reference,,test,direct,1,1,C-STANCE,54.0
seq_lora_reference,,test,direct,2,1,C-STANCE,49.0
seq_lora_reference,,test,direct,2,2,FOMC,24.0
seq_lora_reference,,test,direct,3,1,C-STANCE,34.0
seq_lora_reference,,test,direct,3,2,FOMC,25.0
seq_lora_reference,,test,direct,3,3,MeetingBank,33.17127069590165
seq_lora_reference,,test,direct,4,1,C-STANCE,4.0
seq_lora_reference,,test,direct,4,2,FOMC,7.0
seq_lora_reference,,test,direct,4,3,MeetingBank,14.956547047236752
seq_lora_reference,,test,direct,4,4,Py150,55.27
seq_lora_reference,,test,direct,5,1,C-STANCE,47.0
seq_lora_reference,,test,direct,5,2,FOMC,26.0
seq_lora_reference,,test,direct,5,3,MeetingBank,22.405012868374687
seq_lora_reference,,test,direct,5,4,Py150,40.79
seq_lora_reference,,test,direct,5,5,ScienceQA,62.0
seq_lora_reference,,test,direct,6,1,C-STANCE,44.0
seq_lora_reference,,test,direct,6,2,FOMC,41.0
seq_lora_reference,,test,direct,6,3,MeetingBank,18.657109598709727
seq_lora_reference,,test,direct,6,6,NumGLUE-cm,38.27160493827161
seq_lora_reference,,test,direct,6,4,Py150,38.62
seq_lora_reference,,test,direct,6,5,ScienceQA,51.0
seq_lora_reference,,test,direct,7,1,C-STANCE,42.0
seq_lora_reference,,test,direct,7,2,FOMC,21.0
seq_lora_reference,,test,direct,7,3,MeetingBank,12.514424354695183
seq_lora_reference,,test,direct,7,6,NumGLUE-cm,25.925925925925927
seq_lora_reference,,test,direct,7,7,NumGLUE-ds,53.0
seq_lora_reference,,test,direct,7,4,Py150,44.31
seq_lora_reference,,test,direct,7,5,ScienceQA,57.0
seq_lora_reference,,test,direct,8,8,20Minuten,38.914525486893794
seq_lora_reference,,test,direct,8,1,C-STANCE,36.0
seq_lora_reference,,test,direct,8,2,FOMC,26.0
seq_lora_reference,,test,direct,8,3,MeetingBank,18.296858366022555
seq_lora_reference,,test,direct,8,6,NumGLUE-cm,27.160493827160494
seq_lora_reference,,test,direct,8,7,NumGLUE-ds,44.0
seq_lora_reference,,test,direct,8,4,Py150,26.4
seq_lora_reference,,test,direct,8,5,ScienceQA,56.0
taskwise_lora,,test,direct,8,8,20Minuten,40.931818829111094
taskwise_lora,,test,direct,8,1,C-STANCE,50.0
taskwise_lora,,test,direct,8,2,FOMC,23.0
taskwise_lora,,test,direct,8,3,MeetingBank,34.91551971616959
taskwise_lora,,test,direct,8,6,NumGLUE-cm,44.44444444444444
taskwise_lora,,test,direct,8,7,NumGLUE-ds,56.0
taskwise_lora,,test,direct,8,4,Py150,53.16
taskwise_lora,,test,direct,8,5,ScienceQA,60.0
