accuracy,condition,partition,stage,task
96.85039520263672,static__example_uniform__carry,fit_population,31,1
97.71689772605896,static__example_uniform__carry,fit_population,31,10
96.20253443717957,static__example_uniform__carry,fit_population,31,11
96.19565010070801,static__example_uniform__carry,fit_population,31,12
97.79950976371765,static__example_uniform__carry,fit_population,31,13
97.85714149475098,static__example_uniform__carry,fit_population,31,14
97.04301357269287,static__example_uniform__carry,fit_population,31,15
97.39952683448792,static__example_uniform__carry,fit_population,31,16
96.9924807548523,static__example_uniform__carry,fit_population,31,17
95.56213021278381,static__example_uniform__carry,fit_population,31,18
97.1098244190216,static__example_uniform__carry,fit_population,31,19
97.33009934425354,static__example_uniform__carry,fit_population,31,2
95.67901492118835,static__example_uniform__carry,fit_population,31,20
94.38444972038269,static__example_uniform__carry,fit_population,31,21
96.09375,static__example_uniform__carry,fit_population,31,22
95.18716335296631,static__example_uniform__carry,fit_population,31,23
95.6204354763031,static__example_uniform__carry,fit_population,31,24
95.14563083648682,static__example_uniform__carry,fit_population,31,25
94.16243433952332,static__example_uniform__carry,fit_population,31,26
93.87186765670776,static__example_uniform__carry,fit_population,31,27
96.59442901611328,static__example_uniform__carry,fit_population,31,28
95.05494236946106,static__example_uniform__carry,fit_population,31,29
97.22814559936523,static__example_uniform__carry,fit_population,31,3
94.89051103591919,static__example_uniform__carry,fit_population,31,30
93.18801164627075,static__example_uniform__carry,fit_population,31,31
97.52212166786194,static__example_uniform__carry,fit_population,31,4
96.36803865432739,static__example_uniform__carry,fit_population,31,5
96.89922332763672,static__example_uniform__carry,fit_population,31,6
97.56097793579102,static__example_uniform__carry,fit_population,31,7
96.96261882781982,static__example_uniform__carry,fit_population,31,8
96.69811129570007,static__example_uniform__carry,fit_population,31,9
86.17021441459656,static__example_uniform__carry,validation,31,1
87.15596199035645,static__example_uniform__carry,validation,31,10
83.54430198669434,static__example_uniform__carry,validation,31,11
83.87096524238586,static__example_uniform__carry,validation,31,12
86.27451062202454,static__example_uniform__carry,validation,31,13
91.50943160057068,static__example_uniform__carry,validation,31,14
81.72042965888977,static__example_uniform__carry,validation,31,15
78.30188870429993,static__example_uniform__carry,validation,31,16
75.75757503509521,static__example_uniform__carry,validation,31,17
76.47058963775635,static__example_uniform__carry,validation,31,18
77.01149582862854,static__example_uniform__carry,validation,31,19
85.29411554336548,static__example_uniform__carry,validation,31,2
79.2682945728302,static__example_uniform__carry,validation,31,20
78.44827771186829,static__example_uniform__carry,validation,31,21
72.91666865348816,static__example_uniform__carry,validation,31,22
80.85106611251831,static__example_uniform__carry,validation,31,23
75.71428418159485,static__example_uniform__carry,validation,31,24
66.03773832321167,static__example_uniform__carry,validation,31,25
69.69696879386902,static__example_uniform__carry,validation,31,26
73.62637519836426,static__example_uniform__carry,validation,31,27
79.0123462677002,static__example_uniform__carry,validation,31,28
77.173912525177,static__example_uniform__carry,validation,31,29
89.74359035491943,static__example_uniform__carry,validation,31,3
80.70175647735596,static__example_uniform__carry,validation,31,30
83.51648449897766,static__example_uniform__carry,validation,31,31
83.4532380104065,static__example_uniform__carry,validation,31,4
82.52426981925964,static__example_uniform__carry,validation,31,5
87.36842274665833,static__example_uniform__carry,validation,31,6
86.95651888847351,static__example_uniform__carry,validation,31,7
88.78504633903503,static__example_uniform__carry,validation,31,8
80.0000011920929,static__example_uniform__carry,validation,31,9
97.63779640197754,static__example_uniform__reset_each_stage,fit_population,31,1
98.63013625144958,static__example_uniform__reset_each_stage,fit_population,31,10
97.15189933776855,static__example_uniform__reset_each_stage,fit_population,31,11
97.0108687877655,static__example_uniform__reset_each_stage,fit_population,31,12
98.0440080165863,static__example_uniform__reset_each_stage,fit_population,31,13
97.6190447807312,static__example_uniform__reset_each_stage,fit_population,31,14
98.11828136444092,static__example_uniform__reset_each_stage,fit_population,31,15
97.39952683448792,static__example_uniform__reset_each_stage,fit_population,31,16
96.9924807548523,static__example_uniform__reset_each_stage,fit_population,31,17
95.2662706375122,static__example_uniform__reset_each_stage,fit_population,31,18
95.95375657081604,static__example_uniform__reset_each_stage,fit_population,31,19
97.57281541824341,static__example_uniform__reset_each_stage,fit_population,31,2
94.44444179534912,static__example_uniform__reset_each_stage,fit_population,31,20
94.38444972038269,static__example_uniform__reset_each_stage,fit_population,31,21
96.35416865348816,static__example_uniform__reset_each_stage,fit_population,31,22
93.85026693344116,static__example_uniform__reset_each_stage,fit_population,31,23
95.9854006767273,static__example_uniform__reset_each_stage,fit_population,31,24
91.26213788986206,static__example_uniform__reset_each_stage,fit_population,31,25
94.92385983467102,static__example_uniform__reset_each_stage,fit_population,31,26
91.64345264434814,static__example_uniform__reset_each_stage,fit_population,31,27
95.35603523254395,static__example_uniform__reset_each_stage,fit_population,31,28
90.38461446762085,static__example_uniform__reset_each_stage,fit_population,31,29
96.8017041683197,static__example_uniform__reset_each_stage,fit_population,31,3
89.78102207183838,static__example_uniform__reset_each_stage,fit_population,31,30
87.19345927238464,static__example_uniform__reset_each_stage,fit_population,31,31
98.93805384635925,static__example_uniform__reset_each_stage,fit_population,31,4
97.57869243621826,static__example_uniform__reset_each_stage,fit_population,31,5
97.67441749572754,static__example_uniform__reset_each_stage,fit_population,31,6
97.01896905899048,static__example_uniform__reset_each_stage,fit_population,31,7
97.42990732192993,static__example_uniform__reset_each_stage,fit_population,31,8
95.99056839942932,static__example_uniform__reset_each_stage,fit_population,31,9
88.29787373542786,static__example_uniform__reset_each_stage,validation,31,1
90.82568883895874,static__example_uniform__reset_each_stage,validation,31,10
82.27847814559937,static__example_uniform__reset_each_stage,validation,31,11
80.64516186714172,static__example_uniform__reset_each_stage,validation,31,12
85.29411554336548,static__example_uniform__reset_each_stage,validation,31,13
90.56603908538818,static__example_uniform__reset_each_stage,validation,31,14
87.09677457809448,static__example_uniform__reset_each_stage,validation,31,15
76.41509175300598,static__example_uniform__reset_each_stage,validation,31,16
73.73737096786499,static__example_uniform__reset_each_stage,validation,31,17
77.64706015586853,static__example_uniform__reset_each_stage,validation,31,18
77.01149582862854,static__example_uniform__reset_each_stage,validation,31,19
82.35294222831726,static__example_uniform__reset_each_stage,validation,31,2
78.04877758026123,static__example_uniform__reset_each_stage,validation,31,20
81.03448152542114,static__example_uniform__reset_each_stage,validation,31,21
73.95833134651184,static__example_uniform__reset_each_stage,validation,31,22
74.46808218955994,static__example_uniform__reset_each_stage,validation,31,23
75.71428418159485,static__example_uniform__reset_each_stage,validation,31,24
71.69811129570007,static__example_uniform__reset_each_stage,validation,31,25
82.82828330993652,static__example_uniform__reset_each_stage,validation,31,26
74.72527623176575,static__example_uniform__reset_each_stage,validation,31,27
81.4814805984497,static__example_uniform__reset_each_stage,validation,31,28
68.478262424469,static__example_uniform__reset_each_stage,validation,31,29
86.32478713989258,static__example_uniform__reset_each_stage,validation,31,3
78.36257219314575,static__example_uniform__reset_each_stage,validation,31,30
78.02197933197021,static__example_uniform__reset_each_stage,validation,31,31
82.01438784599304,static__example_uniform__reset_each_stage,validation,31,4
77.66990065574646,static__example_uniform__reset_each_stage,validation,31,5
88.42105269432068,static__example_uniform__reset_each_stage,validation,31,6
84.78260636329651,static__example_uniform__reset_each_stage,validation,31,7
85.98130941390991,static__example_uniform__reset_each_stage,validation,31,8
80.0000011920929,static__example_uniform__reset_each_stage,validation,31,9
96.0629940032959,static__task_uniform__carry,fit_population,31,1
98.17351698875427,static__task_uniform__carry,fit_population,31,10
95.56962251663208,static__task_uniform__carry,fit_population,31,11
95.652174949646,static__task_uniform__carry,fit_population,31,12
96.57701849937439,static__task_uniform__carry,fit_population,31,13
95.95237970352173,static__task_uniform__carry,fit_population,31,14
97.8494644165039,static__task_uniform__carry,fit_population,31,15
96.92671298980713,static__task_uniform__carry,fit_population,31,16
96.49122953414917,static__task_uniform__carry,fit_population,31,17
95.56213021278381,static__task_uniform__carry,fit_population,31,18
91.0404622554779,static__task_uniform__carry,fit_population,31,19
97.81553149223328,static__task_uniform__carry,fit_population,31,2
96.29629850387573,static__task_uniform__carry,fit_population,31,20
95.46436071395874,static__task_uniform__carry,fit_population,31,21
97.91666865348816,static__task_uniform__carry,fit_population,31,22
93.58288645744324,static__task_uniform__carry,fit_population,31,23
95.9854006767273,static__task_uniform__carry,fit_population,31,24
97.0873773097992,static__task_uniform__carry,fit_population,31,25
96.44669890403748,static__task_uniform__carry,fit_population,31,26
95.54317593574524,static__task_uniform__carry,fit_population,31,27
97.83281683921814,static__task_uniform__carry,fit_population,31,28
94.7802186012268,static__task_uniform__carry,fit_population,31,29
96.16204500198364,static__task_uniform__carry,fit_population,31,3
90.94890356063843,static__task_uniform__carry,fit_population,31,30
92.09809303283691,static__task_uniform__carry,fit_population,31,31
97.52212166786194,static__task_uniform__carry,fit_population,31,4
97.57869243621826,static__task_uniform__carry,fit_population,31,5
97.15762138366699,static__task_uniform__carry,fit_population,31,6
96.47696614265442,static__task_uniform__carry,fit_population,31,7
96.96261882781982,static__task_uniform__carry,fit_population,31,8
96.93396091461182,static__task_uniform__carry,fit_population,31,9
87.2340440750122,static__task_uniform__carry,validation,31,1
88.07339668273926,static__task_uniform__carry,validation,31,10
78.48101258277893,static__task_uniform__carry,validation,31,11
88.17204236984253,static__task_uniform__carry,validation,31,12
88.23529481887817,static__task_uniform__carry,validation,31,13
90.56603908538818,static__task_uniform__carry,validation,31,14
89.24731016159058,static__task_uniform__carry,validation,31,15
82.07547068595886,static__task_uniform__carry,validation,31,16
72.72727489471436,static__task_uniform__carry,validation,31,17
76.47058963775635,static__task_uniform__carry,validation,31,18
70.11494040489197,static__task_uniform__carry,validation,31,19
84.3137264251709,static__task_uniform__carry,validation,31,2
78.04877758026123,static__task_uniform__carry,validation,31,20
74.13793206214905,static__task_uniform__carry,validation,31,21
71.875,static__task_uniform__carry,validation,31,22
73.40425252914429,static__task_uniform__carry,validation,31,23
77.14285850524902,static__task_uniform__carry,validation,31,24
69.8113203048706,static__task_uniform__carry,validation,31,25
74.7474730014801,static__task_uniform__carry,validation,31,26
75.82417726516724,static__task_uniform__carry,validation,31,27
83.95061492919922,static__task_uniform__carry,validation,31,28
73.9130437374115,static__task_uniform__carry,validation,31,29
88.88888955116272,static__task_uniform__carry,validation,31,3
78.36257219314575,static__task_uniform__carry,validation,31,30
82.41758346557617,static__task_uniform__carry,validation,31,31
85.61151027679443,static__task_uniform__carry,validation,31,4
82.52426981925964,static__task_uniform__carry,validation,31,5
86.3157868385315,static__task_uniform__carry,validation,31,6
88.04348111152649,static__task_uniform__carry,validation,31,7
89.71962332725525,static__task_uniform__carry,validation,31,8
80.95238208770752,static__task_uniform__carry,validation,31,9
97.11285829544067,static__task_uniform__reset_each_stage,fit_population,31,1
97.03196287155151,static__task_uniform__reset_each_stage,fit_population,31,10
97.46835231781006,static__task_uniform__reset_each_stage,fit_population,31,11
97.0108687877655,static__task_uniform__reset_each_stage,fit_population,31,12
96.57701849937439,static__task_uniform__reset_each_stage,fit_population,31,13
97.14285731315613,static__task_uniform__reset_each_stage,fit_population,31,14
98.65591526031494,static__task_uniform__reset_each_stage,fit_population,31,15
98.10874462127686,static__task_uniform__reset_each_stage,fit_population,31,16
97.99498915672302,static__task_uniform__reset_each_stage,fit_population,31,17
96.44970297813416,static__task_uniform__reset_each_stage,fit_population,31,18
95.37572264671326,static__task_uniform__reset_each_stage,fit_population,31,19
98.54369163513184,static__task_uniform__reset_each_stage,fit_population,31,2
94.75308656692505,static__task_uniform__reset_each_stage,fit_population,31,20
94.38444972038269,static__task_uniform__reset_each_stage,fit_population,31,21
97.39583134651184,static__task_uniform__reset_each_stage,fit_population,31,22
94.11764740943909,static__task_uniform__reset_each_stage,fit_population,31,23
96.35036587715149,static__task_uniform__reset_each_stage,fit_population,31,24
94.17475461959839,static__task_uniform__reset_each_stage,fit_population,31,25
92.63959527015686,static__task_uniform__reset_each_stage,fit_population,31,26
93.87186765670776,static__task_uniform__reset_each_stage,fit_population,31,27
96.28483057022095,static__task_uniform__reset_each_stage,fit_population,31,28
89.83516693115234,static__task_uniform__reset_each_stage,fit_population,31,29
97.65458703041077,static__task_uniform__reset_each_stage,fit_population,31,3
85.83941459655762,static__task_uniform__reset_each_stage,fit_population,31,30
84.74114537239075,static__task_uniform__reset_each_stage,fit_population,31,31
98.2300877571106,static__task_uniform__reset_each_stage,fit_population,31,4
97.82082438468933,static__task_uniform__reset_each_stage,fit_population,31,5
97.15762138366699,static__task_uniform__reset_each_stage,fit_population,31,6
97.56097793579102,static__task_uniform__reset_each_stage,fit_population,31,7
97.19626307487488,static__task_uniform__reset_each_stage,fit_population,31,8
96.69811129570007,static__task_uniform__reset_each_stage,fit_population,31,9
85.10638475418091,static__task_uniform__reset_each_stage,validation,31,1
85.3210985660553,static__task_uniform__reset_each_stage,validation,31,10
82.27847814559937,static__task_uniform__reset_each_stage,validation,31,11
84.94623899459839,static__task_uniform__reset_each_stage,validation,31,12
87.25489974021912,static__task_uniform__reset_each_stage,validation,31,13
88.67924809455872,static__task_uniform__reset_each_stage,validation,31,14
88.17204236984253,static__task_uniform__reset_each_stage,validation,31,15
80.1886796951294,static__task_uniform__reset_each_stage,validation,31,16
77.77777910232544,static__task_uniform__reset_each_stage,validation,31,17
76.47058963775635,static__task_uniform__reset_each_stage,validation,31,18
74.71264600753784,static__task_uniform__reset_each_stage,validation,31,19
85.29411554336548,static__task_uniform__reset_each_stage,validation,31,2
79.2682945728302,static__task_uniform__reset_each_stage,validation,31,20
81.03448152542114,static__task_uniform__reset_each_stage,validation,31,21
77.08333134651184,static__task_uniform__reset_each_stage,validation,31,22
71.27659320831299,static__task_uniform__reset_each_stage,validation,31,23
80.0000011920929,static__task_uniform__reset_each_stage,validation,31,24
75.47169923782349,static__task_uniform__reset_each_stage,validation,31,25
76.76767706871033,static__task_uniform__reset_each_stage,validation,31,26
79.1208803653717,static__task_uniform__reset_each_stage,validation,31,27
82.71604776382446,static__task_uniform__reset_each_stage,validation,31,28
77.173912525177,static__task_uniform__reset_each_stage,validation,31,29
88.034188747406,static__task_uniform__reset_each_stage,validation,31,3
78.94737124443054,static__task_uniform__reset_each_stage,validation,31,30
75.82417726516724,static__task_uniform__reset_each_stage,validation,31,31
82.01438784599304,static__task_uniform__reset_each_stage,validation,31,4
82.52426981925964,static__task_uniform__reset_each_stage,validation,31,5
86.3157868385315,static__task_uniform__reset_each_stage,validation,31,6
86.95651888847351,static__task_uniform__reset_each_stage,validation,31,7
88.78504633903503,static__task_uniform__reset_each_stage,validation,31,8
85.71428656578064,static__task_uniform__reset_each_stage,validation,31,9
98.95012974739075,rotating__example_uniform__carry,fit_population,31,1
99.0867555141449,rotating__example_uniform__carry,fit_population,31,10
99.36708807945251,rotating__example_uniform__carry,fit_population,31,11
98.9130437374115,rotating__example_uniform__carry,fit_population,31,12
98.77750873565674,rotating__example_uniform__carry,fit_population,31,13
98.8095223903656,rotating__example_uniform__carry,fit_population,31,14
99.46236610412598,rotating__example_uniform__carry,fit_population,31,15
98.58155846595764,rotating__example_uniform__carry,fit_population,31,16
99.24812316894531,rotating__example_uniform__carry,fit_population,31,17
99.11242723464966,rotating__example_uniform__carry,fit_population,31,18
97.97688126564026,rotating__example_uniform__carry,fit_population,31,19
98.54369163513184,rotating__example_uniform__carry,fit_population,31,2
97.83950448036194,rotating__example_uniform__carry,fit_population,31,20
98.70410561561584,rotating__example_uniform__carry,fit_population,31,21
98.95833134651184,rotating__example_uniform__carry,fit_population,31,22
98.66310358047485,rotating__example_uniform__carry,fit_population,31,23
97.81022071838379,rotating__example_uniform__carry,fit_population,31,24
98.54369163513184,rotating__example_uniform__carry,fit_population,31,25
95.68527936935425,rotating__example_uniform__carry,fit_population,31,26
95.54317593574524,rotating__example_uniform__carry,fit_population,31,27
93.49845051765442,rotating__example_uniform__carry,fit_population,31,28
93.40659379959106,rotating__example_uniform__carry,fit_population,31,29
99.14712309837341,rotating__example_uniform__carry,fit_population,31,3
93.284672498703,rotating__example_uniform__carry,fit_population,31,30
93.18801164627075,rotating__example_uniform__carry,fit_population,31,31
98.93805384635925,rotating__example_uniform__carry,fit_population,31,4
98.0629563331604,rotating__example_uniform__carry,fit_population,31,5
99.22480583190918,rotating__example_uniform__carry,fit_population,31,6
99.18699264526367,rotating__example_uniform__carry,fit_population,31,7
99.53271150588989,rotating__example_uniform__carry,fit_population,31,8
99.29245114326477,rotating__example_uniform__carry,fit_population,31,9
85.10638475418091,rotating__example_uniform__carry,validation,31,1
89.90825414657593,rotating__example_uniform__carry,validation,31,10
84.8101258277893,rotating__example_uniform__carry,validation,31,11
90.32257795333862,rotating__example_uniform__carry,validation,31,12
87.25489974021912,rotating__example_uniform__carry,validation,31,13
92.45283007621765,rotating__example_uniform__carry,validation,31,14
88.17204236984253,rotating__example_uniform__carry,validation,31,15
77.35849022865295,rotating__example_uniform__carry,validation,31,16
74.7474730014801,rotating__example_uniform__carry,validation,31,17
77.64706015586853,rotating__example_uniform__carry,validation,31,18
81.60919547080994,rotating__example_uniform__carry,validation,31,19
87.25489974021912,rotating__example_uniform__carry,validation,31,2
81.70731663703918,rotating__example_uniform__carry,validation,31,20
75.86206793785095,rotating__example_uniform__carry,validation,31,21
77.08333134651184,rotating__example_uniform__carry,validation,31,22
69.14893388748169,rotating__example_uniform__carry,validation,31,23
74.28571581840515,rotating__example_uniform__carry,validation,31,24
69.8113203048706,rotating__example_uniform__carry,validation,31,25
71.71717286109924,rotating__example_uniform__carry,validation,31,26
72.52747416496277,rotating__example_uniform__carry,validation,31,27
82.71604776382446,rotating__example_uniform__carry,validation,31,28
71.7391312122345,rotating__example_uniform__carry,validation,31,29
91.45299196243286,rotating__example_uniform__carry,validation,31,3
80.11695742607117,rotating__example_uniform__carry,validation,31,30
80.2197813987732,rotating__example_uniform__carry,validation,31,31
82.733815908432,rotating__example_uniform__carry,validation,31,4
81.5533995628357,rotating__example_uniform__carry,validation,31,5
87.36842274665833,rotating__example_uniform__carry,validation,31,6
89.13043737411499,rotating__example_uniform__carry,validation,31,7
87.85046935081482,rotating__example_uniform__carry,validation,31,8
81.90476298332214,rotating__example_uniform__carry,validation,31,9
98.42519760131836,rotating__example_uniform__reset_each_stage,fit_population,31,1
97.94520735740662,rotating__example_uniform__reset_each_stage,fit_population,31,10
99.05063509941101,rotating__example_uniform__reset_each_stage,fit_population,31,11
97.55434989929199,rotating__example_uniform__reset_each_stage,fit_population,31,12
99.02200698852539,rotating__example_uniform__reset_each_stage,fit_population,31,13
99.28571581840515,rotating__example_uniform__reset_each_stage,fit_population,31,14
98.92473220825195,rotating__example_uniform__reset_each_stage,fit_population,31,15
99.52718615531921,rotating__example_uniform__reset_each_stage,fit_population,31,16
99.24812316894531,rotating__example_uniform__reset_each_stage,fit_population,31,17
97.92899489402771,rotating__example_uniform__reset_each_stage,fit_population,31,18
94.79768872261047,rotating__example_uniform__reset_each_stage,fit_population,31,19
98.54369163513184,rotating__example_uniform__reset_each_stage,fit_population,31,2
97.83950448036194,rotating__example_uniform__reset_each_stage,fit_population,31,20
96.32829427719116,rotating__example_uniform__reset_each_stage,fit_population,31,21
98.95833134651184,rotating__example_uniform__reset_each_stage,fit_population,31,22
97.59358167648315,rotating__example_uniform__reset_each_stage,fit_population,31,23
95.6204354763031,rotating__example_uniform__reset_each_stage,fit_population,31,24
93.68932247161865,rotating__example_uniform__reset_each_stage,fit_population,31,25
94.16243433952332,rotating__example_uniform__reset_each_stage,fit_population,31,26
93.59331727027893,rotating__example_uniform__reset_each_stage,fit_population,31,27
92.5696611404419,rotating__example_uniform__reset_each_stage,fit_population,31,28
90.6593382358551,rotating__example_uniform__reset_each_stage,fit_population,31,29
99.36034083366394,rotating__example_uniform__reset_each_stage,fit_population,31,3
87.00730204582214,rotating__example_uniform__reset_each_stage,fit_population,31,30
87.46594190597534,rotating__example_uniform__reset_each_stage,fit_population,31,31
99.64601993560791,rotating__example_uniform__reset_each_stage,fit_population,31,4
98.54721426963806,rotating__example_uniform__reset_each_stage,fit_population,31,5
99.22480583190918,rotating__example_uniform__reset_each_stage,fit_population,31,6
99.45799708366394,rotating__example_uniform__reset_each_stage,fit_population,31,7
99.06542301177979,rotating__example_uniform__reset_each_stage,fit_population,31,8
99.52830076217651,rotating__example_uniform__reset_each_stage,fit_population,31,9
86.17021441459656,rotating__example_uniform__reset_each_stage,validation,31,1
91.74311757087708,rotating__example_uniform__reset_each_stage,validation,31,10
81.01266026496887,rotating__example_uniform__reset_each_stage,validation,31,11
82.79569745063782,rotating__example_uniform__reset_each_stage,validation,31,12
89.21568393707275,rotating__example_uniform__reset_each_stage,validation,31,13
89.62264060974121,rotating__example_uniform__reset_each_stage,validation,31,14
89.24731016159058,rotating__example_uniform__reset_each_stage,validation,31,15
82.07547068595886,rotating__example_uniform__reset_each_stage,validation,31,16
69.69696879386902,rotating__example_uniform__reset_each_stage,validation,31,17
80.0000011920929,rotating__example_uniform__reset_each_stage,validation,31,18
73.56321811676025,rotating__example_uniform__reset_each_stage,validation,31,19
81.3725471496582,rotating__example_uniform__reset_each_stage,validation,31,2
76.82926654815674,rotating__example_uniform__reset_each_stage,validation,31,20
81.8965494632721,rotating__example_uniform__reset_each_stage,validation,31,21
76.04166865348816,rotating__example_uniform__reset_each_stage,validation,31,22
76.59574747085571,rotating__example_uniform__reset_each_stage,validation,31,23
75.71428418159485,rotating__example_uniform__reset_each_stage,validation,31,24
73.58490824699402,rotating__example_uniform__reset_each_stage,validation,31,25
82.82828330993652,rotating__example_uniform__reset_each_stage,validation,31,26
81.31868243217468,rotating__example_uniform__reset_each_stage,validation,31,27
85.18518805503845,rotating__example_uniform__reset_each_stage,validation,31,28
67.3913061618805,rotating__example_uniform__reset_each_stage,validation,31,29
89.74359035491943,rotating__example_uniform__reset_each_stage,validation,31,3
77.19298005104065,rotating__example_uniform__reset_each_stage,validation,31,30
73.62637519836426,rotating__example_uniform__reset_each_stage,validation,31,31
83.4532380104065,rotating__example_uniform__reset_each_stage,validation,31,4
82.52426981925964,rotating__example_uniform__reset_each_stage,validation,31,5
86.3157868385315,rotating__example_uniform__reset_each_stage,validation,31,6
91.30434989929199,rotating__example_uniform__reset_each_stage,validation,31,7
84.112149477005,rotating__example_uniform__reset_each_stage,validation,31,8
84.76190567016602,rotating__example_uniform__reset_each_stage,validation,31,9
97.11285829544067,rotating__task_uniform__carry,fit_population,31,1
98.85844588279724,rotating__task_uniform__carry,fit_population,31,10
99.6835470199585,rotating__task_uniform__carry,fit_population,31,11
99.1847813129425,rotating__task_uniform__carry,fit_population,31,12
98.53300452232361,rotating__task_uniform__carry,fit_population,31,13
98.57142567634583,rotating__task_uniform__carry,fit_population,31,14
98.38709831237793,rotating__task_uniform__carry,fit_population,31,15
99.29078221321106,rotating__task_uniform__carry,fit_population,31,16
98.74686598777771,rotating__task_uniform__carry,fit_population,31,17
98.52070808410645,rotating__task_uniform__carry,fit_population,31,18
97.68785834312439,rotating__task_uniform__carry,fit_population,31,19
97.81553149223328,rotating__task_uniform__carry,fit_population,31,2
98.14814925193787,rotating__task_uniform__carry,fit_population,31,20
98.70410561561584,rotating__task_uniform__carry,fit_population,31,21
100.0,rotating__task_uniform__carry,fit_population,31,22
98.66310358047485,rotating__task_uniform__carry,fit_population,31,23
98.1751799583435,rotating__task_uniform__carry,fit_population,31,24
99.02912378311157,rotating__task_uniform__carry,fit_population,31,25
98.47715497016907,rotating__task_uniform__carry,fit_population,31,26
98.32869172096252,rotating__task_uniform__carry,fit_population,31,27
96.90402746200562,rotating__task_uniform__carry,fit_population,31,28
94.2307710647583,rotating__task_uniform__carry,fit_population,31,29
98.93389940261841,rotating__task_uniform__carry,fit_population,31,3
87.73722648620605,rotating__task_uniform__carry,fit_population,31,30
89.91825580596924,rotating__task_uniform__carry,fit_population,31,31
97.8761076927185,rotating__task_uniform__carry,fit_population,31,4
98.0629563331604,rotating__task_uniform__carry,fit_population,31,5
98.9664077758789,rotating__task_uniform__carry,fit_population,31,6
100.0,rotating__task_uniform__carry,fit_population,31,7
98.36448431015015,rotating__task_uniform__carry,fit_population,31,8
100.0,rotating__task_uniform__carry,fit_population,31,9
89.3617033958435,rotating__task_uniform__carry,validation,31,1
89.90825414657593,rotating__task_uniform__carry,validation,31,10
86.07594966888428,rotating__task_uniform__carry,validation,31,11
89.24731016159058,rotating__task_uniform__carry,validation,31,12
91.17646813392639,rotating__task_uniform__carry,validation,31,13
94.33962106704712,rotating__task_uniform__carry,validation,31,14
86.02150678634644,rotating__task_uniform__carry,validation,31,15
82.07547068595886,rotating__task_uniform__carry,validation,31,16
78.78788113594055,rotating__task_uniform__carry,validation,31,17
81.17647171020508,rotating__task_uniform__carry,validation,31,18
78.16091775894165,rotating__task_uniform__carry,validation,31,19
84.3137264251709,rotating__task_uniform__carry,validation,31,2
73.17073345184326,rotating__task_uniform__carry,validation,31,20
79.31034564971924,rotating__task_uniform__carry,validation,31,21
75.0,rotating__task_uniform__carry,validation,31,22
78.72340679168701,rotating__task_uniform__carry,validation,31,23
74.28571581840515,rotating__task_uniform__carry,validation,31,24
73.58490824699402,rotating__task_uniform__carry,validation,31,25
82.82828330993652,rotating__task_uniform__carry,validation,31,26
76.92307829856873,rotating__task_uniform__carry,validation,31,27
82.71604776382446,rotating__task_uniform__carry,validation,31,28
72.826087474823,rotating__task_uniform__carry,validation,31,29
89.74359035491943,rotating__task_uniform__carry,validation,31,3
78.94737124443054,rotating__task_uniform__carry,validation,31,30
79.1208803653717,rotating__task_uniform__carry,validation,31,31
84.17266011238098,rotating__task_uniform__carry,validation,31,4
81.5533995628357,rotating__task_uniform__carry,validation,31,5
87.36842274665833,rotating__task_uniform__carry,validation,31,6
88.04348111152649,rotating__task_uniform__carry,validation,31,7
91.58878326416016,rotating__task_uniform__carry,validation,31,8
84.76190567016602,rotating__task_uniform__carry,validation,31,9
98.42519760131836,rotating__task_uniform__reset_each_stage,fit_population,31,1
98.85844588279724,rotating__task_uniform__reset_each_stage,fit_population,31,10
99.36708807945251,rotating__task_uniform__reset_each_stage,fit_population,31,11
99.728262424469,rotating__task_uniform__reset_each_stage,fit_population,31,12
99.5110034942627,rotating__task_uniform__reset_each_stage,fit_population,31,13
99.28571581840515,rotating__task_uniform__reset_each_stage,fit_population,31,14
98.92473220825195,rotating__task_uniform__reset_each_stage,fit_population,31,15
99.29078221321106,rotating__task_uniform__reset_each_stage,fit_population,31,16
98.74686598777771,rotating__task_uniform__reset_each_stage,fit_population,31,17
97.04142212867737,rotating__task_uniform__reset_each_stage,fit_population,31,18
96.53179049491882,rotating__task_uniform__reset_each_stage,fit_population,31,19
99.02912378311157,rotating__task_uniform__reset_each_stage,fit_population,31,2
98.14814925193787,rotating__task_uniform__reset_each_stage,fit_population,31,20
96.97624444961548,rotating__task_uniform__reset_each_stage,fit_population,31,21
98.17708134651184,rotating__task_uniform__reset_each_stage,fit_population,31,22
97.32620120048523,rotating__task_uniform__reset_each_stage,fit_population,31,23
98.1751799583435,rotating__task_uniform__reset_each_stage,fit_population,31,24
97.0873773097992,rotating__task_uniform__reset_each_stage,fit_population,31,25
95.43147087097168,rotating__task_uniform__reset_each_stage,fit_population,31,26
93.03621053695679,rotating__task_uniform__reset_each_stage,fit_population,31,27
93.49845051765442,rotating__task_uniform__reset_each_stage,fit_population,31,28
89.01098966598511,rotating__task_uniform__reset_each_stage,fit_population,31,29
99.36034083366394,rotating__task_uniform__reset_each_stage,fit_population,31,3
84.37955975532532,rotating__task_uniform__reset_each_stage,fit_population,31,30
82.28882551193237,rotating__task_uniform__reset_each_stage,fit_population,31,31
98.40707778930664,rotating__task_uniform__reset_each_stage,fit_population,31,4
98.78934621810913,rotating__task_uniform__reset_each_stage,fit_population,31,5
99.74160194396973,rotating__task_uniform__reset_each_stage,fit_population,31,6
99.72899556159973,rotating__task_uniform__reset_each_stage,fit_population,31,7
98.5981285572052,rotating__task_uniform__reset_each_stage,fit_population,31,8
99.05660152435303,rotating__task_uniform__reset_each_stage,fit_population,31,9
87.2340440750122,rotating__task_uniform__reset_each_stage,validation,31,1
92.66055226325989,rotating__task_uniform__reset_each_stage,validation,31,10
82.27847814559937,rotating__task_uniform__reset_each_stage,validation,31,11
83.87096524238586,rotating__task_uniform__reset_each_stage,validation,31,12
88.23529481887817,rotating__task_uniform__reset_each_stage,validation,31,13
92.45283007621765,rotating__task_uniform__reset_each_stage,validation,31,14
87.09677457809448,rotating__task_uniform__reset_each_stage,validation,31,15
81.13207817077637,rotating__task_uniform__reset_each_stage,validation,31,16
72.72727489471436,rotating__task_uniform__reset_each_stage,validation,31,17
76.47058963775635,rotating__task_uniform__reset_each_stage,validation,31,18
75.86206793785095,rotating__task_uniform__reset_each_stage,validation,31,19
83.33333134651184,rotating__task_uniform__reset_each_stage,validation,31,2
73.17073345184326,rotating__task_uniform__reset_each_stage,validation,31,20
80.17241358757019,rotating__task_uniform__reset_each_stage,validation,31,21
70.83333134651184,rotating__task_uniform__reset_each_stage,validation,31,22
63.82978558540344,rotating__task_uniform__reset_each_stage,validation,31,23
77.14285850524902,rotating__task_uniform__reset_each_stage,validation,31,24
71.69811129570007,rotating__task_uniform__reset_each_stage,validation,31,25
76.76767706871033,rotating__task_uniform__reset_each_stage,validation,31,26
79.1208803653717,rotating__task_uniform__reset_each_stage,validation,31,27
86.41975522041321,rotating__task_uniform__reset_each_stage,validation,31,28
76.0869562625885,rotating__task_uniform__reset_each_stage,validation,31,29
88.88888955116272,rotating__task_uniform__reset_each_stage,validation,31,3
74.26900863647461,rotating__task_uniform__reset_each_stage,validation,31,30
75.82417726516724,rotating__task_uniform__reset_each_stage,validation,31,31
84.17266011238098,rotating__task_uniform__reset_each_stage,validation,31,4
77.66990065574646,rotating__task_uniform__reset_each_stage,validation,31,5
90.52631855010986,rotating__task_uniform__reset_each_stage,validation,31,6
88.04348111152649,rotating__task_uniform__reset_each_stage,validation,31,7
87.85046935081482,rotating__task_uniform__reset_each_stage,validation,31,8
84.76190567016602,rotating__task_uniform__reset_each_stage,validation,31,9
93.17585229873657,fresh_full_history,fit_population,31,1
94.29223537445068,fresh_full_history,fit_population,31,10
92.40506291389465,fresh_full_history,fit_population,31,11
89.402174949646,fresh_full_history,fit_population,31,12
95.5990195274353,fresh_full_history,fit_population,31,13
93.09523701667786,fresh_full_history,fit_population,31,14
93.54838728904724,fresh_full_history,fit_population,31,15
93.85342597961426,fresh_full_history,fit_population,31,16
88.72180581092834,fresh_full_history,fit_population,31,17
89.94082808494568,fresh_full_history,fit_population,31,18
82.08092451095581,fresh_full_history,fit_population,31,19
94.41747665405273,fresh_full_history,fit_population,31,2
85.18518805503845,fresh_full_history,fit_population,31,20
88.76889944076538,fresh_full_history,fit_population,31,21
85.9375,fresh_full_history,fit_population,31,22
77.8074860572815,fresh_full_history,fit_population,31,23
86.49635314941406,fresh_full_history,fit_population,31,24
83.00970792770386,fresh_full_history,fit_population,31,25
82.74111747741699,fresh_full_history,fit_population,31,26
81.61559700965881,fresh_full_history,fit_population,31,27
87.92569637298584,fresh_full_history,fit_population,31,28
74.72527623176575,fresh_full_history,fit_population,31,29
93.17697286605835,fresh_full_history,fit_population,31,3
82.62773752212524,fresh_full_history,fit_population,31,30
87.19345927238464,fresh_full_history,fit_population,31,31
93.0973470211029,fresh_full_history,fit_population,31,4
91.04115962982178,fresh_full_history,fit_population,31,5
94.31524276733398,fresh_full_history,fit_population,31,6
94.30894255638123,fresh_full_history,fit_population,31,7
93.92523169517517,fresh_full_history,fit_population,31,8
91.27358198165894,fresh_full_history,fit_population,31,9
94.68085169792175,fresh_full_history,validation,31,1
95.41284441947937,fresh_full_history,validation,31,10
91.13923907279968,fresh_full_history,validation,31,11
92.4731194972992,fresh_full_history,validation,31,12
94.11764740943909,fresh_full_history,validation,31,13
95.28301954269409,fresh_full_history,validation,31,14
93.54838728904724,fresh_full_history,validation,31,15
86.79245114326477,fresh_full_history,validation,31,16
80.8080792427063,fresh_full_history,validation,31,17
83.52941274642944,fresh_full_history,validation,31,18
82.75862336158752,fresh_full_history,validation,31,19
90.19607901573181,fresh_full_history,validation,31,2
87.80487775802612,fresh_full_history,validation,31,20
85.34482717514038,fresh_full_history,validation,31,21
80.20833134651184,fresh_full_history,validation,31,22
80.85106611251831,fresh_full_history,validation,31,23
72.85714149475098,fresh_full_history,validation,31,24
79.24528121948242,fresh_full_history,validation,31,25
87.87878751754761,fresh_full_history,validation,31,26
82.41758346557617,fresh_full_history,validation,31,27
83.95061492919922,fresh_full_history,validation,31,28
73.9130437374115,fresh_full_history,validation,31,29
93.16239356994629,fresh_full_history,validation,31,3
80.11695742607117,fresh_full_history,validation,31,30
81.31868243217468,fresh_full_history,validation,31,31
89.92805480957031,fresh_full_history,validation,31,4
91.26213788986206,fresh_full_history,validation,31,5
93.68420839309692,fresh_full_history,validation,31,6
95.652174949646,fresh_full_history,validation,31,7
86.91588640213013,fresh_full_history,validation,31,8
87.61904835700989,fresh_full_history,validation,31,9
95.01312375068665,static__example_uniform__carry,fit_population,50,1
95.89040875434875,static__example_uniform__carry,fit_population,50,10
93.03797483444214,static__example_uniform__carry,fit_population,50,11
89.673912525177,static__example_uniform__carry,fit_population,50,12
95.5990195274353,static__example_uniform__carry,fit_population,50,13
93.33333373069763,static__example_uniform__carry,fit_population,50,14
95.16128897666931,static__example_uniform__carry,fit_population,50,15
92.43499040603638,static__example_uniform__carry,fit_population,50,16
92.7318274974823,static__example_uniform__carry,fit_population,50,17
96.15384340286255,static__example_uniform__carry,fit_population,50,18
91.90751314163208,static__example_uniform__carry,fit_population,50,19
93.4466004371643,static__example_uniform__carry,fit_population,50,2
87.65432238578796,static__example_uniform__carry,fit_population,50,20
93.08855533599854,static__example_uniform__carry,fit_population,50,21
95.05208134651184,static__example_uniform__carry,fit_population,50,22
86.6310179233551,static__example_uniform__carry,fit_population,50,23
91.60584211349487,static__example_uniform__carry,fit_population,50,24
96.60193920135498,static__example_uniform__carry,fit_population,50,25
88.83248567581177,static__example_uniform__carry,fit_population,50,26
96.1002767086029,static__example_uniform__carry,fit_population,50,27
92.5696611404419,static__example_uniform__carry,fit_population,50,28
88.18681240081787,static__example_uniform__carry,fit_population,50,29
92.96375513076782,static__example_uniform__carry,fit_population,50,3
94.59853768348694,static__example_uniform__carry,fit_population,50,30
94.27793025970459,static__example_uniform__carry,fit_population,50,31
91.41104221343994,static__example_uniform__carry,fit_population,50,32
90.1129961013794,static__example_uniform__carry,fit_population,50,33
92.00000166893005,static__example_uniform__carry,fit_population,50,34
90.90909361839294,static__example_uniform__carry,fit_population,50,35
89.9193525314331,static__example_uniform__carry,fit_population,50,36
87.94466257095337,static__example_uniform__carry,fit_population,50,37
92.4078106880188,static__example_uniform__carry,fit_population,50,38
92.37056970596313,static__example_uniform__carry,fit_population,50,39
94.15929317474365,static__example_uniform__carry,fit_population,50,4
90.76576828956604,static__example_uniform__carry,fit_population,50,40
87.76371479034424,static__example_uniform__carry,fit_population,50,41
87.92710900306702,static__example_uniform__carry,fit_population,50,42
92.15686321258545,static__example_uniform__carry,fit_population,50,43
92.76595711708069,static__example_uniform__carry,fit_population,50,44
93.17507147789001,static__example_uniform__carry,fit_population,50,45
91.4004921913147,static__example_uniform__carry,fit_population,50,46
90.55555462837219,static__example_uniform__carry,fit_population,50,47
89.37329649925232,static__example_uniform__carry,fit_population,50,48
89.18918967247009,static__example_uniform__carry,fit_population,50,49
93.22034120559692,static__example_uniform__carry,fit_population,50,5
93.52112412452698,static__example_uniform__carry,fit_population,50,50
95.0904369354248,static__example_uniform__carry,fit_population,50,6
94.30894255638123,static__example_uniform__carry,fit_population,50,7
93.22429895401001,static__example_uniform__carry,fit_population,50,8
93.86792182922363,static__example_uniform__carry,fit_population,50,9
88.29787373542786,static__example_uniform__carry,validation,50,1
91.74311757087708,static__example_uniform__carry,validation,50,10
78.48101258277893,static__example_uniform__carry,validation,50,11
86.02150678634644,static__example_uniform__carry,validation,50,12
89.21568393707275,static__example_uniform__carry,validation,50,13
93.39622855186462,static__example_uniform__carry,validation,50,14
87.09677457809448,static__example_uniform__carry,validation,50,15
81.13207817077637,static__example_uniform__carry,validation,50,16
85.85858345031738,static__example_uniform__carry,validation,50,17
88.23529481887817,static__example_uniform__carry,validation,50,18
83.90804529190063,static__example_uniform__carry,validation,50,19
90.19607901573181,static__example_uniform__carry,validation,50,2
74.39024448394775,static__example_uniform__carry,validation,50,20
87.93103694915771,static__example_uniform__carry,validation,50,21
82.29166865348816,static__example_uniform__carry,validation,50,22
71.27659320831299,static__example_uniform__carry,validation,50,23
85.71428656578064,static__example_uniform__carry,validation,50,24
83.01886916160583,static__example_uniform__carry,validation,50,25
82.82828330993652,static__example_uniform__carry,validation,50,26
87.91208863258362,static__example_uniform__carry,validation,50,27
87.65432238578796,static__example_uniform__carry,validation,50,28
83.69565010070801,static__example_uniform__carry,validation,50,29
89.74359035491943,static__example_uniform__carry,validation,50,3
87.71929740905762,static__example_uniform__carry,validation,50,30
82.41758346557617,static__example_uniform__carry,validation,50,31
85.36585569381714,static__example_uniform__carry,validation,50,32
89.8876428604126,static__example_uniform__carry,validation,50,33
77.19298005104065,static__example_uniform__carry,validation,50,34
78.57142686843872,static__example_uniform__carry,validation,50,35
82.92682766914368,static__example_uniform__carry,validation,50,36
71.42857313156128,static__example_uniform__carry,validation,50,37
82.45614171028137,static__example_uniform__carry,validation,50,38
81.521737575531,static__example_uniform__carry,validation,50,39
87.76978254318237,static__example_uniform__carry,validation,50,4
82.72727131843567,static__example_uniform__carry,validation,50,40
73.33333492279053,static__example_uniform__carry,validation,50,41
79.81651425361633,static__example_uniform__carry,validation,50,42
84.21052694320679,static__example_uniform__carry,validation,50,43
77.58620977401733,static__example_uniform__carry,validation,50,44
83.52941274642944,static__example_uniform__carry,validation,50,45
82.35294222831726,static__example_uniform__carry,validation,50,46
81.31868243217468,static__example_uniform__carry,validation,50,47
81.31868243217468,static__example_uniform__carry,validation,50,48
61.176472902297974,static__example_uniform__carry,validation,50,49
84.4660222530365,static__example_uniform__carry,validation,50,5
91.01123809814453,static__example_uniform__carry,validation,50,50
90.52631855010986,static__example_uniform__carry,validation,50,6
93.478262424469,static__example_uniform__carry,validation,50,7
86.91588640213013,static__example_uniform__carry,validation,50,8
91.42857193946838,static__example_uniform__carry,validation,50,9
93.96325349807739,static__example_uniform__reset_each_stage,fit_population,50,1
95.6620991230011,static__example_uniform__reset_each_stage,fit_population,50,10
92.72152185440063,static__example_uniform__reset_each_stage,fit_population,50,11
90.4891312122345,static__example_uniform__reset_each_stage,fit_population,50,12
94.86552476882935,static__example_uniform__reset_each_stage,fit_population,50,13
91.19047522544861,static__example_uniform__reset_each_stage,fit_population,50,14
91.93548560142517,static__example_uniform__reset_each_stage,fit_population,50,15
92.43499040603638,static__example_uniform__reset_each_stage,fit_population,50,16
92.23057627677917,static__example_uniform__reset_each_stage,fit_population,50,17
95.2662706375122,static__example_uniform__reset_each_stage,fit_population,50,18
92.77456402778625,static__example_uniform__reset_each_stage,fit_population,50,19
92.23300814628601,static__example_uniform__reset_each_stage,fit_population,50,2
88.88888955116272,static__example_uniform__reset_each_stage,fit_population,50,20
93.30453276634216,static__example_uniform__reset_each_stage,fit_population,50,21
95.05208134651184,static__example_uniform__reset_each_stage,fit_population,50,22
85.02673506736755,static__example_uniform__reset_each_stage,fit_population,50,23
90.87591171264648,static__example_uniform__reset_each_stage,fit_population,50,24
93.68932247161865,static__example_uniform__reset_each_stage,fit_population,50,25
89.3401026725769,static__example_uniform__reset_each_stage,fit_population,50,26
93.87186765670776,static__example_uniform__reset_each_stage,fit_population,50,27
91.64086580276489,static__example_uniform__reset_each_stage,fit_population,50,28
88.18681240081787,static__example_uniform__reset_each_stage,fit_population,50,29
92.32409596443176,static__example_uniform__reset_each_stage,fit_population,50,3
94.7445273399353,static__example_uniform__reset_each_stage,fit_population,50,30
95.09536623954773,static__example_uniform__reset_each_stage,fit_population,50,31
89.570552110672,static__example_uniform__reset_each_stage,fit_population,50,32
92.37288236618042,static__example_uniform__reset_each_stage,fit_population,50,33
92.44444370269775,static__example_uniform__reset_each_stage,fit_population,50,34
91.5742814540863,static__example_uniform__reset_each_stage,fit_population,50,35
92.54032373428345,static__example_uniform__reset_each_stage,fit_population,50,36
91.50197505950928,static__example_uniform__reset_each_stage,fit_population,50,37
95.2277660369873,static__example_uniform__reset_each_stage,fit_population,50,38
91.55313372612,static__example_uniform__reset_each_stage,fit_population,50,39
94.69026327133179,static__example_uniform__reset_each_stage,fit_population,50,4
91.44144058227539,static__example_uniform__reset_each_stage,fit_population,50,40
90.2953565120697,static__example_uniform__reset_each_stage,fit_population,50,41
89.74943161010742,static__example_uniform__reset_each_stage,fit_population,50,42
92.81045794487,static__example_uniform__reset_each_stage,fit_population,50,43
92.34042763710022,static__example_uniform__reset_each_stage,fit_population,50,44
92.5815999507904,static__example_uniform__reset_each_stage,fit_population,50,45
90.66339135169983,static__example_uniform__reset_each_stage,fit_population,50,46
90.83333611488342,static__example_uniform__reset_each_stage,fit_population,50,47
91.2806510925293,static__example_uniform__reset_each_stage,fit_population,50,48
86.78678870201111,static__example_uniform__reset_each_stage,fit_population,50,49
94.18886303901672,static__example_uniform__reset_each_stage,fit_population,50,5
93.23943853378296,static__example_uniform__reset_each_stage,fit_population,50,50
92.76486039161682,static__example_uniform__reset_each_stage,fit_population,50,6
92.95393228530884,static__example_uniform__reset_each_stage,fit_population,50,7
92.2897219657898,static__example_uniform__reset_each_stage,fit_population,50,8
92.21698045730591,static__example_uniform__reset_each_stage,fit_population,50,9
90.42553305625916,static__example_uniform__reset_each_stage,validation,50,1
89.90825414657593,static__example_uniform__reset_each_stage,validation,50,10
79.7468364238739,static__example_uniform__reset_each_stage,validation,50,11
80.64516186714172,static__example_uniform__reset_each_stage,validation,50,12
87.25489974021912,static__example_uniform__reset_each_stage,validation,50,13
90.56603908538818,static__example_uniform__reset_each_stage,validation,50,14
82.79569745063782,static__example_uniform__reset_each_stage,validation,50,15
85.84905862808228,static__example_uniform__reset_each_stage,validation,50,16
85.85858345031738,static__example_uniform__reset_each_stage,validation,50,17
85.88235378265381,static__example_uniform__reset_each_stage,validation,50,18
80.45976758003235,static__example_uniform__reset_each_stage,validation,50,19
86.27451062202454,static__example_uniform__reset_each_stage,validation,50,2
78.04877758026123,static__example_uniform__reset_each_stage,validation,50,20
87.06896305084229,static__example_uniform__reset_each_stage,validation,50,21
77.08333134651184,static__example_uniform__reset_each_stage,validation,50,22
65.95744490623474,static__example_uniform__reset_each_stage,validation,50,23
71.42857313156128,static__example_uniform__reset_each_stage,validation,50,24
81.13207817077637,static__example_uniform__reset_each_stage,validation,50,25
84.84848737716675,static__example_uniform__reset_each_stage,validation,50,26
83.51648449897766,static__example_uniform__reset_each_stage,validation,50,27
86.41975522041321,static__example_uniform__reset_each_stage,validation,50,28
86.95651888847351,static__example_uniform__reset_each_stage,validation,50,29
88.88888955116272,static__example_uniform__reset_each_stage,validation,50,3
87.71929740905762,static__example_uniform__reset_each_stage,validation,50,30
86.81318759918213,static__example_uniform__reset_each_stage,validation,50,31
81.70731663703918,static__example_uniform__reset_each_stage,validation,50,32
91.01123809814453,static__example_uniform__reset_each_stage,validation,50,33
85.9649121761322,static__example_uniform__reset_each_stage,validation,50,34
82.14285969734192,static__example_uniform__reset_each_stage,validation,50,35
86.9918704032898,static__example_uniform__reset_each_stage,validation,50,36
78.57142686843872,static__example_uniform__reset_each_stage,validation,50,37
87.71929740905762,static__example_uniform__reset_each_stage,validation,50,38
83.69565010070801,static__example_uniform__reset_each_stage,validation,50,39
85.61151027679443,static__example_uniform__reset_each_stage,validation,50,4
82.72727131843567,static__example_uniform__reset_each_stage,validation,50,40
81.66666626930237,static__example_uniform__reset_each_stage,validation,50,41
76.14678740501404,static__example_uniform__reset_each_stage,validation,50,42
84.21052694320679,static__example_uniform__reset_each_stage,validation,50,43
77.58620977401733,static__example_uniform__reset_each_stage,validation,50,44
92.9411768913269,static__example_uniform__reset_each_stage,validation,50,45
84.3137264251709,static__example_uniform__reset_each_stage,validation,50,46
91.20879173278809,static__example_uniform__reset_each_stage,validation,50,47
82.41758346557617,static__example_uniform__reset_each_stage,validation,50,48
67.05882549285889,static__example_uniform__reset_each_stage,validation,50,49
78.64077687263489,static__example_uniform__reset_each_stage,validation,50,5
93.2584285736084,static__example_uniform__reset_each_stage,validation,50,50
85.26315689086914,static__example_uniform__reset_each_stage,validation,50,6
88.04348111152649,static__example_uniform__reset_each_stage,validation,50,7
85.04672646522522,static__example_uniform__reset_each_stage,validation,50,8
82.85714387893677,static__example_uniform__reset_each_stage,validation,50,9
94.22572255134583,static__task_uniform__carry,fit_population,50,1
96.11872434616089,static__task_uniform__carry,fit_population,50,10
90.5063271522522,static__task_uniform__carry,fit_population,50,11
87.771737575531,static__task_uniform__carry,fit_population,50,12
95.84352374076843,static__task_uniform__carry,fit_population,50,13
90.95237851142883,static__task_uniform__carry,fit_population,50,14
96.23655676841736,static__task_uniform__carry,fit_population,50,15
92.90780425071716,static__task_uniform__carry,fit_population,50,16
93.98496150970459,static__task_uniform__carry,fit_population,50,17
96.74556255340576,static__task_uniform__carry,fit_population,50,18
93.9306378364563,static__task_uniform__carry,fit_population,50,19
93.68932247161865,static__task_uniform__carry,fit_population,50,2
91.04938507080078,static__task_uniform__carry,fit_population,50,20
94.16846632957458,static__task_uniform__carry,fit_population,50,21
95.57291865348816,static__task_uniform__carry,fit_population,50,22
87.16577291488647,static__task_uniform__carry,fit_population,50,23
90.14598727226257,static__task_uniform__carry,fit_population,50,24
95.14563083648682,static__task_uniform__carry,fit_population,50,25
90.86294174194336,static__task_uniform__carry,fit_population,50,26
95.54317593574524,static__task_uniform__carry,fit_population,50,27
94.42724585533142,static__task_uniform__carry,fit_population,50,28
88.73626589775085,static__task_uniform__carry,fit_population,50,29
90.40511846542358,static__task_uniform__carry,fit_population,50,3
93.43065619468689,static__task_uniform__carry,fit_population,50,30
94.55040693283081,static__task_uniform__carry,fit_population,50,31
92.33129024505615,static__task_uniform__carry,fit_population,50,32
93.50282549858093,static__task_uniform__carry,fit_population,50,33
94.22222375869751,static__task_uniform__carry,fit_population,50,34
95.56540846824646,static__task_uniform__carry,fit_population,50,35
92.13709831237793,static__task_uniform__carry,fit_population,50,36
90.31620621681213,static__task_uniform__carry,fit_population,50,37
93.05856823921204,static__task_uniform__carry,fit_population,50,38
91.2806510925293,static__task_uniform__carry,fit_population,50,39
92.5663709640503,static__task_uniform__carry,fit_population,50,4
88.0630612373352,static__task_uniform__carry,fit_population,50,40
89.87341523170471,static__task_uniform__carry,fit_population,50,41
89.74943161010742,static__task_uniform__carry,fit_population,50,42
94.11764740943909,static__task_uniform__carry,fit_population,50,43
93.6170220375061,static__task_uniform__carry,fit_population,50,44
92.5815999507904,static__task_uniform__carry,fit_population,50,45
87.71498799324036,static__task_uniform__carry,fit_population,50,46
91.38888716697693,static__task_uniform__carry,fit_population,50,47
92.09809303283691,static__task_uniform__carry,fit_population,50,48
88.88888955116272,static__task_uniform__carry,fit_population,50,49
93.70459914207458,static__task_uniform__carry,fit_population,50,5
92.11267828941345,static__task_uniform__carry,fit_population,50,50
95.34883499145508,static__task_uniform__carry,fit_population,50,6
93.22493076324463,static__task_uniform__carry,fit_population,50,7
92.52336621284485,static__task_uniform__carry,fit_population,50,8
92.21698045730591,static__task_uniform__carry,fit_population,50,9
90.42553305625916,static__task_uniform__carry,validation,50,1
90.82568883895874,static__task_uniform__carry,validation,50,10
79.7468364238739,static__task_uniform__carry,validation,50,11
84.94623899459839,static__task_uniform__carry,validation,50,12
89.21568393707275,static__task_uniform__carry,validation,50,13
91.50943160057068,static__task_uniform__carry,validation,50,14
88.17204236984253,static__task_uniform__carry,validation,50,15
84.9056601524353,static__task_uniform__carry,validation,50,16
87.87878751754761,static__task_uniform__carry,validation,50,17
89.41176533699036,static__task_uniform__carry,validation,50,18
80.45976758003235,static__task_uniform__carry,validation,50,19
87.25489974021912,static__task_uniform__carry,validation,50,2
79.2682945728302,static__task_uniform__carry,validation,50,20
88.79310488700867,static__task_uniform__carry,validation,50,21
80.20833134651184,static__task_uniform__carry,validation,50,22
80.85106611251831,static__task_uniform__carry,validation,50,23
77.14285850524902,static__task_uniform__carry,validation,50,24
79.24528121948242,static__task_uniform__carry,validation,50,25
85.85858345031738,static__task_uniform__carry,validation,50,26
86.81318759918213,static__task_uniform__carry,validation,50,27
91.35802388191223,static__task_uniform__carry,validation,50,28
88.04348111152649,static__task_uniform__carry,validation,50,29
86.32478713989258,static__task_uniform__carry,validation,50,3
88.30409646034241,static__task_uniform__carry,validation,50,30
84.61538553237915,static__task_uniform__carry,validation,50,31
84.14633870124817,static__task_uniform__carry,validation,50,32
92.13483333587646,static__task_uniform__carry,validation,50,33
80.70175647735596,static__task_uniform__carry,validation,50,34
84.82142686843872,static__task_uniform__carry,validation,50,35
88.61788511276245,static__task_uniform__carry,validation,50,36
76.98412537574768,static__task_uniform__carry,validation,50,37
78.94737124443054,static__task_uniform__carry,validation,50,38
79.347825050354,static__task_uniform__carry,validation,50,39
86.33093237876892,static__task_uniform__carry,validation,50,4
74.54545497894287,static__task_uniform__carry,validation,50,40
73.33333492279053,static__task_uniform__carry,validation,50,41
85.3210985660553,static__task_uniform__carry,validation,50,42
88.15789222717285,static__task_uniform__carry,validation,50,43
87.93103694915771,static__task_uniform__carry,validation,50,44
88.23529481887817,static__task_uniform__carry,validation,50,45
76.47058963775635,static__task_uniform__carry,validation,50,46
84.61538553237915,static__task_uniform__carry,validation,50,47
78.02197933197021,static__task_uniform__carry,validation,50,48
63.52941393852234,static__task_uniform__carry,validation,50,49
82.52426981925964,static__task_uniform__carry,validation,50,5
88.76404762268066,static__task_uniform__carry,validation,50,50
89.47368264198303,static__task_uniform__carry,validation,50,6
92.3913061618805,static__task_uniform__carry,validation,50,7
85.98130941390991,static__task_uniform__carry,validation,50,8
86.66666746139526,static__task_uniform__carry,validation,50,9
92.38845109939575,static__task_uniform__reset_each_stage,fit_population,50,1
94.52054500579834,static__task_uniform__reset_each_stage,fit_population,50,10
91.77215099334717,static__task_uniform__reset_each_stage,fit_population,50,11
89.13043737411499,static__task_uniform__reset_each_stage,fit_population,50,12
95.5990195274353,static__task_uniform__reset_each_stage,fit_population,50,13
93.09523701667786,static__task_uniform__reset_each_stage,fit_population,50,14
94.62365508079529,static__task_uniform__reset_each_stage,fit_population,50,15
92.90780425071716,static__task_uniform__reset_each_stage,fit_population,50,16
93.73433589935303,static__task_uniform__reset_each_stage,fit_population,50,17
95.56213021278381,static__task_uniform__reset_each_stage,fit_population,50,18
93.35260391235352,static__task_uniform__reset_each_stage,fit_population,50,19
92.71844625473022,static__task_uniform__reset_each_stage,fit_population,50,2
87.34567761421204,static__task_uniform__reset_each_stage,fit_population,50,20
93.95248293876648,static__task_uniform__reset_each_stage,fit_population,50,21
95.05208134651184,static__task_uniform__reset_each_stage,fit_population,50,22
87.4331533908844,static__task_uniform__reset_each_stage,fit_population,50,23
90.51094651222229,static__task_uniform__reset_each_stage,fit_population,50,24
95.63106894493103,static__task_uniform__reset_each_stage,fit_population,50,25
91.3705587387085,static__task_uniform__reset_each_stage,fit_population,50,26
94.98607516288757,static__task_uniform__reset_each_stage,fit_population,50,27
93.49845051765442,static__task_uniform__reset_each_stage,fit_population,50,28
89.01098966598511,static__task_uniform__reset_each_stage,fit_population,50,29
91.04477763175964,static__task_uniform__reset_each_stage,fit_population,50,3
93.43065619468689,static__task_uniform__reset_each_stage,fit_population,50,30
95.09536623954773,static__task_uniform__reset_each_stage,fit_population,50,31
91.10429286956787,static__task_uniform__reset_each_stage,fit_population,50,32
92.37288236618042,static__task_uniform__reset_each_stage,fit_population,50,33
91.11111164093018,static__task_uniform__reset_each_stage,fit_population,50,34
93.12638640403748,static__task_uniform__reset_each_stage,fit_population,50,35
93.34677457809448,static__task_uniform__reset_each_stage,fit_population,50,36
88.53754997253418,static__task_uniform__reset_each_stage,fit_population,50,37
92.84164905548096,static__task_uniform__reset_each_stage,fit_population,50,38
91.00817441940308,static__task_uniform__reset_each_stage,fit_population,50,39
94.15929317474365,static__task_uniform__reset_each_stage,fit_population,50,4
89.86486196517944,static__task_uniform__reset_each_stage,fit_population,50,40
90.71729779243469,static__task_uniform__reset_each_stage,fit_population,50,41
89.06605839729309,static__task_uniform__reset_each_stage,fit_population,50,42
94.77124214172363,static__task_uniform__reset_each_stage,fit_population,50,43
92.34042763710022,static__task_uniform__reset_each_stage,fit_population,50,44
94.36202049255371,static__task_uniform__reset_each_stage,fit_population,50,45
87.46928572654724,static__task_uniform__reset_each_stage,fit_population,50,46
92.77777671813965,static__task_uniform__reset_each_stage,fit_population,50,47
90.19073843955994,static__task_uniform__reset_each_stage,fit_population,50,48
85.58558821678162,static__task_uniform__reset_each_stage,fit_population,50,49
91.76755547523499,static__task_uniform__reset_each_stage,fit_population,50,5
86.76056265830994,static__task_uniform__reset_each_stage,fit_population,50,50
94.05684471130371,static__task_uniform__reset_each_stage,fit_population,50,6
93.22493076324463,static__task_uniform__reset_each_stage,fit_population,50,7
92.52336621284485,static__task_uniform__reset_each_stage,fit_population,50,8
93.16037893295288,static__task_uniform__reset_each_stage,fit_population,50,9
89.3617033958435,static__task_uniform__reset_each_stage,validation,50,1
90.82568883895874,static__task_uniform__reset_each_stage,validation,50,10
77.21518874168396,static__task_uniform__reset_each_stage,validation,50,11
81.72042965888977,static__task_uniform__reset_each_stage,validation,50,12
88.23529481887817,static__task_uniform__reset_each_stage,validation,50,13
93.39622855186462,static__task_uniform__reset_each_stage,validation,50,14
83.87096524238586,static__task_uniform__reset_each_stage,validation,50,15
86.79245114326477,static__task_uniform__reset_each_stage,validation,50,16
85.85858345031738,static__task_uniform__reset_each_stage,validation,50,17
89.41176533699036,static__task_uniform__reset_each_stage,validation,50,18
83.90804529190063,static__task_uniform__reset_each_stage,validation,50,19
83.33333134651184,static__task_uniform__reset_each_stage,validation,50,2
78.04877758026123,static__task_uniform__reset_each_stage,validation,50,20
90.51724076271057,static__task_uniform__reset_each_stage,validation,50,21
81.25,static__task_uniform__reset_each_stage,validation,50,22
77.65957713127136,static__task_uniform__reset_each_stage,validation,50,23
82.85714387893677,static__task_uniform__reset_each_stage,validation,50,24
83.01886916160583,static__task_uniform__reset_each_stage,validation,50,25
85.85858345031738,static__task_uniform__reset_each_stage,validation,50,26
84.61538553237915,static__task_uniform__reset_each_stage,validation,50,27
88.88888955116272,static__task_uniform__reset_each_stage,validation,50,28
83.69565010070801,static__task_uniform__reset_each_stage,validation,50,29
88.88888955116272,static__task_uniform__reset_each_stage,validation,50,3
87.1345043182373,static__task_uniform__reset_each_stage,validation,50,30
83.51648449897766,static__task_uniform__reset_each_stage,validation,50,31
82.92682766914368,static__task_uniform__reset_each_stage,validation,50,32
91.01123809814453,static__task_uniform__reset_each_stage,validation,50,33
80.70175647735596,static__task_uniform__reset_each_stage,validation,50,34
83.92857313156128,static__task_uniform__reset_each_stage,validation,50,35
89.43089246749878,static__task_uniform__reset_each_stage,validation,50,36
75.39682388305664,static__task_uniform__reset_each_stage,validation,50,37
80.70175647735596,static__task_uniform__reset_each_stage,validation,50,38
83.69565010070801,static__task_uniform__reset_each_stage,validation,50,39
88.48921060562134,static__task_uniform__reset_each_stage,validation,50,4
80.90909123420715,static__task_uniform__reset_each_stage,validation,50,40
75.0,static__task_uniform__reset_each_stage,validation,50,41
84.40366983413696,static__task_uniform__reset_each_stage,validation,50,42
90.78947305679321,static__task_uniform__reset_each_stage,validation,50,43
74.13793206214905,static__task_uniform__reset_each_stage,validation,50,44
91.76470637321472,static__task_uniform__reset_each_stage,validation,50,45
81.3725471496582,static__task_uniform__reset_each_stage,validation,50,46
86.81318759918213,static__task_uniform__reset_each_stage,validation,50,47
78.02197933197021,static__task_uniform__reset_each_stage,validation,50,48
68.23529601097107,static__task_uniform__reset_each_stage,validation,50,49
86.40776872634888,static__task_uniform__reset_each_stage,validation,50,5
87.64045238494873,static__task_uniform__reset_each_stage,validation,50,50
89.47368264198303,static__task_uniform__reset_each_stage,validation,50,6
91.30434989929199,static__task_uniform__reset_each_stage,validation,50,7
85.04672646522522,static__task_uniform__reset_each_stage,validation,50,8
86.66666746139526,static__task_uniform__reset_each_stage,validation,50,9
97.9002594947815,rotating__example_uniform__carry,fit_population,50,1
98.63013625144958,rotating__example_uniform__carry,fit_population,50,10
97.15189933776855,rotating__example_uniform__carry,fit_population,50,11
95.652174949646,rotating__example_uniform__carry,fit_population,50,12
98.77750873565674,rotating__example_uniform__carry,fit_population,50,13
96.66666388511658,rotating__example_uniform__carry,fit_population,50,14
97.8494644165039,rotating__example_uniform__carry,fit_population,50,15
96.92671298980713,rotating__example_uniform__carry,fit_population,50,16
96.74185514450073,rotating__example_uniform__carry,fit_population,50,17
97.6331353187561,rotating__example_uniform__carry,fit_population,50,18
95.08670568466187,rotating__example_uniform__carry,fit_population,50,19
95.8737850189209,rotating__example_uniform__carry,fit_population,50,2
96.91358208656311,rotating__example_uniform__carry,fit_population,50,20
97.62418866157532,rotating__example_uniform__carry,fit_population,50,21
98.17708134651184,rotating__example_uniform__carry,fit_population,50,22
95.72192430496216,rotating__example_uniform__carry,fit_population,50,23
96.35036587715149,rotating__example_uniform__carry,fit_population,50,24
95.14563083648682,rotating__example_uniform__carry,fit_population,50,25
95.43147087097168,rotating__example_uniform__carry,fit_population,50,26
97.49303460121155,rotating__example_uniform__carry,fit_population,50,27
96.90402746200562,rotating__example_uniform__carry,fit_population,50,28
97.52747416496277,rotating__example_uniform__carry,fit_population,50,29
97.22814559936523,rotating__example_uniform__carry,fit_population,50,3
97.22627997398376,rotating__example_uniform__carry,fit_population,50,30
97.5476861000061,rotating__example_uniform__carry,fit_population,50,31
96.31901979446411,rotating__example_uniform__carry,fit_population,50,32
95.76271176338196,rotating__example_uniform__carry,fit_population,50,33
94.66666579246521,rotating__example_uniform__carry,fit_population,50,34
96.89579010009766,rotating__example_uniform__carry,fit_population,50,35
96.97580933570862,rotating__example_uniform__carry,fit_population,50,36
96.04743123054504,rotating__example_uniform__carry,fit_population,50,37
95.87852358818054,rotating__example_uniform__carry,fit_population,50,38
95.64032554626465,rotating__example_uniform__carry,fit_population,50,39
98.2300877571106,rotating__example_uniform__carry,fit_population,50,4
92.56756901741028,rotating__example_uniform__carry,fit_population,50,40
96.20253443717957,rotating__example_uniform__carry,fit_population,50,41
91.1161720752716,rotating__example_uniform__carry,fit_population,50,42
96.07843160629272,rotating__example_uniform__carry,fit_population,50,43
95.31915187835693,rotating__example_uniform__carry,fit_population,50,44
92.5815999507904,rotating__example_uniform__carry,fit_population,50,45
90.17199277877808,rotating__example_uniform__carry,fit_population,50,46
91.11111164093018,rotating__example_uniform__carry,fit_population,50,47
91.00817441940308,rotating__example_uniform__carry,fit_population,50,48
83.18318128585815,rotating__example_uniform__carry,fit_population,50,49
98.54721426963806,rotating__example_uniform__carry,fit_population,50,5
92.11267828941345,rotating__example_uniform__carry,fit_population,50,50
98.44961166381836,rotating__example_uniform__carry,fit_population,50,6
98.37398529052734,rotating__example_uniform__carry,fit_population,50,7
94.85981464385986,rotating__example_uniform__carry,fit_population,50,8
96.22641801834106,rotating__example_uniform__carry,fit_population,50,9
91.4893627166748,rotating__example_uniform__carry,validation,50,1
92.66055226325989,rotating__example_uniform__carry,validation,50,10
88.60759735107422,rotating__example_uniform__carry,validation,50,11
88.17204236984253,rotating__example_uniform__carry,validation,50,12
94.11764740943909,rotating__example_uniform__carry,validation,50,13
94.33962106704712,rotating__example_uniform__carry,validation,50,14
88.17204236984253,rotating__example_uniform__carry,validation,50,15
92.45283007621765,rotating__example_uniform__carry,validation,50,16
87.87878751754761,rotating__example_uniform__carry,validation,50,17
89.41176533699036,rotating__example_uniform__carry,validation,50,18
85.05747318267822,rotating__example_uniform__carry,validation,50,19
92.15686321258545,rotating__example_uniform__carry,validation,50,2
87.80487775802612,rotating__example_uniform__carry,validation,50,20
93.1034505367279,rotating__example_uniform__carry,validation,50,21
87.5,rotating__example_uniform__carry,validation,50,22
80.85106611251831,rotating__example_uniform__carry,validation,50,23
87.14285492897034,rotating__example_uniform__carry,validation,50,24
81.13207817077637,rotating__example_uniform__carry,validation,50,25
85.85858345031738,rotating__example_uniform__carry,validation,50,26
90.1098906993866,rotating__example_uniform__carry,validation,50,27
96.29629850387573,rotating__example_uniform__carry,validation,50,28
88.04348111152649,rotating__example_uniform__carry,validation,50,29
94.017094373703,rotating__example_uniform__carry,validation,50,3
89.47368264198303,rotating__example_uniform__carry,validation,50,30
87.91208863258362,rotating__example_uniform__carry,validation,50,31
89.02438879013062,rotating__example_uniform__carry,validation,50,32
92.13483333587646,rotating__example_uniform__carry,validation,50,33
82.45614171028137,rotating__example_uniform__carry,validation,50,34
83.92857313156128,rotating__example_uniform__carry,validation,50,35
90.24389982223511,rotating__example_uniform__carry,validation,50,36
73.01587462425232,rotating__example_uniform__carry,validation,50,37
81.57894611358643,rotating__example_uniform__carry,validation,50,38
82.6086938381195,rotating__example_uniform__carry,validation,50,39
93.5251772403717,rotating__example_uniform__carry,validation,50,4
78.18182110786438,rotating__example_uniform__carry,validation,50,40
81.66666626930237,rotating__example_uniform__carry,validation,50,41
80.73394298553467,rotating__example_uniform__carry,validation,50,42
82.8947365283966,rotating__example_uniform__carry,validation,50,43
86.20689511299133,rotating__example_uniform__carry,validation,50,44
84.70588326454163,rotating__example_uniform__carry,validation,50,45
84.3137264251709,rotating__example_uniform__carry,validation,50,46
83.51648449897766,rotating__example_uniform__carry,validation,50,47
83.51648449897766,rotating__example_uniform__carry,validation,50,48
63.52941393852234,rotating__example_uniform__carry,validation,50,49
87.37863898277283,rotating__example_uniform__carry,validation,50,5
91.01123809814453,rotating__example_uniform__carry,validation,50,50
93.68420839309692,rotating__example_uniform__carry,validation,50,6
94.5652186870575,rotating__example_uniform__carry,validation,50,7
87.85046935081482,rotating__example_uniform__carry,validation,50,8
91.42857193946838,rotating__example_uniform__carry,validation,50,9
98.68766665458679,rotating__example_uniform__reset_each_stage,fit_population,50,1
98.63013625144958,rotating__example_uniform__reset_each_stage,fit_population,50,10
97.46835231781006,rotating__example_uniform__reset_each_stage,fit_population,50,11
93.478262424469,rotating__example_uniform__reset_each_stage,fit_population,50,12
99.02200698852539,rotating__example_uniform__reset_each_stage,fit_population,50,13
95.95237970352173,rotating__example_uniform__reset_each_stage,fit_population,50,14
97.8494644165039,rotating__example_uniform__reset_each_stage,fit_population,50,15
97.63593673706055,rotating__example_uniform__reset_each_stage,fit_population,50,16
97.99498915672302,rotating__example_uniform__reset_each_stage,fit_population,50,17
97.92899489402771,rotating__example_uniform__reset_each_stage,fit_population,50,18
95.37572264671326,rotating__example_uniform__reset_each_stage,fit_population,50,19
95.63106894493103,rotating__example_uniform__reset_each_stage,fit_population,50,2
97.22222089767456,rotating__example_uniform__reset_each_stage,fit_population,50,20
97.84017205238342,rotating__example_uniform__reset_each_stage,fit_population,50,21
98.95833134651184,rotating__example_uniform__reset_each_stage,fit_population,50,22
93.58288645744324,rotating__example_uniform__reset_each_stage,fit_population,50,23
95.25547623634338,rotating__example_uniform__reset_each_stage,fit_population,50,24
95.14563083648682,rotating__example_uniform__reset_each_stage,fit_population,50,25
96.95431590080261,rotating__example_uniform__reset_each_stage,fit_population,50,26
96.93593382835388,rotating__example_uniform__reset_each_stage,fit_population,50,27
96.90402746200562,rotating__example_uniform__reset_each_stage,fit_population,50,28
96.15384340286255,rotating__example_uniform__reset_each_stage,fit_population,50,29
96.16204500198364,rotating__example_uniform__reset_each_stage,fit_population,50,3
98.10218811035156,rotating__example_uniform__reset_each_stage,fit_population,50,30
98.36512207984924,rotating__example_uniform__reset_each_stage,fit_population,50,31
96.93251252174377,rotating__example_uniform__reset_each_stage,fit_population,50,32
95.48022747039795,rotating__example_uniform__reset_each_stage,fit_population,50,33
94.66666579246521,rotating__example_uniform__reset_each_stage,fit_population,50,34
94.4567620754242,rotating__example_uniform__reset_each_stage,fit_population,50,35
96.37096524238586,rotating__example_uniform__reset_each_stage,fit_population,50,36
92.88537502288818,rotating__example_uniform__reset_each_stage,fit_population,50,37
93.05856823921204,rotating__example_uniform__reset_each_stage,fit_population,50,38
94.27793025970459,rotating__example_uniform__reset_each_stage,fit_population,50,39
96.9911515712738,rotating__example_uniform__reset_each_stage,fit_population,50,4
93.69369149208069,rotating__example_uniform__reset_each_stage,fit_population,50,40
91.13923907279968,rotating__example_uniform__reset_each_stage,fit_population,50,41
91.57175421714783,rotating__example_uniform__reset_each_stage,fit_population,50,42
94.11764740943909,rotating__example_uniform__reset_each_stage,fit_population,50,43
94.46808695793152,rotating__example_uniform__reset_each_stage,fit_population,50,44
94.0652847290039,rotating__example_uniform__reset_each_stage,fit_population,50,45
88.69779109954834,rotating__example_uniform__reset_each_stage,fit_population,50,46
92.22221970558167,rotating__example_uniform__reset_each_stage,fit_population,50,47
89.1008198261261,rotating__example_uniform__reset_each_stage,fit_population,50,48
78.07807922363281,rotating__example_uniform__reset_each_stage,fit_population,50,49
97.09442853927612,rotating__example_uniform__reset_each_stage,fit_population,50,5
89.85915780067444,rotating__example_uniform__reset_each_stage,fit_population,50,50
98.19121360778809,rotating__example_uniform__reset_each_stage,fit_population,50,6
97.56097793579102,rotating__example_uniform__reset_each_stage,fit_population,50,7
95.79439163208008,rotating__example_uniform__reset_each_stage,fit_population,50,8
98.11320900917053,rotating__example_uniform__reset_each_stage,fit_population,50,9
90.42553305625916,rotating__example_uniform__reset_each_stage,validation,50,1
90.82568883895874,rotating__example_uniform__reset_each_stage,validation,50,10
79.7468364238739,rotating__example_uniform__reset_each_stage,validation,50,11
83.87096524238586,rotating__example_uniform__reset_each_stage,validation,50,12
94.11764740943909,rotating__example_uniform__reset_each_stage,validation,50,13
90.56603908538818,rotating__example_uniform__reset_each_stage,validation,50,14
90.32257795333862,rotating__example_uniform__reset_each_stage,validation,50,15
92.45283007621765,rotating__example_uniform__reset_each_stage,validation,50,16
92.92929172515869,rotating__example_uniform__reset_each_stage,validation,50,17
88.23529481887817,rotating__example_uniform__reset_each_stage,validation,50,18
85.05747318267822,rotating__example_uniform__reset_each_stage,validation,50,19
87.25489974021912,rotating__example_uniform__reset_each_stage,validation,50,2
90.24389982223511,rotating__example_uniform__reset_each_stage,validation,50,20
92.24137663841248,rotating__example_uniform__reset_each_stage,validation,50,21
86.45833134651184,rotating__example_uniform__reset_each_stage,validation,50,22
85.10638475418091,rotating__example_uniform__reset_each_stage,validation,50,23
88.57142925262451,rotating__example_uniform__reset_each_stage,validation,50,24
84.9056601524353,rotating__example_uniform__reset_each_stage,validation,50,25
89.89899158477783,rotating__example_uniform__reset_each_stage,validation,50,26
90.1098906993866,rotating__example_uniform__reset_each_stage,validation,50,27
96.29629850387573,rotating__example_uniform__reset_each_stage,validation,50,28
86.95651888847351,rotating__example_uniform__reset_each_stage,validation,50,29
91.45299196243286,rotating__example_uniform__reset_each_stage,validation,50,3
90.05848169326782,rotating__example_uniform__reset_each_stage,validation,50,30
89.01098966598511,rotating__example_uniform__reset_each_stage,validation,50,31
85.36585569381714,rotating__example_uniform__reset_each_stage,validation,50,32
91.01123809814453,rotating__example_uniform__reset_each_stage,validation,50,33
84.21052694320679,rotating__example_uniform__reset_each_stage,validation,50,34
88.39285969734192,rotating__example_uniform__reset_each_stage,validation,50,35
90.24389982223511,rotating__example_uniform__reset_each_stage,validation,50,36
72.22222089767456,rotating__example_uniform__reset_each_stage,validation,50,37
82.45614171028137,rotating__example_uniform__reset_each_stage,validation,50,38
85.86956262588501,rotating__example_uniform__reset_each_stage,validation,50,39
88.48921060562134,rotating__example_uniform__reset_each_stage,validation,50,4
83.63636136054993,rotating__example_uniform__reset_each_stage,validation,50,40
81.66666626930237,rotating__example_uniform__reset_each_stage,validation,50,41
79.81651425361633,rotating__example_uniform__reset_each_stage,validation,50,42
88.15789222717285,rotating__example_uniform__reset_each_stage,validation,50,43
86.20689511299133,rotating__example_uniform__reset_each_stage,validation,50,44
90.58823585510254,rotating__example_uniform__reset_each_stage,validation,50,45
82.35294222831726,rotating__example_uniform__reset_each_stage,validation,50,46
85.71428656578064,rotating__example_uniform__reset_each_stage,validation,50,47
80.2197813987732,rotating__example_uniform__reset_each_stage,validation,50,48
63.52941393852234,rotating__example_uniform__reset_each_stage,validation,50,49
86.40776872634888,rotating__example_uniform__reset_each_stage,validation,50,5
87.64045238494873,rotating__example_uniform__reset_each_stage,validation,50,50
89.47368264198303,rotating__example_uniform__reset_each_stage,validation,50,6
95.652174949646,rotating__example_uniform__reset_each_stage,validation,50,7
82.2429895401001,rotating__example_uniform__reset_each_stage,validation,50,8
89.52381014823914,rotating__example_uniform__reset_each_stage,validation,50,9
98.68766665458679,rotating__task_uniform__carry,fit_population,50,1
98.40182662010193,rotating__task_uniform__carry,fit_population,50,10
98.41772317886353,rotating__task_uniform__carry,fit_population,50,11
97.0108687877655,rotating__task_uniform__carry,fit_population,50,12
98.53300452232361,rotating__task_uniform__carry,fit_population,50,13
94.9999988079071,rotating__task_uniform__carry,fit_population,50,14
98.38709831237793,rotating__task_uniform__carry,fit_population,50,15
95.7446813583374,rotating__task_uniform__carry,fit_population,50,16
97.49373197555542,rotating__task_uniform__carry,fit_population,50,17
97.3372757434845,rotating__task_uniform__carry,fit_population,50,18
98.26589822769165,rotating__task_uniform__carry,fit_population,50,19
93.68932247161865,rotating__task_uniform__carry,fit_population,50,2
97.83950448036194,rotating__task_uniform__carry,fit_population,50,20
98.27213883399963,rotating__task_uniform__carry,fit_population,50,21
97.65625,rotating__task_uniform__carry,fit_population,50,22
94.11764740943909,rotating__task_uniform__carry,fit_population,50,23
93.79562139511108,rotating__task_uniform__carry,fit_population,50,24
98.54369163513184,rotating__task_uniform__carry,fit_population,50,25
96.70050740242004,rotating__task_uniform__carry,fit_population,50,26
97.77158498764038,rotating__task_uniform__carry,fit_population,50,27
98.76161217689514,rotating__task_uniform__carry,fit_population,50,28
98.07692170143127,rotating__task_uniform__carry,fit_population,50,29
96.58848643302917,rotating__task_uniform__carry,fit_population,50,3
94.7445273399353,rotating__task_uniform__carry,fit_population,50,30
95.91280817985535,rotating__task_uniform__carry,fit_population,50,31
97.85276055335999,rotating__task_uniform__carry,fit_population,50,32
95.76271176338196,rotating__task_uniform__carry,fit_population,50,33
95.55555582046509,rotating__task_uniform__carry,fit_population,50,34
95.343679189682,rotating__task_uniform__carry,fit_population,50,35
97.5806474685669,rotating__task_uniform__carry,fit_population,50,36
94.07114386558533,rotating__task_uniform__carry,fit_population,50,37
95.66160440444946,rotating__task_uniform__carry,fit_population,50,38
96.45776748657227,rotating__task_uniform__carry,fit_population,50,39
95.92920541763306,rotating__task_uniform__carry,fit_population,50,4
94.14414167404175,rotating__task_uniform__carry,fit_population,50,40
96.62446975708008,rotating__task_uniform__carry,fit_population,50,41
92.48291850090027,rotating__task_uniform__carry,fit_population,50,42
96.73202633857727,rotating__task_uniform__carry,fit_population,50,43
97.8723406791687,rotating__task_uniform__carry,fit_population,50,44
94.95549201965332,rotating__task_uniform__carry,fit_population,50,45
90.17199277877808,rotating__task_uniform__carry,fit_population,50,46
93.33333373069763,rotating__task_uniform__carry,fit_population,50,47
89.64577913284302,rotating__task_uniform__carry,fit_population,50,48
79.2792797088623,rotating__task_uniform__carry,fit_population,50,49
95.88377475738525,rotating__task_uniform__carry,fit_population,50,5
87.32394576072693,rotating__task_uniform__carry,fit_population,50,50
97.67441749572754,rotating__task_uniform__carry,fit_population,50,6
97.28997349739075,rotating__task_uniform__carry,fit_population,50,7
94.15887594223022,rotating__task_uniform__carry,fit_population,50,8
97.64150977134705,rotating__task_uniform__carry,fit_population,50,9
91.4893627166748,rotating__task_uniform__carry,validation,50,1
89.90825414657593,rotating__task_uniform__carry,validation,50,10
82.27847814559937,rotating__task_uniform__carry,validation,50,11
88.17204236984253,rotating__task_uniform__carry,validation,50,12
91.17646813392639,rotating__task_uniform__carry,validation,50,13
91.50943160057068,rotating__task_uniform__carry,validation,50,14
84.94623899459839,rotating__task_uniform__carry,validation,50,15
83.96226167678833,rotating__task_uniform__carry,validation,50,16
91.91918969154358,rotating__task_uniform__carry,validation,50,17
88.23529481887817,rotating__task_uniform__carry,validation,50,18
86.20689511299133,rotating__task_uniform__carry,validation,50,19
86.27451062202454,rotating__task_uniform__carry,validation,50,2
84.14633870124817,rotating__task_uniform__carry,validation,50,20
92.24137663841248,rotating__task_uniform__carry,validation,50,21
83.33333134651184,rotating__task_uniform__carry,validation,50,22
80.85106611251831,rotating__task_uniform__carry,validation,50,23
82.85714387893677,rotating__task_uniform__carry,validation,50,24
90.56603908538818,rotating__task_uniform__carry,validation,50,25
86.8686854839325,rotating__task_uniform__carry,validation,50,26
87.91208863258362,rotating__task_uniform__carry,validation,50,27
96.29629850387573,rotating__task_uniform__carry,validation,50,28
89.13043737411499,rotating__task_uniform__carry,validation,50,29
88.88888955116272,rotating__task_uniform__carry,validation,50,3
91.22806787490845,rotating__task_uniform__carry,validation,50,30
89.01098966598511,rotating__task_uniform__carry,validation,50,31
84.14633870124817,rotating__task_uniform__carry,validation,50,32
93.2584285736084,rotating__task_uniform__carry,validation,50,33
80.70175647735596,rotating__task_uniform__carry,validation,50,34
81.25,rotating__task_uniform__carry,validation,50,35
91.05691313743591,rotating__task_uniform__carry,validation,50,36
75.39682388305664,rotating__task_uniform__carry,validation,50,37
85.9649121761322,rotating__task_uniform__carry,validation,50,38
88.04348111152649,rotating__task_uniform__carry,validation,50,39
87.05036044120789,rotating__task_uniform__carry,validation,50,4
81.81818127632141,rotating__task_uniform__carry,validation,50,40
83.33333134651184,rotating__task_uniform__carry,validation,50,41
82.56880640983582,rotating__task_uniform__carry,validation,50,42
88.15789222717285,rotating__task_uniform__carry,validation,50,43
89.65517282485962,rotating__task_uniform__carry,validation,50,44
89.41176533699036,rotating__task_uniform__carry,validation,50,45
81.3725471496582,rotating__task_uniform__carry,validation,50,46
86.81318759918213,rotating__task_uniform__carry,validation,50,47
83.51648449897766,rotating__task_uniform__carry,validation,50,48
60.00000238418579,rotating__task_uniform__carry,validation,50,49
85.43689250946045,rotating__task_uniform__carry,validation,50,5
83.14606547355652,rotating__task_uniform__carry,validation,50,50
91.57894849777222,rotating__task_uniform__carry,validation,50,6
93.478262424469,rotating__task_uniform__carry,validation,50,7
84.112149477005,rotating__task_uniform__carry,validation,50,8
91.42857193946838,rotating__task_uniform__carry,validation,50,9
97.11285829544067,rotating__task_uniform__reset_each_stage,fit_population,50,1
98.40182662010193,rotating__task_uniform__reset_each_stage,fit_population,50,10
96.83544039726257,rotating__task_uniform__reset_each_stage,fit_population,50,11
95.923912525177,rotating__task_uniform__reset_each_stage,fit_population,50,12
98.77750873565674,rotating__task_uniform__reset_each_stage,fit_population,50,13
96.66666388511658,rotating__task_uniform__reset_each_stage,fit_population,50,14
97.5806474685669,rotating__task_uniform__reset_each_stage,fit_population,50,15
96.92671298980713,rotating__task_uniform__reset_each_stage,fit_population,50,16
97.49373197555542,rotating__task_uniform__reset_each_stage,fit_population,50,17
98.81656765937805,rotating__task_uniform__reset_each_stage,fit_population,50,18
97.1098244190216,rotating__task_uniform__reset_each_stage,fit_population,50,19
96.11650705337524,rotating__task_uniform__reset_each_stage,fit_population,50,2
96.60493731498718,rotating__task_uniform__reset_each_stage,fit_population,50,20
97.40820527076721,rotating__task_uniform__reset_each_stage,fit_population,50,21
98.69791865348816,rotating__task_uniform__reset_each_stage,fit_population,50,22
94.38502788543701,rotating__task_uniform__reset_each_stage,fit_population,50,23
95.6204354763031,rotating__task_uniform__reset_each_stage,fit_population,50,24
99.02912378311157,rotating__task_uniform__reset_each_stage,fit_population,50,25
95.43147087097168,rotating__task_uniform__reset_each_stage,fit_population,50,26
98.05014133453369,rotating__task_uniform__reset_each_stage,fit_population,50,27
96.90402746200562,rotating__task_uniform__reset_each_stage,fit_population,50,28
96.42857313156128,rotating__task_uniform__reset_each_stage,fit_population,50,29
95.30916810035706,rotating__task_uniform__reset_each_stage,fit_population,50,3
95.47445178031921,rotating__task_uniform__reset_each_stage,fit_population,50,30
97.82016277313232,rotating__task_uniform__reset_each_stage,fit_population,50,31
96.62576913833618,rotating__task_uniform__reset_each_stage,fit_population,50,32
96.32768630981445,rotating__task_uniform__reset_each_stage,fit_population,50,33
98.22221994400024,rotating__task_uniform__reset_each_stage,fit_population,50,34
94.67849135398865,rotating__task_uniform__reset_each_stage,fit_population,50,35
94.55645084381104,rotating__task_uniform__reset_each_stage,fit_population,50,36
93.87351870536804,rotating__task_uniform__reset_each_stage,fit_population,50,37
93.92624497413635,rotating__task_uniform__reset_each_stage,fit_population,50,38
95.91280817985535,rotating__task_uniform__reset_each_stage,fit_population,50,39
97.52212166786194,rotating__task_uniform__reset_each_stage,fit_population,50,4
91.44144058227539,rotating__task_uniform__reset_each_stage,fit_population,50,40
94.09282803535461,rotating__task_uniform__reset_each_stage,fit_population,50,41
92.02733635902405,rotating__task_uniform__reset_each_stage,fit_population,50,42
96.07843160629272,rotating__task_uniform__reset_each_stage,fit_population,50,43
95.31915187835693,rotating__task_uniform__reset_each_stage,fit_population,50,44
95.25222778320312,rotating__task_uniform__reset_each_stage,fit_population,50,45
90.41768908500671,rotating__task_uniform__reset_each_stage,fit_population,50,46
92.5000011920929,rotating__task_uniform__reset_each_stage,fit_population,50,47
90.19073843955994,rotating__task_uniform__reset_each_stage,fit_population,50,48
77.77777910232544,rotating__task_uniform__reset_each_stage,fit_population,50,49
98.0629563331604,rotating__task_uniform__reset_each_stage,fit_population,50,5
86.76056265830994,rotating__task_uniform__reset_each_stage,fit_population,50,50
98.44961166381836,rotating__task_uniform__reset_each_stage,fit_population,50,6
98.37398529052734,rotating__task_uniform__reset_each_stage,fit_population,50,7
95.56074738502502,rotating__task_uniform__reset_each_stage,fit_population,50,8
97.64150977134705,rotating__task_uniform__reset_each_stage,fit_population,50,9
89.3617033958435,rotating__task_uniform__reset_each_stage,validation,50,1
94.49541568756104,rotating__task_uniform__reset_each_stage,validation,50,10
79.7468364238739,rotating__task_uniform__reset_each_stage,validation,50,11
84.94623899459839,rotating__task_uniform__reset_each_stage,validation,50,12
93.13725233078003,rotating__task_uniform__reset_each_stage,validation,50,13
92.45283007621765,rotating__task_uniform__reset_each_stage,validation,50,14
91.39785170555115,rotating__task_uniform__reset_each_stage,validation,50,15
87.73584961891174,rotating__task_uniform__reset_each_stage,validation,50,16
91.91918969154358,rotating__task_uniform__reset_each_stage,validation,50,17
92.9411768913269,rotating__task_uniform__reset_each_stage,validation,50,18
86.20689511299133,rotating__task_uniform__reset_each_stage,validation,50,19
85.29411554336548,rotating__task_uniform__reset_each_stage,validation,50,2
87.80487775802612,rotating__task_uniform__reset_each_stage,validation,50,20
92.24137663841248,rotating__task_uniform__reset_each_stage,validation,50,21
87.5,rotating__task_uniform__reset_each_stage,validation,50,22
76.59574747085571,rotating__task_uniform__reset_each_stage,validation,50,23
80.0000011920929,rotating__task_uniform__reset_each_stage,validation,50,24
92.45283007621765,rotating__task_uniform__reset_each_stage,validation,50,25
86.8686854839325,rotating__task_uniform__reset_each_stage,validation,50,26
89.01098966598511,rotating__task_uniform__reset_each_stage,validation,50,27
93.82715821266174,rotating__task_uniform__reset_each_stage,validation,50,28
89.13043737411499,rotating__task_uniform__reset_each_stage,validation,50,29
90.59829115867615,rotating__task_uniform__reset_each_stage,validation,50,3
90.64327478408813,rotating__task_uniform__reset_each_stage,validation,50,30
90.1098906993866,rotating__task_uniform__reset_each_stage,validation,50,31
85.36585569381714,rotating__task_uniform__reset_each_stage,validation,50,32
94.38202381134033,rotating__task_uniform__reset_each_stage,validation,50,33
80.70175647735596,rotating__task_uniform__reset_each_stage,validation,50,34
85.71428656578064,rotating__task_uniform__reset_each_stage,validation,50,35
88.61788511276245,rotating__task_uniform__reset_each_stage,validation,50,36
77.77777910232544,rotating__task_uniform__reset_each_stage,validation,50,37
85.08771657943726,rotating__task_uniform__reset_each_stage,validation,50,38
89.13043737411499,rotating__task_uniform__reset_each_stage,validation,50,39
85.61151027679443,rotating__task_uniform__reset_each_stage,validation,50,4
83.63636136054993,rotating__task_uniform__reset_each_stage,validation,50,40
76.66666507720947,rotating__task_uniform__reset_each_stage,validation,50,41
87.15596199035645,rotating__task_uniform__reset_each_stage,validation,50,42
88.15789222717285,rotating__task_uniform__reset_each_stage,validation,50,43
84.48275923728943,rotating__task_uniform__reset_each_stage,validation,50,44
88.23529481887817,rotating__task_uniform__reset_each_stage,validation,50,45
88.23529481887817,rotating__task_uniform__reset_each_stage,validation,50,46
91.20879173278809,rotating__task_uniform__reset_each_stage,validation,50,47
85.71428656578064,rotating__task_uniform__reset_each_stage,validation,50,48
65.8823549747467,rotating__task_uniform__reset_each_stage,validation,50,49
88.34951519966125,rotating__task_uniform__reset_each_stage,validation,50,5
85.39325594902039,rotating__task_uniform__reset_each_stage,validation,50,50
87.36842274665833,rotating__task_uniform__reset_each_stage,validation,50,6
91.30434989929199,rotating__task_uniform__reset_each_stage,validation,50,7
80.37382960319519,rotating__task_uniform__reset_each_stage,validation,50,8
88.57142925262451,rotating__task_uniform__reset_each_stage,validation,50,9
91.86351895332336,fresh_full_history,fit_population,50,1
96.5753436088562,fresh_full_history,fit_population,50,10
91.13923907279968,fresh_full_history,fit_population,50,11
88.5869562625885,fresh_full_history,fit_population,50,12
95.110023021698,fresh_full_history,fit_population,50,13
91.19047522544861,fresh_full_history,fit_population,50,14
95.69892287254333,fresh_full_history,fit_population,50,15
94.08983588218689,fresh_full_history,fit_population,50,16
91.72932505607605,fresh_full_history,fit_population,50,17
93.78698468208313,fresh_full_history,fit_population,50,18
91.61849617958069,fresh_full_history,fit_population,50,19
92.47573018074036,fresh_full_history,fit_population,50,2
90.74074029922485,fresh_full_history,fit_population,50,20
94.38444972038269,fresh_full_history,fit_population,50,21
93.22916865348816,fresh_full_history,fit_population,50,22
87.4331533908844,fresh_full_history,fit_population,50,23
88.68613243103027,fresh_full_history,fit_population,50,24
93.68932247161865,fresh_full_history,fit_population,50,25
93.14720630645752,fresh_full_history,fit_population,50,26
94.70751881599426,fresh_full_history,fit_population,50,27
96.28483057022095,fresh_full_history,fit_population,50,28
90.6593382358551,fresh_full_history,fit_population,50,29
91.04477763175964,fresh_full_history,fit_population,50,3
92.70073175430298,fresh_full_history,fit_population,50,30
95.36784887313843,fresh_full_history,fit_population,50,31
92.94478297233582,fresh_full_history,fit_population,50,32
91.52542352676392,fresh_full_history,fit_population,50,33
92.44444370269775,fresh_full_history,fit_population,50,34
92.23946928977966,fresh_full_history,fit_population,50,35
92.54032373428345,fresh_full_history,fit_population,50,36
86.75889372825623,fresh_full_history,fit_population,50,37
90.88937044143677,fresh_full_history,fit_population,50,38
90.73569774627686,fresh_full_history,fit_population,50,39
93.80530714988708,fresh_full_history,fit_population,50,4
87.61261105537415,fresh_full_history,fit_population,50,40
90.71729779243469,fresh_full_history,fit_population,50,41
85.42141318321228,fresh_full_history,fit_population,50,42
90.84967374801636,fresh_full_history,fit_population,50,43
88.08510899543762,fresh_full_history,fit_population,50,44
91.69139266014099,fresh_full_history,fit_population,50,45
86.97788715362549,fresh_full_history,fit_population,50,46
86.66666746139526,fresh_full_history,fit_population,50,47
88.28337788581848,fresh_full_history,fit_population,50,48
78.07807922363281,fresh_full_history,fit_population,50,49
93.46246719360352,fresh_full_history,fit_population,50,5
86.47887110710144,fresh_full_history,fit_population,50,50
93.54005455970764,fresh_full_history,fit_population,50,6
92.68292784690857,fresh_full_history,fit_population,50,7
90.18691778182983,fresh_full_history,fit_population,50,8
93.86792182922363,fresh_full_history,fit_population,50,9
93.6170220375061,fresh_full_history,validation,50,1
94.49541568756104,fresh_full_history,validation,50,10
92.40506291389465,fresh_full_history,validation,50,11
91.39785170555115,fresh_full_history,validation,50,12
97.0588207244873,fresh_full_history,validation,50,13
97.16981053352356,fresh_full_history,validation,50,14
92.4731194972992,fresh_full_history,validation,50,15
94.33962106704712,fresh_full_history,validation,50,16
93.9393937587738,fresh_full_history,validation,50,17
92.9411768913269,fresh_full_history,validation,50,18
87.35632300376892,fresh_full_history,validation,50,19
93.13725233078003,fresh_full_history,validation,50,2
90.24389982223511,fresh_full_history,validation,50,20
93.96551847457886,fresh_full_history,validation,50,21
89.58333134651184,fresh_full_history,validation,50,22
86.17021441459656,fresh_full_history,validation,50,23
91.42857193946838,fresh_full_history,validation,50,24
94.33962106704712,fresh_full_history,validation,50,25
91.91918969154358,fresh_full_history,validation,50,26
95.60439586639404,fresh_full_history,validation,50,27
98.76543283462524,fresh_full_history,validation,50,28
90.21739363670349,fresh_full_history,validation,50,29
93.16239356994629,fresh_full_history,validation,50,3
90.05848169326782,fresh_full_history,validation,50,30
89.01098966598511,fresh_full_history,validation,50,31
90.24389982223511,fresh_full_history,validation,50,32
94.38202381134033,fresh_full_history,validation,50,33
91.22806787490845,fresh_full_history,validation,50,34
91.96428656578064,fresh_full_history,validation,50,35
90.24389982223511,fresh_full_history,validation,50,36
81.7460298538208,fresh_full_history,validation,50,37
87.71929740905762,fresh_full_history,validation,50,38
93.478262424469,fresh_full_history,validation,50,39
94.96402740478516,fresh_full_history,validation,50,4
86.36363744735718,fresh_full_history,validation,50,40
88.33333253860474,fresh_full_history,validation,50,41
92.66055226325989,fresh_full_history,validation,50,42
92.1052634716034,fresh_full_history,validation,50,43
82.75862336158752,fresh_full_history,validation,50,44
95.29411792755127,fresh_full_history,validation,50,45
86.27451062202454,fresh_full_history,validation,50,46
91.20879173278809,fresh_full_history,validation,50,47
84.61538553237915,fresh_full_history,validation,50,48
68.23529601097107,fresh_full_history,validation,50,49
88.34951519966125,fresh_full_history,validation,50,5
86.51685118675232,fresh_full_history,validation,50,50
92.63157844543457,fresh_full_history,validation,50,6
95.652174949646,fresh_full_history,validation,50,7
88.78504633903503,fresh_full_history,validation,50,8
91.42857193946838,fresh_full_history,validation,50,9
80.5084764957428,static__example_uniform__carry,test,31,1
71.01449370384216,static__example_uniform__carry,test,31,10
70.99999785423279,static__example_uniform__carry,test,31,11
71.55172228813171,static__example_uniform__carry,test,31,12
75.59055089950562,static__example_uniform__carry,test,31,13
67.42424368858337,static__example_uniform__carry,test,31,14
65.51724076271057,static__example_uniform__carry,test,31,15
64.6616518497467,static__example_uniform__carry,test,31,16
72.22222089767456,static__example_uniform__carry,test,31,17
71.69811129570007,static__example_uniform__carry,test,31,18
62.38532066345215,static__example_uniform__carry,test,31,19
73.07692170143127,static__example_uniform__carry,test,31,2
65.34653306007385,static__example_uniform__carry,test,31,20
69.44444179534912,static__example_uniform__carry,test,31,21
65.83333611488342,static__example_uniform__carry,test,31,22
64.95726704597473,static__example_uniform__carry,test,31,23
55.81395626068115,static__example_uniform__carry,test,31,24
58.461540937423706,static__example_uniform__carry,test,31,25
61.78861856460571,static__example_uniform__carry,test,31,26
61.06194853782654,static__example_uniform__carry,test,31,27
71.56862616539001,static__example_uniform__carry,test,31,28
66.66666865348816,static__example_uniform__carry,test,31,29
73.97260069847107,static__example_uniform__carry,test,31,3
71.96261882781982,static__example_uniform__carry,test,31,30
74.56140518188477,static__example_uniform__carry,test,31,31
76.13636255264282,static__example_uniform__carry,test,31,4
72.65625,static__example_uniform__carry,test,31,5
75.0,static__example_uniform__carry,test,31,6
66.9565200805664,static__example_uniform__carry,test,31,7
77.44361162185669,static__example_uniform__carry,test,31,8
70.14925479888916,static__example_uniform__carry,test,31,9
77.96609997749329,static__example_uniform__reset_each_stage,test,31,1
73.9130437374115,static__example_uniform__reset_each_stage,test,31,10
72.00000286102295,static__example_uniform__reset_each_stage,test,31,11
68.1034505367279,static__example_uniform__reset_each_stage,test,31,12
78.7401556968689,static__example_uniform__reset_each_stage,test,31,13
68.9393937587738,static__example_uniform__reset_each_stage,test,31,14
68.96551847457886,static__example_uniform__reset_each_stage,test,31,15
66.16541147232056,static__example_uniform__reset_each_stage,test,31,16
65.07936716079712,static__example_uniform__reset_each_stage,test,31,17
70.75471878051758,static__example_uniform__reset_each_stage,test,31,18
59.633028507232666,static__example_uniform__reset_each_stage,test,31,19
70.76923251152039,static__example_uniform__reset_each_stage,test,31,2
68.31682920455933,static__example_uniform__reset_each_stage,test,31,20
74.30555820465088,static__example_uniform__reset_each_stage,test,31,21
65.83333611488342,static__example_uniform__reset_each_stage,test,31,22
62.39316463470459,static__example_uniform__reset_each_stage,test,31,23
58.139532804489136,static__example_uniform__reset_each_stage,test,31,24
63.07692527770996,static__example_uniform__reset_each_stage,test,31,25
68.29268336296082,static__example_uniform__reset_each_stage,test,31,26
62.83186078071594,static__example_uniform__reset_each_stage,test,31,27
74.50980544090271,static__example_uniform__reset_each_stage,test,31,28
59.64912176132202,static__example_uniform__reset_each_stage,test,31,29
68.49315166473389,static__example_uniform__reset_each_stage,test,31,3
69.15887594223022,static__example_uniform__reset_each_stage,test,31,30
71.05262875556946,static__example_uniform__reset_each_stage,test,31,31
77.27272510528564,static__example_uniform__reset_each_stage,test,31,4
71.09375,static__example_uniform__reset_each_stage,test,31,5
75.0,static__example_uniform__reset_each_stage,test,31,6
67.8260862827301,static__example_uniform__reset_each_stage,test,31,7
78.94737124443054,static__example_uniform__reset_each_stage,test,31,8
69.40298676490784,static__example_uniform__reset_each_stage,test,31,9
77.11864113807678,static__task_uniform__carry,test,31,1
73.9130437374115,static__task_uniform__carry,test,31,10
68.00000071525574,static__task_uniform__carry,test,31,11
68.1034505367279,static__task_uniform__carry,test,31,12
77.16535329818726,static__task_uniform__carry,test,31,13
68.9393937587738,static__task_uniform__carry,test,31,14
68.96551847457886,static__task_uniform__carry,test,31,15
63.15789222717285,static__task_uniform__carry,test,31,16
69.84127163887024,static__task_uniform__carry,test,31,17
68.86792182922363,static__task_uniform__carry,test,31,18
56.880736351013184,static__task_uniform__carry,test,31,19
74.61538314819336,static__task_uniform__carry,test,31,2
66.33663177490234,static__task_uniform__carry,test,31,20
78.47222089767456,static__task_uniform__carry,test,31,21
71.66666388511658,static__task_uniform__carry,test,31,22
64.10256624221802,static__task_uniform__carry,test,31,23
62.79069781303406,static__task_uniform__carry,test,31,24
61.538463830947876,static__task_uniform__carry,test,31,25
65.85366129875183,static__task_uniform__carry,test,31,26
66.37167930603027,static__task_uniform__carry,test,31,27
74.50980544090271,static__task_uniform__carry,test,31,28
66.66666865348816,static__task_uniform__carry,test,31,29
72.60273694992065,static__task_uniform__carry,test,31,3
65.42056202888489,static__task_uniform__carry,test,31,30
70.17543911933899,static__task_uniform__carry,test,31,31
76.70454382896423,static__task_uniform__carry,test,31,4
73.4375,static__task_uniform__carry,test,31,5
75.0,static__task_uniform__carry,test,31,6
73.0434775352478,static__task_uniform__carry,test,31,7
79.69924807548523,static__task_uniform__carry,test,31,8
68.65671873092651,static__task_uniform__carry,test,31,9
77.96609997749329,static__task_uniform__reset_each_stage,test,31,1
71.01449370384216,static__task_uniform__reset_each_stage,test,31,10
67.00000166893005,static__task_uniform__reset_each_stage,test,31,11
70.68965435028076,static__task_uniform__reset_each_stage,test,31,12
75.59055089950562,static__task_uniform__reset_each_stage,test,31,13
68.9393937587738,static__task_uniform__reset_each_stage,test,31,14
66.37930870056152,static__task_uniform__reset_each_stage,test,31,15
65.41353464126587,static__task_uniform__reset_each_stage,test,31,16
69.84127163887024,static__task_uniform__reset_each_stage,test,31,17
71.69811129570007,static__task_uniform__reset_each_stage,test,31,18
64.2201840877533,static__task_uniform__reset_each_stage,test,31,19
71.53846025466919,static__task_uniform__reset_each_stage,test,31,2
63.36633563041687,static__task_uniform__reset_each_stage,test,31,20
77.77777910232544,static__task_uniform__reset_each_stage,test,31,21
67.5000011920929,static__task_uniform__reset_each_stage,test,31,22
62.39316463470459,static__task_uniform__reset_each_stage,test,31,23
60.4651153087616,static__task_uniform__reset_each_stage,test,31,24
67.69230961799622,static__task_uniform__reset_each_stage,test,31,25
67.47967600822449,static__task_uniform__reset_each_stage,test,31,26
63.716816902160645,static__task_uniform__reset_each_stage,test,31,27
75.49019455909729,static__task_uniform__reset_each_stage,test,31,28
62.28070259094238,static__task_uniform__reset_each_stage,test,31,29
76.7123281955719,static__task_uniform__reset_each_stage,test,31,3
67.2897219657898,static__task_uniform__reset_each_stage,test,31,30
71.05262875556946,static__task_uniform__reset_each_stage,test,31,31
75.56818127632141,static__task_uniform__reset_each_stage,test,31,4
67.96875,static__task_uniform__reset_each_stage,test,31,5
74.16666746139526,static__task_uniform__reset_each_stage,test,31,6
70.43478488922119,static__task_uniform__reset_each_stage,test,31,7
80.45112490653992,static__task_uniform__reset_each_stage,test,31,8
73.88059496879578,static__task_uniform__reset_each_stage,test,31,9
79.6610176563263,rotating__example_uniform__carry,test,31,1
73.9130437374115,rotating__example_uniform__carry,test,31,10
67.00000166893005,rotating__example_uniform__carry,test,31,11
71.55172228813171,rotating__example_uniform__carry,test,31,12
75.59055089950562,rotating__example_uniform__carry,test,31,13
69.69696879386902,rotating__example_uniform__carry,test,31,14
68.1034505367279,rotating__example_uniform__carry,test,31,15
64.6616518497467,rotating__example_uniform__carry,test,31,16
71.42857313156128,rotating__example_uniform__carry,test,31,17
73.58490824699402,rotating__example_uniform__carry,test,31,18
64.2201840877533,rotating__example_uniform__carry,test,31,19
76.92307829856873,rotating__example_uniform__carry,test,31,2
67.32673048973083,rotating__example_uniform__carry,test,31,20
75.0,rotating__example_uniform__carry,test,31,21
64.99999761581421,rotating__example_uniform__carry,test,31,22
66.66666865348816,rotating__example_uniform__carry,test,31,23
60.4651153087616,rotating__example_uniform__carry,test,31,24
60.00000238418579,rotating__example_uniform__carry,test,31,25
58.53658318519592,rotating__example_uniform__carry,test,31,26
65.48672318458557,rotating__example_uniform__carry,test,31,27
74.50980544090271,rotating__example_uniform__carry,test,31,28
57.01754093170166,rotating__example_uniform__carry,test,31,29
71.91780805587769,rotating__example_uniform__carry,test,31,3
71.02803587913513,rotating__example_uniform__carry,test,31,30
71.9298243522644,rotating__example_uniform__carry,test,31,31
75.0,rotating__example_uniform__carry,test,31,4
70.3125,rotating__example_uniform__carry,test,31,5
75.0,rotating__example_uniform__carry,test,31,6
66.9565200805664,rotating__example_uniform__carry,test,31,7
76.69172883033752,rotating__example_uniform__carry,test,31,8
72.38805890083313,rotating__example_uniform__carry,test,31,9
76.27118825912476,rotating__example_uniform__reset_each_stage,test,31,1
71.01449370384216,rotating__example_uniform__reset_each_stage,test,31,10
72.00000286102295,rotating__example_uniform__reset_each_stage,test,31,11
70.68965435028076,rotating__example_uniform__reset_each_stage,test,31,12
75.59055089950562,rotating__example_uniform__reset_each_stage,test,31,13
71.21211886405945,rotating__example_uniform__reset_each_stage,test,31,14
62.931036949157715,rotating__example_uniform__reset_each_stage,test,31,15
63.90977501869202,rotating__example_uniform__reset_each_stage,test,31,16
68.2539701461792,rotating__example_uniform__reset_each_stage,test,31,17
76.41509175300598,rotating__example_uniform__reset_each_stage,test,31,18
59.633028507232666,rotating__example_uniform__reset_each_stage,test,31,19
71.53846025466919,rotating__example_uniform__reset_each_stage,test,31,2
67.32673048973083,rotating__example_uniform__reset_each_stage,test,31,20
71.52777910232544,rotating__example_uniform__reset_each_stage,test,31,21
69.16666626930237,rotating__example_uniform__reset_each_stage,test,31,22
69.2307710647583,rotating__example_uniform__reset_each_stage,test,31,23
62.79069781303406,rotating__example_uniform__reset_each_stage,test,31,24
70.76923251152039,rotating__example_uniform__reset_each_stage,test,31,25
65.85366129875183,rotating__example_uniform__reset_each_stage,test,31,26
66.37167930603027,rotating__example_uniform__reset_each_stage,test,31,27
77.45097875595093,rotating__example_uniform__reset_each_stage,test,31,28
58.77193212509155,rotating__example_uniform__reset_each_stage,test,31,29
69.17808055877686,rotating__example_uniform__reset_each_stage,test,31,3
70.56074738502502,rotating__example_uniform__reset_each_stage,test,31,30
68.42105388641357,rotating__example_uniform__reset_each_stage,test,31,31
75.56818127632141,rotating__example_uniform__reset_each_stage,test,31,4
71.09375,rotating__example_uniform__reset_each_stage,test,31,5
74.16666746139526,rotating__example_uniform__reset_each_stage,test,31,6
71.30434513092041,rotating__example_uniform__reset_each_stage,test,31,7
79.69924807548523,rotating__example_uniform__reset_each_stage,test,31,8
74.6268630027771,rotating__example_uniform__reset_each_stage,test,31,9
78.81355881690979,rotating__task_uniform__carry,test,31,1
72.46376872062683,rotating__task_uniform__carry,test,31,10
68.00000071525574,rotating__task_uniform__carry,test,31,11
69.82758641242981,rotating__task_uniform__carry,test,31,12
75.59055089950562,rotating__task_uniform__carry,test,31,13
75.0,rotating__task_uniform__carry,test,31,14
63.79310488700867,rotating__task_uniform__carry,test,31,15
66.16541147232056,rotating__task_uniform__carry,test,31,16
74.60317611694336,rotating__task_uniform__carry,test,31,17
75.47169923782349,rotating__task_uniform__carry,test,31,18
67.88991093635559,rotating__task_uniform__carry,test,31,19
75.38461685180664,rotating__task_uniform__carry,test,31,2
68.31682920455933,rotating__task_uniform__carry,test,31,20
75.0,rotating__task_uniform__carry,test,31,21
70.83333134651184,rotating__task_uniform__carry,test,31,22
61.538463830947876,rotating__task_uniform__carry,test,31,23
59.302324056625366,rotating__task_uniform__carry,test,31,24
58.461540937423706,rotating__task_uniform__carry,test,31,25
61.78861856460571,rotating__task_uniform__carry,test,31,26
63.716816902160645,rotating__task_uniform__carry,test,31,27
73.52941036224365,rotating__task_uniform__carry,test,31,28
65.78947305679321,rotating__task_uniform__carry,test,31,29
72.60273694992065,rotating__task_uniform__carry,test,31,3
66.82242751121521,rotating__task_uniform__carry,test,31,30
70.17543911933899,rotating__task_uniform__carry,test,31,31
76.13636255264282,rotating__task_uniform__carry,test,31,4
69.53125,rotating__task_uniform__carry,test,31,5
75.0,rotating__task_uniform__carry,test,31,6
71.30434513092041,rotating__task_uniform__carry,test,31,7
78.19548845291138,rotating__task_uniform__carry,test,31,8
70.89552283287048,rotating__task_uniform__carry,test,31,9
78.81355881690979,rotating__task_uniform__reset_each_stage,test,31,1
73.9130437374115,rotating__task_uniform__reset_each_stage,test,31,10
68.00000071525574,rotating__task_uniform__reset_each_stage,test,31,11
75.0,rotating__task_uniform__reset_each_stage,test,31,12
76.37795209884644,rotating__task_uniform__reset_each_stage,test,31,13
78.03030014038086,rotating__task_uniform__reset_each_stage,test,31,14
65.51724076271057,rotating__task_uniform__reset_each_stage,test,31,15
66.16541147232056,rotating__task_uniform__reset_each_stage,test,31,16
71.42857313156128,rotating__task_uniform__reset_each_stage,test,31,17
67.92452931404114,rotating__task_uniform__reset_each_stage,test,31,18
64.2201840877533,rotating__task_uniform__reset_each_stage,test,31,19
73.07692170143127,rotating__task_uniform__reset_each_stage,test,31,2
64.35643434524536,rotating__task_uniform__reset_each_stage,test,31,20
75.69444179534912,rotating__task_uniform__reset_each_stage,test,31,21
69.16666626930237,rotating__task_uniform__reset_each_stage,test,31,22
62.39316463470459,rotating__task_uniform__reset_each_stage,test,31,23
61.62790656089783,rotating__task_uniform__reset_each_stage,test,31,24
66.15384817123413,rotating__task_uniform__reset_each_stage,test,31,25
68.29268336296082,rotating__task_uniform__reset_each_stage,test,31,26
62.83186078071594,rotating__task_uniform__reset_each_stage,test,31,27
76.47058963775635,rotating__task_uniform__reset_each_stage,test,31,28
57.894736528396606,rotating__task_uniform__reset_each_stage,test,31,29
75.34246444702148,rotating__task_uniform__reset_each_stage,test,31,3
67.7570104598999,rotating__task_uniform__reset_each_stage,test,31,30
71.9298243522644,rotating__task_uniform__reset_each_stage,test,31,31
76.70454382896423,rotating__task_uniform__reset_each_stage,test,31,4
69.53125,rotating__task_uniform__reset_each_stage,test,31,5
75.0,rotating__task_uniform__reset_each_stage,test,31,6
73.0434775352478,rotating__task_uniform__reset_each_stage,test,31,7
81.20300769805908,rotating__task_uniform__reset_each_stage,test,31,8
74.6268630027771,rotating__task_uniform__reset_each_stage,test,31,9
82.20338821411133,fresh_full_history,test,31,1
74.63768124580383,fresh_full_history,test,31,10
73.00000190734863,fresh_full_history,test,31,11
72.41379022598267,fresh_full_history,test,31,12
75.59055089950562,fresh_full_history,test,31,13
72.72727489471436,fresh_full_history,test,31,14
66.37930870056152,fresh_full_history,test,31,15
69.92481350898743,fresh_full_history,test,31,16
73.01587462425232,fresh_full_history,test,31,17
77.35849022865295,fresh_full_history,test,31,18
68.80733966827393,fresh_full_history,test,31,19
77.69230604171753,fresh_full_history,test,31,2
61.38613820075989,fresh_full_history,test,31,20
80.55555820465088,fresh_full_history,test,31,21
67.5000011920929,fresh_full_history,test,31,22
65.81196784973145,fresh_full_history,test,31,23
62.79069781303406,fresh_full_history,test,31,24
61.538463830947876,fresh_full_history,test,31,25
65.85366129875183,fresh_full_history,test,31,26
68.14159154891968,fresh_full_history,test,31,27
77.45097875595093,fresh_full_history,test,31,28
58.77193212509155,fresh_full_history,test,31,29
73.97260069847107,fresh_full_history,test,31,3
68.69158744812012,fresh_full_history,test,31,30
72.80701994895935,fresh_full_history,test,31,31
81.25,fresh_full_history,test,31,4
79.6875,fresh_full_history,test,31,5
77.49999761581421,fresh_full_history,test,31,6
73.9130437374115,fresh_full_history,test,31,7
81.95488452911377,fresh_full_history,test,31,8
75.3731369972229,fresh_full_history,test,31,9
78.81355881690979,static__example_uniform__carry,test,50,1
74.63768124580383,static__example_uniform__carry,test,50,10
62.99999952316284,static__example_uniform__carry,test,50,11
68.96551847457886,static__example_uniform__carry,test,50,12
75.59055089950562,static__example_uniform__carry,test,50,13
76.51515007019043,static__example_uniform__carry,test,50,14
70.68965435028076,static__example_uniform__carry,test,50,15
66.16541147232056,static__example_uniform__carry,test,50,16
74.60317611694336,static__example_uniform__carry,test,50,17
81.13207817077637,static__example_uniform__carry,test,50,18
72.47706651687622,static__example_uniform__carry,test,50,19
76.92307829856873,static__example_uniform__carry,test,50,2
70.29703259468079,static__example_uniform__carry,test,50,20
75.69444179534912,static__example_uniform__carry,test,50,21
76.66666507720947,static__example_uniform__carry,test,50,22
62.39316463470459,static__example_uniform__carry,test,50,23
54.65116500854492,static__example_uniform__carry,test,50,24
66.15384817123413,static__example_uniform__carry,test,50,25
69.10569071769714,static__example_uniform__carry,test,50,26
71.68141603469849,static__example_uniform__carry,test,50,27
74.50980544090271,static__example_uniform__carry,test,50,28
63.15789222717285,static__example_uniform__carry,test,50,29
71.91780805587769,static__example_uniform__carry,test,50,3
78.03738117218018,static__example_uniform__carry,test,50,30
78.0701756477356,static__example_uniform__carry,test,50,31
67.96116232872009,static__example_uniform__carry,test,50,32
72.07207083702087,static__example_uniform__carry,test,50,33
62.85714507102966,static__example_uniform__carry,test,50,34
70.92198729515076,static__example_uniform__carry,test,50,35
78.57142686843872,static__example_uniform__carry,test,50,36
64.33120965957642,static__example_uniform__carry,test,50,37
81.1188817024231,static__example_uniform__carry,test,50,38
68.42105388641357,static__example_uniform__carry,test,50,39
79.54545617103577,static__example_uniform__carry,test,50,4
71.7391312122345,static__example_uniform__carry,test,50,40
64.86486196517944,static__example_uniform__carry,test,50,41
63.235294818878174,static__example_uniform__carry,test,50,42
67.70833134651184,static__example_uniform__carry,test,50,43
63.01369667053223,static__example_uniform__carry,test,50,44
86.66666746139526,static__example_uniform__carry,test,50,45
71.65354490280151,static__example_uniform__carry,test,50,46
69.91150379180908,static__example_uniform__carry,test,50,47
64.3478274345398,static__example_uniform__carry,test,50,48
73.07692170143127,static__example_uniform__carry,test,50,49
76.5625,static__example_uniform__carry,test,50,5
80.0000011920929,static__example_uniform__carry,test,50,50
75.83333253860474,static__example_uniform__carry,test,50,6
71.30434513092041,static__example_uniform__carry,test,50,7
77.44361162185669,static__example_uniform__carry,test,50,8
79.10447716712952,static__example_uniform__carry,test,50,9
77.11864113807678,static__example_uniform__reset_each_stage,test,50,1
75.36231875419617,static__example_uniform__reset_each_stage,test,50,10
62.99999952316284,static__example_uniform__reset_each_stage,test,50,11
65.51724076271057,static__example_uniform__reset_each_stage,test,50,12
77.95275449752808,static__example_uniform__reset_each_stage,test,50,13
68.18181872367859,static__example_uniform__reset_each_stage,test,50,14
71.55172228813171,static__example_uniform__reset_each_stage,test,50,15
63.90977501869202,static__example_uniform__reset_each_stage,test,50,16
72.22222089767456,static__example_uniform__reset_each_stage,test,50,17
83.96226167678833,static__example_uniform__reset_each_stage,test,50,18
69.72476840019226,static__example_uniform__reset_each_stage,test,50,19
73.84615540504456,static__example_uniform__reset_each_stage,test,50,2
62.37623691558838,static__example_uniform__reset_each_stage,test,50,20
77.08333134651184,static__example_uniform__reset_each_stage,test,50,21
74.16666746139526,static__example_uniform__reset_each_stage,test,50,22
60.68376302719116,static__example_uniform__reset_each_stage,test,50,23
46.51162922382355,static__example_uniform__reset_each_stage,test,50,24
67.69230961799622,static__example_uniform__reset_each_stage,test,50,25
71.54471278190613,static__example_uniform__reset_each_stage,test,50,26
69.02654767036438,static__example_uniform__reset_each_stage,test,50,27
75.49019455909729,static__example_uniform__reset_each_stage,test,50,28
64.0350878238678,static__example_uniform__reset_each_stage,test,50,29
68.49315166473389,static__example_uniform__reset_each_stage,test,50,3
76.63551568984985,static__example_uniform__reset_each_stage,test,50,30
72.80701994895935,static__example_uniform__reset_each_stage,test,50,31
67.96116232872009,static__example_uniform__reset_each_stage,test,50,32
72.07207083702087,static__example_uniform__reset_each_stage,test,50,33
69.9999988079071,static__example_uniform__reset_each_stage,test,50,34
71.6312050819397,static__example_uniform__reset_each_stage,test,50,35
83.11688303947449,static__example_uniform__reset_each_stage,test,50,36
71.33758068084717,static__example_uniform__reset_each_stage,test,50,37
86.01398468017578,static__example_uniform__reset_each_stage,test,50,38
69.29824352264404,static__example_uniform__reset_each_stage,test,50,39
80.11363744735718,static__example_uniform__reset_each_stage,test,50,4
71.7391312122345,static__example_uniform__reset_each_stage,test,50,40
59.45945978164673,static__example_uniform__reset_each_stage,test,50,41
61.764705181121826,static__example_uniform__reset_each_stage,test,50,42
67.70833134651184,static__example_uniform__reset_each_stage,test,50,43
61.64383292198181,static__example_uniform__reset_each_stage,test,50,44
86.66666746139526,static__example_uniform__reset_each_stage,test,50,45
71.65354490280151,static__example_uniform__reset_each_stage,test,50,46
74.33628439903259,static__example_uniform__reset_each_stage,test,50,47
62.6086950302124,static__example_uniform__reset_each_stage,test,50,48
76.92307829856873,static__example_uniform__reset_each_stage,test,50,49
74.21875,static__example_uniform__reset_each_stage,test,50,5
80.90909123420715,static__example_uniform__reset_each_stage,test,50,50
69.16666626930237,static__example_uniform__reset_each_stage,test,50,6
68.6956524848938,static__example_uniform__reset_each_stage,test,50,7
78.19548845291138,static__example_uniform__reset_each_stage,test,50,8
69.40298676490784,static__example_uniform__reset_each_stage,test,50,9
80.5084764957428,static__task_uniform__carry,test,50,1
77.53623127937317,static__task_uniform__carry,test,50,10
66.00000262260437,static__task_uniform__carry,test,50,11
72.41379022598267,static__task_uniform__carry,test,50,12
77.16535329818726,static__task_uniform__carry,test,50,13
68.9393937587738,static__task_uniform__carry,test,50,14
72.41379022598267,static__task_uniform__carry,test,50,15
66.16541147232056,static__task_uniform__carry,test,50,16
73.01587462425232,static__task_uniform__carry,test,50,17
80.1886796951294,static__task_uniform__carry,test,50,18
68.80733966827393,static__task_uniform__carry,test,50,19
79.23076748847961,static__task_uniform__carry,test,50,2
66.33663177490234,static__task_uniform__carry,test,50,20
78.47222089767456,static__task_uniform__carry,test,50,21
75.0,static__task_uniform__carry,test,50,22
64.95726704597473,static__task_uniform__carry,test,50,23
55.81395626068115,static__task_uniform__carry,test,50,24
75.38461685180664,static__task_uniform__carry,test,50,25
71.54471278190613,static__task_uniform__carry,test,50,26
69.91150379180908,static__task_uniform__carry,test,50,27
76.47058963775635,static__task_uniform__carry,test,50,28
68.42105388641357,static__task_uniform__carry,test,50,29
69.17808055877686,static__task_uniform__carry,test,50,3
75.70093274116516,static__task_uniform__carry,test,50,30
70.17543911933899,static__task_uniform__carry,test,50,31
64.07766938209534,static__task_uniform__carry,test,50,32
76.57657861709595,static__task_uniform__carry,test,50,33
69.9999988079071,static__task_uniform__carry,test,50,34
73.758864402771,static__task_uniform__carry,test,50,35
83.11688303947449,static__task_uniform__carry,test,50,36
67.5159215927124,static__task_uniform__carry,test,50,37
80.41958212852478,static__task_uniform__carry,test,50,38
71.9298243522644,static__task_uniform__carry,test,50,39
80.11363744735718,static__task_uniform__carry,test,50,4
72.46376872062683,static__task_uniform__carry,test,50,40
60.81081032752991,static__task_uniform__carry,test,50,41
61.764705181121826,static__task_uniform__carry,test,50,42
72.91666865348816,static__task_uniform__carry,test,50,43
68.49315166473389,static__task_uniform__carry,test,50,44
90.47619104385376,static__task_uniform__carry,test,50,45
67.71653294563293,static__task_uniform__carry,test,50,46
70.79645991325378,static__task_uniform__carry,test,50,47
65.21739363670349,static__task_uniform__carry,test,50,48
77.88461446762085,static__task_uniform__carry,test,50,49
75.78125,static__task_uniform__carry,test,50,5
80.0000011920929,static__task_uniform__carry,test,50,50
74.16666746139526,static__task_uniform__carry,test,50,6
70.43478488922119,static__task_uniform__carry,test,50,7
78.19548845291138,static__task_uniform__carry,test,50,8
70.89552283287048,static__task_uniform__carry,test,50,9
75.42372941970825,static__task_uniform__reset_each_stage,test,50,1
76.0869562625885,static__task_uniform__reset_each_stage,test,50,10
66.00000262260437,static__task_uniform__reset_each_stage,test,50,11
65.51724076271057,static__task_uniform__reset_each_stage,test,50,12
77.16535329818726,static__task_uniform__reset_each_stage,test,50,13
72.72727489471436,static__task_uniform__reset_each_stage,test,50,14
69.82758641242981,static__task_uniform__reset_each_stage,test,50,15
67.66917109489441,static__task_uniform__reset_each_stage,test,50,16
72.22222089767456,static__task_uniform__reset_each_stage,test,50,17
81.13207817077637,static__task_uniform__reset_each_stage,test,50,18
73.39449524879456,static__task_uniform__reset_each_stage,test,50,19
73.07692170143127,static__task_uniform__reset_each_stage,test,50,2
61.38613820075989,static__task_uniform__reset_each_stage,test,50,20
78.47222089767456,static__task_uniform__reset_each_stage,test,50,21
75.83333253860474,static__task_uniform__reset_each_stage,test,50,22
64.10256624221802,static__task_uniform__reset_each_stage,test,50,23
60.4651153087616,static__task_uniform__reset_each_stage,test,50,24
66.15384817123413,static__task_uniform__reset_each_stage,test,50,25
71.54471278190613,static__task_uniform__reset_each_stage,test,50,26
61.06194853782654,static__task_uniform__reset_each_stage,test,50,27
77.45097875595093,static__task_uniform__reset_each_stage,test,50,28
67.54385828971863,static__task_uniform__reset_each_stage,test,50,29
67.80821681022644,static__task_uniform__reset_each_stage,test,50,3
77.57009267807007,static__task_uniform__reset_each_stage,test,50,30
73.68420958518982,static__task_uniform__reset_each_stage,test,50,31
65.04854559898376,static__task_uniform__reset_each_stage,test,50,32
76.57657861709595,static__task_uniform__reset_each_stage,test,50,33
72.85714149475098,static__task_uniform__reset_each_stage,test,50,34
71.6312050819397,static__task_uniform__reset_each_stage,test,50,35
83.76623392105103,static__task_uniform__reset_each_stage,test,50,36
65.6050980091095,static__task_uniform__reset_each_stage,test,50,37
79.72028255462646,static__task_uniform__reset_each_stage,test,50,38
64.0350878238678,static__task_uniform__reset_each_stage,test,50,39
80.68181872367859,static__task_uniform__reset_each_stage,test,50,4
67.3913061618805,static__task_uniform__reset_each_stage,test,50,40
55.40540814399719,static__task_uniform__reset_each_stage,test,50,41
66.17646813392639,static__task_uniform__reset_each_stage,test,50,42
73.95833134651184,static__task_uniform__reset_each_stage,test,50,43
64.38356041908264,static__task_uniform__reset_each_stage,test,50,44
86.66666746139526,static__task_uniform__reset_each_stage,test,50,45
69.29134130477905,static__task_uniform__reset_each_stage,test,50,46
74.33628439903259,static__task_uniform__reset_each_stage,test,50,47
63.4782612323761,static__task_uniform__reset_each_stage,test,50,48
74.03846383094788,static__task_uniform__reset_each_stage,test,50,49
73.4375,static__task_uniform__reset_each_stage,test,50,5
78.18182110786438,static__task_uniform__reset_each_stage,test,50,50
74.16666746139526,static__task_uniform__reset_each_stage,test,50,6
73.0434775352478,static__task_uniform__reset_each_stage,test,50,7
78.19548845291138,static__task_uniform__reset_each_stage,test,50,8
73.88059496879578,static__task_uniform__reset_each_stage,test,50,9
80.5084764957428,rotating__example_uniform__carry,test,50,1
73.18840622901917,rotating__example_uniform__carry,test,50,10
68.99999976158142,rotating__example_uniform__carry,test,50,11
70.68965435028076,rotating__example_uniform__carry,test,50,12
77.95275449752808,rotating__example_uniform__carry,test,50,13
80.30303120613098,rotating__example_uniform__carry,test,50,14
75.0,rotating__example_uniform__carry,test,50,15
71.42857313156128,rotating__example_uniform__carry,test,50,16
82.53968358039856,rotating__example_uniform__carry,test,50,17
78.30188870429993,rotating__example_uniform__carry,test,50,18
72.47706651687622,rotating__example_uniform__carry,test,50,19
80.0000011920929,rotating__example_uniform__carry,test,50,2
66.33663177490234,rotating__example_uniform__carry,test,50,20
81.25,rotating__example_uniform__carry,test,50,21
79.16666865348816,rotating__example_uniform__carry,test,50,22
70.08547186851501,rotating__example_uniform__carry,test,50,23
63.95348906517029,rotating__example_uniform__carry,test,50,24
69.2307710647583,rotating__example_uniform__carry,test,50,25
73.17073345184326,rotating__example_uniform__carry,test,50,26
72.56637215614319,rotating__example_uniform__carry,test,50,27
80.39215803146362,rotating__example_uniform__carry,test,50,28
67.54385828971863,rotating__example_uniform__carry,test,50,29
73.97260069847107,rotating__example_uniform__carry,test,50,3
80.84112405776978,rotating__example_uniform__carry,test,50,30
77.19298005104065,rotating__example_uniform__carry,test,50,31
72.81553149223328,rotating__example_uniform__carry,test,50,32
73.87387156486511,rotating__example_uniform__carry,test,50,33
71.42857313156128,rotating__example_uniform__carry,test,50,34
72.34042286872864,rotating__example_uniform__carry,test,50,35
80.51947951316833,rotating__example_uniform__carry,test,50,36
66.8789803981781,rotating__example_uniform__carry,test,50,37
78.32167744636536,rotating__example_uniform__carry,test,50,38
69.29824352264404,rotating__example_uniform__carry,test,50,39
79.54545617103577,rotating__example_uniform__carry,test,50,4
71.01449370384216,rotating__example_uniform__carry,test,50,40
67.56756901741028,rotating__example_uniform__carry,test,50,41
58.088237047195435,rotating__example_uniform__carry,test,50,42
69.79166865348816,rotating__example_uniform__carry,test,50,43
69.8630154132843,rotating__example_uniform__carry,test,50,44
80.0000011920929,rotating__example_uniform__carry,test,50,45
64.56692814826965,rotating__example_uniform__carry,test,50,46
71.68141603469849,rotating__example_uniform__carry,test,50,47
66.08695387840271,rotating__example_uniform__carry,test,50,48
69.2307710647583,rotating__example_uniform__carry,test,50,49
77.34375,rotating__example_uniform__carry,test,50,5
77.27272510528564,rotating__example_uniform__carry,test,50,50
74.16666746139526,rotating__example_uniform__carry,test,50,6
73.9130437374115,rotating__example_uniform__carry,test,50,7
76.69172883033752,rotating__example_uniform__carry,test,50,8
75.3731369972229,rotating__example_uniform__carry,test,50,9
78.81355881690979,rotating__example_uniform__reset_each_stage,test,50,1
76.0869562625885,rotating__example_uniform__reset_each_stage,test,50,10
67.00000166893005,rotating__example_uniform__reset_each_stage,test,50,11
66.37930870056152,rotating__example_uniform__reset_each_stage,test,50,12
77.95275449752808,rotating__example_uniform__reset_each_stage,test,50,13
77.27272510528564,rotating__example_uniform__reset_each_stage,test,50,14
69.82758641242981,rotating__example_uniform__reset_each_stage,test,50,15
70.67669034004211,rotating__example_uniform__reset_each_stage,test,50,16
81.7460298538208,rotating__example_uniform__reset_each_stage,test,50,17
82.07547068595886,rotating__example_uniform__reset_each_stage,test,50,18
72.47706651687622,rotating__example_uniform__reset_each_stage,test,50,19
78.46153974533081,rotating__example_uniform__reset_each_stage,test,50,2
69.30692791938782,rotating__example_uniform__reset_each_stage,test,50,20
80.55555820465088,rotating__example_uniform__reset_each_stage,test,50,21
79.16666865348816,rotating__example_uniform__reset_each_stage,test,50,22
70.08547186851501,rotating__example_uniform__reset_each_stage,test,50,23
55.81395626068115,rotating__example_uniform__reset_each_stage,test,50,24
67.69230961799622,rotating__example_uniform__reset_each_stage,test,50,25
74.79674816131592,rotating__example_uniform__reset_each_stage,test,50,26
74.33628439903259,rotating__example_uniform__reset_each_stage,test,50,27
80.39215803146362,rotating__example_uniform__reset_each_stage,test,50,28
66.66666865348816,rotating__example_uniform__reset_each_stage,test,50,29
71.23287916183472,rotating__example_uniform__reset_each_stage,test,50,3
76.16822719573975,rotating__example_uniform__reset_each_stage,test,50,30
76.31579041481018,rotating__example_uniform__reset_each_stage,test,50,31
72.81553149223328,rotating__example_uniform__reset_each_stage,test,50,32
75.67567825317383,rotating__example_uniform__reset_each_stage,test,50,33
71.42857313156128,rotating__example_uniform__reset_each_stage,test,50,34
72.34042286872864,rotating__example_uniform__reset_each_stage,test,50,35
83.11688303947449,rotating__example_uniform__reset_each_stage,test,50,36
63.694268465042114,rotating__example_uniform__reset_each_stage,test,50,37
79.72028255462646,rotating__example_uniform__reset_each_stage,test,50,38
68.42105388641357,rotating__example_uniform__reset_each_stage,test,50,39
83.52272510528564,rotating__example_uniform__reset_each_stage,test,50,4
71.7391312122345,rotating__example_uniform__reset_each_stage,test,50,40
62.162160873413086,rotating__example_uniform__reset_each_stage,test,50,41
61.764705181121826,rotating__example_uniform__reset_each_stage,test,50,42
70.83333134651184,rotating__example_uniform__reset_each_stage,test,50,43
64.38356041908264,rotating__example_uniform__reset_each_stage,test,50,44
84.76190567016602,rotating__example_uniform__reset_each_stage,test,50,45
66.1417305469513,rotating__example_uniform__reset_each_stage,test,50,46
74.33628439903259,rotating__example_uniform__reset_each_stage,test,50,47
61.739128828048706,rotating__example_uniform__reset_each_stage,test,50,48
70.19230723381042,rotating__example_uniform__reset_each_stage,test,50,49
74.21875,rotating__example_uniform__reset_each_stage,test,50,5
80.0000011920929,rotating__example_uniform__reset_each_stage,test,50,50
73.33333492279053,rotating__example_uniform__reset_each_stage,test,50,6
78.2608687877655,rotating__example_uniform__reset_each_stage,test,50,7
73.68420958518982,rotating__example_uniform__reset_each_stage,test,50,8
74.6268630027771,rotating__example_uniform__reset_each_stage,test,50,9
79.6610176563263,rotating__task_uniform__carry,test,50,1
76.0869562625885,rotating__task_uniform__carry,test,50,10
72.00000286102295,rotating__task_uniform__carry,test,50,11
70.68965435028076,rotating__task_uniform__carry,test,50,12
73.22834730148315,rotating__task_uniform__carry,test,50,13
74.24242496490479,rotating__task_uniform__carry,test,50,14
70.68965435028076,rotating__task_uniform__carry,test,50,15
66.91729426383972,rotating__task_uniform__carry,test,50,16
82.53968358039856,rotating__task_uniform__carry,test,50,17
84.9056601524353,rotating__task_uniform__carry,test,50,18
77.98165082931519,rotating__task_uniform__carry,test,50,19
76.92307829856873,rotating__task_uniform__carry,test,50,2
71.28713130950928,rotating__task_uniform__carry,test,50,20
80.55555820465088,rotating__task_uniform__carry,test,50,21
77.49999761581421,rotating__task_uniform__carry,test,50,22
66.66666865348816,rotating__task_uniform__carry,test,50,23
56.976741552352905,rotating__task_uniform__carry,test,50,24
73.84615540504456,rotating__task_uniform__carry,test,50,25
73.98374080657959,rotating__task_uniform__carry,test,50,26
74.33628439903259,rotating__task_uniform__carry,test,50,27
80.39215803146362,rotating__task_uniform__carry,test,50,28
63.15789222717285,rotating__task_uniform__carry,test,50,29
73.97260069847107,rotating__task_uniform__carry,test,50,3
78.50467562675476,rotating__task_uniform__carry,test,50,30
80.70175647735596,rotating__task_uniform__carry,test,50,31
71.84466123580933,rotating__task_uniform__carry,test,50,32
77.47747898101807,rotating__task_uniform__carry,test,50,33
67.14285612106323,rotating__task_uniform__carry,test,50,34
70.21276354789734,rotating__task_uniform__carry,test,50,35
82.46753215789795,rotating__task_uniform__carry,test,50,36
66.8789803981781,rotating__task_uniform__carry,test,50,37
77.62237787246704,rotating__task_uniform__carry,test,50,38
76.31579041481018,rotating__task_uniform__carry,test,50,39
77.84090638160706,rotating__task_uniform__carry,test,50,4
76.0869562625885,rotating__task_uniform__carry,test,50,40
64.86486196517944,rotating__task_uniform__carry,test,50,41
63.235294818878174,rotating__task_uniform__carry,test,50,42
67.70833134651184,rotating__task_uniform__carry,test,50,43
73.97260069847107,rotating__task_uniform__carry,test,50,44
85.71428656578064,rotating__task_uniform__carry,test,50,45
68.50393414497375,rotating__task_uniform__carry,test,50,46
71.68141603469849,rotating__task_uniform__carry,test,50,47
65.21739363670349,rotating__task_uniform__carry,test,50,48
66.34615659713745,rotating__task_uniform__carry,test,50,49
76.5625,rotating__task_uniform__carry,test,50,5
79.09091114997864,rotating__task_uniform__carry,test,50,50
73.33333492279053,rotating__task_uniform__carry,test,50,6
74.7826099395752,rotating__task_uniform__carry,test,50,7
72.93233275413513,rotating__task_uniform__carry,test,50,8
76.86567306518555,rotating__task_uniform__carry,test,50,9
76.27118825912476,rotating__task_uniform__reset_each_stage,test,50,1
73.9130437374115,rotating__task_uniform__reset_each_stage,test,50,10
66.00000262260437,rotating__task_uniform__reset_each_stage,test,50,11
63.79310488700867,rotating__task_uniform__reset_each_stage,test,50,12
77.95275449752808,rotating__task_uniform__reset_each_stage,test,50,13
76.51515007019043,rotating__task_uniform__reset_each_stage,test,50,14
75.86206793785095,rotating__task_uniform__reset_each_stage,test,50,15
69.92481350898743,rotating__task_uniform__reset_each_stage,test,50,16
77.77777910232544,rotating__task_uniform__reset_each_stage,test,50,17
81.13207817077637,rotating__task_uniform__reset_each_stage,test,50,18
72.47706651687622,rotating__task_uniform__reset_each_stage,test,50,19
75.38461685180664,rotating__task_uniform__reset_each_stage,test,50,2
68.31682920455933,rotating__task_uniform__reset_each_stage,test,50,20
79.16666865348816,rotating__task_uniform__reset_each_stage,test,50,21
80.0000011920929,rotating__task_uniform__reset_each_stage,test,50,22
72.64957427978516,rotating__task_uniform__reset_each_stage,test,50,23
62.79069781303406,rotating__task_uniform__reset_each_stage,test,50,24
76.92307829856873,rotating__task_uniform__reset_each_stage,test,50,25
76.42276287078857,rotating__task_uniform__reset_each_stage,test,50,26
74.33628439903259,rotating__task_uniform__reset_each_stage,test,50,27
80.39215803146362,rotating__task_uniform__reset_each_stage,test,50,28
71.05262875556946,rotating__task_uniform__reset_each_stage,test,50,29
71.91780805587769,rotating__task_uniform__reset_each_stage,test,50,3
79.90654110908508,rotating__task_uniform__reset_each_stage,test,50,30
78.0701756477356,rotating__task_uniform__reset_each_stage,test,50,31
68.93203854560852,rotating__task_uniform__reset_each_stage,test,50,32
76.57657861709595,rotating__task_uniform__reset_each_stage,test,50,33
69.9999988079071,rotating__task_uniform__reset_each_stage,test,50,34
71.6312050819397,rotating__task_uniform__reset_each_stage,test,50,35
81.16883039474487,rotating__task_uniform__reset_each_stage,test,50,36
64.96815085411072,rotating__task_uniform__reset_each_stage,test,50,37
79.02097702026367,rotating__task_uniform__reset_each_stage,test,50,38
71.05262875556946,rotating__task_uniform__reset_each_stage,test,50,39
80.68181872367859,rotating__task_uniform__reset_each_stage,test,50,4
67.3913061618805,rotating__task_uniform__reset_each_stage,test,50,40
66.2162184715271,rotating__task_uniform__reset_each_stage,test,50,41
62.5,rotating__task_uniform__reset_each_stage,test,50,42
71.875,rotating__task_uniform__reset_each_stage,test,50,43
67.12328791618347,rotating__task_uniform__reset_each_stage,test,50,44
84.76190567016602,rotating__task_uniform__reset_each_stage,test,50,45
70.8661437034607,rotating__task_uniform__reset_each_stage,test,50,46
72.56637215614319,rotating__task_uniform__reset_each_stage,test,50,47
64.3478274345398,rotating__task_uniform__reset_each_stage,test,50,48
69.2307710647583,rotating__task_uniform__reset_each_stage,test,50,49
76.5625,rotating__task_uniform__reset_each_stage,test,50,5
79.09091114997864,rotating__task_uniform__reset_each_stage,test,50,50
75.0,rotating__task_uniform__reset_each_stage,test,50,6
77.3913025856018,rotating__task_uniform__reset_each_stage,test,50,7
72.93233275413513,rotating__task_uniform__reset_each_stage,test,50,8
79.10447716712952,rotating__task_uniform__reset_each_stage,test,50,9
83.05084705352783,fresh_full_history,test,50,1
76.81159377098083,fresh_full_history,test,50,10
74.00000095367432,fresh_full_history,test,50,11
75.0,fresh_full_history,test,50,12
77.95275449752808,fresh_full_history,test,50,13
78.03030014038086,fresh_full_history,test,50,14
72.41379022598267,fresh_full_history,test,50,15
72.93233275413513,fresh_full_history,test,50,16
80.15872836112976,fresh_full_history,test,50,17
83.01886916160583,fresh_full_history,test,50,18
70.64220309257507,fresh_full_history,test,50,19
82.30769038200378,fresh_full_history,test,50,2
67.32673048973083,fresh_full_history,test,50,20
84.72222089767456,fresh_full_history,test,50,21
77.49999761581421,fresh_full_history,test,50,22
71.79487347602844,fresh_full_history,test,50,23
60.4651153087616,fresh_full_history,test,50,24
64.61538672447205,fresh_full_history,test,50,25
73.98374080657959,fresh_full_history,test,50,26
76.106196641922,fresh_full_history,test,50,27
82.35294222831726,fresh_full_history,test,50,28
71.9298243522644,fresh_full_history,test,50,29
72.60273694992065,fresh_full_history,test,50,3
79.43925261497498,fresh_full_history,test,50,30
79.82456088066101,fresh_full_history,test,50,31
73.7864077091217,fresh_full_history,test,50,32
78.37837934494019,fresh_full_history,test,50,33
72.85714149475098,fresh_full_history,test,50,34
73.04964661598206,fresh_full_history,test,50,35
82.46753215789795,fresh_full_history,test,50,36
71.33758068084717,fresh_full_history,test,50,37
84.61538553237915,fresh_full_history,test,50,38
72.80701994895935,fresh_full_history,test,50,39
81.81818127632141,fresh_full_history,test,50,4
73.18840622901917,fresh_full_history,test,50,40
66.2162184715271,fresh_full_history,test,50,41
65.4411792755127,fresh_full_history,test,50,42
73.95833134651184,fresh_full_history,test,50,43
58.90411138534546,fresh_full_history,test,50,44
85.71428656578064,fresh_full_history,test,50,45
69.29134130477905,fresh_full_history,test,50,46
72.56637215614319,fresh_full_history,test,50,47
66.9565200805664,fresh_full_history,test,50,48
70.19230723381042,fresh_full_history,test,50,49
79.6875,fresh_full_history,test,50,5
80.90909123420715,fresh_full_history,test,50,50
77.49999761581421,fresh_full_history,test,50,6
82.6086938381195,fresh_full_history,test,50,7
75.93985199928284,fresh_full_history,test,50,8
76.86567306518555,fresh_full_history,test,50,9
