accuracy,condition,partition,stage,task
97.11285829544067,static__example_uniform__carry,fit_population,31,1
97.94520735740662,static__example_uniform__carry,fit_population,31,10
96.20253443717957,static__example_uniform__carry,fit_population,31,11
96.19565010070801,static__example_uniform__carry,fit_population,31,12
98.28850626945496,static__example_uniform__carry,fit_population,31,13
98.33333492279053,static__example_uniform__carry,fit_population,31,14
98.11828136444092,static__example_uniform__carry,fit_population,31,15
96.45389914512634,static__example_uniform__carry,fit_population,31,16
95.48872113227844,static__example_uniform__carry,fit_population,31,17
96.74556255340576,static__example_uniform__carry,fit_population,31,18
95.08670568466187,static__example_uniform__carry,fit_population,31,19
97.57281541824341,static__example_uniform__carry,fit_population,31,2
96.60493731498718,static__example_uniform__carry,fit_population,31,20
95.46436071395874,static__example_uniform__carry,fit_population,31,21
97.13541865348816,static__example_uniform__carry,fit_population,31,22
95.72192430496216,static__example_uniform__carry,fit_population,31,23
95.9854006767273,static__example_uniform__carry,fit_population,31,24
96.60193920135498,static__example_uniform__carry,fit_population,31,25
95.43147087097168,static__example_uniform__carry,fit_population,31,26
96.1002767086029,static__example_uniform__carry,fit_population,31,27
97.5232183933258,static__example_uniform__carry,fit_population,31,28
95.8791196346283,static__example_uniform__carry,fit_population,31,29
97.8678047657013,static__example_uniform__carry,fit_population,31,3
96.78832292556763,static__example_uniform__carry,fit_population,31,30
97.2752034664154,static__example_uniform__carry,fit_population,31,31
97.16814160346985,static__example_uniform__carry,fit_population,31,4
97.09442853927612,static__example_uniform__carry,fit_population,31,5
97.15762138366699,static__example_uniform__carry,fit_population,31,6
97.01896905899048,static__example_uniform__carry,fit_population,31,7
96.72897458076477,static__example_uniform__carry,fit_population,31,8
97.16981053352356,static__example_uniform__carry,fit_population,31,9
87.2340440750122,static__example_uniform__carry,validation,31,1
83.48624110221863,static__example_uniform__carry,validation,31,10
78.48101258277893,static__example_uniform__carry,validation,31,11
82.79569745063782,static__example_uniform__carry,validation,31,12
85.29411554336548,static__example_uniform__carry,validation,31,13
88.67924809455872,static__example_uniform__carry,validation,31,14
82.79569745063782,static__example_uniform__carry,validation,31,15
80.1886796951294,static__example_uniform__carry,validation,31,16
70.70707082748413,static__example_uniform__carry,validation,31,17
75.29411911964417,static__example_uniform__carry,validation,31,18
77.01149582862854,static__example_uniform__carry,validation,31,19
81.3725471496582,static__example_uniform__carry,validation,31,2
74.39024448394775,static__example_uniform__carry,validation,31,20
74.13793206214905,static__example_uniform__carry,validation,31,21
70.83333134651184,static__example_uniform__carry,validation,31,22
71.27659320831299,static__example_uniform__carry,validation,31,23
64.28571343421936,static__example_uniform__carry,validation,31,24
71.69811129570007,static__example_uniform__carry,validation,31,25
75.75757503509521,static__example_uniform__carry,validation,31,26
70.32967209815979,static__example_uniform__carry,validation,31,27
80.24691343307495,static__example_uniform__carry,validation,31,28
80.4347813129425,static__example_uniform__carry,validation,31,29
86.32478713989258,static__example_uniform__carry,validation,31,3
80.70175647735596,static__example_uniform__carry,validation,31,30
83.51648449897766,static__example_uniform__carry,validation,31,31
85.61151027679443,static__example_uniform__carry,validation,31,4
76.69903039932251,static__example_uniform__carry,validation,31,5
86.3157868385315,static__example_uniform__carry,validation,31,6
83.69565010070801,static__example_uniform__carry,validation,31,7
86.91588640213013,static__example_uniform__carry,validation,31,8
80.0000011920929,static__example_uniform__carry,validation,31,9
97.9002594947815,static__example_uniform__reset_each_stage,fit_population,31,1
98.63013625144958,static__example_uniform__reset_each_stage,fit_population,31,10
96.83544039726257,static__example_uniform__reset_each_stage,fit_population,31,11
98.6413061618805,static__example_uniform__reset_each_stage,fit_population,31,12
97.79950976371765,static__example_uniform__reset_each_stage,fit_population,31,13
98.57142567634583,static__example_uniform__reset_each_stage,fit_population,31,14
98.65591526031494,static__example_uniform__reset_each_stage,fit_population,31,15
98.58155846595764,static__example_uniform__reset_each_stage,fit_population,31,16
96.74185514450073,static__example_uniform__reset_each_stage,fit_population,31,17
94.97041702270508,static__example_uniform__reset_each_stage,fit_population,31,18
94.50867176055908,static__example_uniform__reset_each_stage,fit_population,31,19
99.27184581756592,static__example_uniform__reset_each_stage,fit_population,31,2
96.91358208656311,static__example_uniform__reset_each_stage,fit_population,31,20
94.6004331111908,static__example_uniform__reset_each_stage,fit_population,31,21
95.83333134651184,static__example_uniform__reset_each_stage,fit_population,31,22
92.78075098991394,static__example_uniform__reset_each_stage,fit_population,31,23
95.25547623634338,static__example_uniform__reset_each_stage,fit_population,31,24
96.11650705337524,static__example_uniform__reset_each_stage,fit_population,31,25
95.93908786773682,static__example_uniform__reset_each_stage,fit_population,31,26
96.37883305549622,static__example_uniform__reset_each_stage,fit_population,31,27
97.5232183933258,static__example_uniform__reset_each_stage,fit_population,31,28
94.7802186012268,static__example_uniform__reset_each_stage,fit_population,31,29
99.36034083366394,static__example_uniform__reset_each_stage,fit_population,31,3
95.32846808433533,static__example_uniform__reset_each_stage,fit_population,31,30
94.27793025970459,static__example_uniform__reset_each_stage,fit_population,31,31
99.46902394294739,static__example_uniform__reset_each_stage,fit_population,31,4
98.0629563331604,static__example_uniform__reset_each_stage,fit_population,31,5
98.9664077758789,static__example_uniform__reset_each_stage,fit_population,31,6
98.10298085212708,static__example_uniform__reset_each_stage,fit_population,31,7
97.42990732192993,static__example_uniform__reset_each_stage,fit_population,31,8
99.05660152435303,static__example_uniform__reset_each_stage,fit_population,31,9
84.04255509376526,static__example_uniform__reset_each_stage,validation,31,1
88.07339668273926,static__example_uniform__reset_each_stage,validation,31,10
73.41772317886353,static__example_uniform__reset_each_stage,validation,31,11
84.94623899459839,static__example_uniform__reset_each_stage,validation,31,12
88.23529481887817,static__example_uniform__reset_each_stage,validation,31,13
91.50943160057068,static__example_uniform__reset_each_stage,validation,31,14
82.79569745063782,static__example_uniform__reset_each_stage,validation,31,15
78.30188870429993,static__example_uniform__reset_each_stage,validation,31,16
65.65656661987305,static__example_uniform__reset_each_stage,validation,31,17
74.11764860153198,static__example_uniform__reset_each_stage,validation,31,18
67.81609058380127,static__example_uniform__reset_each_stage,validation,31,19
82.35294222831726,static__example_uniform__reset_each_stage,validation,31,2
71.95122241973877,static__example_uniform__reset_each_stage,validation,31,20
73.2758641242981,static__example_uniform__reset_each_stage,validation,31,21
67.70833134651184,static__example_uniform__reset_each_stage,validation,31,22
68.08510422706604,static__example_uniform__reset_each_stage,validation,31,23
62.85714507102966,static__example_uniform__reset_each_stage,validation,31,24
75.47169923782349,static__example_uniform__reset_each_stage,validation,31,25
78.78788113594055,static__example_uniform__reset_each_stage,validation,31,26
83.51648449897766,static__example_uniform__reset_each_stage,validation,31,27
87.65432238578796,static__example_uniform__reset_each_stage,validation,31,28
76.0869562625885,static__example_uniform__reset_each_stage,validation,31,29
86.32478713989258,static__example_uniform__reset_each_stage,validation,31,3
82.45614171028137,static__example_uniform__reset_each_stage,validation,31,30
80.2197813987732,static__example_uniform__reset_each_stage,validation,31,31
83.4532380104065,static__example_uniform__reset_each_stage,validation,31,4
83.49514603614807,static__example_uniform__reset_each_stage,validation,31,5
87.36842274665833,static__example_uniform__reset_each_stage,validation,31,6
85.86956262588501,static__example_uniform__reset_each_stage,validation,31,7
88.78504633903503,static__example_uniform__reset_each_stage,validation,31,8
76.1904776096344,static__example_uniform__reset_each_stage,validation,31,9
97.3753273487091,static__task_uniform__carry,fit_population,31,1
98.63013625144958,static__task_uniform__carry,fit_population,31,10
96.20253443717957,static__task_uniform__carry,fit_population,31,11
96.19565010070801,static__task_uniform__carry,fit_population,31,12
98.28850626945496,static__task_uniform__carry,fit_population,31,13
98.33333492279053,static__task_uniform__carry,fit_population,31,14
98.11828136444092,static__task_uniform__carry,fit_population,31,15
98.10874462127686,static__task_uniform__carry,fit_population,31,16
97.24310636520386,static__task_uniform__carry,fit_population,31,17
96.15384340286255,static__task_uniform__carry,fit_population,31,18
94.50867176055908,static__task_uniform__carry,fit_population,31,19
97.81553149223328,static__task_uniform__carry,fit_population,31,2
95.9876537322998,static__task_uniform__carry,fit_population,31,20
95.46436071395874,static__task_uniform__carry,fit_population,31,21
97.65625,static__task_uniform__carry,fit_population,31,22
95.18716335296631,static__task_uniform__carry,fit_population,31,23
96.35036587715149,static__task_uniform__carry,fit_population,31,24
98.05825352668762,static__task_uniform__carry,fit_population,31,25
95.93908786773682,static__task_uniform__carry,fit_population,31,26
96.93593382835388,static__task_uniform__carry,fit_population,31,27
98.14241528511047,static__task_uniform__carry,fit_population,31,28
97.25274443626404,static__task_uniform__carry,fit_population,31,29
97.44136333465576,static__task_uniform__carry,fit_population,31,3
97.0802903175354,static__task_uniform__carry,fit_population,31,30
99.18256402015686,static__task_uniform__carry,fit_population,31,31
97.8761076927185,static__task_uniform__carry,fit_population,31,4
97.82082438468933,static__task_uniform__carry,fit_population,31,5
97.15762138366699,static__task_uniform__carry,fit_population,31,6
97.01896905899048,static__task_uniform__carry,fit_population,31,7
96.96261882781982,static__task_uniform__carry,fit_population,31,8
97.64150977134705,static__task_uniform__carry,fit_population,31,9
87.2340440750122,static__task_uniform__carry,validation,31,1
91.74311757087708,static__task_uniform__carry,validation,31,10
79.7468364238739,static__task_uniform__carry,validation,31,11
77.4193525314331,static__task_uniform__carry,validation,31,12
84.3137264251709,static__task_uniform__carry,validation,31,13
90.56603908538818,static__task_uniform__carry,validation,31,14
86.02150678634644,static__task_uniform__carry,validation,31,15
79.24528121948242,static__task_uniform__carry,validation,31,16
70.70707082748413,static__task_uniform__carry,validation,31,17
76.47058963775635,static__task_uniform__carry,validation,31,18
72.41379022598267,static__task_uniform__carry,validation,31,19
78.43137383460999,static__task_uniform__carry,validation,31,2
73.17073345184326,static__task_uniform__carry,validation,31,20
78.44827771186829,static__task_uniform__carry,validation,31,21
70.83333134651184,static__task_uniform__carry,validation,31,22
63.82978558540344,static__task_uniform__carry,validation,31,23
67.14285612106323,static__task_uniform__carry,validation,31,24
75.47169923782349,static__task_uniform__carry,validation,31,25
76.76767706871033,static__task_uniform__carry,validation,31,26
76.92307829856873,static__task_uniform__carry,validation,31,27
82.71604776382446,static__task_uniform__carry,validation,31,28
73.9130437374115,static__task_uniform__carry,validation,31,29
86.32478713989258,static__task_uniform__carry,validation,31,3
82.45614171028137,static__task_uniform__carry,validation,31,30
80.2197813987732,static__task_uniform__carry,validation,31,31
77.69784331321716,static__task_uniform__carry,validation,31,4
80.58252334594727,static__task_uniform__carry,validation,31,5
86.3157868385315,static__task_uniform__carry,validation,31,6
86.95651888847351,static__task_uniform__carry,validation,31,7
84.112149477005,static__task_uniform__carry,validation,31,8
80.95238208770752,static__task_uniform__carry,validation,31,9
97.63779640197754,static__task_uniform__reset_each_stage,fit_population,31,1
99.0867555141449,static__task_uniform__reset_each_stage,fit_population,31,10
99.36708807945251,static__task_uniform__reset_each_stage,fit_population,31,11
97.0108687877655,static__task_uniform__reset_each_stage,fit_population,31,12
99.26650524139404,static__task_uniform__reset_each_stage,fit_population,31,13
97.3809540271759,static__task_uniform__reset_each_stage,fit_population,31,14
98.65591526031494,static__task_uniform__reset_each_stage,fit_population,31,15
98.58155846595764,static__task_uniform__reset_each_stage,fit_population,31,16
98.24561476707458,static__task_uniform__reset_each_stage,fit_population,31,17
96.44970297813416,static__task_uniform__reset_each_stage,fit_population,31,18
93.06358098983765,static__task_uniform__reset_each_stage,fit_population,31,19
98.54369163513184,static__task_uniform__reset_each_stage,fit_population,31,2
96.91358208656311,static__task_uniform__reset_each_stage,fit_population,31,20
95.68034410476685,static__task_uniform__reset_each_stage,fit_population,31,21
97.39583134651184,static__task_uniform__reset_each_stage,fit_population,31,22
92.78075098991394,static__task_uniform__reset_each_stage,fit_population,31,23
94.525545835495,static__task_uniform__reset_each_stage,fit_population,31,24
96.11650705337524,static__task_uniform__reset_each_stage,fit_population,31,25
96.70050740242004,static__task_uniform__reset_each_stage,fit_population,31,26
95.54317593574524,static__task_uniform__reset_each_stage,fit_population,31,27
97.5232183933258,static__task_uniform__reset_each_stage,fit_population,31,28
94.7802186012268,static__task_uniform__reset_each_stage,fit_population,31,29
98.29424023628235,static__task_uniform__reset_each_stage,fit_population,31,3
92.99269914627075,static__task_uniform__reset_each_stage,fit_population,31,30
94.27793025970459,static__task_uniform__reset_each_stage,fit_population,31,31
98.93805384635925,static__task_uniform__reset_each_stage,fit_population,31,4
98.30508232116699,static__task_uniform__reset_each_stage,fit_population,31,5
98.44961166381836,static__task_uniform__reset_each_stage,fit_population,31,6
97.28997349739075,static__task_uniform__reset_each_stage,fit_population,31,7
97.42990732192993,static__task_uniform__reset_each_stage,fit_population,31,8
98.82075190544128,static__task_uniform__reset_each_stage,fit_population,31,9
86.17021441459656,static__task_uniform__reset_each_stage,validation,31,1
88.99082541465759,static__task_uniform__reset_each_stage,validation,31,10
77.21518874168396,static__task_uniform__reset_each_stage,validation,31,11
82.79569745063782,static__task_uniform__reset_each_stage,validation,31,12
84.3137264251709,static__task_uniform__reset_each_stage,validation,31,13
86.79245114326477,static__task_uniform__reset_each_stage,validation,31,14
81.72042965888977,static__task_uniform__reset_each_stage,validation,31,15
79.24528121948242,static__task_uniform__reset_each_stage,validation,31,16
75.75757503509521,static__task_uniform__reset_each_stage,validation,31,17
75.29411911964417,static__task_uniform__reset_each_stage,validation,31,18
68.96551847457886,static__task_uniform__reset_each_stage,validation,31,19
78.43137383460999,static__task_uniform__reset_each_stage,validation,31,2
75.60975551605225,static__task_uniform__reset_each_stage,validation,31,20
77.58620977401733,static__task_uniform__reset_each_stage,validation,31,21
72.91666865348816,static__task_uniform__reset_each_stage,validation,31,22
62.76595592498779,static__task_uniform__reset_each_stage,validation,31,23
69.9999988079071,static__task_uniform__reset_each_stage,validation,31,24
71.69811129570007,static__task_uniform__reset_each_stage,validation,31,25
78.78788113594055,static__task_uniform__reset_each_stage,validation,31,26
72.52747416496277,static__task_uniform__reset_each_stage,validation,31,27
81.4814805984497,static__task_uniform__reset_each_stage,validation,31,28
76.0869562625885,static__task_uniform__reset_each_stage,validation,31,29
82.90598392486572,static__task_uniform__reset_each_stage,validation,31,3
78.94737124443054,static__task_uniform__reset_each_stage,validation,31,30
79.1208803653717,static__task_uniform__reset_each_stage,validation,31,31
78.41726541519165,static__task_uniform__reset_each_stage,validation,31,4
73.7864077091217,static__task_uniform__reset_each_stage,validation,31,5
86.3157868385315,static__task_uniform__reset_each_stage,validation,31,6
85.86956262588501,static__task_uniform__reset_each_stage,validation,31,7
86.91588640213013,static__task_uniform__reset_each_stage,validation,31,8
78.09523940086365,static__task_uniform__reset_each_stage,validation,31,9
99.73753094673157,rotating__example_uniform__carry,fit_population,31,1
99.77169036865234,rotating__example_uniform__carry,fit_population,31,10
99.36708807945251,rotating__example_uniform__carry,fit_population,31,11
99.1847813129425,rotating__example_uniform__carry,fit_population,31,12
99.75550174713135,rotating__example_uniform__carry,fit_population,31,13
100.0,rotating__example_uniform__carry,fit_population,31,14
99.73118305206299,rotating__example_uniform__carry,fit_population,31,15
100.0,rotating__example_uniform__carry,fit_population,31,16
99.24812316894531,rotating__example_uniform__carry,fit_population,31,17
98.81656765937805,rotating__example_uniform__carry,fit_population,31,18
99.42196607589722,rotating__example_uniform__carry,fit_population,31,19
99.27184581756592,rotating__example_uniform__carry,fit_population,31,2
98.76543283462524,rotating__example_uniform__carry,fit_population,31,20
99.56803321838379,rotating__example_uniform__carry,fit_population,31,21
100.0,rotating__example_uniform__carry,fit_population,31,22
100.0,rotating__example_uniform__carry,fit_population,31,23
98.5401451587677,rotating__example_uniform__carry,fit_population,31,24
99.51456189155579,rotating__example_uniform__carry,fit_population,31,25
97.71573543548584,rotating__example_uniform__carry,fit_population,31,26
98.88579249382019,rotating__example_uniform__carry,fit_population,31,27
97.21361994743347,rotating__example_uniform__carry,fit_population,31,28
97.80219793319702,rotating__example_uniform__carry,fit_population,31,29
99.57355856895447,rotating__example_uniform__carry,fit_population,31,3
94.16058659553528,rotating__example_uniform__carry,fit_population,31,30
97.00272679328918,rotating__example_uniform__carry,fit_population,31,31
100.0,rotating__example_uniform__carry,fit_population,31,4
99.0314781665802,rotating__example_uniform__carry,fit_population,31,5
100.0,rotating__example_uniform__carry,fit_population,31,6
99.72899556159973,rotating__example_uniform__carry,fit_population,31,7
99.53271150588989,rotating__example_uniform__carry,fit_population,31,8
99.76415038108826,rotating__example_uniform__carry,fit_population,31,9
88.29787373542786,rotating__example_uniform__carry,validation,31,1
86.23853325843811,rotating__example_uniform__carry,validation,31,10
81.01266026496887,rotating__example_uniform__carry,validation,31,11
81.72042965888977,rotating__example_uniform__carry,validation,31,12
88.23529481887817,rotating__example_uniform__carry,validation,31,13
90.56603908538818,rotating__example_uniform__carry,validation,31,14
84.94623899459839,rotating__example_uniform__carry,validation,31,15
79.24528121948242,rotating__example_uniform__carry,validation,31,16
77.77777910232544,rotating__example_uniform__carry,validation,31,17
80.0000011920929,rotating__example_uniform__carry,validation,31,18
86.20689511299133,rotating__example_uniform__carry,validation,31,19
79.41176295280457,rotating__example_uniform__carry,validation,31,2
73.17073345184326,rotating__example_uniform__carry,validation,31,20
79.31034564971924,rotating__example_uniform__carry,validation,31,21
77.08333134651184,rotating__example_uniform__carry,validation,31,22
76.59574747085571,rotating__example_uniform__carry,validation,31,23
62.85714507102966,rotating__example_uniform__carry,validation,31,24
75.47169923782349,rotating__example_uniform__carry,validation,31,25
75.75757503509521,rotating__example_uniform__carry,validation,31,26
72.52747416496277,rotating__example_uniform__carry,validation,31,27
77.77777910232544,rotating__example_uniform__carry,validation,31,28
71.7391312122345,rotating__example_uniform__carry,validation,31,29
88.88888955116272,rotating__example_uniform__carry,validation,31,3
78.36257219314575,rotating__example_uniform__carry,validation,31,30
82.41758346557617,rotating__example_uniform__carry,validation,31,31
84.89208817481995,rotating__example_uniform__carry,validation,31,4
83.49514603614807,rotating__example_uniform__carry,validation,31,5
88.42105269432068,rotating__example_uniform__carry,validation,31,6
83.69565010070801,rotating__example_uniform__carry,validation,31,7
87.85046935081482,rotating__example_uniform__carry,validation,31,8
77.14285850524902,rotating__example_uniform__carry,validation,31,9
99.47506785392761,rotating__example_uniform__reset_each_stage,fit_population,31,1
100.0,rotating__example_uniform__reset_each_stage,fit_population,31,10
100.0,rotating__example_uniform__reset_each_stage,fit_population,31,11
99.728262424469,rotating__example_uniform__reset_each_stage,fit_population,31,12
99.5110034942627,rotating__example_uniform__reset_each_stage,fit_population,31,13
99.76190328598022,rotating__example_uniform__reset_each_stage,fit_population,31,14
98.65591526031494,rotating__example_uniform__reset_each_stage,fit_population,31,15
99.76359605789185,rotating__example_uniform__reset_each_stage,fit_population,31,16
99.74937438964844,rotating__example_uniform__reset_each_stage,fit_population,31,17
98.81656765937805,rotating__example_uniform__reset_each_stage,fit_population,31,18
98.84393215179443,rotating__example_uniform__reset_each_stage,fit_population,31,19
99.75728392601013,rotating__example_uniform__reset_each_stage,fit_population,31,2
97.22222089767456,rotating__example_uniform__reset_each_stage,fit_population,31,20
98.92008900642395,rotating__example_uniform__reset_each_stage,fit_population,31,21
99.73958134651184,rotating__example_uniform__reset_each_stage,fit_population,31,22
99.19785857200623,rotating__example_uniform__reset_each_stage,fit_population,31,23
97.81022071838379,rotating__example_uniform__reset_each_stage,fit_population,31,24
97.57281541824341,rotating__example_uniform__reset_each_stage,fit_population,31,25
98.22335243225098,rotating__example_uniform__reset_each_stage,fit_population,31,26
95.82172632217407,rotating__example_uniform__reset_each_stage,fit_population,31,27
95.66563367843628,rotating__example_uniform__reset_each_stage,fit_population,31,28
92.58241653442383,rotating__example_uniform__reset_each_stage,fit_population,31,29
100.0,rotating__example_uniform__reset_each_stage,fit_population,31,3
94.30657029151917,rotating__example_uniform__reset_each_stage,fit_population,31,30
93.18801164627075,rotating__example_uniform__reset_each_stage,fit_population,31,31
99.64601993560791,rotating__example_uniform__reset_each_stage,fit_population,31,4
99.27361011505127,rotating__example_uniform__reset_each_stage,fit_population,31,5
100.0,rotating__example_uniform__reset_each_stage,fit_population,31,6
100.0,rotating__example_uniform__reset_each_stage,fit_population,31,7
99.29906725883484,rotating__example_uniform__reset_each_stage,fit_population,31,8
99.76415038108826,rotating__example_uniform__reset_each_stage,fit_population,31,9
84.04255509376526,rotating__example_uniform__reset_each_stage,validation,31,1
86.23853325843811,rotating__example_uniform__reset_each_stage,validation,31,10
73.41772317886353,rotating__example_uniform__reset_each_stage,validation,31,11
77.4193525314331,rotating__example_uniform__reset_each_stage,validation,31,12
89.21568393707275,rotating__example_uniform__reset_each_stage,validation,31,13
87.73584961891174,rotating__example_uniform__reset_each_stage,validation,31,14
83.87096524238586,rotating__example_uniform__reset_each_stage,validation,31,15
74.52830076217651,rotating__example_uniform__reset_each_stage,validation,31,16
66.66666865348816,rotating__example_uniform__reset_each_stage,validation,31,17
76.47058963775635,rotating__example_uniform__reset_each_stage,validation,31,18
68.96551847457886,rotating__example_uniform__reset_each_stage,validation,31,19
77.45097875595093,rotating__example_uniform__reset_each_stage,validation,31,2
67.07317233085632,rotating__example_uniform__reset_each_stage,validation,31,20
78.44827771186829,rotating__example_uniform__reset_each_stage,validation,31,21
66.66666865348816,rotating__example_uniform__reset_each_stage,validation,31,22
69.14893388748169,rotating__example_uniform__reset_each_stage,validation,31,23
68.57143044471741,rotating__example_uniform__reset_each_stage,validation,31,24
75.47169923782349,rotating__example_uniform__reset_each_stage,validation,31,25
75.75757503509521,rotating__example_uniform__reset_each_stage,validation,31,26
79.1208803653717,rotating__example_uniform__reset_each_stage,validation,31,27
82.71604776382446,rotating__example_uniform__reset_each_stage,validation,31,28
72.826087474823,rotating__example_uniform__reset_each_stage,validation,31,29
82.90598392486572,rotating__example_uniform__reset_each_stage,validation,31,3
81.28654956817627,rotating__example_uniform__reset_each_stage,validation,31,30
80.2197813987732,rotating__example_uniform__reset_each_stage,validation,31,31
82.733815908432,rotating__example_uniform__reset_each_stage,validation,31,4
76.69903039932251,rotating__example_uniform__reset_each_stage,validation,31,5
86.3157868385315,rotating__example_uniform__reset_each_stage,validation,31,6
81.521737575531,rotating__example_uniform__reset_each_stage,validation,31,7
86.91588640213013,rotating__example_uniform__reset_each_stage,validation,31,8
79.04762029647827,rotating__example_uniform__reset_each_stage,validation,31,9
99.47506785392761,rotating__task_uniform__carry,fit_population,31,1
99.77169036865234,rotating__task_uniform__carry,fit_population,31,10
100.0,rotating__task_uniform__carry,fit_population,31,11
100.0,rotating__task_uniform__carry,fit_population,31,12
99.75550174713135,rotating__task_uniform__carry,fit_population,31,13
100.0,rotating__task_uniform__carry,fit_population,31,14
100.0,rotating__task_uniform__carry,fit_population,31,15
100.0,rotating__task_uniform__carry,fit_population,31,16
99.49874877929688,rotating__task_uniform__carry,fit_population,31,17
98.81656765937805,rotating__task_uniform__carry,fit_population,31,18
99.13294911384583,rotating__task_uniform__carry,fit_population,31,19
99.75728392601013,rotating__task_uniform__carry,fit_population,31,2
98.76543283462524,rotating__task_uniform__carry,fit_population,31,20
99.56803321838379,rotating__task_uniform__carry,fit_population,31,21
100.0,rotating__task_uniform__carry,fit_population,31,22
99.73261952400208,rotating__task_uniform__carry,fit_population,31,23
99.27007555961609,rotating__task_uniform__carry,fit_population,31,24
99.51456189155579,rotating__task_uniform__carry,fit_population,31,25
98.47715497016907,rotating__task_uniform__carry,fit_population,31,26
99.72144961357117,rotating__task_uniform__carry,fit_population,31,27
97.5232183933258,rotating__task_uniform__carry,fit_population,31,28
97.80219793319702,rotating__task_uniform__carry,fit_population,31,29
99.36034083366394,rotating__task_uniform__carry,fit_population,31,3
93.57663989067078,rotating__task_uniform__carry,fit_population,31,30
97.5476861000061,rotating__task_uniform__carry,fit_population,31,31
99.46902394294739,rotating__task_uniform__carry,fit_population,31,4
99.0314781665802,rotating__task_uniform__carry,fit_population,31,5
100.0,rotating__task_uniform__carry,fit_population,31,6
99.45799708366394,rotating__task_uniform__carry,fit_population,31,7
99.53271150588989,rotating__task_uniform__carry,fit_population,31,8
99.76415038108826,rotating__task_uniform__carry,fit_population,31,9
87.2340440750122,rotating__task_uniform__carry,validation,31,1
88.99082541465759,rotating__task_uniform__carry,validation,31,10
79.7468364238739,rotating__task_uniform__carry,validation,31,11
82.79569745063782,rotating__task_uniform__carry,validation,31,12
91.17646813392639,rotating__task_uniform__carry,validation,31,13
88.67924809455872,rotating__task_uniform__carry,validation,31,14
87.09677457809448,rotating__task_uniform__carry,validation,31,15
82.07547068595886,rotating__task_uniform__carry,validation,31,16
70.70707082748413,rotating__task_uniform__carry,validation,31,17
78.82353067398071,rotating__task_uniform__carry,validation,31,18
72.41379022598267,rotating__task_uniform__carry,validation,31,19
83.33333134651184,rotating__task_uniform__carry,validation,31,2
68.29268336296082,rotating__task_uniform__carry,validation,31,20
82.75862336158752,rotating__task_uniform__carry,validation,31,21
71.875,rotating__task_uniform__carry,validation,31,22
73.40425252914429,rotating__task_uniform__carry,validation,31,23
62.85714507102966,rotating__task_uniform__carry,validation,31,24
75.47169923782349,rotating__task_uniform__carry,validation,31,25
76.76767706871033,rotating__task_uniform__carry,validation,31,26
69.2307710647583,rotating__task_uniform__carry,validation,31,27
83.95061492919922,rotating__task_uniform__carry,validation,31,28
71.7391312122345,rotating__task_uniform__carry,validation,31,29
85.47008633613586,rotating__task_uniform__carry,validation,31,3
77.77777910232544,rotating__task_uniform__carry,validation,31,30
78.02197933197021,rotating__task_uniform__carry,validation,31,31
85.61151027679443,rotating__task_uniform__carry,validation,31,4
80.58252334594727,rotating__task_uniform__carry,validation,31,5
85.26315689086914,rotating__task_uniform__carry,validation,31,6
88.04348111152649,rotating__task_uniform__carry,validation,31,7
86.91588640213013,rotating__task_uniform__carry,validation,31,8
82.85714387893677,rotating__task_uniform__carry,validation,31,9
99.47506785392761,rotating__task_uniform__reset_each_stage,fit_population,31,1
100.0,rotating__task_uniform__reset_each_stage,fit_population,31,10
100.0,rotating__task_uniform__reset_each_stage,fit_population,31,11
100.0,rotating__task_uniform__reset_each_stage,fit_population,31,12
99.75550174713135,rotating__task_uniform__reset_each_stage,fit_population,31,13
99.52380657196045,rotating__task_uniform__reset_each_stage,fit_population,31,14
100.0,rotating__task_uniform__reset_each_stage,fit_population,31,15
100.0,rotating__task_uniform__reset_each_stage,fit_population,31,16
99.74937438964844,rotating__task_uniform__reset_each_stage,fit_population,31,17
97.92899489402771,rotating__task_uniform__reset_each_stage,fit_population,31,18
98.26589822769165,rotating__task_uniform__reset_each_stage,fit_population,31,19
100.0,rotating__task_uniform__reset_each_stage,fit_population,31,2
99.69135522842407,rotating__task_uniform__reset_each_stage,fit_population,31,20
99.56803321838379,rotating__task_uniform__reset_each_stage,fit_population,31,21
99.73958134651184,rotating__task_uniform__reset_each_stage,fit_population,31,22
99.73261952400208,rotating__task_uniform__reset_each_stage,fit_population,31,23
99.27007555961609,rotating__task_uniform__reset_each_stage,fit_population,31,24
99.51456189155579,rotating__task_uniform__reset_each_stage,fit_population,31,25
97.71573543548584,rotating__task_uniform__reset_each_stage,fit_population,31,26
97.77158498764038,rotating__task_uniform__reset_each_stage,fit_population,31,27
96.59442901611328,rotating__task_uniform__reset_each_stage,fit_population,31,28
94.7802186012268,rotating__task_uniform__reset_each_stage,fit_population,31,29
100.0,rotating__task_uniform__reset_each_stage,fit_population,31,3
91.8248176574707,rotating__task_uniform__reset_each_stage,fit_population,31,30
91.00817441940308,rotating__task_uniform__reset_each_stage,fit_population,31,31
99.64601993560791,rotating__task_uniform__reset_each_stage,fit_population,31,4
99.27361011505127,rotating__task_uniform__reset_each_stage,fit_population,31,5
100.0,rotating__task_uniform__reset_each_stage,fit_population,31,6
100.0,rotating__task_uniform__reset_each_stage,fit_population,31,7
99.29906725883484,rotating__task_uniform__reset_each_stage,fit_population,31,8
99.05660152435303,rotating__task_uniform__reset_each_stage,fit_population,31,9
86.17021441459656,rotating__task_uniform__reset_each_stage,validation,31,1
91.74311757087708,rotating__task_uniform__reset_each_stage,validation,31,10
79.7468364238739,rotating__task_uniform__reset_each_stage,validation,31,11
84.94623899459839,rotating__task_uniform__reset_each_stage,validation,31,12
87.25489974021912,rotating__task_uniform__reset_each_stage,validation,31,13
89.62264060974121,rotating__task_uniform__reset_each_stage,validation,31,14
87.09677457809448,rotating__task_uniform__reset_each_stage,validation,31,15
79.24528121948242,rotating__task_uniform__reset_each_stage,validation,31,16
68.6868667602539,rotating__task_uniform__reset_each_stage,validation,31,17
80.0000011920929,rotating__task_uniform__reset_each_stage,validation,31,18
75.86206793785095,rotating__task_uniform__reset_each_stage,validation,31,19
78.43137383460999,rotating__task_uniform__reset_each_stage,validation,31,2
67.07317233085632,rotating__task_uniform__reset_each_stage,validation,31,20
76.7241358757019,rotating__task_uniform__reset_each_stage,validation,31,21
68.75,rotating__task_uniform__reset_each_stage,validation,31,22
71.27659320831299,rotating__task_uniform__reset_each_stage,validation,31,23
71.42857313156128,rotating__task_uniform__reset_each_stage,validation,31,24
69.8113203048706,rotating__task_uniform__reset_each_stage,validation,31,25
70.70707082748413,rotating__task_uniform__reset_each_stage,validation,31,26
73.62637519836426,rotating__task_uniform__reset_each_stage,validation,31,27
81.4814805984497,rotating__task_uniform__reset_each_stage,validation,31,28
73.9130437374115,rotating__task_uniform__reset_each_stage,validation,31,29
82.05128312110901,rotating__task_uniform__reset_each_stage,validation,31,3
79.53216433525085,rotating__task_uniform__reset_each_stage,validation,31,30
80.2197813987732,rotating__task_uniform__reset_each_stage,validation,31,31
82.01438784599304,rotating__task_uniform__reset_each_stage,validation,31,4
78.64077687263489,rotating__task_uniform__reset_each_stage,validation,31,5
89.47368264198303,rotating__task_uniform__reset_each_stage,validation,31,6
89.13043737411499,rotating__task_uniform__reset_each_stage,validation,31,7
88.78504633903503,rotating__task_uniform__reset_each_stage,validation,31,8
79.04762029647827,rotating__task_uniform__reset_each_stage,validation,31,9
92.38845109939575,fresh_full_history,fit_population,31,1
93.83561611175537,fresh_full_history,fit_population,31,10
91.45569801330566,fresh_full_history,fit_population,31,11
89.13043737411499,fresh_full_history,fit_population,31,12
95.5990195274353,fresh_full_history,fit_population,31,13
93.33333373069763,fresh_full_history,fit_population,31,14
93.27957034111023,fresh_full_history,fit_population,31,15
94.08983588218689,fresh_full_history,fit_population,31,16
87.96992301940918,fresh_full_history,fit_population,31,17
92.01183319091797,fresh_full_history,fit_population,31,18
80.92485666275024,fresh_full_history,fit_population,31,19
93.20388436317444,fresh_full_history,fit_population,31,2
89.19752836227417,fresh_full_history,fit_population,31,20
91.5766716003418,fresh_full_history,fit_population,31,21
88.28125,fresh_full_history,fit_population,31,22
82.35294222831726,fresh_full_history,fit_population,31,23
93.43065619468689,fresh_full_history,fit_population,31,24
84.95145440101624,fresh_full_history,fit_population,31,25
86.54822111129761,fresh_full_history,fit_population,31,26
83.00835490226746,fresh_full_history,fit_population,31,27
88.85449171066284,fresh_full_history,fit_population,31,28
81.86812996864319,fresh_full_history,fit_population,31,29
91.04477763175964,fresh_full_history,fit_population,31,3
87.29926943778992,fresh_full_history,fit_population,31,30
88.28337788581848,fresh_full_history,fit_population,31,31
94.86725926399231,fresh_full_history,fit_population,31,4
88.86198401451111,fresh_full_history,fit_population,31,5
94.31524276733398,fresh_full_history,fit_population,31,6
95.12194991111755,fresh_full_history,fit_population,31,7
94.39252614974976,fresh_full_history,fit_population,31,8
91.98113083839417,fresh_full_history,fit_population,31,9
92.55319237709045,fresh_full_history,validation,31,1
91.74311757087708,fresh_full_history,validation,31,10
89.87341523170471,fresh_full_history,validation,31,11
88.17204236984253,fresh_full_history,validation,31,12
93.13725233078003,fresh_full_history,validation,31,13
95.28301954269409,fresh_full_history,validation,31,14
93.54838728904724,fresh_full_history,validation,31,15
86.79245114326477,fresh_full_history,validation,31,16
79.79797720909119,fresh_full_history,validation,31,17
83.52941274642944,fresh_full_history,validation,31,18
81.60919547080994,fresh_full_history,validation,31,19
88.23529481887817,fresh_full_history,validation,31,2
92.68292784690857,fresh_full_history,validation,31,20
86.20689511299133,fresh_full_history,validation,31,21
80.20833134651184,fresh_full_history,validation,31,22
85.10638475418091,fresh_full_history,validation,31,23
78.57142686843872,fresh_full_history,validation,31,24
79.24528121948242,fresh_full_history,validation,31,25
84.84848737716675,fresh_full_history,validation,31,26
81.31868243217468,fresh_full_history,validation,31,27
83.95061492919922,fresh_full_history,validation,31,28
77.173912525177,fresh_full_history,validation,31,29
90.59829115867615,fresh_full_history,validation,31,3
81.87134265899658,fresh_full_history,validation,31,30
78.02197933197021,fresh_full_history,validation,31,31
89.20863270759583,fresh_full_history,validation,31,4
90.29126167297363,fresh_full_history,validation,31,5
93.68420839309692,fresh_full_history,validation,31,6
94.5652186870575,fresh_full_history,validation,31,7
90.65420627593994,fresh_full_history,validation,31,8
87.61904835700989,fresh_full_history,validation,31,9
94.75065469741821,static__example_uniform__carry,fit_population,50,1
95.6620991230011,static__example_uniform__carry,fit_population,50,10
91.45569801330566,static__example_uniform__carry,fit_population,50,11
88.04348111152649,static__example_uniform__carry,fit_population,50,12
94.6210265159607,static__example_uniform__carry,fit_population,50,13
92.38095283508301,static__example_uniform__carry,fit_population,50,14
95.16128897666931,static__example_uniform__carry,fit_population,50,15
93.85342597961426,static__example_uniform__carry,fit_population,50,16
91.72932505607605,static__example_uniform__carry,fit_population,50,17
94.08283829689026,static__example_uniform__carry,fit_population,50,18
90.75144529342651,static__example_uniform__carry,fit_population,50,19
92.96116232872009,static__example_uniform__carry,fit_population,50,2
89.81481194496155,static__example_uniform__carry,fit_population,50,20
94.6004331111908,static__example_uniform__carry,fit_population,50,21
94.27083134651184,static__example_uniform__carry,fit_population,50,22
86.09625697135925,static__example_uniform__carry,fit_population,50,23
90.14598727226257,static__example_uniform__carry,fit_population,50,24
94.17475461959839,static__example_uniform__carry,fit_population,50,25
92.13197827339172,static__example_uniform__carry,fit_population,50,26
94.1504180431366,static__example_uniform__carry,fit_population,50,27
95.35603523254395,static__example_uniform__carry,fit_population,50,28
84.3406617641449,static__example_uniform__carry,fit_population,50,29
91.25799536705017,static__example_uniform__carry,fit_population,50,3
92.55474209785461,static__example_uniform__carry,fit_population,50,30
93.18801164627075,static__example_uniform__carry,fit_population,50,31
90.49080014228821,static__example_uniform__carry,fit_population,50,32
92.65536665916443,static__example_uniform__carry,fit_population,50,33
89.33333158493042,static__example_uniform__carry,fit_population,50,34
93.79157423973083,static__example_uniform__carry,fit_population,50,35
92.13709831237793,static__example_uniform__carry,fit_population,50,36
90.31620621681213,static__example_uniform__carry,fit_population,50,37
90.67245125770569,static__example_uniform__carry,fit_population,50,38
90.73569774627686,static__example_uniform__carry,fit_population,50,39
93.451327085495,static__example_uniform__carry,fit_population,50,4
90.99099040031433,static__example_uniform__carry,fit_population,50,40
90.71729779243469,static__example_uniform__carry,fit_population,50,41
89.74943161010742,static__example_uniform__carry,fit_population,50,42
95.09803652763367,static__example_uniform__carry,fit_population,50,43
93.19148659706116,static__example_uniform__carry,fit_population,50,44
92.87833571434021,static__example_uniform__carry,fit_population,50,45
91.64619445800781,static__example_uniform__carry,fit_population,50,46
91.11111164093018,static__example_uniform__carry,fit_population,50,47
95.36784887313843,static__example_uniform__carry,fit_population,50,48
91.2912905216217,static__example_uniform__carry,fit_population,50,49
93.94673109054565,static__example_uniform__carry,fit_population,50,5
96.61971926689148,static__example_uniform__carry,fit_population,50,50
93.79844665527344,static__example_uniform__carry,fit_population,50,6
92.4119234085083,static__example_uniform__carry,fit_population,50,7
91.58878326416016,static__example_uniform__carry,fit_population,50,8
92.92452931404114,static__example_uniform__carry,fit_population,50,9
90.42553305625916,static__example_uniform__carry,validation,50,1
88.07339668273926,static__example_uniform__carry,validation,50,10
78.48101258277893,static__example_uniform__carry,validation,50,11
81.72042965888977,static__example_uniform__carry,validation,50,12
82.35294222831726,static__example_uniform__carry,validation,50,13
92.45283007621765,static__example_uniform__carry,validation,50,14
88.17204236984253,static__example_uniform__carry,validation,50,15
84.9056601524353,static__example_uniform__carry,validation,50,16
83.83838534355164,static__example_uniform__carry,validation,50,17
84.70588326454163,static__example_uniform__carry,validation,50,18
79.31034564971924,static__example_uniform__carry,validation,50,19
84.3137264251709,static__example_uniform__carry,validation,50,2
73.17073345184326,static__example_uniform__carry,validation,50,20
84.48275923728943,static__example_uniform__carry,validation,50,21
75.0,static__example_uniform__carry,validation,50,22
72.34042286872864,static__example_uniform__carry,validation,50,23
77.14285850524902,static__example_uniform__carry,validation,50,24
81.13207817077637,static__example_uniform__carry,validation,50,25
82.82828330993652,static__example_uniform__carry,validation,50,26
82.41758346557617,static__example_uniform__carry,validation,50,27
90.12345671653748,static__example_uniform__carry,validation,50,28
73.9130437374115,static__example_uniform__carry,validation,50,29
87.17948794364929,static__example_uniform__carry,validation,50,3
82.45614171028137,static__example_uniform__carry,validation,50,30
86.81318759918213,static__example_uniform__carry,validation,50,31
76.82926654815674,static__example_uniform__carry,validation,50,32
89.8876428604126,static__example_uniform__carry,validation,50,33
78.94737124443054,static__example_uniform__carry,validation,50,34
85.71428656578064,static__example_uniform__carry,validation,50,35
91.86992049217224,static__example_uniform__carry,validation,50,36
76.1904776096344,static__example_uniform__carry,validation,50,37
83.33333134651184,static__example_uniform__carry,validation,50,38
79.347825050354,static__example_uniform__carry,validation,50,39
84.17266011238098,static__example_uniform__carry,validation,50,4
77.27272510528564,static__example_uniform__carry,validation,50,40
78.33333611488342,static__example_uniform__carry,validation,50,41
82.56880640983582,static__example_uniform__carry,validation,50,42
84.21052694320679,static__example_uniform__carry,validation,50,43
75.86206793785095,static__example_uniform__carry,validation,50,44
90.58823585510254,static__example_uniform__carry,validation,50,45
82.35294222831726,static__example_uniform__carry,validation,50,46
85.71428656578064,static__example_uniform__carry,validation,50,47
84.61538553237915,static__example_uniform__carry,validation,50,48
68.23529601097107,static__example_uniform__carry,validation,50,49
82.52426981925964,static__example_uniform__carry,validation,50,5
91.01123809814453,static__example_uniform__carry,validation,50,50
90.52631855010986,static__example_uniform__carry,validation,50,6
88.04348111152649,static__example_uniform__carry,validation,50,7
83.17757248878479,static__example_uniform__carry,validation,50,8
88.57142925262451,static__example_uniform__carry,validation,50,9
94.22572255134583,static__example_uniform__reset_each_stage,fit_population,50,1
94.97717022895813,static__example_uniform__reset_each_stage,fit_population,50,10
89.2405092716217,static__example_uniform__reset_each_stage,fit_population,50,11
88.04348111152649,static__example_uniform__reset_each_stage,fit_population,50,12
92.42053627967834,static__example_uniform__reset_each_stage,fit_population,50,13
90.95237851142883,static__example_uniform__reset_each_stage,fit_population,50,14
92.4731194972992,static__example_uniform__reset_each_stage,fit_population,50,15
91.01654887199402,static__example_uniform__reset_each_stage,fit_population,50,16
92.23057627677917,static__example_uniform__reset_each_stage,fit_population,50,17
93.49112510681152,static__example_uniform__reset_each_stage,fit_population,50,18
91.3294792175293,static__example_uniform__reset_each_stage,fit_population,50,19
91.50485396385193,static__example_uniform__reset_each_stage,fit_population,50,2
87.96296119689941,static__example_uniform__reset_each_stage,fit_population,50,20
92.00863838195801,static__example_uniform__reset_each_stage,fit_population,50,21
94.53125,static__example_uniform__reset_each_stage,fit_population,50,22
87.4331533908844,static__example_uniform__reset_each_stage,fit_population,50,23
89.41605687141418,static__example_uniform__reset_each_stage,fit_population,50,24
93.20388436317444,static__example_uniform__reset_each_stage,fit_population,50,25
90.10152220726013,static__example_uniform__reset_each_stage,fit_population,50,26
92.75766015052795,static__example_uniform__reset_each_stage,fit_population,50,27
91.02166891098022,static__example_uniform__reset_each_stage,fit_population,50,28
86.53846383094788,static__example_uniform__reset_each_stage,fit_population,50,29
90.61833620071411,static__example_uniform__reset_each_stage,fit_population,50,3
90.94890356063843,static__example_uniform__reset_each_stage,fit_population,50,30
93.46048831939697,static__example_uniform__reset_each_stage,fit_population,50,31
84.9693238735199,static__example_uniform__reset_each_stage,fit_population,50,32
94.06779408454895,static__example_uniform__reset_each_stage,fit_population,50,33
90.2222216129303,static__example_uniform__reset_each_stage,fit_population,50,34
93.79157423973083,static__example_uniform__reset_each_stage,fit_population,50,35
92.7419364452362,static__example_uniform__reset_each_stage,fit_population,50,36
88.53754997253418,static__example_uniform__reset_each_stage,fit_population,50,37
94.79392766952515,static__example_uniform__reset_each_stage,fit_population,50,38
89.91825580596924,static__example_uniform__reset_each_stage,fit_population,50,39
89.5575225353241,static__example_uniform__reset_each_stage,fit_population,50,4
90.54054021835327,static__example_uniform__reset_each_stage,fit_population,50,40
91.13923907279968,static__example_uniform__reset_each_stage,fit_population,50,41
87.92710900306702,static__example_uniform__reset_each_stage,fit_population,50,42
94.77124214172363,static__example_uniform__reset_each_stage,fit_population,50,43
90.63829779624939,static__example_uniform__reset_each_stage,fit_population,50,44
93.7685489654541,static__example_uniform__reset_each_stage,fit_population,50,45
92.38329529762268,static__example_uniform__reset_each_stage,fit_population,50,46
93.61110925674438,static__example_uniform__reset_each_stage,fit_population,50,47
94.27793025970459,static__example_uniform__reset_each_stage,fit_population,50,48
88.88888955116272,static__example_uniform__reset_each_stage,fit_population,50,49
91.52542352676392,static__example_uniform__reset_each_stage,fit_population,50,5
97.183096408844,static__example_uniform__reset_each_stage,fit_population,50,50
91.73126816749573,static__example_uniform__reset_each_stage,fit_population,50,6
91.86992049217224,static__example_uniform__reset_each_stage,fit_population,50,7
86.91588640213013,static__example_uniform__reset_each_stage,fit_population,50,8
92.6886796951294,static__example_uniform__reset_each_stage,fit_population,50,9
82.97872543334961,static__example_uniform__reset_each_stage,validation,50,1
88.99082541465759,static__example_uniform__reset_each_stage,validation,50,10
70.88607549667358,static__example_uniform__reset_each_stage,validation,50,11
79.56989407539368,static__example_uniform__reset_each_stage,validation,50,12
80.39215803146362,static__example_uniform__reset_each_stage,validation,50,13
85.84905862808228,static__example_uniform__reset_each_stage,validation,50,14
80.64516186714172,static__example_uniform__reset_each_stage,validation,50,15
81.13207817077637,static__example_uniform__reset_each_stage,validation,50,16
81.81818127632141,static__example_uniform__reset_each_stage,validation,50,17
83.52941274642944,static__example_uniform__reset_each_stage,validation,50,18
75.86206793785095,static__example_uniform__reset_each_stage,validation,50,19
78.43137383460999,static__example_uniform__reset_each_stage,validation,50,2
75.60975551605225,static__example_uniform__reset_each_stage,validation,50,20
87.06896305084229,static__example_uniform__reset_each_stage,validation,50,21
73.95833134651184,static__example_uniform__reset_each_stage,validation,50,22
71.27659320831299,static__example_uniform__reset_each_stage,validation,50,23
72.85714149475098,static__example_uniform__reset_each_stage,validation,50,24
75.47169923782349,static__example_uniform__reset_each_stage,validation,50,25
80.8080792427063,static__example_uniform__reset_each_stage,validation,50,26
83.51648449897766,static__example_uniform__reset_each_stage,validation,50,27
83.95061492919922,static__example_uniform__reset_each_stage,validation,50,28
79.347825050354,static__example_uniform__reset_each_stage,validation,50,29
82.90598392486572,static__example_uniform__reset_each_stage,validation,50,3
81.87134265899658,static__example_uniform__reset_each_stage,validation,50,30
83.51648449897766,static__example_uniform__reset_each_stage,validation,50,31
75.60975551605225,static__example_uniform__reset_each_stage,validation,50,32
92.13483333587646,static__example_uniform__reset_each_stage,validation,50,33
64.91228342056274,static__example_uniform__reset_each_stage,validation,50,34
80.35714030265808,static__example_uniform__reset_each_stage,validation,50,35
91.86992049217224,static__example_uniform__reset_each_stage,validation,50,36
75.39682388305664,static__example_uniform__reset_each_stage,validation,50,37
82.45614171028137,static__example_uniform__reset_each_stage,validation,50,38
77.173912525177,static__example_uniform__reset_each_stage,validation,50,39
75.53957104682922,static__example_uniform__reset_each_stage,validation,50,4
78.18182110786438,static__example_uniform__reset_each_stage,validation,50,40
78.33333611488342,static__example_uniform__reset_each_stage,validation,50,41
75.2293586730957,static__example_uniform__reset_each_stage,validation,50,42
85.52631735801697,static__example_uniform__reset_each_stage,validation,50,43
77.58620977401733,static__example_uniform__reset_each_stage,validation,50,44
89.41176533699036,static__example_uniform__reset_each_stage,validation,50,45
79.41176295280457,static__example_uniform__reset_each_stage,validation,50,46
91.20879173278809,static__example_uniform__reset_each_stage,validation,50,47
82.41758346557617,static__example_uniform__reset_each_stage,validation,50,48
74.11764860153198,static__example_uniform__reset_each_stage,validation,50,49
73.7864077091217,static__example_uniform__reset_each_stage,validation,50,5
92.13483333587646,static__example_uniform__reset_each_stage,validation,50,50
85.26315689086914,static__example_uniform__reset_each_stage,validation,50,6
91.30434989929199,static__example_uniform__reset_each_stage,validation,50,7
79.43925261497498,static__example_uniform__reset_each_stage,validation,50,8
80.0000011920929,static__example_uniform__reset_each_stage,validation,50,9
94.22572255134583,static__task_uniform__carry,fit_population,50,1
96.80365324020386,static__task_uniform__carry,fit_population,50,10
92.72152185440063,static__task_uniform__carry,fit_population,50,11
89.94565010070801,static__task_uniform__carry,fit_population,50,12
95.110023021698,static__task_uniform__carry,fit_population,50,13
92.38095283508301,static__task_uniform__carry,fit_population,50,14
95.16128897666931,static__task_uniform__carry,fit_population,50,15
94.08983588218689,static__task_uniform__carry,fit_population,50,16
92.23057627677917,static__task_uniform__carry,fit_population,50,17
94.97041702270508,static__task_uniform__carry,fit_population,50,18
93.06358098983765,static__task_uniform__carry,fit_population,50,19
95.38834691047668,static__task_uniform__carry,fit_population,50,2
91.04938507080078,static__task_uniform__carry,fit_population,50,20
93.95248293876648,static__task_uniform__carry,fit_population,50,21
94.53125,static__task_uniform__carry,fit_population,50,22
84.7593605518341,static__task_uniform__carry,fit_population,50,23
88.32116723060608,static__task_uniform__carry,fit_population,50,24
95.63106894493103,static__task_uniform__carry,fit_population,50,25
90.10152220726013,static__task_uniform__carry,fit_population,50,26
95.2646255493164,static__task_uniform__carry,fit_population,50,27
94.42724585533142,static__task_uniform__carry,fit_population,50,28
88.73626589775085,static__task_uniform__carry,fit_population,50,29
91.04477763175964,static__task_uniform__carry,fit_population,50,3
93.86861324310303,static__task_uniform__carry,fit_population,50,30
92.91552901268005,static__task_uniform__carry,fit_population,50,31
87.11656332015991,static__task_uniform__carry,fit_population,50,32
90.67796468734741,static__task_uniform__carry,fit_population,50,33
89.33333158493042,static__task_uniform__carry,fit_population,50,34
93.79157423973083,static__task_uniform__carry,fit_population,50,35
92.7419364452362,static__task_uniform__carry,fit_population,50,36
88.93280625343323,static__task_uniform__carry,fit_population,50,37
89.15401101112366,static__task_uniform__carry,fit_population,50,38
87.46594190597534,static__task_uniform__carry,fit_population,50,39
91.85840487480164,static__task_uniform__carry,fit_population,50,4
88.73873949050903,static__task_uniform__carry,fit_population,50,40
90.71729779243469,static__task_uniform__carry,fit_population,50,41
89.97722268104553,static__task_uniform__carry,fit_population,50,42
96.07843160629272,static__task_uniform__carry,fit_population,50,43
93.19148659706116,static__task_uniform__carry,fit_population,50,44
94.36202049255371,static__task_uniform__carry,fit_population,50,45
90.66339135169983,static__task_uniform__carry,fit_population,50,46
93.05555820465088,static__task_uniform__carry,fit_population,50,47
90.19073843955994,static__task_uniform__carry,fit_population,50,48
90.99099040031433,static__task_uniform__carry,fit_population,50,49
93.70459914207458,static__task_uniform__carry,fit_population,50,5
96.05633616447449,static__task_uniform__carry,fit_population,50,50
93.79844665527344,static__task_uniform__carry,fit_population,50,6
93.4959352016449,static__task_uniform__carry,fit_population,50,7
93.22429895401001,static__task_uniform__carry,fit_population,50,8
91.74528121948242,static__task_uniform__carry,fit_population,50,9
93.6170220375061,static__task_uniform__carry,validation,50,1
90.82568883895874,static__task_uniform__carry,validation,50,10
83.54430198669434,static__task_uniform__carry,validation,50,11
80.64516186714172,static__task_uniform__carry,validation,50,12
91.17646813392639,static__task_uniform__carry,validation,50,13
89.62264060974121,static__task_uniform__carry,validation,50,14
87.09677457809448,static__task_uniform__carry,validation,50,15
86.79245114326477,static__task_uniform__carry,validation,50,16
78.78788113594055,static__task_uniform__carry,validation,50,17
88.23529481887817,static__task_uniform__carry,validation,50,18
80.45976758003235,static__task_uniform__carry,validation,50,19
89.21568393707275,static__task_uniform__carry,validation,50,2
85.36585569381714,static__task_uniform__carry,validation,50,20
85.34482717514038,static__task_uniform__carry,validation,50,21
78.125,static__task_uniform__carry,validation,50,22
68.08510422706604,static__task_uniform__carry,validation,50,23
80.0000011920929,static__task_uniform__carry,validation,50,24
83.01886916160583,static__task_uniform__carry,validation,50,25
80.8080792427063,static__task_uniform__carry,validation,50,26
85.71428656578064,static__task_uniform__carry,validation,50,27
92.59259104728699,static__task_uniform__carry,validation,50,28
88.04348111152649,static__task_uniform__carry,validation,50,29
88.034188747406,static__task_uniform__carry,validation,50,3
87.71929740905762,static__task_uniform__carry,validation,50,30
83.51648449897766,static__task_uniform__carry,validation,50,31
78.04877758026123,static__task_uniform__carry,validation,50,32
88.76404762268066,static__task_uniform__carry,validation,50,33
75.43859481811523,static__task_uniform__carry,validation,50,34
81.25,static__task_uniform__carry,validation,50,35
87.80487775802612,static__task_uniform__carry,validation,50,36
80.15872836112976,static__task_uniform__carry,validation,50,37
78.94737124443054,static__task_uniform__carry,validation,50,38
73.9130437374115,static__task_uniform__carry,validation,50,39
83.4532380104065,static__task_uniform__carry,validation,50,4
67.27272868156433,static__task_uniform__carry,validation,50,40
78.33333611488342,static__task_uniform__carry,validation,50,41
82.56880640983582,static__task_uniform__carry,validation,50,42
84.21052694320679,static__task_uniform__carry,validation,50,43
67.24137663841248,static__task_uniform__carry,validation,50,44
90.58823585510254,static__task_uniform__carry,validation,50,45
80.39215803146362,static__task_uniform__carry,validation,50,46
81.31868243217468,static__task_uniform__carry,validation,50,47
80.2197813987732,static__task_uniform__carry,validation,50,48
65.8823549747467,static__task_uniform__carry,validation,50,49
82.52426981925964,static__task_uniform__carry,validation,50,5
91.01123809814453,static__task_uniform__carry,validation,50,50
88.42105269432068,static__task_uniform__carry,validation,50,6
88.04348111152649,static__task_uniform__carry,validation,50,7
86.91588640213013,static__task_uniform__carry,validation,50,8
88.57142925262451,static__task_uniform__carry,validation,50,9
94.75065469741821,static__task_uniform__reset_each_stage,fit_population,50,1
96.5753436088562,static__task_uniform__reset_each_stage,fit_population,50,10
92.72152185440063,static__task_uniform__reset_each_stage,fit_population,50,11
88.3152186870575,static__task_uniform__reset_each_stage,fit_population,50,12
94.6210265159607,static__task_uniform__reset_each_stage,fit_population,50,13
92.85714030265808,static__task_uniform__reset_each_stage,fit_population,50,14
92.7419364452362,static__task_uniform__reset_each_stage,fit_population,50,15
94.08983588218689,static__task_uniform__reset_each_stage,fit_population,50,16
91.22806787490845,static__task_uniform__reset_each_stage,fit_population,50,17
94.67455744743347,static__task_uniform__reset_each_stage,fit_population,50,18
92.48554706573486,static__task_uniform__reset_each_stage,fit_population,50,19
94.17475461959839,static__task_uniform__reset_each_stage,fit_population,50,2
89.5061731338501,static__task_uniform__reset_each_stage,fit_population,50,20
93.73649954795837,static__task_uniform__reset_each_stage,fit_population,50,21
96.35416865348816,static__task_uniform__reset_each_stage,fit_population,50,22
87.4331533908844,static__task_uniform__reset_each_stage,fit_population,50,23
89.41605687141418,static__task_uniform__reset_each_stage,fit_population,50,24
94.17475461959839,static__task_uniform__reset_each_stage,fit_population,50,25
90.10152220726013,static__task_uniform__reset_each_stage,fit_population,50,26
95.2646255493164,static__task_uniform__reset_each_stage,fit_population,50,27
93.49845051765442,static__task_uniform__reset_each_stage,fit_population,50,28
85.98901033401489,static__task_uniform__reset_each_stage,fit_population,50,29
90.40511846542358,static__task_uniform__reset_each_stage,fit_population,50,3
93.13868880271912,static__task_uniform__reset_each_stage,fit_population,50,30
93.46048831939697,static__task_uniform__reset_each_stage,fit_population,50,31
89.26380276679993,static__task_uniform__reset_each_stage,fit_population,50,32
92.37288236618042,static__task_uniform__reset_each_stage,fit_population,50,33
90.2222216129303,static__task_uniform__reset_each_stage,fit_population,50,34
95.12194991111755,static__task_uniform__reset_each_stage,fit_population,50,35
93.14516186714172,static__task_uniform__reset_each_stage,fit_population,50,36
91.69960618019104,static__task_uniform__reset_each_stage,fit_population,50,37
93.4924066066742,static__task_uniform__reset_each_stage,fit_population,50,38
91.00817441940308,static__task_uniform__reset_each_stage,fit_population,50,39
93.0973470211029,static__task_uniform__reset_each_stage,fit_population,50,4
88.51351141929626,static__task_uniform__reset_each_stage,fit_population,50,40
90.2953565120697,static__task_uniform__reset_each_stage,fit_population,50,41
89.2938494682312,static__task_uniform__reset_each_stage,fit_population,50,42
94.44444179534912,static__task_uniform__reset_each_stage,fit_population,50,43
93.6170220375061,static__task_uniform__reset_each_stage,fit_population,50,44
93.7685489654541,static__task_uniform__reset_each_stage,fit_population,50,45
90.66339135169983,static__task_uniform__reset_each_stage,fit_population,50,46
92.22221970558167,static__task_uniform__reset_each_stage,fit_population,50,47
94.27793025970459,static__task_uniform__reset_each_stage,fit_population,50,48
91.2912905216217,static__task_uniform__reset_each_stage,fit_population,50,49
93.70459914207458,static__task_uniform__reset_each_stage,fit_population,50,5
94.08450722694397,static__task_uniform__reset_each_stage,fit_population,50,50
94.05684471130371,static__task_uniform__reset_each_stage,fit_population,50,6
92.4119234085083,static__task_uniform__reset_each_stage,fit_population,50,7
90.65420627593994,static__task_uniform__reset_each_stage,fit_population,50,8
93.39622855186462,static__task_uniform__reset_each_stage,fit_population,50,9
85.10638475418091,static__task_uniform__reset_each_stage,validation,50,1
88.99082541465759,static__task_uniform__reset_each_stage,validation,50,10
78.48101258277893,static__task_uniform__reset_each_stage,validation,50,11
83.87096524238586,static__task_uniform__reset_each_stage,validation,50,12
87.25489974021912,static__task_uniform__reset_each_stage,validation,50,13
90.56603908538818,static__task_uniform__reset_each_stage,validation,50,14
80.64516186714172,static__task_uniform__reset_each_stage,validation,50,15
86.79245114326477,static__task_uniform__reset_each_stage,validation,50,16
82.82828330993652,static__task_uniform__reset_each_stage,validation,50,17
83.52941274642944,static__task_uniform__reset_each_stage,validation,50,18
79.31034564971924,static__task_uniform__reset_each_stage,validation,50,19
84.3137264251709,static__task_uniform__reset_each_stage,validation,50,2
78.04877758026123,static__task_uniform__reset_each_stage,validation,50,20
87.06896305084229,static__task_uniform__reset_each_stage,validation,50,21
78.125,static__task_uniform__reset_each_stage,validation,50,22
71.27659320831299,static__task_uniform__reset_each_stage,validation,50,23
75.71428418159485,static__task_uniform__reset_each_stage,validation,50,24
81.13207817077637,static__task_uniform__reset_each_stage,validation,50,25
80.8080792427063,static__task_uniform__reset_each_stage,validation,50,26
82.41758346557617,static__task_uniform__reset_each_stage,validation,50,27
90.12345671653748,static__task_uniform__reset_each_stage,validation,50,28
80.4347813129425,static__task_uniform__reset_each_stage,validation,50,29
82.90598392486572,static__task_uniform__reset_each_stage,validation,50,3
84.21052694320679,static__task_uniform__reset_each_stage,validation,50,30
83.51648449897766,static__task_uniform__reset_each_stage,validation,50,31
76.82926654815674,static__task_uniform__reset_each_stage,validation,50,32
88.76404762268066,static__task_uniform__reset_each_stage,validation,50,33
80.70175647735596,static__task_uniform__reset_each_stage,validation,50,34
83.92857313156128,static__task_uniform__reset_each_stage,validation,50,35
91.86992049217224,static__task_uniform__reset_each_stage,validation,50,36
82.53968358039856,static__task_uniform__reset_each_stage,validation,50,37
85.08771657943726,static__task_uniform__reset_each_stage,validation,50,38
82.6086938381195,static__task_uniform__reset_each_stage,validation,50,39
83.4532380104065,static__task_uniform__reset_each_stage,validation,50,4
80.0000011920929,static__task_uniform__reset_each_stage,validation,50,40
73.33333492279053,static__task_uniform__reset_each_stage,validation,50,41
80.73394298553467,static__task_uniform__reset_each_stage,validation,50,42
84.21052694320679,static__task_uniform__reset_each_stage,validation,50,43
79.31034564971924,static__task_uniform__reset_each_stage,validation,50,44
91.76470637321472,static__task_uniform__reset_each_stage,validation,50,45
82.35294222831726,static__task_uniform__reset_each_stage,validation,50,46
87.91208863258362,static__task_uniform__reset_each_stage,validation,50,47
86.81318759918213,static__task_uniform__reset_each_stage,validation,50,48
65.8823549747467,static__task_uniform__reset_each_stage,validation,50,49
78.64077687263489,static__task_uniform__reset_each_stage,validation,50,5
86.51685118675232,static__task_uniform__reset_each_stage,validation,50,50
85.26315689086914,static__task_uniform__reset_each_stage,validation,50,6
89.13043737411499,static__task_uniform__reset_each_stage,validation,50,7
80.37382960319519,static__task_uniform__reset_each_stage,validation,50,8
82.85714387893677,static__task_uniform__reset_each_stage,validation,50,9
97.3753273487091,rotating__example_uniform__carry,fit_population,50,1
99.0867555141449,rotating__example_uniform__carry,fit_population,50,10
97.15189933776855,rotating__example_uniform__carry,fit_population,50,11
96.19565010070801,rotating__example_uniform__carry,fit_population,50,12
99.26650524139404,rotating__example_uniform__carry,fit_population,50,13
98.57142567634583,rotating__example_uniform__carry,fit_population,50,14
98.92473220825195,rotating__example_uniform__carry,fit_population,50,15
97.16312289237976,rotating__example_uniform__carry,fit_population,50,16
97.49373197555542,rotating__example_uniform__carry,fit_population,50,17
97.6331353187561,rotating__example_uniform__carry,fit_population,50,18
96.53179049491882,rotating__example_uniform__carry,fit_population,50,19
96.35922312736511,rotating__example_uniform__carry,fit_population,50,2
96.91358208656311,rotating__example_uniform__carry,fit_population,50,20
97.62418866157532,rotating__example_uniform__carry,fit_population,50,21
99.47916865348816,rotating__example_uniform__carry,fit_population,50,22
97.59358167648315,rotating__example_uniform__carry,fit_population,50,23
95.9854006767273,rotating__example_uniform__carry,fit_population,50,24
99.51456189155579,rotating__example_uniform__carry,fit_population,50,25
97.46192693710327,rotating__example_uniform__carry,fit_population,50,26
97.77158498764038,rotating__example_uniform__carry,fit_population,50,27
96.90402746200562,rotating__example_uniform__carry,fit_population,50,28
94.50549483299255,rotating__example_uniform__carry,fit_population,50,29
96.8017041683197,rotating__example_uniform__carry,fit_population,50,3
97.0802903175354,rotating__example_uniform__carry,fit_population,50,30
98.91008138656616,rotating__example_uniform__carry,fit_population,50,31
96.93251252174377,rotating__example_uniform__carry,fit_population,50,32
96.89265489578247,rotating__example_uniform__carry,fit_population,50,33
97.77777791023254,rotating__example_uniform__carry,fit_population,50,34
98.89135360717773,rotating__example_uniform__carry,fit_population,50,35
98.58871102333069,rotating__example_uniform__carry,fit_population,50,36
99.01185631752014,rotating__example_uniform__carry,fit_population,50,37
97.61388301849365,rotating__example_uniform__carry,fit_population,50,38
97.2752034664154,rotating__example_uniform__carry,fit_population,50,39
97.3451316356659,rotating__example_uniform__carry,fit_population,50,4
96.84684872627258,rotating__example_uniform__carry,fit_population,50,40
94.09282803535461,rotating__example_uniform__carry,fit_population,50,41
93.39407682418823,rotating__example_uniform__carry,fit_population,50,42
96.73202633857727,rotating__example_uniform__carry,fit_population,50,43
97.44681119918823,rotating__example_uniform__carry,fit_population,50,44
96.43917083740234,rotating__example_uniform__carry,fit_population,50,45
93.85749101638794,rotating__example_uniform__carry,fit_population,50,46
93.88889074325562,rotating__example_uniform__carry,fit_population,50,47
92.91552901268005,rotating__example_uniform__carry,fit_population,50,48
86.48648858070374,rotating__example_uniform__carry,fit_population,50,49
96.85230255126953,rotating__example_uniform__carry,fit_population,50,5
96.05633616447449,rotating__example_uniform__carry,fit_population,50,50
98.19121360778809,rotating__example_uniform__carry,fit_population,50,6
97.28997349739075,rotating__example_uniform__carry,fit_population,50,7
94.85981464385986,rotating__example_uniform__carry,fit_population,50,8
99.05660152435303,rotating__example_uniform__carry,fit_population,50,9
89.3617033958435,rotating__example_uniform__carry,validation,50,1
89.90825414657593,rotating__example_uniform__carry,validation,50,10
84.8101258277893,rotating__example_uniform__carry,validation,50,11
87.09677457809448,rotating__example_uniform__carry,validation,50,12
90.19607901573181,rotating__example_uniform__carry,validation,50,13
92.45283007621765,rotating__example_uniform__carry,validation,50,14
88.17204236984253,rotating__example_uniform__carry,validation,50,15
86.79245114326477,rotating__example_uniform__carry,validation,50,16
89.89899158477783,rotating__example_uniform__carry,validation,50,17
87.05882430076599,rotating__example_uniform__carry,validation,50,18
82.75862336158752,rotating__example_uniform__carry,validation,50,19
86.27451062202454,rotating__example_uniform__carry,validation,50,2
81.70731663703918,rotating__example_uniform__carry,validation,50,20
88.79310488700867,rotating__example_uniform__carry,validation,50,21
79.16666865348816,rotating__example_uniform__carry,validation,50,22
79.78723645210266,rotating__example_uniform__carry,validation,50,23
88.57142925262451,rotating__example_uniform__carry,validation,50,24
83.01886916160583,rotating__example_uniform__carry,validation,50,25
87.87878751754761,rotating__example_uniform__carry,validation,50,26
82.41758346557617,rotating__example_uniform__carry,validation,50,27
93.82715821266174,rotating__example_uniform__carry,validation,50,28
88.04348111152649,rotating__example_uniform__carry,validation,50,29
84.61538553237915,rotating__example_uniform__carry,validation,50,3
87.1345043182373,rotating__example_uniform__carry,validation,50,30
86.81318759918213,rotating__example_uniform__carry,validation,50,31
86.58536672592163,rotating__example_uniform__carry,validation,50,32
91.01123809814453,rotating__example_uniform__carry,validation,50,33
85.9649121761322,rotating__example_uniform__carry,validation,50,34
89.28571343421936,rotating__example_uniform__carry,validation,50,35
87.80487775802612,rotating__example_uniform__carry,validation,50,36
81.7460298538208,rotating__example_uniform__carry,validation,50,37
85.08771657943726,rotating__example_uniform__carry,validation,50,38
88.04348111152649,rotating__example_uniform__carry,validation,50,39
87.76978254318237,rotating__example_uniform__carry,validation,50,4
81.81818127632141,rotating__example_uniform__carry,validation,50,40
75.0,rotating__example_uniform__carry,validation,50,41
77.98165082931519,rotating__example_uniform__carry,validation,50,42
84.21052694320679,rotating__example_uniform__carry,validation,50,43
84.48275923728943,rotating__example_uniform__carry,validation,50,44
90.58823585510254,rotating__example_uniform__carry,validation,50,45
78.43137383460999,rotating__example_uniform__carry,validation,50,46
86.81318759918213,rotating__example_uniform__carry,validation,50,47
83.51648449897766,rotating__example_uniform__carry,validation,50,48
63.52941393852234,rotating__example_uniform__carry,validation,50,49
85.43689250946045,rotating__example_uniform__carry,validation,50,5
89.8876428604126,rotating__example_uniform__carry,validation,50,50
88.42105269432068,rotating__example_uniform__carry,validation,50,6
95.652174949646,rotating__example_uniform__carry,validation,50,7
83.17757248878479,rotating__example_uniform__carry,validation,50,8
89.52381014823914,rotating__example_uniform__carry,validation,50,9
98.95012974739075,rotating__example_uniform__reset_each_stage,fit_population,50,1
99.0867555141449,rotating__example_uniform__reset_each_stage,fit_population,50,10
97.46835231781006,rotating__example_uniform__reset_each_stage,fit_population,50,11
98.6413061618805,rotating__example_uniform__reset_each_stage,fit_population,50,12
99.26650524139404,rotating__example_uniform__reset_each_stage,fit_population,50,13
99.28571581840515,rotating__example_uniform__reset_each_stage,fit_population,50,14
99.19354915618896,rotating__example_uniform__reset_each_stage,fit_population,50,15
99.29078221321106,rotating__example_uniform__reset_each_stage,fit_population,50,16
97.74436354637146,rotating__example_uniform__reset_each_stage,fit_population,50,17
98.52070808410645,rotating__example_uniform__reset_each_stage,fit_population,50,18
96.82080745697021,rotating__example_uniform__reset_each_stage,fit_population,50,19
97.57281541824341,rotating__example_uniform__reset_each_stage,fit_population,50,2
98.45678806304932,rotating__example_uniform__reset_each_stage,fit_population,50,20
99.35204982757568,rotating__example_uniform__reset_each_stage,fit_population,50,21
99.73958134651184,rotating__example_uniform__reset_each_stage,fit_population,50,22
97.32620120048523,rotating__example_uniform__reset_each_stage,fit_population,50,23
95.9854006767273,rotating__example_uniform__reset_each_stage,fit_population,50,24
98.54369163513184,rotating__example_uniform__reset_each_stage,fit_population,50,25
97.20812439918518,rotating__example_uniform__reset_each_stage,fit_population,50,26
98.05014133453369,rotating__example_uniform__reset_each_stage,fit_population,50,27
97.21361994743347,rotating__example_uniform__reset_each_stage,fit_population,50,28
97.80219793319702,rotating__example_uniform__reset_each_stage,fit_population,50,29
97.22814559936523,rotating__example_uniform__reset_each_stage,fit_population,50,3
98.39416146278381,rotating__example_uniform__reset_each_stage,fit_population,50,30
99.45504069328308,rotating__example_uniform__reset_each_stage,fit_population,50,31
98.15950989723206,rotating__example_uniform__reset_each_stage,fit_population,50,32
97.74011373519897,rotating__example_uniform__reset_each_stage,fit_population,50,33
96.88888788223267,rotating__example_uniform__reset_each_stage,fit_population,50,34
96.67405486106873,rotating__example_uniform__reset_each_stage,fit_population,50,35
98.38709831237793,rotating__example_uniform__reset_each_stage,fit_population,50,36
96.24505639076233,rotating__example_uniform__reset_each_stage,fit_population,50,37
95.01084685325623,rotating__example_uniform__reset_each_stage,fit_population,50,38
94.27793025970459,rotating__example_uniform__reset_each_stage,fit_population,50,39
98.40707778930664,rotating__example_uniform__reset_each_stage,fit_population,50,4
96.84684872627258,rotating__example_uniform__reset_each_stage,fit_population,50,40
93.24894547462463,rotating__example_uniform__reset_each_stage,fit_population,50,41
94.98860836029053,rotating__example_uniform__reset_each_stage,fit_population,50,42
97.0588207244873,rotating__example_uniform__reset_each_stage,fit_population,50,43
96.59574627876282,rotating__example_uniform__reset_each_stage,fit_population,50,44
96.14243507385254,rotating__example_uniform__reset_each_stage,fit_population,50,45
93.6117947101593,rotating__example_uniform__reset_each_stage,fit_population,50,46
94.44444179534912,rotating__example_uniform__reset_each_stage,fit_population,50,47
92.64305233955383,rotating__example_uniform__reset_each_stage,fit_population,50,48
82.28228092193604,rotating__example_uniform__reset_each_stage,fit_population,50,49
98.0629563331604,rotating__example_uniform__reset_each_stage,fit_population,50,5
92.67605543136597,rotating__example_uniform__reset_each_stage,fit_population,50,50
98.9664077758789,rotating__example_uniform__reset_each_stage,fit_population,50,6
99.18699264526367,rotating__example_uniform__reset_each_stage,fit_population,50,7
97.42990732192993,rotating__example_uniform__reset_each_stage,fit_population,50,8
99.05660152435303,rotating__example_uniform__reset_each_stage,fit_population,50,9
87.2340440750122,rotating__example_uniform__reset_each_stage,validation,50,1
90.82568883895874,rotating__example_uniform__reset_each_stage,validation,50,10
81.01266026496887,rotating__example_uniform__reset_each_stage,validation,50,11
86.02150678634644,rotating__example_uniform__reset_each_stage,validation,50,12
90.19607901573181,rotating__example_uniform__reset_each_stage,validation,50,13
91.50943160057068,rotating__example_uniform__reset_each_stage,validation,50,14
89.24731016159058,rotating__example_uniform__reset_each_stage,validation,50,15
86.79245114326477,rotating__example_uniform__reset_each_stage,validation,50,16
91.91918969154358,rotating__example_uniform__reset_each_stage,validation,50,17
89.41176533699036,rotating__example_uniform__reset_each_stage,validation,50,18
81.60919547080994,rotating__example_uniform__reset_each_stage,validation,50,19
86.27451062202454,rotating__example_uniform__reset_each_stage,validation,50,2
82.92682766914368,rotating__example_uniform__reset_each_stage,validation,50,20
91.37930870056152,rotating__example_uniform__reset_each_stage,validation,50,21
82.29166865348816,rotating__example_uniform__reset_each_stage,validation,50,22
71.27659320831299,rotating__example_uniform__reset_each_stage,validation,50,23
84.28571224212646,rotating__example_uniform__reset_each_stage,validation,50,24
86.79245114326477,rotating__example_uniform__reset_each_stage,validation,50,25
86.8686854839325,rotating__example_uniform__reset_each_stage,validation,50,26
86.81318759918213,rotating__example_uniform__reset_each_stage,validation,50,27
90.12345671653748,rotating__example_uniform__reset_each_stage,validation,50,28
86.95651888847351,rotating__example_uniform__reset_each_stage,validation,50,29
87.17948794364929,rotating__example_uniform__reset_each_stage,validation,50,3
86.54970526695251,rotating__example_uniform__reset_each_stage,validation,50,30
87.91208863258362,rotating__example_uniform__reset_each_stage,validation,50,31
84.14633870124817,rotating__example_uniform__reset_each_stage,validation,50,32
92.13483333587646,rotating__example_uniform__reset_each_stage,validation,50,33
84.21052694320679,rotating__example_uniform__reset_each_stage,validation,50,34
82.14285969734192,rotating__example_uniform__reset_each_stage,validation,50,35
91.05691313743591,rotating__example_uniform__reset_each_stage,validation,50,36
80.95238208770752,rotating__example_uniform__reset_each_stage,validation,50,37
82.45614171028137,rotating__example_uniform__reset_each_stage,validation,50,38
82.6086938381195,rotating__example_uniform__reset_each_stage,validation,50,39
84.17266011238098,rotating__example_uniform__reset_each_stage,validation,50,4
85.45454740524292,rotating__example_uniform__reset_each_stage,validation,50,40
73.33333492279053,rotating__example_uniform__reset_each_stage,validation,50,41
85.3210985660553,rotating__example_uniform__reset_each_stage,validation,50,42
85.52631735801697,rotating__example_uniform__reset_each_stage,validation,50,43
84.48275923728943,rotating__example_uniform__reset_each_stage,validation,50,44
91.76470637321472,rotating__example_uniform__reset_each_stage,validation,50,45
83.33333134651184,rotating__example_uniform__reset_each_stage,validation,50,46
85.71428656578064,rotating__example_uniform__reset_each_stage,validation,50,47
84.61538553237915,rotating__example_uniform__reset_each_stage,validation,50,48
63.52941393852234,rotating__example_uniform__reset_each_stage,validation,50,49
81.5533995628357,rotating__example_uniform__reset_each_stage,validation,50,5
88.76404762268066,rotating__example_uniform__reset_each_stage,validation,50,50
88.42105269432068,rotating__example_uniform__reset_each_stage,validation,50,6
91.30434989929199,rotating__example_uniform__reset_each_stage,validation,50,7
86.91588640213013,rotating__example_uniform__reset_each_stage,validation,50,8
87.61904835700989,rotating__example_uniform__reset_each_stage,validation,50,9
98.42519760131836,rotating__task_uniform__carry,fit_population,50,1
99.0867555141449,rotating__task_uniform__carry,fit_population,50,10
98.41772317886353,rotating__task_uniform__carry,fit_population,50,11
97.28260636329651,rotating__task_uniform__carry,fit_population,50,12
99.26650524139404,rotating__task_uniform__carry,fit_population,50,13
97.3809540271759,rotating__task_uniform__carry,fit_population,50,14
98.92473220825195,rotating__task_uniform__carry,fit_population,50,15
97.39952683448792,rotating__task_uniform__carry,fit_population,50,16
98.24561476707458,rotating__task_uniform__carry,fit_population,50,17
97.6331353187561,rotating__task_uniform__carry,fit_population,50,18
96.82080745697021,rotating__task_uniform__carry,fit_population,50,19
97.57281541824341,rotating__task_uniform__carry,fit_population,50,2
97.22222089767456,rotating__task_uniform__carry,fit_population,50,20
98.70410561561584,rotating__task_uniform__carry,fit_population,50,21
99.73958134651184,rotating__task_uniform__carry,fit_population,50,22
97.32620120048523,rotating__task_uniform__carry,fit_population,50,23
96.71533107757568,rotating__task_uniform__carry,fit_population,50,24
99.51456189155579,rotating__task_uniform__carry,fit_population,50,25
97.96954393386841,rotating__task_uniform__carry,fit_population,50,26
96.65738344192505,rotating__task_uniform__carry,fit_population,50,27
97.21361994743347,rotating__task_uniform__carry,fit_population,50,28
98.07692170143127,rotating__task_uniform__carry,fit_population,50,29
97.65458703041077,rotating__task_uniform__carry,fit_population,50,3
95.76642513275146,rotating__task_uniform__carry,fit_population,50,30
98.63760471343994,rotating__task_uniform__carry,fit_population,50,31
97.23926186561584,rotating__task_uniform__carry,fit_population,50,32
97.45762944221497,rotating__task_uniform__carry,fit_population,50,33
97.33333587646484,rotating__task_uniform__carry,fit_population,50,34
98.00443649291992,rotating__task_uniform__carry,fit_population,50,35
97.5806474685669,rotating__task_uniform__carry,fit_population,50,36
97.0355749130249,rotating__task_uniform__carry,fit_population,50,37
95.66160440444946,rotating__task_uniform__carry,fit_population,50,38
97.2752034664154,rotating__task_uniform__carry,fit_population,50,39
96.81416153907776,rotating__task_uniform__carry,fit_population,50,4
95.4954981803894,rotating__task_uniform__carry,fit_population,50,40
98.31223487854004,rotating__task_uniform__carry,fit_population,50,41
93.84965896606445,rotating__task_uniform__carry,fit_population,50,42
98.03921580314636,rotating__task_uniform__carry,fit_population,50,43
97.8723406791687,rotating__task_uniform__carry,fit_population,50,44
95.84569931030273,rotating__task_uniform__carry,fit_population,50,45
94.59459185600281,rotating__task_uniform__carry,fit_population,50,46
95.83333134651184,rotating__task_uniform__carry,fit_population,50,47
94.00544762611389,rotating__task_uniform__carry,fit_population,50,48
86.18618845939636,rotating__task_uniform__carry,fit_population,50,49
98.54721426963806,rotating__task_uniform__carry,fit_population,50,5
91.26760363578796,rotating__task_uniform__carry,fit_population,50,50
97.67441749572754,rotating__task_uniform__carry,fit_population,50,6
97.01896905899048,rotating__task_uniform__carry,fit_population,50,7
95.79439163208008,rotating__task_uniform__carry,fit_population,50,8
98.34905862808228,rotating__task_uniform__carry,fit_population,50,9
92.55319237709045,rotating__task_uniform__carry,validation,50,1
90.82568883895874,rotating__task_uniform__carry,validation,50,10
86.07594966888428,rotating__task_uniform__carry,validation,50,11
86.02150678634644,rotating__task_uniform__carry,validation,50,12
92.15686321258545,rotating__task_uniform__carry,validation,50,13
92.45283007621765,rotating__task_uniform__carry,validation,50,14
91.39785170555115,rotating__task_uniform__carry,validation,50,15
88.67924809455872,rotating__task_uniform__carry,validation,50,16
90.90909361839294,rotating__task_uniform__carry,validation,50,17
88.23529481887817,rotating__task_uniform__carry,validation,50,18
82.75862336158752,rotating__task_uniform__carry,validation,50,19
88.23529481887817,rotating__task_uniform__carry,validation,50,2
76.82926654815674,rotating__task_uniform__carry,validation,50,20
89.65517282485962,rotating__task_uniform__carry,validation,50,21
87.5,rotating__task_uniform__carry,validation,50,22
82.97872543334961,rotating__task_uniform__carry,validation,50,23
87.14285492897034,rotating__task_uniform__carry,validation,50,24
90.56603908538818,rotating__task_uniform__carry,validation,50,25
83.83838534355164,rotating__task_uniform__carry,validation,50,26
80.2197813987732,rotating__task_uniform__carry,validation,50,27
95.06173133850098,rotating__task_uniform__carry,validation,50,28
88.04348111152649,rotating__task_uniform__carry,validation,50,29
89.74359035491943,rotating__task_uniform__carry,validation,50,3
87.1345043182373,rotating__task_uniform__carry,validation,50,30
85.71428656578064,rotating__task_uniform__carry,validation,50,31
84.14633870124817,rotating__task_uniform__carry,validation,50,32
91.01123809814453,rotating__task_uniform__carry,validation,50,33
71.9298243522644,rotating__task_uniform__carry,validation,50,34
83.03571343421936,rotating__task_uniform__carry,validation,50,35
87.80487775802612,rotating__task_uniform__carry,validation,50,36
80.15872836112976,rotating__task_uniform__carry,validation,50,37
85.08771657943726,rotating__task_uniform__carry,validation,50,38
81.521737575531,rotating__task_uniform__carry,validation,50,39
84.89208817481995,rotating__task_uniform__carry,validation,50,4
79.09091114997864,rotating__task_uniform__carry,validation,50,40
83.33333134651184,rotating__task_uniform__carry,validation,50,41
80.73394298553467,rotating__task_uniform__carry,validation,50,42
85.52631735801697,rotating__task_uniform__carry,validation,50,43
82.75862336158752,rotating__task_uniform__carry,validation,50,44
90.58823585510254,rotating__task_uniform__carry,validation,50,45
81.3725471496582,rotating__task_uniform__carry,validation,50,46
85.71428656578064,rotating__task_uniform__carry,validation,50,47
82.41758346557617,rotating__task_uniform__carry,validation,50,48
62.352943420410156,rotating__task_uniform__carry,validation,50,49
85.43689250946045,rotating__task_uniform__carry,validation,50,5
89.8876428604126,rotating__task_uniform__carry,validation,50,50
91.57894849777222,rotating__task_uniform__carry,validation,50,6
92.3913061618805,rotating__task_uniform__carry,validation,50,7
83.17757248878479,rotating__task_uniform__carry,validation,50,8
90.47619104385376,rotating__task_uniform__carry,validation,50,9
98.42519760131836,rotating__task_uniform__reset_each_stage,fit_population,50,1
98.85844588279724,rotating__task_uniform__reset_each_stage,fit_population,50,10
99.05063509941101,rotating__task_uniform__reset_each_stage,fit_population,50,11
96.7391312122345,rotating__task_uniform__reset_each_stage,fit_population,50,12
99.26650524139404,rotating__task_uniform__reset_each_stage,fit_population,50,13
97.3809540271759,rotating__task_uniform__reset_each_stage,fit_population,50,14
98.92473220825195,rotating__task_uniform__reset_each_stage,fit_population,50,15
99.05437231063843,rotating__task_uniform__reset_each_stage,fit_population,50,16
97.74436354637146,rotating__task_uniform__reset_each_stage,fit_population,50,17
98.22485446929932,rotating__task_uniform__reset_each_stage,fit_population,50,18
96.53179049491882,rotating__task_uniform__reset_each_stage,fit_population,50,19
98.05825352668762,rotating__task_uniform__reset_each_stage,fit_population,50,2
98.45678806304932,rotating__task_uniform__reset_each_stage,fit_population,50,20
98.92008900642395,rotating__task_uniform__reset_each_stage,fit_population,50,21
99.21875,rotating__task_uniform__reset_each_stage,fit_population,50,22
97.59358167648315,rotating__task_uniform__reset_each_stage,fit_population,50,23
95.9854006767273,rotating__task_uniform__reset_each_stage,fit_population,50,24
99.02912378311157,rotating__task_uniform__reset_each_stage,fit_population,50,25
96.19289636611938,rotating__task_uniform__reset_each_stage,fit_population,50,26
98.60724210739136,rotating__task_uniform__reset_each_stage,fit_population,50,27
98.14241528511047,rotating__task_uniform__reset_each_stage,fit_population,50,28
97.52747416496277,rotating__task_uniform__reset_each_stage,fit_population,50,29
97.22814559936523,rotating__task_uniform__reset_each_stage,fit_population,50,3
95.91240882873535,rotating__task_uniform__reset_each_stage,fit_population,50,30
98.91008138656616,rotating__task_uniform__reset_each_stage,fit_population,50,31
98.15950989723206,rotating__task_uniform__reset_each_stage,fit_population,50,32
98.87005686759949,rotating__task_uniform__reset_each_stage,fit_population,50,33
98.22221994400024,rotating__task_uniform__reset_each_stage,fit_population,50,34
96.89579010009766,rotating__task_uniform__reset_each_stage,fit_population,50,35
97.78226017951965,rotating__task_uniform__reset_each_stage,fit_population,50,36
96.44268751144409,rotating__task_uniform__reset_each_stage,fit_population,50,37
97.1800446510315,rotating__task_uniform__reset_each_stage,fit_population,50,38
96.45776748657227,rotating__task_uniform__reset_each_stage,fit_population,50,39
98.2300877571106,rotating__task_uniform__reset_each_stage,fit_population,50,4
93.91891956329346,rotating__task_uniform__reset_each_stage,fit_population,50,40
95.78059315681458,rotating__task_uniform__reset_each_stage,fit_population,50,41
95.89977264404297,rotating__task_uniform__reset_each_stage,fit_population,50,42
97.38562107086182,rotating__task_uniform__reset_each_stage,fit_population,50,43
97.02127575874329,rotating__task_uniform__reset_each_stage,fit_population,50,44
96.43917083740234,rotating__task_uniform__reset_each_stage,fit_population,50,45
92.87469387054443,rotating__task_uniform__reset_each_stage,fit_population,50,46
96.38888835906982,rotating__task_uniform__reset_each_stage,fit_population,50,47
92.09809303283691,rotating__task_uniform__reset_each_stage,fit_population,50,48
82.88288116455078,rotating__task_uniform__reset_each_stage,fit_population,50,49
97.57869243621826,rotating__task_uniform__reset_each_stage,fit_population,50,5
89.01408314704895,rotating__task_uniform__reset_each_stage,fit_population,50,50
97.93281555175781,rotating__task_uniform__reset_each_stage,fit_population,50,6
99.45799708366394,rotating__task_uniform__reset_each_stage,fit_population,50,7
95.32710313796997,rotating__task_uniform__reset_each_stage,fit_population,50,8
99.52830076217651,rotating__task_uniform__reset_each_stage,fit_population,50,9
89.3617033958435,rotating__task_uniform__reset_each_stage,validation,50,1
94.49541568756104,rotating__task_uniform__reset_each_stage,validation,50,10
79.7468364238739,rotating__task_uniform__reset_each_stage,validation,50,11
87.09677457809448,rotating__task_uniform__reset_each_stage,validation,50,12
88.23529481887817,rotating__task_uniform__reset_each_stage,validation,50,13
91.50943160057068,rotating__task_uniform__reset_each_stage,validation,50,14
88.17204236984253,rotating__task_uniform__reset_each_stage,validation,50,15
86.79245114326477,rotating__task_uniform__reset_each_stage,validation,50,16
88.88888955116272,rotating__task_uniform__reset_each_stage,validation,50,17
90.58823585510254,rotating__task_uniform__reset_each_stage,validation,50,18
79.31034564971924,rotating__task_uniform__reset_each_stage,validation,50,19
84.3137264251709,rotating__task_uniform__reset_each_stage,validation,50,2
82.92682766914368,rotating__task_uniform__reset_each_stage,validation,50,20
89.65517282485962,rotating__task_uniform__reset_each_stage,validation,50,21
86.45833134651184,rotating__task_uniform__reset_each_stage,validation,50,22
77.65957713127136,rotating__task_uniform__reset_each_stage,validation,50,23
81.42856955528259,rotating__task_uniform__reset_each_stage,validation,50,24
81.13207817077637,rotating__task_uniform__reset_each_stage,validation,50,25
87.87878751754761,rotating__task_uniform__reset_each_stage,validation,50,26
85.71428656578064,rotating__task_uniform__reset_each_stage,validation,50,27
93.82715821266174,rotating__task_uniform__reset_each_stage,validation,50,28
86.95651888847351,rotating__task_uniform__reset_each_stage,validation,50,29
88.034188747406,rotating__task_uniform__reset_each_stage,validation,50,3
86.54970526695251,rotating__task_uniform__reset_each_stage,validation,50,30
91.20879173278809,rotating__task_uniform__reset_each_stage,validation,50,31
80.48780560493469,rotating__task_uniform__reset_each_stage,validation,50,32
91.01123809814453,rotating__task_uniform__reset_each_stage,validation,50,33
82.45614171028137,rotating__task_uniform__reset_each_stage,validation,50,34
83.03571343421936,rotating__task_uniform__reset_each_stage,validation,50,35
88.61788511276245,rotating__task_uniform__reset_each_stage,validation,50,36
78.57142686843872,rotating__task_uniform__reset_each_stage,validation,50,37
85.9649121761322,rotating__task_uniform__reset_each_stage,validation,50,38
83.69565010070801,rotating__task_uniform__reset_each_stage,validation,50,39
87.76978254318237,rotating__task_uniform__reset_each_stage,validation,50,4
82.72727131843567,rotating__task_uniform__reset_each_stage,validation,50,40
80.0000011920929,rotating__task_uniform__reset_each_stage,validation,50,41
86.23853325843811,rotating__task_uniform__reset_each_stage,validation,50,42
89.47368264198303,rotating__task_uniform__reset_each_stage,validation,50,43
94.82758641242981,rotating__task_uniform__reset_each_stage,validation,50,44
92.9411768913269,rotating__task_uniform__reset_each_stage,validation,50,45
82.35294222831726,rotating__task_uniform__reset_each_stage,validation,50,46
90.1098906993866,rotating__task_uniform__reset_each_stage,validation,50,47
86.81318759918213,rotating__task_uniform__reset_each_stage,validation,50,48
62.352943420410156,rotating__task_uniform__reset_each_stage,validation,50,49
79.61165308952332,rotating__task_uniform__reset_each_stage,validation,50,5
84.26966071128845,rotating__task_uniform__reset_each_stage,validation,50,50
87.36842274665833,rotating__task_uniform__reset_each_stage,validation,50,6
93.478262424469,rotating__task_uniform__reset_each_stage,validation,50,7
77.57009267807007,rotating__task_uniform__reset_each_stage,validation,50,8
87.61904835700989,rotating__task_uniform__reset_each_stage,validation,50,9
92.65092015266418,fresh_full_history,fit_population,50,1
96.34703397750854,fresh_full_history,fit_population,50,10
91.13923907279968,fresh_full_history,fit_population,50,11
88.04348111152649,fresh_full_history,fit_population,50,12
95.5990195274353,fresh_full_history,fit_population,50,13
90.47619104385376,fresh_full_history,fit_population,50,14
95.69892287254333,fresh_full_history,fit_population,50,15
93.85342597961426,fresh_full_history,fit_population,50,16
92.23057627677917,fresh_full_history,fit_population,50,17
94.37869787216187,fresh_full_history,fit_population,50,18
91.0404622554779,fresh_full_history,fit_population,50,19
92.47573018074036,fresh_full_history,fit_population,50,2
91.04938507080078,fresh_full_history,fit_population,50,20
93.73649954795837,fresh_full_history,fit_population,50,21
93.22916865348816,fresh_full_history,fit_population,50,22
88.23529481887817,fresh_full_history,fit_population,50,23
89.05109763145447,fresh_full_history,fit_population,50,24
94.17475461959839,fresh_full_history,fit_population,50,25
94.16243433952332,fresh_full_history,fit_population,50,26
94.70751881599426,fresh_full_history,fit_population,50,27
96.59442901611328,fresh_full_history,fit_population,50,28
90.93406796455383,fresh_full_history,fit_population,50,29
91.6844367980957,fresh_full_history,fit_population,50,3
93.57663989067078,fresh_full_history,fit_population,50,30
95.91280817985535,fresh_full_history,fit_population,50,31
92.94478297233582,fresh_full_history,fit_population,50,32
92.09039807319641,fresh_full_history,fit_population,50,33
90.66666960716248,fresh_full_history,fit_population,50,34
92.46119856834412,fresh_full_history,fit_population,50,35
93.34677457809448,fresh_full_history,fit_population,50,36
87.15415000915527,fresh_full_history,fit_population,50,37
91.97397232055664,fresh_full_history,fit_population,50,38
90.73569774627686,fresh_full_history,fit_population,50,39
93.62831711769104,fresh_full_history,fit_population,50,4
88.96396160125732,fresh_full_history,fit_population,50,40
90.71729779243469,fresh_full_history,fit_population,50,41
86.33257150650024,fresh_full_history,fit_population,50,42
91.83006286621094,fresh_full_history,fit_population,50,43
88.51063847541809,fresh_full_history,fit_population,50,44
92.2848641872406,fresh_full_history,fit_population,50,45
85.74938774108887,fresh_full_history,fit_population,50,46
86.66666746139526,fresh_full_history,fit_population,50,47
86.92098259925842,fresh_full_history,fit_population,50,48
78.07807922363281,fresh_full_history,fit_population,50,49
92.73607730865479,fresh_full_history,fit_population,50,5
86.19718551635742,fresh_full_history,fit_population,50,50
94.83203887939453,fresh_full_history,fit_population,50,6
92.4119234085083,fresh_full_history,fit_population,50,7
91.12149477005005,fresh_full_history,fit_population,50,8
94.33962106704712,fresh_full_history,fit_population,50,9
93.6170220375061,fresh_full_history,validation,50,1
95.41284441947937,fresh_full_history,validation,50,10
91.13923907279968,fresh_full_history,validation,50,11
91.39785170555115,fresh_full_history,validation,50,12
97.0588207244873,fresh_full_history,validation,50,13
97.16981053352356,fresh_full_history,validation,50,14
92.4731194972992,fresh_full_history,validation,50,15
93.39622855186462,fresh_full_history,validation,50,16
94.94949579238892,fresh_full_history,validation,50,17
94.11764740943909,fresh_full_history,validation,50,18
87.35632300376892,fresh_full_history,validation,50,19
93.13725233078003,fresh_full_history,validation,50,2
93.90243887901306,fresh_full_history,validation,50,20
93.96551847457886,fresh_full_history,validation,50,21
89.58333134651184,fresh_full_history,validation,50,22
87.2340440750122,fresh_full_history,validation,50,23
91.42857193946838,fresh_full_history,validation,50,24
94.33962106704712,fresh_full_history,validation,50,25
91.91918969154358,fresh_full_history,validation,50,26
95.60439586639404,fresh_full_history,validation,50,27
98.76543283462524,fresh_full_history,validation,50,28
91.30434989929199,fresh_full_history,validation,50,29
92.30769276618958,fresh_full_history,validation,50,3
92.98245906829834,fresh_full_history,validation,50,30
91.20879173278809,fresh_full_history,validation,50,31
89.02438879013062,fresh_full_history,validation,50,32
94.38202381134033,fresh_full_history,validation,50,33
91.22806787490845,fresh_full_history,validation,50,34
91.96428656578064,fresh_full_history,validation,50,35
90.24389982223511,fresh_full_history,validation,50,36
81.7460298538208,fresh_full_history,validation,50,37
87.71929740905762,fresh_full_history,validation,50,38
93.478262424469,fresh_full_history,validation,50,39
94.24460530281067,fresh_full_history,validation,50,4
88.1818175315857,fresh_full_history,validation,50,40
88.33333253860474,fresh_full_history,validation,50,41
92.66055226325989,fresh_full_history,validation,50,42
90.78947305679321,fresh_full_history,validation,50,43
82.75862336158752,fresh_full_history,validation,50,44
94.11764740943909,fresh_full_history,validation,50,45
85.29411554336548,fresh_full_history,validation,50,46
91.20879173278809,fresh_full_history,validation,50,47
83.51648449897766,fresh_full_history,validation,50,48
68.23529601097107,fresh_full_history,validation,50,49
88.34951519966125,fresh_full_history,validation,50,5
87.64045238494873,fresh_full_history,validation,50,50
93.68420839309692,fresh_full_history,validation,50,6
95.652174949646,fresh_full_history,validation,50,7
90.65420627593994,fresh_full_history,validation,50,8
92.38095283508301,fresh_full_history,validation,50,9
77.11864113807678,static__example_uniform__carry,test,31,1
68.84058117866516,static__example_uniform__carry,test,31,10
64.99999761581421,static__example_uniform__carry,test,31,11
66.37930870056152,static__example_uniform__carry,test,31,12
74.8031497001648,static__example_uniform__carry,test,31,13
72.72727489471436,static__example_uniform__carry,test,31,14
61.20689511299133,static__example_uniform__carry,test,31,15
63.15789222717285,static__example_uniform__carry,test,31,16
66.66666865348816,static__example_uniform__carry,test,31,17
68.86792182922363,static__example_uniform__carry,test,31,18
57.79816508293152,static__example_uniform__carry,test,31,19
75.38461685180664,static__example_uniform__carry,test,31,2
67.32673048973083,static__example_uniform__carry,test,31,20
77.08333134651184,static__example_uniform__carry,test,31,21
72.50000238418579,static__example_uniform__carry,test,31,22
63.247865438461304,static__example_uniform__carry,test,31,23
60.4651153087616,static__example_uniform__carry,test,31,24
63.07692527770996,static__example_uniform__carry,test,31,25
65.85366129875183,static__example_uniform__carry,test,31,26
61.94690465927124,static__example_uniform__carry,test,31,27
73.52941036224365,static__example_uniform__carry,test,31,28
61.40350699424744,static__example_uniform__carry,test,31,29
72.60273694992065,static__example_uniform__carry,test,31,3
72.42990732192993,static__example_uniform__carry,test,31,30
73.68420958518982,static__example_uniform__carry,test,31,31
74.43181872367859,static__example_uniform__carry,test,31,4
71.09375,static__example_uniform__carry,test,31,5
71.66666388511658,static__example_uniform__carry,test,31,6
69.5652186870575,static__example_uniform__carry,test,31,7
77.44361162185669,static__example_uniform__carry,test,31,8
66.41790866851807,static__example_uniform__carry,test,31,9
79.6610176563263,static__example_uniform__reset_each_stage,test,31,1
73.9130437374115,static__example_uniform__reset_each_stage,test,31,10
69.9999988079071,static__example_uniform__reset_each_stage,test,31,11
69.82758641242981,static__example_uniform__reset_each_stage,test,31,12
75.59055089950562,static__example_uniform__reset_each_stage,test,31,13
71.21211886405945,static__example_uniform__reset_each_stage,test,31,14
62.931036949157715,static__example_uniform__reset_each_stage,test,31,15
63.90977501869202,static__example_uniform__reset_each_stage,test,31,16
66.66666865348816,static__example_uniform__reset_each_stage,test,31,17
66.98113083839417,static__example_uniform__reset_each_stage,test,31,18
58.71559381484985,static__example_uniform__reset_each_stage,test,31,19
70.76923251152039,static__example_uniform__reset_each_stage,test,31,2
64.35643434524536,static__example_uniform__reset_each_stage,test,31,20
72.22222089767456,static__example_uniform__reset_each_stage,test,31,21
63.333332538604736,static__example_uniform__reset_each_stage,test,31,22
58.11966061592102,static__example_uniform__reset_each_stage,test,31,23
55.81395626068115,static__example_uniform__reset_each_stage,test,31,24
60.00000238418579,static__example_uniform__reset_each_stage,test,31,25
66.66666865348816,static__example_uniform__reset_each_stage,test,31,26
62.83186078071594,static__example_uniform__reset_each_stage,test,31,27
76.47058963775635,static__example_uniform__reset_each_stage,test,31,28
69.29824352264404,static__example_uniform__reset_each_stage,test,31,29
67.12328791618347,static__example_uniform__reset_each_stage,test,31,3
74.76635575294495,static__example_uniform__reset_each_stage,test,31,30
71.9298243522644,static__example_uniform__reset_each_stage,test,31,31
75.0,static__example_uniform__reset_each_stage,test,31,4
74.21875,static__example_uniform__reset_each_stage,test,31,5
74.16666746139526,static__example_uniform__reset_each_stage,test,31,6
72.1739113330841,static__example_uniform__reset_each_stage,test,31,7
75.93985199928284,static__example_uniform__reset_each_stage,test,31,8
68.65671873092651,static__example_uniform__reset_each_stage,test,31,9
79.6610176563263,static__task_uniform__carry,test,31,1
73.9130437374115,static__task_uniform__carry,test,31,10
68.99999976158142,static__task_uniform__carry,test,31,11
70.68965435028076,static__task_uniform__carry,test,31,12
71.65354490280151,static__task_uniform__carry,test,31,13
71.21211886405945,static__task_uniform__carry,test,31,14
63.79310488700867,static__task_uniform__carry,test,31,15
63.15789222717285,static__task_uniform__carry,test,31,16
69.84127163887024,static__task_uniform__carry,test,31,17
70.75471878051758,static__task_uniform__carry,test,31,18
61.46789193153381,static__task_uniform__carry,test,31,19
72.30769395828247,static__task_uniform__carry,test,31,2
66.33663177490234,static__task_uniform__carry,test,31,20
70.83333134651184,static__task_uniform__carry,test,31,21
64.99999761581421,static__task_uniform__carry,test,31,22
59.82906222343445,static__task_uniform__carry,test,31,23
55.81395626068115,static__task_uniform__carry,test,31,24
61.538463830947876,static__task_uniform__carry,test,31,25
66.66666865348816,static__task_uniform__carry,test,31,26
61.94690465927124,static__task_uniform__carry,test,31,27
72.54902124404907,static__task_uniform__carry,test,31,28
65.78947305679321,static__task_uniform__carry,test,31,29
71.23287916183472,static__task_uniform__carry,test,31,3
73.36448431015015,static__task_uniform__carry,test,31,30
74.56140518188477,static__task_uniform__carry,test,31,31
76.13636255264282,static__task_uniform__carry,test,31,4
67.96875,static__task_uniform__carry,test,31,5
75.0,static__task_uniform__carry,test,31,6
68.6956524848938,static__task_uniform__carry,test,31,7
77.44361162185669,static__task_uniform__carry,test,31,8
71.6417908668518,static__task_uniform__carry,test,31,9
79.6610176563263,static__task_uniform__reset_each_stage,test,31,1
69.5652186870575,static__task_uniform__reset_each_stage,test,31,10
68.00000071525574,static__task_uniform__reset_each_stage,test,31,11
67.24137663841248,static__task_uniform__reset_each_stage,test,31,12
76.37795209884644,static__task_uniform__reset_each_stage,test,31,13
68.18181872367859,static__task_uniform__reset_each_stage,test,31,14
62.068963050842285,static__task_uniform__reset_each_stage,test,31,15
65.41353464126587,static__task_uniform__reset_each_stage,test,31,16
69.04761791229248,static__task_uniform__reset_each_stage,test,31,17
66.98113083839417,static__task_uniform__reset_each_stage,test,31,18
57.79816508293152,static__task_uniform__reset_each_stage,test,31,19
71.53846025466919,static__task_uniform__reset_each_stage,test,31,2
67.32673048973083,static__task_uniform__reset_each_stage,test,31,20
74.30555820465088,static__task_uniform__reset_each_stage,test,31,21
64.99999761581421,static__task_uniform__reset_each_stage,test,31,22
58.974361419677734,static__task_uniform__reset_each_stage,test,31,23
59.302324056625366,static__task_uniform__reset_each_stage,test,31,24
58.461540937423706,static__task_uniform__reset_each_stage,test,31,25
66.66666865348816,static__task_uniform__reset_each_stage,test,31,26
69.02654767036438,static__task_uniform__reset_each_stage,test,31,27
75.49019455909729,static__task_uniform__reset_each_stage,test,31,28
64.0350878238678,static__task_uniform__reset_each_stage,test,31,29
69.17808055877686,static__task_uniform__reset_each_stage,test,31,3
70.56074738502502,static__task_uniform__reset_each_stage,test,31,30
75.43859481811523,static__task_uniform__reset_each_stage,test,31,31
77.84090638160706,static__task_uniform__reset_each_stage,test,31,4
67.1875,static__task_uniform__reset_each_stage,test,31,5
73.33333492279053,static__task_uniform__reset_each_stage,test,31,6
72.1739113330841,static__task_uniform__reset_each_stage,test,31,7
78.94737124443054,static__task_uniform__reset_each_stage,test,31,8
70.14925479888916,static__task_uniform__reset_each_stage,test,31,9
80.5084764957428,rotating__example_uniform__carry,test,31,1
69.5652186870575,rotating__example_uniform__carry,test,31,10
70.99999785423279,rotating__example_uniform__carry,test,31,11
66.37930870056152,rotating__example_uniform__carry,test,31,12
77.95275449752808,rotating__example_uniform__carry,test,31,13
73.48484992980957,rotating__example_uniform__carry,test,31,14
62.931036949157715,rotating__example_uniform__carry,test,31,15
63.90977501869202,rotating__example_uniform__carry,test,31,16
72.22222089767456,rotating__example_uniform__carry,test,31,17
74.52830076217651,rotating__example_uniform__carry,test,31,18
63.30274939537048,rotating__example_uniform__carry,test,31,19
75.38461685180664,rotating__example_uniform__carry,test,31,2
66.33663177490234,rotating__example_uniform__carry,test,31,20
77.08333134651184,rotating__example_uniform__carry,test,31,21
66.66666865348816,rotating__example_uniform__carry,test,31,22
63.247865438461304,rotating__example_uniform__carry,test,31,23
58.139532804489136,rotating__example_uniform__carry,test,31,24
67.69230961799622,rotating__example_uniform__carry,test,31,25
65.85366129875183,rotating__example_uniform__carry,test,31,26
60.176992416381836,rotating__example_uniform__carry,test,31,27
73.52941036224365,rotating__example_uniform__carry,test,31,28
57.01754093170166,rotating__example_uniform__carry,test,31,29
71.23287916183472,rotating__example_uniform__carry,test,31,3
70.09345889091492,rotating__example_uniform__carry,test,31,30
76.31579041481018,rotating__example_uniform__carry,test,31,31
78.40909361839294,rotating__example_uniform__carry,test,31,4
70.3125,rotating__example_uniform__carry,test,31,5
73.33333492279053,rotating__example_uniform__carry,test,31,6
69.5652186870575,rotating__example_uniform__carry,test,31,7
78.19548845291138,rotating__example_uniform__carry,test,31,8
70.14925479888916,rotating__example_uniform__carry,test,31,9
76.27118825912476,rotating__example_uniform__reset_each_stage,test,31,1
70.28985619544983,rotating__example_uniform__reset_each_stage,test,31,10
69.9999988079071,rotating__example_uniform__reset_each_stage,test,31,11
63.79310488700867,rotating__example_uniform__reset_each_stage,test,31,12
79.52755689620972,rotating__example_uniform__reset_each_stage,test,31,13
75.75757503509521,rotating__example_uniform__reset_each_stage,test,31,14
61.20689511299133,rotating__example_uniform__reset_each_stage,test,31,15
60.15037298202515,rotating__example_uniform__reset_each_stage,test,31,16
63.49206566810608,rotating__example_uniform__reset_each_stage,test,31,17
74.52830076217651,rotating__example_uniform__reset_each_stage,test,31,18
59.633028507232666,rotating__example_uniform__reset_each_stage,test,31,19
68.46153736114502,rotating__example_uniform__reset_each_stage,test,31,2
61.38613820075989,rotating__example_uniform__reset_each_stage,test,31,20
73.61111044883728,rotating__example_uniform__reset_each_stage,test,31,21
64.16666507720947,rotating__example_uniform__reset_each_stage,test,31,22
64.10256624221802,rotating__example_uniform__reset_each_stage,test,31,23
58.139532804489136,rotating__example_uniform__reset_each_stage,test,31,24
61.538463830947876,rotating__example_uniform__reset_each_stage,test,31,25
70.7317054271698,rotating__example_uniform__reset_each_stage,test,31,26
61.94690465927124,rotating__example_uniform__reset_each_stage,test,31,27
76.47058963775635,rotating__example_uniform__reset_each_stage,test,31,28
61.40350699424744,rotating__example_uniform__reset_each_stage,test,31,29
67.80821681022644,rotating__example_uniform__reset_each_stage,test,31,3
73.83177280426025,rotating__example_uniform__reset_each_stage,test,31,30
74.56140518188477,rotating__example_uniform__reset_each_stage,test,31,31
77.27272510528564,rotating__example_uniform__reset_each_stage,test,31,4
72.65625,rotating__example_uniform__reset_each_stage,test,31,5
70.83333134651184,rotating__example_uniform__reset_each_stage,test,31,6
70.43478488922119,rotating__example_uniform__reset_each_stage,test,31,7
75.93985199928284,rotating__example_uniform__reset_each_stage,test,31,8
70.14925479888916,rotating__example_uniform__reset_each_stage,test,31,9
78.81355881690979,rotating__task_uniform__carry,test,31,1
71.7391312122345,rotating__task_uniform__carry,test,31,10
67.00000166893005,rotating__task_uniform__carry,test,31,11
72.41379022598267,rotating__task_uniform__carry,test,31,12
76.37795209884644,rotating__task_uniform__carry,test,31,13
72.72727489471436,rotating__task_uniform__carry,test,31,14
64.65517282485962,rotating__task_uniform__carry,test,31,15
63.90977501869202,rotating__task_uniform__carry,test,31,16
70.63491940498352,rotating__task_uniform__carry,test,31,17
75.47169923782349,rotating__task_uniform__carry,test,31,18
63.30274939537048,rotating__task_uniform__carry,test,31,19
73.84615540504456,rotating__task_uniform__carry,test,31,2
69.30692791938782,rotating__task_uniform__carry,test,31,20
75.0,rotating__task_uniform__carry,test,31,21
66.66666865348816,rotating__task_uniform__carry,test,31,22
62.39316463470459,rotating__task_uniform__carry,test,31,23
60.4651153087616,rotating__task_uniform__carry,test,31,24
60.00000238418579,rotating__task_uniform__carry,test,31,25
60.975611209869385,rotating__task_uniform__carry,test,31,26
62.83186078071594,rotating__task_uniform__carry,test,31,27
73.52941036224365,rotating__task_uniform__carry,test,31,28
66.66666865348816,rotating__task_uniform__carry,test,31,29
69.17808055877686,rotating__task_uniform__carry,test,31,3
68.69158744812012,rotating__task_uniform__carry,test,31,30
73.68420958518982,rotating__task_uniform__carry,test,31,31
78.40909361839294,rotating__task_uniform__carry,test,31,4
68.75,rotating__task_uniform__carry,test,31,5
74.16666746139526,rotating__task_uniform__carry,test,31,6
71.30434513092041,rotating__task_uniform__carry,test,31,7
80.45112490653992,rotating__task_uniform__carry,test,31,8
69.40298676490784,rotating__task_uniform__carry,test,31,9
79.6610176563263,rotating__task_uniform__reset_each_stage,test,31,1
68.84058117866516,rotating__task_uniform__reset_each_stage,test,31,10
68.99999976158142,rotating__task_uniform__reset_each_stage,test,31,11
68.1034505367279,rotating__task_uniform__reset_each_stage,test,31,12
77.95275449752808,rotating__task_uniform__reset_each_stage,test,31,13
69.69696879386902,rotating__task_uniform__reset_each_stage,test,31,14
66.37930870056152,rotating__task_uniform__reset_each_stage,test,31,15
66.91729426383972,rotating__task_uniform__reset_each_stage,test,31,16
68.2539701461792,rotating__task_uniform__reset_each_stage,test,31,17
72.64150977134705,rotating__task_uniform__reset_each_stage,test,31,18
60.550457239151,rotating__task_uniform__reset_each_stage,test,31,19
70.76923251152039,rotating__task_uniform__reset_each_stage,test,31,2
64.35643434524536,rotating__task_uniform__reset_each_stage,test,31,20
75.69444179534912,rotating__task_uniform__reset_each_stage,test,31,21
66.66666865348816,rotating__task_uniform__reset_each_stage,test,31,22
68.37607026100159,rotating__task_uniform__reset_each_stage,test,31,23
61.62790656089783,rotating__task_uniform__reset_each_stage,test,31,24
61.538463830947876,rotating__task_uniform__reset_each_stage,test,31,25
65.85366129875183,rotating__task_uniform__reset_each_stage,test,31,26
66.37167930603027,rotating__task_uniform__reset_each_stage,test,31,27
75.49019455909729,rotating__task_uniform__reset_each_stage,test,31,28
62.28070259094238,rotating__task_uniform__reset_each_stage,test,31,29
69.8630154132843,rotating__task_uniform__reset_each_stage,test,31,3
71.49532437324524,rotating__task_uniform__reset_each_stage,test,31,30
69.29824352264404,rotating__task_uniform__reset_each_stage,test,31,31
76.13636255264282,rotating__task_uniform__reset_each_stage,test,31,4
67.96875,rotating__task_uniform__reset_each_stage,test,31,5
74.16666746139526,rotating__task_uniform__reset_each_stage,test,31,6
67.8260862827301,rotating__task_uniform__reset_each_stage,test,31,7
77.44361162185669,rotating__task_uniform__reset_each_stage,test,31,8
66.41790866851807,rotating__task_uniform__reset_each_stage,test,31,9
78.81355881690979,fresh_full_history,test,31,1
75.36231875419617,fresh_full_history,test,31,10
69.9999988079071,fresh_full_history,test,31,11
72.41379022598267,fresh_full_history,test,31,12
78.7401556968689,fresh_full_history,test,31,13
74.24242496490479,fresh_full_history,test,31,14
67.24137663841248,fresh_full_history,test,31,15
68.42105388641357,fresh_full_history,test,31,16
73.01587462425232,fresh_full_history,test,31,17
76.41509175300598,fresh_full_history,test,31,18
67.88991093635559,fresh_full_history,test,31,19
75.38461685180664,fresh_full_history,test,31,2
65.34653306007385,fresh_full_history,test,31,20
82.63888955116272,fresh_full_history,test,31,21
71.66666388511658,fresh_full_history,test,31,22
67.52136945724487,fresh_full_history,test,31,23
63.95348906517029,fresh_full_history,test,31,24
63.07692527770996,fresh_full_history,test,31,25
65.85366129875183,fresh_full_history,test,31,26
66.37167930603027,fresh_full_history,test,31,27
74.50980544090271,fresh_full_history,test,31,28
61.40350699424744,fresh_full_history,test,31,29
72.60273694992065,fresh_full_history,test,31,3
70.56074738502502,fresh_full_history,test,31,30
71.05262875556946,fresh_full_history,test,31,31
80.68181872367859,fresh_full_history,test,31,4
75.78125,fresh_full_history,test,31,5
76.66666507720947,fresh_full_history,test,31,6
75.65217614173889,fresh_full_history,test,31,7
82.70676732063293,fresh_full_history,test,31,8
74.6268630027771,fresh_full_history,test,31,9
80.5084764957428,static__example_uniform__carry,test,50,1
75.36231875419617,static__example_uniform__carry,test,50,10
68.99999976158142,static__example_uniform__carry,test,50,11
68.1034505367279,static__example_uniform__carry,test,50,12
74.01574850082397,static__example_uniform__carry,test,50,13
68.9393937587738,static__example_uniform__carry,test,50,14
75.0,static__example_uniform__carry,test,50,15
64.6616518497467,static__example_uniform__carry,test,50,16
75.39682388305664,static__example_uniform__carry,test,50,17
81.13207817077637,static__example_uniform__carry,test,50,18
75.2293586730957,static__example_uniform__carry,test,50,19
74.61538314819336,static__example_uniform__carry,test,50,2
64.35643434524536,static__example_uniform__carry,test,50,20
78.47222089767456,static__example_uniform__carry,test,50,21
73.33333492279053,static__example_uniform__carry,test,50,22
57.26495981216431,static__example_uniform__carry,test,50,23
55.81395626068115,static__example_uniform__carry,test,50,24
70.76923251152039,static__example_uniform__carry,test,50,25
69.10569071769714,static__example_uniform__carry,test,50,26
60.176992416381836,static__example_uniform__carry,test,50,27
77.45097875595093,static__example_uniform__carry,test,50,28
65.78947305679321,static__example_uniform__carry,test,50,29
69.8630154132843,static__example_uniform__carry,test,50,3
77.10280418395996,static__example_uniform__carry,test,50,30
71.05262875556946,static__example_uniform__carry,test,50,31
66.99029207229614,static__example_uniform__carry,test,50,32
74.77477192878723,static__example_uniform__carry,test,50,33
61.42857074737549,static__example_uniform__carry,test,50,34
75.8865237236023,static__example_uniform__carry,test,50,35
80.51947951316833,static__example_uniform__carry,test,50,36
67.5159215927124,static__example_uniform__carry,test,50,37
79.02097702026367,static__example_uniform__carry,test,50,38
66.66666865348816,static__example_uniform__carry,test,50,39
77.84090638160706,static__example_uniform__carry,test,50,4
70.28985619544983,static__example_uniform__carry,test,50,40
56.75675868988037,static__example_uniform__carry,test,50,41
62.5,static__example_uniform__carry,test,50,42
72.91666865348816,static__example_uniform__carry,test,50,43
65.75342416763306,static__example_uniform__carry,test,50,44
86.66666746139526,static__example_uniform__carry,test,50,45
71.65354490280151,static__example_uniform__carry,test,50,46
72.56637215614319,static__example_uniform__carry,test,50,47
64.3478274345398,static__example_uniform__carry,test,50,48
75.96153616905212,static__example_uniform__carry,test,50,49
72.65625,static__example_uniform__carry,test,50,5
86.36363744735718,static__example_uniform__carry,test,50,50
74.16666746139526,static__example_uniform__carry,test,50,6
70.43478488922119,static__example_uniform__carry,test,50,7
75.93985199928284,static__example_uniform__carry,test,50,8
73.13432693481445,static__example_uniform__carry,test,50,9
76.27118825912476,static__example_uniform__reset_each_stage,test,50,1
71.7391312122345,static__example_uniform__reset_each_stage,test,50,10
62.99999952316284,static__example_uniform__reset_each_stage,test,50,11
61.20689511299133,static__example_uniform__reset_each_stage,test,50,12
77.16535329818726,static__example_uniform__reset_each_stage,test,50,13
66.66666865348816,static__example_uniform__reset_each_stage,test,50,14
66.37930870056152,static__example_uniform__reset_each_stage,test,50,15
63.90977501869202,static__example_uniform__reset_each_stage,test,50,16
73.8095223903656,static__example_uniform__reset_each_stage,test,50,17
74.52830076217651,static__example_uniform__reset_each_stage,test,50,18
68.80733966827393,static__example_uniform__reset_each_stage,test,50,19
67.69230961799622,static__example_uniform__reset_each_stage,test,50,2
60.3960394859314,static__example_uniform__reset_each_stage,test,50,20
78.47222089767456,static__example_uniform__reset_each_stage,test,50,21
75.0,static__example_uniform__reset_each_stage,test,50,22
65.81196784973145,static__example_uniform__reset_each_stage,test,50,23
58.139532804489136,static__example_uniform__reset_each_stage,test,50,24
53.84615659713745,static__example_uniform__reset_each_stage,test,50,25
66.66666865348816,static__example_uniform__reset_each_stage,test,50,26
61.06194853782654,static__example_uniform__reset_each_stage,test,50,27
69.60784196853638,static__example_uniform__reset_each_stage,test,50,28
64.91228342056274,static__example_uniform__reset_each_stage,test,50,29
64.38356041908264,static__example_uniform__reset_each_stage,test,50,3
75.23364424705505,static__example_uniform__reset_each_stage,test,50,30
70.17543911933899,static__example_uniform__reset_each_stage,test,50,31
63.10679316520691,static__example_uniform__reset_each_stage,test,50,32
76.57657861709595,static__example_uniform__reset_each_stage,test,50,33
60.00000238418579,static__example_uniform__reset_each_stage,test,50,34
74.46808218955994,static__example_uniform__reset_each_stage,test,50,35
83.76623392105103,static__example_uniform__reset_each_stage,test,50,36
66.8789803981781,static__example_uniform__reset_each_stage,test,50,37
77.62237787246704,static__example_uniform__reset_each_stage,test,50,38
68.42105388641357,static__example_uniform__reset_each_stage,test,50,39
73.86363744735718,static__example_uniform__reset_each_stage,test,50,4
72.46376872062683,static__example_uniform__reset_each_stage,test,50,40
63.513511419296265,static__example_uniform__reset_each_stage,test,50,41
58.82353186607361,static__example_uniform__reset_each_stage,test,50,42
70.83333134651184,static__example_uniform__reset_each_stage,test,50,43
64.38356041908264,static__example_uniform__reset_each_stage,test,50,44
89.52381014823914,static__example_uniform__reset_each_stage,test,50,45
72.44094610214233,static__example_uniform__reset_each_stage,test,50,46
73.45132827758789,static__example_uniform__reset_each_stage,test,50,47
70.43478488922119,static__example_uniform__reset_each_stage,test,50,48
75.0,static__example_uniform__reset_each_stage,test,50,49
68.75,static__example_uniform__reset_each_stage,test,50,5
88.1818175315857,static__example_uniform__reset_each_stage,test,50,50
69.16666626930237,static__example_uniform__reset_each_stage,test,50,6
66.08695387840271,static__example_uniform__reset_each_stage,test,50,7
70.67669034004211,static__example_uniform__reset_each_stage,test,50,8
69.40298676490784,static__example_uniform__reset_each_stage,test,50,9
81.35592937469482,static__task_uniform__carry,test,50,1
77.53623127937317,static__task_uniform__carry,test,50,10
68.00000071525574,static__task_uniform__carry,test,50,11
71.55172228813171,static__task_uniform__carry,test,50,12
74.01574850082397,static__task_uniform__carry,test,50,13
71.21211886405945,static__task_uniform__carry,test,50,14
68.1034505367279,static__task_uniform__carry,test,50,15
69.92481350898743,static__task_uniform__carry,test,50,16
76.1904776096344,static__task_uniform__carry,test,50,17
83.01886916160583,static__task_uniform__carry,test,50,18
73.39449524879456,static__task_uniform__carry,test,50,19
76.15384459495544,static__task_uniform__carry,test,50,2
69.30692791938782,static__task_uniform__carry,test,50,20
73.61111044883728,static__task_uniform__carry,test,50,21
75.83333253860474,static__task_uniform__carry,test,50,22
59.82906222343445,static__task_uniform__carry,test,50,23
58.139532804489136,static__task_uniform__carry,test,50,24
63.07692527770996,static__task_uniform__carry,test,50,25
68.29268336296082,static__task_uniform__carry,test,50,26
66.37167930603027,static__task_uniform__carry,test,50,27
77.45097875595093,static__task_uniform__carry,test,50,28
65.78947305679321,static__task_uniform__carry,test,50,29
71.23287916183472,static__task_uniform__carry,test,50,3
77.57009267807007,static__task_uniform__carry,test,50,30
73.68420958518982,static__task_uniform__carry,test,50,31
57.281553745269775,static__task_uniform__carry,test,50,32
74.77477192878723,static__task_uniform__carry,test,50,33
67.14285612106323,static__task_uniform__carry,test,50,34
73.758864402771,static__task_uniform__carry,test,50,35
79.22077775001526,static__task_uniform__carry,test,50,36
67.5159215927124,static__task_uniform__carry,test,50,37
76.92307829856873,static__task_uniform__carry,test,50,38
64.0350878238678,static__task_uniform__carry,test,50,39
77.84090638160706,static__task_uniform__carry,test,50,4
68.11594367027283,static__task_uniform__carry,test,50,40
64.86486196517944,static__task_uniform__carry,test,50,41
65.4411792755127,static__task_uniform__carry,test,50,42
73.95833134651184,static__task_uniform__carry,test,50,43
60.273975133895874,static__task_uniform__carry,test,50,44
84.76190567016602,static__task_uniform__carry,test,50,45
69.29134130477905,static__task_uniform__carry,test,50,46
68.14159154891968,static__task_uniform__carry,test,50,47
64.3478274345398,static__task_uniform__carry,test,50,48
73.07692170143127,static__task_uniform__carry,test,50,49
71.875,static__task_uniform__carry,test,50,5
82.72727131843567,static__task_uniform__carry,test,50,50
77.49999761581421,static__task_uniform__carry,test,50,6
70.43478488922119,static__task_uniform__carry,test,50,7
79.69924807548523,static__task_uniform__carry,test,50,8
75.3731369972229,static__task_uniform__carry,test,50,9
77.96609997749329,static__task_uniform__reset_each_stage,test,50,1
76.81159377098083,static__task_uniform__reset_each_stage,test,50,10
63.999998569488525,static__task_uniform__reset_each_stage,test,50,11
67.24137663841248,static__task_uniform__reset_each_stage,test,50,12
77.16535329818726,static__task_uniform__reset_each_stage,test,50,13
68.18181872367859,static__task_uniform__reset_each_stage,test,50,14
67.24137663841248,static__task_uniform__reset_each_stage,test,50,15
66.16541147232056,static__task_uniform__reset_each_stage,test,50,16
71.42857313156128,static__task_uniform__reset_each_stage,test,50,17
80.1886796951294,static__task_uniform__reset_each_stage,test,50,18
74.31192398071289,static__task_uniform__reset_each_stage,test,50,19
73.07692170143127,static__task_uniform__reset_each_stage,test,50,2
69.30692791938782,static__task_uniform__reset_each_stage,test,50,20
79.86111044883728,static__task_uniform__reset_each_stage,test,50,21
72.50000238418579,static__task_uniform__reset_each_stage,test,50,22
62.39316463470459,static__task_uniform__reset_each_stage,test,50,23
53.48837375640869,static__task_uniform__reset_each_stage,test,50,24
64.61538672447205,static__task_uniform__reset_each_stage,test,50,25
67.47967600822449,static__task_uniform__reset_each_stage,test,50,26
65.48672318458557,static__task_uniform__reset_each_stage,test,50,27
77.45097875595093,static__task_uniform__reset_each_stage,test,50,28
62.28070259094238,static__task_uniform__reset_each_stage,test,50,29
67.80821681022644,static__task_uniform__reset_each_stage,test,50,3
76.63551568984985,static__task_uniform__reset_each_stage,test,50,30
71.9298243522644,static__task_uniform__reset_each_stage,test,50,31
61.16504669189453,static__task_uniform__reset_each_stage,test,50,32
72.972971200943,static__task_uniform__reset_each_stage,test,50,33
72.85714149475098,static__task_uniform__reset_each_stage,test,50,34
73.04964661598206,static__task_uniform__reset_each_stage,test,50,35
82.46753215789795,static__task_uniform__reset_each_stage,test,50,36
64.96815085411072,static__task_uniform__reset_each_stage,test,50,37
80.41958212852478,static__task_uniform__reset_each_stage,test,50,38
71.05262875556946,static__task_uniform__reset_each_stage,test,50,39
78.40909361839294,static__task_uniform__reset_each_stage,test,50,4
73.9130437374115,static__task_uniform__reset_each_stage,test,50,40
62.162160873413086,static__task_uniform__reset_each_stage,test,50,41
62.5,static__task_uniform__reset_each_stage,test,50,42
70.83333134651184,static__task_uniform__reset_each_stage,test,50,43
64.38356041908264,static__task_uniform__reset_each_stage,test,50,44
85.71428656578064,static__task_uniform__reset_each_stage,test,50,45
72.44094610214233,static__task_uniform__reset_each_stage,test,50,46
74.33628439903259,static__task_uniform__reset_each_stage,test,50,47
65.21739363670349,static__task_uniform__reset_each_stage,test,50,48
73.07692170143127,static__task_uniform__reset_each_stage,test,50,49
67.96875,static__task_uniform__reset_each_stage,test,50,5
85.45454740524292,static__task_uniform__reset_each_stage,test,50,50
73.33333492279053,static__task_uniform__reset_each_stage,test,50,6
64.3478274345398,static__task_uniform__reset_each_stage,test,50,7
71.42857313156128,static__task_uniform__reset_each_stage,test,50,8
65.67164063453674,static__task_uniform__reset_each_stage,test,50,9
77.11864113807678,rotating__example_uniform__carry,test,50,1
76.0869562625885,rotating__example_uniform__carry,test,50,10
72.00000286102295,rotating__example_uniform__carry,test,50,11
69.82758641242981,rotating__example_uniform__carry,test,50,12
78.7401556968689,rotating__example_uniform__carry,test,50,13
78.78788113594055,rotating__example_uniform__carry,test,50,14
68.1034505367279,rotating__example_uniform__carry,test,50,15
69.17293071746826,rotating__example_uniform__carry,test,50,16
78.57142686843872,rotating__example_uniform__carry,test,50,17
79.24528121948242,rotating__example_uniform__carry,test,50,18
74.31192398071289,rotating__example_uniform__carry,test,50,19
77.69230604171753,rotating__example_uniform__carry,test,50,2
67.32673048973083,rotating__example_uniform__carry,test,50,20
77.77777910232544,rotating__example_uniform__carry,test,50,21
74.16666746139526,rotating__example_uniform__carry,test,50,22
71.79487347602844,rotating__example_uniform__carry,test,50,23
60.4651153087616,rotating__example_uniform__carry,test,50,24
70.76923251152039,rotating__example_uniform__carry,test,50,25
76.42276287078857,rotating__example_uniform__carry,test,50,26
68.14159154891968,rotating__example_uniform__carry,test,50,27
77.45097875595093,rotating__example_uniform__carry,test,50,28
70.17543911933899,rotating__example_uniform__carry,test,50,29
67.80821681022644,rotating__example_uniform__carry,test,50,3
78.50467562675476,rotating__example_uniform__carry,test,50,30
73.68420958518982,rotating__example_uniform__carry,test,50,31
70.8737850189209,rotating__example_uniform__carry,test,50,32
75.67567825317383,rotating__example_uniform__carry,test,50,33
72.85714149475098,rotating__example_uniform__carry,test,50,34
71.6312050819397,rotating__example_uniform__carry,test,50,35
81.81818127632141,rotating__example_uniform__carry,test,50,36
73.24841022491455,rotating__example_uniform__carry,test,50,37
81.1188817024231,rotating__example_uniform__carry,test,50,38
71.05262875556946,rotating__example_uniform__carry,test,50,39
77.84090638160706,rotating__example_uniform__carry,test,50,4
76.81159377098083,rotating__example_uniform__carry,test,50,40
63.513511419296265,rotating__example_uniform__carry,test,50,41
62.5,rotating__example_uniform__carry,test,50,42
70.83333134651184,rotating__example_uniform__carry,test,50,43
65.75342416763306,rotating__example_uniform__carry,test,50,44
84.76190567016602,rotating__example_uniform__carry,test,50,45
65.35432934761047,rotating__example_uniform__carry,test,50,46
69.02654767036438,rotating__example_uniform__carry,test,50,47
63.4782612323761,rotating__example_uniform__carry,test,50,48
69.2307710647583,rotating__example_uniform__carry,test,50,49
74.21875,rotating__example_uniform__carry,test,50,5
86.36363744735718,rotating__example_uniform__carry,test,50,50
72.50000238418579,rotating__example_uniform__carry,test,50,6
76.52173638343811,rotating__example_uniform__carry,test,50,7
75.18796920776367,rotating__example_uniform__carry,test,50,8
76.86567306518555,rotating__example_uniform__carry,test,50,9
76.27118825912476,rotating__example_uniform__reset_each_stage,test,50,1
75.36231875419617,rotating__example_uniform__reset_each_stage,test,50,10
69.9999988079071,rotating__example_uniform__reset_each_stage,test,50,11
67.24137663841248,rotating__example_uniform__reset_each_stage,test,50,12
80.31495809555054,rotating__example_uniform__reset_each_stage,test,50,13
77.27272510528564,rotating__example_uniform__reset_each_stage,test,50,14
70.68965435028076,rotating__example_uniform__reset_each_stage,test,50,15
69.92481350898743,rotating__example_uniform__reset_each_stage,test,50,16
75.39682388305664,rotating__example_uniform__reset_each_stage,test,50,17
80.1886796951294,rotating__example_uniform__reset_each_stage,test,50,18
72.47706651687622,rotating__example_uniform__reset_each_stage,test,50,19
75.38461685180664,rotating__example_uniform__reset_each_stage,test,50,2
69.30692791938782,rotating__example_uniform__reset_each_stage,test,50,20
81.94444179534912,rotating__example_uniform__reset_each_stage,test,50,21
77.49999761581421,rotating__example_uniform__reset_each_stage,test,50,22
74.35897588729858,rotating__example_uniform__reset_each_stage,test,50,23
59.302324056625366,rotating__example_uniform__reset_each_stage,test,50,24
73.84615540504456,rotating__example_uniform__reset_each_stage,test,50,25
72.35772609710693,rotating__example_uniform__reset_each_stage,test,50,26
69.02654767036438,rotating__example_uniform__reset_each_stage,test,50,27
79.41176295280457,rotating__example_uniform__reset_each_stage,test,50,28
67.54385828971863,rotating__example_uniform__reset_each_stage,test,50,29
67.80821681022644,rotating__example_uniform__reset_each_stage,test,50,3
78.50467562675476,rotating__example_uniform__reset_each_stage,test,50,30
73.68420958518982,rotating__example_uniform__reset_each_stage,test,50,31
67.96116232872009,rotating__example_uniform__reset_each_stage,test,50,32
77.47747898101807,rotating__example_uniform__reset_each_stage,test,50,33
69.9999988079071,rotating__example_uniform__reset_each_stage,test,50,34
72.34042286872864,rotating__example_uniform__reset_each_stage,test,50,35
86.36363744735718,rotating__example_uniform__reset_each_stage,test,50,36
71.33758068084717,rotating__example_uniform__reset_each_stage,test,50,37
82.51748085021973,rotating__example_uniform__reset_each_stage,test,50,38
66.66666865348816,rotating__example_uniform__reset_each_stage,test,50,39
80.68181872367859,rotating__example_uniform__reset_each_stage,test,50,4
70.28985619544983,rotating__example_uniform__reset_each_stage,test,50,40
62.162160873413086,rotating__example_uniform__reset_each_stage,test,50,41
66.91176295280457,rotating__example_uniform__reset_each_stage,test,50,42
71.875,rotating__example_uniform__reset_each_stage,test,50,43
67.12328791618347,rotating__example_uniform__reset_each_stage,test,50,44
87.61904835700989,rotating__example_uniform__reset_each_stage,test,50,45
69.29134130477905,rotating__example_uniform__reset_each_stage,test,50,46
73.45132827758789,rotating__example_uniform__reset_each_stage,test,50,47
66.9565200805664,rotating__example_uniform__reset_each_stage,test,50,48
67.30769276618958,rotating__example_uniform__reset_each_stage,test,50,49
75.0,rotating__example_uniform__reset_each_stage,test,50,5
83.63636136054993,rotating__example_uniform__reset_each_stage,test,50,50
71.66666388511658,rotating__example_uniform__reset_each_stage,test,50,6
71.30434513092041,rotating__example_uniform__reset_each_stage,test,50,7
78.94737124443054,rotating__example_uniform__reset_each_stage,test,50,8
76.86567306518555,rotating__example_uniform__reset_each_stage,test,50,9
81.35592937469482,rotating__task_uniform__carry,test,50,1
76.0869562625885,rotating__task_uniform__carry,test,50,10
73.00000190734863,rotating__task_uniform__carry,test,50,11
73.2758641242981,rotating__task_uniform__carry,test,50,12
77.16535329818726,rotating__task_uniform__carry,test,50,13
76.51515007019043,rotating__task_uniform__carry,test,50,14
70.68965435028076,rotating__task_uniform__carry,test,50,15
69.17293071746826,rotating__task_uniform__carry,test,50,16
78.57142686843872,rotating__task_uniform__carry,test,50,17
83.01886916160583,rotating__task_uniform__carry,test,50,18
74.31192398071289,rotating__task_uniform__carry,test,50,19
79.23076748847961,rotating__task_uniform__carry,test,50,2
60.3960394859314,rotating__task_uniform__carry,test,50,20
78.47222089767456,rotating__task_uniform__carry,test,50,21
78.33333611488342,rotating__task_uniform__carry,test,50,22
69.2307710647583,rotating__task_uniform__carry,test,50,23
63.95348906517029,rotating__task_uniform__carry,test,50,24
73.84615540504456,rotating__task_uniform__carry,test,50,25
73.17073345184326,rotating__task_uniform__carry,test,50,26
68.14159154891968,rotating__task_uniform__carry,test,50,27
78.43137383460999,rotating__task_uniform__carry,test,50,28
67.54385828971863,rotating__task_uniform__carry,test,50,29
73.2876718044281,rotating__task_uniform__carry,test,50,3
80.37382960319519,rotating__task_uniform__carry,test,50,30
77.19298005104065,rotating__task_uniform__carry,test,50,31
66.99029207229614,rotating__task_uniform__carry,test,50,32
75.67567825317383,rotating__task_uniform__carry,test,50,33
62.85714507102966,rotating__task_uniform__carry,test,50,34
70.21276354789734,rotating__task_uniform__carry,test,50,35
79.8701286315918,rotating__task_uniform__carry,test,50,36
68.15286874771118,rotating__task_uniform__carry,test,50,37
82.51748085021973,rotating__task_uniform__carry,test,50,38
68.42105388641357,rotating__task_uniform__carry,test,50,39
78.97727489471436,rotating__task_uniform__carry,test,50,4
70.28985619544983,rotating__task_uniform__carry,test,50,40
67.56756901741028,rotating__task_uniform__carry,test,50,41
61.764705181121826,rotating__task_uniform__carry,test,50,42
73.95833134651184,rotating__task_uniform__carry,test,50,43
72.60273694992065,rotating__task_uniform__carry,test,50,44
84.76190567016602,rotating__task_uniform__carry,test,50,45
66.92913174629211,rotating__task_uniform__carry,test,50,46
76.9911527633667,rotating__task_uniform__carry,test,50,47
66.9565200805664,rotating__task_uniform__carry,test,50,48
72.11538553237915,rotating__task_uniform__carry,test,50,49
75.78125,rotating__task_uniform__carry,test,50,5
80.90909123420715,rotating__task_uniform__carry,test,50,50
78.33333611488342,rotating__task_uniform__carry,test,50,6
76.52173638343811,rotating__task_uniform__carry,test,50,7
75.18796920776367,rotating__task_uniform__carry,test,50,8
74.6268630027771,rotating__task_uniform__carry,test,50,9
77.96609997749329,rotating__task_uniform__reset_each_stage,test,50,1
74.63768124580383,rotating__task_uniform__reset_each_stage,test,50,10
64.99999761581421,rotating__task_uniform__reset_each_stage,test,50,11
69.82758641242981,rotating__task_uniform__reset_each_stage,test,50,12
77.16535329818726,rotating__task_uniform__reset_each_stage,test,50,13
75.75757503509521,rotating__task_uniform__reset_each_stage,test,50,14
75.86206793785095,rotating__task_uniform__reset_each_stage,test,50,15
69.92481350898743,rotating__task_uniform__reset_each_stage,test,50,16
80.15872836112976,rotating__task_uniform__reset_each_stage,test,50,17
83.01886916160583,rotating__task_uniform__reset_each_stage,test,50,18
73.39449524879456,rotating__task_uniform__reset_each_stage,test,50,19
76.92307829856873,rotating__task_uniform__reset_each_stage,test,50,2
67.32673048973083,rotating__task_uniform__reset_each_stage,test,50,20
77.77777910232544,rotating__task_uniform__reset_each_stage,test,50,21
79.16666865348816,rotating__task_uniform__reset_each_stage,test,50,22
67.52136945724487,rotating__task_uniform__reset_each_stage,test,50,23
55.81395626068115,rotating__task_uniform__reset_each_stage,test,50,24
67.69230961799622,rotating__task_uniform__reset_each_stage,test,50,25
69.91869807243347,rotating__task_uniform__reset_each_stage,test,50,26
68.14159154891968,rotating__task_uniform__reset_each_stage,test,50,27
76.47058963775635,rotating__task_uniform__reset_each_stage,test,50,28
65.78947305679321,rotating__task_uniform__reset_each_stage,test,50,29
67.12328791618347,rotating__task_uniform__reset_each_stage,test,50,3
76.16822719573975,rotating__task_uniform__reset_each_stage,test,50,30
78.0701756477356,rotating__task_uniform__reset_each_stage,test,50,31
66.01941585540771,rotating__task_uniform__reset_each_stage,test,50,32
80.18018007278442,rotating__task_uniform__reset_each_stage,test,50,33
71.42857313156128,rotating__task_uniform__reset_each_stage,test,50,34
71.6312050819397,rotating__task_uniform__reset_each_stage,test,50,35
83.11688303947449,rotating__task_uniform__reset_each_stage,test,50,36
68.78980994224548,rotating__task_uniform__reset_each_stage,test,50,37
79.72028255462646,rotating__task_uniform__reset_each_stage,test,50,38
71.05262875556946,rotating__task_uniform__reset_each_stage,test,50,39
79.54545617103577,rotating__task_uniform__reset_each_stage,test,50,4
72.46376872062683,rotating__task_uniform__reset_each_stage,test,50,40
60.81081032752991,rotating__task_uniform__reset_each_stage,test,50,41
62.5,rotating__task_uniform__reset_each_stage,test,50,42
72.91666865348816,rotating__task_uniform__reset_each_stage,test,50,43
71.23287916183472,rotating__task_uniform__reset_each_stage,test,50,44
87.61904835700989,rotating__task_uniform__reset_each_stage,test,50,45
73.22834730148315,rotating__task_uniform__reset_each_stage,test,50,46
74.33628439903259,rotating__task_uniform__reset_each_stage,test,50,47
68.6956524848938,rotating__task_uniform__reset_each_stage,test,50,48
74.03846383094788,rotating__task_uniform__reset_each_stage,test,50,49
71.09375,rotating__task_uniform__reset_each_stage,test,50,5
84.54545736312866,rotating__task_uniform__reset_each_stage,test,50,50
72.50000238418579,rotating__task_uniform__reset_each_stage,test,50,6
77.3913025856018,rotating__task_uniform__reset_each_stage,test,50,7
72.93233275413513,rotating__task_uniform__reset_each_stage,test,50,8
73.88059496879578,rotating__task_uniform__reset_each_stage,test,50,9
81.35592937469482,fresh_full_history,test,50,1
75.36231875419617,fresh_full_history,test,50,10
72.00000286102295,fresh_full_history,test,50,11
75.0,fresh_full_history,test,50,12
77.16535329818726,fresh_full_history,test,50,13
75.75757503509521,fresh_full_history,test,50,14
73.2758641242981,fresh_full_history,test,50,15
71.42857313156128,fresh_full_history,test,50,16
82.53968358039856,fresh_full_history,test,50,17
83.01886916160583,fresh_full_history,test,50,18
73.39449524879456,fresh_full_history,test,50,19
82.30769038200378,fresh_full_history,test,50,2
70.29703259468079,fresh_full_history,test,50,20
84.02777910232544,fresh_full_history,test,50,21
77.49999761581421,fresh_full_history,test,50,22
73.50427508354187,fresh_full_history,test,50,23
61.62790656089783,fresh_full_history,test,50,24
66.15384817123413,fresh_full_history,test,50,25
75.60975551605225,fresh_full_history,test,50,26
76.106196641922,fresh_full_history,test,50,27
81.3725471496582,fresh_full_history,test,50,28
72.80701994895935,fresh_full_history,test,50,29
72.60273694992065,fresh_full_history,test,50,3
79.43925261497498,fresh_full_history,test,50,30
82.45614171028137,fresh_full_history,test,50,31
73.7864077091217,fresh_full_history,test,50,32
78.37837934494019,fresh_full_history,test,50,33
74.28571581840515,fresh_full_history,test,50,34
73.758864402771,fresh_full_history,test,50,35
85.0649356842041,fresh_full_history,test,50,36
71.33758068084717,fresh_full_history,test,50,37
83.91608595848083,fresh_full_history,test,50,38
71.9298243522644,fresh_full_history,test,50,39
81.81818127632141,fresh_full_history,test,50,4
74.63768124580383,fresh_full_history,test,50,40
66.2162184715271,fresh_full_history,test,50,41
66.17646813392639,fresh_full_history,test,50,42
75.0,fresh_full_history,test,50,43
63.01369667053223,fresh_full_history,test,50,44
86.66666746139526,fresh_full_history,test,50,45
66.92913174629211,fresh_full_history,test,50,46
73.45132827758789,fresh_full_history,test,50,47
64.3478274345398,fresh_full_history,test,50,48
71.15384340286255,fresh_full_history,test,50,49
79.6875,fresh_full_history,test,50,5
78.18182110786438,fresh_full_history,test,50,50
77.49999761581421,fresh_full_history,test,50,6
81.73912763595581,fresh_full_history,test,50,7
75.93985199928284,fresh_full_history,test,50,8
76.86567306518555,fresh_full_history,test,50,9
