effective_batch_size,epoch,family,gradient_norm_mean,image_presentations,learning_rate,optimizer_steps,peak_learning_rate,role,schedule,seed,train_objective_accuracy,train_objective_nll,validation_accuracy,validation_nll,wall_seconds
512,1,macro,3.021480828523636,12194,0.0003,24,0.0003,legacy_control,legacy_constant,1993,51.32852222404461,2.289833906616992,69.72777959986881,1.2556053842236152,37.65996405109763
512,2,macro,1.851867139339447,24388,0.0003,48,0.0003,legacy_control,legacy_constant,1993,82.74561259635887,0.6893382295342925,73.76188914398163,1.0946637632495735,73.07004454359412
512,3,macro,1.3611015876134236,36582,0.0003,72,0.0003,legacy_control,legacy_constant,1993,93.45579793340987,0.29679742499963563,75.17218760249263,1.1000898842265778,109.60809369012713
512,4,macro,0.8827627574404081,48776,0.0003,96,0.0003,legacy_control,legacy_constant,1993,98.38445136952599,0.11572625653869269,73.56510331256149,1.1486880051264727,145.46596028283238
512,5,macro,0.567077757169803,60970,0.0003,120,0.0003,legacy_control,legacy_constant,1993,99.44234869608005,0.05262880085217321,75.59855690390292,1.1112113694903811,180.35712871700525
512,6,macro,0.287840203071634,73164,0.0003,144,0.0003,legacy_control,legacy_constant,1993,99.82778415614237,0.023866667031107798,75.5657592653329,1.1092414981070093,215.9693112410605
512,7,macro,0.19706474089374146,85358,0.0003,168,0.0003,legacy_control,legacy_constant,1993,99.82778415614237,0.014874126630785897,75.82814037389308,1.1116593355583573,252.77099402062595
512,8,macro,0.21835609463353953,97552,0.0003,192,0.0003,legacy_control,legacy_constant,1993,99.77037887485649,0.014294983149161392,75.82814037389308,1.1221042719384653,288.7670080251992
512,9,macro,0.14279245709379515,109746,0.0003,216,0.0003,legacy_control,legacy_constant,1993,99.8523864195506,0.009785140530484729,75.99212856674319,1.1173921161575293,324.2625360880047
512,10,macro,0.12967870756983757,121940,0.0003,240,0.0003,legacy_control,legacy_constant,1993,99.84418566508118,0.009629964544985438,76.4184978681535,1.117269610451573,360.4653716292232
512,11,macro,0.11014838051050901,134134,0.0003,264,0.0003,legacy_control,legacy_constant,1993,99.86878792848943,0.00804438871771894,76.54968842243359,1.121089823952109,395.6397609002888
512,12,macro,0.08446020710592468,146328,0.0003,288,0.0003,legacy_control,legacy_constant,1993,99.87698868295884,0.006670475827292651,76.81206953099377,1.1117580247417986,428.92109936475754
512,13,macro,0.10293789270023505,158522,0.0003,312,0.0003,legacy_control,legacy_constant,1993,99.86058717402001,0.00810444548576997,76.54968842243359,1.108245241559893,464.133492378518
512,14,macro,0.09124606257925431,170716,0.0003,336,0.0003,legacy_control,legacy_constant,1993,99.86058717402001,0.006763758523671065,76.74647425385372,1.1136651269018787,499.9624085724354
512,15,macro,0.07766986917704344,182910,0.0003,360,0.0003,legacy_control,legacy_constant,1993,99.87698868295884,0.006379722014047561,76.74647425385372,1.1153741112768787,534.8726347088814
512,16,macro,0.07736231460391234,195104,0.0003,384,0.0003,legacy_control,legacy_constant,1993,99.86878792848943,0.005220874872719125,76.61528369957362,1.1245666934295184,569.9089815933257
512,17,macro,0.07924484325728069,207298,0.0003,408,0.0003,legacy_control,legacy_constant,1993,99.87698868295884,0.005383287255091806,77.04165300098393,1.1212202655795989,604.9055521041155
512,18,macro,0.062069843406789005,219492,0.0003,432,0.0003,legacy_control,legacy_constant,1993,99.90159094636707,0.004161210828126992,76.74647425385372,1.133115667716602,640.0966268051416
512,19,macro,0.07138893695082515,231686,0.0003,456,0.0003,legacy_control,legacy_constant,1993,99.89339019189765,0.005267746823526551,76.68087897671367,1.1375342031587106,675.60785394907
512,20,macro,0.06291897761790703,243880,0.0003,480,0.0003,legacy_control,legacy_constant,1993,99.89339019189765,0.0040684179515159775,77.14004591669399,1.1246877878601333,710.6656380258501
64,1,macro,10.356547535401988,12194,1.198744769874477e-05,191,3e-05,screening,warmup_cosine,1993,4.715433819911432,5.0405357527267505,17.054772056411938,4.011991316312725,33.10060043632984
64,2,macro,9.000531046802461,24388,2.397489539748954e-05,382,3e-05,screening,warmup_cosine,1993,41.16778743644415,2.8672037961464625,57.0022958346999,2.020304238534279,66.71545485593379
64,3,macro,7.388621143021509,36582,2.9992131295810863e-05,573,3e-05,screening,warmup_cosine,1993,67.95145153354109,1.4669007887424983,67.95670711708757,1.4002750130237693,99.96216677874327
64,4,macro,6.369355031957177,48776,2.992771919828529e-05,764,3e-05,screening,warmup_cosine,1993,79.3997047728391,0.9263543641545723,71.26926861265989,1.2295169949179674,133.41975433006883
64,5,macro,5.589114694695198,60970,2.9798666529598673e-05,955,3e-05,screening,warmup_cosine,1993,86.32934229949156,0.627247476100687,73.26992456543128,1.1396874502550465,167.053121432662
64,6,macro,4.8499722306016855,73164,2.960553779081519e-05,1146,3e-05,screening,warmup_cosine,1993,91.34000328030179,0.42549078046483685,74.05706789111184,1.1104698506446304,200.49290545657277
64,7,macro,4.061411222862324,85358,2.934917776398917e-05,1337,3e-05,screening,warmup_cosine,1993,95.39117598819091,0.2812722093730124,74.48343719252213,1.0903440396017072,233.64366584643722
64,8,macro,3.1987889808509986,97552,2.903070781692674e-05,1528,3e-05,screening,warmup_cosine,1993,97.83500082007545,0.17829882561896537,74.4178419153821,1.0962010036729992,267.4574173036963
64,9,macro,2.3563602243730535,109746,2.865152099810848e-05,1719,3e-05,screening,warmup_cosine,1993,99.02411021814007,0.1096253907639452,74.54903246966218,1.096028297601977,300.80081469006836
64,10,macro,1.6760973204804965,121940,2.821327594322887e-05,1910,3e-05,screening,warmup_cosine,1993,99.61456453993767,0.06705248588535734,74.94260413250245,1.1075633578552266,334.2926883585751
64,11,macro,1.1178741857643526,134134,2.771788962000639e-05,2101,3e-05,screening,warmup_cosine,1993,99.79498113826472,0.040974307562731245,75.4345687110528,1.107918497537855,367.9148208796978
64,12,macro,0.721038349479905,146328,2.7167528942999975e-05,2292,3e-05,screening,warmup_cosine,1993,99.83598491061177,0.02566450938878146,75.36897343391276,1.1138040962356863,401.67635202780366
64,13,macro,0.5468447316457464,158522,2.6564601295110107e-05,2483,3e-05,screening,warmup_cosine,1993,99.86878792848943,0.018887710293648927,75.69694981961298,1.115077629602319,435.6907998006791
64,14,macro,0.40928935177663234,170716,2.591174399722545e-05,2674,3e-05,screening,warmup_cosine,1993,99.88518943742824,0.014691715809836317,75.4345687110528,1.1261333491849914,468.66784491203725
64,15,macro,0.36869312382025243,182910,2.521181277207667e-05,2865,3e-05,screening,warmup_cosine,1993,99.87698868295884,0.012418300710155355,75.69694981961298,1.1239297465833924,501.92147791571915
64,16,macro,0.32541447460495365,195104,2.4467869252758838e-05,3056,3e-05,screening,warmup_cosine,1993,99.86058717402001,0.011088798842665523,75.50016398819285,1.1340381826248744,534.7039171569049
64,17,macro,0.29224514926135226,207298,2.368316759056248e-05,3247,3e-05,screening,warmup_cosine,1993,99.87698868295884,0.009551272815380875,75.53296162676287,1.1437346651421958,568.3903626799583
64,18,macro,0.2837786291048165,219492,2.2861140220693262e-05,3438,3e-05,screening,warmup_cosine,1993,99.84418566508118,0.01047638979078571,75.76254509675303,1.1367642786433243,601.3863174002618
64,19,macro,0.2432818579541139,231686,2.2005382848143616e-05,3629,3e-05,screening,warmup_cosine,1993,99.86058717402001,0.008855157364230088,75.76254509675303,1.1412866191419861,634.4878214951605
64,20,macro,0.26146784898732345,243880,2.1119638719391226e-05,3820,3e-05,screening,warmup_cosine,1993,99.82778415614237,0.007446446564621039,75.69694981961298,1.1505026462313463,667.7026825360954
64,21,macro,0.23241834574578946,256074,2.0207782248722674e-05,4011,3e-05,screening,warmup_cosine,1993,99.8523864195506,0.008124713831618904,76.1561167595933,1.1483895441632694,700.8594229277223
64,22,macro,0.20135422400076977,268268,1.9273802070804118e-05,4202,3e-05,screening,warmup_cosine,1993,99.86058717402001,0.0071148423165478866,76.18891439816333,1.1506618801278339,734.4127348810434
64,23,macro,0.1703345675157939,280462,1.8321783593630093e-05,4393,3e-05,screening,warmup_cosine,1993,99.87698868295884,0.005593407509931878,76.18891439816333,1.1441725721199734,767.5817951727659
64,24,macro,0.19440531467345998,292656,1.735589112816732e-05,4584,3e-05,screening,warmup_cosine,1993,99.86878792848943,0.0062657881314898784,76.02492620531322,1.1511940623002195,801.2927564438432
64,25,macro,0.1630047660964634,304850,1.6380349672861747e-05,4775,3e-05,screening,warmup_cosine,1993,99.90159094636707,0.005480106822854283,76.12331912102329,1.166829098870067,834.1757233962417
64,26,macro,0.1809141476936053,317044,1.5399426432687053e-05,4966,3e-05,screening,warmup_cosine,1993,99.86878792848943,0.005598298062726046,75.89373565103313,1.1686522176360334,867.3122643120587
64,27,macro,0.14877412895335576,329238,1.4417412153573582e-05,5157,3e-05,screening,warmup_cosine,1993,99.89339019189765,0.004693355231044995,76.05772384388324,1.1721598999583944,899.9479219727218
64,28,macro,0.1390706746990144,341432,1.3438602353864769e-05,5348,3e-05,screening,warmup_cosine,1993,99.90979170083648,0.0043869357001924195,76.09052148245327,1.1641780919581408,933.5310355871916
64,29,macro,0.15755944978933373,353626,1.246727853489801e-05,5539,3e-05,screening,warmup_cosine,1993,99.88518943742824,0.00516374268179079,76.02492620531322,1.1763117881867486,967.6369758099318
64,30,macro,0.1477023597358097,365820,1.1507689452898662e-05,5730,3e-05,screening,warmup_cosine,1993,99.86878792848943,0.004873876300271816,76.32010495244343,1.1788341901309376,1001.4861885961145
64,31,macro,0.1260281340438502,378014,1.0564032534107421e-05,5921,3e-05,screening,warmup_cosine,1993,99.88518943742824,0.00395638638291962,75.99212856674319,1.1796625261816598,1035.0213125683367
64,32,macro,0.12813145828223665,390208,9.640435514434826e-06,6112,3e-05,screening,warmup_cosine,1993,99.89339019189765,0.003996530761283911,75.99212856674319,1.1822925954226315,1068.5285328086466
64,33,macro,0.10770332065279259,402402,8.740938383954665e-06,6303,3e-05,screening,warmup_cosine,1993,99.89339019189765,0.0034892332246895205,76.22171203673335,1.182046488020294,1102.4222121611238
64,34,macro,0.13283956078178596,414596,7.86947571521442e-06,6494,3e-05,screening,warmup_cosine,1993,99.86878792848943,0.003917900073405111,76.18891439816333,1.1840903287482833,1135.683246228844
64,35,macro,0.12658361869215654,426790,7.02985945266216e-06,6685,3e-05,screening,warmup_cosine,1993,99.86878792848943,0.003963817254977284,76.35290259101345,1.1851432252297756,1169.1821541711688
64,36,macro,0.10933454550256592,438984,6.225762238472163e-06,6876,3e-05,screening,warmup_cosine,1993,99.89339019189765,0.0031957347138467256,76.2873073138734,1.1812858356339457,1202.5289338361472
64,37,macro,0.10030597833555718,451178,5.460701347705414e-06,7067,3e-05,screening,warmup_cosine,1993,99.90159094636707,0.0027870370635091624,76.18891439816333,1.1841212942311707,1236.3956446610391
64,38,macro,0.10604975806519935,463372,4.738023303075506e-06,7258,3e-05,screening,warmup_cosine,1993,99.88518943742824,0.0028503515866226264,76.18891439816333,1.1834199967326473,1270.182500878349
64,39,macro,0.10502823175014002,475566,4.06088923661802e-06,7449,3e-05,screening,warmup_cosine,1993,99.88518943742824,0.0028955089727229362,76.38570022958346,1.1860052717439695,1304.1693446077406
64,40,macro,0.10206302702036828,487760,3.4322610622941696e-06,7640,3e-05,screening,warmup_cosine,1993,99.89339019189765,0.0027293169598159427,76.18891439816333,1.187560274468832,1339.0945295598358
64,41,macro,0.10097155159739143,499954,2.8548885200124567e-06,7831,3e-05,screening,warmup_cosine,1993,99.88518943742824,0.0026121795500069736,76.1561167595933,1.1876807608499649,1375.789239982143
64,42,macro,0.09767699292836544,512148,2.331297147740224e-06,8022,3e-05,screening,warmup_cosine,1993,99.90159094636707,0.0024585317681612723,76.2873073138734,1.1896184581582685,1413.0838603451848
64,43,macro,0.098540475426232,524342,1.8637772343173416e-06,8213,3e-05,screening,warmup_cosine,1993,99.88518943742824,0.0024406685973066217,76.35290259101345,1.1892766004783202,1450.002743665129
64,44,macro,0.09723790701849298,536536,1.454373801294651e-06,8404,3e-05,screening,warmup_cosine,1993,99.89339019189765,0.0023805919349711704,76.35290259101345,1.1896984254230862,1487.9456205256283
64,45,macro,0.09041619235503424,548730,1.1048776576184352e-06,8595,3e-05,screening,warmup_cosine,1993,99.89339019189765,0.00218311256710889,76.38570022958346,1.190512967758704,1523.4857055116445
64,46,macro,0.09529520891587304,560924,8.168175662894446e-07,8786,3e-05,screening,warmup_cosine,1993,99.86878792848943,0.002311733182735359,76.4184978681535,1.190369958524119,1558.337667375803
64,47,macro,0.08750051928011222,573118,5.914535572610407e-07,8977,3e-05,screening,warmup_cosine,1993,99.9261932097753,0.0021192372891283904,76.45129550672351,1.1905491529585457,1594.6137052252889
64,48,macro,0.08305514719415241,585312,4.2977141582710116e-07,9168,3e-05,screening,warmup_cosine,1993,99.95899622765295,0.001992981874182202,76.38570022958346,1.190600473085518,1630.570710428059
64,49,macro,0.08959566510199564,597506,3.324783706085385e-07,9359,3e-05,screening,warmup_cosine,1993,99.90159094636707,0.0021392653882747912,76.45129550672351,1.1905619307555853,1666.409095171839
64,50,macro,0.08198510089411318,609700,3.0000000000000004e-07,9550,3e-05,screening,warmup_cosine,1993,99.94259471871412,0.0019556776957568994,76.4184978681535,1.1908780439207303,1703.8176916763186
64,1,macro,9.794426675866411,12194,3.99581589958159e-05,191,0.0001,screening,warmup_cosine,1993,18.976545842217483,4.173194608708688,51.88586421777632,2.27664378745785,37.25729604624212
64,2,macro,7.308039135957888,24388,7.99163179916318e-05,382,0.0001,screening,warmup_cosine,1993,66.82794817123175,1.4827426202144314,69.36700557559855,1.2903479478835433,75.69171856716275
64,3,macro,5.789216031578823,36582,9.99737709860362e-05,573,0.0001,screening,warmup_cosine,1993,81.31868131868131,0.765377522375186,72.74516234831093,1.1595976364421,112.0627648960799
64,4,macro,4.349478513158429,48776,9.975906399428431e-05,764,0.0001,screening,warmup_cosine,1993,91.27439724454649,0.3645068981304547,73.0075434568711,1.1638226945426042,150.47665153630078
64,5,macro,2.885984338702956,60970,9.932888843199558e-05,955,0.0001,screening,warmup_cosine,1993,96.90831556503198,0.15671689582297268,74.286651361102,1.120853617997512,187.75105698779225
64,6,macro,1.8964847987859037,73164,9.868512596938397e-05,1146,0.0001,screening,warmup_cosine,1993,98.72888305724126,0.07192232123120448,74.74581830108232,1.1503552905689813,227.53794164396822
64,7,macro,1.3246249956766347,85358,9.783059254663057e-05,1337,0.0001,screening,warmup_cosine,1993,99.31933737903887,0.043253926384619105,74.35224663824205,1.1811977698006135,266.96128337457776
64,8,macro,0.9918951406996912,97552,9.676902605642246e-05,1528,0.0001,screening,warmup_cosine,1993,99.49155322289651,0.028207205036770853,75.46736634962282,1.1744911891978542,311.80016692727804
64,9,macro,0.7223644864340727,109746,9.550506999369492e-05,1719,0.0001,screening,warmup_cosine,1993,99.60636378546826,0.02367185152259365,75.20498524106264,1.206121031203478,349.5405366308987
64,10,macro,0.5189010375886375,121940,9.404425314409624e-05,1910,0.0001,screening,warmup_cosine,1993,99.62276529440709,0.016740475450556104,76.18891439816333,1.1626291822394061,391.42378530837595
64,11,macro,0.2905247472714223,134134,9.23929654000213e-05,2101,0.0001,screening,warmup_cosine,1993,99.83598491061177,0.009463722038722653,76.91046244670383,1.1385790473635216,432.58206484280527
64,12,macro,0.18396917795908702,146328,9.055842980999991e-05,2292,0.0001,screening,warmup_cosine,1993,99.84418566508118,0.007599739299478229,77.14004591669399,1.1501873400454523,474.45691460743546
64,13,macro,0.18201806567882367,158522,8.854867098370036e-05,2483,0.0001,screening,warmup_cosine,1993,99.81138264720354,0.009409404561541912,76.94326008527386,1.1365355294272328,514.1813326925039
64,14,macro,0.15356789287959874,170716,8.63724799907515e-05,2674,0.0001,screening,warmup_cosine,1993,99.86058717402001,0.0072960898742062625,77.4352246638242,1.1328452621064604,551.9215447958559
64,15,macro,0.13289139863025612,182910,8.403937590692223e-05,2865,0.0001,screening,warmup_cosine,1993,99.88518943742824,0.00648422009127246,77.17284355526402,1.1399279325741085,591.4064411241561
64,16,macro,0.13818469688939955,195104,8.155956417586279e-05,3056,0.0001,screening,warmup_cosine,1993,99.84418566508118,0.006668702977709014,76.91046244670383,1.1726229871910647,628.7286910321563
64,17,macro,0.14115419947781177,207298,7.894389196854161e-05,3247,0.0001,screening,warmup_cosine,1993,99.83598491061177,0.006385489987881238,77.4352246638242,1.1429270277964791,664.0523728597909
64,18,macro,0.17653986515174985,219492,7.62038007356442e-05,3438,0.0001,screening,warmup_cosine,1993,99.81958340167296,0.0070325529182350245,76.68087897671367,1.1708608422759479,702.5727373287082
64,19,macro,0.25462022000504414,231686,7.335127616047872e-05,3629,0.0001,screening,warmup_cosine,1993,99.79498113826472,0.007414775147327775,75.46736634962282,1.2133894745503617,741.0578128639609
64,20,macro,0.9368515094420361,243880,7.039879573130409e-05,3820,0.0001,screening,warmup_cosine,1993,99.57356076759062,0.018708968966128846,74.58183010823221,1.2889324449718722,780.5922254398465
64,21,macro,0.6226460903258848,256074,6.735927416240891e-05,4011,0.0001,screening,warmup_cosine,1993,99.7047728391012,0.012295661831715468,75.1393899639226,1.266401490448889,822.0390807371587
64,22,macro,0.2927535150921782,268268,6.42460069026804e-05,4202,0.0001,screening,warmup_cosine,1993,99.8523864195506,0.007182624773332403,76.32010495244343,1.206512127129044,860.879765059799
64,23,macro,0.11750176518726412,280462,6.107261197876698e-05,4393,0.0001,screening,warmup_cosine,1993,99.87698868295884,0.004236361775923033,76.64808133814365,1.1990544290064045,901.0370069034398
64,24,macro,0.07994381982482072,292656,5.78529704272244e-05,4584,0.0001,screening,warmup_cosine,1993,99.90159094636707,0.004209625021011806,76.91046244670383,1.1984911950231185,939.9169770628214
64,25,macro,0.07208677626785417,304850,5.4601165576205824e-05,4775,0.0001,screening,warmup_cosine,1993,99.90159094636707,0.003676683585605055,76.87766480813382,1.2034855207954325,975.9634221959859
64,26,macro,0.08091096404491295,317044,5.1331421442290185e-05,4966,0.0001,screening,warmup_cosine,1993,99.86058717402001,0.004082155868970744,76.48409314529354,1.2133489329136955,1012.9199158661067
64,27,macro,0.06740073604187416,329238,4.805804051191194e-05,5157,0.0001,screening,warmup_cosine,1993,99.90979170083648,0.0033225538751346585,76.81206953099377,1.204476448777231,1050.2133454401046
64,28,macro,0.061929286952515705,341432,4.479534117954923e-05,5348,0.0001,screening,warmup_cosine,1993,99.90979170083648,0.0028130079422384983,76.91046244670383,1.1982274842129335,1086.3120782636106
64,29,macro,0.07137446697430773,353626,4.15575951163267e-05,5539,0.0001,screening,warmup_cosine,1993,99.86878792848943,0.003101537457172531,76.5824860610036,1.2098302456463856,1123.4561841003597
64,30,macro,0.06930605666370604,365820,3.8358964842995546e-05,5730,0.0001,screening,warmup_cosine,1993,99.87698868295884,0.0034796996196410843,76.94326008527386,1.2066684183663092,1160.0656051952392
64,31,macro,0.06182105403822598,378014,3.521344178035807e-05,5921,0.0001,screening,warmup_cosine,1993,99.88518943742824,0.0028764668284468288,76.97605772384388,1.2136181762234897,1196.6176041755825
64,32,macro,0.05909957985408331,390208,3.213478504811609e-05,6112,0.0001,screening,warmup_cosine,1993,99.91799245530589,0.0028781063716607504,77.07445063955396,1.212603709470174,1235.1126702353358
64,33,macro,0.05382601059705058,402402,2.9136461279848886e-05,6303,0.0001,screening,warmup_cosine,1993,99.88518943742824,0.0023497928160613767,77.04165300098393,1.2112789347977981,1276.6669360361993
64,34,macro,0.06534874465082484,414596,2.6231585717381402e-05,6494,0.0001,screening,warmup_cosine,1993,99.8523864195506,0.0029489923661432053,77.07445063955396,1.2148784963996264,1314.7556924615055
64,35,macro,0.0648124660584705,426790,2.34328648422072e-05,6685,0.0001,screening,warmup_cosine,1993,99.86058717402001,0.0030319550417868333,77.10724827812398,1.2141153129760303,1353.4453455079347
64,36,macro,0.05448316354475213,438984,2.075254079490721e-05,6876,0.0001,screening,warmup_cosine,1993,99.89339019189765,0.002252847987627502,77.33683174811414,1.20855503576472,1391.102405982092
64,37,macro,0.04976479879443909,451178,1.8202337825684717e-05,7067,0.0001,screening,warmup_cosine,1993,99.90159094636707,0.0019808133469266112,77.10724827812398,1.2113883524263207,1427.7203048281372
64,38,macro,0.05232841398869276,463372,1.5793411010251688e-05,7258,0.0001,screening,warmup_cosine,1993,99.86878792848943,0.0019376500035693104,77.20564119383404,1.2097664017018899,1465.4398535322398
64,39,macro,0.05268061340235525,475566,1.3536297455393398e-05,7449,0.0001,screening,warmup_cosine,1993,99.90159094636707,0.0020484138516611754,77.36962938668415,1.2115386257252954,1502.6070281639695
64,40,macro,0.04895734148958201,487760,1.1440870207647232e-05,7640,0.0001,screening,warmup_cosine,1993,99.90159094636707,0.0017600172813825965,77.00885536241391,1.2123044615458096,1543.5379607845098
64,41,macro,0.05010770094771114,499954,9.516295066708189e-06,7831,0.0001,screening,warmup_cosine,1993,99.87698868295884,0.0017473944801179155,77.07445063955396,1.2114066652252307,1581.0206607114524
64,42,macro,0.04983856010796863,512148,7.770990492467414e-06,8022,0.0001,screening,warmup_cosine,1993,99.87698868295884,0.001705209045932589,77.20564119383404,1.21427392756286,1617.8134269248694
64,43,macro,0.048210553477484125,524342,6.212590781057806e-06,8213,0.0001,screening,warmup_cosine,1993,99.90159094636707,0.0016332349465169808,77.14004591669399,1.2133921457142391,1656.4027255121619
64,44,macro,0.04994598185370496,536536,4.8479126709821705e-06,8404,0.0001,screening,warmup_cosine,1993,99.86878792848943,0.0016594924495829037,77.14004591669399,1.21395045900079,1693.5324731320143
64,45,macro,0.04532780795338617,548730,3.6829255253947844e-06,8595,0.0001,screening,warmup_cosine,1993,99.90979170083648,0.0014415427917767024,77.14004591669399,1.2148485881221143,1730.4976776596159
64,46,macro,0.047518567829417234,560924,2.7227252209648156e-06,8786,0.0001,screening,warmup_cosine,1993,99.87698868295884,0.0015349746512960014,77.17284355526402,1.214280453460183,1767.7201195601374
64,47,macro,0.04456166430200933,573118,1.9715118575368023e-06,8977,0.0001,screening,warmup_cosine,1993,99.91799245530589,0.001412831800422337,77.17284355526402,1.2142884431803331,1803.9100000075996
64,48,macro,0.04221610202824609,585312,1.4325713860903371e-06,9168,0.0001,screening,warmup_cosine,1993,99.91799245530589,0.0013024633940036166,77.07445063955396,1.214363320845782,1844.7672263383865
64,49,macro,0.04663007521723929,597506,1.1082612353617952e-06,9359,0.0001,screening,warmup_cosine,1993,99.89339019189765,0.001494684238130389,77.04165300098393,1.214263195364387,1881.773355005309
64,50,macro,0.04396092312420226,609700,1.0000000000000002e-06,9550,0.0001,screening,warmup_cosine,1993,99.91799245530589,0.0013730296917346455,77.07445063955396,1.2145236282123428,1917.929263394326
64,1,macro,8.847103633181588,12194,0.00011987447698744769,191,0.0003,screening,warmup_cosine,1993,36.15712645563392,3.178267838858338,65.59527714004592,1.4804564839153846,37.2980347648263
64,2,macro,6.00170888076902,24388,0.00023974895397489539,382,0.0003,screening,warmup_cosine,1993,75.18451697556175,1.03829821598653,71.10528041980977,1.2329298778219902,74.22664341516793
64,3,macro,4.427922193292548,36582,0.00029992131295810857,573,0.0003,screening,warmup_cosine,1993,84.33655896342464,0.5957562552723158,72.54837651689078,1.2598269716877748,110.8431567568332
64,4,macro,3.200294761757576,48776,0.0002992771919828529,764,0.0003,screening,warmup_cosine,1993,91.2005904543218,0.30380064949982283,72.02361429977041,1.3166664626489666,147.30656597018242
64,5,macro,2.2751809703429955,60970,0.0002979866652959867,955,0.0003,screening,warmup_cosine,1993,95.5223880597015,0.16535577336862398,73.10593637258117,1.2663325656629383,183.56645710393786
64,6,macro,1.7515212367654471,73164,0.00029605537790815186,1146,0.0003,screening,warmup_cosine,1993,97.0641298999508,0.1005122243761723,73.30272220400131,1.315986700861835,219.87402159534395
64,7,macro,1.4352998841378388,85358,0.00029349177763989166,1337,0.0003,screening,warmup_cosine,1993,98.21223552566836,0.0715900196957944,73.82748442112168,1.3133413578182331,256.73829772882164
64,8,macro,1.166577893284915,97552,0.00029030707816926735,1528,0.0003,screening,warmup_cosine,1993,98.72888305724126,0.05201180168541021,73.43391275828141,1.3686841462392736,293.82445288449526
64,9,macro,1.1190892139264426,109746,0.00028651520998108476,1719,0.0003,screening,warmup_cosine,1993,98.72068230277185,0.04960321781770976,72.90915054116104,1.4185934870623886,331.737389434129
64,10,macro,0.8105793291049478,121940,0.0002821327594322887,1910,0.0003,screening,warmup_cosine,1993,99.25373134328358,0.030925819106193495,74.31944899967202,1.3683082678154594,371.7694012168795
64,11,macro,0.683919345394401,134134,0.00027717889620006386,2101,0.0003,screening,warmup_cosine,1993,99.45054945054945,0.02498418390897526,74.22105608396195,1.32862424866103,409.7580348011106
64,12,macro,0.5836703836605811,146328,0.0002716752894299997,2292,0.0003,screening,warmup_cosine,1993,99.45054945054945,0.019410396367189275,75.17218760249263,1.359208534568519,448.69989237748086
64,13,macro,0.5492340817959754,158522,0.00026564601295110105,2483,0.0003,screening,warmup_cosine,1993,99.53255699524357,0.02056013867173485,74.94260413250245,1.3766163544171597,490.91173194907606
64,14,macro,0.6018994506497267,170716,0.00025911743997225444,2674,0.0003,screening,warmup_cosine,1993,99.44234869608005,0.020267216772530263,74.68022302394228,1.3805970454380214,530.4420902580023
64,15,macro,0.4941316811192332,182910,0.00025211812772076665,2865,0.0003,screening,warmup_cosine,1993,99.58176152206003,0.017863875014558668,75.27058051820269,1.3316181541935816,569.3877195250243
64,16,macro,0.1891595723097705,195104,0.00024467869252758835,3056,0.0003,screening,warmup_cosine,1993,99.77037887485649,0.008675331089444604,75.46736634962282,1.3310885631127136,606.7359721455723
64,17,macro,0.10694248770992637,207298,0.00023683167590562477,3247,0.0003,screening,warmup_cosine,1993,99.84418566508118,0.006861452393909546,75.66415218104297,1.3037120772799964,643.3055724408478
64,18,macro,0.0911921037102596,219492,0.0002286114022069326,3438,0.0003,screening,warmup_cosine,1993,99.84418566508118,0.007184460443884931,76.7136766152837,1.2913010429264717,680.991506440565
64,19,macro,0.07793767033486154,231686,0.00022005382848143613,3629,0.0003,screening,warmup_cosine,1993,99.86878792848943,0.004775598212619561,76.64808133814365,1.280487606039826,718.9577904772013
64,20,macro,0.07291874191809095,243880,0.00021119638719391224,3820,0.0003,screening,warmup_cosine,1993,99.87698868295884,0.0033898749311615135,76.38570022958346,1.302252857362141,755.4010293614119
64,21,macro,0.08147200288528976,256074,0.0002020778224872267,4011,0.0003,screening,warmup_cosine,1993,99.8523864195506,0.0061318816973651965,76.4184978681535,1.3077170677597931,793.9741350170225
64,22,macro,0.07450765508826802,268268,0.00019273802070804118,4202,0.0003,screening,warmup_cosine,1993,99.86058717402001,0.0047071192408069465,76.35290259101345,1.2899313276421636,832.2580649778247
64,23,macro,0.05812588641029924,280462,0.00018321783593630092,4393,0.0003,screening,warmup_cosine,1993,99.89339019189765,0.0032821120405580363,76.4184978681535,1.2958680512905902,869.6280245836824
64,24,macro,0.06307045124892964,292656,0.00017355891128167318,4584,0.0003,screening,warmup_cosine,1993,99.88518943742824,0.004510999605736616,76.68087897671367,1.2933711261192515,910.758906994015
64,25,macro,0.05201530879173252,304850,0.00016380349672861746,4775,0.0003,screening,warmup_cosine,1993,99.89339019189765,0.003519881049277099,76.61528369957362,1.2991345569163941,948.563821207732
64,26,macro,0.06364405397398895,317044,0.00015399426432687052,4966,0.0003,screening,warmup_cosine,1993,99.8523864195506,0.0037456577931229396,76.18891439816333,1.3091192161032081,985.9887284245342
64,27,macro,0.052437524482515194,329238,0.0001441741215357358,5157,0.0003,screening,warmup_cosine,1993,99.90979170083648,0.003248561674089574,76.68087897671367,1.2973434670943438,1024.4794744364917
64,28,macro,0.043178428923199196,341432,0.00013438602353864769,5348,0.0003,screening,warmup_cosine,1993,99.9261932097753,0.002521262611544326,76.81206953099377,1.2924585264211563,1065.0324658732861
64,29,macro,0.05284871539669063,353626,0.00012467278534898006,5539,0.0003,screening,warmup_cosine,1993,99.89339019189765,0.0034333425837500047,76.54968842243359,1.303934644659686,1103.4144370891154
64,30,macro,0.05830622513483508,365820,0.00011507689452898662,5730,0.0003,screening,warmup_cosine,1993,99.88518943742824,0.0033111539906862625,76.77927189242375,1.3016326781686074,1141.570675946772
64,31,macro,0.04769438858746176,378014,0.00010564032534107419,5921,0.0003,screening,warmup_cosine,1993,99.87698868295884,0.0025251320254241556,76.61528369957362,1.3114309476687893,1179.3976363036782
64,32,macro,0.04734801482141057,390208,9.640435514434825e-05,6112,0.0003,screening,warmup_cosine,1993,99.91799245530589,0.002886056499205907,76.51689078386356,1.3130237395429503,1221.1090466044843
64,33,macro,0.043571724058421454,402402,8.740938383954664e-05,6303,0.0003,screening,warmup_cosine,1993,99.88518943742824,0.002325993816403262,76.8448671695638,1.306698253327567,1259.1132438369095
64,34,macro,0.052926808688606754,414596,7.86947571521442e-05,6494,0.0003,screening,warmup_cosine,1993,99.86058717402001,0.002755021567967987,76.77927189242375,1.3062531761201963,1296.4945033490658
64,35,macro,0.05303362108515917,426790,7.029859452662159e-05,6685,0.0003,screening,warmup_cosine,1993,99.86878792848943,0.0029141578651635945,77.10724827812398,1.3113368088474193,1334.5589299649
64,36,macro,0.04403140163231953,438984,6.225762238472162e-05,6876,0.0003,screening,warmup_cosine,1993,99.90159094636707,0.0020808217289683584,77.04165300098393,1.3078848543852108,1372.513472110033
64,37,macro,0.040763311267888944,451178,5.4607013477054136e-05,7067,0.0003,screening,warmup_cosine,1993,99.90159094636707,0.0018420134956218463,76.91046244670383,1.3090066631413475,1409.7777421120554
64,38,macro,0.04340306683949375,463372,4.7380233030755056e-05,7258,0.0003,screening,warmup_cosine,1993,99.90159094636707,0.0018846008334567317,77.04165300098393,1.3096638707967616,1451.1153886690736
64,39,macro,0.044114026221195576,475566,4.060889236618019e-05,7449,0.0003,screening,warmup_cosine,1993,99.89339019189765,0.0019004332426827287,77.10724827812398,1.3084958252573686,1490.0221874713898
64,40,macro,0.0406511393628639,487760,3.432261062294169e-05,7640,0.0003,screening,warmup_cosine,1993,99.90159094636707,0.001634948543394044,76.97605772384388,1.3101021969032975,1527.761536328122
64,41,macro,0.04210460555760424,499954,2.8548885200124564e-05,7831,0.0003,screening,warmup_cosine,1993,99.88518943742824,0.0016689835287653776,77.04165300098393,1.3098752380551257,1567.668753201142
64,42,macro,0.04240009245274988,512148,2.331297147740224e-05,8022,0.0003,screening,warmup_cosine,1993,99.86878792848943,0.0016404651062633634,77.04165300098393,1.3107856270054123,1606.2349323872477
64,43,macro,0.0404101500430276,524342,1.8637772343173413e-05,8213,0.0003,screening,warmup_cosine,1993,99.89339019189765,0.0015360125854833803,77.10724827812398,1.3110882817584595,1644.7291352897882
64,44,macro,0.04130324386809928,536536,1.4543738012946509e-05,8404,0.0003,screening,warmup_cosine,1993,99.89339019189765,0.0015540608562796708,77.14004591669399,1.31075191529081,1683.0321380775422
64,45,macro,0.0397806919282863,548730,1.1048776576184351e-05,8595,0.0003,screening,warmup_cosine,1993,99.90979170083648,0.001459106179716471,77.20564119383404,1.3115862567685166,1720.8198470566422
64,46,macro,0.039377164175485244,560924,8.168175662894445e-06,8786,0.0003,screening,warmup_cosine,1993,99.88518943742824,0.0014057003984455987,77.20564119383404,1.3114025595149825,1759.411554818973
64,47,macro,0.03836310349730287,573118,5.9145355726104056e-06,8977,0.0003,screening,warmup_cosine,1993,99.88518943742824,0.0013710489444347881,77.10724827812398,1.31150550754706,1798.0181592181325
64,48,macro,0.03663938305540625,585312,4.297714158271011e-06,9168,0.0003,screening,warmup_cosine,1993,99.91799245530589,0.0012644096751945888,77.17284355526402,1.311326986220908,1835.6611691862345
64,49,macro,0.03766833308076057,597506,3.324783706085385e-06,9359,0.0003,screening,warmup_cosine,1993,99.90979170083648,0.0013096532079456711,77.17284355526402,1.3116753660447873,1873.6296940539032
64,50,macro,0.03642646274108839,609700,2.9999999999999997e-06,9550,0.0003,screening,warmup_cosine,1993,99.91799245530589,0.0012478011933549304,77.14004591669399,1.3115472565247763,1911.6411677543074
128,1,macro,7.693674981594086,12194,1.2e-05,96,3e-05,screening,warmup_cosine,1993,2.771855010660981,5.218339641934558,9.642505739586749,4.436007130924073,37.93042072467506
128,2,macro,6.823199436068535,24388,2.4e-05,192,3e-05,screening,warmup_cosine,1993,29.30949647367558,3.45135264797877,47.78615939652345,2.526220715135854,79.57652117684484
128,3,macro,5.702494169274966,36582,2.9992212200325898e-05,288,3e-05,screening,warmup_cosine,1993,60.85779891750041,1.8543343859186558,64.18497868153493,1.6215769541619371,120.30529341287911
128,4,macro,4.942881469925244,48776,2.992795934745722e-05,384,3e-05,screening,warmup_cosine,1993,74.11021814006888,1.1835283645747507,68.67825516562807,1.3565520539601228,159.0129830967635
128,5,macro,4.450228010614713,60970,2.9799057897226663e-05,480,3e-05,screening,warmup_cosine,1993,81.53190093488601,0.8561201940232738,71.33486388979993,1.2254879639632743,197.51774001307786
128,6,macro,4.032650180160999,73164,2.9606071750086196e-05,576,3e-05,screening,warmup_cosine,1993,86.67377398720683,0.636844833502911,72.41718596261069,1.162890108032827,236.316620208323
128,7,macro,3.6742614010969796,85358,2.934984515546361e-05,672,3e-05,screening,warmup_cosine,1993,90.6839429227489,0.47739415382271383,73.76188914398163,1.1224098218077712,274.4267417639494
128,8,macro,3.2601221750179925,97552,2.9031499018455444e-05,768,3e-05,screening,warmup_cosine,1993,93.88223716581926,0.3518715242645829,73.79468678255165,1.1125700097664257,312.62168169394135
128,9,macro,2.812136826415857,109746,2.8652425996244566e-05,864,3e-05,screening,warmup_cosine,1993,96.66229293094965,0.2533101426669373,74.58183010823221,1.09705646298447,352.1417962163687
128,10,macro,2.358375829954942,121940,2.8214284405693763e-05,960,3e-05,screening,warmup_cosine,1993,98.26964080695424,0.17983177272495685,74.54903246966218,1.0997877161633425,390.33491706848145
128,11,macro,1.8734080431361992,134134,2.7718990968767763e-05,1056,3e-05,screening,warmup_cosine,1993,99.27833360669182,0.12293808501686095,75.1393899639226,1.0934598978404806,427.78288401663303
128,12,macro,1.415397860109806,146328,2.7168712427519842e-05,1152,3e-05,screening,warmup_cosine,1993,99.66376906675414,0.08319150261631046,74.90980649393244,1.100272599342574,465.7330569010228
128,13,macro,1.0646770158782601,158522,2.6565856065324765e-05,1248,3e-05,screening,warmup_cosine,1993,99.81138264720354,0.057565037492886904,75.20498524106264,1.1041095291993468,503.98202590085566
128,14,macro,0.7637846088036895,170716,2.5913059175824377e-05,1344,3e-05,screening,warmup_cosine,1993,99.86058717402001,0.03963484888450619,75.23778287963266,1.1078534262342192,543.1348080914468
128,15,macro,0.6158675383776426,182910,2.5213177525655753e-05,1440,3e-05,screening,warmup_cosine,1993,99.87698868295884,0.030093284196417235,75.04099704821253,1.1047092611651297,581.1196355968714
128,16,macro,0.5013233969608942,195104,2.4469272861433493e-05,1536,3e-05,screening,warmup_cosine,1993,99.86878792848943,0.02392483595376799,75.36897343391276,1.1111053311656678,618.841793525964
128,17,macro,0.4211052382985751,207298,2.368459951563896e-05,1632,3e-05,screening,warmup_cosine,1993,99.89339019189765,0.01972346199679144,74.94260413250245,1.1161322976847718,656.2956266403198
128,18,macro,0.4087166069075465,219492,2.286259017001125e-05,1728,3e-05,screening,warmup_cosine,1993,99.84418566508118,0.01853033574229286,75.36897343391276,1.1127569524527925,694.1984267011285
128,19,macro,0.3530111696260671,231686,2.200684083872008e-05,1824,3e-05,screening,warmup_cosine,1993,99.86058717402001,0.015519353372455915,75.33617579534274,1.1153707757626412,733.0918973311782
128,20,macro,0.32422563387081027,243880,2.112109513701441e-05,1920,3e-05,screening,warmup_cosine,1993,99.88518943742824,0.014003107180962196,75.66415218104297,1.1181394802855444,782.3931330367923
128,21,macro,0.31260463952397305,256074,2.0209227904165882e-05,2016,3e-05,screening,warmup_cosine,1993,99.87698868295884,0.01337053828773605,75.59855690390292,1.121427191324256,821.8141268547624
128,22,macro,0.2745556579902768,268268,1.92752282523515e-05,2112,3e-05,screening,warmup_cosine,1993,99.88518943742824,0.011491990419847371,75.79534273532306,1.122102186303719,865.7991994060576
128,23,macro,0.25912724815619487,280462,1.832318211563065e-05,2208,3e-05,screening,warmup_cosine,1993,99.87698868295884,0.010707044231905318,75.69694981961298,1.1219302559336821,903.731881679967
128,24,macro,0.2556341988965869,292656,1.7357254375359135e-05,2304,3e-05,screening,warmup_cosine,1993,99.87698868295884,0.010422540694470286,75.59855690390292,1.1274964760154456,945.3887566439807
128,25,macro,0.23899158431837955,304850,1.6381670640235227e-05,2400,3e-05,screening,warmup_cosine,1993,99.90159094636707,0.009634452216523934,75.86093801246311,1.1318433817271993,983.7062964551151
128,26,macro,0.23966695934844515,317044,1.540069876068415e-05,2496,3e-05,screening,warmup_cosine,1993,99.86878792848943,0.009043258028732707,75.4345687110528,1.1346451511301734,1023.0645370688289
128,27,macro,0.21917626727372408,329238,1.4418630158449134e-05,2592,3e-05,screening,warmup_cosine,1993,99.89339019189765,0.008477220862580848,75.33617579534274,1.1363365408552402,1062.679733240977
128,28,macro,0.2018727452183763,341432,1.3439761053065982e-05,2688,3e-05,screening,warmup_cosine,1993,99.90979170083648,0.0077135917181184255,75.63135454247295,1.1311641904556309,1101.2640950959176
128,29,macro,0.2087502674354861,353626,1.2468373667348804e-05,2784,3e-05,screening,warmup_cosine,1993,99.88518943742824,0.008060950890356975,75.46736634962282,1.1405985711167468,1140.517938427627
128,30,macro,0.2121983931089441,365820,1.1508717494106812e-05,2880,3e-05,screening,warmup_cosine,1993,99.86878792848943,0.007759267313667687,75.69694981961298,1.1436894855643147,1187.9360540565103
128,31,macro,0.19172970003758869,378014,1.0564990706043755e-05,2976,3e-05,screening,warmup_cosine,1993,99.87698868295884,0.00689042157103864,75.63135454247295,1.143234529429555,1225.9176451731473
128,32,macro,0.18710348918102682,390208,9.641321790165636e-06,3072,3e-05,screening,warmup_cosine,1993,99.87698868295884,0.006672911601358307,75.66415218104297,1.1437285183374513,1264.3655041009188
128,33,macro,0.17083584136950472,402402,8.741751487039824e-06,3168,3e-05,screening,warmup_cosine,1993,99.90159094636707,0.006151056170404906,75.50016398819285,1.143948399539696,1302.6227763090283
128,34,macro,0.1918363927397877,414596,7.870215113915356e-06,3264,3e-05,screening,warmup_cosine,1993,99.86878792848943,0.006352217955649515,75.59855690390292,1.1450738278167214,1341.0486547444016
128,35,macro,0.19627338026960692,426790,7.03052534903471e-06,3360,3e-05,screening,warmup_cosine,1993,99.86878792848943,0.006350832873531027,75.59855690390292,1.1440370509021593,1379.292248448357
128,36,macro,0.16593329173823199,438984,6.2263555524499845e-06,3456,3e-05,screening,warmup_cosine,1993,99.90159094636707,0.005774989653282797,75.76254509675303,1.143169598252549,1417.5124088823795
128,37,macro,0.15116173952507475,451178,5.461223696309297e-06,3552,3e-05,screening,warmup_cosine,1993,99.90979170083648,0.005193752608612871,75.72974745818301,1.1453902475088689,1456.0600151289254
128,38,macro,0.1667518640945976,463372,4.738476974912833e-06,3648,3e-05,screening,warmup_cosine,1993,99.87698868295884,0.005296330295939396,75.63135454247295,1.145833083941296,1494.5128434039652
128,39,macro,0.16725776445431015,475566,4.0612771618646225e-06,3744,3e-05,screening,warmup_cosine,1993,99.90159094636707,0.005377270646695135,75.53296162676287,1.1471939374674105,1534.5745064802468
128,40,macro,0.16010760162801793,487760,3.4325867783773617e-06,3840,3e-05,screening,warmup_cosine,1993,99.87698868295884,0.005183443781468093,75.5657592653329,1.1476003409761333,1573.0818181391805
128,41,macro,0.1596967636529977,499954,2.855156133239421e-06,3936,3e-05,screening,warmup_cosine,1993,99.89339019189765,0.005035408123489363,75.63135454247295,1.1478968977185302,1612.7136765848845
128,42,macro,0.14572232658974826,512148,2.3315112911397185e-06,4032,3e-05,screening,warmup_cosine,1993,99.9343939642447,0.004706703543135117,75.5657592653329,1.1494027422701347,1668.5300668757409
128,43,macro,0.1514523101892943,524342,1.8639430219850847e-06,4128,3e-05,screening,warmup_cosine,1993,99.88518943742824,0.0048239555186045955,75.53296162676287,1.1494152185446944,1726.796383207664
128,44,macro,0.15264064578029016,536536,1.4544967795530696e-06,4224,3e-05,screening,warmup_cosine,1993,99.90159094636707,0.00477191835656525,75.53296162676287,1.1490789596742785,1790.4072500448674
128,45,macro,0.14308413521697125,548730,1.104963753320247e-06,4320,3e-05,screening,warmup_cosine,1993,99.90159094636707,0.004539289786539176,75.53296162676287,1.1494668989972858,1847.0768148768693
128,46,macro,0.150014079719161,560924,8.168730326112175e-07,4416,3e-05,screening,warmup_cosine,1993,99.86878792848943,0.004682714418639936,75.5657592653329,1.1496895539561192,1898.9083791803569
128,47,macro,0.1407684371030579,573118,5.914849173475656e-07,4512,3e-05,screening,warmup_cosine,1993,99.94259471871412,0.004496881106221639,75.5657592653329,1.1499042204459327,1943.8490716479719
128,48,macro,0.13523608120158315,585312,4.2978540465996677e-07,4608,3e-05,screening,warmup_cosine,1993,99.95079547318353,0.004356797169286031,75.46736634962282,1.1500709473637136,1991.7697800025344
128,49,macro,0.15267880357957134,597506,3.3248187548266457e-07,4704,3e-05,screening,warmup_cosine,1993,99.90159094636707,0.00453913745595448,75.53296162676287,1.1496111831339746,2035.4466507676989
128,50,macro,0.1308975153369829,609700,3.0000000000000004e-07,4800,3e-05,screening,warmup_cosine,1993,99.95899622765295,0.004280900083175542,75.5657592653329,1.1499624242935855,2079.0849121697247
128,1,macro,7.319801290829976,12194,4e-05,96,0.0001,screening,warmup_cosine,1993,12.65376414630146,4.532685462384805,42.5713348638898,2.8344018722839457,41.336831187829375
128,2,macro,5.573273440202077,24388,8e-05,192,0.0001,screening,warmup_cosine,1993,60.81679514515336,1.800270816351872,67.92390947851754,1.3925649343298552,83.58898324333131
128,3,macro,4.457785015304883,36582,9.9974040667753e-05,288,0.0001,screening,warmup_cosine,1993,78.59603083483681,0.9025790882595488,71.95801902263037,1.1682336606444512,123.1090125516057
128,4,macro,3.5539649054408073,48776,9.975986449152407e-05,384,0.0001,screening,warmup_cosine,1993,89.23240938166312,0.47090246037262196,72.87635290259101,1.1262833772623644,163.21609406732023
128,5,macro,2.58788829917709,60970,9.933019299075554e-05,480,0.0001,screening,warmup_cosine,1993,95.98163030998852,0.22135452772919148,73.92587733683175,1.1068314451903896,203.31785810925066
128,6,macro,1.6712824429074924,73164,9.868690583362066e-05,576,0.0001,screening,warmup_cosine,1993,98.78628833852714,0.09594740850213357,73.95867497540178,1.1313953881343493,243.51839162409306
128,7,macro,1.0718449912965298,85358,9.78328171848787e-05,672,0.0001,screening,warmup_cosine,1993,99.43414794161063,0.05063129261280252,75.1393899639226,1.1288372726665634,285.04227045178413
128,8,macro,0.6449393319586912,97552,9.677166339485149e-05,768,0.0001,screening,warmup_cosine,1993,99.66376906675414,0.02829384788130275,75.69694981961298,1.1344226012663123,324.1927289031446
128,9,macro,0.46652866527438164,109746,9.550808665414856e-05,864,0.0001,screening,warmup_cosine,1993,99.72117434804002,0.02042844002415396,75.36897343391276,1.134364867843773,364.78719002380967
128,10,macro,0.3824718455628802,121940,9.404761468564588e-05,960,0.0001,screening,warmup_cosine,1993,99.7785796293259,0.013042944746954393,75.59855690390292,1.1201685889504627,405.2873967718333
128,11,macro,0.26321796580062556,134134,9.239663656255922e-05,1056,0.0001,screening,warmup_cosine,1993,99.79498113826472,0.010220309564553852,76.45129550672351,1.1182515628222913,447.1918708756566
128,12,macro,0.18802981676223376,146328,9.056237475839947e-05,1152,0.0001,screening,warmup_cosine,1993,99.8523864195506,0.00945199902612537,76.18891439816333,1.130541227496464,487.1291460040957
128,13,macro,0.16079814627300948,158522,8.855285355108254e-05,1248,0.0001,screening,warmup_cosine,1993,99.88518943742824,0.007574583167460428,76.25450967530338,1.1223883949447437,526.8365363124758
128,14,macro,0.13144076716465256,170716,8.637686391941459e-05,1344,0.0001,screening,warmup_cosine,1993,99.86878792848943,0.00613251201868331,76.4184978681535,1.1284492958096373,568.3604733813554
128,15,macro,0.1581301211651104,182910,8.404392508551918e-05,1440,0.0001,screening,warmup_cosine,1993,99.84418566508118,0.007349538689698277,76.18891439816333,1.1339355273573624,608.8977600354701
128,16,macro,0.12500321042413512,195104,8.156424287144497e-05,1536,0.0001,screening,warmup_cosine,1993,99.84418566508118,0.005179682002021423,75.92653328960314,1.1550542619354258,649.593655327335
128,17,macro,0.16677890597687414,207298,7.894866505212988e-05,1632,0.0001,screening,warmup_cosine,1993,99.83598491061177,0.0071419099911287295,76.32010495244343,1.1703843541831882,690.0318749919534
128,18,macro,0.18286026626204452,219492,7.62086339000375e-05,1728,0.0001,screening,warmup_cosine,1993,99.81958340167296,0.0077866666215706095,76.32010495244343,1.1446511458474795,729.9201882798225
128,19,macro,0.10251609763751428,231686,7.335613612906694e-05,1824,0.0001,screening,warmup_cosine,1993,99.86878792848943,0.004704617800938608,76.35290259101345,1.1445340950710339,772.0271728262305
128,20,macro,0.09532968325462814,243880,7.04036504567147e-05,1920,0.0001,screening,warmup_cosine,1993,99.88518943742824,0.003895932540593234,76.5824860610036,1.1465362393687928,814.5084201954305
128,21,macro,0.1045595789522243,256074,6.736409301388628e-05,2016,0.0001,screening,warmup_cosine,1993,99.86878792848943,0.005393304745838528,76.54968842243359,1.1436981058542983,855.0608507692814
128,22,macro,0.08782548919164886,268268,6.425076084117167e-05,2112,0.0001,screening,warmup_cosine,1993,99.87698868295884,0.003880517725594927,76.38570022958346,1.1470574541301484,894.6889846604317
128,23,macro,0.08630236553532693,280462,6.107727371876884e-05,2208,0.0001,screening,warmup_cosine,1993,99.87698868295884,0.003823538686440424,76.38570022958346,1.150255268931428,934.1276558414102
128,24,macro,0.08530682002310641,292656,5.785751458453045e-05,2304,0.0001,screening,warmup_cosine,1993,99.87698868295884,0.004596156977778168,76.1561167595933,1.1560644523242765,973.242640607059
128,25,macro,0.07536817172270578,304850,5.460556880078409e-05,2400,0.0001,screening,warmup_cosine,1993,99.90979170083648,0.004163365677299706,76.4184978681535,1.1567897865443044,1012.2786029782146
128,26,macro,0.08419886405075279,317044,5.133566253561384e-05,2496,0.0001,screening,warmup_cosine,1993,99.88518943742824,0.0037869929055102405,76.2873073138734,1.1593249625321411,1051.8504948802292
128,27,macro,0.07552717310803321,329238,4.8062100528163784e-05,2592,0.0001,screening,warmup_cosine,1993,99.90979170083648,0.0035437532227528532,76.05772384388324,1.1565799744413032,1090.883298061788
128,28,macro,0.06458080252438474,341432,4.4799203510219936e-05,2688,0.0001,screening,warmup_cosine,1993,99.9261932097753,0.003110384929369801,76.35290259101345,1.152606197168257,1130.6553625371307
128,29,macro,0.07474323833594099,353626,4.156124555782935e-05,2784,0.0001,screening,warmup_cosine,1993,99.89339019189765,0.0035895570117918532,76.2873073138734,1.1655539477915402,1172.4205582831055
128,30,macro,0.07840421338914894,365820,3.836239164702271e-05,2880,0.0001,screening,warmup_cosine,1993,99.86058717402001,0.0036234610272720836,76.45129550672351,1.1670970084746184,1211.4098945800215
128,31,macro,0.06651429455572118,378014,3.521663568681252e-05,2976,0.0001,screening,warmup_cosine,1993,99.88518943742824,0.0027449965985344923,76.25450967530338,1.1669904171501702,1250.5959833357483
128,32,macro,0.06611568329390138,390208,3.213773930055212e-05,3072,0.0001,screening,warmup_cosine,1993,99.87698868295884,0.0028229441254847124,76.45129550672351,1.1678945542007402,1289.8109366744757
128,33,macro,0.06072390750826647,402402,2.9139171623466083e-05,3168,0.0001,screening,warmup_cosine,1993,99.89339019189765,0.0024422447525401067,76.4184978681535,1.1671877992704447,1329.6826593317091
128,34,macro,0.07342041402201478,414596,2.6234050379717857e-05,3264,0.0001,screening,warmup_cosine,1993,99.87698868295884,0.002906827227060807,76.32010495244343,1.1693108315622662,1370.1682664975524
128,35,macro,0.07888827216811478,426790,2.3435084496782365e-05,3360,0.0001,screening,warmup_cosine,1993,99.8523864195506,0.003062808398283836,76.38570022958346,1.1702121398065004,1409.5858434401453
128,36,macro,0.060440830634130784,438984,2.0754518508166614e-05,3456,0.0001,screening,warmup_cosine,1993,99.90979170083648,0.0024442471342632686,76.45129550672351,1.169382712769876,1449.1834932118654
128,37,macro,0.055820016151604555,451178,1.820407898769766e-05,3552,0.0001,screening,warmup_cosine,1993,99.90159094636707,0.0021719493806528346,76.25450967530338,1.1702689073561996,1489.0044363178313
128,38,macro,0.0613401700296284,463372,1.5794923249709446e-05,3648,0.0001,screening,warmup_cosine,1993,99.89339019189765,0.0020597563604067364,76.4184978681535,1.170626845818029,1531.6305468380451
128,39,macro,0.06113168903781722,475566,1.3537590539548742e-05,3744,0.0001,screening,warmup_cosine,1993,99.89339019189765,0.0021596199492069272,76.32010495244343,1.1721963929363688,1569.7421837318689
128,40,macro,0.05746810101360703,487760,1.1441955927924538e-05,3840,0.0001,screening,warmup_cosine,1993,99.90979170083648,0.001995402896171596,76.54968842243359,1.1724889448096456,1609.6304834149778
128,41,macro,0.05843085905750437,499954,9.51718711079807e-06,3936,0.0001,screening,warmup_cosine,1993,99.87698868295884,0.0019484540468672367,76.4184978681535,1.1728381191014696,1655.3246958479285
128,42,macro,0.05444898023173058,512148,7.771704303799061e-06,4032,0.0001,screening,warmup_cosine,1993,99.90159094636707,0.0018196399532147307,76.45129550672351,1.174036644685069,1698.8531768042594
128,43,macro,0.0569090265489649,524342,6.213143406616949e-06,4128,0.0001,screening,warmup_cosine,1993,99.90159094636707,0.0019000385635423527,76.45129550672351,1.1736624027401081,1740.300764663145
128,44,macro,0.05744406519806944,536536,4.848322598510232e-06,4224,0.0001,screening,warmup_cosine,1993,99.89339019189765,0.0018684812035544185,76.4184978681535,1.1737738409445848,1782.4139534141868
128,45,macro,0.053080471843713894,548730,3.6832125110674902e-06,4320,0.0001,screening,warmup_cosine,1993,99.91799245530589,0.0016938089366347864,76.4184978681535,1.1742348800764275,1825.9919455628842
128,46,macro,0.05611444159876555,560924,2.7229101087040585e-06,4416,0.0001,screening,warmup_cosine,1993,99.88518943742824,0.0018476952641483836,76.45129550672351,1.1743431816964354,1864.9825744628906
128,47,macro,0.053437651852921896,573118,1.971616391158552e-06,4512,0.0001,screening,warmup_cosine,1993,99.94259471871412,0.0017133378212190328,76.38570022958346,1.174447168166929,1905.2433572318405
128,48,macro,0.051795845594218314,585312,1.4326180155332226e-06,4608,0.0001,screening,warmup_cosine,1993,99.9343939642447,0.0016395874897026323,76.38570022958346,1.1748872959015604,1944.8417754676193
128,49,macro,0.05855007485176126,597506,1.1082729182755486e-06,4704,0.0001,screening,warmup_cosine,1993,99.87698868295884,0.0017820435292176854,76.32010495244343,1.174519782537083,1983.1533010192215
128,50,macro,0.051076477194631785,609700,1.0000000000000002e-06,4800,0.0001,screening,warmup_cosine,1993,99.9343939642447,0.0016468217065143881,76.32010495244343,1.1750691564953417,2021.7916978280991
128,1,macro,6.6399813542763395,12194,0.00012,96,0.0003,screening,warmup_cosine,1993,30.022962112514353,3.5205338152584646,63.49622827156445,1.5978580798896347,41.359830202534795
128,2,macro,4.566627271473408,24388,0.00024,192,0.0003,screening,warmup_cosine,1993,73.9790060685583,1.0938912134043834,71.43325680551,1.214200558760941,79.87837435863912
128,3,macro,3.464757040143013,36582,0.00029992212200325894,288,0.0003,screening,warmup_cosine,1993,85.35345251763162,0.5658373612936782,72.08920957691046,1.234525259536538,119.78073563054204
128,4,macro,2.473681028932333,48776,0.00029927959347457217,384,0.0003,screening,warmup_cosine,1993,93.24257831720519,0.26521203313398617,72.51557887832077,1.291413011610332,157.83092914521694
128,5,macro,1.7723873543242614,60970,0.0002979905789722666,480,0.0003,screening,warmup_cosine,1993,96.58848614072495,0.1364533461389609,74.74581830108232,1.1987455974214778,196.27916386164725
128,6,macro,1.4342825002968311,73164,0.00029606071750086195,576,0.0003,screening,warmup_cosine,1993,97.81859931113662,0.09115045073972054,73.17153164972122,1.3121873599734608,234.05166719853878
128,7,macro,1.1558741061016917,85358,0.0002934984515546361,672,0.0003,screening,warmup_cosine,1993,98.44185665081187,0.06930276799909753,74.12266316825189,1.261964629696564,271.70448264479637
128,8,macro,0.931493557523936,97552,0.0002903149901845544,768,0.0003,screening,warmup_cosine,1993,98.84369361981302,0.0474711559103105,74.48343719252213,1.2647039313987265,313.53021191060543
128,9,macro,0.735451328024889,109746,0.00028652425996244564,864,0.0003,screening,warmup_cosine,1993,99.19632606199771,0.03365989338086632,74.84421121679239,1.2863958039100774,352.03318574652076
128,10,macro,0.5772261486854404,121940,0.0002821428440569376,960,0.0003,screening,warmup_cosine,1993,99.44234869608005,0.021877170293394105,75.04099704821253,1.26444697919616,390.5063118506223
128,11,macro,0.3457803512380148,134134,0.0002771899096876776,1056,0.0003,screening,warmup_cosine,1993,99.71297359357061,0.013532361457127712,75.99212856674319,1.2332107141081252,427.824123384431
128,12,macro,0.17291222260488817,146328,0.00027168712427519837,1152,0.0003,screening,warmup_cosine,1993,99.81958340167296,0.007758149509060787,76.22171203673335,1.237257434798679,466.6227502040565
128,13,macro,0.15262028448826945,158522,0.0002656585606532476,1248,0.0003,screening,warmup_cosine,1993,99.8523864195506,0.007882051591464921,76.97605772384388,1.207721261049185,505.620098143816
128,14,macro,0.11062615526801285,170716,0.00025913059175824375,1344,0.0003,screening,warmup_cosine,1993,99.8523864195506,0.005408270546348638,77.17284355526402,1.1901198837865803,543.5998503584415
128,15,macro,0.11361981644101131,182910,0.0002521317752565575,1440,0.0003,screening,warmup_cosine,1993,99.86058717402001,0.005980646686513286,77.04165300098393,1.2091108230185454,582.1682337839156
128,16,macro,0.14621020655613393,195104,0.0002446927286143349,1536,0.0003,screening,warmup_cosine,1993,99.81138264720354,0.005064235586836159,76.94326008527386,1.2293920495072987,626.2785492762923
128,17,macro,0.1266996433356932,207298,0.0002368459951563896,1632,0.0003,screening,warmup_cosine,1993,99.82778415614237,0.007485467008788096,77.07445063955396,1.225730190358423,669.8590151108801
128,18,macro,0.11805724475804406,219492,0.00022862590170011246,1728,0.0003,screening,warmup_cosine,1993,99.80318189273413,0.006795956323200393,77.23843883240407,1.2024090029678018,714.124143242836
128,19,macro,0.09904483690237005,231686,0.00022006840838720081,1824,0.0003,screening,warmup_cosine,1993,99.86058717402001,0.005212931979459212,77.27123647097409,1.199209449094958,761.1858461052179
128,20,macro,0.09763930071494542,243880,0.00021121095137014407,1920,0.0003,screening,warmup_cosine,1993,99.86878792848943,0.003981439260179652,77.46802230239423,1.2051166948548064,802.9012010283768
128,21,macro,0.08574809382359187,256074,0.0002020922790416588,2016,0.0003,screening,warmup_cosine,1993,99.86878792848943,0.004981469937928763,77.5664152181043,1.1942873473400442,846.8292063586414
128,22,macro,0.061793910358877234,268268,0.00019275228252351497,2112,0.0003,screening,warmup_cosine,1993,99.87698868295884,0.003193039874160839,77.63201049524434,1.1925904075995395,886.3033806923777
128,23,macro,0.05992759316238031,280462,0.00018323182115630648,2208,0.0003,screening,warmup_cosine,1993,99.88518943742824,0.0032305217227213143,77.63201049524434,1.198539768918376,930.5292354226112
128,24,macro,0.06060305693487559,292656,0.00017357254375359132,2304,0.0003,screening,warmup_cosine,1993,99.87698868295884,0.004273444907829882,77.59921285667431,1.194337541449457,973.195027237758
128,25,macro,0.05167370836716145,304850,0.00016381670640235225,2400,0.0003,screening,warmup_cosine,1993,99.90979170083648,0.0037360133666454113,77.8615939652345,1.195860496463444,1012.7897778749466
128,26,macro,0.059422612782024466,317044,0.00015400698760684148,2496,0.0003,screening,warmup_cosine,1993,99.87698868295884,0.003137247306666688,77.79599868809446,1.1960664275592567,1057.3986825738102
128,27,macro,0.05213158301921794,329238,0.00014418630158449133,2592,0.0003,screening,warmup_cosine,1993,99.90979170083648,0.0032554925103959477,77.92718924237455,1.1864851816789797,1105.9258313253522
128,28,macro,0.04397320118247686,341432,0.0001343976105306598,2688,0.0003,screening,warmup_cosine,1993,99.9261932097753,0.0024220805412944425,77.82879632666447,1.1851788962149314,1144.9615274108946
128,29,macro,0.05455787184473593,353626,0.00012468373667348802,2784,0.0003,screening,warmup_cosine,1993,99.87698868295884,0.00333081871364006,77.79599868809446,1.1947010286755935,1190.34382622689
128,30,macro,0.056336465357162524,365820,0.00011508717494106812,2880,0.0003,screening,warmup_cosine,1993,99.86878792848943,0.003118489831514939,77.9927845195146,1.1912869697087864,1231.6259151548147
128,31,macro,0.04788850015271843,378014,0.00010564990706043753,2976,0.0003,screening,warmup_cosine,1993,99.89339019189765,0.002350307418143767,77.92718924237455,1.1956162895285212,1274.032447880134
128,32,macro,0.04828713121726954,390208,9.641321790165635e-05,3072,0.0003,screening,warmup_cosine,1993,99.88518943742824,0.002548842424640152,77.73040341095441,1.1945693972228824,1313.1919483374804
128,33,macro,0.04437050770745069,402402,8.741751487039824e-05,3168,0.0003,screening,warmup_cosine,1993,99.89339019189765,0.002073748240377818,78.09117743522467,1.1901736573807018,1354.6068837177008
128,34,macro,0.05366722218847523,414596,7.870215113915355e-05,3264,0.0003,screening,warmup_cosine,1993,99.86878792848943,0.0024585852236635904,77.8615939652345,1.1914319407161864,1404.9121807385236
128,35,macro,0.05899396813765634,426790,7.030525349034709e-05,3360,0.0003,screening,warmup_cosine,1993,99.86058717402001,0.0026560601434180518,78.05837979665463,1.1917953028292607,1447.6524875685573
128,36,macro,0.04398301855447547,438984,6.226355552449984e-05,3456,0.0003,screening,warmup_cosine,1993,99.90979170083648,0.002165029894353445,77.9927845195146,1.190713963144214,1493.8497800789773
128,37,macro,0.03957960647191309,451178,5.461223696309297e-05,3552,0.0003,screening,warmup_cosine,1993,99.90979170083648,0.0017526420155607014,77.9927845195146,1.1927508801153426,1540.2902703788131
128,38,macro,0.04596884949690624,463372,4.738476974912833e-05,3648,0.0003,screening,warmup_cosine,1993,99.89339019189765,0.001717321341284498,77.9927845195146,1.1912778339529866,1578.8041168320924
128,39,macro,0.045164509779472915,475566,4.061277161864622e-05,3744,0.0003,screening,warmup_cosine,1993,99.90159094636707,0.0018169710494190508,78.05837979665463,1.1918392150118218,1617.5796530433
128,40,macro,0.04157151951100483,487760,3.432586778377361e-05,3840,0.0003,screening,warmup_cosine,1993,99.90979170083648,0.001573362115056315,77.95998688094457,1.1924210407961466,1655.9348697606474
128,41,macro,0.043495320574341655,499954,2.8551561332394207e-05,3936,0.0003,screening,warmup_cosine,1993,99.88518943742824,0.001610416837729488,77.95998688094457,1.1925247345020749,1698.3783003706485
128,42,macro,0.040523282732465304,512148,2.331511291139718e-05,4032,0.0003,screening,warmup_cosine,1993,99.89339019189765,0.001519480004982419,77.89439160380452,1.1935682037143325,1741.7473792433739
128,43,macro,0.042319717085774755,524342,1.8639430219850846e-05,4128,0.0003,screening,warmup_cosine,1993,99.89339019189765,0.0015826744780650741,77.95998688094457,1.1928320021737244,1780.662661511451
128,44,macro,0.043603724120960884,536536,1.4544967795530693e-05,4224,0.0003,screening,warmup_cosine,1993,99.87698868295884,0.0015988387161343727,77.9927845195146,1.193175704020209,1820.837137389928
128,45,macro,0.04010353516423493,548730,1.104963753320247e-05,4320,0.0003,screening,warmup_cosine,1993,99.91799245530589,0.0014074858200438633,77.95998688094457,1.1937942229634075,1858.7252530865371
128,46,macro,0.04092261135034884,560924,8.168730326112175e-06,4416,0.0003,screening,warmup_cosine,1993,99.86878792848943,0.0014800948159741987,77.95998688094457,1.193596880879313,1896.9635070376098
128,47,macro,0.03934548050407708,573118,5.914849173475655e-06,4512,0.0003,screening,warmup_cosine,1993,99.9261932097753,0.0013852313989417483,77.89439160380452,1.1937986444590247,1935.2159695215523
128,48,macro,0.038004769282755056,585312,4.2978540465996675e-06,4608,0.0003,screening,warmup_cosine,1993,99.9261932097753,0.0013030417360046446,77.9927845195146,1.1936916840510432,1973.0381450708956
128,49,macro,0.04316105622516867,597506,3.3248187548266453e-06,4704,0.0003,screening,warmup_cosine,1993,99.88518943742824,0.0014344107054756845,78.05837979665463,1.1937203524581093,2011.3558543268591
128,50,macro,0.037205405419323746,609700,2.9999999999999997e-06,4800,0.0003,screening,warmup_cosine,1993,99.91799245530589,0.0013060770074676369,77.95998688094457,1.194068366951847,2050.743037758395
512,1,macro,4.764680564403534,12194,1.2e-05,24,3e-05,screening,warmup_cosine,1993,1.320321469575201,5.467154056298179,2.492620531321745,5.081161343883241,42.3028584625572
512,2,macro,4.182620565096538,24388,2.4e-05,48,3e-05,screening,warmup_cosine,1993,8.766606527800558,4.541983538266771,19.41620203345359,3.911352851344703,80.96994837746024
512,3,macro,3.636745889981588,36582,2.9993165593440035e-05,72,3e-05,screening,warmup_cosine,1993,35.033623093324586,3.220964253760174,45.78550344375205,2.6691760410047354,119.23654712364078
512,4,macro,3.1260108749071756,48776,2.9930857108560283e-05,96,3e-05,screening,warmup_cosine,1993,55.494505494505496,2.1529301315990845,57.75664152181043,1.983138334950528,155.75872158259153
512,5,macro,2.7779552042484283,60970,2.9803802197340197e-05,120,3e-05,screening,warmup_cosine,1993,66.26209611284239,1.579703577976061,63.88979993440472,1.6575456833831597,193.5074949786067
512,6,macro,2.547577212254206,73164,2.9612557414206237e-05,144,3e-05,screening,warmup_cosine,1993,73.1015253403313,1.2581807005614634,66.90718268284684,1.4779837893907968,232.43853310123086
512,7,macro,2.394681324561437,85358,2.9357960492462573e-05,168,3e-05,screening,warmup_cosine,1993,77.73495161554862,1.0452704245836515,69.20301738274844,1.36729145894562,270.5367230474949
512,8,macro,2.2680665949980416,97552,2.9041126674663762e-05,192,3e-05,screening,warmup_cosine,1993,81.07265868459898,0.8840695021874752,70.21974417841915,1.2937668299588974,307.91476454399526
512,9,macro,2.1419379115104675,109746,2.866344382737907e-05,216,3e-05,screening,warmup_cosine,1993,84.1561423650976,0.7580408220195723,71.10528041980977,1.2435437919038677,347.4880396965891
512,10,macro,2.0534182439247766,121940,2.8226566361748004e-05,240,3e-05,screening,warmup_cosine,1993,86.76398228637035,0.6530228605891362,71.8596261069203,1.1987356234081614,396.15201307460666
512,11,macro,1.956748217344284,134134,2.7732407986457445e-05,264,3e-05,screening,warmup_cosine,1993,89.24061013613253,0.5610202902239699,72.44998360118072,1.1757752120436196,445.0201216340065
512,12,macro,1.848419611652692,146328,2.7183133324885532e-05,288,3e-05,screening,warmup_cosine,1993,91.02017385599476,0.4815507544363759,72.84355526402099,1.1514274507086564,493.848638670519
512,13,macro,1.7510215292374294,158522,2.6581148433132734e-05,312,3e-05,screening,warmup_cosine,1993,92.86534361161227,0.4160519864728495,73.30272220400131,1.138564267757487,541.3289231117815
512,14,macro,1.639319747686386,170716,2.5929090260475094e-05,336,3e-05,screening,warmup_cosine,1993,94.74331638510743,0.35337276601079687,73.72909150541162,1.1265019685489384,589.1684399358928
512,15,macro,1.5325745791196823,182910,2.522981509840746e-05,360,3e-05,screening,warmup_cosine,1993,95.8258159750697,0.3059287497464293,73.95867497540178,1.1174862875082956,635.1317564491183
512,16,macro,1.4342161466677983,195104,2.4486386068874646e-05,384,3e-05,screening,warmup_cosine,1993,96.94931933737904,0.2601508865087408,74.48343719252213,1.1089284864946756,681.5589941106737
512,17,macro,1.3110147068897884,207298,2.3702059706497492e-05,408,3e-05,screening,warmup_cosine,1993,97.96621289158603,0.22069155139494512,74.4178419153821,1.1041745854894152,725.8858805503696
512,18,macro,1.1984028369188309,219492,2.2880271693569367e-05,432,3e-05,screening,warmup_cosine,1993,98.61407249466951,0.18794471130070772,74.286651361102,1.0996065511981867,772.9463268518448
512,19,macro,1.1022488127152126,231686,2.202462181030975e-05,456,3e-05,screening,warmup_cosine,1993,99.08971625389536,0.15984147936667853,74.61462774680223,1.098563188332032,816.5151750314981
512,20,macro,0.9790868783990542,243880,2.1138858166299334e-05,480,3e-05,screening,warmup_cosine,1993,99.4833524684271,0.13553033873001358,74.54903246966218,1.100371269759056,856.3046111408621
512,21,macro,0.8840835317969322,256074,2.022686078216959e-05,504,3e-05,screening,warmup_cosine,1993,99.7047728391012,0.11488016912423725,74.35224663824205,1.1011310888924104,896.3410405442119
512,22,macro,0.7774657482902209,268268,1.9292624593465884e-05,528,3e-05,screening,warmup_cosine,1993,99.79498113826472,0.09938031533751035,74.58183010823221,1.098221832355463,938.3785155676305
512,23,macro,0.7168882787227631,280462,1.83402419511346e-05,552,3e-05,screening,warmup_cosine,1993,99.81138264720354,0.08792532945003825,74.51623483109216,1.1004889786302086,980.9404829479754
512,24,macro,0.6478051692247391,292656,1.7373884695289362e-05,576,3e-05,screening,warmup_cosine,1993,99.83598491061177,0.07791906431969882,74.71302066251229,1.100617076890044,1019.5238970797509
512,25,macro,0.5959148357311884,304850,1.63977858807811e-05,600,3e-05,screening,warmup_cosine,1993,99.89339019189765,0.0711756602298711,74.77861593965234,1.0999402214793466,1058.4091945458204
512,26,macro,0.5587331180771192,317044,1.5416221234621452e-05,624,3e-05,screening,warmup_cosine,1993,99.86058717402001,0.06539716711000515,74.58183010823221,1.1016274912312758,1096.8164049126208
512,27,macro,0.519442792981863,329238,1.443349042648412e-05,648,3e-05,screening,warmup_cosine,1993,99.90979170083648,0.059771932371917545,74.81141357822237,1.1022408129778718,1135.9811888635159
512,28,macro,0.48582759623726207,341432,1.3453898234327112e-05,672,3e-05,screening,warmup_cosine,1993,99.90979170083648,0.05611279143922658,74.71302066251229,1.101491479570258,1174.8751377910376
512,29,macro,0.459842508037885,353626,1.2481735687638575e-05,696,3e-05,screening,warmup_cosine,1993,99.89339019189765,0.05252555171563936,74.68022302394228,1.1024659101436787,1213.3404210526496
512,30,macro,0.44779717673858005,365820,1.1521261270906779e-05,720,3e-05,screening,warmup_cosine,1993,99.87698868295884,0.049867221971642915,74.81141357822237,1.103907912001918,1252.6952388826758
512,31,macro,0.4327411080400149,378014,1.057668226965096e-05,744,3e-05,screening,warmup_cosine,1993,99.90159094636707,0.04747595162553554,74.90980649393244,1.1043385699288732,1293.9365988112986
512,32,macro,0.4003099339703719,390208,9.652136340725388e-06,768,3e-05,screening,warmup_cosine,1993,99.90159094636707,0.044993007967115056,74.81141357822237,1.10385897527878,1333.3411123864353
512,33,macro,0.3922342136502266,402402,8.75167338762659e-06,792,3e-05,screening,warmup_cosine,1993,99.9343939642447,0.04330878854482237,74.81141357822237,1.1043651451944092,1372.2288249339908
512,34,macro,0.38611892362435657,414596,7.879237820197433e-06,816,3e-05,screening,warmup_cosine,1993,99.87698868295884,0.04215883939837518,74.77861593965234,1.1054603686759652,1410.9064463749528
512,35,macro,0.37742257739106816,426790,7.038651276438212e-06,840,3e-05,screening,warmup_cosine,1993,99.89339019189765,0.040648894083583985,75.07379468678255,1.1053024334530628,1448.9260784555227
512,36,macro,0.35889147718747455,438984,6.233595882110561e-06,864,3e-05,screening,warmup_cosine,1993,99.90159094636707,0.03913245710248104,74.94260413250245,1.1050380783106077,1487.2374123185873
512,37,macro,0.3503708230952422,451178,5.467598121464052e-06,888,3e-05,screening,warmup_cosine,1993,99.9343939642447,0.038300635209724085,74.97540177107248,1.1067099366355388,1524.8756192382425
512,38,macro,0.347096777210633,463372,4.744013389738787e-06,912,3e-05,screening,warmup_cosine,1993,99.90159094636707,0.037822662141648825,74.97540177107248,1.1066003363419454,1564.4591483268887
512,39,macro,0.3484720600148042,475566,4.066011295110356e-06,936,3e-05,screening,warmup_cosine,1993,99.88518943742824,0.03722902610885798,74.97540177107248,1.1063273859321192,1604.2640855312347
512,40,macro,0.3411618520816167,487760,3.4365617744610484e-06,960,3e-05,screening,warmup_cosine,1993,99.89339019189765,0.036618446597940356,75.04099704821253,1.106899015001877,1642.4878714997321
512,41,macro,0.33976918707291287,499954,2.858422083795997e-06,984,3e-05,screening,warmup_cosine,1993,99.88518943742824,0.035908588791003046,75.1393899639226,1.107076477871523,1680.6319491416216
512,42,macro,0.3250104909141858,512148,2.334124720291866e-06,1008,3e-05,screening,warmup_cosine,1993,99.94259471871412,0.03540330586598431,75.0081994096425,1.10752269485889,1720.1300185583532
512,43,macro,0.3290861484905084,524342,1.8659663288845483e-06,1032,3e-05,screening,warmup_cosine,1993,99.90159094636707,0.03515340194010785,75.1393899639226,1.1079114611792384,1758.437840970233
512,44,macro,0.3232834090789159,536536,1.455997641989777e-06,1056,3e-05,screening,warmup_cosine,1993,99.90979170083648,0.034928956314523,75.1393899639226,1.1077683118180237,1796.7740101516247
512,45,macro,0.31556035578250885,548730,1.10601449642493e-06,1080,3e-05,screening,warmup_cosine,1993,99.9343939642447,0.03442752646758593,75.1393899639226,1.1079435689443837,1835.5842418335378
512,46,macro,0.3239974156022072,560924,8.175499668816954e-07,1104,3e-05,screening,warmup_cosine,1993,99.90159094636707,0.034211384198187374,75.1393899639226,1.1078038113982844,1874.3365044277161
512,47,macro,0.3181772430737813,573118,5.918676504083857e-07,1128,3e-05,screening,warmup_cosine,1993,99.94259471871412,0.03428955191136267,75.1393899639226,1.107930956296586,1913.5025292150676
512,48,macro,0.3094460380574067,585312,4.2995613131865005e-07,1152,3e-05,screening,warmup_cosine,1993,99.9343939642447,0.03362575553177966,75.10659232535258,1.1080469786436606,1953.8096423503011
512,49,macro,0.3227430582046509,597506,3.3252465077268987e-07,1176,3e-05,screening,warmup_cosine,1993,99.90979170083648,0.034106688771616225,75.10659232535258,1.1079596347126972,1991.3636145852506
512,50,macro,0.3066311863561471,609700,3.0000000000000004e-07,1200,3e-05,screening,warmup_cosine,1993,99.94259471871412,0.03366303013762001,75.10659232535258,1.1077430527419019,2029.8137499224395
512,1,macro,4.537626485029857,12194,4e-05,24,0.0001,screening,warmup_cosine,1993,3.755945546990323,5.122576132472937,14.594949163660216,4.139950310296409,37.307023810222745
512,2,macro,3.4901777307192483,24388,8e-05,48,0.0001,screening,warmup_cosine,1993,38.486140724946694,3.002628914543854,55.95277140045917,2.0565891259613487,76.94612825103104
512,3,macro,2.6341043512026467,36582,9.997721864480012e-05,72,0.0001,screening,warmup_cosine,1993,68.43529604723635,1.422898845788356,68.61265988848803,1.3461474390176915,115.86573881097138
512,4,macro,2.208332449197769,48776,9.976952369520095e-05,96,0.0001,screening,warmup_cosine,1993,80.56421190749549,0.8501607520435215,71.66284027550016,1.1883614222000136,154.7039717361331
512,5,macro,1.9381912350654602,60970,9.934600732446733e-05,120,0.0001,screening,warmup_cosine,1993,87.95309168443497,0.5552399190934306,73.69629386684159,1.1201297663672707,194.25138454325497
512,6,macro,1.6065076738595963,73164,9.870852471402079e-05,144,0.0001,screening,warmup_cosine,1993,93.42299491553223,0.3525638881424949,74.22105608396195,1.0941792316380468,232.76280585490167
512,7,macro,1.3206032713254292,85358,9.785986830820858e-05,168,0.0001,screening,warmup_cosine,1993,97.4331638510743,0.21461648989529303,74.35224663824205,1.0958070163845663,271.62377673015
512,8,macro,0.9553922588626543,97552,9.680375558221253e-05,192,0.0001,screening,warmup_cosine,1993,99.22092832540594,0.12096107455771811,74.25385372253197,1.0925479061918675,311.6170157901943
512,9,macro,0.5866639713446299,109746,9.554481275793023e-05,216,0.0001,screening,warmup_cosine,1993,99.87698868295884,0.0653776353317068,74.286651361102,1.1056952559388868,354.4558578785509
512,10,macro,0.40944522122542065,121940,9.408855453916002e-05,240,0.0001,screening,warmup_cosine,1993,99.80318189273413,0.04261717944726292,75.07379468678255,1.095260683924849,394.1121228020638
512,11,macro,0.30729361933966476,134134,9.244135995485815e-05,264,0.0001,screening,warmup_cosine,1993,99.90979170083648,0.03065680462316507,75.17218760249263,1.1039873775633564,432.47657652385533
512,12,macro,0.26268595829606056,146328,9.06104444162851e-05,288,0.0001,screening,warmup_cosine,1993,99.86058717402001,0.025061209162317456,75.40177107248279,1.1026116556009335,472.56919093616307
512,13,macro,0.24392266509433588,158522,8.860382811044245e-05,312,0.0001,screening,warmup_cosine,1993,99.86878792848943,0.021516772192072355,75.36897343391276,1.1024469717794576,511.9039244502783
512,14,macro,0.19931598535428444,170716,8.643030086825031e-05,336,0.0001,screening,warmup_cosine,1993,99.89339019189765,0.017926110710221,75.36897343391276,1.105954739178701,551.5146227777004
512,15,macro,0.1860777729501327,182910,8.40993836613582e-05,360,0.0001,screening,warmup_cosine,1993,99.90159094636707,0.01585155065594999,75.33617579534274,1.105588614569214,590.2086538858712
512,16,macro,0.17342881858348846,195104,8.162128689624882e-05,384,0.0001,screening,warmup_cosine,1993,99.89339019189765,0.013814311536273077,75.27058051820269,1.1148588281258007,628.9836403690279
512,17,macro,0.17482156803210577,207298,7.900686568832498e-05,408,0.0001,screening,warmup_cosine,1993,99.88518943742824,0.013026314855540837,75.4345687110528,1.1109326976602216,667.1368310470134
512,18,macro,0.1537994627530376,219492,7.62675723118979e-05,432,0.0001,screening,warmup_cosine,1993,99.89339019189765,0.011614775567714047,75.33617579534274,1.1196824396270422,706.6244666390121
512,19,macro,0.16047565080225468,231686,7.341540603436583e-05,456,0.0001,screening,warmup_cosine,1993,99.8523864195506,0.010854025346168791,75.5657592653329,1.1177179030646414,745.1825047619641
512,20,macro,0.15328325300167003,243880,7.046286055433111e-05,480,0.0001,screening,warmup_cosine,1993,99.87698868295884,0.01014335814002539,75.69694981961298,1.1175153537748994,783.190071426332
512,21,macro,0.13790953516339263,256074,6.742286927389862e-05,504,0.0001,screening,warmup_cosine,1993,99.90979170083648,0.009134321050876982,75.36897343391276,1.1213072053953717,825.7228107657284
512,22,macro,0.12782553195332488,268268,6.430874864488629e-05,528,0.0001,screening,warmup_cosine,1993,99.88518943742824,0.008572013647571555,75.5657592653329,1.1241916983039233,866.9437963981181
512,23,macro,0.13008600721756616,280462,6.113413983711533e-05,552,0.0001,screening,warmup_cosine,1993,99.89339019189765,0.008337819108967704,75.59855690390292,1.1258211558120843,908.2890833392739
512,24,macro,0.1281469090220829,292656,5.791294898429788e-05,576,0.0001,screening,warmup_cosine,1993,99.88518943742824,0.007638567125912629,75.53296162676287,1.130540060191594,950.4057116098702
512,25,macro,0.12183616791541378,304850,5.465928626927034e-05,600,0.0001,screening,warmup_cosine,1993,99.86878792848943,0.007352175273835825,75.5657592653329,1.1287931302759677,993.5051687862724
512,26,macro,0.11974533585210641,317044,5.1387404115404844e-05,624,0.0001,screening,warmup_cosine,1993,99.88518943742824,0.00715136487933286,75.40177107248279,1.1324260320066037,1033.6413590833545
512,27,macro,0.1273130226569871,329238,4.811163475494707e-05,648,0.0001,screening,warmup_cosine,1993,99.89339019189765,0.00744660099705888,75.5657592653329,1.1296217002881164,1074.2957543004304
512,28,macro,0.1132779639835159,341432,4.4846327447757044e-05,672,0.0001,screening,warmup_cosine,1993,99.88518943742824,0.00654399038162782,75.59855690390292,1.1310565156520644,1115.1243550106883
512,29,macro,0.11736356404920419,353626,4.160578562546192e-05,696,0.0001,screening,warmup_cosine,1993,99.87698868295884,0.006576237325416504,75.4345687110528,1.1359364367891978,1157.3355928417295
512,30,macro,0.11897746240720153,365820,3.840420423635593e-05,720,0.0001,screening,warmup_cosine,1993,99.87698868295884,0.006313948127232909,75.72974745818301,1.135505458572803,1196.3408294171095
512,31,macro,0.10721715353429317,378014,3.5255607565503205e-05,744,0.0001,screening,warmup_cosine,1993,99.89339019189765,0.005918018618861006,75.46736634962282,1.1375426582994521,1237.9829008504748
512,32,macro,0.10507939864570896,390208,3.217378780241796e-05,768,0.0001,screening,warmup_cosine,1993,99.90159094636707,0.005827749158703774,75.5657592653329,1.1372765578297797,1277.472336543724
512,33,macro,0.09938035936405261,402402,2.9172244625421968e-05,792,0.0001,screening,warmup_cosine,1993,99.89339019189765,0.005295443724506661,75.72974745818301,1.137296583426511,1317.1903783287853
512,34,macro,0.11124362098053098,414596,2.6264126067324773e-05,816,0.0001,screening,warmup_cosine,1993,99.86878792848943,0.005551669809570738,75.53296162676287,1.141444132733869,1359.891566986218
512,35,macro,0.11234692375486095,426790,2.3462170921460707e-05,840,0.0001,screening,warmup_cosine,1993,99.88518943742824,0.005590369657588744,75.72974745818301,1.1400600569722847,1399.1329849753529
512,36,macro,0.10658709394435088,438984,2.0778652940368538e-05,864,0.0001,screening,warmup_cosine,1993,99.87698868295884,0.005438774350003491,75.69694981961298,1.1403355521817957,1438.843666549772
512,37,macro,0.09854366925234596,451178,1.822532707154684e-05,888,0.0001,screening,warmup_cosine,1993,99.91799245530589,0.0049577385397334365,75.63135454247295,1.1418539593359727,1478.9363866243511
512,38,macro,0.08805680430183808,463372,1.581337796579596e-05,912,0.0001,screening,warmup_cosine,1993,99.90979170083648,0.0049144713843828815,75.5657592653329,1.1416460389424716,1519.780880747363
512,39,macro,0.0998768846038729,475566,1.3553370983701189e-05,936,0.0001,screening,warmup_cosine,1993,99.89339019189765,0.004885356768792196,75.72974745818301,1.1424330689157178,1558.3578968625516
512,40,macro,0.09706124748724203,487760,1.1455205914870161e-05,960,0.0001,screening,warmup_cosine,1993,99.89339019189765,0.004892818533203065,75.66415218104297,1.1430223126534986,1598.1224628593773
512,41,macro,0.10390934837050736,499954,9.528073612653324e-06,984,0.0001,screening,warmup_cosine,1993,99.88518943742824,0.004821355653352692,75.79534273532306,1.1448108201419458,1638.7288785353303
512,42,macro,0.08195085334591568,512148,7.78041573430622e-06,1008,0.0001,screening,warmup_cosine,1993,99.95079547318353,0.004467629703983471,75.82814037389308,1.1440997800892712,1677.2825611457229
512,43,macro,0.08945400717978676,524342,6.219887762948495e-06,1032,0.0001,screening,warmup_cosine,1993,99.88518943742824,0.004643384239527756,75.72974745818301,1.144525703737954,1717.2627177666873
512,44,macro,0.08866580156609416,536536,4.853325473299257e-06,1056,0.0001,screening,warmup_cosine,1993,99.91799245530589,0.004624470298517448,75.76254509675303,1.1440927787623119,1756.918236169964
512,45,macro,0.08149910578504205,548730,3.6867149880830994e-06,1080,0.0001,screening,warmup_cosine,1993,99.90979170083648,0.004436361011528903,75.72974745818301,1.1447700620596821,1795.4007209111005
512,46,macro,0.09430665507291754,560924,2.725166556272318e-06,1104,0.0001,screening,warmup_cosine,1993,99.87698868295884,0.004598567265652429,75.69694981961298,1.1443479443503506,1834.9643443748355
512,47,macro,0.0860391032571594,573118,1.9728921680279523e-06,1128,0.0001,screening,warmup_cosine,1993,99.94259471871412,0.004427938211427588,75.66415218104297,1.144321691876515,1874.4488315042108
512,48,macro,0.07901699988481899,585312,1.4331871043955001e-06,1152,0.0001,screening,warmup_cosine,1993,99.94259471871412,0.004308442180227487,75.66415218104297,1.144337557463929,1912.476982910186
512,49,macro,0.09549057173232238,597506,1.108415502575633e-06,1176,0.0001,screening,warmup_cosine,1993,99.90979170083648,0.004487075169438004,75.69694981961298,1.144433430352341,1951.2520071789622
512,50,macro,0.07015726241904001,609700,1.0000000000000002e-06,1200,0.0001,screening,warmup_cosine,1993,99.95079547318353,0.004246431646805347,75.63135454247295,1.144715661649119,1990.1482334230095
512,1,macro,4.201576332251231,12194,0.00012,24,0.0003,screening,warmup_cosine,1993,14.52353616532721,4.423473446373473,47.26139717940308,2.548971069175793,38.13547717034817
512,2,macro,2.6552659372488656,24388,0.00024,48,0.0003,screening,warmup_cosine,1993,64.98277841561423,1.546198212202991,70.15414890127911,1.2503857498444193,77.52065646834671
512,3,macro,2.025006035963694,36582,0.0002999316559344003,72,0.0003,screening,warmup_cosine,1993,82.85222240446122,0.6951779325966055,73.17153164972122,1.1210317639844776,118.02180016040802
512,4,macro,1.4742089360952377,48776,0.0002993085710856028,96,0.0003,screening,warmup_cosine,1993,93.49680170575692,0.3004747121397034,73.07313873401115,1.1589184113900048,156.4439610876143
512,5,macro,0.9517996658881506,60970,0.0002980380219734019,120,0.0003,screening,warmup_cosine,1993,98.26144005248483,0.11384139799848822,73.89307969826173,1.1417972143066246,193.89442140422761
512,6,macro,0.6006204610069593,73164,0.00029612557414206234,144,0.0003,screening,warmup_cosine,1993,99.40134492373298,0.05171794146030521,74.45063955395212,1.1401634253842512,231.37449184432626
512,7,macro,0.3680857600023349,85358,0.0002935796049246257,168,0.0003,screening,warmup_cosine,1993,99.68017057569297,0.027531624671297227,75.04099704821253,1.1363043642779107,267.7470179144293
512,8,macro,0.29715875784556073,97552,0.0002904112667466376,192,0.0003,screening,warmup_cosine,1993,99.74577661144825,0.020021049042148475,76.02492620531322,1.1428602862334634,305.6295942813158
512,9,macro,0.17616478307172656,109746,0.00028663443827379065,216,0.0003,screening,warmup_cosine,1993,99.83598491061177,0.011882764639689411,75.72974745818301,1.1220568766082533,343.83921968378127
512,10,macro,0.12492488479862611,121940,0.00028226566361748,240,0.0003,screening,warmup_cosine,1993,99.8523864195506,0.009162171778179141,76.35290259101345,1.1241763581913704,381.7548033371568
512,11,macro,0.11145352742945154,134134,0.00027732407986457444,264,0.0003,screening,warmup_cosine,1993,99.88518943742824,0.0076251175436051494,76.2873073138734,1.1310483244998841,419.04883754998446
512,12,macro,0.08863696875050664,146328,0.0002718313332488553,288,0.0003,screening,warmup_cosine,1993,99.89339019189765,0.006469989597201054,76.51689078386356,1.1228747657182843,456.708121240139
512,13,macro,0.1339713886845857,158522,0.0002658114843313273,312,0.0003,screening,warmup_cosine,1993,99.82778415614237,0.008710260867916092,76.77927189242375,1.123890733828346,493.39524281583726
512,14,macro,0.10836784906374912,170716,0.0002592909026047509,336,0.0003,screening,warmup_cosine,1993,99.86878792848943,0.008066555701730212,76.64808133814365,1.119877019214724,531.13533308357
512,15,macro,0.088890857839336,182910,0.00025229815098407456,360,0.0003,screening,warmup_cosine,1993,99.86878792848943,0.00690923672495112,76.5824860610036,1.120236245089963,569.6867933329195
512,16,macro,0.07957612661023934,195104,0.0002448638606887464,384,0.0003,screening,warmup_cosine,1993,99.87698868295884,0.005088204044738089,76.54968842243359,1.1294260459792305,607.950802301988
512,17,macro,0.08829066219429176,207298,0.00023702059706497488,408,0.0003,screening,warmup_cosine,1993,99.86878792848943,0.00541080954584388,76.48409314529354,1.1312990310583868,646.0989179518074
512,18,macro,0.07723146948652963,219492,0.00022880271693569366,432,0.0003,screening,warmup_cosine,1993,99.90159094636707,0.004594611656241521,76.38570022958346,1.1452795887587695,684.625327065587
512,19,macro,0.0974073268007487,231686,0.00022024621810309746,456,0.0003,screening,warmup_cosine,1993,99.8523864195506,0.005290242488489437,76.64808133814365,1.1392622622711692,723.5068051293492
512,20,macro,0.06761236721649766,243880,0.00021138858166299331,480,0.0003,screening,warmup_cosine,1993,99.89339019189765,0.004007823050403391,76.94326008527386,1.1329388554348794,762.8968460764736
512,21,macro,0.06590998498722911,256074,0.00020226860782169586,504,0.0003,screening,warmup_cosine,1993,99.90979170083648,0.003734442314515842,76.77927189242375,1.1343029619006104,800.7868945803493
512,22,macro,0.06074274544759343,268268,0.00019292624593465882,528,0.0003,screening,warmup_cosine,1993,99.89339019189765,0.0035086714754109308,76.97605772384388,1.1351227527291863,838.9027398768812
512,23,macro,0.06418156363846113,280462,0.00018340241951134598,552,0.0003,screening,warmup_cosine,1993,99.88518943742824,0.003734426008045859,76.77927189242375,1.13640952931345,876.680568035692
512,24,macro,0.06759866028248022,292656,0.0001737388469528936,576,0.0003,screening,warmup_cosine,1993,99.90159094636707,0.00393365957276712,76.54968842243359,1.1389215043350376,914.5653485693038
512,25,macro,0.05761175777297467,304850,0.000163977858807811,600,0.0003,screening,warmup_cosine,1993,99.87698868295884,0.003101557722947276,76.68087897671367,1.1397519147603306,953.0760602746159
512,26,macro,0.06229621218517423,317044,0.0001541622123462145,624,0.0003,screening,warmup_cosine,1993,99.87698868295884,0.0036872575884082776,76.5824860610036,1.140797729842504,991.332878228277
512,27,macro,0.059026962999875345,329238,0.0001443349042648412,648,0.0003,screening,warmup_cosine,1993,99.90159094636707,0.0034767465159719806,76.7136766152837,1.138475391191512,1029.2820824570954
512,28,macro,0.061857438956697784,341432,0.00013453898234327112,672,0.0003,screening,warmup_cosine,1993,99.86878792848943,0.0033153436390008814,76.7136766152837,1.1426822803731276,1066.499329380691
512,29,macro,0.05714236964316418,353626,0.00012481735687638575,696,0.0003,screening,warmup_cosine,1993,99.87698868295884,0.003111699037284407,76.74647425385372,1.1434600106924626,1103.1005824003369
512,30,macro,0.06063294759951532,365820,0.00011521261270906778,720,0.0003,screening,warmup_cosine,1993,99.88518943742824,0.0030330288150143543,76.77927189242375,1.1446620769757214,1140.8656614590436
512,31,macro,0.05134487284036974,378014,0.0001057668226965096,744,0.0003,screening,warmup_cosine,1993,99.89339019189765,0.0027087736720234836,76.61528369957362,1.1441789253612704,1178.0261959005147
512,32,macro,0.05044690507929772,390208,9.652136340725387e-05,768,0.0003,screening,warmup_cosine,1993,99.90979170083648,0.002580168962048491,76.81206953099377,1.1442625371695894,1214.9411526676267
512,33,macro,0.05025359101515884,402402,8.751673387626589e-05,792,0.0003,screening,warmup_cosine,1993,99.90159094636707,0.00237215896776627,76.68087897671367,1.145720896309577,1252.5856636036187
512,34,macro,0.0546303924638778,414596,7.879237820197431e-05,816,0.0003,screening,warmup_cosine,1993,99.88518943742824,0.0025313956455576708,76.61528369957362,1.148670904673135,1289.9756977949291
512,35,macro,0.057929192727897316,426790,7.038651276438212e-05,840,0.0003,screening,warmup_cosine,1993,99.87698868295884,0.0027081773420699565,76.7136766152837,1.1488699758197487,1327.505983941257
512,36,macro,0.05257564965480318,438984,6.233595882110561e-05,864,0.0003,screening,warmup_cosine,1993,99.88518943742824,0.0026531674264786143,76.8448671695638,1.14782453232337,1364.4983934797347
512,37,macro,0.052443332717909165,451178,5.467598121464052e-05,888,0.0003,screening,warmup_cosine,1993,99.90979170083648,0.002364975850426097,76.7136766152837,1.1492784286804298,1401.3760910332203
512,38,macro,0.04081976667900259,463372,4.744013389738787e-05,912,0.0003,screening,warmup_cosine,1993,99.90979170083648,0.0021175496770218395,76.81206953099377,1.148532244368591,1438.9997825324535
512,39,macro,0.047524731140583754,475566,4.066011295110356e-05,936,0.0003,screening,warmup_cosine,1993,99.90159094636707,0.002092328358228351,76.77927189242375,1.1494998813027357,1476.6355668921024
512,40,macro,0.04592399811372161,487760,3.436561774461048e-05,960,0.0003,screening,warmup_cosine,1993,99.90159094636707,0.0021269803499225242,76.77927189242375,1.1493303768749743,1513.5039837397635
512,41,macro,0.05303836730308831,499954,2.858422083795997e-05,984,0.0003,screening,warmup_cosine,1993,99.88518943742824,0.0022154567338256185,76.64808133814365,1.1507508517797362,1551.5909048523754
512,42,macro,0.0414696167766427,512148,2.334124720291866e-05,1008,0.0003,screening,warmup_cosine,1993,99.9261932097753,0.0019666919830257194,76.77927189242375,1.1510633429217314,1589.1603993847966
512,43,macro,0.044941376972322665,524342,1.865966328884548e-05,1032,0.0003,screening,warmup_cosine,1993,99.87698868295884,0.002074608015626967,76.77927189242375,1.1515871124918167,1626.3601097036153
512,44,macro,0.04139526461949572,536536,1.4559976419897768e-05,1056,0.0003,screening,warmup_cosine,1993,99.91799245530589,0.002047184355555743,76.7136766152837,1.1512149449214266,1663.3119100481272
512,45,macro,0.04014221935843428,548730,1.1060144964249296e-05,1080,0.0003,screening,warmup_cosine,1993,99.91799245530589,0.0019259127081467007,76.7136766152837,1.151445999971254,1700.348069280386
512,46,macro,0.04661234458520388,560924,8.175499668816953e-06,1104,0.0003,screening,warmup_cosine,1993,99.87698868295884,0.002060727885810786,76.77927189242375,1.1513124042434668,1737.8643248565495
512,47,macro,0.04409198856834943,573118,5.918676504083856e-06,1128,0.0003,screening,warmup_cosine,1993,99.9261932097753,0.0019488990824985488,76.77927189242375,1.1518106970407018,1775.5195089597255
512,48,macro,0.04025705090801542,585312,4.2995613131865e-06,1152,0.0003,screening,warmup_cosine,1993,99.94259471871412,0.0018760002556835723,76.74647425385372,1.1517887822367316,1812.495527273044
512,49,macro,0.04778790667963525,597506,3.3252465077268985e-06,1176,0.0003,screening,warmup_cosine,1993,99.90159094636707,0.0019750113132959196,76.81206953099377,1.1515455224076894,1850.4162502456456
512,50,macro,0.03400253314369669,609700,2.9999999999999997e-06,1200,0.0003,screening,warmup_cosine,1993,99.95899622765295,0.0018220458907417846,76.81206953099377,1.1519699772290224,1887.60890593566
64,1,macro,10.341402927618375,12194,1.198744769874477e-05,191,3e-05,replication,warmup_cosine,1994,4.453009676890274,4.985867633416024,19.38340439488357,3.958800208572483,37.415227353572845
64,2,macro,8.965992612988536,24388,2.397489539748954e-05,382,3e-05,replication,warmup_cosine,1994,41.80744628505823,2.8289145190774057,56.60872417185963,1.9952369457231112,75.15517865121365
64,3,macro,7.398242361258462,36582,2.9992131295810863e-05,573,3e-05,replication,warmup_cosine,1994,68.12366737739872,1.4517560082614394,67.66152836995737,1.3853291542501127,112.59109650552273
64,4,macro,6.364485895446458,48776,2.992771919828529e-05,764,3e-05,replication,warmup_cosine,1994,79.50631458094145,0.9058322201053569,71.33486388979993,1.198924736806157,147.98137188702822
64,5,macro,5.592424431396404,60970,2.9798666529598673e-05,955,3e-05,replication,warmup_cosine,1994,86.71477775955388,0.6117703678843739,72.84355526402099,1.1356359977884816,185.33234302140772
64,6,macro,4.862454987321224,73164,2.960553779081519e-05,1146,3e-05,replication,warmup_cosine,1994,91.70903723142528,0.41768853469268014,73.17153164972122,1.0995766629387644,222.7985185496509
64,7,macro,4.084224825130083,85358,2.934917776398917e-05,1337,3e-05,replication,warmup_cosine,1994,95.5223880597015,0.278410930173679,73.30272220400131,1.1005718898053793,260.1515978127718
64,8,macro,3.2920605515310277,97552,2.903070781692674e-05,1528,3e-05,replication,warmup_cosine,1994,97.77759553878957,0.18082869716681516,73.8602820596917,1.0900957377162594,298.0338548962027
64,9,macro,2.4423734530104393,109746,2.865152099810848e-05,1719,3e-05,replication,warmup_cosine,1994,98.98310644579301,0.11245317777414995,74.54903246966218,1.088198694646378,334.4505820386112
64,10,macro,1.734064122769221,121940,2.821327594322887e-05,1910,3e-05,replication,warmup_cosine,1994,99.61456453993767,0.06917429014329189,74.74581830108232,1.0979981639808263,371.4391217920929
64,11,macro,1.2197050017680173,134134,2.771788962000639e-05,2101,3e-05,replication,warmup_cosine,1994,99.7867803837953,0.04361810138895411,75.17218760249263,1.113513964049032,409.40943910740316
64,12,macro,0.8285271258566392,146328,2.7167528942999975e-05,2292,3e-05,replication,warmup_cosine,1994,99.86878792848943,0.028140000061693985,75.10659232535258,1.1229213465624617,446.17352912016213
64,13,macro,0.5925052980477897,158522,2.6564601295110107e-05,2483,3e-05,replication,warmup_cosine,1994,99.8523864195506,0.019350763674894474,75.20498524106264,1.11994669968357,483.49556159228086
64,14,macro,0.43239313496657067,170716,2.591174399722545e-05,2674,3e-05,replication,warmup_cosine,1994,99.86058717402001,0.01538494894577672,75.53296162676287,1.1224465762720455,520.6940855439752
64,15,macro,0.3583428256252673,182910,2.521181277207667e-05,2865,3e-05,replication,warmup_cosine,1994,99.87698868295884,0.012643946787167988,75.27058051820269,1.1262311550702138,556.924475248903
64,16,macro,0.3122264982752151,195104,2.4467869252758838e-05,3056,3e-05,replication,warmup_cosine,1994,99.89339019189765,0.01069171492811381,75.76254509675303,1.1298189535419367,594.6536155566573
64,17,macro,0.2988795559677778,207298,2.368316759056248e-05,3247,3e-05,replication,warmup_cosine,1994,99.88518943742824,0.010752384958256263,75.46736634962282,1.1387773265444516,631.3096326235682
64,18,macro,0.28987689456702526,219492,2.2861140220693262e-05,3438,3e-05,replication,warmup_cosine,1994,99.86058717402001,0.009590547789075794,75.53296162676287,1.1400709818448735,668.6453760545701
64,19,macro,0.2624711338528164,231686,2.2005382848143616e-05,3629,3e-05,replication,warmup_cosine,1994,99.86878792848943,0.009670737817362916,75.72974745818301,1.1446362711555178,706.0554014891386
64,20,macro,0.22925553322618544,243880,2.1119638719391226e-05,3820,3e-05,replication,warmup_cosine,1994,99.86878792848943,0.006995070385350269,75.59855690390292,1.1493481692035459,743.0017192494124
64,21,macro,0.21116437618645073,256074,2.0207782248722674e-05,4011,3e-05,replication,warmup_cosine,1994,99.8523864195506,0.007062346696345282,75.50016398819285,1.1460289697093469,780.3117773123085
64,22,macro,0.18516287400694417,268268,1.9273802070804118e-05,4202,3e-05,replication,warmup_cosine,1994,99.89339019189765,0.005981911014724564,75.76254509675303,1.153369692123378,817.7479118816555
64,23,macro,0.18168744460450417,280462,1.8321783593630093e-05,4393,3e-05,replication,warmup_cosine,1994,99.89339019189765,0.005997597604222585,75.79534273532306,1.1534729429290662,854.0186931490898
64,24,macro,0.20432484163585757,292656,1.735589112816732e-05,4584,3e-05,replication,warmup_cosine,1994,99.8523864195506,0.006680999072786431,75.79534273532306,1.1680011442740577,891.0827992688864
64,25,macro,0.16061916116488542,304850,1.6380349672861747e-05,4775,3e-05,replication,warmup_cosine,1994,99.90979170083648,0.005244443509272519,75.59855690390292,1.1586892555564612,927.5579310711473
64,26,macro,0.1577757189528168,317044,1.5399426432687053e-05,4966,3e-05,replication,warmup_cosine,1994,99.88518943742824,0.005289867029085264,75.66415218104297,1.1703423587327395,964.7814347241074
64,27,macro,0.1669207932476286,329238,1.4417412153573582e-05,5157,3e-05,replication,warmup_cosine,1994,99.89339019189765,0.005581297160016136,75.46736634962282,1.1678246335148146,1002.1430356279016
64,28,macro,0.14011169195721287,341432,1.3438602353864769e-05,5348,3e-05,replication,warmup_cosine,1994,99.90159094636707,0.004326775198356624,75.50016398819285,1.177027446162548,1039.0299531370401
64,29,macro,0.13489709367380717,353626,1.246727853489801e-05,5539,3e-05,replication,warmup_cosine,1994,99.89339019189765,0.003836799414798786,75.63135454247295,1.1771813152109298,1076.0439072400331
64,30,macro,0.1324945142911991,365820,1.1507689452898662e-05,5730,3e-05,replication,warmup_cosine,1994,99.89339019189765,0.004311298393354624,75.69694981961298,1.1814751654775388,1112.672294549644
64,31,macro,0.13086800305514124,378014,1.0564032534107421e-05,5921,3e-05,replication,warmup_cosine,1994,99.88518943742824,0.003714257055410542,75.59855690390292,1.1823316281957679,1149.7920882534236
64,32,macro,0.13222471415918535,390208,9.640435514434826e-06,6112,3e-05,replication,warmup_cosine,1994,99.87698868295884,0.004148506856226659,75.89373565103313,1.1862453149161833,1186.9836015067995
64,33,macro,0.11195078365387717,402402,8.740938383954665e-06,6303,3e-05,replication,warmup_cosine,1994,99.90979170083648,0.00358095417574857,75.5657592653329,1.1881509645136117,1224.0967152472585
64,34,macro,0.12955551950446287,414596,7.86947571521442e-06,6494,3e-05,replication,warmup_cosine,1994,99.86878792848943,0.00398287807153017,75.59855690390292,1.1873796887771542,1260.838525885716
64,35,macro,0.1291403696038492,426790,7.02985945266216e-06,6685,3e-05,replication,warmup_cosine,1994,99.87698868295884,0.0036546500839325998,75.5657592653329,1.1951684398156925,1298.0949112474918
64,36,macro,0.11388785568558421,438984,6.225762238472163e-06,6876,3e-05,replication,warmup_cosine,1994,99.89339019189765,0.0031590177345338444,75.5657592653329,1.1943854635056608,1335.4349040612578
64,37,macro,0.11739781123454346,451178,5.460701347705414e-06,7067,3e-05,replication,warmup_cosine,1994,99.87698868295884,0.003258558048544232,75.66415218104297,1.1942392175961574,1372.4880777485669
64,38,macro,0.11330337937511699,463372,4.738023303075506e-06,7258,3e-05,replication,warmup_cosine,1994,99.87698868295884,0.0030339181335202704,75.82814037389308,1.1935752888670434,1410.0316837094724
64,39,macro,0.11273185800546438,475566,4.06088923661802e-06,7449,3e-05,replication,warmup_cosine,1994,99.87698868295884,0.002944831879818969,75.76254509675303,1.1938809213109702,1446.7974712215364
64,40,macro,0.1116313077606924,487760,3.4322610622941696e-06,7640,3e-05,replication,warmup_cosine,1994,99.86878792848943,0.0029959552343192405,75.66415218104297,1.197682300291127,1484.7060052454472
64,41,macro,0.10198908487422616,499954,2.8548885200124567e-06,7831,3e-05,replication,warmup_cosine,1994,99.86878792848943,0.0025125903752430045,75.66415218104297,1.1968857429581965,1521.7818812113255
64,42,macro,0.10290488370094468,512148,2.331297147740224e-06,8022,3e-05,replication,warmup_cosine,1994,99.89339019189765,0.0025260284413504606,75.63135454247295,1.1985392096629883,1559.4483763892204
64,43,macro,0.1041472070309192,524342,1.8637772343173416e-06,8213,3e-05,replication,warmup_cosine,1994,99.90159094636707,0.00256688030348345,75.66415218104297,1.1981088244825084,1598.0281696897
64,44,macro,0.10294046377792408,536536,1.454373801294651e-06,8404,3e-05,replication,warmup_cosine,1994,99.87698868295884,0.002476585875266064,75.69694981961298,1.1985074547166783,1635.2882759161294
64,45,macro,0.0948717418999572,548730,1.1048776576184352e-06,8595,3e-05,replication,warmup_cosine,1994,99.91799245530589,0.0022196380529361454,75.69694981961298,1.1987790338873434,1672.3631409648806
64,46,macro,0.10174865495042963,560924,8.168175662894446e-07,8786,3e-05,replication,warmup_cosine,1994,99.86878792848943,0.002450768607785433,75.69694981961298,1.1987049744613212,1708.7129537947476
64,47,macro,0.09418306656727927,573118,5.914535572610407e-07,8977,3e-05,replication,warmup_cosine,1994,99.88518943742824,0.002203087337841768,75.63135454247295,1.1995162113098365,1746.0528509188443
64,48,macro,0.09535451853618572,585312,4.2977141582710116e-07,9168,3e-05,replication,warmup_cosine,1994,99.90159094636707,0.0022269397147937115,75.5657592653329,1.1995464411279184,1783.3131396640092
64,49,macro,0.09182936609454492,597506,3.324783706085385e-07,9359,3e-05,replication,warmup_cosine,1994,99.91799245530589,0.002128678295325701,75.66415218104297,1.1996179532519948,1820.2569271735847
64,50,macro,0.09291760662463323,609700,3.0000000000000004e-07,9550,3e-05,replication,warmup_cosine,1994,99.88518943742824,0.002201982105249496,75.66415218104297,1.200181761504236,1858.8048379048705
64,1,macro,10.378543004939694,12194,1.198744769874477e-05,191,3e-05,replication,warmup_cosine,1995,4.379202886665573,5.02693819706413,18.268284683502788,3.983566589455559,37.177823048084974
64,2,macro,9.04041695469961,24388,2.397489539748954e-05,382,3e-05,replication,warmup_cosine,1995,41.36460554371002,2.8439579432335607,57.035093473269924,2.006052749748893,74.82282010279596
64,3,macro,7.424026918660908,36582,2.9992131295810863e-05,573,3e-05,replication,warmup_cosine,1995,67.94325077907168,1.462051732590575,67.75992128566743,1.4151684106393265,112.29104614257812
64,4,macro,6.391738889105033,48776,2.992771919828529e-05,764,3e-05,replication,warmup_cosine,1995,78.99786780383795,0.9209879866893006,70.97408986552968,1.2398993484932463,150.3382753301412
64,5,macro,5.612403737312836,60970,2.9798666529598673e-05,955,3e-05,replication,warmup_cosine,1995,86.38674758077744,0.6220689874917772,73.0075434568711,1.154099369017794,187.78670042939484
64,6,macro,4.888650298118591,73164,2.960553779081519e-05,1146,3e-05,replication,warmup_cosine,1995,91.52862063309824,0.4234297810880321,73.69629386684159,1.1171527248243693,225.02055541798472
64,7,macro,4.070095743808447,85358,2.934917776398917e-05,1337,3e-05,replication,warmup_cosine,1995,95.25176316221092,0.2800855177903891,73.9914726139718,1.1001522668505075,262.4354108069092
64,8,macro,3.2092493229511523,97552,2.903070781692674e-05,1528,3e-05,replication,warmup_cosine,1995,97.91700836476956,0.17807464241218973,73.9914726139718,1.108180554353358,299.40091792307794
64,9,macro,2.396858599173461,109746,2.865152099810848e-05,1719,3e-05,replication,warmup_cosine,1995,99.08971625389536,0.1096795875947554,74.68022302394228,1.1036529428413868,336.7811596095562
64,10,macro,1.663993442401836,121940,2.821327594322887e-05,1910,3e-05,replication,warmup_cosine,1995,99.6391668033459,0.0670281366694261,74.81141357822237,1.1148016564609107,374.2222743500024
64,11,macro,1.154010283697338,134134,2.771788962000639e-05,2101,3e-05,replication,warmup_cosine,1995,99.73757585697884,0.0425735371062379,74.64742538537226,1.12439703386156,411.1790674701333
64,12,macro,0.7709388029200869,146328,2.7167528942999975e-05,2292,3e-05,replication,warmup_cosine,1995,99.83598491061177,0.026835659673727398,75.04099704821253,1.1091895061228931,448.9387443866581
64,13,macro,0.554395473986396,158522,2.6564601295110107e-05,2483,3e-05,replication,warmup_cosine,1995,99.86058717402001,0.019033024247325756,75.27058051820269,1.1169002479160368,486.2633333802223
64,14,macro,0.42515884277396176,170716,2.591174399722545e-05,2674,3e-05,replication,warmup_cosine,1995,99.86878792848943,0.015344078020324507,75.30337815677271,1.115829489042658,523.6026918180287
64,15,macro,0.3491638484971686,182910,2.521181277207667e-05,2865,3e-05,replication,warmup_cosine,1995,99.89339019189765,0.012216391202874393,75.76254509675303,1.1194726187661266,560.9029224421829
64,16,macro,0.30829517742258095,195104,2.4467869252758838e-05,3056,3e-05,replication,warmup_cosine,1995,99.87698868295884,0.010253153903886727,75.89373565103313,1.126664076292464,597.9111568387598
64,17,macro,0.332033434736479,207298,2.368316759056248e-05,3247,3e-05,replication,warmup_cosine,1995,99.81958340167296,0.011211504608915734,75.50016398819285,1.1261863370690826,636.1231455858797
64,18,macro,0.26180576677409767,219492,2.2861140220693262e-05,3438,3e-05,replication,warmup_cosine,1995,99.8523864195506,0.00956463202777917,75.82814037389308,1.136210157895487,673.940753897652
64,19,macro,0.2568414307623634,231686,2.2005382848143616e-05,3629,3e-05,replication,warmup_cosine,1995,99.86058717402001,0.008194662331166142,75.95933092817317,1.1319418256890386,712.1937437281013
64,20,macro,0.1907752701983402,243880,2.1119638719391226e-05,3820,3e-05,replication,warmup_cosine,1995,99.90979170083648,0.006477901549227456,76.02492620531322,1.1505514228097646,750.6085493844002
64,21,macro,0.20364887359020598,256074,2.0207782248722674e-05,4011,3e-05,replication,warmup_cosine,1995,99.90159094636707,0.007187262028382413,75.82814037389308,1.1440826333441003,787.3575329426676
64,22,macro,0.18876082368234065,268268,1.9273802070804118e-05,4202,3e-05,replication,warmup_cosine,1995,99.89339019189765,0.0065870891932055305,76.05772384388324,1.1493708259279747,824.8305185139179
64,23,macro,0.19951221653070125,280462,1.8321783593630093e-05,4393,3e-05,replication,warmup_cosine,1995,99.86878792848943,0.0067812071308769786,76.02492620531322,1.1445349908805589,862.3727572597563
64,24,macro,0.17308040398187663,292656,1.735589112816732e-05,4584,3e-05,replication,warmup_cosine,1995,99.89339019189765,0.0056868538184695425,76.25450967530338,1.1588717442178147,899.7832372616976
64,25,macro,0.15880694339802753,304850,1.6380349672861747e-05,4775,3e-05,replication,warmup_cosine,1995,99.88518943742824,0.0058931312014357815,76.1561167595933,1.1621965362658928,937.4505996461958
64,26,macro,0.17572154497717998,317044,1.5399426432687053e-05,4966,3e-05,replication,warmup_cosine,1995,99.86058717402001,0.006528470268674966,76.35290259101345,1.1610582313525086,975.0882909409702
64,27,macro,0.1669687653711329,329238,1.4417412153573582e-05,5157,3e-05,replication,warmup_cosine,1995,99.86878792848943,0.005104251615293733,76.05772384388324,1.1604226607500667,1012.4903929457068
64,28,macro,0.14020616605058703,341432,1.3438602353864769e-05,5348,3e-05,replication,warmup_cosine,1995,99.87698868295884,0.004479318295069478,76.02492620531322,1.1760731637966597,1050.8006134014577
64,29,macro,0.13602067673510593,353626,1.246727853489801e-05,5539,3e-05,replication,warmup_cosine,1995,99.89339019189765,0.004217977570337762,75.95933092817317,1.1704942434879553,1087.810289742425
64,30,macro,0.13063103684190056,365820,1.1507689452898662e-05,5730,3e-05,replication,warmup_cosine,1995,99.90159094636707,0.0041159369602581895,76.18891439816333,1.167857411885973,1126.1417276058346
64,31,macro,0.1211278675933471,378014,1.0564032534107421e-05,5921,3e-05,replication,warmup_cosine,1995,99.88518943742824,0.0037488794158633976,75.92653328960314,1.1752122332909805,1163.446100473404
64,32,macro,0.12687778940024488,390208,9.640435514434826e-06,6112,3e-05,replication,warmup_cosine,1995,99.87698868295884,0.003798332197931686,76.32010495244343,1.1731144675820646,1200.3752995468676
64,33,macro,0.13083852626656362,402402,8.740938383954665e-06,6303,3e-05,replication,warmup_cosine,1995,99.87698868295884,0.00421153967236229,76.1561167595933,1.1716179326934164,1237.663526058197
64,34,macro,0.11200520262629261,414596,7.86947571521442e-06,6494,3e-05,replication,warmup_cosine,1995,99.90979170083648,0.0036036358791549654,76.18891439816333,1.174878406618493,1275.6053149495274
64,35,macro,0.12430296715407471,426790,7.02985945266216e-06,6685,3e-05,replication,warmup_cosine,1995,99.86878792848943,0.003844348596748376,76.02492620531322,1.1785056745079394,1312.4064431693405
64,36,macro,0.09902331698198281,438984,6.225762238472163e-06,6876,3e-05,replication,warmup_cosine,1995,99.90159094636707,0.002999060453499695,76.22171203673335,1.1804109625286179,1350.4284395780414
64,37,macro,0.10349062773647733,451178,5.460701347705414e-06,7067,3e-05,replication,warmup_cosine,1995,99.90159094636707,0.0029362172147417063,76.18891439816333,1.1784396185645043,1387.7040989398956
64,38,macro,0.10404311333105203,463372,4.738023303075506e-06,7258,3e-05,replication,warmup_cosine,1995,99.90159094636707,0.003090429036210986,76.25450967530338,1.1827417538180904,1425.599617594853
64,39,macro,0.0967855795593786,475566,4.06088923661802e-06,7449,3e-05,replication,warmup_cosine,1995,99.90979170083648,0.0026627830331279,75.99212856674319,1.1806336525191086,1462.7402455620468
64,40,macro,0.11333123949497782,487760,3.4322610622941696e-06,7640,3e-05,replication,warmup_cosine,1995,99.8523864195506,0.0031654327760783692,76.1561167595933,1.1838489693866554,1499.7521111294627
64,41,macro,0.09804340637732707,499954,2.8548885200124567e-06,7831,3e-05,replication,warmup_cosine,1995,99.90159094636707,0.0025394476201077926,76.22171203673335,1.1839547599875055,1537.8317250944674
64,42,macro,0.09537253612701181,512148,2.331297147740224e-06,8022,3e-05,replication,warmup_cosine,1995,99.90159094636707,0.0024213232484942325,76.18891439816333,1.184924332420722,1574.765999643132
64,43,macro,0.10092056151577003,524342,1.8637772343173416e-06,8213,3e-05,replication,warmup_cosine,1995,99.88518943742824,0.002583334274676778,76.18891439816333,1.1862078035178831,1611.3692600298673
64,44,macro,0.09314243107331985,536536,1.454373801294651e-06,8404,3e-05,replication,warmup_cosine,1995,99.89339019189765,0.002315858827177689,76.18891439816333,1.1865038485478556,1648.928073918447
64,45,macro,0.08944222927873671,548730,1.1048776576184352e-06,8595,3e-05,replication,warmup_cosine,1995,99.89339019189765,0.002155331034767485,76.18891439816333,1.1879891332699535,1686.6703581307083
64,46,macro,0.09334062723472168,560924,8.168175662894446e-07,8786,3e-05,replication,warmup_cosine,1995,99.89339019189765,0.0022887571612322587,76.18891439816333,1.187488139281706,1725.1288648582995
64,47,macro,0.08819495572060035,573118,5.914535572610407e-07,8977,3e-05,replication,warmup_cosine,1995,99.9343939642447,0.002154229282452979,76.22171203673335,1.1875680289764254,1762.871662253514
64,48,macro,0.08556812574004471,585312,4.2977141582710116e-07,9168,3e-05,replication,warmup_cosine,1995,99.88518943742824,0.002049365121066541,76.1561167595933,1.1879706152856213,1800.5908503029495
64,49,macro,0.08503031975428783,597506,3.324783706085385e-07,9359,3e-05,replication,warmup_cosine,1995,99.91799245530589,0.0020564273280825247,76.12331912102329,1.1877113735140172,1837.9128574542701
64,50,macro,0.08650605135758198,609700,3.0000000000000004e-07,9550,3e-05,replication,warmup_cosine,1995,99.90979170083648,0.0021020365539527004,76.18891439816333,1.1881835389504787,1876.10464945063
,1,joint_iid,,12194,0.0005,191,,joint_iid,fixed_joint_recipe,1993,47.908807610300144,2.4839623068832504,69.76057723843883,1.2828801431277417,22.483205936849117
,2,joint_iid,,24388,0.0005,382,,joint_iid,fixed_joint_recipe,1993,68.97654584221749,1.3236912781046084,74.31944899967202,1.0684730689929876,44.25678243674338
,3,joint_iid,,36582,0.0005,573,,joint_iid,fixed_joint_recipe,1993,75.13531244874528,1.0356192231686638,76.7136766152837,0.9479056083401448,66.37600188702345
,4,joint_iid,,48776,0.0005,764,,joint_iid,fixed_joint_recipe,1993,78.12858783008036,0.8857150970374207,78.15677271236471,0.9502542082228869,88.31930073723197
,5,joint_iid,,60970,0.0005,955,,joint_iid,fixed_joint_recipe,1993,80.77743152370019,0.7845576362021736,77.8615939652345,0.9424650568225494,110.2947258669883
