direct_drift,kind,merge_count,order,positive_bound_slack,positive_increment_sum,signed_increment_sum,source_shard_id,task_id,telescoping_residual
0.17547891514889824,source,6,blocked,0.0,0.17547891514889824,0.17547891514889824,94abc64c88d25df632c558c605f8459bbb3c6a7bf9053a224c545509d01ea1af,mouse,0.0
-0.048999433256345926,validation,6,blocked,0.060132878389321354,0.011133445132975428,-0.048999433256345926,94abc64c88d25df632c558c605f8459bbb3c6a7bf9053a224c545509d01ea1af,mouse,0.0
0.17440538558886254,source,6,blocked,0.0,0.17440538558886254,0.17440538558886254,440f2b6be6d650a05126b144d875c2fe7ab8543f8a04d8264d1f0f40ac2ba4b3,mouse,0.0
-0.045064098054768964,validation,6,blocked,0.060132878389321354,0.01506878033455239,-0.045064098054768964,440f2b6be6d650a05126b144d875c2fe7ab8543f8a04d8264d1f0f40ac2ba4b3,mouse,0.0
0.18187449321752003,source,6,blocked,0.0,0.18187449321752003,0.18187449321752003,f362e69382cb038128c805ec1ed30c49ee92499692c664fe352e2fa1d2035b1e,mouse,0.0
-0.04988629814854195,validation,6,blocked,0.06057693501339445,0.010690636864852499,-0.04988629814854195,f362e69382cb038128c805ec1ed30c49ee92499692c664fe352e2fa1d2035b1e,mouse,0.0
0.17979338362348307,source,6,blocked,0.0,0.17979338362348307,0.17979338362348307,1abbffd2f238749bd4ede0caf3b31f8ffb869d7901093e8cc9787c7d93c1e563,mouse,0.0
-0.024761065665870552,validation,6,blocked,0.0464375631439331,0.02167649747806255,-0.024761065665870552,1abbffd2f238749bd4ede0caf3b31f8ffb869d7901093e8cc9787c7d93c1e563,mouse,0.0
0.17949746831323332,source,6,blocked,0.0,0.17949746831323332,0.17949746831323332,1c91a972241134605cdbb6f53e0659a4e29d4034d49e93a62815942f284b7f27,mouse,0.0
-0.041100095428108885,validation,6,blocked,0.05179073229296138,0.010690636864852499,-0.041100095428108885,1c91a972241134605cdbb6f53e0659a4e29d4034d49e93a62815942f284b7f27,mouse,0.0
0.1769943894911188,source,6,blocked,0.0,0.1769943894911188,0.1769943894911188,3ee8733811daa266c474279c577b6d241b9e820b2d3d162d4f869d4585dc2099,mouse,0.0
-0.04246702032574157,validation,6,blocked,0.053157657190594065,0.010690636864852499,-0.04246702032574157,3ee8733811daa266c474279c577b6d241b9e820b2d3d162d4f869d4585dc2099,mouse,0.0
0.1794167451256301,source,6,blocked,0.0,0.1794167451256301,0.1794167451256301,43895986e737db6818a50b7dbed0b82ad141d3ac4a65c9612a63eb5235f36bca,mouse,0.0
-0.01840767990967751,validation,6,blocked,0.040478682735597404,0.022071002825919894,-0.01840767990967751,43895986e737db6818a50b7dbed0b82ad141d3ac4a65c9612a63eb5235f36bca,mouse,0.0
0.16532049541057825,source,6,blocked,0.0,0.16532049541057825,0.16532049541057825,3f76fbb6e66a64658d1e48bfaed97242b1694702d7d6d7d624a2463fd5d48c9c,mouse,0.0
-0.028800486896619404,validation,6,blocked,0.040478682735597404,0.011678195838978,-0.028800486896619404,3f76fbb6e66a64658d1e48bfaed97242b1694702d7d6d7d624a2463fd5d48c9c,mouse,0.0
0.16549791250564239,source,6,blocked,0.0,0.16549791250564239,0.16549791250564239,1a74cd760c0ddc9a491d319e4b31c1c46417495a0ed9f725e002ccfbd025f20a,rabbit,0.0
-0.04250737381468639,validation,6,blocked,0.05212399420610336,0.009616620391416975,-0.04250737381468639,1a74cd760c0ddc9a491d319e4b31c1c46417495a0ed9f725e002ccfbd025f20a,rabbit,0.0
0.17948798966616009,source,6,blocked,0.0,0.17948798966616009,0.17948798966616009,3206a11f96406153443dcad753ee677f9d2b009928e39dc0206c2dc4f5b1c6b3,rabbit,0.0
-0.03468397050372807,validation,6,blocked,0.04430059089514504,0.009616620391416975,-0.03468397050372807,3206a11f96406153443dcad753ee677f9d2b009928e39dc0206c2dc4f5b1c6b3,rabbit,0.0
0.1764593265847203,source,6,blocked,0.0,0.1764593265847203,0.1764593265847203,f22aa6e8ef466aa7a9399cb859b4c8927e3c6ccc709544de94c5596709464fee,rabbit,0.0
-0.02878246818922503,validation,6,blocked,0.038399088580642005,0.009616620391416975,-0.02878246818922503,f22aa6e8ef466aa7a9399cb859b4c8927e3c6ccc709544de94c5596709464fee,rabbit,0.0
0.1467459175329937,source,6,blocked,0.020890032122592217,0.16763594965558593,0.1467459175329937,bc0171c164e93cf318d855c3c1216b5a5f53ea185de4a9f52a1eea719e480912,rabbit,0.0
-0.006073334207936876,validation,6,blocked,0.030595328768246777,0.0245219945603099,-0.006073334207936876,bc0171c164e93cf318d855c3c1216b5a5f53ea185de4a9f52a1eea719e480912,rabbit,0.0
0.18034347344179613,source,6,blocked,0.0,0.18034347344179613,0.18034347344179613,53423bc8ecefb9c76deb91b259eec8a8e6a0e6f4e218588f96df2fc3574ea295,rabbit,0.0
-0.021348178615058666,validation,6,blocked,0.03436211821067703,0.013013939595618362,-0.021348178615058666,53423bc8ecefb9c76deb91b259eec8a8e6a0e6f4e218588f96df2fc3574ea295,rabbit,0.0
0.18014138182239137,source,6,blocked,0.0,0.18014138182239137,0.18014138182239137,09d246e059955678941d6e2bcdf23a49e990f8818ccb9f6140a3dc2938394498,rabbit,0.0
-0.024589891786928497,validation,6,blocked,0.03760383138254686,0.013013939595618362,-0.024589891786928497,09d246e059955678941d6e2bcdf23a49e990f8818ccb9f6140a3dc2938394498,rabbit,0.0
0.1762282014231471,source,6,blocked,0.0,0.1762282014231471,0.1762282014231471,ab61b6bb2d9b671235a4be1d66f08cbe43d59b3ef26dba79256d2106aea5dd77,rabbit,0.0
-0.02405036302666419,validation,6,blocked,0.03615664096018678,0.012106277933522591,-0.02405036302666419,ab61b6bb2d9b671235a4be1d66f08cbe43d59b3ef26dba79256d2106aea5dd77,rabbit,0.0
0.1761021475932023,source,6,blocked,0.0,0.1761021475932023,0.1761021475932023,f1155a43825ec1ae8ef405dffa9a9e7322d0c94ad29b97b6245b6461e5cf57cc,rabbit,0.0
-0.03763862405243512,validation,6,blocked,0.04974490198595771,0.012106277933522591,-0.03763862405243512,f1155a43825ec1ae8ef405dffa9a9e7322d0c94ad29b97b6245b6461e5cf57cc,rabbit,0.0
0.188088322552044,source,6,blocked,0.0,0.188088322552044,0.188088322552044,082aebdfa30f54df76993a7ebbbb141f77dbe6894f5b0603c41ce78f3f402577,boat,0.0
-0.037524561932746225,validation,6,blocked,0.06512894655795787,0.027604384625211642,-0.037524561932746225,082aebdfa30f54df76993a7ebbbb141f77dbe6894f5b0603c41ce78f3f402577,boat,0.0
0.18764084337538822,source,6,blocked,0.0,0.18764084337538822,0.18764084337538822,4ea2fc4ec0e15036509985ee5aa4b54b2eded94fa08fe61d9173fbcea48beac1,boat,0.0
-0.01887338973106223,validation,6,blocked,0.06398760384701663,0.0451142141159544,-0.01887338973106223,4ea2fc4ec0e15036509985ee5aa4b54b2eded94fa08fe61d9173fbcea48beac1,boat,0.0
0.18724233490252584,source,6,blocked,0.0,0.18724233490252584,0.18724233490252584,7931bcaf2305ef9e8053766ce114351a0cdb54539410318b464e82c00ea710b6,boat,0.0
-0.027454690730318143,validation,6,blocked,0.05715014072174718,0.029695449991429035,-0.027454690730318143,7931bcaf2305ef9e8053766ce114351a0cdb54539410318b464e82c00ea710b6,boat,0.0
0.19078898964498858,source,6,blocked,0.0,0.19078898964498858,0.19078898964498858,fe78db6171c9ca303266bafc879a7ae5e5b155ed191c04303bf3a5fb5d57e84d,boat,0.0
-0.03131411811138718,validation,6,blocked,0.05891850273659882,0.027604384625211642,-0.03131411811138718,fe78db6171c9ca303266bafc879a7ae5e5b155ed191c04303bf3a5fb5d57e84d,boat,0.0
0.16439606273124951,source,6,blocked,0.004023387463703454,0.16841945019495297,0.16439606273124951,1e0eccbad59fbad597192b31f7b72ad40829c5a6bf1ff08b52a3dda77f55c168,boat,0.0
-0.025517606988866293,validation,6,blocked,0.05278502246166816,0.02726741547280187,-0.025517606988866293,1e0eccbad59fbad597192b31f7b72ad40829c5a6bf1ff08b52a3dda77f55c168,boat,0.0
0.15436354345663816,source,6,blocked,0.01352228114451548,0.16788582460115364,0.15436354345663816,0de1fbdd215660652e5fc50139b0c7966cc1d692c61bdf43d991cd5771177684,boat,0.0
-0.030854445822695364,validation,6,blocked,0.058121861295497235,0.02726741547280187,-0.030854445822695364,0de1fbdd215660652e5fc50139b0c7966cc1d692c61bdf43d991cd5771177684,boat,0.0
0.1857171376994191,source,6,blocked,0.0002844660526948317,0.18600160375211394,0.1857171376994191,24eaaa262a556de556cd2adf25c8bc8a1468551ac40bedfb88da8c6fdb433316,boat,0.0
-0.03501810799253735,validation,6,blocked,0.06464239384265658,0.029624285850119225,-0.03501810799253735,24eaaa262a556de556cd2adf25c8bc8a1468551ac40bedfb88da8c6fdb433316,boat,0.0
0.19289414399629745,source,6,blocked,0.0,0.19289414399629745,0.19289414399629745,386d87258a07b9241e4c9e98b752f29d27aeeac82a4bd661d195887598ce8de1,boat,0.0
-0.04551520246140495,validation,6,blocked,0.07513948831152417,0.029624285850119225,-0.04551520246140495,386d87258a07b9241e4c9e98b752f29d27aeeac82a4bd661d195887598ce8de1,boat,0.0
0.1799650962642183,source,6,blocked,0.0,0.1799650962642183,0.1799650962642183,a92fd1714d5cb0b94b3d29746bc6386cb3c23a2959017422a1374980ca0ed92f,brother,0.0
-0.032115323657314176,validation,6,blocked,0.04177259089947971,0.009657267242165535,-0.032115323657314176,a92fd1714d5cb0b94b3d29746bc6386cb3c23a2959017422a1374980ca0ed92f,brother,0.0
0.1696263322063134,source,6,blocked,0.0,0.1696263322063134,0.1696263322063134,a51c9970ba26aff41ca6544b161c46a746137073485ccc617deec46b94673a8e,brother,0.0
-0.017798396854782128,validation,6,blocked,0.03394198625622313,0.016143589401441005,-0.017798396854782128,a51c9970ba26aff41ca6544b161c46a746137073485ccc617deec46b94673a8e,brother,0.0
0.17179443462034327,source,6,blocked,0.0,0.17179443462034327,0.17179443462034327,d13779d457bc97af2fbaba6cf2bd1a3986613238c5a9f368109a5e234bd95ebf,brother,0.0
-0.016754193450317034,validation,6,blocked,0.039614529166850376,0.022860335716533342,-0.016754193450317034,d13779d457bc97af2fbaba6cf2bd1a3986613238c5a9f368109a5e234bd95ebf,brother,0.0
0.18280218768087986,source,6,blocked,0.0,0.18280218768087986,0.18280218768087986,239b9322e6eaea275494be9769daa53b19410ffceba9507a395bf2ed4f0e25d1,brother,0.0
-0.028849338004991454,validation,6,blocked,0.039614529166850376,0.010765191161858922,-0.028849338004991454,239b9322e6eaea275494be9769daa53b19410ffceba9507a395bf2ed4f0e25d1,brother,0.0
0.17752067771096103,source,6,blocked,0.0,0.17752067771096103,0.17752067771096103,c8196100de1b7ed47f85b3c8d106595f6857e78c4f5f1559ced3ea4644b8a253,brother,0.0
-0.02540843996896447,validation,6,blocked,0.035794406380024624,0.010385966411060155,-0.02540843996896447,c8196100de1b7ed47f85b3c8d106595f6857e78c4f5f1559ced3ea4644b8a253,brother,0.0
0.1648550883276605,source,6,blocked,0.0,0.1648550883276605,0.1648550883276605,9b8e467a394bf3e97a04f5156276b899b834a7e42dfa4f9ba468a849750372a8,brother,0.0
-0.01587094913206677,validation,6,blocked,0.03005984576926468,0.014188896637197912,-0.01587094913206677,9b8e467a394bf3e97a04f5156276b899b834a7e42dfa4f9ba468a849750372a8,brother,0.0
0.1769491908023808,source,6,blocked,0.0,0.1769491908023808,0.1769491908023808,dea72a5b547ee501a3a8c319c3819ab798209b0e83552020650b54d6bbbc574d,brother,0.0
-0.05423231990964905,validation,6,blocked,0.06388958715181459,0.009657267242165535,-0.05423231990964905,dea72a5b547ee501a3a8c319c3819ab798209b0e83552020650b54d6bbbc574d,brother,0.0
0.18005937818953277,source,6,blocked,0.0,0.18005937818953277,0.18005937818953277,ff3a06fb75320e601364dacc6ed79cdc13355e1685b916f9f7c4a29a4cd10751,brother,0.0
-0.023821968246937386,validation,6,blocked,0.039384449488569784,0.015562481241632398,-0.023821968246937386,ff3a06fb75320e601364dacc6ed79cdc13355e1685b916f9f7c4a29a4cd10751,brother,0.0
0.1930819240416417,source,6,blocked,0.0,0.1930819240416417,0.1930819240416417,b1f072fad7325163c60d3bab940005b9533ebeea7dda791ea5cf4fea6a5a9f9e,parent,0.0
-0.04636737445414996,validation,6,blocked,0.0507721529240599,0.004404778469909942,-0.04636737445414996,b1f072fad7325163c60d3bab940005b9533ebeea7dda791ea5cf4fea6a5a9f9e,parent,0.0
0.18453032232875932,source,6,blocked,0.0,0.18453032232875932,0.18453032232875932,f4e00c83bb73fbedbe45ecef75138be83c62588207b56e7cf8be6af468bfb445,parent,0.0
-0.04418518707853125,validation,6,blocked,0.0507721529240599,0.006586965845528647,-0.04418518707853125,f4e00c83bb73fbedbe45ecef75138be83c62588207b56e7cf8be6af468bfb445,parent,0.0
0.19352378370557055,source,6,blocked,0.0,0.19352378370557055,0.19352378370557055,971c6a5a1ad5f2e6fda4deaa03250fd9006b114f4c3d738a78103b1d539a46a6,parent,0.0
-0.05642386056267079,validation,6,blocked,0.05866741549995269,0.0022435549372818997,-0.05642386056267079,971c6a5a1ad5f2e6fda4deaa03250fd9006b114f4c3d738a78103b1d539a46a6,parent,0.0
0.19590361299708214,source,6,blocked,0.0,0.19590361299708214,0.19590361299708214,399653f2a6d3086ccb74b16e7b30493ad0d713ea02d630e1f21ead77f3b46fa3,parent,0.0
-0.04510980406423459,validation,6,blocked,0.05866741549995269,0.013557611435718098,-0.04510980406423459,399653f2a6d3086ccb74b16e7b30493ad0d713ea02d630e1f21ead77f3b46fa3,parent,0.0
0.1887176866672451,source,6,blocked,0.0,0.1887176866672451,0.1887176866672451,59019a352d940690cc1276014715099c43930d81bb12904634411d9438809d3b,parent,0.0
-0.05041696977509158,validation,6,blocked,0.05208269047046832,0.0016657206953767378,-0.05041696977509158,59019a352d940690cc1276014715099c43930d81bb12904634411d9438809d3b,parent,0.0
0.187818186110025,source,6,blocked,0.0,0.187818186110025,0.187818186110025,43994d7f8c77938da03be3c8eaede79b4deac886939c4c8daed28af8cb2f19f8,parent,0.0
-0.046637306765617836,validation,6,blocked,0.048303027460994574,0.0016657206953767378,-0.046637306765617836,43994d7f8c77938da03be3c8eaede79b4deac886939c4c8daed28af8cb2f19f8,parent,0.0
0.15553111957252042,source,6,blocked,0.012584870883407984,0.1681159904559284,0.15553111957252042,1e970eefd752345b4b8b743486c3fc71e8674b0947e8e3d78abc02f973ce47d0,parent,0.0
-0.039694720227893665,validation,6,blocked,0.04349538637428885,0.003800666146395182,-0.039694720227893665,1e970eefd752345b4b8b743486c3fc71e8674b0947e8e3d78abc02f973ce47d0,parent,0.0
0.1896090283050269,source,6,blocked,0.0,0.1896090283050269,0.1896090283050269,b07fc2883d8d32a57e50c8e9aa4d0bf6131f1f2087d1ac939259103189710641,parent,0.0
-0.05438753756754644,validation,6,blocked,0.05605325826292318,0.0016657206953767378,-0.05438753756754644,b07fc2883d8d32a57e50c8e9aa4d0bf6131f1f2087d1ac939259103189710641,parent,0.0
0.16992443804740587,source,6,blocked,0.0,0.16992443804740587,0.16992443804740587,96730c04bee16369eb526892c507d1e5037571d77b454787df30226cb158f496,duck,0.0
-0.025519745286610718,validation,6,blocked,0.04552184222849798,0.02000209694188726,-0.025519745286610718,96730c04bee16369eb526892c507d1e5037571d77b454787df30226cb158f496,duck,0.0
0.14334715520444719,source,6,blocked,0.0009913013091715772,0.14433845651361876,0.14334715520444719,fb792f1af51d72a468e19f865e5e4b3dbe28a2118497b7e7fa7d34cf97b198d8,duck,0.0
-0.03355272875742199,validation,6,blocked,0.05355482569930925,0.02000209694188726,-0.03355272875742199,fb792f1af51d72a468e19f865e5e4b3dbe28a2118497b7e7fa7d34cf97b198d8,duck,0.0
0.1668063256328831,source,6,blocked,0.0,0.1668063256328831,0.1668063256328831,1d818e4ff523495aff34c6cb021d1b20fdcd33be370e0ce2865bbd12fbd9ce3b,duck,0.0
-0.017523642248652216,validation,6,blocked,0.04786163881496819,0.030337996566315972,-0.017523642248652216,1d818e4ff523495aff34c6cb021d1b20fdcd33be370e0ce2865bbd12fbd9ce3b,duck,0.0
0.1445923649148093,source,6,blocked,0.012538640101631415,0.15713100501644073,0.1445923649148093,0f906056d22148128f65942384c6868f895a2f486aee7c528657675a244bd860,duck,0.0
-0.03206906353666694,validation,6,blocked,0.062407060102982914,0.030337996566315972,-0.03206906353666694,0f906056d22148128f65942384c6868f895a2f486aee7c528657675a244bd860,duck,0.0
0.16215531281463602,source,6,blocked,0.0,0.16215531281463602,0.16215531281463602,4d659666b9576b6abf94c9813da1f9f05151d9044dc6e8ec027a5cf3d0f4277b,duck,0.0
-0.03402695960072322,validation,6,blocked,0.06526406157292741,0.031237101972204195,-0.03402695960072322,4d659666b9576b6abf94c9813da1f9f05151d9044dc6e8ec027a5cf3d0f4277b,duck,0.0
0.1776405712489344,source,6,blocked,0.0,0.1776405712489344,0.1776405712489344,e34e91f8d5847efc57b956f75a65613d6cfeb0bd1438c3c4ad44bc63033eaf6a,duck,0.0
-0.039051697794021845,validation,6,blocked,0.07028879976622604,0.031237101972204195,-0.039051697794021845,e34e91f8d5847efc57b956f75a65613d6cfeb0bd1438c3c4ad44bc63033eaf6a,duck,0.0
0.17517328644502972,source,6,blocked,0.0,0.17517328644502972,0.17517328644502972,65060cfdde547e2d4acd26c1068abfb043c7527b724bc44135a64360f211ecc0,duck,0.0
-0.017420660500335083,validation,6,blocked,0.05746744716995367,0.040046786669618584,-0.017420660500335083,65060cfdde547e2d4acd26c1068abfb043c7527b724bc44135a64360f211ecc0,duck,0.0
0.17807981235031445,source,6,blocked,0.0,0.17807981235031445,0.17807981235031445,1001945b14f5e2232490cd712ddc51fd43e64e9252d1eaf61a10c75accaf718d,duck,0.0
-0.02256024455970307,validation,6,blocked,0.06260703122932165,0.040046786669618584,-0.02256024455970307,1001945b14f5e2232490cd712ddc51fd43e64e9252d1eaf61a10c75accaf718d,duck,0.0
0.17157700991117708,source,6,blocked,0.0,0.17157700991117708,0.17157700991117708,62b89b53d27eff2dde3b335533dc7a30154c2df78ba85742f2b3a94d8fc3c74b,sister,0.0
-0.03443291828608919,validation,6,blocked,0.03831408298686756,0.0038811647007783723,-0.03443291828608919,62b89b53d27eff2dde3b335533dc7a30154c2df78ba85742f2b3a94d8fc3c74b,sister,0.0
0.1773806338813282,source,6,blocked,0.0,0.1773806338813282,0.1773806338813282,82b82b4fb0dd3b284af53437a0576eafe5977451d5f4cc6890222038b595afea,sister,0.0
-0.026365544350686276,validation,6,blocked,0.03811382160749255,0.011748277256806272,-0.026365544350686276,82b82b4fb0dd3b284af53437a0576eafe5977451d5f4cc6890222038b595afea,sister,0.0
0.1802827353526748,source,6,blocked,0.0,0.1802827353526748,0.1802827353526748,dac1b4f1936a3b595124f9ee064a0eb6b9473e1f9ee0505e1fd24ea3c4e8cba4,sister,0.0
-0.028360139268972295,validation,6,blocked,0.03534076339544412,0.006980624126471824,-0.028360139268972295,dac1b4f1936a3b595124f9ee064a0eb6b9473e1f9ee0505e1fd24ea3c4e8cba4,sister,0.0
0.17759605592567662,source,6,blocked,0.0,0.17759605592567662,0.17759605592567662,b212240fe0d1a7577662e9c69d443530a41398e5f2b9f2039761952814b4cea2,sister,0.0
-0.028766004819759106,validation,6,blocked,0.03534076339544412,0.0065747585756850135,-0.028766004819759106,b212240fe0d1a7577662e9c69d443530a41398e5f2b9f2039761952814b4cea2,sister,0.0
0.17542658696679436,source,6,blocked,0.0,0.17542658696679436,0.17542658696679436,6e47f8309f502de41f617d7dbaed1484b954e1096b07d4099d0bcf7ce024fc6d,sister,0.0
-0.03501841551070761,validation,6,blocked,0.043020112904402996,0.008001697393695384,-0.03501841551070761,6e47f8309f502de41f617d7dbaed1484b954e1096b07d4099d0bcf7ce024fc6d,sister,0.0
0.18564267786962496,source,6,blocked,0.0,0.18564267786962496,0.18564267786962496,6a30f105b4660a1bd4c26b8e99fc5b82f0b9e55fa05b7c720a362ffc80743cd8,sister,0.0
-0.021512993752050846,validation,6,blocked,0.043020112904402996,0.02150711915235215,-0.021512993752050846,6a30f105b4660a1bd4c26b8e99fc5b82f0b9e55fa05b7c720a362ffc80743cd8,sister,0.0
0.18193646548148235,source,6,blocked,0.0,0.18193646548148235,0.18193646548148235,9ddb9a3faf192e9710d2b9fee7b9b72739c2a329dcf8a935899805db0ab344e9,sister,0.0
-0.017690281872242197,validation,6,blocked,0.02157144657302057,0.0038811647007783723,-0.017690281872242197,9ddb9a3faf192e9710d2b9fee7b9b72739c2a329dcf8a935899805db0ab344e9,sister,0.0
0.17524009152932618,source,6,blocked,0.0,0.17524009152932618,0.17524009152932618,4f4655d0f1f67dd71e01203d13a4fe84447748793ad72169a4270436239a212c,sister,0.0
-0.02977139572675358,validation,6,blocked,0.03365256042753195,0.0038811647007783723,-0.02977139572675358,4f4655d0f1f67dd71e01203d13a4fe84447748793ad72169a4270436239a212c,sister,0.0
0.17560023213061582,source,6,blocked,0.0,0.17560023213061582,0.17560023213061582,206834bb8deb669fa1733e6a6f113fc4f7e253e5a314836051bc5143ac88b138,pet,0.0
-0.03441818119554596,validation,6,blocked,0.059364034623272444,0.024945853427726483,-0.03441818119554596,206834bb8deb669fa1733e6a6f113fc4f7e253e5a314836051bc5143ac88b138,pet,0.0
0.17622479944028258,source,6,blocked,0.0,0.17622479944028258,0.17622479944028258,5ce2c7cd0fc4978ab6ebdf092209462b707045796472be987a1a92ebc7a3def5,pet,0.0
-0.05658648837558,validation,6,blocked,0.07820213951285426,0.02161565113727426,-0.05658648837558,5ce2c7cd0fc4978ab6ebdf092209462b707045796472be987a1a92ebc7a3def5,pet,0.0
0.1760543163946202,source,6,blocked,0.0,0.1760543163946202,0.1760543163946202,64eb07c510d370decb5adc55f8a0cb811d5e90d4f5b1ff9472c806d3d6ec5ed3,pet,0.0
-0.03905574764071029,validation,6,blocked,0.06067139877798455,0.02161565113727426,-0.03905574764071029,64eb07c510d370decb5adc55f8a0cb811d5e90d4f5b1ff9472c806d3d6ec5ed3,pet,0.0
0.17967193149640037,source,6,blocked,0.0,0.17967193149640037,0.17967193149640037,4b34c9301e8290fd1c22e2cbc38fd5ee21122ed4dfe468b36e02bd7a38ba160e,pet,0.0
-0.02907932458119289,validation,6,blocked,0.05069497571846715,0.02161565113727426,-0.02907932458119289,4b34c9301e8290fd1c22e2cbc38fd5ee21122ed4dfe468b36e02bd7a38ba160e,pet,0.0
0.15491359195133492,source,6,blocked,0.0057170324319444354,0.16063062438327935,0.15491359195133492,d242e5b3b5cace7b1f81c32eb3a9da228d7fe5130eecb3fdee1f8b0439a7802d,pet,0.0
-0.0334165490898064,validation,6,blocked,0.05738831581493331,0.02397176672512691,-0.0334165490898064,d242e5b3b5cace7b1f81c32eb3a9da228d7fe5130eecb3fdee1f8b0439a7802d,pet,0.0
0.17984724673787889,source,6,blocked,0.0,0.17984724673787889,0.17984724673787889,17ded68f95b407940c8238d585d3a789dd3d97115c4d3a747a267ad1e8efa4e1,pet,0.0
-0.03248918177029636,validation,6,blocked,0.05738831581493331,0.02489913404463695,-0.03248918177029636,17ded68f95b407940c8238d585d3a789dd3d97115c4d3a747a267ad1e8efa4e1,pet,0.0
0.15403344368767558,source,6,blocked,0.0,0.15403344368767558,0.15403344368767558,0cb350f415520c1cad2d5e38c8af8738d16757f3856935db46e6ef308fd38f7b,pet,0.0
-0.03447876057769461,validation,6,blocked,0.05856215642956486,0.02408339585187025,-0.03447876057769461,0cb350f415520c1cad2d5e38c8af8738d16757f3856935db46e6ef308fd38f7b,pet,0.0
0.15846078648118178,source,6,blocked,0.0,0.15846078648118178,0.15846078648118178,d32d2c1ffdb9efbe688a6aee0092d22c72b35840f3a6449212be6ba25cdd7eaf,pet,0.0
-0.020564634029760054,validation,6,blocked,0.05856215642956486,0.037997522399804806,-0.020564634029760054,d32d2c1ffdb9efbe688a6aee0092d22c72b35840f3a6449212be6ba25cdd7eaf,pet,0.0
0.18713472214910531,source,6,blocked,0.0,0.18713472214910531,0.18713472214910531,0b1d21f97a357eccd02f7e52ac89d3962fd1220c13d04cc7d2385f18889e703f,bicycle,0.0
-0.04075387327602753,validation,6,blocked,0.044589819394224905,0.0038359461181973753,-0.04075387327602753,0b1d21f97a357eccd02f7e52ac89d3962fd1220c13d04cc7d2385f18889e703f,bicycle,0.0
0.18597584227743091,source,6,blocked,0.0,0.18597584227743091,0.18597584227743091,61524ae54a99c01f7db8884d0a2ed2f06b9dfcf0b5d9f96b0ca2d8f1796373fd,bicycle,0.0
-0.01498687175145319,validation,6,blocked,0.02334133805660521,0.00835446630515202,-0.01498687175145319,61524ae54a99c01f7db8884d0a2ed2f06b9dfcf0b5d9f96b0ca2d8f1796373fd,bicycle,0.0
0.18490945330507946,source,6,blocked,0.0,0.18490945330507946,0.18490945330507946,8c45359674523e87f0d4ae46f676800294419758bb79a2db6faecefe3a35632e,bicycle,0.0
-0.030518993674326422,validation,6,blocked,0.0343549397925238,0.0038359461181973753,-0.030518993674326422,8c45359674523e87f0d4ae46f676800294419758bb79a2db6faecefe3a35632e,bicycle,0.0
0.17837939809495174,source,6,blocked,0.0,0.17837939809495174,0.17837939809495174,7e643822dbea15c3b39ca83a3f97bc78ca9121c6c6bebf725762ee8737f0b5a5,bicycle,0.0
-0.016665581412183217,validation,6,blocked,0.024307304753559134,0.007641723341375917,-0.016665581412183217,7e643822dbea15c3b39ca83a3f97bc78ca9121c6c6bebf725762ee8737f0b5a5,bicycle,0.0
0.17523335506373683,source,6,blocked,0.0,0.17523335506373683,0.17523335506373683,82a9770db6d90b8fcff0e0de3f6820e50f7fbb805edc7c14d60783ebff2f2147,bicycle,0.0
-0.01811947547180548,validation,6,blocked,0.033020562505440276,0.014901087033634797,-0.01811947547180548,82a9770db6d90b8fcff0e0de3f6820e50f7fbb805edc7c14d60783ebff2f2147,bicycle,0.0
0.18807754695502488,source,6,blocked,0.0,0.18807754695502488,0.18807754695502488,2c9fb5f56d0a800904579eb7b161134fed00617a367a5a48a241d142b2c628fe,bicycle,0.0
-0.03126672291116006,validation,6,blocked,0.035102669029357436,0.0038359461181973753,-0.03126672291116006,2c9fb5f56d0a800904579eb7b161134fed00617a367a5a48a241d142b2c628fe,bicycle,0.0
0.18957469368820257,source,6,blocked,0.0,0.18957469368820257,0.18957469368820257,faf92f0950c170229964bbbb346641e40fcb4c3d6e623e3cb76da32169a74a07,bicycle,0.0
-0.025313562564060588,validation,6,blocked,0.029149508682257963,0.0038359461181973753,-0.025313562564060588,faf92f0950c170229964bbbb346641e40fcb4c3d6e623e3cb76da32169a74a07,bicycle,0.0
0.187186349513361,source,6,blocked,0.0,0.187186349513361,0.187186349513361,9cde97a8cf763fcf3743c89d64623e95970ed755bcbc16717750c74f1641789a,bicycle,0.0
-0.017923028103705718,validation,6,blocked,0.028183080543979555,0.010260052440273837,-0.017923028103705718,9cde97a8cf763fcf3743c89d64623e95970ed755bcbc16717750c74f1641789a,bicycle,0.0
0.1636126508786706,source,6,blocked,0.0,0.1636126508786706,0.1636126508786706,c89bc132fb87f0bc6239f2566258fec0db319a58597b2b0523b5d22e39408094,grandma,0.0
-0.00810237280842152,validation,6,blocked,0.023433189848820923,0.015330817040399403,-0.00810237280842152,c89bc132fb87f0bc6239f2566258fec0db319a58597b2b0523b5d22e39408094,grandma,0.0
0.16549513932487092,source,6,blocked,0.0,0.16549513932487092,0.16549513932487092,7d81baacc04c93e8a6f33b19fa5c224a77a98bf689762a436c9257f1fdc2f284,grandma,0.0
-0.02157795770536919,validation,6,blocked,0.03329573764830829,0.0117177799429391,-0.02157795770536919,7d81baacc04c93e8a6f33b19fa5c224a77a98bf689762a436c9257f1fdc2f284,grandma,0.0
0.1817452999224174,source,6,blocked,0.0,0.1817452999224174,0.1817452999224174,e7276227c9bd097b51179a0ae6a58db268fffb2e345cf847eaa01e653f6f59f7,grandma,0.0
-0.016790513133456475,validation,6,blocked,0.028508293076395574,0.0117177799429391,-0.016790513133456475,e7276227c9bd097b51179a0ae6a58db268fffb2e345cf847eaa01e653f6f59f7,grandma,0.0
0.17246077205573807,source,6,blocked,0.0,0.17246077205573807,0.17246077205573807,af334d0cc1926edec238d2de96b9db9fe49bf0486f542f71931d2c107b206bb7,grandma,0.0
-0.016982255287309345,validation,6,blocked,0.028700035230248444,0.0117177799429391,-0.016982255287309345,af334d0cc1926edec238d2de96b9db9fe49bf0486f542f71931d2c107b206bb7,grandma,0.0
0.16450138752468124,source,6,blocked,0.0,0.16450138752468124,0.16450138752468124,5b357942b0f132db7338b34624a5900cc283e7bef05f74e1621fecfb5a7b7d50,grandma,0.0
-0.019423442107820543,validation,6,blocked,0.031141222050759643,0.0117177799429391,-0.019423442107820543,5b357942b0f132db7338b34624a5900cc283e7bef05f74e1621fecfb5a7b7d50,grandma,0.0
0.17707377631932553,source,6,blocked,0.0,0.17707377631932553,0.17707377631932553,725186b2ee587d43a83cb76fbc2f0fe4aea99605ae5df206055246771d54a7b5,grandma,0.0
-0.02234719905426319,validation,6,blocked,0.03406497899720229,0.0117177799429391,-0.02234719905426319,725186b2ee587d43a83cb76fbc2f0fe4aea99605ae5df206055246771d54a7b5,grandma,0.0
0.17244271341549644,source,6,blocked,0.0,0.17244271341549644,0.17244271341549644,72e9bf10f5cbb14fbee86fd88a97848a9be4cea73f1ecae9808b67073da626e6,grandma,0.0
-0.023452898787061915,validation,6,blocked,0.035170678730001015,0.0117177799429391,-0.023452898787061915,72e9bf10f5cbb14fbee86fd88a97848a9be4cea73f1ecae9808b67073da626e6,grandma,0.0
0.1714800187311072,source,6,blocked,0.0,0.1714800187311072,0.1714800187311072,e068c6e76ec6e4a0efc5cb62166fec12386f7f92cc03eb6c61b6e3a6e035f9fc,grandma,0.0
-0.019114527585666563,validation,6,blocked,0.03323313421659457,0.01411860663092801,-0.019114527585666563,e068c6e76ec6e4a0efc5cb62166fec12386f7f92cc03eb6c61b6e3a6e035f9fc,grandma,0.0
0.18787147183915365,source,6,blocked,0.0,0.18787147183915365,0.18787147183915365,7040727c6dc468e73ab8e0b14ffb50faf331507b29976752db6a1d77bfb2df5e,lion,0.0
-0.04455226967358028,validation,6,blocked,0.06773143433127937,0.02317916465769909,-0.04455226967358028,7040727c6dc468e73ab8e0b14ffb50faf331507b29976752db6a1d77bfb2df5e,lion,0.0
0.17755326099490798,source,6,blocked,0.0,0.17755326099490798,0.17755326099490798,6edfb0a736fb3b123c68417e4912595858653b889a34a8f540950ec3f2849145,lion,0.0
-0.020665678186563063,validation,6,blocked,0.043844842844262155,0.02317916465769909,-0.020665678186563063,6edfb0a736fb3b123c68417e4912595858653b889a34a8f540950ec3f2849145,lion,0.0
0.17993385085377933,source,6,blocked,0.0,0.17993385085377933,0.17993385085377933,49cf7f446ad0ed2b862616b2a35e4424371c916a3a6933e17e2be4615a0691ac,lion,0.0
-0.04941895084567327,validation,6,blocked,0.06367729165730296,0.014258340811629688,-0.04941895084567327,49cf7f446ad0ed2b862616b2a35e4424371c916a3a6933e17e2be4615a0691ac,lion,0.0
0.18249323887750601,source,6,blocked,0.0,0.18249323887750601,0.18249323887750601,2e4499e81696fa4a4dbf8d26ff3d197d745217d24e3da305247c43ad7305fc96,lion,0.0
-0.05178335820281865,validation,6,blocked,0.06604169901444834,0.014258340811629688,-0.05178335820281865,2e4499e81696fa4a4dbf8d26ff3d197d745217d24e3da305247c43ad7305fc96,lion,0.0
0.18026275222482435,source,6,blocked,0.0,0.18026275222482435,0.18026275222482435,014ad577edce5e252d09edd35883200fdf056ca3ac1dceab7c2d14a036824835,lion,0.0
-0.031008721728039035,validation,6,blocked,0.043159162981573296,0.012150441253534261,-0.031008721728039035,014ad577edce5e252d09edd35883200fdf056ca3ac1dceab7c2d14a036824835,lion,0.0
0.1826040963810578,source,6,blocked,0.0,0.1826040963810578,0.1826040963810578,28a7d7435588d1db62df6a47898f3214756138de89672fa6e89202d82902b8b6,lion,0.0
-0.017493850516475007,validation,6,blocked,0.03953400083831826,0.022040150321843255,-0.017493850516475007,28a7d7435588d1db62df6a47898f3214756138de89672fa6e89202d82902b8b6,lion,0.0
0.15149589298782606,source,6,blocked,0.01812493856324293,0.169620831551069,0.15149589298782606,f4bd7d701d0d611fcd7a9cbc3cdad7704b1580be5d083382973e83095e648e0e,lion,0.0
-0.013086898888836629,validation,6,blocked,0.028380302205744057,0.015293403316907428,-0.013086898888836629,f4bd7d701d0d611fcd7a9cbc3cdad7704b1580be5d083382973e83095e648e0e,lion,0.0
0.180211554841059,source,6,blocked,0.0,0.180211554841059,0.180211554841059,d6b4157b5dee040d6bac1853afda4f0858046d39958413194b3a5c526d4698dc,lion,0.0
-0.027129935420207918,validation,6,blocked,0.03928037667374218,0.012150441253534261,-0.027129935420207918,d6b4157b5dee040d6bac1853afda4f0858046d39958413194b3a5c526d4698dc,lion,0.0
0.18788393492614608,source,6,blocked,0.0,0.18788393492614608,0.18788393492614608,42020e12a5674f3e63fff795512aa384bfa75e51d5ab6d31c9af423bd4e9ac7e,fairy,0.0
-0.013951690690586771,validation,6,blocked,0.06664229617676565,0.052690605486178876,-0.013951690690586771,42020e12a5674f3e63fff795512aa384bfa75e51d5ab6d31c9af423bd4e9ac7e,fairy,0.0
0.18761084278716855,source,6,blocked,0.0,0.18761084278716855,0.18761084278716855,351d74a89ac53a6c221490c9c8188c15f4c7a8b6c7636fa0aa7436c246b9e690,fairy,0.0
-0.01943438161800759,validation,6,blocked,0.07212498710418647,0.052690605486178876,-0.01943438161800759,351d74a89ac53a6c221490c9c8188c15f4c7a8b6c7636fa0aa7436c246b9e690,fairy,0.0
0.18367539697713187,source,6,blocked,0.0,0.18367539697713187,0.18367539697713187,280825678933c0e5b577afe2f2007ce62d4dbb2793c04fe259da3f1cb86bd225,fairy,0.0
-0.019065458914658828,validation,6,blocked,0.0717560644008377,0.052690605486178876,-0.019065458914658828,280825678933c0e5b577afe2f2007ce62d4dbb2793c04fe259da3f1cb86bd225,fairy,0.0
0.16598822655838363,source,6,blocked,0.0022624791375220887,0.16825070569590572,0.16598822655838363,b96377f4b100adcaf246cc7cdccba26a950b8a41a7401ce19e76919cf4d4c055,fairy,0.0
-0.02291812509183777,validation,6,blocked,0.07560873057801665,0.052690605486178876,-0.02291812509183777,b96377f4b100adcaf246cc7cdccba26a950b8a41a7401ce19e76919cf4d4c055,fairy,0.0
0.18331356091596085,source,6,blocked,0.0,0.18331356091596085,0.18331356091596085,8d77a659cb8ba51289c0a32a492bc7db22758b3ecb08d9cf7eaf0f2191fbae52,fairy,0.0
-0.012792235347741654,validation,6,blocked,0.06548284083392053,0.052690605486178876,-0.012792235347741654,8d77a659cb8ba51289c0a32a492bc7db22758b3ecb08d9cf7eaf0f2191fbae52,fairy,0.0
0.19288743150148502,source,6,blocked,0.0,0.19288743150148502,0.19288743150148502,8ed97bd6b2536d084b259e23a51a4ecad13a6e72d9c46e4859cb3798ec317e54,fairy,0.0
-0.014792470078361042,validation,6,blocked,0.06748307556453992,0.052690605486178876,-0.014792470078361042,8ed97bd6b2536d084b259e23a51a4ecad13a6e72d9c46e4859cb3798ec317e54,fairy,0.0
0.19156619654471108,source,6,blocked,0.0,0.19156619654471108,0.19156619654471108,b0ad500d47bd7a6e47460c30adde4848d0d6cea29ec8256c6c04a2dc90e1421d,fairy,0.0
-0.00785038407067562,validation,6,blocked,0.060540989556854496,0.052690605486178876,-0.00785038407067562,b0ad500d47bd7a6e47460c30adde4848d0d6cea29ec8256c6c04a2dc90e1421d,fairy,0.0
0.1875611618687243,source,6,blocked,0.0,0.1875611618687243,0.1875611618687243,5a963eadf80bdd9219f03673764bb5f40666d2190d26d62ebdbeeaa17c43ff8c,fairy,0.0
-0.009959669704950436,validation,6,blocked,0.06265027519112931,0.052690605486178876,-0.009959669704950436,5a963eadf80bdd9219f03673764bb5f40666d2190d26d62ebdbeeaa17c43ff8c,fairy,0.0
0.175299128132115,source,6,blocked,0.0,0.175299128132115,0.175299128132115,3e2899060f0a74270043da4711dbb42f5b26146076101be2a4fe8f6551b96552,train,0.0
-0.026948010897965613,validation,6,blocked,0.05330230216302834,0.026354291265062724,-0.026948010897965613,3e2899060f0a74270043da4711dbb42f5b26146076101be2a4fe8f6551b96552,train,0.0
0.1740145401275861,source,6,blocked,0.0,0.1740145401275861,0.1740145401275861,9acab0718dccb8b95285407b53485ced20d9e143335d465f8b5eeba8148f3e2e,train,0.0
-0.03898800806651215,validation,6,blocked,0.059226391583504956,0.02023838351699281,-0.03898800806651215,9acab0718dccb8b95285407b53485ced20d9e143335d465f8b5eeba8148f3e2e,train,0.0
0.1772597001874825,source,6,blocked,0.0,0.1772597001874825,0.1772597001874825,faccb81ee95576436e73d626c7946348274f7adcfda1c2e9a9817fb971975c80,train,0.0
-0.03171033313758742,validation,6,blocked,0.05194871665458023,0.02023838351699281,-0.03171033313758742,faccb81ee95576436e73d626c7946348274f7adcfda1c2e9a9817fb971975c80,train,0.0
0.17699774948658242,source,6,blocked,0.0,0.17699774948658242,0.17699774948658242,b7f866686e6c62e57e60c67c249654b346e12dd71bed282a579dbf82b26ec08d,train,0.0
-0.04242334986579488,validation,6,blocked,0.06266173338278769,0.02023838351699281,-0.04242334986579488,b7f866686e6c62e57e60c67c249654b346e12dd71bed282a579dbf82b26ec08d,train,0.0
0.17409859171425546,source,6,blocked,0.0,0.17409859171425546,0.17409859171425546,c92724e4653c9ff46169188cf532ea38d5fcb64bec89d99446a944356cff1e8d,train,0.0
-0.041471099477312645,validation,6,blocked,0.061709482994305453,0.02023838351699281,-0.041471099477312645,c92724e4653c9ff46169188cf532ea38d5fcb64bec89d99446a944356cff1e8d,train,0.0
0.1734060732438636,source,6,blocked,0.0,0.1734060732438636,0.1734060732438636,17a316a432604dbc028a0a58933726a0b06f8ee091b2490b88570763e81b4957,train,0.0
-0.0288360979430069,validation,6,blocked,0.04907448145999971,0.02023838351699281,-0.0288360979430069,17a316a432604dbc028a0a58933726a0b06f8ee091b2490b88570763e81b4957,train,0.0
0.16177767507788943,source,6,blocked,0.0,0.16177767507788943,0.16177767507788943,dbefbfa37a4c8a781d8f6fbd0a83ebeea58e3bac2de3c38b7cd11ad8675cee67,train,0.0
-0.03174988334700912,validation,6,blocked,0.05198826686400193,0.02023838351699281,-0.03174988334700912,dbefbfa37a4c8a781d8f6fbd0a83ebeea58e3bac2de3c38b7cd11ad8675cee67,train,0.0
0.15560212218355507,source,6,blocked,0.0051519840664797645,0.16075410625003483,0.15560212218355507,4ce47cc08fc2e42a0d9723146977936c1c534da96fb2269f24202d72c58f6dae,train,0.0
-0.026062893914517993,validation,6,blocked,0.0463012774315108,0.02023838351699281,-0.026062893914517993,4ce47cc08fc2e42a0d9723146977936c1c534da96fb2269f24202d72c58f6dae,train,0.0
0.164409645702549,source,6,blocked,0.0,0.164409645702549,0.164409645702549,66548747a779144cf251ebe6ca802b4680b1489fcc60b07525663b5560c5bc6f,cow,0.0
-0.0388968284556408,validation,6,blocked,0.0388968284556408,0.0,-0.0388968284556408,66548747a779144cf251ebe6ca802b4680b1489fcc60b07525663b5560c5bc6f,cow,0.0
0.16067859733169954,source,6,blocked,0.0032669296517198188,0.16394552698341935,0.16067859733169954,1468a00bdcc4d400d2bf435e2cfa78df1e63f91a91fedaba00efd41478a73b04,cow,0.0
-0.0294083348962646,validation,6,blocked,0.0294083348962646,0.0,-0.0294083348962646,1468a00bdcc4d400d2bf435e2cfa78df1e63f91a91fedaba00efd41478a73b04,cow,0.0
0.16620757208850856,source,6,blocked,0.0,0.16620757208850856,0.16620757208850856,f901becc0223c18cfccc0752b7c5a97fde2f1569ae1abf82bc27f037dcb9e8b4,cow,0.0
-0.017118208929403078,validation,6,blocked,0.028667672264655053,0.011549463335251975,-0.017118208929403078,f901becc0223c18cfccc0752b7c5a97fde2f1569ae1abf82bc27f037dcb9e8b4,cow,0.0
0.16352788782524375,source,6,blocked,0.0,0.16352788782524375,0.16352788782524375,1266982cdfc6597d28839090ce0f147acea8cbf8007ee612aa78d9b1cef1cde4,cow,0.0
-0.036276149118183554,validation,6,blocked,0.04782561245343553,0.011549463335251975,-0.036276149118183554,1266982cdfc6597d28839090ce0f147acea8cbf8007ee612aa78d9b1cef1cde4,cow,0.0
0.1632055286856875,source,6,blocked,0.0,0.1632055286856875,0.1632055286856875,e1c2e4fc24e2eeba6f47e284c19e98fee9db90e3c458d1e63da3bac84eccab21,cow,0.0
-0.026713978849499442,validation,6,blocked,0.04718333869580427,0.020469359846304824,-0.026713978849499442,e1c2e4fc24e2eeba6f47e284c19e98fee9db90e3c458d1e63da3bac84eccab21,cow,0.0
0.16622402147258053,source,6,blocked,0.0010180034379327907,0.16724202491051332,0.16622402147258053,02f538bba6184f40064bed6105ac52904d4abbf506f1f0f486616db2665a34f3,cow,0.0
-0.03587160678888801,validation,6,blocked,0.04718333869580427,0.011311731906916256,-0.03587160678888801,02f538bba6184f40064bed6105ac52904d4abbf506f1f0f486616db2665a34f3,cow,0.0
0.15948024149895335,source,6,blocked,0.0025474363997419758,0.16202767789869532,0.15948024149895335,267fc2050ee82e3a3c5efab17dd5cf365d55028e6a134c1254d0ba62f076508d,cow,0.0
-0.030114890092256097,validation,6,blocked,0.03702684617200447,0.0069119560797483715,-0.030114890092256097,267fc2050ee82e3a3c5efab17dd5cf365d55028e6a134c1254d0ba62f076508d,cow,0.0
0.16371847443317855,source,6,blocked,0.0,0.16371847443317855,0.16371847443317855,6df780608f91cb316c5feb292383ae5453becbcd1f7277f30668df728a4c34c8,cow,0.0
-0.0292964202678756,validation,6,blocked,0.03702684617200447,0.007730425904128868,-0.0292964202678756,6df780608f91cb316c5feb292383ae5453becbcd1f7277f30668df728a4c34c8,cow,0.0
0.17280136529414203,source,6,blocked,0.0,0.17280136529414203,0.17280136529414203,564bfb60f0328e0c665e90a37604052c6cfe0dcdcbefb8b92979a1e9d788bc47,wheel,0.0
-0.06318104314867745,validation,6,blocked,0.06602891583309001,0.0028478726844125557,-0.06318104314867745,564bfb60f0328e0c665e90a37604052c6cfe0dcdcbefb8b92979a1e9d788bc47,wheel,0.0
0.17963406509754098,source,6,blocked,0.0,0.17963406509754098,0.17963406509754098,8f0d9146473bde9cd846105e247222eb848b787e42edadcd73226f4144b1b4d3,wheel,0.0
-0.07144386332248343,validation,6,blocked,0.07144386332248343,0.0,-0.07144386332248343,8f0d9146473bde9cd846105e247222eb848b787e42edadcd73226f4144b1b4d3,wheel,0.0
0.18231252293260147,source,6,blocked,0.0,0.18231252293260147,0.18231252293260147,72c751bdf3da18060ddadcf90e1fa184bf4b53434210929cfefa68004fa88be4,wheel,0.0
-0.0646715329708818,validation,6,blocked,0.0646715329708818,0.0,-0.0646715329708818,72c751bdf3da18060ddadcf90e1fa184bf4b53434210929cfefa68004fa88be4,wheel,0.0
0.18807602863752915,source,6,blocked,0.0,0.18807602863752915,0.18807602863752915,18f4c61173a5e996fe9b9efe30b681044429739c634192a3345fdf372731b153,wheel,0.0
-0.04305818911706494,validation,6,blocked,0.04865843463485153,0.005600245517786595,-0.04305818911706494,18f4c61173a5e996fe9b9efe30b681044429739c634192a3345fdf372731b153,wheel,0.0
0.17667483414491958,source,6,blocked,0.0,0.17667483414491958,0.17667483414491958,99dd660322372fce1ae3904d521262f2a776b849d2559cd868d4d6c42386f5f9,wheel,0.0
-0.05305621779967695,validation,6,blocked,0.05305621779967695,0.0,-0.05305621779967695,99dd660322372fce1ae3904d521262f2a776b849d2559cd868d4d6c42386f5f9,wheel,0.0
0.18133984195052966,source,6,blocked,0.0,0.18133984195052966,0.18133984195052966,8178bfde0a9d6814740c078e174640b381afea95b5567fd46ca1eb3a111911b8,wheel,0.0
-0.045532954869187625,validation,6,blocked,0.04575761201703177,0.0002246571478441428,-0.045532954869187625,8178bfde0a9d6814740c078e174640b381afea95b5567fd46ca1eb3a111911b8,wheel,0.0
0.1794541770546949,source,6,blocked,0.0,0.1794541770546949,0.1794541770546949,c92ab21e61cbaf75d044a25dd3f61ad511b44203ed50d117efb7dfc2784590d4,wheel,0.0
-0.0499446420707752,validation,6,blocked,0.0499446420707752,0.0,-0.0499446420707752,c92ab21e61cbaf75d044a25dd3f61ad511b44203ed50d117efb7dfc2784590d4,wheel,0.0
0.1819675610775875,source,6,blocked,0.0,0.1819675610775875,0.1819675610775875,9279cfc9ce1fdf785a6b4057abfe8dc42db8c02e20aa99379550573cca08ff1a,wheel,0.0
-0.042486532030500346,validation,6,blocked,0.042486532030500346,0.0,-0.042486532030500346,9279cfc9ce1fdf785a6b4057abfe8dc42db8c02e20aa99379550573cca08ff1a,wheel,0.0
0.1886513243396184,source,6,blocked,0.0,0.1886513243396184,0.1886513243396184,b284c37d2e8290e93d4d8405e4bef834d9f7b5c398b2641f8b4c071d8b321379,monkey,0.0
-0.03100758116423563,validation,6,blocked,0.034471838778805663,0.003464257614570032,-0.03100758116423563,b284c37d2e8290e93d4d8405e4bef834d9f7b5c398b2641f8b4c071d8b321379,monkey,0.0
0.1883498300196993,source,6,blocked,0.0,0.1883498300196993,0.1883498300196993,87ced9e73cdedfb5501a254ad3b0c78df991db0915f99a7d240bb435114332a6,monkey,0.0
-0.02861600581736523,validation,6,blocked,0.03214445688486256,0.003528451067497329,-0.02861600581736523,87ced9e73cdedfb5501a254ad3b0c78df991db0915f99a7d240bb435114332a6,monkey,0.0
0.1846826661929175,source,6,blocked,0.0,0.1846826661929175,0.1846826661929175,ad49b99e873dbb48e83c6f6a4e51cce0abf25606ab59f519bcb95432f749af7a,monkey,0.0
-0.027684972272023378,validation,6,blocked,0.03208924602152563,0.004404273749502252,-0.027684972272023378,ad49b99e873dbb48e83c6f6a4e51cce0abf25606ab59f519bcb95432f749af7a,monkey,0.0
0.18388581643079416,source,6,blocked,0.0,0.18388581643079416,0.18388581643079416,5ecf2e93e77e014143a802816093faeb852d882aed5ed1532c569b04969f5ee5,monkey,0.0
-0.023538005028553632,validation,6,blocked,0.03208924602152563,0.008551240992971998,-0.023538005028553632,5ecf2e93e77e014143a802816093faeb852d882aed5ed1532c569b04969f5ee5,monkey,0.0
0.1894405071314158,source,6,blocked,0.0,0.1894405071314158,0.1894405071314158,055357dc4f958bfdbeb0221a71d3c7add8f31ded3d420a32255446aae480b654,monkey,0.0
-0.027032590874924933,validation,6,blocked,0.03357982319920838,0.006547232324283447,-0.027032590874924933,055357dc4f958bfdbeb0221a71d3c7add8f31ded3d420a32255446aae480b654,monkey,0.0
0.17973550785793369,source,6,blocked,0.0,0.17973550785793369,0.17973550785793369,7593a8104775df0e9bd406d98bdf3218de88e2fc0c62d933e899089e5f9e6bef,monkey,0.0
-0.033373400361864425,validation,6,blocked,0.03992063268614787,0.006547232324283447,-0.033373400361864425,7593a8104775df0e9bd406d98bdf3218de88e2fc0c62d933e899089e5f9e6bef,monkey,0.0
0.18688667929379665,source,6,blocked,0.0,0.18688667929379665,0.18688667929379665,a81a1ac5d73774c2c5e9932e7f212b8b598356cb01c26dc20e54ec647103c678,monkey,0.0
-0.02759747912282573,validation,6,blocked,0.030801531970303664,0.003204052847477934,-0.02759747912282573,a81a1ac5d73774c2c5e9932e7f212b8b598356cb01c26dc20e54ec647103c678,monkey,0.0
0.18529084054205636,source,6,blocked,0.0,0.18529084054205636,0.18529084054205636,5b86b96a57da402f9b51f8ee2eda442bea4a940af1751e36fc222297efefc3a4,monkey,0.0
-0.026640901496124636,validation,6,blocked,0.02984495434360257,0.003204052847477934,-0.026640901496124636,5b86b96a57da402f9b51f8ee2eda442bea4a940af1751e36fc222297efefc3a4,monkey,0.0
0.15822451438053586,source,5,blocked,0.0,0.15822451438053586,0.15822451438053586,11fb6bb22e8d48898a87f6380a4e7779b23a631ed08895b2a79abfa160efb2f1,princess,0.0
-0.03864110260463427,validation,5,blocked,0.04548451165614198,0.0068434090515077095,-0.03864110260463427,11fb6bb22e8d48898a87f6380a4e7779b23a631ed08895b2a79abfa160efb2f1,princess,0.0
0.1470978292220777,source,5,blocked,0.0,0.1470978292220777,0.1470978292220777,08010ff0ef3f0c40935b35ae8b8ba81336c78371a4d001b06a45c392e9d66a0e,princess,0.0
-0.03856980859701631,validation,5,blocked,0.04541321764852402,0.0068434090515077095,-0.03856980859701631,08010ff0ef3f0c40935b35ae8b8ba81336c78371a4d001b06a45c392e9d66a0e,princess,0.0
0.1627913148231228,source,5,blocked,0.0,0.1627913148231228,0.1627913148231228,99814d29fd76767c7df0c8af6ecdc0f8b1dfd5cca46eb49fad3efec2d2519883,princess,0.0
-0.042737531709245546,validation,5,blocked,0.049580940760753256,0.0068434090515077095,-0.042737531709245546,99814d29fd76767c7df0c8af6ecdc0f8b1dfd5cca46eb49fad3efec2d2519883,princess,0.0
0.1602465641845705,source,5,blocked,0.0,0.1602465641845705,0.1602465641845705,e15b9ee41846c650a8778f7548efa009249a6515b27240f553d0d94a1eab250c,princess,0.0
-0.023724235557351925,validation,5,blocked,0.03798240476368209,0.014258169206330162,-0.023724235557351925,e15b9ee41846c650a8778f7548efa009249a6515b27240f553d0d94a1eab250c,princess,0.0
0.15511495694920474,source,5,blocked,0.0,0.15511495694920474,0.15511495694920474,3a5d13342062296be25d642dcdeada817baf93f5096929fd0ccdde6102716250,princess,0.0
-0.04377218422261153,validation,5,blocked,0.05367362511051654,0.009901440887905011,-0.04377218422261153,3a5d13342062296be25d642dcdeada817baf93f5096929fd0ccdde6102716250,princess,0.0
0.15943170872744883,source,5,blocked,0.0,0.15943170872744883,0.15943170872744883,cd1286cc1fea625af417d6145a6e02cb3da75d08b2a231a77a314b569fb16f6b,princess,0.0
-0.031241032247855127,validation,5,blocked,0.05367362511051654,0.022432592862661416,-0.031241032247855127,cd1286cc1fea625af417d6145a6e02cb3da75d08b2a231a77a314b569fb16f6b,princess,0.0
0.13919868279686987,source,5,blocked,0.0,0.13919868279686987,0.13919868279686987,cbc6bc9e4c67019df202275cef9e989b4d1f2db965400a948d693c6aac91a2f6,princess,0.0
-0.031011992568894087,validation,5,blocked,0.044314129265141666,0.01330213669624758,-0.031011992568894087,cbc6bc9e4c67019df202275cef9e989b4d1f2db965400a948d693c6aac91a2f6,princess,0.0
0.15701470594813038,source,5,blocked,0.0,0.15701470594813038,0.15701470594813038,7f46a41600371e3b041d8fd12449c7de4d4c559d1b7858261ba2b0f25ac7ec22,princess,0.0
-0.03314432989145044,validation,5,blocked,0.04644646658769802,0.01330213669624758,-0.03314432989145044,7f46a41600371e3b041d8fd12449c7de4d4c559d1b7858261ba2b0f25ac7ec22,princess,0.0
0.14091610522401088,source,5,blocked,0.0,0.14091610522401088,0.14091610522401088,45602f18686ec2822e58cf31185144ba570e64e925219f771e3dfca9d021584b,plane,0.0
-0.019287712392060286,validation,5,blocked,0.02581311784485285,0.006525405452792565,-0.019287712392060286,45602f18686ec2822e58cf31185144ba570e64e925219f771e3dfca9d021584b,plane,0.0
0.14791285602230153,source,5,blocked,0.0,0.14791285602230153,0.14791285602230153,db647aba5670c74bd7723832606efc62a76067a405054b875aa82ed1c2a2d628,plane,0.0
-0.024106893359846726,validation,5,blocked,0.03063229881263929,0.006525405452792565,-0.024106893359846726,db647aba5670c74bd7723832606efc62a76067a405054b875aa82ed1c2a2d628,plane,0.0
0.1582119004289282,source,5,blocked,0.0,0.1582119004289282,0.1582119004289282,7cb0660f9f110654ca6702e0829175924e9ba75ae0f8830be29d375b20df7996,plane,0.0
-0.03357462509654319,validation,5,blocked,0.03357462509654319,0.0,-0.03357462509654319,7cb0660f9f110654ca6702e0829175924e9ba75ae0f8830be29d375b20df7996,plane,0.0
0.15456066107729183,source,5,blocked,0.0,0.15456066107729183,0.15456066107729183,e0b1d0daa2bde6345a3e6a72e67cf3b544ad4743cb2458ee4856de95cc60d157,plane,0.0
-0.023985789008844627,validation,5,blocked,0.03296243329232462,0.008976644283479995,-0.023985789008844627,e0b1d0daa2bde6345a3e6a72e67cf3b544ad4743cb2458ee4856de95cc60d157,plane,0.0
0.1587102266708058,source,5,blocked,0.0,0.1587102266708058,0.1587102266708058,cf50d62406753088a4d7876b193a2094bf23f70c4cb253533ea6ac3286f66df9,plane,0.0
-0.0539597642669829,validation,5,blocked,0.0539597642669829,0.0,-0.0539597642669829,cf50d62406753088a4d7876b193a2094bf23f70c4cb253533ea6ac3286f66df9,plane,0.0
0.14988788150914267,source,5,blocked,0.0,0.14988788150914267,0.14988788150914267,6e909f32d1e2574f9ffc0c9184df4ac5f191b6234b86f806f3c913878e040141,plane,0.0
-0.02945149122073709,validation,5,blocked,0.03543087323191618,0.005979382011179091,-0.02945149122073709,6e909f32d1e2574f9ffc0c9184df4ac5f191b6234b86f806f3c913878e040141,plane,0.0
0.15971042777468858,source,5,blocked,0.0,0.15971042777468858,0.15971042777468858,18e4a44c5020b238816fd9fd4ece1c868ee032dfb1c66df04e5f9e802fdadf06,plane,0.0
-0.027867601695216626,validation,5,blocked,0.03581550076411899,0.007947899068902364,-0.027867601695216626,18e4a44c5020b238816fd9fd4ece1c868ee032dfb1c66df04e5f9e802fdadf06,plane,0.0
0.14847352112565626,source,5,blocked,0.0,0.14847352112565626,0.14847352112565626,fd80e2f34ee88472a33d877717b341d7faacae2d24cac72cafa374a3a3957357,plane,0.0
-0.020006563547699585,validation,5,blocked,0.02795446261660195,0.007947899068902364,-0.020006563547699585,fd80e2f34ee88472a33d877717b341d7faacae2d24cac72cafa374a3a3957357,plane,0.0
0.1319988140280901,source,5,blocked,0.0012869844125258378,0.13328579844061594,0.1319988140280901,6ebf1d4a3979d7161a486c14c964fd4ba7edc61cb790a1833540ecc3bef194b1,elephant,0.0
-0.015196176292070263,validation,5,blocked,0.020028624815099372,0.004832448523029109,-0.015196176292070263,6ebf1d4a3979d7161a486c14c964fd4ba7edc61cb790a1833540ecc3bef194b1,elephant,0.0
0.14981876279426132,source,5,blocked,0.0,0.14981876279426132,0.14981876279426132,5a72d7edb25cb737cd8735b13010c21fad865c547af397ec357ef80106a6f610,elephant,0.0
-0.023744363099141852,validation,5,blocked,0.028328952913970085,0.004584589814828233,-0.023744363099141852,5a72d7edb25cb737cd8735b13010c21fad865c547af397ec357ef80106a6f610,elephant,0.0
0.1373870636625627,source,5,blocked,0.008735416042958688,0.1461224797055214,0.1373870636625627,e90ba0bc504b11426e1da0673077a5c63fa9ff740145026f97e9f95328eab070,elephant,0.0
-0.03177396549898037,validation,5,blocked,0.036358555313808605,0.004584589814828233,-0.03177396549898037,e90ba0bc504b11426e1da0673077a5c63fa9ff740145026f97e9f95328eab070,elephant,0.0
0.15384627632518533,source,5,blocked,0.0,0.15384627632518533,0.15384627632518533,49c6375995ac63c28425974e81476524d1fcb3a23b357b4a39bde271e98cd82c,elephant,0.0
-0.043336769178801804,validation,5,blocked,0.04792135899363004,0.004584589814828233,-0.043336769178801804,49c6375995ac63c28425974e81476524d1fcb3a23b357b4a39bde271e98cd82c,elephant,0.0
0.1553160165510734,source,5,blocked,0.0,0.1553160165510734,0.1553160165510734,25593f2780af25ab0fe5d353df188c6b35b2aed90b6a19a04f936688a1708a82,elephant,0.0
-0.045490713057175114,validation,5,blocked,0.05007530287200335,0.004584589814828233,-0.045490713057175114,25593f2780af25ab0fe5d353df188c6b35b2aed90b6a19a04f936688a1708a82,elephant,0.0
0.1423247370574865,source,5,blocked,0.0026956695507072137,0.1450204066081937,0.1423247370574865,390439b6a903eaa03bd6ba8e3fe6d701fd921999046b393106f42640a29cfec4,elephant,0.0
-0.022488718718485012,validation,5,blocked,0.03955216999926603,0.017063451280781017,-0.022488718718485012,390439b6a903eaa03bd6ba8e3fe6d701fd921999046b393106f42640a29cfec4,elephant,0.0
0.1521872703346665,source,5,blocked,0.0,0.1521872703346665,0.1521872703346665,ed5e8ed94f7c48196ac5a284c36e7b3a639f350f4622e75b2853ef6f3bc3e81e,elephant,0.0
-0.03688094756182503,validation,5,blocked,0.04368658751444099,0.0068056399526159606,-0.03688094756182503,ed5e8ed94f7c48196ac5a284c36e7b3a639f350f4622e75b2853ef6f3bc3e81e,elephant,0.0
0.15180019679954615,source,5,blocked,0.0,0.15180019679954615,0.15180019679954615,bcab34f966b3421f36758e355e7918022248ef0e447ffc6b1098af29234111a8,elephant,0.0
-0.04332130718854521,validation,5,blocked,0.04790589700337344,0.004584589814828233,-0.04332130718854521,bcab34f966b3421f36758e355e7918022248ef0e447ffc6b1098af29234111a8,elephant,0.0
0.15814146134725404,source,5,blocked,0.0,0.15814146134725404,0.15814146134725404,bc24c6faeac1e574055e0ff41161d84d9806181e49ceec1cbc818c40326964d1,neighbor,0.0
-0.023429524802691892,validation,5,blocked,0.03326786691284278,0.009838342110150888,-0.023429524802691892,bc24c6faeac1e574055e0ff41161d84d9806181e49ceec1cbc818c40326964d1,neighbor,0.0
0.16185388094933928,source,5,blocked,0.0,0.16185388094933928,0.16185388094933928,c2ae41ed4a2ce5a8d82bfe17338c5aa64d16c92fdffefde6a4f9a03133160de2,neighbor,0.0
-0.02445782102737204,validation,5,blocked,0.03429616313752293,0.009838342110150888,-0.02445782102737204,c2ae41ed4a2ce5a8d82bfe17338c5aa64d16c92fdffefde6a4f9a03133160de2,neighbor,0.0
0.16525510892568573,source,5,blocked,0.0,0.16525510892568573,0.16525510892568573,c34f300770763242eb5b59ef3b5dc14f0b3298c7632cf70a6b541341e8250285,neighbor,0.0
-0.03483964658933569,validation,5,blocked,0.04467798869948658,0.009838342110150888,-0.03483964658933569,c34f300770763242eb5b59ef3b5dc14f0b3298c7632cf70a6b541341e8250285,neighbor,0.0
0.1653983179329488,source,5,blocked,0.0,0.1653983179329488,0.1653983179329488,9565f69344aed630d35662e93b298b5df28785449a7b1ec709d28301087eaf1c,neighbor,0.0
-0.02567295547713888,validation,5,blocked,0.03551129758728977,0.009838342110150888,-0.02567295547713888,9565f69344aed630d35662e93b298b5df28785449a7b1ec709d28301087eaf1c,neighbor,0.0
0.16149114239207618,source,5,blocked,0.0,0.16149114239207618,0.16149114239207618,7d5853d0a5f8bd7ba7df05a6bf735cc6b51f57dfdcd4f78c26e46676d5f385dd,neighbor,0.0
-0.026186318349294302,validation,5,blocked,0.03602466045944519,0.009838342110150888,-0.026186318349294302,7d5853d0a5f8bd7ba7df05a6bf735cc6b51f57dfdcd4f78c26e46676d5f385dd,neighbor,0.0
0.1668721851042272,source,5,blocked,0.0,0.1668721851042272,0.1668721851042272,e8c8b37b1908d0aa05924a8cbe0f8b1e3c177c96dea5eb6af5a13f71e6477d75,neighbor,0.0
-0.03432991544240749,validation,5,blocked,0.044168257552558376,0.009838342110150888,-0.03432991544240749,e8c8b37b1908d0aa05924a8cbe0f8b1e3c177c96dea5eb6af5a13f71e6477d75,neighbor,0.0
0.16392604950243217,source,5,blocked,0.0,0.16392604950243217,0.16392604950243217,bd25d695c52327f21dfd5953cfc678b9ae0d6cc98714c412ee1e7b6d1bcfbd48,neighbor,0.0
-0.0390751789714292,validation,5,blocked,0.04891352108158009,0.009838342110150888,-0.0390751789714292,bd25d695c52327f21dfd5953cfc678b9ae0d6cc98714c412ee1e7b6d1bcfbd48,neighbor,0.0
0.16768584664787634,source,5,blocked,0.0,0.16768584664787634,0.16768584664787634,bd2aa2125c619abb55714fc3fad4c4c98fd7df32a3748df725be3be9fa9d53b3,neighbor,0.0
-0.0290054666937265,validation,5,blocked,0.04481665156317938,0.015811184869452877,-0.0290054666937265,bd2aa2125c619abb55714fc3fad4c4c98fd7df32a3748df725be3be9fa9d53b3,neighbor,0.0
0.10738867249827666,source,4,blocked,0.0,0.10738867249827666,0.10738867249827666,187c4e098f14ab414dbbbd5ff50061854921f1773b0f16dca4bec0e7bdc5a346,dragon,0.0
-0.05616356905011832,validation,4,blocked,0.05616356905011832,0.0,-0.05616356905011832,187c4e098f14ab414dbbbd5ff50061854921f1773b0f16dca4bec0e7bdc5a346,dragon,0.0
0.09757348424980461,source,4,blocked,0.0,0.09757348424980461,0.09757348424980461,291a66f1a68ea76134f83a786c5f74e1bd08510ddb9c8846f765baf6d2cbada2,dragon,0.0
-0.04702923268924364,validation,4,blocked,0.05033172061729685,0.0033024879280532105,-0.04702923268924364,291a66f1a68ea76134f83a786c5f74e1bd08510ddb9c8846f765baf6d2cbada2,dragon,0.0
0.10820060914690477,source,4,blocked,0.0,0.10820060914690477,0.10820060914690477,7cf773e6f879228e573430cf0a26359cf21a3472cd2a0f05c07a3afe15db2153,dragon,0.0
-0.06936524271482392,validation,4,blocked,0.06936524271482392,0.0,-0.06936524271482392,7cf773e6f879228e573430cf0a26359cf21a3472cd2a0f05c07a3afe15db2153,dragon,0.0
0.10096738555717244,source,4,blocked,0.0,0.10096738555717244,0.10096738555717244,b9faf888d597738bafc89a6a9d6fe1b4d7b9ddb76fd1b23a441a4f04c8b8a53b,dragon,0.0
-0.029002728893367413,validation,4,blocked,0.0425838079207983,0.013581079027430887,-0.029002728893367413,b9faf888d597738bafc89a6a9d6fe1b4d7b9ddb76fd1b23a441a4f04c8b8a53b,dragon,0.0
0.1083453220462669,source,4,blocked,0.0,0.1083453220462669,0.1083453220462669,e9e105dd12b60be58ee6ec1263ed63f6b6063c8f4d8c100b08d7dd079afbb788,dragon,0.0
-0.0333552366969716,validation,4,blocked,0.034808396971338196,0.001453160274366594,-0.0333552366969716,e9e105dd12b60be58ee6ec1263ed63f6b6063c8f4d8c100b08d7dd079afbb788,dragon,0.0
0.10348363012826023,source,4,blocked,0.0,0.10348363012826023,0.10348363012826023,5ca6a9fdc08037450e74dbbf465decf1deec8a97c0dcaf60a3a84751c7a672ef,dragon,0.0
-0.04599332873798723,validation,4,blocked,0.04744648901235382,0.001453160274366594,-0.04599332873798723,5ca6a9fdc08037450e74dbbf465decf1deec8a97c0dcaf60a3a84751c7a672ef,dragon,0.0
0.10327137420356025,source,4,blocked,0.0,0.10327137420356025,0.10327137420356025,3268f93c1f09d82e88f919f412b3f42907b896bf5d378909b890d60a511fc278,dragon,0.0
-0.03482233528827039,validation,4,blocked,0.044363047590783244,0.009540712302512855,-0.03482233528827039,3268f93c1f09d82e88f919f412b3f42907b896bf5d378909b890d60a511fc278,dragon,0.0
0.10855488631654597,source,4,blocked,0.0,0.10855488631654597,0.10855488631654597,9d3cecfb7b3702cd39f677bf30f01db54389e965ca636649868e670608c1a008,dragon,0.0
-0.04131193843125969,validation,4,blocked,0.044363047590783244,0.0030511091595235573,-0.04131193843125969,9d3cecfb7b3702cd39f677bf30f01db54389e965ca636649868e670608c1a008,dragon,0.0
0.1134229831093998,source,4,blocked,0.0,0.1134229831093998,0.1134229831093998,3a21b7c073c06e3785d08c1d5c863c4ba5026f3ad45732feb3bcac89c8bebb18,queen,0.0
-0.013758453984654695,validation,4,blocked,0.03976143096745144,0.026002976982796744,-0.013758453984654695,3a21b7c073c06e3785d08c1d5c863c4ba5026f3ad45732feb3bcac89c8bebb18,queen,0.0
0.1180761378501003,source,4,blocked,0.0,0.1180761378501003,0.1180761378501003,5d0010f552ff30c86df1bfe2a0fe1873d62572feeb6b4b70385b57d82a0b2869,queen,0.0
-0.02143579531429496,validation,4,blocked,0.03976143096745144,0.01832563565315648,-0.02143579531429496,5d0010f552ff30c86df1bfe2a0fe1873d62572feeb6b4b70385b57d82a0b2869,queen,0.0
0.09019273590422316,source,4,blocked,0.013745541441182674,0.10393827734540584,0.09019273590422316,f2d120f9be0523aab4668a5cc741e1170a18bf4f8028ca2f55ef7072c9c3f045,queen,0.0
-0.027402060017930108,validation,4,blocked,0.04460358107795792,0.017201521060027813,-0.027402060017930108,f2d120f9be0523aab4668a5cc741e1170a18bf4f8028ca2f55ef7072c9c3f045,queen,0.0
0.1152600168540685,source,4,blocked,0.0,0.1152600168540685,0.1152600168540685,3e07c2f9093bdbc9880709d36c13423cd4879ee85144665bee18176312d0786f,queen,0.0
-0.023686685109185035,validation,4,blocked,0.042137009490986754,0.01845032438180172,-0.023686685109185035,3e07c2f9093bdbc9880709d36c13423cd4879ee85144665bee18176312d0786f,queen,0.0
0.1078859336087965,source,4,blocked,0.0,0.1078859336087965,0.1078859336087965,6fa97852422e50b204cc896c583f4bba2777a0b95929d89d6dff2e9a2069b16c,queen,0.0
-0.05036948606730607,validation,4,blocked,0.06757100712733388,0.017201521060027813,-0.05036948606730607,6fa97852422e50b204cc896c583f4bba2777a0b95929d89d6dff2e9a2069b16c,queen,0.0
0.10696189614381169,source,4,blocked,0.0,0.10696189614381169,0.10696189614381169,468a54d8490bdf943c38d73e9661156a52c99e599145f238c76ab506a3cd3325,queen,0.0
-0.026363454705798706,validation,4,blocked,0.055435713033980205,0.0290722583281815,-0.026363454705798706,468a54d8490bdf943c38d73e9661156a52c99e599145f238c76ab506a3cd3325,queen,0.0
0.11293497799694152,source,4,blocked,0.0,0.11293497799694152,0.11293497799694152,07f6cf8c15bd74df82761e1dc0a2b92f753c07638c26d46a704b642a13a11445,queen,0.0
-0.040429414986168144,validation,4,blocked,0.05763093604619596,0.017201521060027813,-0.040429414986168144,07f6cf8c15bd74df82761e1dc0a2b92f753c07638c26d46a704b642a13a11445,queen,0.0
0.11216235712690859,source,4,blocked,0.0,0.11216235712690859,0.11216235712690859,2b58f66954bd4967fd849656ec764035cae8cdb9781d2c9d8a5a90f5f42609c3,queen,0.0
-0.015987799550778226,validation,4,blocked,0.04166255248546924,0.025674752934691014,-0.015987799550778226,2b58f66954bd4967fd849656ec764035cae8cdb9781d2c9d8a5a90f5f42609c3,queen,0.0
0.064957938691375,source,3,blocked,0.0,0.064957938691375,0.064957938691375,1a37afc7d2d81df1b17e51573cd32c12310338e29a099236a18cb6faefa51ed1,horse,0.0
-0.09020663845923638,validation,3,blocked,0.09020663845923638,0.0,-0.09020663845923638,1a37afc7d2d81df1b17e51573cd32c12310338e29a099236a18cb6faefa51ed1,horse,0.0
0.06498240033190239,source,3,blocked,0.0,0.06498240033190239,0.06498240033190239,fabb83a1760fe19e99be294c593b143ce481a5d599898663ee35dc90a2a404df,horse,0.0
-0.004953499996300792,validation,3,blocked,0.04054502261582238,0.03559152261952159,-0.004953499996300792,fabb83a1760fe19e99be294c593b143ce481a5d599898663ee35dc90a2a404df,horse,0.0
0.04629446605020404,source,3,blocked,0.01087850052686834,0.05717296657707238,0.04629446605020404,3cac14a70a23a2b9a23e141a8dade53de82fd2b5a32a6c3fb894332f60b2566d,horse,0.0
-0.07568581805783836,validation,3,blocked,0.07568581805783836,0.0,-0.07568581805783836,3cac14a70a23a2b9a23e141a8dade53de82fd2b5a32a6c3fb894332f60b2566d,horse,0.0
0.0638338381413932,source,3,blocked,0.0,0.0638338381413932,0.0638338381413932,207d49db29f7cb182755529d04979b099ede228a069debe7800cb49d2d294746,horse,0.0
0.006639775176435325,validation,3,blocked,0.03493818952424288,0.041577964700678205,0.006639775176435325,207d49db29f7cb182755529d04979b099ede228a069debe7800cb49d2d294746,horse,0.0
0.05140027726928165,source,3,blocked,0.00029758558525716516,0.05169786285453881,0.05140027726928165,ddb29be4a4882c8390d6badd2f3eb9e7fe4dc56c5ea0abe8c3b4e5ce90922368,horse,0.0
-0.08593839867257191,validation,3,blocked,0.08593839867257191,0.0,-0.08593839867257191,ddb29be4a4882c8390d6badd2f3eb9e7fe4dc56c5ea0abe8c3b4e5ce90922368,horse,0.0
0.051279600335416786,source,3,blocked,0.0,0.051279600335416786,0.051279600335416786,98633f17a057fd4cdb464725888a77437299f8d7dbddeb7bab522f96748ed83b,horse,0.0
-0.02074444678521914,validation,3,blocked,0.02376031362882225,0.00301586684360311,-0.02074444678521914,98633f17a057fd4cdb464725888a77437299f8d7dbddeb7bab522f96748ed83b,horse,0.0
0.05943482942153122,source,3,blocked,0.0,0.05943482942153122,0.05943482942153122,46e3d4559c6a259c25a9cf0485167d3b9b35ca5191a05f27862266606303f2b6,horse,0.0
-0.05427971520148889,validation,3,blocked,0.05735283792892876,0.00307312272743987,-0.05427971520148889,46e3d4559c6a259c25a9cf0485167d3b9b35ca5191a05f27862266606303f2b6,horse,0.0
0.06104727562156964,source,3,blocked,0.0,0.06104727562156964,0.06104727562156964,cd076ec2b253532be2282704badb9274eb86c4d743e54443480b012a492e1679,horse,0.0
-0.04816320238458305,validation,3,blocked,0.05123632511202292,0.00307312272743987,-0.04816320238458305,cd076ec2b253532be2282704badb9274eb86c4d743e54443480b012a492e1679,horse,0.0
0.0037742144500771957,source,2,blocked,0.009873275915673219,0.013647490365750414,0.0037742144500771957,ca233166e6e1f524b08561bad1b8c5c673a093a9cd40139775ef369f74cb7633,bus,0.0
-0.013618099085332735,validation,2,blocked,0.014646016181031118,0.001027917095698383,-0.013618099085332735,ca233166e6e1f524b08561bad1b8c5c673a093a9cd40139775ef369f74cb7633,bus,0.0
0.0031156038898283445,source,2,blocked,0.007096037313987225,0.010211641203815569,0.0031156038898283445,63314c5241475cd78bea03c45c0bd2394264127f359c4546ccacfa359a83e956,bus,0.0
-0.011248577952532202,validation,2,blocked,0.014646016181031118,0.003397438228498917,-0.011248577952532202,63314c5241475cd78bea03c45c0bd2394264127f359c4546ccacfa359a83e956,bus,0.0
0.00251956267423159,source,2,blocked,0.007009373429079924,0.009528936103311514,0.00251956267423159,592d9f0cc856a72ee5d36034f1e87eac6b44f56c32eb9b49036b06796271cd6c,bus,0.0
-0.017811802320633507,validation,2,blocked,0.018580532191857735,0.0007687298712242274,-0.017811802320633507,592d9f0cc856a72ee5d36034f1e87eac6b44f56c32eb9b49036b06796271cd6c,bus,0.0
-0.010529151684746996,source,2,blocked,0.019237087299915023,0.008707935615168028,-0.010529151684746996,20926e66e6ccf85ce2fff9e5736ffc112e78109bf019a6aac2db9b28b434f4e9,bus,0.0
-0.0011068563378784368,validation,2,blocked,0.018580532191857735,0.017473675853979298,-0.0011068563378784368,20926e66e6ccf85ce2fff9e5736ffc112e78109bf019a6aac2db9b28b434f4e9,bus,0.0
-0.014143888243194569,source,1,blocked,0.014143888243194569,0.0,-0.014143888243194569,2dfaf807459623a5746e0a94da399d189f6eb648ab20f3d8b47f7c2500c0e80a,bus,0.0
0.006047514077317295,validation,1,blocked,0.0,0.006047514077317295,0.006047514077317295,2dfaf807459623a5746e0a94da399d189f6eb648ab20f3d8b47f7c2500c0e80a,bus,0.0
-0.019726755707022203,source,1,blocked,0.019726755707022203,0.0,-0.019726755707022203,1c586182a537f48680f0482adacd5e6ab71f36f5c5977e14e6852025952696d3,bus,0.0
0.007251157159416266,validation,1,blocked,0.0,0.007251157159416266,0.007251157159416266,1c586182a537f48680f0482adacd5e6ab71f36f5c5977e14e6852025952696d3,bus,0.0
0.0,source,0,blocked,0.0,0.0,0.0,fae2113c9c9529a96d3a48aebc6c101d2f0d893f584c2be86279b05d54002721,bus,0.0
0.0,validation,0,blocked,0.0,0.0,0.0,fae2113c9c9529a96d3a48aebc6c101d2f0d893f584c2be86279b05d54002721,bus,0.0
0.0,source,0,blocked,0.0,0.0,0.0,f9c77803745f1f3e9f7a19b63b35289c839fc97beec8155491310e346d06a318,bus,0.0
0.0,validation,0,blocked,0.0,0.0,0.0,f9c77803745f1f3e9f7a19b63b35289c839fc97beec8155491310e346d06a318,bus,0.0
0.19399172176362312,source,6,round_robin,0.0,0.19399172176362312,0.19399172176362312,94abc64c88d25df632c558c605f8459bbb3c6a7bf9053a224c545509d01ea1af,mouse,0.0
-0.03668412826518197,validation,6,round_robin,0.05018102951746095,0.013496901252278981,-0.03668412826518197,94abc64c88d25df632c558c605f8459bbb3c6a7bf9053a224c545509d01ea1af,mouse,0.0
0.17941683186384072,source,6,round_robin,0.0,0.17941683186384072,0.17941683186384072,1a74cd760c0ddc9a491d319e4b31c1c46417495a0ed9f725e002ccfbd025f20a,rabbit,0.0
-0.04422342731578133,validation,6,round_robin,0.04616961229502148,0.0019461849792401509,-0.04422342731578133,1a74cd760c0ddc9a491d319e4b31c1c46417495a0ed9f725e002ccfbd025f20a,rabbit,0.0
0.2054327708617978,source,6,round_robin,0.0,0.2054327708617978,0.2054327708617978,082aebdfa30f54df76993a7ebbbb141f77dbe6894f5b0603c41ce78f3f402577,boat,0.0
-0.05154567830106038,validation,6,round_robin,0.07811523878827997,0.02656956048721959,-0.05154567830106038,082aebdfa30f54df76993a7ebbbb141f77dbe6894f5b0603c41ce78f3f402577,boat,0.0
0.19909747123304355,source,6,round_robin,0.0,0.19909747123304355,0.19909747123304355,a92fd1714d5cb0b94b3d29746bc6386cb3c23a2959017422a1374980ca0ed92f,brother,0.0
-0.02655995204058481,validation,6,round_robin,0.04933556585571219,0.022775613815127382,-0.02655995204058481,a92fd1714d5cb0b94b3d29746bc6386cb3c23a2959017422a1374980ca0ed92f,brother,0.0
0.2061535457604764,source,6,round_robin,0.0,0.2061535457604764,0.2061535457604764,b1f072fad7325163c60d3bab940005b9533ebeea7dda791ea5cf4fea6a5a9f9e,parent,0.0
-0.02141673846340386,validation,6,round_robin,0.049729913274004556,0.028313174810600694,-0.02141673846340386,b1f072fad7325163c60d3bab940005b9533ebeea7dda791ea5cf4fea6a5a9f9e,parent,0.0
0.20513832908271445,source,6,round_robin,0.0,0.20513832908271445,0.20513832908271445,96730c04bee16369eb526892c507d1e5037571d77b454787df30226cb158f496,duck,0.0
0.004433916760729684,validation,6,round_robin,0.02746590000973237,0.03189981677046205,0.004433916760729684,96730c04bee16369eb526892c507d1e5037571d77b454787df30226cb158f496,duck,0.0
0.19282980587690002,source,6,round_robin,0.0,0.19282980587690002,0.19282980587690002,62b89b53d27eff2dde3b335533dc7a30154c2df78ba85742f2b3a94d8fc3c74b,sister,0.0
-0.022628374244614946,validation,6,round_robin,0.03465881807874416,0.012030443834129212,-0.022628374244614946,62b89b53d27eff2dde3b335533dc7a30154c2df78ba85742f2b3a94d8fc3c74b,sister,0.0
0.20151469248696974,source,6,round_robin,0.0,0.20151469248696974,0.20151469248696974,206834bb8deb669fa1733e6a6f113fc4f7e253e5a314836051bc5143ac88b138,pet,0.0
-0.03095653223318906,validation,6,round_robin,0.03891732630544431,0.00796079407225525,-0.03095653223318906,206834bb8deb669fa1733e6a6f113fc4f7e253e5a314836051bc5143ac88b138,pet,0.0
0.20547694247478865,source,6,round_robin,0.0,0.20547694247478865,0.20547694247478865,0b1d21f97a357eccd02f7e52ac89d3962fd1220c13d04cc7d2385f18889e703f,bicycle,0.0
-0.03845359521217917,validation,6,round_robin,0.056320591155048394,0.017866995942869224,-0.03845359521217917,0b1d21f97a357eccd02f7e52ac89d3962fd1220c13d04cc7d2385f18889e703f,bicycle,0.0
0.18543104469080895,source,6,round_robin,0.0,0.18543104469080895,0.18543104469080895,c89bc132fb87f0bc6239f2566258fec0db319a58597b2b0523b5d22e39408094,grandma,0.0
0.005622838450744183,validation,6,round_robin,0.03972459819898955,0.04534743664973373,0.005622838450744183,c89bc132fb87f0bc6239f2566258fec0db319a58597b2b0523b5d22e39408094,grandma,0.0
0.20743665764714914,source,6,round_robin,0.0,0.20743665764714914,0.20743665764714914,7040727c6dc468e73ab8e0b14ffb50faf331507b29976752db6a1d77bfb2df5e,lion,0.0
-0.023718707564818198,validation,6,round_robin,0.04939350622967198,0.025674798664853782,-0.023718707564818198,7040727c6dc468e73ab8e0b14ffb50faf331507b29976752db6a1d77bfb2df5e,lion,0.0
0.21357086007213355,source,6,round_robin,0.0,0.21357086007213355,0.21357086007213355,42020e12a5674f3e63fff795512aa384bfa75e51d5ab6d31c9af423bd4e9ac7e,fairy,0.0
0.034592899236621566,validation,6,round_robin,0.02122678866692773,0.0558196879035493,0.034592899236621566,42020e12a5674f3e63fff795512aa384bfa75e51d5ab6d31c9af423bd4e9ac7e,fairy,0.0
0.20019261935447386,source,6,round_robin,0.0003427880519428772,0.20053540740641673,0.20019261935447386,3e2899060f0a74270043da4711dbb42f5b26146076101be2a4fe8f6551b96552,train,0.0
-0.017907068339090282,validation,6,round_robin,0.032913293593969106,0.015006225254878824,-0.017907068339090282,3e2899060f0a74270043da4711dbb42f5b26146076101be2a4fe8f6551b96552,train,0.0
0.18952424604684537,source,6,round_robin,0.011235058674723186,0.20075930472156855,0.18952424604684537,66548747a779144cf251ebe6ca802b4680b1489fcc60b07525663b5560c5bc6f,cow,0.0
-0.04488620379113195,validation,6,round_robin,0.05905847359966754,0.014172269808535587,-0.04488620379113195,66548747a779144cf251ebe6ca802b4680b1489fcc60b07525663b5560c5bc6f,cow,0.0
0.1928031346647665,source,6,round_robin,0.0,0.1928031346647665,0.1928031346647665,564bfb60f0328e0c665e90a37604052c6cfe0dcdcbefb8b92979a1e9d788bc47,wheel,0.0
-0.026843296351515722,validation,6,round_robin,0.05166171930819874,0.024818422956683017,-0.026843296351515722,564bfb60f0328e0c665e90a37604052c6cfe0dcdcbefb8b92979a1e9d788bc47,wheel,0.0
0.20475034083640598,source,6,round_robin,0.0,0.20475034083640598,0.20475034083640598,b284c37d2e8290e93d4d8405e4bef834d9f7b5c398b2641f8b4c071d8b321379,monkey,0.0
-0.018759868225461274,validation,6,round_robin,0.03809150933114869,0.019331641105687414,-0.018759868225461274,b284c37d2e8290e93d4d8405e4bef834d9f7b5c398b2641f8b4c071d8b321379,monkey,0.0
0.20557928710122475,source,6,round_robin,0.0,0.20557928710122475,0.20557928710122475,11fb6bb22e8d48898a87f6380a4e7779b23a631ed08895b2a79abfa160efb2f1,princess,0.0
-0.016187589397751667,validation,6,round_robin,0.04124025736148118,0.025052667963729514,-0.016187589397751667,11fb6bb22e8d48898a87f6380a4e7779b23a631ed08895b2a79abfa160efb2f1,princess,0.0
0.19627680074272424,source,6,round_robin,0.0,0.19627680074272424,0.19627680074272424,45602f18686ec2822e58cf31185144ba570e64e925219f771e3dfca9d021584b,plane,0.0
-0.006026126230200157,validation,6,round_robin,0.026591928555778743,0.020565802325578586,-0.006026126230200157,45602f18686ec2822e58cf31185144ba570e64e925219f771e3dfca9d021584b,plane,0.0
0.18418068126922926,source,6,round_robin,0.0,0.18418068126922926,0.18418068126922926,6ebf1d4a3979d7161a486c14c964fd4ba7edc61cb790a1833540ecc3bef194b1,elephant,0.0
0.002161621891595189,validation,6,round_robin,0.034294416390213245,0.036456038281808434,0.002161621891595189,6ebf1d4a3979d7161a486c14c964fd4ba7edc61cb790a1833540ecc3bef194b1,elephant,0.0
0.20635308051775825,source,6,round_robin,0.0,0.20635308051775825,0.20635308051775825,bc24c6faeac1e574055e0ff41161d84d9806181e49ceec1cbc818c40326964d1,neighbor,0.0
0.00020328355775323104,validation,6,round_robin,0.032527527976703885,0.032730811534457116,0.00020328355775323104,bc24c6faeac1e574055e0ff41161d84d9806181e49ceec1cbc818c40326964d1,neighbor,0.0
0.2176418270643099,source,6,round_robin,0.0,0.2176418270643099,0.2176418270643099,187c4e098f14ab414dbbbd5ff50061854921f1773b0f16dca4bec0e7bdc5a346,dragon,0.0
0.008531717153695828,validation,6,round_robin,0.05765529328834029,0.06618701044203612,0.008531717153695828,187c4e098f14ab414dbbbd5ff50061854921f1773b0f16dca4bec0e7bdc5a346,dragon,0.0
0.21072791357196685,source,6,round_robin,0.0,0.21072791357196685,0.21072791357196685,3a21b7c073c06e3785d08c1d5c863c4ba5026f3ad45732feb3bcac89c8bebb18,queen,0.0
0.02909483006811797,validation,6,round_robin,0.02101461749303324,0.05010944756115121,0.02909483006811797,3a21b7c073c06e3785d08c1d5c863c4ba5026f3ad45732feb3bcac89c8bebb18,queen,0.0
0.21201889483600556,source,6,round_robin,0.0,0.21201889483600556,0.21201889483600556,1a37afc7d2d81df1b17e51573cd32c12310338e29a099236a18cb6faefa51ed1,horse,0.0
-0.031840651615623994,validation,6,round_robin,0.09539135646726882,0.06355070485164482,-0.031840651615623994,1a37afc7d2d81df1b17e51573cd32c12310338e29a099236a18cb6faefa51ed1,horse,0.0
0.1865079981188329,source,6,round_robin,0.004912227741684649,0.19142022586051755,0.1865079981188329,ca233166e6e1f524b08561bad1b8c5c673a093a9cd40139775ef369f74cb7633,bus,0.0
-0.005954124724172338,validation,6,round_robin,0.033449335652317114,0.027495210928144775,-0.005954124724172338,ca233166e6e1f524b08561bad1b8c5c673a093a9cd40139775ef369f74cb7633,bus,0.0
0.19182938624057844,source,6,round_robin,0.0,0.19182938624057844,0.19182938624057844,440f2b6be6d650a05126b144d875c2fe7ab8543f8a04d8264d1f0f40ac2ba4b3,mouse,0.0
-0.03274879306360501,validation,6,round_robin,0.049140850599306285,0.016392057535701277,-0.03274879306360501,440f2b6be6d650a05126b144d875c2fe7ab8543f8a04d8264d1f0f40ac2ba4b3,mouse,0.0
0.1946869311385615,source,6,round_robin,0.0,0.1946869311385615,0.1946869311385615,3206a11f96406153443dcad753ee677f9d2b009928e39dc0206c2dc4f5b1c6b3,rabbit,0.0
-0.036400024004823006,validation,6,round_robin,0.04225732113970948,0.005857297134886474,-0.036400024004823006,3206a11f96406153443dcad753ee677f9d2b009928e39dc0206c2dc4f5b1c6b3,rabbit,0.0
0.20566194339411825,source,6,round_robin,0.0,0.20566194339411825,0.20566194339411825,4ea2fc4ec0e15036509985ee5aa4b54b2eded94fa08fe61d9173fbcea48beac1,boat,0.0
-0.032894506099376386,validation,6,round_robin,0.05412990362086201,0.02123539752148562,-0.032894506099376386,4ea2fc4ec0e15036509985ee5aa4b54b2eded94fa08fe61d9173fbcea48beac1,boat,0.0
0.1904053556702745,source,6,round_robin,0.0,0.1904053556702745,0.1904053556702745,a51c9970ba26aff41ca6544b161c46a746137073485ccc617deec46b94673a8e,brother,0.0
-0.012243025238052763,validation,6,round_robin,0.04642300436960367,0.03417997913155091,-0.012243025238052763,a51c9970ba26aff41ca6544b161c46a746137073485ccc617deec46b94673a8e,brother,0.0
0.1991167874052353,source,6,round_robin,0.0,0.1991167874052353,0.1991167874052353,f4e00c83bb73fbedbe45ecef75138be83c62588207b56e7cf8be6af468bfb445,parent,0.0
-0.019234551087785157,validation,6,round_robin,0.04329726319005078,0.024062712102265627,-0.019234551087785157,f4e00c83bb73fbedbe45ecef75138be83c62588207b56e7cf8be6af468bfb445,parent,0.0
0.17995296035033537,source,6,round_robin,0.0,0.17995296035033537,0.17995296035033537,fb792f1af51d72a468e19f865e5e4b3dbe28a2118497b7e7fa7d34cf97b198d8,duck,0.0
-0.0035990667100815887,validation,6,round_robin,0.029304170527746365,0.025705103817664776,-0.0035990667100815887,fb792f1af51d72a468e19f865e5e4b3dbe28a2118497b7e7fa7d34cf97b198d8,duck,0.0
0.19749973992607073,source,6,round_robin,0.0,0.19749973992607073,0.19749973992607073,82b82b4fb0dd3b284af53437a0576eafe5977451d5f4cc6890222038b595afea,sister,0.0
-0.014561000309212035,validation,6,round_robin,0.020300686199607565,0.0057396858903955295,-0.014561000309212035,82b82b4fb0dd3b284af53437a0576eafe5977451d5f4cc6890222038b595afea,sister,0.0
0.20378106674722352,source,6,round_robin,0.0,0.20378106674722352,0.20378106674722352,5ce2c7cd0fc4978ab6ebdf092209462b707045796472be987a1a92ebc7a3def5,pet,0.0
-0.0531248394132231,validation,6,round_robin,0.07117868599071975,0.018053846577496646,-0.0531248394132231,5ce2c7cd0fc4978ab6ebdf092209462b707045796472be987a1a92ebc7a3def5,pet,0.0
0.2004649438949564,source,6,round_robin,0.0,0.2004649438949564,0.2004649438949564,61524ae54a99c01f7db8884d0a2ed2f06b9dfcf0b5d9f96b0ca2d8f1796373fd,bicycle,0.0
-0.01268659368760483,validation,6,round_robin,0.061631994173710014,0.048945400486105184,-0.01268659368760483,61524ae54a99c01f7db8884d0a2ed2f06b9dfcf0b5d9f96b0ca2d8f1796373fd,bicycle,0.0
0.18870474299590057,source,6,round_robin,0.0,0.18870474299590057,0.18870474299590057,7d81baacc04c93e8a6f33b19fa5c224a77a98bf689762a436c9257f1fdc2f284,grandma,0.0
-0.007852746446203485,validation,6,round_robin,0.029298838447122222,0.021446092000918737,-0.007852746446203485,7d81baacc04c93e8a6f33b19fa5c224a77a98bf689762a436c9257f1fdc2f284,grandma,0.0
0.19874269861042504,source,6,round_robin,0.0,0.19874269861042504,0.19874269861042504,6edfb0a736fb3b123c68417e4912595858653b889a34a8f540950ec3f2849145,lion,0.0
0.00016788392219901915,validation,6,round_robin,0.034073216479526325,0.034241100401725344,0.00016788392219901915,6edfb0a736fb3b123c68417e4912595858653b889a34a8f540950ec3f2849145,lion,0.0
0.21514929422824602,source,6,round_robin,0.0,0.21514929422824602,0.21514929422824602,351d74a89ac53a6c221490c9c8188c15f4c7a8b6c7636fa0aa7436c246b9e690,fairy,0.0
0.029110208309200747,validation,6,round_robin,0.019673219164408895,0.04878342747360964,0.029110208309200747,351d74a89ac53a6c221490c9c8188c15f4c7a8b6c7636fa0aa7436c246b9e690,fairy,0.0
0.20267932682133272,source,6,round_robin,0.0,0.20267932682133272,0.20267932682133272,9acab0718dccb8b95285407b53485ced20d9e143335d465f8b5eeba8148f3e2e,train,0.0
-0.029947065507636816,validation,6,round_robin,0.04502057558921213,0.015073510081575314,-0.029947065507636816,9acab0718dccb8b95285407b53485ced20d9e143335d465f8b5eeba8148f3e2e,train,0.0
0.18794915715892513,source,6,round_robin,0.0,0.18794915715892513,0.18794915715892513,1468a00bdcc4d400d2bf435e2cfa78df1e63f91a91fedaba00efd41478a73b04,cow,0.0
-0.03539771023175575,validation,6,round_robin,0.05619986325699755,0.0208021530252418,-0.03539771023175575,1468a00bdcc4d400d2bf435e2cfa78df1e63f91a91fedaba00efd41478a73b04,cow,0.0
0.1969595832868829,source,6,round_robin,0.0,0.1969595832868829,0.1969595832868829,8f0d9146473bde9cd846105e247222eb848b787e42edadcd73226f4144b1b4d3,wheel,0.0
-0.035106116525321696,validation,6,round_robin,0.04147684176232391,0.006370725237002217,-0.035106116525321696,8f0d9146473bde9cd846105e247222eb848b787e42edadcd73226f4144b1b4d3,wheel,0.0
0.20167104077444975,source,6,round_robin,0.0,0.20167104077444975,0.20167104077444975,87ced9e73cdedfb5501a254ad3b0c78df991db0915f99a7d240bb435114332a6,monkey,0.0
-0.016368292878590873,validation,6,round_robin,0.04733803002428827,0.030969737145697396,-0.016368292878590873,87ced9e73cdedfb5501a254ad3b0c78df991db0915f99a7d240bb435114332a6,monkey,0.0
0.1953577008200611,source,6,round_robin,0.0,0.1953577008200611,0.1953577008200611,08010ff0ef3f0c40935b35ae8b8ba81336c78371a4d001b06a45c392e9d66a0e,princess,0.0
-0.016116295390133706,validation,6,round_robin,0.03442891123746139,0.018312615847327685,-0.016116295390133706,08010ff0ef3f0c40935b35ae8b8ba81336c78371a4d001b06a45c392e9d66a0e,princess,0.0
0.20426947256168515,source,6,round_robin,0.0,0.20426947256168515,0.20426947256168515,db647aba5670c74bd7723832606efc62a76067a405054b875aa82ed1c2a2d628,plane,0.0
-0.010845307197986598,validation,6,round_robin,0.030404951929219104,0.019559644731232506,-0.010845307197986598,db647aba5670c74bd7723832606efc62a76067a405054b875aa82ed1c2a2d628,plane,0.0
0.2033434500814939,source,6,round_robin,0.0,0.2033434500814939,0.2033434500814939,5a72d7edb25cb737cd8735b13010c21fad865c547af397ec357ef80106a6f610,elephant,0.0
-0.0063865649154764,validation,6,round_robin,0.04676989948048327,0.04038333456500687,-0.0063865649154764,5a72d7edb25cb737cd8735b13010c21fad865c547af397ec357ef80106a6f610,elephant,0.0
0.21291487678391308,source,6,round_robin,0.0,0.21291487678391308,0.21291487678391308,c2ae41ed4a2ce5a8d82bfe17338c5aa64d16c92fdffefde6a4f9a03133160de2,neighbor,0.0
-0.0008250126669269164,validation,6,round_robin,0.03169747440461279,0.030872461737685875,-0.0008250126669269164,c2ae41ed4a2ce5a8d82bfe17338c5aa64d16c92fdffefde6a4f9a03133160de2,neighbor,0.0
0.20903486975785301,source,6,round_robin,0.0,0.20903486975785301,0.20903486975785301,291a66f1a68ea76134f83a786c5f74e1bd08510ddb9c8846f765baf6d2cbada2,dragon,0.0
0.017666053514570512,validation,6,round_robin,0.012407840826572647,0.03007389434114316,0.017666053514570512,291a66f1a68ea76134f83a786c5f74e1bd08510ddb9c8846f765baf6d2cbada2,dragon,0.0
0.21810592385299765,source,6,round_robin,0.0,0.21810592385299765,0.21810592385299765,5d0010f552ff30c86df1bfe2a0fe1873d62572feeb6b4b70385b57d82a0b2869,queen,0.0
0.021417488738477708,validation,6,round_robin,0.028396257736811537,0.049813746475289244,0.021417488738477708,5d0010f552ff30c86df1bfe2a0fe1873d62572feeb6b4b70385b57d82a0b2869,queen,0.0
0.20732671111345002,source,6,round_robin,0.0,0.20732671111345002,0.20732671111345002,fabb83a1760fe19e99be294c593b143ce481a5d599898663ee35dc90a2a404df,horse,0.0
0.05341248684731159,validation,6,round_robin,0.0794139444420181,0.1328264312893297,0.05341248684731159,fabb83a1760fe19e99be294c593b143ce481a5d599898663ee35dc90a2a404df,horse,0.0
0.18830435654355737,source,6,round_robin,0.0012652132988995035,0.18956956984245688,0.18830435654355737,63314c5241475cd78bea03c45c0bd2394264127f359c4546ccacfa359a83e956,bus,0.0
-0.0035846035913718044,validation,6,round_robin,0.023237412291198023,0.01965280869982622,-0.0035846035913718044,63314c5241475cd78bea03c45c0bd2394264127f359c4546ccacfa359a83e956,bus,0.0
0.20006304724403723,source,6,round_robin,0.0,0.20006304724403723,0.20006304724403723,f362e69382cb038128c805ec1ed30c49ee92499692c664fe352e2fa1d2035b1e,mouse,0.0
-0.037570993157377996,validation,6,round_robin,0.05199761620711785,0.01442662304973985,-0.037570993157377996,f362e69382cb038128c805ec1ed30c49ee92499692c664fe352e2fa1d2035b1e,mouse,0.0
0.18928055918791875,source,6,round_robin,0.0,0.18928055918791875,0.18928055918791875,f22aa6e8ef466aa7a9399cb859b4c8927e3c6ccc709544de94c5596709464fee,rabbit,0.0
-0.03049852169031997,validation,6,round_robin,0.0444098164447575,0.013911294754437531,-0.03049852169031997,f22aa6e8ef466aa7a9399cb859b4c8927e3c6ccc709544de94c5596709464fee,rabbit,0.0
0.20391692786313453,source,6,round_robin,0.0,0.20391692786313453,0.20391692786313453,7931bcaf2305ef9e8053766ce114351a0cdb54539410318b464e82c00ea710b6,boat,0.0
-0.0414758070986323,validation,6,round_robin,0.06118345260620117,0.01970764550756887,-0.0414758070986323,7931bcaf2305ef9e8053766ce114351a0cdb54539410318b464e82c00ea710b6,boat,0.0
0.19187601903040097,source,6,round_robin,0.0,0.19187601903040097,0.19187601903040097,d13779d457bc97af2fbaba6cf2bd1a3986613238c5a9f368109a5e234bd95ebf,brother,0.0
-0.011198821833587669,validation,6,round_robin,0.033122290214433026,0.021923468380845357,-0.011198821833587669,d13779d457bc97af2fbaba6cf2bd1a3986613238c5a9f368109a5e234bd95ebf,brother,0.0
0.20874774681040442,source,6,round_robin,0.0,0.20874774681040442,0.20874774681040442,971c6a5a1ad5f2e6fda4deaa03250fd9006b114f4c3d738a78103b1d539a46a6,parent,0.0
-0.031473224571924696,validation,6,round_robin,0.03970414227525998,0.008230917703335283,-0.031473224571924696,971c6a5a1ad5f2e6fda4deaa03250fd9006b114f4c3d738a78103b1d539a46a6,parent,0.0
0.2025862610543685,source,6,round_robin,0.0005803534746107175,0.20316661452897922,0.2025862610543685,1d818e4ff523495aff34c6cb021d1b20fdcd33be370e0ce2865bbd12fbd9ce3b,duck,0.0
0.012430019798688186,validation,6,round_robin,0.03304266646916676,0.045472686267854945,0.012430019798688186,1d818e4ff523495aff34c6cb021d1b20fdcd33be370e0ce2865bbd12fbd9ce3b,duck,0.0
0.20079056919264748,source,6,round_robin,0.0,0.20079056919264748,0.20079056919264748,dac1b4f1936a3b595124f9ee064a0eb6b9473e1f9ee0505e1fd24ea3c4e8cba4,sister,0.0
-0.016555595227498054,validation,6,round_robin,0.03883379031974776,0.02227819509224971,-0.016555595227498054,dac1b4f1936a3b595124f9ee064a0eb6b9473e1f9ee0505e1fd24ea3c4e8cba4,sister,0.0
0.20048590278398493,source,6,round_robin,0.0,0.20048590278398493,0.20048590278398493,64eb07c510d370decb5adc55f8a0cb811d5e90d4f5b1ff9472c806d3d6ec5ed3,pet,0.0
-0.03559409867835339,validation,6,round_robin,0.057860685574875115,0.022266586896521723,-0.03559409867835339,64eb07c510d370decb5adc55f8a0cb811d5e90d4f5b1ff9472c806d3d6ec5ed3,pet,0.0
0.20328137940670454,source,6,round_robin,0.0,0.20328137940670454,0.20328137940670454,8c45359674523e87f0d4ae46f676800294419758bb79a2db6faecefe3a35632e,bicycle,0.0
-0.028218715610478062,validation,6,round_robin,0.05202202755735885,0.02380331194688079,-0.028218715610478062,8c45359674523e87f0d4ae46f676800294419758bb79a2db6faecefe3a35632e,bicycle,0.0
0.2009756247009744,source,6,round_robin,0.0,0.2009756247009744,0.2009756247009744,e7276227c9bd097b51179a0ae6a58db268fffb2e345cf847eaa01e653f6f59f7,grandma,0.0
-0.003065301874290771,validation,6,round_robin,0.02716689628589153,0.024101594411600757,-0.003065301874290771,e7276227c9bd097b51179a0ae6a58db268fffb2e345cf847eaa01e653f6f59f7,grandma,0.0
0.19969141119957756,source,6,round_robin,0.0,0.19969141119957756,0.19969141119957756,49cf7f446ad0ed2b862616b2a35e4424371c916a3a6933e17e2be4615a0691ac,lion,0.0
-0.028585388736911188,validation,6,round_robin,0.056255436342630416,0.027670047605719228,-0.028585388736911188,49cf7f446ad0ed2b862616b2a35e4424371c916a3a6933e17e2be4615a0691ac,lion,0.0
0.2133275304619524,source,6,round_robin,0.0,0.2133275304619524,0.2133275304619524,280825678933c0e5b577afe2f2007ce62d4dbb2793c04fe259da3f1cb86bd225,fairy,0.0
0.02947913101254951,validation,6,round_robin,0.020161813592465716,0.049640944605015225,0.02947913101254951,280825678933c0e5b577afe2f2007ce62d4dbb2793c04fe259da3f1cb86bd225,fairy,0.0
0.20415500407764164,source,6,round_robin,0.0,0.20415500407764164,0.20415500407764164,faccb81ee95576436e73d626c7946348274f7adcfda1c2e9a9817fb971975c80,train,0.0
-0.02266939057871209,validation,6,round_robin,0.034809147347595104,0.012139756768883014,-0.02266939057871209,faccb81ee95576436e73d626c7946348274f7adcfda1c2e9a9817fb971975c80,train,0.0
0.1888455801415705,source,6,round_robin,0.0,0.1888455801415705,0.1888455801415705,f901becc0223c18cfccc0752b7c5a97fde2f1569ae1abf82bc27f037dcb9e8b4,cow,0.0
-0.023107584264894232,validation,6,round_robin,0.03444243677404546,0.011334852509151228,-0.023107584264894232,f901becc0223c18cfccc0752b7c5a97fde2f1569ae1abf82bc27f037dcb9e8b4,cow,0.0
0.20140885922261886,source,6,round_robin,0.0,0.20140885922261886,0.20140885922261886,72c751bdf3da18060ddadcf90e1fa184bf4b53434210929cfefa68004fa88be4,wheel,0.0
-0.028333786173720066,validation,6,round_robin,0.043894664626891844,0.015560878453171778,-0.028333786173720066,72c751bdf3da18060ddadcf90e1fa184bf4b53434210929cfefa68004fa88be4,wheel,0.0
0.19853563771747873,source,6,round_robin,0.0,0.19853563771747873,0.19853563771747873,ad49b99e873dbb48e83c6f6a4e51cce0abf25606ab59f519bcb95432f749af7a,monkey,0.0
-0.01543725933324902,validation,6,round_robin,0.03929016749484893,0.023852908161599906,-0.01543725933324902,ad49b99e873dbb48e83c6f6a4e51cce0abf25606ab59f519bcb95432f749af7a,monkey,0.0
0.20297989718151332,source,6,round_robin,0.0,0.20297989718151332,0.20297989718151332,99814d29fd76767c7df0c8af6ecdc0f8b1dfd5cca46eb49fad3efec2d2519883,princess,0.0
-0.031809046908814365,validation,6,round_robin,0.05386103770895945,0.022051990800145083,-0.031809046908814365,99814d29fd76767c7df0c8af6ecdc0f8b1dfd5cca46eb49fad3efec2d2519883,princess,0.0
0.21083631926421398,source,6,round_robin,0.0,0.21083631926421398,0.21083631926421398,7cb0660f9f110654ca6702e0829175924e9ba75ae0f8830be29d375b20df7996,plane,0.0
-0.02507612797384562,validation,6,round_robin,0.038747812049948704,0.013671684076103086,-0.02507612797384562,7cb0660f9f110654ca6702e0829175924e9ba75ae0f8830be29d375b20df7996,plane,0.0
0.18089219606617668,source,6,round_robin,0.0,0.18089219606617668,0.18089219606617668,e90ba0bc504b11426e1da0673077a5c63fa9ff740145026f97e9f95328eab070,elephant,0.0
-0.008524296330470804,validation,6,round_robin,0.037472620197370965,0.02894832386690016,-0.008524296330470804,e90ba0bc504b11426e1da0673077a5c63fa9ff740145026f97e9f95328eab070,elephant,0.0
0.20664468093322275,source,6,round_robin,0.0,0.20664468093322275,0.20664468093322275,c34f300770763242eb5b59ef3b5dc14f0b3298c7632cf70a6b541341e8250285,neighbor,0.0
-0.012643781053945702,validation,6,round_robin,0.030796671433072742,0.01815289037912704,-0.012643781053945702,c34f300770763242eb5b59ef3b5dc14f0b3298c7632cf70a6b541341e8250285,neighbor,0.0
0.2075791268014915,source,6,round_robin,0.0,0.2075791268014915,0.2075791268014915,7cf773e6f879228e573430cf0a26359cf21a3472cd2a0f05c07a3afe15db2153,dragon,0.0
-0.02019061089849017,validation,6,round_robin,0.02794255965795278,0.007751948759462612,-0.02019061089849017,7cf773e6f879228e573430cf0a26359cf21a3472cd2a0f05c07a3afe15db2153,dragon,0.0
0.1746290553933747,source,6,round_robin,0.0,0.1746290553933747,0.1746290553933747,f2d120f9be0523aab4668a5cc741e1170a18bf4f8028ca2f55ef7072c9c3f045,queen,0.0
0.005871845362011241,validation,6,round_robin,0.026541118584597623,0.032412963946608864,0.005871845362011241,f2d120f9be0523aab4668a5cc741e1170a18bf4f8028ca2f55ef7072c9c3f045,queen,0.0
0.18763023129584155,source,6,round_robin,0.0,0.18763023129584155,0.18763023129584155,3cac14a70a23a2b9a23e141a8dade53de82fd2b5a32a6c3fb894332f60b2566d,horse,0.0
-0.0646469306386459,validation,6,round_robin,0.09396499156485794,0.02931806092621203,-0.0646469306386459,3cac14a70a23a2b9a23e141a8dade53de82fd2b5a32a6c3fb894332f60b2566d,horse,0.0
0.1729636328668116,source,6,round_robin,0.0,0.1729636328668116,0.1729636328668116,592d9f0cc856a72ee5d36034f1e87eac6b44f56c32eb9b49036b06796271cd6c,bus,0.0
-0.0009578568089583239,validation,6,round_robin,0.023293760415208142,0.02233590360624982,-0.0009578568089583239,592d9f0cc856a72ee5d36034f1e87eac6b44f56c32eb9b49036b06796271cd6c,bus,0.0
0.19752277155190945,source,6,round_robin,0.0,0.19752277155190945,0.19752277155190945,1abbffd2f238749bd4ede0caf3b31f8ffb869d7901093e8cc9787c7d93c1e563,mouse,0.0
-0.004540061702007048,validation,6,round_robin,0.032229407358977946,0.0276893456569709,-0.004540061702007048,1abbffd2f238749bd4ede0caf3b31f8ffb869d7901093e8cc9787c7d93c1e563,mouse,0.0
0.15993301936631643,source,6,round_robin,0.014269547845223718,0.17420256721154015,0.15993301936631643,bc0171c164e93cf318d855c3c1216b5a5f53ea185de4a9f52a1eea719e480912,rabbit,0.0
-0.0073600954175148114,validation,6,round_robin,0.03506787130811362,0.027707775890598807,-0.0073600954175148114,bc0171c164e93cf318d855c3c1216b5a5f53ea185de4a9f52a1eea719e480912,rabbit,0.0
0.20814715375916681,source,6,round_robin,0.0,0.20814715375916681,0.20814715375916681,fe78db6171c9ca303266bafc879a7ae5e5b155ed191c04303bf3a5fb5d57e84d,boat,0.0
-0.04003524146181481,validation,6,round_robin,0.049836511307574494,0.009801269845759686,-0.04003524146181481,fe78db6171c9ca303266bafc879a7ae5e5b155ed191c04303bf3a5fb5d57e84d,boat,0.0
0.19979721050304322,source,6,round_robin,0.0,0.19979721050304322,0.19979721050304322,239b9322e6eaea275494be9769daa53b19410ffceba9507a395bf2ed4f0e25d1,brother,0.0
-0.030494151695255267,validation,6,round_robin,0.04968723240358641,0.019193080708331145,-0.030494151695255267,239b9322e6eaea275494be9769daa53b19410ffceba9507a395bf2ed4f0e25d1,brother,0.0
0.20746662184314468,source,6,round_robin,0.0,0.20746662184314468,0.20746662184314468,399653f2a6d3086ccb74b16e7b30493ad0d713ea02d630e1f21ead77f3b46fa3,parent,0.0
-0.022517839359546876,validation,6,round_robin,0.04270737208343034,0.020189532723883463,-0.022517839359546876,399653f2a6d3086ccb74b16e7b30493ad0d713ea02d630e1f21ead77f3b46fa3,parent,0.0
0.18000321542459297,source,6,round_robin,0.005796044278814083,0.18579925970340705,0.18000321542459297,0f906056d22148128f65942384c6868f895a2f486aee7c528657675a244bd860,duck,0.0
-0.0123857986045246,validation,6,round_robin,0.04302312074442627,0.030637322139901668,-0.0123857986045246,0f906056d22148128f65942384c6868f895a2f486aee7c528657675a244bd860,duck,0.0
0.19289366785489714,source,6,round_robin,0.0,0.19289366785489714,0.19289366785489714,b212240fe0d1a7577662e9c69d443530a41398e5f2b9f2039761952814b4cea2,sister,0.0
-0.011322247332179902,validation,6,round_robin,0.032481730463677305,0.021159483131497403,-0.011322247332179902,b212240fe0d1a7577662e9c69d443530a41398e5f2b9f2039761952814b4cea2,sister,0.0
0.2007329369292623,source,6,round_robin,0.0,0.2007329369292623,0.2007329369292623,4b34c9301e8290fd1c22e2cbc38fd5ee21122ed4dfe468b36e02bd7a38ba160e,pet,0.0
-0.017829308299196045,validation,6,round_robin,0.027938209359096522,0.010108901059900477,-0.017829308299196045,4b34c9301e8290fd1c22e2cbc38fd5ee21122ed4dfe468b36e02bd7a38ba160e,pet,0.0
0.2009672811627956,source,6,round_robin,0.0,0.2009672811627956,0.2009672811627956,7e643822dbea15c3b39ca83a3f97bc78ca9121c6c6bebf725762ee8737f0b5a5,bicycle,0.0
-0.010097305901541676,validation,6,round_robin,0.05221770816957383,0.04212040226803215,-0.010097305901541676,7e643822dbea15c3b39ca83a3f97bc78ca9121c6c6bebf725762ee8737f0b5a5,bicycle,0.0
0.20098808791941547,source,6,round_robin,0.0,0.20098808791941547,0.20098808791941547,af334d0cc1926edec238d2de96b9db9fe49bf0486f542f71931d2c107b206bb7,grandma,0.0
-0.0020253873007922696,validation,6,round_robin,0.02889906174810153,0.02687367444730926,-0.0020253873007922696,af334d0cc1926edec238d2de96b9db9fe49bf0486f542f71931d2c107b206bb7,grandma,0.0
0.21839879187137012,source,6,round_robin,0.0,0.21839879187137012,0.21839879187137012,2e4499e81696fa4a4dbf8d26ff3d197d745217d24e3da305247c43ad7305fc96,lion,0.0
-0.004550079920301986,validation,6,round_robin,0.02403012412695049,0.019480044206648506,-0.004550079920301986,2e4499e81696fa4a4dbf8d26ff3d197d745217d24e3da305247c43ad7305fc96,lion,0.0
0.19898782292476902,source,6,round_robin,0.0,0.19898782292476902,0.19898782292476902,b96377f4b100adcaf246cc7cdccba26a950b8a41a7401ce19e76919cf4d4c055,fairy,0.0
0.05692552695360753,validation,6,round_robin,0.003679641061664407,0.06060516801527194,0.05692552695360753,b96377f4b100adcaf246cc7cdccba26a950b8a41a7401ce19e76919cf4d4c055,fairy,0.0
0.21499118188371402,source,6,round_robin,0.0,0.21499118188371402,0.21499118188371402,b7f866686e6c62e57e60c67c249654b346e12dd71bed282a579dbf82b26ec08d,train,0.0
-0.0339657653718306,validation,6,round_robin,0.038058137987727614,0.004092372615897011,-0.0339657653718306,b7f866686e6c62e57e60c67c249654b346e12dd71bed282a579dbf82b26ec08d,train,0.0
0.20572638950957312,source,6,round_robin,0.0,0.20572638950957312,0.20572638950957312,1266982cdfc6597d28839090ce0f147acea8cbf8007ee612aa78d9b1cef1cde4,cow,0.0
-0.02481757410314711,validation,6,round_robin,0.04701738673330169,0.02219981263015458,-0.02481757410314711,1266982cdfc6597d28839090ce0f147acea8cbf8007ee612aa78d9b1cef1cde4,cow,0.0
0.21952199243099102,source,6,round_robin,0.0,0.21952199243099102,0.21952199243099102,18f4c61173a5e996fe9b9efe30b681044429739c634192a3345fdf372731b153,wheel,0.0
-0.007720770282007017,validation,6,round_robin,0.0312829711567737,0.02356220087476668,-0.007720770282007017,18f4c61173a5e996fe9b9efe30b681044429739c634192a3345fdf372731b153,wheel,0.0
0.20587701744767894,source,6,round_robin,0.0,0.20587701744767894,0.20587701744767894,5ecf2e93e77e014143a802816093faeb852d882aed5ed1532c569b04969f5ee5,monkey,0.0
-0.017635176309602096,validation,6,round_robin,0.03927603720987505,0.02164086090027295,-0.017635176309602096,5ecf2e93e77e014143a802816093faeb852d882aed5ed1532c569b04969f5ee5,monkey,0.0
0.20453321722297835,source,6,round_robin,0.0,0.20453321722297835,0.20453321722297835,e15b9ee41846c650a8778f7548efa009249a6515b27240f553d0d94a1eab250c,princess,0.0
-0.012795750756920743,validation,6,round_robin,0.03363110076329656,0.02083535000637582,-0.012795750756920743,e15b9ee41846c650a8778f7548efa009249a6515b27240f553d0d94a1eab250c,princess,0.0
0.20696518204196646,source,6,round_robin,0.0,0.20696518204196646,0.20696518204196646,e0b1d0daa2bde6345a3e6a72e67cf3b544ad4743cb2458ee4856de95cc60d157,plane,0.0
-0.015487291886147059,validation,6,round_robin,0.03720484545493141,0.021717553568784354,-0.015487291886147059,e0b1d0daa2bde6345a3e6a72e67cf3b544ad4743cb2458ee4856de95cc60d157,plane,0.0
0.2006161155990367,source,6,round_robin,0.0,0.2006161155990367,0.2006161155990367,49c6375995ac63c28425974e81476524d1fcb3a23b357b4a39bde271e98cd82c,elephant,0.0
-0.020087100010292236,validation,6,round_robin,0.041103141759735395,0.02101604174944316,-0.020087100010292236,49c6375995ac63c28425974e81476524d1fcb3a23b357b4a39bde271e98cd82c,elephant,0.0
0.20997382096778416,source,6,round_robin,0.0,0.20997382096778416,0.20997382096778416,9565f69344aed630d35662e93b298b5df28785449a7b1ec709d28301087eaf1c,neighbor,0.0
-0.00347708994174889,validation,6,round_robin,0.025763803436053667,0.022286713494304777,-0.00347708994174889,9565f69344aed630d35662e93b298b5df28785449a7b1ec709d28301087eaf1c,neighbor,0.0
0.196134629708564,source,6,round_robin,0.0,0.196134629708564,0.196134629708564,b9faf888d597738bafc89a6a9d6fe1b4d7b9ddb76fd1b23a441a4f04c8b8a53b,dragon,0.0
0.020171902922966334,validation,6,round_robin,0.016730299523645575,0.03690220244661191,0.020171902922966334,b9faf888d597738bafc89a6a9d6fe1b4d7b9ddb76fd1b23a441a4f04c8b8a53b,dragon,0.0
0.2021610577587758,source,6,round_robin,0.0,0.2021610577587758,0.2021610577587758,3e07c2f9093bdbc9880709d36c13423cd4879ee85144665bee18176312d0786f,queen,0.0
0.009587220270756314,validation,6,round_robin,0.042551141166811135,0.05213836143756745,0.009587220270756314,3e07c2f9093bdbc9880709d36c13423cd4879ee85144665bee18176312d0786f,queen,0.0
0.20412525469504827,source,6,round_robin,0.0,0.20412525469504827,0.20412525469504827,207d49db29f7cb182755529d04979b099ede228a069debe7800cb49d2d294746,horse,0.0
0.01767866259562778,validation,6,round_robin,0.0830163703985578,0.10069503299418558,0.01767866259562778,207d49db29f7cb182755529d04979b099ede228a069debe7800cb49d2d294746,horse,0.0
0.15830758572566994,source,6,round_robin,0.020138071028884097,0.17844565675455404,0.15830758572566994,20926e66e6ccf85ce2fff9e5736ffc112e78109bf019a6aac2db9b28b434f4e9,bus,0.0
0.015747089173796747,validation,6,round_robin,0.019618825358425074,0.03536591453222182,0.015747089173796747,20926e66e6ccf85ce2fff9e5736ffc112e78109bf019a6aac2db9b28b434f4e9,bus,0.0
0.19607936820504723,source,6,round_robin,0.0,0.19607936820504723,0.19607936820504723,1c91a972241134605cdbb6f53e0659a4e29d4034d49e93a62815942f284b7f27,mouse,0.0
-0.02087909146424538,validation,6,round_robin,0.030392618191755094,0.009513526727509714,-0.02087909146424538,1c91a972241134605cdbb6f53e0659a4e29d4034d49e93a62815942f284b7f27,mouse,0.0
0.1935263179672877,source,6,round_robin,0.0,0.1935263179672877,0.1935263179672877,53423bc8ecefb9c76deb91b259eec8a8e6a0e6f4e218588f96df2fc3574ea295,rabbit,0.0
-0.022634939824636602,validation,6,round_robin,0.047123330458522794,0.024488390633886192,-0.022634939824636602,53423bc8ecefb9c76deb91b259eec8a8e6a0e6f4e218588f96df2fc3574ea295,rabbit,0.0
0.18371117043413654,source,6,round_robin,0.0,0.18371117043413654,0.18371117043413654,1e0eccbad59fbad597192b31f7b72ad40829c5a6bf1ff08b52a3dda77f55c168,boat,0.0
-0.03423873033929392,validation,6,round_robin,0.07470081334418444,0.040462083004890514,-0.03423873033929392,1e0eccbad59fbad597192b31f7b72ad40829c5a6bf1ff08b52a3dda77f55c168,boat,0.0
0.1961411094076546,source,6,round_robin,0.0,0.1961411094076546,0.1961411094076546,c8196100de1b7ed47f85b3c8d106595f6857e78c4f5f1559ced3ea4644b8a253,brother,0.0
-0.027053253659228282,validation,6,round_robin,0.04389823064123921,0.01684497698201093,-0.027053253659228282,c8196100de1b7ed47f85b3c8d106595f6857e78c4f5f1559ced3ea4644b8a253,brother,0.0
0.20350996164081847,source,6,round_robin,0.0,0.20350996164081847,0.20350996164081847,59019a352d940690cc1276014715099c43930d81bb12904634411d9438809d3b,parent,0.0
-0.027825005070403863,validation,6,round_robin,0.0340295974289655,0.006204592358561634,-0.027825005070403863,59019a352d940690cc1276014715099c43930d81bb12904634411d9438809d3b,parent,0.0
0.19540334604499554,source,6,round_robin,0.0,0.19540334604499554,0.19540334604499554,4d659666b9576b6abf94c9813da1f9f05151d9044dc6e8ec027a5cf3d0f4277b,duck,0.0
-0.014343694668580875,validation,6,round_robin,0.049349721847181005,0.03500602717860013,-0.014343694668580875,4d659666b9576b6abf94c9813da1f9f05151d9044dc6e8ec027a5cf3d0f4277b,duck,0.0
0.19468408235747736,source,6,round_robin,0.0,0.19468408235747736,0.19468408235747736,6e47f8309f502de41f617d7dbaed1484b954e1096b07d4099d0bcf7ce024fc6d,sister,0.0
-0.01757465802312841,validation,6,round_robin,0.033813699001281394,0.016239040978152985,-0.01757465802312841,6e47f8309f502de41f617d7dbaed1484b954e1096b07d4099d0bcf7ce024fc6d,sister,0.0
0.1778739099460842,source,6,round_robin,0.0,0.1778739099460842,0.1778739099460842,d242e5b3b5cace7b1f81c32eb3a9da228d7fe5130eecb3fdee1f8b0439a7802d,pet,0.0
-0.022166532807809558,validation,6,round_robin,0.03637400125175683,0.014207468443947269,-0.022166532807809558,d242e5b3b5cace7b1f81c32eb3a9da228d7fe5130eecb3fdee1f8b0439a7802d,pet,0.0
0.19893989275752855,source,6,round_robin,0.0,0.19893989275752855,0.19893989275752855,82a9770db6d90b8fcff0e0de3f6820e50f7fbb805edc7c14d60783ebff2f2147,bicycle,0.0
-0.011551199961163938,validation,6,round_robin,0.045687345441442595,0.03413614548027866,-0.011551199961163938,82a9770db6d90b8fcff0e0de3f6820e50f7fbb805edc7c14d60783ebff2f2147,bicycle,0.0
0.19186675758120408,source,6,round_robin,0.0,0.19186675758120408,0.19186675758120408,5b357942b0f132db7338b34624a5900cc283e7bef05f74e1621fecfb5a7b7d50,grandma,0.0
-0.004466574121303468,validation,6,round_robin,0.035818397099000254,0.031351822977696786,-0.004466574121303468,5b357942b0f132db7338b34624a5900cc283e7bef05f74e1621fecfb5a7b7d50,grandma,0.0
0.2174188847211207,source,6,round_robin,0.0,0.2174188847211207,0.2174188847211207,014ad577edce5e252d09edd35883200fdf056ca3ac1dceab7c2d14a036824835,lion,0.0
0.01622455655447763,validation,6,round_robin,0.02890952627695431,0.04513408283143194,0.01622455655447763,014ad577edce5e252d09edd35883200fdf056ca3ac1dceab7c2d14a036824835,lion,0.0
0.2158559282270056,source,6,round_robin,0.0,0.2158559282270056,0.2158559282270056,8d77a659cb8ba51289c0a32a492bc7db22758b3ecb08d9cf7eaf0f2191fbae52,fairy,0.0
0.06705141669770365,validation,6,round_robin,0.007201178528200902,0.07425259522590455,0.06705141669770365,8d77a659cb8ba51289c0a32a492bc7db22758b3ecb08d9cf7eaf0f2191fbae52,fairy,0.0
0.20976671196811214,source,6,round_robin,0.0,0.20976671196811214,0.20976671196811214,c92724e4653c9ff46169188cf532ea38d5fcb64bec89d99446a944356cff1e8d,train,0.0
-0.03301351498334837,validation,6,round_robin,0.03535016942071256,0.002336654437364194,-0.03301351498334837,c92724e4653c9ff46169188cf532ea38d5fcb64bec89d99446a944356cff1e8d,train,0.0
0.20410614211534162,source,6,round_robin,0.0,0.20410614211534162,0.20410614211534162,e1c2e4fc24e2eeba6f47e284c19e98fee9db90e3c458d1e63da3bac84eccab21,cow,0.0
-0.015255403834463,validation,6,round_robin,0.032036158580653895,0.016780754746190896,-0.015255403834463,e1c2e4fc24e2eeba6f47e284c19e98fee9db90e3c458d1e63da3bac84eccab21,cow,0.0
0.20921798869530206,source,6,round_robin,0.0,0.20921798869530206,0.20921798869530206,99dd660322372fce1ae3904d521262f2a776b849d2559cd868d4d6c42386f5f9,wheel,0.0
-0.01771879896461903,validation,6,round_robin,0.0470226870996453,0.029303888135026268,-0.01771879896461903,99dd660322372fce1ae3904d521262f2a776b849d2559cd868d4d6c42386f5f9,wheel,0.0
0.21132594114214287,source,6,round_robin,0.0,0.21132594114214287,0.21132594114214287,055357dc4f958bfdbeb0221a71d3c7add8f31ded3d420a32255446aae480b654,monkey,0.0
-0.021129762155973397,validation,6,round_robin,0.037275313068745985,0.016145550912772588,-0.021129762155973397,055357dc4f958bfdbeb0221a71d3c7add8f31ded3d420a32255446aae480b654,monkey,0.0
0.1990127704418625,source,6,round_robin,0.0,0.1990127704418625,0.1990127704418625,3a5d13342062296be25d642dcdeada817baf93f5096929fd0ccdde6102716250,princess,0.0
-0.03284369942218035,validation,6,round_robin,0.03909878404691036,0.006255084624730012,-0.03284369942218035,3a5d13342062296be25d642dcdeada817baf93f5096929fd0ccdde6102716250,princess,0.0
0.20904976975522915,source,6,round_robin,0.0,0.20904976975522915,0.20904976975522915,cf50d62406753088a4d7876b193a2094bf23f70c4cb253533ea6ac3286f66df9,plane,0.0
-0.04546126714428533,validation,6,round_robin,0.04955711024485687,0.004095843100571539,-0.04546126714428533,cf50d62406753088a4d7876b193a2094bf23f70c4cb253533ea6ac3286f66df9,plane,0.0
0.1993400470458777,source,6,round_robin,0.0,0.1993400470458777,0.1993400470458777,25593f2780af25ab0fe5d353df188c6b35b2aed90b6a19a04f936688a1708a82,elephant,0.0
-0.022241043888665546,validation,6,round_robin,0.06645018135020941,0.04420913746154387,-0.022241043888665546,25593f2780af25ab0fe5d353df188c6b35b2aed90b6a19a04f936688a1708a82,elephant,0.0
0.20691826440961525,source,6,round_robin,0.0,0.20691826440961525,0.20691826440961525,7d5853d0a5f8bd7ba7df05a6bf735cc6b51f57dfdcd4f78c26e46676d5f385dd,neighbor,0.0
-0.0039904528139043105,validation,6,round_robin,0.04197424690382112,0.03798379408991681,-0.0039904528139043105,7d5853d0a5f8bd7ba7df05a6bf735cc6b51f57dfdcd4f78c26e46676d5f385dd,neighbor,0.0
0.20144147556186565,source,6,round_robin,0.0,0.20144147556186565,0.20144147556186565,e9e105dd12b60be58ee6ec1263ed63f6b6063c8f4d8c100b08d7dd079afbb788,dragon,0.0
0.015819395119362145,validation,6,round_robin,0.02731965717516438,0.043139052294526525,0.015819395119362145,e9e105dd12b60be58ee6ec1263ed63f6b6063c8f4d8c100b08d7dd079afbb788,dragon,0.0
0.19724670529963562,source,6,round_robin,0.0,0.19724670529963562,0.19724670529963562,6fa97852422e50b204cc896c583f4bba2777a0b95929d89d6dff2e9a2069b16c,queen,0.0
-0.01709558068736472,validation,6,round_robin,0.047993445908317556,0.030897865220952836,-0.01709558068736472,6fa97852422e50b204cc896c583f4bba2777a0b95929d89d6dff2e9a2069b16c,queen,0.0
0.19298317909414386,source,6,round_robin,0.0,0.19298317909414386,0.19298317909414386,ddb29be4a4882c8390d6badd2f3eb9e7fe4dc56c5ea0abe8c3b4e5ce90922368,horse,0.0
-0.07489951125337946,validation,6,round_robin,0.13345230546281917,0.05855279420943971,-0.07489951125337946,ddb29be4a4882c8390d6badd2f3eb9e7fe4dc56c5ea0abe8c3b4e5ce90922368,horse,0.0
0.16360839489974732,source,6,round_robin,0.010626259251031112,0.17423465415077843,0.16360839489974732,2dfaf807459623a5746e0a94da399d189f6eb648ab20f3d8b47f7c2500c0e80a,bus,0.0
0.009896529472360305,validation,6,round_robin,0.01317033425839198,0.023066863730752285,0.009896529472360305,2dfaf807459623a5746e0a94da399d189f6eb648ab20f3d8b47f7c2500c0e80a,bus,0.0
0.1933654808682541,source,6,round_robin,0.0,0.1933654808682541,0.1933654808682541,3ee8733811daa266c474279c577b6d241b9e820b2d3d162d4f869d4585dc2099,mouse,0.0
-0.022246016361878063,validation,6,round_robin,0.07305055740137623,0.05080454103949816,-0.022246016361878063,3ee8733811daa266c474279c577b6d241b9e820b2d3d162d4f869d4585dc2099,mouse,0.0
0.19304776054997874,source,6,round_robin,0.0,0.19304776054997874,0.19304776054997874,09d246e059955678941d6e2bcdf23a49e990f8818ccb9f6140a3dc2938394498,rabbit,0.0
-0.025876652996506433,validation,6,round_robin,0.05186271911075435,0.02598606611424792,-0.025876652996506433,09d246e059955678941d6e2bcdf23a49e990f8818ccb9f6140a3dc2938394498,rabbit,0.0
0.1708981898360924,source,6,round_robin,0.0,0.1708981898360924,0.1708981898360924,0de1fbdd215660652e5fc50139b0c7966cc1d692c61bdf43d991cd5771177684,boat,0.0
-0.03957556917312299,validation,6,round_robin,0.05480047236097629,0.0152249031878533,-0.03957556917312299,0de1fbdd215660652e5fc50139b0c7966cc1d692c61bdf43d991cd5771177684,boat,0.0
0.18350321267613934,source,6,round_robin,0.0,0.18350321267613934,0.18350321267613934,9b8e467a394bf3e97a04f5156276b899b834a7e42dfa4f9ba468a849750372a8,brother,0.0
-0.017515762822330583,validation,6,round_robin,0.03960723054904447,0.022091467726713887,-0.017515762822330583,9b8e467a394bf3e97a04f5156276b899b834a7e42dfa4f9ba468a849750372a8,brother,0.0
0.19851224386559552,source,6,round_robin,0.0,0.19851224386559552,0.19851224386559552,43994d7f8c77938da03be3c8eaede79b4deac886939c4c8daed28af8cb2f19f8,parent,0.0
-0.02404534206093012,validation,6,round_robin,0.04452809883916298,0.020482756778232858,-0.02404534206093012,43994d7f8c77938da03be3c8eaede79b4deac886939c4c8daed28af8cb2f19f8,parent,0.0
0.21178208524241438,source,6,round_robin,0.0,0.21178208524241438,0.21178208524241438,e34e91f8d5847efc57b956f75a65613d6cfeb0bd1438c3c4ad44bc63033eaf6a,duck,0.0
-0.019368432861879503,validation,6,round_robin,0.04259842280813819,0.02322998994625869,-0.019368432861879503,e34e91f8d5847efc57b956f75a65613d6cfeb0bd1438c3c4ad44bc63033eaf6a,duck,0.0
0.20037457595697705,source,6,round_robin,0.0,0.20037457595697705,0.20037457595697705,6a30f105b4660a1bd4c26b8e99fc5b82f0b9e55fa05b7c720a362ffc80743cd8,sister,0.0
-0.004069236264471643,validation,6,round_robin,0.02780511530517349,0.023735879040701846,-0.004069236264471643,6a30f105b4660a1bd4c26b8e99fc5b82f0b9e55fa05b7c720a362ffc80743cd8,sister,0.0
0.20064769706343122,source,6,round_robin,0.0,0.20064769706343122,0.20064769706343122,17ded68f95b407940c8238d585d3a789dd3d97115c4d3a747a267ad1e8efa4e1,pet,0.0
-0.021239165488299516,validation,6,round_robin,0.02673696545351678,0.005497799965217265,-0.021239165488299516,17ded68f95b407940c8238d585d3a789dd3d97115c4d3a747a267ad1e8efa4e1,pet,0.0
0.18872606239580914,source,5,round_robin,0.0,0.18872606239580914,0.18872606239580914,2c9fb5f56d0a800904579eb7b161134fed00617a367a5a48a241d142b2c628fe,bicycle,0.0
-0.021229756534397737,validation,5,round_robin,0.04476378103883327,0.023534024504435536,-0.021229756534397737,2c9fb5f56d0a800904579eb7b161134fed00617a367a5a48a241d142b2c628fe,bicycle,0.0
0.17850955490971399,source,5,round_robin,0.0,0.17850955490971399,0.17850955490971399,725186b2ee587d43a83cb76fbc2f0fe4aea99605ae5df206055246771d54a7b5,grandma,0.0
-0.005625436853332388,validation,5,round_robin,0.028792020369792448,0.02316658351646006,-0.005625436853332388,725186b2ee587d43a83cb76fbc2f0fe4aea99605ae5df206055246771d54a7b5,grandma,0.0
0.19029585051504405,source,5,round_robin,0.0,0.19029585051504405,0.19029585051504405,28a7d7435588d1db62df6a47898f3214756138de89672fa6e89202d82902b8b6,lion,0.0
0.026018539066926527,validation,5,round_robin,0.07578137662453965,0.10179991569146618,0.026018539066926527,28a7d7435588d1db62df6a47898f3214756138de89672fa6e89202d82902b8b6,lion,0.0
0.19565106049596692,source,5,round_robin,0.0,0.19565106049596692,0.19565106049596692,8ed97bd6b2536d084b259e23a51a4ecad13a6e72d9c46e4859cb3798ec317e54,fairy,0.0
0.04015269062140692,validation,5,round_robin,0.005690942813510791,0.04584363343491771,0.04015269062140692,8ed97bd6b2536d084b259e23a51a4ecad13a6e72d9c46e4859cb3798ec317e54,fairy,0.0
0.18724590737461466,source,5,round_robin,0.0,0.18724590737461466,0.18724590737461466,17a316a432604dbc028a0a58933726a0b06f8ee091b2490b88570763e81b4957,train,0.0
-0.011714284471741276,validation,5,round_robin,0.02182022166205111,0.010105937190309833,-0.011714284471741276,17a316a432604dbc028a0a58933726a0b06f8ee091b2490b88570763e81b4957,train,0.0
0.17022795380688693,source,5,round_robin,0.0,0.17022795380688693,0.17022795380688693,02f538bba6184f40064bed6105ac52904d4abbf506f1f0f486616db2665a34f3,cow,0.0
-0.037786461028042284,validation,5,round_robin,0.04866390101957019,0.010877439991527904,-0.037786461028042284,02f538bba6184f40064bed6105ac52904d4abbf506f1f0f486616db2665a34f3,cow,0.0
0.17965936564421647,source,5,round_robin,0.0,0.17965936564421647,0.17965936564421647,8178bfde0a9d6814740c078e174640b381afea95b5567fd46ca1eb3a111911b8,wheel,0.0
-0.00998180985291608,validation,5,round_robin,0.04986121530367327,0.03987940545075719,-0.00998180985291608,8178bfde0a9d6814740c078e174640b381afea95b5567fd46ca1eb3a111911b8,wheel,0.0
0.18129024009311068,source,5,round_robin,0.0,0.18129024009311068,0.18129024009311068,7593a8104775df0e9bd406d98bdf3218de88e2fc0c62d933e899089e5f9e6bef,monkey,0.0
-0.02124626821117781,validation,5,round_robin,0.038036874080635164,0.016790605869457353,-0.02124626821117781,7593a8104775df0e9bd406d98bdf3218de88e2fc0c62d933e899089e5f9e6bef,monkey,0.0
0.1904700341307759,source,5,round_robin,0.0,0.1904700341307759,0.1904700341307759,cd1286cc1fea625af417d6145a6e02cb3da75d08b2a231a77a314b569fb16f6b,princess,0.0
-0.002876168318144412,validation,5,round_robin,0.027962179911739105,0.025086011593594693,-0.002876168318144412,cd1286cc1fea625af417d6145a6e02cb3da75d08b2a231a77a314b569fb16f6b,princess,0.0
0.19401852283709764,source,5,round_robin,0.0,0.19401852283709764,0.19401852283709764,6e909f32d1e2574f9ffc0c9184df4ac5f191b6234b86f806f3c913878e040141,plane,0.0
-0.013160495739153344,validation,5,round_robin,0.03175035009771676,0.018589854358563418,-0.013160495739153344,6e909f32d1e2574f9ffc0c9184df4ac5f191b6234b86f806f3c913878e040141,plane,0.0
0.18337503551747814,source,5,round_robin,0.0,0.18337503551747814,0.18337503551747814,390439b6a903eaa03bd6ba8e3fe6d701fd921999046b393106f42640a29cfec4,elephant,0.0
0.028756465163885414,validation,5,round_robin,0.018844492918525635,0.04760095808241105,0.028756465163885414,390439b6a903eaa03bd6ba8e3fe6d701fd921999046b393106f42640a29cfec4,elephant,0.0
0.19774963783687216,source,5,round_robin,0.0,0.19774963783687216,0.19774963783687216,e8c8b37b1908d0aa05924a8cbe0f8b1e3c177c96dea5eb6af5a13f71e6477d75,neighbor,0.0
-0.0049829433876944496,validation,5,round_robin,0.025054751450961144,0.020071808063266694,-0.0049829433876944496,e8c8b37b1908d0aa05924a8cbe0f8b1e3c177c96dea5eb6af5a13f71e6477d75,neighbor,0.0
0.19952682021910162,source,5,round_robin,0.0,0.19952682021910162,0.19952682021910162,5ca6a9fdc08037450e74dbbf465decf1deec8a97c0dcaf60a3a84751c7a672ef,dragon,0.0
0.02997695160941727,validation,5,round_robin,0.0021749385777110053,0.032151890187128274,0.02997695160941727,5ca6a9fdc08037450e74dbbf465decf1deec8a97c0dcaf60a3a84751c7a672ef,dragon,0.0
0.18990327792149664,source,5,round_robin,0.0,0.18990327792149664,0.18990327792149664,468a54d8490bdf943c38d73e9661156a52c99e599145f238c76ab506a3cd3325,queen,0.0
0.002664387342444341,validation,5,round_robin,0.02839505028709155,0.03105943762953589,0.002664387342444341,468a54d8490bdf943c38d73e9661156a52c99e599145f238c76ab506a3cd3325,queen,0.0
0.18967789323441475,source,5,round_robin,0.0,0.18967789323441475,0.18967789323441475,98633f17a057fd4cdb464725888a77437299f8d7dbddeb7bab522f96748ed83b,horse,0.0
0.03390302499601461,validation,5,round_robin,0.10276910403373751,0.13667212902975212,0.03390302499601461,98633f17a057fd4cdb464725888a77437299f8d7dbddeb7bab522f96748ed83b,horse,0.0
0.1568044753900928,source,5,round_robin,0.011278671850839528,0.16808314724093232,0.1568044753900928,1c586182a537f48680f0482adacd5e6ab71f36f5c5977e14e6852025952696d3,bus,0.0
-0.0036166536498569712,validation,5,round_robin,0.04078100932985351,0.03716435567999654,-0.0036166536498569712,1c586182a537f48680f0482adacd5e6ab71f36f5c5977e14e6852025952696d3,bus,0.0
0.18787001651962631,source,5,round_robin,0.0,0.18787001651962631,0.18787001651962631,43895986e737db6818a50b7dbed0b82ad141d3ac4a65c9612a63eb5235f36bca,mouse,0.0
0.004575418524512154,validation,5,round_robin,0.04758398162961153,0.05215940015412368,0.004575418524512154,43895986e737db6818a50b7dbed0b82ad141d3ac4a65c9612a63eb5235f36bca,mouse,0.0
0.18044741524389907,source,5,round_robin,0.0,0.18044741524389907,0.18044741524389907,ab61b6bb2d9b671235a4be1d66f08cbe43d59b3ef26dba79256d2106aea5dd77,rabbit,0.0
-0.03043953760373652,validation,5,round_robin,0.052532191173022325,0.022092653569285803,-0.03043953760373652,ab61b6bb2d9b671235a4be1d66f08cbe43d59b3ef26dba79256d2106aea5dd77,rabbit,0.0
0.20166873739760405,source,5,round_robin,0.0,0.20166873739760405,0.20166873739760405,24eaaa262a556de556cd2adf25c8bc8a1468551ac40bedfb88da8c6fdb433316,boat,0.0
-0.021052786644468968,validation,5,round_robin,0.04333883270304262,0.02228604605857365,-0.021052786644468968,24eaaa262a556de556cd2adf25c8bc8a1468551ac40bedfb88da8c6fdb433316,boat,0.0
0.18372824731590032,source,5,round_robin,0.0,0.18372824731590032,0.18372824731590032,dea72a5b547ee501a3a8c319c3819ab798209b0e83552020650b54d6bbbc574d,brother,0.0
-0.041494713005743034,validation,5,round_robin,0.0690864046271975,0.027591691621454473,-0.041494713005743034,dea72a5b547ee501a3a8c319c3819ab798209b0e83552020650b54d6bbbc574d,brother,0.0
0.1570152129203053,source,5,round_robin,0.00788237165546568,0.16489758457577097,0.1570152129203053,1e970eefd752345b4b8b743486c3fc71e8674b0947e8e3d78abc02f973ce47d0,parent,0.0
-0.009959945168951823,validation,5,round_robin,0.025776285371164498,0.015816340202212675,-0.009959945168951823,1e970eefd752345b4b8b743486c3fc71e8674b0947e8e3d78abc02f973ce47d0,parent,0.0
0.21228115393441227,source,5,round_robin,0.0,0.21228115393441227,0.21228115393441227,65060cfdde547e2d4acd26c1068abfb043c7527b724bc44135a64360f211ecc0,duck,0.0
0.02834465677357212,validation,5,round_robin,0.00940482055043712,0.03774947732400924,0.02834465677357212,65060cfdde547e2d4acd26c1068abfb043c7527b724bc44135a64360f211ecc0,duck,0.0
0.1897059637163392,source,5,round_robin,0.0,0.1897059637163392,0.1897059637163392,9ddb9a3faf192e9710d2b9fee7b9b72739c2a329dcf8a935899805db0ab344e9,sister,0.0
0.011419442852657724,validation,5,round_robin,0.026513171259903157,0.03793261411256088,0.011419442852657724,9ddb9a3faf192e9710d2b9fee7b9b72739c2a329dcf8a935899805db0ab344e9,sister,0.0
0.17098849710287434,source,5,round_robin,0.0004202801410986279,0.17140877724397297,0.17098849710287434,0cb350f415520c1cad2d5e38c8af8738d16757f3856935db46e6ef308fd38f7b,pet,0.0
-0.013316365110550565,validation,5,round_robin,0.024163669953643163,0.010847304843092598,-0.013316365110550565,0cb350f415520c1cad2d5e38c8af8738d16757f3856935db46e6ef308fd38f7b,pet,0.0
0.18871221702695884,source,5,round_robin,0.0,0.18871221702695884,0.18871221702695884,faf92f0950c170229964bbbb346641e40fcb4c3d6e623e3cb76da32169a74a07,bicycle,0.0
-0.015276596187298264,validation,5,round_robin,0.04467178247581005,0.029395186288511788,-0.015276596187298264,faf92f0950c170229964bbbb346641e40fcb4c3d6e623e3cb76da32169a74a07,bicycle,0.0
0.17318025864069853,source,5,round_robin,0.0,0.17318025864069853,0.17318025864069853,72e9bf10f5cbb14fbee86fd88a97848a9be4cea73f1ecae9808b67073da626e6,grandma,0.0
-0.0067311365861311145,validation,5,round_robin,0.02391988395837852,0.017188747372247404,-0.0067311365861311145,72e9bf10f5cbb14fbee86fd88a97848a9be4cea73f1ecae9808b67073da626e6,grandma,0.0
0.15906146372099905,source,5,round_robin,0.0003487371560679797,0.15941020087706703,0.15906146372099905,f4bd7d701d0d611fcd7a9cbc3cdad7704b1580be5d083382973e83095e648e0e,lion,0.0
0.030425490694564905,validation,5,round_robin,0.02216669505610125,0.052592185750666154,0.030425490694564905,f4bd7d701d0d611fcd7a9cbc3cdad7704b1580be5d083382973e83095e648e0e,lion,0.0
0.19394262525032913,source,5,round_robin,0.0,0.19394262525032913,0.19394262525032913,b0ad500d47bd7a6e47460c30adde4848d0d6cea29ec8256c6c04a2dc90e1421d,fairy,0.0
0.04709477662909234,validation,5,round_robin,0.003145224180017392,0.05024000080910973,0.04709477662909234,b0ad500d47bd7a6e47460c30adde4848d0d6cea29ec8256c6c04a2dc90e1421d,fairy,0.0
0.17053752133756372,source,5,round_robin,0.0,0.17053752133756372,0.17053752133756372,dbefbfa37a4c8a781d8f6fbd0a83ebeea58e3bac2de3c38b7cd11ad8675cee67,train,0.0
-0.014628069875743499,validation,5,round_robin,0.03267098319601036,0.018042913320266862,-0.014628069875743499,dbefbfa37a4c8a781d8f6fbd0a83ebeea58e3bac2de3c38b7cd11ad8675cee67,train,0.0
0.16343267293284391,source,5,round_robin,0.0,0.16343267293284391,0.16343267293284391,267fc2050ee82e3a3c5efab17dd5cf365d55028e6a134c1254d0ba62f076508d,cow,0.0
-0.03202974433141037,validation,5,round_robin,0.04660046558506448,0.014570721253654106,-0.03202974433141037,267fc2050ee82e3a3c5efab17dd5cf365d55028e6a134c1254d0ba62f076508d,cow,0.0
0.17954888894469034,source,5,round_robin,0.0,0.17954888894469034,0.17954888894469034,c92ab21e61cbaf75d044a25dd3f61ad511b44203ed50d117efb7dfc2784590d4,wheel,0.0
-0.014393497054503657,validation,5,round_robin,0.027789902782567655,0.013396405728063998,-0.014393497054503657,c92ab21e61cbaf75d044a25dd3f61ad511b44203ed50d117efb7dfc2784590d4,wheel,0.0
0.1857052658210092,source,5,round_robin,0.0,0.1857052658210092,0.1857052658210092,a81a1ac5d73774c2c5e9932e7f212b8b598356cb01c26dc20e54ec647103c678,monkey,0.0
-0.015470346972139115,validation,5,round_robin,0.03798574047479919,0.022515393502660075,-0.015470346972139115,a81a1ac5d73774c2c5e9932e7f212b8b598356cb01c26dc20e54ec647103c678,monkey,0.0
0.13947263847429214,source,4,round_robin,0.0,0.13947263847429214,0.13947263847429214,cbc6bc9e4c67019df202275cef9e989b4d1f2db965400a948d693c6aac91a2f6,princess,0.0
0.005583203583217289,validation,4,round_robin,0.01838199021913134,0.023965193802348628,0.005583203583217289,cbc6bc9e4c67019df202275cef9e989b4d1f2db965400a948d693c6aac91a2f6,princess,0.0
0.17277169192228703,source,4,round_robin,0.0,0.17277169192228703,0.17277169192228703,18e4a44c5020b238816fd9fd4ece1c868ee032dfb1c66df04e5f9e802fdadf06,plane,0.0
-0.0037395734380565315,validation,4,round_robin,0.022669371103035463,0.01892979766497893,-0.0037395734380565315,18e4a44c5020b238816fd9fd4ece1c868ee032dfb1c66df04e5f9e802fdadf06,plane,0.0
0.1591477863850459,source,4,round_robin,0.0,0.1591477863850459,0.1591477863850459,ed5e8ed94f7c48196ac5a284c36e7b3a639f350f4622e75b2853ef6f3bc3e81e,elephant,0.0
-0.007173256468928857,validation,4,round_robin,0.04845670936933533,0.04128345290040647,-0.007173256468928857,ed5e8ed94f7c48196ac5a284c36e7b3a639f350f4622e75b2853ef6f3bc3e81e,elephant,0.0
0.16435760794473975,source,4,round_robin,0.0,0.16435760794473975,0.16435760794473975,bd25d695c52327f21dfd5953cfc678b9ae0d6cc98714c412ee1e7b6d1bcfbd48,neighbor,0.0
0.0022665442458327245,validation,4,round_robin,0.04482051402454057,0.047087058270373294,0.0022665442458327245,bd25d695c52327f21dfd5953cfc678b9ae0d6cc98714c412ee1e7b6d1bcfbd48,neighbor,0.0
0.16375076248606857,source,4,round_robin,0.0,0.16375076248606857,0.16375076248606857,3268f93c1f09d82e88f919f412b3f42907b896bf5d378909b890d60a511fc278,dragon,0.0
0.03413427149557724,validation,4,round_robin,0.009421993363724068,0.04355626485930131,0.03413427149557724,3268f93c1f09d82e88f919f412b3f42907b896bf5d378909b890d60a511fc278,dragon,0.0
0.16054132705361202,source,4,round_robin,0.0,0.16054132705361202,0.16054132705361202,07f6cf8c15bd74df82761e1dc0a2b92f753c07638c26d46a704b642a13a11445,queen,0.0
0.024051765536207137,validation,4,round_robin,0.014226455539561922,0.03827822107576906,0.024051765536207137,07f6cf8c15bd74df82761e1dc0a2b92f753c07638c26d46a704b642a13a11445,queen,0.0
0.16738491472228567,source,4,round_robin,0.0,0.16738491472228567,0.16738491472228567,46e3d4559c6a259c25a9cf0485167d3b9b35ca5191a05f27862266606303f2b6,horse,0.0
-0.03166545148236111,validation,4,round_robin,0.057097082613500216,0.02543163113113911,-0.03166545148236111,46e3d4559c6a259c25a9cf0485167d3b9b35ca5191a05f27862266606303f2b6,horse,0.0
0.1306702965929485,source,4,round_robin,0.0033534543572215636,0.13402375095017005,0.1306702965929485,fae2113c9c9529a96d3a48aebc6c101d2f0d893f584c2be86279b05d54002721,bus,0.0
0.021644262212463294,validation,4,round_robin,0.017999010121424464,0.03964327233388776,0.021644262212463294,fae2113c9c9529a96d3a48aebc6c101d2f0d893f584c2be86279b05d54002721,bus,0.0
0.14505616446779346,source,4,round_robin,0.0,0.14505616446779346,0.14505616446779346,3f76fbb6e66a64658d1e48bfaed97242b1694702d7d6d7d624a2463fd5d48c9c,mouse,0.0
-0.01285388852036129,validation,4,round_robin,0.03542699900879542,0.022573110488434134,-0.01285388852036129,3f76fbb6e66a64658d1e48bfaed97242b1694702d7d6d7d624a2463fd5d48c9c,mouse,0.0
0.15155240780629464,source,4,round_robin,0.0,0.15155240780629464,0.15155240780629464,f1155a43825ec1ae8ef405dffa9a9e7322d0c94ad29b97b6245b6461e5cf57cc,rabbit,0.0
-0.03586630254869716,validation,4,round_robin,0.047747666808380496,0.011881364259683336,-0.03586630254869716,f1155a43825ec1ae8ef405dffa9a9e7322d0c94ad29b97b6245b6461e5cf57cc,rabbit,0.0
0.17596674387705669,source,4,round_robin,0.0,0.17596674387705669,0.17596674387705669,386d87258a07b9241e4c9e98b752f29d27aeeac82a4bd661d195887598ce8de1,boat,0.0
-0.042957740895291696,validation,4,round_robin,0.042957740895291696,0.0,-0.042957740895291696,386d87258a07b9241e4c9e98b752f29d27aeeac82a4bd661d195887598ce8de1,boat,0.0
0.15288037255062603,source,4,round_robin,0.0,0.15288037255062603,0.15288037255062603,ff3a06fb75320e601364dacc6ed79cdc13355e1685b916f9f7c4a29a4cd10751,brother,0.0
-0.01707896726323499,validation,4,round_robin,0.049712921424423406,0.032633954161188417,-0.01707896726323499,ff3a06fb75320e601364dacc6ed79cdc13355e1685b916f9f7c4a29a4cd10751,brother,0.0
0.15855000807103958,source,4,round_robin,0.0,0.15855000807103958,0.15855000807103958,b07fc2883d8d32a57e50c8e9aa4d0bf6131f1f2087d1ac939259103189710641,parent,0.0
-0.020671055417814888,validation,4,round_robin,0.02223924008137934,0.0015681846635644536,-0.020671055417814888,b07fc2883d8d32a57e50c8e9aa4d0bf6131f1f2087d1ac939259103189710641,parent,0.0
0.17392234805518858,source,4,round_robin,0.0,0.17392234805518858,0.17392234805518858,1001945b14f5e2232490cd712ddc51fd43e64e9252d1eaf61a10c75accaf718d,duck,0.0
0.01921677764427332,validation,4,round_robin,0.0100138517236521,0.02923062936792542,0.01921677764427332,1001945b14f5e2232490cd712ddc51fd43e64e9252d1eaf61a10c75accaf718d,duck,0.0
0.1535804923735471,source,4,round_robin,0.0,0.1535804923735471,0.1535804923735471,4f4655d0f1f67dd71e01203d13a4fe84447748793ad72169a4270436239a212c,sister,0.0
0.0054632652221351385,validation,4,round_robin,0.01699892765075872,0.02246219287289386,0.0054632652221351385,4f4655d0f1f67dd71e01203d13a4fe84447748793ad72169a4270436239a212c,sister,0.0
0.14275693862467698,source,4,round_robin,0.0,0.14275693862467698,0.14275693862467698,d32d2c1ffdb9efbe688a6aee0092d22c72b35840f3a6449212be6ba25cdd7eaf,pet,0.0
0.015634181462684138,validation,4,round_robin,0.023876973832776427,0.039511155295460565,0.015634181462684138,d32d2c1ffdb9efbe688a6aee0092d22c72b35840f3a6449212be6ba25cdd7eaf,pet,0.0
0.1288742143354713,source,3,round_robin,0.0,0.1288742143354713,0.1288742143354713,9cde97a8cf763fcf3743c89d64623e95970ed755bcbc16717750c74f1641789a,bicycle,0.0
0.020352475043587948,validation,3,round_robin,0.017087448071544387,0.037439923115132334,0.020352475043587948,9cde97a8cf763fcf3743c89d64623e95970ed755bcbc16717750c74f1641789a,bicycle,0.0
0.10709605951730627,source,3,round_robin,0.0,0.10709605951730627,0.10709605951730627,e068c6e76ec6e4a0efc5cb62166fec12386f7f92cc03eb6c61b6e3a6e035f9fc,grandma,0.0
0.03468861597270645,validation,3,round_robin,0.0030689348720249754,0.037757550844731425,0.03468861597270645,e068c6e76ec6e4a0efc5cb62166fec12386f7f92cc03eb6c61b6e3a6e035f9fc,grandma,0.0
0.12888902520749723,source,3,round_robin,0.0,0.12888902520749723,0.12888902520749723,d6b4157b5dee040d6bac1853afda4f0858046d39958413194b3a5c526d4698dc,lion,0.0
0.037036940975003096,validation,3,round_robin,0.0,0.037036940975003096,0.037036940975003096,d6b4157b5dee040d6bac1853afda4f0858046d39958413194b3a5c526d4698dc,lion,0.0
0.13555001714257275,source,3,round_robin,0.0,0.13555001714257275,0.13555001714257275,5a963eadf80bdd9219f03673764bb5f40666d2190d26d62ebdbeeaa17c43ff8c,fairy,0.0
0.04862346052141531,validation,3,round_robin,0.005591310294757124,0.05421477081617243,0.04862346052141531,5a963eadf80bdd9219f03673764bb5f40666d2190d26d62ebdbeeaa17c43ff8c,fairy,0.0
0.10629998198177959,source,3,round_robin,0.0,0.10629998198177959,0.10629998198177959,4ce47cc08fc2e42a0d9723146977936c1c534da96fb2269f24202d72c58f6dae,train,0.0
0.01616339429595759,validation,3,round_robin,0.006694476750240375,0.022857871046197964,0.01616339429595759,4ce47cc08fc2e42a0d9723146977936c1c534da96fb2269f24202d72c58f6dae,train,0.0
0.11376486399114327,source,3,round_robin,0.0,0.11376486399114327,0.11376486399114327,6df780608f91cb316c5feb292383ae5453becbcd1f7277f30668df728a4c34c8,cow,0.0
0.01515269247901374,validation,3,round_robin,0.01588944694064298,0.031042139419656722,0.01515269247901374,6df780608f91cb316c5feb292383ae5453becbcd1f7277f30668df728a4c34c8,cow,0.0
0.12407048155053357,source,3,round_robin,0.0,0.12407048155053357,0.12407048155053357,9279cfc9ce1fdf785a6b4057abfe8dc42db8c02e20aa99379550573cca08ff1a,wheel,0.0
-0.00046973489473600694,validation,3,round_robin,0.013759795113781337,0.01329006021904533,-0.00046973489473600694,9279cfc9ce1fdf785a6b4057abfe8dc42db8c02e20aa99379550573cca08ff1a,wheel,0.0
0.13643094121741983,source,3,round_robin,0.0,0.13643094121741983,0.13643094121741983,5b86b96a57da402f9b51f8ee2eda442bea4a940af1751e36fc222297efefc3a4,monkey,0.0
0.004995233723850578,validation,3,round_robin,0.00541468127368705,0.010409914997537628,0.004995233723850578,5b86b96a57da402f9b51f8ee2eda442bea4a940af1751e36fc222297efefc3a4,monkey,0.0
0.0712841859422444,source,2,round_robin,0.0,0.0712841859422444,0.0712841859422444,7f46a41600371e3b041d8fd12449c7de4d4c559d1b7858261ba2b0f25ac7ec22,princess,0.0
0.00682323633502091,validation,2,round_robin,0.005653599681419541,0.012476836016440451,0.00682323633502091,7f46a41600371e3b041d8fd12449c7de4d4c559d1b7858261ba2b0f25ac7ec22,princess,0.0
0.07118645192964612,source,2,round_robin,0.0,0.07118645192964612,0.07118645192964612,fd80e2f34ee88472a33d877717b341d7faacae2d24cac72cafa374a3a3957357,plane,0.0
0.022090146279311496,validation,2,round_robin,0.0,0.022090146279311496,0.022090146279311496,fd80e2f34ee88472a33d877717b341d7faacae2d24cac72cafa374a3a3957357,plane,0.0
0.07418862984035379,source,2,round_robin,0.0,0.07418862984035379,0.07418862984035379,bcab34f966b3421f36758e355e7918022248ef0e447ffc6b1098af29234111a8,elephant,0.0
0.0007875149546103799,validation,2,round_robin,0.010695263607050087,0.011482778561660467,0.0007875149546103799,bcab34f966b3421f36758e355e7918022248ef0e447ffc6b1098af29234111a8,elephant,0.0
0.0769273843319005,source,2,round_robin,0.0,0.0769273843319005,0.0769273843319005,bd2aa2125c619abb55714fc3fad4c4c98fd7df32a3748df725be3be9fa9d53b3,neighbor,0.0
0.029795936807309964,validation,2,round_robin,0.0,0.029795936807309964,0.029795936807309964,bd2aa2125c619abb55714fc3fad4c4c98fd7df32a3748df725be3be9fa9d53b3,neighbor,0.0
0.02496620972541974,source,1,round_robin,0.0,0.02496620972541974,0.02496620972541974,9d3cecfb7b3702cd39f677bf30f01db54389e965ca636649868e670608c1a008,dragon,0.0
0.00777961947174699,validation,1,round_robin,0.0,0.00777961947174699,0.00777961947174699,9d3cecfb7b3702cd39f677bf30f01db54389e965ca636649868e670608c1a008,dragon,0.0
0.03733573347934738,source,1,round_robin,0.0,0.03733573347934738,0.03733573347934738,2b58f66954bd4967fd849656ec764035cae8cdb9781d2c9d8a5a90f5f42609c3,queen,0.0
0.027689944324977178,validation,1,round_robin,0.0,0.027689944324977178,0.027689944324977178,2b58f66954bd4967fd849656ec764035cae8cdb9781d2c9d8a5a90f5f42609c3,queen,0.0
0.0,source,0,round_robin,0.0,0.0,0.0,cd076ec2b253532be2282704badb9274eb86c4d743e54443480b012a492e1679,horse,0.0
0.0,validation,0,round_robin,0.0,0.0,0.0,cd076ec2b253532be2282704badb9274eb86c4d743e54443480b012a492e1679,horse,0.0
0.0,source,0,round_robin,0.0,0.0,0.0,f9c77803745f1f3e9f7a19b63b35289c839fc97beec8155491310e346d06a318,bus,0.0
0.0,validation,0,round_robin,0.0,0.0,0.0,f9c77803745f1f3e9f7a19b63b35289c839fc97beec8155491310e346d06a318,bus,0.0
