delta,end_arrival,kind,left_signed_increment,level,order,parent_chunk_id,right_signed_increment,start_arrival
0.01173461403462639,126,source,0.01173461403462639,1,blocked,0010a0fc372c8c6b34e67dc2ce2dc801b02be5bbad8810b34b612be5f987438f,0.004462174520988738,125
-0.008739125562929217,126,validation,-0.008739125562929217,1,blocked,0010a0fc372c8c6b34e67dc2ce2dc801b02be5bbad8810b34b612be5f987438f,-0.015079935049868709,125
0.013816995078991479,176,source,0.012097183560945135,1,blocked,018e283f2976de59f253ecf3d094f1359a6a745ffcec876be8d71f06451a43e2,0.013816995078991479,175
0.0084732318746632,176,validation,-0.015968383560726718,1,blocked,018e283f2976de59f253ecf3d094f1359a6a745ffcec876be8d71f06451a43e2,0.0084732318746632,175
0.028069729809348548,52,source,0.028069729809348548,2,blocked,02393f54641d82cb7041182c14307144c95ba47a604cda12aeffb0416203d24a,0.026731523626327084,49
-0.026645432848073858,52,validation,-0.02941849106012229,2,blocked,02393f54641d82cb7041182c14307144c95ba47a604cda12aeffb0416203d24a,-0.026645432848073858,49
0.024253459361937832,152,source,0.02298875880764021,2,blocked,027a3444931815cc60113c8d651b851805050e69e09fb6402a2b0ccde9d3772e,0.024253459361937832,149
-0.024621787102393933,152,validation,-0.024621787102393933,2,blocked,027a3444931815cc60113c8d651b851805050e69e09fb6402a2b0ccde9d3772e,-0.028756204617568892,149
0.022025486841124264,26,source,0.022025486841124264,1,blocked,02e8c6989347d5835616345264f03a7df60e248237deefce0e1afe5de76a1937,0.01815163042636425,25
0.0064863221592754705,26,validation,-0.007830604643256578,1,blocked,02e8c6989347d5835616345264f03a7df60e248237deefce0e1afe5de76a1937,0.0064863221592754705,25
0.029453610690388224,136,source,0.024562103910918336,3,blocked,036c0bbc85aace14341d1bde380a5e905a1323e17429ff6829de30cb0810bdd4,0.029453610690388224,129
-0.008261510472822309,136,validation,-0.008261510472822309,3,blocked,036c0bbc85aace14341d1bde380a5e905a1323e17429ff6829de30cb0810bdd4,-0.03394726695579631,129
0.0062612091831426575,138,source,0.0011860089837993915,1,blocked,07e54cdb3e83b8a4a557fbe5905c5aa4e93f00ba37cd8b2e2a00fead6f4a367c,0.0062612091831426575,137
-0.001539761530986672,138,validation,-0.001539761530986672,1,blocked,07e54cdb3e83b8a4a557fbe5905c5aa4e93f00ba37cd8b2e2a00fead6f4a367c,-0.0063589424987731125,137
0.025993564191989286,52,source,0.025993564191989286,1,blocked,080188438e5f9fbad8711009ed33f07508f1dd130c870c40bb029fab3416f627,0.025063388149656474,51
0.0030994594256934516,52,validation,0.0030994594256934516,1,blocked,080188438e5f9fbad8711009ed33f07508f1dd130c870c40bb029fab3416f627,0.0026935938749066413,51
0.03630866704479474,160,source,0.03630866704479474,5,blocked,09d1701a081730d782278c285c9c1d0c76611fab358349e8361809b45abae9c3,0.036182080861501285,129
0.006030818504567289,160,validation,-0.006488383702409561,5,blocked,09d1701a081730d782278c285c9c1d0c76611fab358349e8361809b45abae9c3,0.006030818504567289,129
0.02862497152959111,168,source,0.02862497152959111,3,blocked,09d2c1e7c65959fcb9bf61573a5f946332dfab0a5ef5d9554a70bf8221232ce2,0.02741461900767687,161
0.001453160274366594,168,validation,-0.022531679284717443,3,blocked,09d2c1e7c65959fcb9bf61573a5f946332dfab0a5ef5d9554a70bf8221232ce2,0.001453160274366594,161
0.027147469916149563,120,source,0.02639404000910195,2,blocked,0b36dbdaa5ed7b74a17a6ed4feb8ea3f37a3888cf225218559e97fe93a78f63f,0.027147469916149563,117
-0.015180722734479346,120,validation,-0.020961216517857206,2,blocked,0b36dbdaa5ed7b74a17a6ed4feb8ea3f37a3888cf225218559e97fe93a78f63f,-0.015180722734479346,117
0.03517825983378547,40,source,0.03517825983378547,2,blocked,0b6e4af6d2c80f494f9ce3c86fc9eda035bdfb4e96312a02dd7a1ee4dfc3344c,0.029987183912739673,37
-0.0004373148979748276,40,validation,-0.0004373148979748276,2,blocked,0b6e4af6d2c80f494f9ce3c86fc9eda035bdfb4e96312a02dd7a1ee4dfc3344c,-0.010297320733357209,37
0.03757328288526022,40,source,0.03757328288526022,3,blocked,0c205e682b2c15d729fd79a0cc6fc87314d531a70a7d47520660319feb36ad80,0.03571977747278654,33
-0.012370358065666665,40,validation,-0.01519640729262739,3,blocked,0c205e682b2c15d729fd79a0cc6fc87314d531a70a7d47520660319feb36ad80,-0.012370358065666665,33
0.025633573573566458,144,source,0.025633573573566458,2,blocked,0dea30a048027f5c953bee77a9466bfba1bd634996325f322a87ce2ca37c48d8,0.02511495649517346,141
0.007947899068902364,144,validation,-0.007933942721076727,2,blocked,0dea30a048027f5c953bee77a9466bfba1bd634996325f322a87ce2ca37c48d8,0.007947899068902364,141
0.023387351215544916,116,source,0.019781070357090202,1,blocked,0e53ab06d930ba31b2460d617c5f667d29b930ef5a009acfb3c908e8d48286e5,0.023387351215544916,115
0.005600245517786595,116,validation,-0.016013098336030263,1,blocked,0e53ab06d930ba31b2460d617c5f667d29b930ef5a009acfb3c908e8d48286e5,0.005600245517786595,115
0.013643650366483184,178,source,0.010527149931607749,1,blocked,0f2d8acb85b526f6d855d04f42ff6faccff00f9b49b0e36115f6ee7458828d05,0.013643650366483184,177
0.03559152261952159,178,validation,-0.049661615843414,1,blocked,0f2d8acb85b526f6d855d04f42ff6faccff00f9b49b0e36115f6ee7458828d05,0.03559152261952159,177
0.044341685611573256,32,source,0.044341685611573256,5,blocked,116b1af399226f3c0c389482e8f8c8667039d37aec2fa26df0a65ed44f8cf07a,0.02984905720585326,1
0.006545829938661514,32,validation,-0.011622844819099743,5,blocked,116b1af399226f3c0c389482e8f8c8667039d37aec2fa26df0a65ed44f8cf07a,0.006545829938661514,1
0.011452906610022628,18,source,0.011096979046872901,1,blocked,119e168156453ff6af14f0bc88ec64303cf20f60f456accd7483897d1b3ff3f1,0.011452906610022628,17
0.017509829490742757,18,validation,-0.00114134271094124,1,blocked,119e168156453ff6af14f0bc88ec64303cf20f60f456accd7483897d1b3ff3f1,0.017509829490742757,17
0.05228175267867507,144,source,0.04362073068441854,4,blocked,12b728f5f213b4553849ff2b9e35a3ffbc6f2a3560419983acc6854197e75de9,0.05228175267867507,129
0.006843409051507709,144,validation,0.006843409051507709,4,blocked,12b728f5f213b4553849ff2b9e35a3ffbc6f2a3560419983acc6854197e75de9,-0.012326614826001947,129
0.014863318033460082,48,source,0.014863318033460082,1,blocked,13a51ec0dca3dfd6d1370d97e01786d34dd557c7aef386af091b45600cb3416d,0.01426644279937661,47
-0.005837624117454254,48,validation,-0.005837624117454254,1,blocked,13a51ec0dca3dfd6d1370d97e01786d34dd557c7aef386af091b45600cb3416d,-0.01097720817682224,47
0.017259119152265745,136,source,0.0036159931931860623,1,blocked,179527c1eb41226187af6b67c5e6926cab7ce7e0f23acf338cb21615bf281911,0.017259119152265745,135
-0.003017631583691171,136,validation,-0.003017631583691171,1,blocked,179527c1eb41226187af6b67c5e6926cab7ce7e0f23acf338cb21615bf281911,-0.005149968906247525,135
0.025787840968418702,72,source,0.0103438734847271,2,blocked,17a95ec09eadc517eaec96171d190aac935f23918e96bdb5489661114306122e,0.025787840968418702,69
-0.00033329074195198594,72,validation,-0.005170772703412707,2,blocked,17a95ec09eadc517eaec96171d190aac935f23918e96bdb5489661114306122e,-0.00033329074195198594,69
0.029775014493447414,64,source,0.029775014493447414,6,blocked,1996a238627d20463748d60e1348eb40137f9df32e2c44d8c8528c733870efd4,0.02352850599790463,1
0.0036988554520405877,64,validation,0.0036988554520405877,6,blocked,1996a238627d20463748d60e1348eb40137f9df32e2c44d8c8528c733870efd4,0.0022879029114627526,1
0.033238903106871796,8,source,0.033238903106871796,3,blocked,19a1290627892581d8c213666004253f09dfb3d619bb1ff1018689005b88d3c2,0.029823303877677988,1
-0.008072098355249802,8,validation,-0.010357231329130911,3,blocked,19a1290627892581d8c213666004253f09dfb3d619bb1ff1018689005b88d3c2,-0.008072098355249802,1
0.02686465326664114,128,source,0.02686465326664114,2,blocked,19a7e51debebba1d1ecd2f98150d732128ecaafda16da775e9d828b5d56aa49d,0.023951294792693797,125
0.003343179476805513,128,validation,0.003343179476805513,2,blocked,19a7e51debebba1d1ecd2f98150d732128ecaafda16da775e9d828b5d56aa49d,-0.003682235626887298,125
0.02931558997021111,46,source,0.015649889800102512,1,blocked,1a4b858fd015d1a493dd1ebbcb97d92777b653c17e92b8a9eb88e3a3df358730,0.02931558997021111,45
-0.013634238520428,46,validation,-0.013634238520428,1,blocked,1a4b858fd015d1a493dd1ebbcb97d92777b653c17e92b8a9eb88e3a3df358730,-0.018658976713726627,45
0.02207452934022491,156,source,0.02203276268381371,1,blocked,1aee86eee36b0e709c5194bd14465473e68a321fa337166ef1e246f294373480,0.02207452934022491,155
-0.01145596680119332,156,validation,-0.02062265791339013,1,blocked,1aee86eee36b0e709c5194bd14465473e68a321fa337166ef1e246f294373480,-0.01145596680119332,155
0.015830007563345502,108,source,0.015830007563345502,2,blocked,1ef3669f2ba0662b9e78b1d7cf0eb8971c31019580b122b8974954b4b0730459,0.01337435948645216,105
0.011549463335251975,108,validation,-0.001537689310035839,2,blocked,1ef3669f2ba0662b9e78b1d7cf0eb8971c31019580b122b8974954b4b0730459,0.011549463335251975,105
0.009406065225606053,184,source,0.006557222975737132,1,blocked,1f2688e32c39263be09cd409d6cb33362cbf0c5ce6976cdcdaab03af905a558d,0.009406065225606053,183
-0.048386185050360186,184,validation,-0.054502697867266026,1,blocked,1f2688e32c39263be09cd409d6cb33362cbf0c5ce6976cdcdaab03af905a558d,-0.048386185050360186,183
0.01196806692890815,188,source,0.01196806692890815,2,blocked,23ae0adf76434eea2a2b23da1b790ae5ffcf74fd30ed64d1d09983cb24f661c0,0.009122786206250708,185
-0.014646016181031118,188,validation,-0.014646016181031118,2,blocked,23ae0adf76434eea2a2b23da1b790ae5ffcf74fd30ed64d1d09983cb24f661c0,-0.018580532191857735,185
0.034741166992086514,78,source,0.017759308722586686,1,blocked,23ca37720a8d28b757226ac59469da942ed78e952adab239bce36c7efd5b43ca,0.034741166992086514,77
-0.0019977163486588623,78,validation,-0.0019977163486588623,1,blocked,23ca37720a8d28b757226ac59469da942ed78e952adab239bce36c7efd5b43ca,-0.004921473295101508,77
0.02960294238790922,80,source,0.01959479786996259,2,blocked,2416918282d67f292f141df8b34393e25e87d383f92c60be69b470abb975ee17,0.02960294238790922,77
-0.007908640399319378,80,validation,-0.007908640399319378,2,blocked,2416918282d67f292f141df8b34393e25e87d383f92c60be69b470abb975ee17,-0.01199826891381317,77
0.03336669635839451,60,source,0.03285553848641598,1,blocked,25fc71534369ca988dfa0240551ce3f3d39f2019d572f70e44eb7e561984d171,0.03336669635839451,59
-0.011517430823682728,60,validation,-0.02149385388320013,1,blocked,25fc71534369ca988dfa0240551ce3f3d39f2019d572f70e44eb7e561984d171,-0.011517430823682728,59
0.014902834725667977,104,source,0.014902834725667977,2,blocked,26e0079fc93aa4f9a910bd9779173f45ea989c14252750c2865cb53b869bb4b2,0.00995672438042827,101
-9.986117511573411e-05,104,validation,-0.003021968186959656,2,blocked,26e0079fc93aa4f9a910bd9779173f45ea989c14252750c2865cb53b869bb4b2,-9.986117511573411e-05,101
0.05109945814982418,96,source,0.04545124194560691,4,blocked,282e188f73d2512fc7abd1bc155e552f11513960aad7d622cbbe0e4c61b6570b,0.05109945814982418,81
0.01462648256606669,96,validation,0.00044610942590517233,4,blocked,282e188f73d2512fc7abd1bc155e552f11513960aad7d622cbbe0e4c61b6570b,0.01462648256606669,81
0.013703512213924851,2,source,0.013703512213924851,1,blocked,2cd563c974235be220dc4842bbbd5321ff1fe42736be01a41997ebdc7c450125,0.012108747265913822,1
0.004378143469699891,2,validation,0.0004428082681229295,1,blocked,2cd563c974235be220dc4842bbbd5321ff1fe42736be01a41997ebdc7c450125,0.004378143469699891,1
0.03236288386854025,76,source,0.026847407573517692,2,blocked,2d6ecaa8151a44fdfcb6156da640d486a2f7f8fcfb2d18cbe646abc40bfe2379,0.03236288386854025,73
-0.0014771968359006407,76,validation,-0.0048689432655504294,2,blocked,2d6ecaa8151a44fdfcb6156da640d486a2f7f8fcfb2d18cbe646abc40bfe2379,-0.0014771968359006407,73
0.021250169330279345,58,source,0.013904799309172766,1,blocked,2eecafea0eff641ef54c0155b2f31848099c84231dd78ebd5a7b7adc9957d7ea,0.021250169330279345,57
0.003330202290452222,58,validation,0.003330202290452222,1,blocked,2eecafea0eff641ef54c0155b2f31848099c84231dd78ebd5a7b7adc9957d7ea,-0.01883810488958182,57
0.02709426868045973,24,source,0.024765926267566817,3,blocked,2f3c8d2a122ebe1078addcfd8bdb8baea59b4e86d83ca0c2cb5b27ed7d4b3086,0.02709426868045973,17
0.005455772927466684,24,validation,0.005455772927466684,3,blocked,2f3c8d2a122ebe1078addcfd8bdb8baea59b4e86d83ca0c2cb5b27ed7d4b3086,-0.012068939969894776,17
0.012671366232870351,140,source,0.011990325776389366,1,blocked,344d833eb812921494c5ab2fa16b8bd6f09fd1e03ecf66b8a15f61a87075cd10,0.012671366232870351,139
0.008976644283479995,140,validation,-0.0006121918042185648,1,blocked,344d833eb812921494c5ab2fa16b8bd6f09fd1e03ecf66b8a15f61a87075cd10,0.008976644283479995,139
0.024348849765924108,36,source,0.019738835362560492,1,blocked,357aaadf57b4ef667046b33f9200382551db09128228c240d2ad6385e6873d72,0.024348849765924108,35
0.01189189074034136,36,validation,0.0005778342419051619,1,blocked,357aaadf57b4ef667046b33f9200382551db09128228c240d2ad6385e6873d72,0.01189189074034136,35
0.013583345522629296,172,source,-0.013745541441182674,1,blocked,386d30f42e29bbbe8369a3e893380d25c389bb6c482b534632080c78c946b591,0.013583345522629296,171
0.0012488033217739059,172,validation,-0.002466571586971167,1,blocked,386d30f42e29bbbe8369a3e893380d25c389bb6c482b534632080c78c946b591,0.0012488033217739059,171
-0.007096037313987225,186,source,-0.00987327591567322,1,blocked,3aa06b91da3f5c08f3a0752716bc6514744fc682b8408b9114790825e01f24f5,-0.007096037313987225,185
0.003397438228498917,186,validation,0.001027917095698383,1,blocked,3aa06b91da3f5c08f3a0752716bc6514744fc682b8408b9114790825e01f24f5,0.003397438228498917,185
0.011097748783501782,142,source,0.011097748783501782,1,blocked,3af346169e65043c56aec1ba62b42ec3b0c76162d9c170fd6b989a14600819f5,0.008071314226273829,141
0.005979382011179091,142,validation,-0.01852889103506672,1,blocked,3af346169e65043c56aec1ba62b42ec3b0c76162d9c170fd6b989a14600819f5,0.005979382011179091,141
0.0255994886176322,180,source,0.0255994886176322,2,blocked,3b4f20c28a20d271ff1c82da20a6c4d88c5762c4aedc39447843679521860fc1,0.021476464137517033,177
-0.008680761268294646,180,validation,-0.014287594359874145,2,blocked,3b4f20c28a20d271ff1c82da20a6c4d88c5762c4aedc39447843679521860fc1,-0.008680761268294646,177
0.020367665668812318,62,source,-0.0057170324319444354,1,blocked,3b7fd8bcfe21d95d320e790f9d8dbb36368cbaaa6da275653df3ad9afc9209e8,0.020367665668812318,61
0.00552272542859078,62,validation,0.004595358109080738,1,blocked,3b7fd8bcfe21d95d320e790f9d8dbb36368cbaaa6da275653df3ad9afc9209e8,0.00552272542859078,61
0.027780487727623555,88,source,0.02714555459652675,3,blocked,40f147684f63edd36762f4bd6a32acbf28bb71bf2079e957763760d937920ed2,0.027780487727623555,81
-0.024275828937440073,88,validation,-0.032341272096088725,3,blocked,40f147684f63edd36762f4bd6a32acbf28bb71bf2079e957763760d937920ed2,-0.024275828937440073,81
-0.01414388824319457,190,source,-0.01414388824319457,1,blocked,41bc704803572d4aa3f3e0591a8cef1ca44a5137b18385a1c19f47734c75e142,-0.019726755707022207,189
0.007251157159416266,190,validation,0.006047514077317295,1,blocked,41bc704803572d4aa3f3e0591a8cef1ca44a5137b18385a1c19f47734c75e142,0.007251157159416266,189
0.02073227457509863,32,source,0.02073227457509863,1,blocked,4379446799ffa36eb2f30249e80a9715a87a944fb87c39fcf345944f5c2e362a,0.019457460653717895,31
0.005905213999466863,32,validation,-0.024505137663244803,1,blocked,4379446799ffa36eb2f30249e80a9715a87a944fb87c39fcf345944f5c2e362a,0.005905213999466863,31
0.010779579433884301,166,source,0.010779579433884301,1,blocked,454a6cf3b2c0a882b591ae1a35f8aabc6e474ab7771382b7099e19741111d43e,0.006428448585718006,165
-0.012004131569392616,166,validation,-0.012004131569392616,1,blocked,454a6cf3b2c0a882b591ae1a35f8aabc6e474ab7771382b7099e19741111d43e,-0.024642223610408243,165
0.028117863277245754,168,source,0.028117863277245754,2,blocked,45e708775672a740def248bb0ec7c398995031e47c5132b8bed72556d0701126,0.022884385381293178,165
-0.012971937254211863,168,validation,-0.012971937254211863,2,blocked,45e708775672a740def248bb0ec7c398995031e47c5132b8bed72556d0701126,-0.03453071944304953,165
0.0023845294515314475,108,source,0.002144588647286838,1,blocked,47ec7f7141f6771133e7af887e4c514356538416b2efa16c3021119f62a39221,0.0023845294515314475,107
-0.006036748317693297,108,validation,-0.006036748317693297,1,blocked,47ec7f7141f6771133e7af887e4c514356538416b2efa16c3021119f62a39221,-0.025194688506473772,107
0.03054727047890001,156,source,0.03054727047890001,2,blocked,49f42e04f2143b335087de16f2c83b815cef78d9cea3ea5099d26ddd07b887a4,0.03043614098154568,153
-0.0025270368239196372,156,validation,-0.01123651990442842,2,blocked,49f42e04f2143b335087de16f2c83b815cef78d9cea3ea5099d26ddd07b887a4,-0.0025270368239196372,153
0.03921618024067946,32,source,0.034007566312409906,2,blocked,4a30c45b492d32c2ccb587467efca10175f53e9066aefc4101920bdc675bb30e,0.03921618024067946,29
0.0007286991688946198,32,validation,0.0007286991688946198,2,blocked,4a30c45b492d32c2ccb587467efca10175f53e9066aefc4101920bdc675bb30e,-0.009324603719305104,29
0.021548892096578072,148,source,0.007573210738925348,2,blocked,4b36707615079dabc31874e3d0e360f7f6983253cbcdabf145709f13c3144c51,0.021548892096578072,145
-0.019585244172538818,148,validation,-0.019585244172538818,2,blocked,4b36707615079dabc31874e3d0e360f7f6983253cbcdabf145709f13c3144c51,-0.027382422428505086,145
0.015368470417673308,14,source,0.010753565525442044,1,blocked,4b3943ae417c511d4e11b44b770429201fe6e549fc32204f420311011623274d,0.015368470417673308,13
-0.012731868797487556,14,validation,-0.012731868797487556,1,blocked,4b3943ae417c511d4e11b44b770429201fe6e549fc32204f420311011623274d,-0.015973581969357387,13
0.03740361597245064,160,source,0.03740361597245064,3,blocked,4cfe073336b7223fc707479511df52eebba1aa9a5d42f8eae1d8948a3bed2e8d,0.03429466655856622,153
-0.00939009112935829,160,validation,-0.021528293962176818,3,blocked,4cfe073336b7223fc707479511df52eebba1aa9a5d42f8eae1d8948a3bed2e8d,-0.00939009112935829,153
0.01430208880172823,180,source,-0.01087850052686834,1,blocked,4dc051a050b8c77d353b4958f7a9a91bb8a7dd1f750c9707ab9ca3e1146d9085,0.01430208880172823,179
0.041577964700678205,180,validation,-0.04074762853359548,1,blocked,4dc051a050b8c77d353b4958f7a9a91bb8a7dd1f750c9707ab9ca3e1146d9085,0.041577964700678205,179
0.018849677222290806,4,source,0.016942508231770237,1,blocked,4ef07a2a3f872a33b8b301f7bbde4acece1af64ad21cb23ff83fcbaded21adc8,0.018849677222290806,3
0.01098586061321005,4,validation,-0.014139371869461348,1,blocked,4ef07a2a3f872a33b8b301f7bbde4acece1af64ad21cb23ff83fcbaded21adc8,0.01098586061321005,3
0.01426247488514365,90,source,0.01426247488514365,1,blocked,51d82cffe22eeffdafb83187d137907f6a820eb67645ce85bfbb28880fefc960,0.012475729176843586,89
-0.0010728579442098596,90,validation,-0.0010728579442098596,1,blocked,51d82cffe22eeffdafb83187d137907f6a820eb67645ce85bfbb28880fefc960,-0.006555548871630679,89
0.025752081616573306,116,source,0.023654531834468355,2,blocked,541d6175c9ae4f41173f90e4775642a2204ef992da96478d902fce4393d99ff8,0.025752081616573306,113
-0.007120780537379856,116,validation,-0.02449126173561833,2,blocked,541d6175c9ae4f41173f90e4775642a2204ef992da96478d902fce4393d99ff8,-0.007120780537379856,113
0.034349774391172906,28,source,0.034349774391172906,2,blocked,5471eb815cd597049045dfe07cfb204a3f6d8488805cd10d5967fe9673082e28,0.03423064127363137,25
-0.023654767462631066,28,validation,-0.023654767462631066,2,blocked,5471eb815cd597049045dfe07cfb204a3f6d8488805cd10d5967fe9673082e28,-0.02932731037325831,25
0.03416040287157832,36,source,0.03256657639250569,2,blocked,54fc52bd43be37a4fd57601e9202ab8c463d8b2ffd3251aa89ab9f7532516e43,0.03416040287157832,33
-0.014748038056167532,36,validation,-0.014748038056167532,2,blocked,54fc52bd43be37a4fd57601e9202ab8c463d8b2ffd3251aa89ab9f7532516e43,-0.022643300632060326,33
0.024183151106538237,30,source,0.024183151106538237,1,blocked,5b4b50a84325506e720bee6a752c62e532957b11bbe4e7c684d76b8c96f06491,0.009612599696037227,29
0.0038029302261377578,30,validation,-0.005734560610759942,1,blocked,5b4b50a84325506e720bee6a752c62e532957b11bbe4e7c684d76b8c96f06491,0.0038029302261377578,29
0.01735112981850293,44,source,0.009603808819797107,2,blocked,5ba59ad502fe975c2de9f18e66b683dd4e6c339415250b6c19a7faffec787320,0.01735112981850293,41
0.021882887010450602,44,validation,0.01154698738602189,2,blocked,5ba59ad502fe975c2de9f18e66b683dd4e6c339415250b6c19a7faffec787320,0.021882887010450602,41
0.010353987102870166,74,source,0.00648256794901747,1,blocked,5c10a3c4888efb2ef8204602d953096f068067b4980902de95c7c7e711ea1082,0.010353987102870166,73
0.0036130370974603036,74,validation,0.0036130370974603036,1,blocked,5c10a3c4888efb2ef8204602d953096f068067b4980902de95c7c7e711ea1082,-0.009862547799487364,73
0.031525549683201246,128,source,0.02944178202903965,6,blocked,5da4d22b46a30c1e2881e0d5bf884a67b7f49521236bd2ff57462e590c080f27,0.031525549683201246,65
0.009886188442424131,128,validation,0.009886188442424131,6,blocked,5da4d22b46a30c1e2881e0d5bf884a67b7f49521236bd2ff57462e590c080f27,-0.004223396600758476,65
0.02987035840131381,72,source,0.02987035840131381,3,blocked,5f434a818f859fcf18d0e86eb77af943b065c266ea51fdd0cfecf06e462f0cfe,0.029369378550913147,65
-0.00408945781851755,72,validation,-0.00408945781851755,3,blocked,5f434a818f859fcf18d0e86eb77af943b065c266ea51fdd0cfecf06e462f0cfe,-0.019286356497049573,65
0.05613247549076896,32,source,0.05613247549076896,4,blocked,61bba7d43a6660f1f5177098376a553999c453c51223327d88933bde68c439b8,0.03808737485451291,17
0.0003112902575239662,32,validation,-0.0402529518655006,4,blocked,61bba7d43a6660f1f5177098376a553999c453c51223327d88933bde68c439b8,0.0003112902575239662,17
0.04609558575139577,48,source,0.04609558575139577,4,blocked,6320e73dfaff0cf509d364ddf54d6bc2a4a660fe37a041fcc519ee5745308859,0.041648396871363375,33
-0.005177554405725093,48,validation,-0.009229411526618492,4,blocked,6320e73dfaff0cf509d364ddf54d6bc2a4a660fe37a041fcc519ee5745308859,-0.005177554405725093,33
0.020168815968681253,102,source,0.013614010202652516,1,blocked,6382e9a8bd4fea2104f608fcfe4b05337abb15fff2939930d9cf988f41649939,0.020168815968681253,101
-0.006466820395204519,102,validation,-0.019101821929510265,1,blocked,6382e9a8bd4fea2104f608fcfe4b05337abb15fff2939930d9cf988f41649939,-0.006466820395204519,101
0.020906301943516947,50,source,0.01721434543602962,1,blocked,64fcb571ebc124d5bfc52fb6200ab17e54b0ce6ace2e628e4fc7c5791fc7207d,0.020906301943516947,49
0.0078671125560279,50,validation,-0.00020026137937501076,1,blocked,64fcb571ebc124d5bfc52fb6200ab17e54b0ce6ace2e628e4fc7c5791fc7207d,0.0078671125560279,49
0.03359986190141712,56,source,0.030903980754405983,2,blocked,6592fe9db3737f642c54c0b2194c27428733dcd9ad1d81d12267987093ccb858,0.03359986190141712,53
-0.002332470052683444,56,validation,-0.02487152021201844,2,blocked,6592fe9db3737f642c54c0b2194c27428733dcd9ad1d81d12267987093ccb858,-0.002332470052683444,53
0.029341637189289328,128,source,0.029341637189289328,3,blocked,65ad18d47f4df710454ac11a84bc4f58177c4e0ff84efb1bf3fbc13bd3008c3d,0.028470774363722896,121
0.00026020476709209817,128,validation,0.00026020476709209817,3,blocked,65ad18d47f4df710454ac11a84bc4f58177c4e0ff84efb1bf3fbc13bd3008c3d,-0.0025431912597009276,121
0.023855358236867127,20,source,0.02060866220807568,2,blocked,67b321123a5cbd55ef2d54d165667f537a2131d01269e5be42e90f97f258423f,0.023855358236867127,17
-0.01689718885624658,20,validation,-0.02373465198151603,2,blocked,67b321123a5cbd55ef2d54d165667f537a2131d01269e5be42e90f97f258423f,-0.01689718885624658,17
0.021180366804980144,38,source,0.021180366804980144,1,blocked,67b8cd7b76902fc0421036a2ae2b489c11eeb12b0767f0dc26b67fc6762881a1,0.01482894524885059,37
-0.014667646922088108,38,validation,-0.01844730993156185,1,blocked,67b8cd7b76902fc0421036a2ae2b489c11eeb12b0767f0dc26b67fc6762881a1,-0.014667646922088108,37
0.032328034744255406,160,source,0.032328034744255406,2,blocked,6a172cab2ea3b2b09232dfcebbc19f50263adb7bc2766761c4f99554bce0f753,0.029179700122124088,157
-0.007944114104346145,160,validation,-0.007944114104346145,2,blocked,6a172cab2ea3b2b09232dfcebbc19f50263adb7bc2766761c4f99554bce0f753,-0.035426560433821086,157
0.010272232586804764,88,source,-0.01812493856324293,1,blocked,6a9eaece57ae9f357378cee7d70db12263db3075d4dc1c809c0174848a055633,0.010272232586804764,87
0.0031429620633731674,88,validation,0.0031429620633731674,1,blocked,6a9eaece57ae9f357378cee7d70db12263db3075d4dc1c809c0174848a055633,-0.010900074467998122,87
0.01883902784228031,72,source,0.017367173097474486,1,blocked,6d3b49855780473eb03eae04c2d55093001cbda4762880d6bb9498c781bfe6f9,0.01883902784228031,71
0.006424106322076462,72,validation,-0.0009664281382784078,1,blocked,6d3b49855780473eb03eae04c2d55093001cbda4762880d6bb9498c781bfe6f9,0.006424106322076462,71
0.03057572473997805,70,source,0.020440114348295957,1,blocked,6d505388dec1f4a4a7642062bf9fdf35db1aa480b0c54c12939ce6d4bf25afc5,0.03057572473997805,69
0.011065140915437421,70,validation,0.011065140915437421,1,blocked,6d505388dec1f4a4a7642062bf9fdf35db1aa480b0c54c12939ce6d4bf25afc5,-0.00208210652391716,69
0.007574298732341056,12,source,0.007574298732341056,1,blocked,6d939899193fea48bdce008867dc18d4b797eefef2824e8eb61eaf6dcb420e0b,-0.020890032122592217,11
0.014905374168892925,12,validation,-0.007803759812395228,1,blocked,6d939899193fea48bdce008867dc18d4b797eefef2824e8eb61eaf6dcb420e0b,0.014905374168892925,11
0.030989462258808793,136,source,0.03045096541914873,2,blocked,6ef670d3d1b7c931246479e62cb0b31e9b5c8863756eb90e38c1f0302020196a,0.030989462258808793,133
0.006458727644739869,136,validation,-0.012377127429066048,2,blocked,6ef670d3d1b7c931246479e62cb0b31e9b5c8863756eb90e38c1f0302020196a,0.006458727644739869,133
0.01660419114422451,114,source,0.009218722330712303,1,blocked,703b79e233fecd9293ce5d80fa47dca465af530e94bbb8e3b32ea19db0bf9c01,0.01660419114422451,113
0.002847872684412556,114,validation,0.002847872684412556,1,blocked,703b79e233fecd9293ce5d80fa47dca465af530e94bbb8e3b32ea19db0bf9c01,-0.005414947489393418,113
0.024775009611691944,4,source,0.024775009611691944,2,blocked,716237b39223a0720ab0edd5219314313d4fede786cd24b052dfc1ae7db7125b,0.020244761373065474,1
-0.012549080780307918,4,validation,-0.02624439602569617,2,blocked,716237b39223a0720ab0edd5219314313d4fede786cd24b052dfc1ae7db7125b,-0.012549080780307918,1
0.03181285438757229,16,source,0.02905452621163705,3,blocked,71c4ba9c4d321d47313a3df8890c210dc55333baee23f42d419375395fa147f9,0.03181285438757229,9
0.0024896575421056166,16,validation,-0.0020966609014558824,3,blocked,71c4ba9c4d321d47313a3df8890c210dc55333baee23f42d419375395fa147f9,0.0024896575421056166,9
0.014905922271894355,128,source,0.014905922271894355,1,blocked,7b46907080056393a1c65b9d98b46a19eb6fed193676d9974a075ac4a7e120ff,0.013464643178496159,127
-0.0013220210804361088,128,validation,-0.0022785987071372027,1,blocked,7b46907080056393a1c65b9d98b46a19eb6fed193676d9974a075ac4a7e120ff,-0.0013220210804361088,127
0.04565359776035572,64,source,0.04565359776035572,4,blocked,7cb8cdc361e09e5a6cfbda78e4dd370dd9c756eec52c5a1b1a8a47ea23799aa5,0.03931998171395488,49
-0.0054798552348638285,64,validation,-0.0054798552348638285,4,blocked,7cb8cdc361e09e5a6cfbda78e4dd370dd9c756eec52c5a1b1a8a47ea23799aa5,-0.014832837204783456,49
0.021548762588278748,48,source,0.005619429893774803,2,blocked,7d7128914f32a39c41f6b78f69aa997ff0656e919c0423358f6d4f2d8043b57e,0.021548762588278748,45
0.031591677113753214,48,validation,0.022781992416338825,2,blocked,7d7128914f32a39c41f6b78f69aa997ff0656e919c0423358f6d4f2d8043b57e,0.031591677113753214,45
0.03049700964552011,64,source,0.030327292733942277,3,blocked,7e0957c54704853c7d8ced6ebb82b64df2dc14d86dff75dc5dac8fdc7ef6e33c,0.03049700964552011,57
0.002239242521228091,64,validation,0.002239242521228091,3,blocked,7e0957c54704853c7d8ced6ebb82b64df2dc14d86dff75dc5dac8fdc7ef6e33c,-0.003051463437245383,57
0.017337624237034666,100,source,0.017337624237034666,1,blocked,7fd33e72287cb34ddefd6c05860519a1ff4b06ed970dfbc887c4089bcbe7ba39,0.014053879734607033,99
-0.006825268386148719,100,validation,-0.006825268386148719,1,blocked,7fd33e72287cb34ddefd6c05860519a1ff4b06ed970dfbc887c4089bcbe7ba39,-0.01753828511435618,99
0.029279235828935442,140,source,0.021054483022242405,2,blocked,80ad6727a4b3e5647e505afcd57ee452b164bc8e62b64d8901ff05260ef035a7,0.029279235828935442,137
0.006525405452792566,140,validation,0.006525405452792566,2,blocked,80ad6727a4b3e5647e505afcd57ee452b164bc8e62b64d8901ff05260ef035a7,-0.008689076978458443,137
0.011682847383717831,98,source,0.011682847383717831,1,blocked,836035f6d8d9ae0e2a8689c2e9ea1bda7116344aff38b644536519d9979dd166,0.009877058307273368,97
0.006115907748069915,98,validation,0.006115907748069915,1,blocked,836035f6d8d9ae0e2a8689c2e9ea1bda7116344aff38b644536519d9979dd166,-0.005924089420476619,97
0.013266756290650772,168,source,0.013266756290650772,1,blocked,8914eaa86755800d079a0fa6089e025055d01ade78da66948a9a1585be1dbf99,0.011893791535716458,167
0.008087552028146261,168,validation,0.008087552028146261,1,blocked,8914eaa86755800d079a0fa6089e025055d01ade78da66948a9a1585be1dbf99,0.0015979488851569634,167
0.02120962853511177,134,source,0.019093017085668906,1,blocked,8af6f8534734048badba646711680048d90c6da841b5a6a06007fa490111a1c7,0.02120962853511177,133
0.015589183811153706,134,validation,0.0030580318363973014,1,blocked,8af6f8534734048badba646711680048d90c6da841b5a6a06007fa490111a1c7,0.015589183811153706,133
0.008327360840165943,174,source,0.008327360840165943,1,blocked,8b3a7dcc70a2a6513f30dc98094904d0176ae661db4c6efb56014407223b6eff,0.002797047858210666,173
0.011870737268153686,174,validation,-0.012135294093353677,1,blocked,8b3a7dcc70a2a6513f30dc98094904d0176ae661db4c6efb56014407223b6eff,0.011870737268153686,173
0.01970765319435097,56,source,0.01970765319435097,1,blocked,8e86a46c914b6bfaf5ba7d6be2eb33ae020ff0818e691487f9b370b8bc970b1c,0.015236838213908088,55
-0.001090383827952568,56,validation,-0.001090383827952568,1,blocked,8e86a46c914b6bfaf5ba7d6be2eb33ae020ff0818e691487f9b370b8bc970b1c,-0.01317149768246395,55
0.029604801885765062,184,source,0.029604801885765062,3,blocked,8fad612dd290691c9d3bd26a8ed1893c5f51ce88c995ed065602c9fcee4502e8,0.026846353720474385,177
-0.0028501400616627315,184,validation,-0.026257428255948234,3,blocked,8fad612dd290691c9d3bd26a8ed1893c5f51ce88c995ed065602c9fcee4502e8,-0.0028501400616627315,177
0.029893376666832172,152,source,0.029893376666832172,3,blocked,923e068b94ad42eec12bd77cfb73a6fd0871e734589bd146e2f9bfe0527c1583,0.02831973553021146,145
-0.00044338064256055354,152,validation,-0.00044338064256055354,3,blocked,923e068b94ad42eec12bd77cfb73a6fd0871e734589bd146e2f9bfe0527c1583,-0.014930382896872095,145
0.009310641899015204,124,source,0.009239986891449448,1,blocked,930c6832fa79bdd3a5833b8457dcc7c3e17e4ae40bc186b702d29fce931fcf7a,0.009310641899015204,123
0.005086983378401966,124,validation,0.00094001613493222,1,blocked,930c6832fa79bdd3a5833b8457dcc7c3e17e4ae40bc186b702d29fce931fcf7a,0.005086983378401966,123
0.01215138337604338,16,source,0.01136060223699209,1,blocked,93475f4a9a8a4adcf80a080dbdc7a4faa75ac35c6169ce6570cad68a8fa39c29,0.01215138337604338,15
-0.0035795988859954613,16,validation,-0.0035795988859954613,1,blocked,93475f4a9a8a4adcf80a080dbdc7a4faa75ac35c6169ce6570cad68a8fa39c29,-0.017167859911766392,15
0.010829290301631378,44,source,0.010829290301631378,1,blocked,9364acfbd42b10128d6c9ae6b42b176835704895ad638b9873f12cc0bc246ed0,-0.012538640101631415,43
-0.01582145583219008,44,validation,-0.01582145583219008,1,blocked,9364acfbd42b10128d6c9ae6b42b176835704895ad638b9873f12cc0bc246ed0,-0.03036687712020481,43
0.021600063545769377,120,source,0.017488063136838816,1,blocked,93bea577a824e9b40da022d2b62f1d701508b197b1fce790e8b5dab49ca3bb0f,0.021600063545769377,119
-0.002509413796846438,120,validation,-0.009967523837121295,1,blocked,93bea577a824e9b40da022d2b62f1d701508b197b1fce790e8b5dab49ca3bb0f,-0.002509413796846438,119
0.052958452656118475,80,source,0.052958452656118475,4,blocked,953eaf17100994abc56f592605e7c1c564125d76b22ec2a5c0005ef12b295ec6,0.03844817364096107,65
0.0038359461181973753,80,validation,0.0038359461181973753,4,blocked,953eaf17100994abc56f592605e7c1c564125d76b22ec2a5c0005ef12b295ec6,-0.016271512251481157,65
0.04012096911298279,128,source,0.04012096911298279,5,blocked,957dd01474b8ddb5b1038d81b842e750b1e3917e2afb8422e5b60dfe77b0d201,0.03964765278233981,97
-0.008714327268641697,128,validation,-0.019518955202679614,5,blocked,957dd01474b8ddb5b1038d81b842e750b1e3917e2afb8422e5b60dfe77b0d201,-0.008714327268641697,97
0.029511086268714837,60,source,0.029511086268714837,2,blocked,969fb045e3527844bc92186ee405fdff4a26a0e608a3cd4eb7b369cc0e65f992,0.012158031368854117,57
-0.005515190437158646,60,validation,-0.025701680165646668,2,blocked,969fb045e3527844bc92186ee405fdff4a26a0e608a3cd4eb7b369cc0e65f992,-0.005515190437158646,57
0.02932400986281298,80,source,0.02932400986281298,3,blocked,9912635ec82a1ee1351065cc8eef82f00362de3be428f2e2fd2af2a444163988,0.02318949011054096,73
-0.0022927343317893363,80,validation,-0.0022927343317893363,3,blocked,9912635ec82a1ee1351065cc8eef82f00362de3be428f2e2fd2af2a444163988,-0.0049633530513002455,73
0.02828550141161511,68,source,0.02828550141161511,2,blocked,9d9bb1775464fc6ddd414790415e0366e75dd4de872ae3db623a6b74c120a4a7,0.021340742445864144,65
-0.010688446933109663,68,validation,-0.010688446933109663,2,blocked,9d9bb1775464fc6ddd414790415e0366e75dd4de872ae3db623a6b74c120a4a7,-0.011654413630063587,65
0.0178193644686524,84,source,0.0051349984639286195,1,blocked,9f7f3752ba36e7687aefbfa7ad3af896d663a4f9acb441e998605023d381511d,0.0178193644686524,83
-0.030758670184402925,84,validation,-0.030758670184402925,1,blocked,9f7f3752ba36e7687aefbfa7ad3af896d663a4f9acb441e998605023d381511d,-0.03312307754154831,83
0.0200045290131865,68,source,0.0200045290131865,1,blocked,a0bf2a85c52ca148331eb73b15e47832183ac65002576b50e17a08c3c35963a6,0.015527057495594132,67
0.0038057772231785414,68,validation,-0.010047635038964664,1,blocked,a0bf2a85c52ca148331eb73b15e47832183ac65002576b50e17a08c3c35963a6,0.0038057772231785414,67
0.025512849854693005,16,source,0.025508666353809273,2,blocked,a11cb6b33a3ac6e124f9bcd8e6a8f2e41a82867e5c54a87463fc343ef451efa3,0.025512849854693005,13
0.0009076616620957711,16,validation,0.0009076616620957711,2,blocked,a11cb6b33a3ac6e124f9bcd8e6a8f2e41a82867e5c54a87463fc343ef451efa3,-0.010946792661001847,13
0.021675877133978658,164,source,0.021495493814549106,2,blocked,a218218411bbe53de7fcfd4aa380e17c9aee1ee98f53df4e8ce2bc183458a579,0.021675877133978658,161
-0.010219800488347142,164,validation,-0.01796771318484569,2,blocked,a218218411bbe53de7fcfd4aa380e17c9aee1ee98f53df4e8ce2bc183458a579,-0.010219800488347142,161
0.0264220894425935,132,source,0.0264220894425935,1,blocked,a30f5e7ce4c316129d4f91dcb4aea5b3a4c1c4ddcdaef4563485cf5cac6dc119,0.026227454729658373,131
0.007414760154822453,132,validation,-0.011598535997071169,1,blocked,a30f5e7ce4c316129d4f91dcb4aea5b3a4c1c4ddcdaef4563485cf5cac6dc119,0.007414760154822453,131
0.015552044406090815,164,source,0.015552044406090815,1,blocked,a3128ffdc8c62073e6f936b4bcbda1e0a1469d3efbfcac293bd95f2420ac6b8b,0.009095728654680002,163
0.013581079027430887,164,validation,-0.02678143479402562,1,blocked,a3128ffdc8c62073e6f936b4bcbda1e0a1469d3efbfcac293bd95f2420ac6b8b,0.013581079027430887,163
0.02886182431339303,96,source,0.025937951443296026,3,blocked,a5cddc0bcab61d3ba91a24eac0d6e12ae116194237be9b88a8b1a88e16c8e3ab,0.02886182431339303,89
-0.025716568990306055,96,validation,-0.03682366967659467,3,blocked,a5cddc0bcab61d3ba91a24eac0d6e12ae116194237be9b88a8b1a88e16c8e3ab,-0.025716568990306055,89
0.02482480209160909,130,source,0.02482480209160909,1,blocked,a6af265535c7b091a067039806abf17ed41ff50fd86a0886930412e15e3e0dd5,0.007705888966696994,129
-0.0012668660658201603,130,validation,-0.0013381600734381216,1,blocked,a6af265535c7b091a067039806abf17ed41ff50fd86a0886930412e15e3e0dd5,-0.0012668660658201603,129
0.01814411231153734,154,source,0.01611314126971375,1,blocked,a6e062ee9c0e45ac816049e6379ccb693f3ae93ef52dc500f1f4eebca780ccad,0.01814411231153734,153
-0.0005030530462375449,154,validation,-0.0005030530462375449,1,blocked,a6e062ee9c0e45ac816049e6379ccb693f3ae93ef52dc500f1f4eebca780ccad,-0.0015313492709176924,153
0.027306631698155392,42,source,0.027306631698155392,1,blocked,a8bcbcf2f4bc9dae7afe49968c38537a72d4b26b8e0dd75b66dc39d8844cafc7,-0.0009913013091715772,41
-0.013481659245719868,42,validation,-0.013481659245719868,1,blocked,a8bcbcf2f4bc9dae7afe49968c38537a72d4b26b8e0dd75b66dc39d8844cafc7,-0.02151464271653114,41
0.0021554613177658943,112,source,-0.0025474363997419758,1,blocked,a95fe8c9acd011222d7772fbeb5fb6262a6e017346692126f9d11992cd80aff5,0.0021554613177658943,111
0.00207875738080765,112,validation,0.0012602875564271532,1,blocked,a95fe8c9acd011222d7772fbeb5fb6262a6e017346692126f9d11992cd80aff5,0.00207875738080765,111
0.02512392292444298,184,source,0.0245580229017683,2,blocked,a9abe8cac6f093545c5f4ee1915d3211481b5f4f6c3f2d74287a167fd695a8d5,0.02512392292444298,181
0.00307312272743987,184,validation,-0.020910173567159518,2,blocked,a9abe8cac6f093545c5f4ee1915d3211481b5f4f6c3f2d74287a167fd695a8d5,0.00307312272743987,181
0.0231435412895166,124,source,0.02128961954608617,2,blocked,a9cdb6b127f166c198d0c5d5838bb7bb4aa4d51fd02f6cf0217d6e136f81fce5,0.0231435412895166,121
-0.009791739644947395,124,validation,-0.009846950508284324,2,blocked,a9cdb6b127f166c198d0c5d5838bb7bb4aa4d51fd02f6cf0217d6e136f81fce5,-0.009791739644947395,121
0.023283127410374135,104,source,0.02324686450919826,3,blocked,aea16ae05d0b3adb553da6e32f03c9413eb54cc350cee9663a47a5059f445768,0.023283127410374135,97
-0.010966248295951608,104,validation,-0.010966248295951608,3,blocked,aea16ae05d0b3adb553da6e32f03c9413eb54cc350cee9663a47a5059f445768,-0.014415682655349649,97
0.020366950467800897,92,source,0.020366950467800897,2,blocked,b00295f5595a99caa6165cb748b54b4f40df786c761b3e3445e5cef877f8c328,0.014766545546289124,89
-0.0133117443254398,92,validation,-0.028745768555961115,2,blocked,b00295f5595a99caa6165cb748b54b4f40df786c761b3e3445e5cef877f8c328,-0.0133117443254398,89
0.032235208346043535,56,source,0.031123546137552378,3,blocked,b0d20423a4f7ab5d1a42ac5c22a80cf18d4776bc8845c6c4ed5d8d3ac957c121,0.032235208346043535,49
-0.0015237866180937143,56,validation,-0.0015237866180937143,3,blocked,b0d20423a4f7ab5d1a42ac5c22a80cf18d4776bc8845c6c4ed5d8d3ac957c121,-0.01097704876310801,49
0.03069529782478811,64,source,0.03069529782478811,2,blocked,b1fe2ec3ae372e352512152a5bbc8a894aef30aa497bfdf04c34a633026ba26c,0.020497407884064345,61
-0.02067449792006215,64,validation,-0.02067449792006215,2,blocked,b1fe2ec3ae372e352512152a5bbc8a894aef30aa497bfdf04c34a633026ba26c,-0.021848338534693704,61
0.00911178016458547,64,source,0.0022100588003484134,1,blocked,b24f6ce667f3d27982d8b538be3ab518ececa5aa389d76b195e4d69e30efb174,0.00911178016458547,63
0.018621113783758636,64,validation,0.004706987235824078,1,blocked,b24f6ce667f3d27982d8b538be3ab518ececa5aa389d76b195e4d69e30efb174,0.018621113783758636,63
0.013377589388895661,82,source,0.013377589388895661,1,blocked,b2863662b31770db58a26f6992753a9cc6d8a42f53401888d334787e8a0dfe91,0.010711615993562294,81
-0.010926221371362121,82,validation,-0.03481281285837934,1,blocked,b2863662b31770db58a26f6992753a9cc6d8a42f53401888d334787e8a0dfe91,-0.010926221371362121,81
0.02279054744075837,54,source,0.01638568283800068,1,blocked,b29e5224216e99e546d750cc5fcc181ad2d1eeb2d8b49dc4d868687df592a120,0.02279054744075837,53
0.017625954451573778,54,validation,0.004120532692917012,1,blocked,b29e5224216e99e546d750cc5fcc181ad2d1eeb2d8b49dc4d868687df592a120,0.017625954451573778,53
0.012912929387762118,6,source,0.010496068121805813,1,blocked,b2e1ca7fffabd5d3909256f2b5723b6b80fa569a4af376818c2df534ae8a99f1,0.012912929387762118,5
-0.009652402596803222,6,validation,-0.009652402596803222,1,blocked,b2e1ca7fffabd5d3909256f2b5723b6b80fa569a4af376818c2df534ae8a99f1,-0.011019327494435904,5
0.000740017312743202,182,source,-0.00029758558525716516,1,blocked,b612804469bb6694c13be006efcad7f72363dd595ae1ea008cc38640b23c323e,0.000740017312743202,181
0.00301586684360311,182,validation,-0.062178085043749665,1,blocked,b612804469bb6694c13be006efcad7f72363dd595ae1ea008cc38640b23c323e,0.00301586684360311,181
0.02731257390523393,12,source,0.014102573942235274,2,blocked,b71542c8c4d76d50fad5543bbf2cd6691cce513b5be728a86728d98b45274594,0.02731257390523393,9
-0.0068684184536014214,12,validation,-0.019893709574926977,2,blocked,b71542c8c4d76d50fad5543bbf2cd6691cce513b5be728a86728d98b45274594,-0.0068684184536014214,9
0.02451583793800969,112,source,0.02451583793800969,3,blocked,becc15bed26a7884d62a615282987d5ce35c89ea81f6ddda399c8cc206f4f9ae,0.02369518157127981,105
0.005651668523321218,112,validation,-0.0032890825082134705,3,blocked,becc15bed26a7884d62a615282987d5ce35c89ea81f6ddda399c8cc206f4f9ae,0.005651668523321218,105
0.017905973894383573,100,source,0.017905973894383573,2,blocked,c37b49257c5f9d084cea27398cf43d7269fd0e609da787112de6b956f1d654c1,0.017634516722092448,97
-0.008987189749994018,100,validation,-0.017166043644590845,2,blocked,c37b49257c5f9d084cea27398cf43d7269fd0e609da787112de6b956f1d654c1,-0.008987189749994018,97
0.053694662536658534,128,source,0.03491208550147255,4,blocked,c4385e8afd7bccf97b6fe85523ca8981934508cc73f00a082200077a65b0f3f5,0.053694662536658534,113
0.003204052847477934,128,validation,-0.002918495514364183,4,blocked,c4385e8afd7bccf97b6fe85523ca8981934508cc73f00a082200077a65b0f3f5,0.003204052847477934,113
0.047658462105501405,176,source,0.04232659851147078,4,blocked,c506d020a96a4f5b4f6fce5d05bb76547667d58220ba06efe380024a52f2b1f2,0.047658462105501405,161
0.017201521060027813,176,validation,-0.009832328147733715,4,blocked,c506d020a96a4f5b4f6fce5d05bb76547667d58220ba06efe380024a52f2b1f2,0.017201521060027813,161
0.022002493812918415,170,source,0.01967561626940717,1,blocked,c5461ad706575ef65670e6face5f053ce9b59296817393345f0c801d630363fc,0.022002493812918415,169
0.00880145592276893,170,validation,0.00880145592276893,1,blocked,c5461ad706575ef65670e6face5f053ce9b59296817393345f0c801d630363fc,0.0011241145931286667,169
0.02762155517490275,176,source,0.02762155517490275,3,blocked,c681f4665bcc14db76b917b1c7508cbaea2a59418f22b4dfc5217b8245af72b0,0.02677516996710672,169
-0.030548317834163008,176,validation,-0.03158611156138513,3,blocked,c681f4665bcc14db76b917b1c7508cbaea2a59418f22b4dfc5217b8245af72b0,-0.030548317834163008,169
0.015599800298271791,122,source,0.01433266080552209,1,blocked,c74e1168e72b5eebe86c0dd9962165b5bf700b879cfbc7cc2aa2122f3dec9b7f,0.015599800298271791,121
6.419345292729695e-05,122,validation,-0.0023273818939431035,1,blocked,c74e1168e72b5eebe86c0dd9962165b5bf700b879cfbc7cc2aa2122f3dec9b7f,6.419345292729695e-05,121
0.05676781374166995,160,source,0.05676781374166995,4,blocked,c94f04873e85ef8976e7bfa74da94ed4e3d5a8a9ce11028aa7b0ae014da4644b,0.03940554994475631,145
0.0021910137600369417,160,validation,0.0021910137600369417,4,blocked,c94f04873e85ef8976e7bfa74da94ed4e3d5a8a9ce11028aa7b0ae014da4644b,0.0009211226988630195,145
0.026232157641434606,146,source,-0.0012869844125258378,1,blocked,c95141d789da2fcc80552a417c36a831d11a28b61c8932e52a62ebc6301ffe53,0.026232157641434606,145
0.0002478587082008765,146,validation,0.0002478587082008765,1,blocked,c95141d789da2fcc80552a417c36a831d11a28b61c8932e52a62ebc6301ffe53,-0.008300328098870713,145
0.019221551655834057,76,source,0.019221551655834057,1,blocked,ccde17ba7bd32bb1805a89bc9eb802c2ed7f0f4e94534636ab05eced2cf6ec4e,0.013176083183419562,75
-0.00846684965722444,76,validation,-0.00846684965722444,1,blocked,ccde17ba7bd32bb1805a89bc9eb802c2ed7f0f4e94534636ab05eced2cf6ec4e,-0.00865859181107731,75
0.025580388665695366,96,source,0.025580388665695366,2,blocked,ce951ddb81380593e2e7f69c1b51e4f01dc5238961bdbe0a0d6c217d9d2db20f,0.02383412719868992,93
-0.014983266739319046,96,validation,-0.014983266739319046,2,blocked,ce951ddb81380593e2e7f69c1b51e4f01dc5238961bdbe0a0d6c217d9d2db20f,-0.030593187058777227,93
0.011862409234554283,150,source,0.011862409234554283,1,blocked,cf2703ff2e15cd7b92904514718f86babd762e6e9887ced69396dfc5b58c283f,-0.0026956695507072137,149
0.012478861465952786,150,validation,-0.010523132872737317,1,blocked,cf2703ff2e15cd7b92904514718f86babd762e6e9887ced69396dfc5b58c283f,0.012478861465952786,149
-0.007009373429079924,188,source,-0.007009373429079924,1,blocked,cf2de7f00852c68ce9da562cbcfc06222c32e618deb7ff47e6536447e0f5e2c3,-0.019237087299915023,187
0.017473675853979298,188,validation,0.0007687298712242274,1,blocked,cf2de7f00852c68ce9da562cbcfc06222c32e618deb7ff47e6536447e0f5e2c3,0.017473675853979298,187
0.019293954606616204,8,source,0.019293954606616204,1,blocked,d0f5c65e381677955fd13a3b17f2704692f783547ecf6fe821d69d6c22589a2d,0.0035557142348690007,7
0.011380365961067397,8,validation,0.011380365961067397,1,blocked,d0f5c65e381677955fd13a3b17f2704692f783547ecf6fe821d69d6c22589a2d,0.000987558974125502,7
0.009612219745781747,20,source,0.009612219745781747,1,blocked,d2ce004552044a432195f204f0fe46343e49fa63a773ebb408ef477da54c5fdd,0.00820162554639503,19
0.002091065366217393,20,validation,0.002091065366217393,1,blocked,d2ce004552044a432195f204f0fe46343e49fa63a773ebb408ef477da54c5fdd,-0.0017683620148516432,19
0.02009664717007631,158,source,0.019506994645345443,1,blocked,d3334963ac833695a5fe7b8fd5c229bdc0e35640c0b91f2830fc036fce10f14d,0.02009664717007631,157
-0.018690455225740754,158,validation,-0.018690455225740754,1,blocked,d3334963ac833695a5fe7b8fd5c229bdc0e35640c0b91f2830fc036fce10f14d,-0.02683405231885394,157
0.009252668198631797,24,source,-0.0002844660526948317,1,blocked,d57224bbdb909def032b6eec671edb60a225afdb0db524e678be44cf0732a9d4,0.009252668198631797,23
-0.012320502007261203,24,validation,-0.012320502007261203,1,blocked,d57224bbdb909def032b6eec671edb60a225afdb0db524e678be44cf0732a9d4,-0.0228175964761288,23
0.034065717738804985,132,source,0.032182449590975104,2,blocked,d633e95df2e3651e90d240ae32a3796fbb8d9ddaa3e3800d90c62bd966fe239d,0.034065717738804985,129
-0.02237166356520559,132,validation,-0.02853561038422736,2,blocked,d633e95df2e3651e90d240ae32a3796fbb8d9ddaa3e3800d90c62bd966fe239d,-0.02237166356520559,129
0.02521893932373942,28,source,0.017067315955486162,1,blocked,d73346e09abc21769d267464437e992de1db4dd7447222e53123d451892cd840,0.02521893932373942,27
0.013203068474367807,28,validation,0.013203068474367807,1,blocked,d73346e09abc21769d267464437e992de1db4dd7447222e53123d451892cd840,0.0011079239196933877,27
0.017485507766552333,66,source,0.015132918815399465,1,blocked,d740ee9467b702af147ae6e2673c0d3ac7a9ab97549c0df55a52e01de1f60026,0.017485507766552333,65
0.004518520186954644,66,validation,-0.021248481337619696,1,blocked,d740ee9467b702af147ae6e2673c0d3ac7a9ab97549c0df55a52e01de1f60026,0.004518520186954644,65
0.02414590311119211,8,source,0.022894743354891008,2,blocked,d8239fd733a2b7f323f9194aabf06085b87555b4e716df7389b20e18982f2595,0.02414590311119211,5
-0.008875333345853331,8,validation,-0.010534980306414088,2,blocked,d8239fd733a2b7f323f9194aabf06085b87555b4e716df7389b20e18982f2595,-0.008875333345853331,5
0.025077768508850417,24,source,0.010571180413125204,2,blocked,d907ebf516f1098e42c53bcb2dcd064fb7fbadc25d797cd83b812e8cc501d18e,0.025077768508850417,21
0.007475674152374268,24,validation,0.005118803775056913,2,blocked,d907ebf516f1098e42c53bcb2dcd064fb7fbadc25d797cd83b812e8cc501d18e,0.007475674152374268,21
0.03610797996824593,64,source,0.03610797996824593,5,blocked,d93a04dda6546c742a31b04e78b49b248b6f8015fd55422b2ab25921405121d3,0.03475797956656877,33
0.003413826803683881,64,validation,0.003413826803683881,5,blocked,d93a04dda6546c742a31b04e78b49b248b6f8015fd55422b2ab25921405121d3,-0.00648399716243593,33
0.03302986388810113,120,source,0.03302986388810113,3,blocked,dcbaf2b25edb8c315edb699be328b83db64b3b8a9e84c69dd5b18c86a75f5377,0.02933200403775922,113
-0.0008449541710724429,120,validation,-0.017586212769369558,3,blocked,dcbaf2b25edb8c315edb699be328b83db64b3b8a9e84c69dd5b18c86a75f5377,-0.0008449541710724429,113
0.02695360787700935,144,source,0.02695360787700935,3,blocked,dde4c714bdb7d240abb56bd25eb7f78d9ecd757a4d514ce23482ed78fab3d4ef,0.02689766345688829,137
-0.006319204808699297,144,validation,-0.006319204808699297,3,blocked,dde4c714bdb7d240abb56bd25eb7f78d9ecd757a4d514ce23482ed78fab3d4ef,-0.009542779005672575,137
0.026526947522134876,48,source,0.025750002247300664,3,blocked,dde624cdb2507d24ff98f4d03a43be5bf926cc3f3d2034f08bf6e38c190f9052,0.026526947522134876,41
-0.02686262857705302,48,validation,-0.02686262857705302,3,blocked,dde624cdb2507d24ff98f4d03a43be5bf926cc3f3d2034f08bf6e38c190f9052,-0.04645226864677432,41
0.018655817275375908,80,source,0.017862079947123854,1,blocked,dde7f30db5007a7823984cbb9934f5ea5e86b303a01a791d568e00d7513d3ca1,0.018655817275375908,79
0.0024008266879889106,80,validation,-0.001937544513406442,1,blocked,dde7f30db5007a7823984cbb9934f5ea5e86b303a01a791d568e00d7513d3ca1,0.0024008266879889106,79
0.0016609857613123502,106,source,0.0016609857613123502,1,blocked,dde90a0cdc45c0eff260e27882fc92c8ac901152a3c0a704a683feb268dd7798,-0.0032669296517198188,105
-0.005239721639267003,106,validation,-0.014728215198643202,1,blocked,dde90a0cdc45c0eff260e27882fc92c8ac901152a3c0a704a683feb268dd7798,-0.005239721639267003,105
0.027869432021593754,10,source,0.011121703058047494,1,blocked,ddf04d53d4177659746beebc228820a23493fe0c2745e926e09ddee1099e5100,0.027869432021593754,9
-0.0006799710055727104,10,validation,-0.008503374316531032,1,blocked,ddf04d53d4177659746beebc228820a23493fe0c2745e926e09ddee1099e5100,-0.0006799710055727104,9
0.03258212138104657,32,source,0.03258212138104657,3,blocked,df59e572d6e72126b3344186ec863bf9a88050941321f0337673a9e221666c06,0.030510973112800703,25
-0.004353904430532296,32,validation,-0.004353904430532296,3,blocked,df59e572d6e72126b3344186ec863bf9a88050941321f0337673a9e221666c06,-0.02412653140620491,25
0.027989792776493383,176,source,0.026190109279759982,2,blocked,e0253409f8b4c78e7b31b717aae2be53dd83461a821672fbf5b035ea02331cb4,0.027989792776493383,173
-0.011114234651306232,176,validation,-0.024887395199817197,2,blocked,e0253409f8b4c78e7b31b717aae2be53dd83461a821672fbf5b035ea02331cb4,-0.011114234651306232,173
0.04218011698226891,96,source,0.033193446437546625,5,blocked,e65156b8dac732afe6dca39a859621ef3987e814dd16af67c43d20768a5a5ad9,0.04218011698226891,65
0.005622886622556428,96,validation,-0.0005493712656705705,5,blocked,e65156b8dac732afe6dca39a859621ef3987e814dd16af67c43d20768a5a5ad9,0.005622886622556428,65
0.020220904694520536,118,source,0.01465856506326002,1,blocked,e7791e05c0acda5fbf4b301a7aa1983d0fbb0be995980d5c168ba924bbe9c0d1,0.020220904694520536,117
0.0002246571478441428,118,validation,-0.0072986057826451844,1,blocked,e7791e05c0acda5fbf4b301a7aa1983d0fbb0be995980d5c168ba924bbe9c0d1,0.0002246571478441428,117
0.030314150338132565,84,source,0.026490724223034296,2,blocked,e7b80b19188a09a3ad7bccf7406ef267a9096f6f1eb1ec13a907275739c2f55e,0.030314150338132565,81
0.01102872340416483,84,validation,0.01102872340416483,2,blocked,e7b80b19188a09a3ad7bccf7406ef267a9096f6f1eb1ec13a907275739c2f55e,0.0021078995580954274,81
0.004777047225722475,110,source,0.004777047225722475,1,blocked,e862ca77a39e4ad79365f5fed26586801b6305ac0dbaa76527fe9a9430ee2ff2,-0.0010180034379327907,109
0.014817691322983606,110,validation,0.014817691322983606,1,blocked,e862ca77a39e4ad79365f5fed26586801b6305ac0dbaa76527fe9a9430ee2ff2,0.005660063383595038,109
0.004377428339786382,104,source,0.004377428339786382,1,blocked,e9ff523a2afcd23307460da3a15be8c58e542976e03898af8695269caf8d9804,-0.0051519840664797645,103
-0.006615723378559534,104,validation,-0.012302712811050663,1,blocked,e9ff523a2afcd23307460da3a15be8c58e542976e03898af8695269caf8d9804,-0.006615723378559534,103
0.019223252836554572,92,source,0.019223252836554572,1,blocked,ec719d078b986f9755c02791037a20c48fd1f758af74e6104c201df10b07c8cd,-0.0022624791375220887,91
-0.02162065039880323,92,validation,-0.02162065039880323,1,blocked,ec719d078b986f9755c02791037a20c48fd1f758af74e6104c201df10b07c8cd,-0.025473316575982174,91
0.011673517020149404,94,source,0.004367857703230449,1,blocked,eea2a6079dae91e2cfe375da6399e0bfda876cd0a590f17981686e268f4db3ed,0.011673517020149404,93
-0.02478300510429543,94,validation,-0.02478300510429543,1,blocked,eea2a6079dae91e2cfe375da6399e0bfda876cd0a590f17981686e268f4db3ed,-0.026783239834914818,93
0.026496194345044095,172,source,0.01904449369432133,2,blocked,f310aeabd4cdfb507ea0773a7d915dd623881e7a8fbd2617195d6c1a1ad3de25,0.026496194345044095,169
-0.008175319406066306,172,validation,-0.008175319406066306,2,blocked,f310aeabd4cdfb507ea0773a7d915dd623881e7a8fbd2617195d6c1a1ad3de25,-0.010550897929601621,169
0.013496629800564985,162,source,0.013496629800564985,1,blocked,f453f45817c2505f78374e47a32f7a9dff069f716aac49f88621beed1bd9613b,0.006131482194554394,161
0.0033024879280532105,162,validation,-0.005831848432821474,1,blocked,f453f45817c2505f78374e47a32f7a9dff069f716aac49f88621beed1bd9613b,0.0033024879280532105,161
0.01021376702578669,96,source,0.006113280588683434,1,blocked,f4e32e8be4fa9e69b1c1b808886bf46bd95291c5e7c731df4f1efe198a11f1f5,0.01021376702578669,95
-0.004231233507771215,96,validation,-0.004231233507771215,1,blocked,f4e32e8be4fa9e69b1c1b808886bf46bd95291c5e7c731df4f1efe198a11f1f5,-0.0063405191420460305,95
0.01569751645576745,112,source,0.01301827307812754,2,blocked,f535858842b386469c6f7859c54335ae70a5bd6d82db30c02a6f01857c3e91b1,0.01569751645576745,109
-0.017685004733256182,112,validation,-0.02784149725705598,2,blocked,f535858842b386469c6f7859c54335ae70a5bd6d82db30c02a6f01857c3e91b1,-0.017685004733256182,109
0.01092801811357913,148,source,-0.008735416042958688,1,blocked,f8fc3bbaf2d77195bb7a2fbfb86ecfa11416bc331f24cd2e041497336fe0a4bb,0.01092801811357913,147
-0.00853275224274297,148,validation,-0.00853275224274297,1,blocked,f8fc3bbaf2d77195bb7a2fbfb86ecfa11416bc331f24cd2e041497336fe0a4bb,-0.0200955559225644,147
0.028016733851663922,160,source,0.02362570264802799,1,blocked,f9771b48394c6ec5e736c71bb1d42f6b1fd857343035d660198bde6d6c0cead5,0.028016733851663922,159
0.005972842759301988,160,validation,-0.004096869518400714,1,blocked,f9771b48394c6ec5e736c71bb1d42f6b1fd857343035d660198bde6d6c0cead5,0.005972842759301988,159
-0.004023387463703454,22,source,-0.004023387463703454,1,blocked,fa4aa86083487d5c2d0878a5ba15ef00e70a08a4676ea388c8ccbc1ad096e4ca,-0.013522281144515482,21
-0.00046313062627278967,22,validation,-0.00046313062627278967,1,blocked,fa4aa86083487d5c2d0878a5ba15ef00e70a08a4676ea388c8ccbc1ad096e4ca,-0.005799969460101861,21
0.02262032155447824,34,source,0.02262032155447824,1,blocked,fae72e1457b65d4422cc8c6c7319a69ea70b06d34dca57a4185ead73886b4984,0.016408384205225612,33
0.00492124515015191,34,validation,0.0027390577745332045,1,blocked,fae72e1457b65d4422cc8c6c7319a69ea70b06d34dca57a4185ead73886b4984,0.00492124515015191,33
0.02217636383509669,40,source,-0.012584870883407984,1,blocked,fb7619b999b4ebe47064af2c9df78c99b75ce96e9a622f0974b00e01f933a3af,0.02217636383509669,39
0.002134945451018444,40,validation,0.002134945451018444,1,blocked,fb7619b999b4ebe47064af2c9df78c99b75ce96e9a622f0974b00e01f933a3af,-0.012557871888634331,39
0.015465991122875167,86,source,0.015465991122875167,1,blocked,fc7f43fa1baa24c43b3a2c390ad77edf51fa489cc83ec0348bd3f56e692eefdd,0.013622015429490153,85
0.009889709068308994,86,validation,-0.0036251621432550336,1,blocked,fc7f43fa1baa24c43b3a2c390ad77edf51fa489cc83ec0348bd3f56e692eefdd,0.009889709068308994,85
0.027098140184390603,88,source,0.02275387221768371,2,blocked,fca274c1585a7a0577e9337e5970784da6baef111cf8ded18c18f44e1d2da3dd,0.027098140184390603,85
-0.0035271238914926784,88,validation,-0.014680822524066883,2,blocked,fca274c1585a7a0577e9337e5970784da6baef111cf8ded18c18f44e1d2da3dd,-0.0035271238914926784,85
0.051683407483686196,112,source,0.047325490813187335,4,blocked,fe11e7eb36cf2985f21f35c404002fa605c5d93c30e5ed2f3c96b0c50c49bb74,0.051683407483686196,97
0.014427181296565061,112,validation,0.014427181296565061,4,blocked,fe11e7eb36cf2985f21f35c404002fa605c5d93c30e5ed2f3c96b0c50c49bb74,-0.007109057192770773,97
0.017644314953078943,144,source,0.017644314953078943,1,blocked,fee5aecca7f90f6b94fa0e0ae40a41615e257d4508eca486a203f64bd9e6801d,0.002946532898080001,143
-0.0004575321057624926,144,validation,-0.008318570253279534,1,blocked,fee5aecca7f90f6b94fa0e0ae40a41615e257d4508eca486a203f64bd9e6801d,-0.0004575321057624926,143
0.007603842359278134,152,source,0.007372314370249321,1,blocked,ff406ab64e8635f00c5d4e9bea6ef2dc09b772fad061cfe3f1586d5d141d4156,0.007603842359278134,151
0.002221050137787728,152,validation,0.002221050137787728,1,blocked,ff406ab64e8635f00c5d4e9bea6ef2dc09b772fad061cfe3f1586d5d141d4156,-0.0042193094889324545,151
0.03765167568460163,16,source,0.03765167568460163,4,blocked,ffa97b4b58457f9fb25adb1e28eeb65337c60f446d458339c841a89e8a42d9f8,0.03667586069267267,1
0.010690636864852499,16,validation,0.010690636864852499,4,blocked,ffa97b4b58457f9fb25adb1e28eeb65337c60f446d458339c841a89e8a42d9f8,-0.016448290107502928,1
0.0551420930716154,20,source,0.04819971277620913,2,round_robin,0092dc2597940c32664b9d32e86dbc3a595fc65d0026f5b86b1ab1678308dd20,0.0551420930716154,17
0.004333085890922184,20,validation,0.004333085890922184,2,round_robin,0092dc2597940c32664b9d32e86dbc3a595fc65d0026f5b86b1ab1678308dd20,0.0035688510825001123,17
0.019684229066272207,158,source,0.013391186321866533,1,round_robin,00c04318136eee6f81dc9c21f7e733bf30d144b8f4b4c20090687e2d2bb77fc9,0.019684229066272207,157
0.014570721253654105,158,validation,0.012867553229397808,1,round_robin,00c04318136eee6f81dc9c21f7e733bf30d144b8f4b4c20090687e2d2bb77fc9,0.014570721253654105,157
0.023547975304531787,140,source,0.020504902069293784,1,round_robin,014e050f764a52641e4cd839937fca358be9f0827cf3ab4aa8592f999842902d,0.023547975304531787,139
0.029794997794955428,140,validation,0.029794997794955428,1,round_robin,014e050f764a52641e4cd839937fca358be9f0827cf3ab4aa8592f999842902d,0.0088265061656716,139
0.05035469750501921,116,source,0.046571490043133615,2,round_robin,01b4bff9886c6bbc055ad0bceac84865dbce38c79e51ad9d25f3512ba4c9e090,0.05035469750501921,113
0.014664384224567896,116,validation,0.00432446785086571,2,round_robin,01b4bff9886c6bbc055ad0bceac84865dbce38c79e51ad9d25f3512ba4c9e090,0.014664384224567896,113
0.03134742169418647,86,source,0.03134742169418647,1,round_robin,01c50606e98b3cbf6a9538f99ccf5d7abe37cdca5564da16d8c343477401d4a3,0.01939797092731199,85
0.003292905743540686,86,validation,0.003292905743540686,1,round_robin,01c50606e98b3cbf6a9538f99ccf5d7abe37cdca5564da16d8c343477401d4a3,-0.002842770507004211,85
0.04748139701871734,154,source,0.04748139701871734,1,round_robin,01fabd137dfca425e5004c63eebab85c1902f797871be06d7c7d3cd0e80fb160,0.02429645362717836,153
0.025029855947594326,154,validation,0.025029855947594326,1,round_robin,01fabd137dfca425e5004c63eebab85c1902f797871be06d7c7d3cd0e80fb160,0.013334137769120291,153
0.04061537525422887,40,source,0.02580256838009176,1,round_robin,032c084a3525e5cf203a02d633da5f8e6eee45fbb29c28141a158620ea49caf4,0.04061537525422887,39
0.015867380966499534,40,validation,0.002987585335134213,1,round_robin,032c084a3525e5cf203a02d633da5f8e6eee45fbb29c28141a158620ea49caf4,0.015867380966499534,39
0.05578532244899628,156,source,0.034968070965217195,2,round_robin,03c75c34bb9c30c6e9dd1bb37d67b158acd8f5e14c1ff79a5888445ca33bd012,0.05578532244899628,153
0.009645459106257711,156,validation,-0.0010565667476468879,2,round_robin,03c75c34bb9c30c6e9dd1bb37d67b158acd8f5e14c1ff79a5888445ca33bd012,0.009645459106257711,153
0.04941169124417082,32,source,0.04941169124417082,2,round_robin,0400f8c5e6d58b72da38ed4f6754c478eda5714bfd4e1586ce044db79db1f1a4,0.04541885907231055,29
-0.009570704343307517,32,validation,-0.009570704343307517,2,round_robin,0400f8c5e6d58b72da38ed4f6754c478eda5714bfd4e1586ce044db79db1f1a4,-0.013927932268559184,29
0.04855623379716455,64,source,0.04783003266843886,3,round_robin,04c3e47eb5516a9fda1117e4e82cd564836d351d7bc25af82276ea87a7f7c407,0.04855623379716455,57
0.004801763760841455,64,validation,0.004801763760841455,3,round_robin,04c3e47eb5516a9fda1117e4e82cd564836d351d7bc25af82276ea87a7f7c407,-0.008630279440797504,57
0.042319181479786784,16,source,0.042319181479786784,4,round_robin,04e96a26974b20ba674ab988467736b6463853fde604356768e7d4aede6db50d,0.04152153246501295,1
-0.004527696160950967,16,validation,-0.009182517026309208,4,round_robin,04e96a26974b20ba674ab988467736b6463853fde604356768e7d4aede6db50d,-0.004527696160950967,1
0.05111264461295539,168,source,0.05111264461295539,2,round_robin,068c0ac8a1a5c806a889ee1e8c03ee61142ef9a79bd7fad662dcec0de5e2b723,0.03999491267892462,165
0.014805434594370842,168,validation,0.014805434594370842,2,round_robin,068c0ac8a1a5c806a889ee1e8c03ee61142ef9a79bd7fad662dcec0de5e2b723,-0.01700336547918183,165
0.0463875612774498,130,source,0.0463875612774498,1,round_robin,07cedb58b729809cf54fdd17b835f1a370a91a74ab232753412fcc61ff131bc1,0.025116701710799827,129
0.022375102474668784,130,validation,0.022375102474668784,1,round_robin,07cedb58b729809cf54fdd17b835f1a370a91a74ab232753412fcc61ff131bc1,0.006709984477021758,129
0.04913565175804169,62,source,0.04913565175804169,1,round_robin,083c4673211ff793ef3e5993f137601498b47fb2a3e589700f0d3eacca6df7f5,0.03423191487088273,61
0.011334852509151226,62,validation,0.003902497376210512,1,round_robin,083c4673211ff793ef3e5993f137601498b47fb2a3e589700f0d3eacca6df7f5,0.011334852509151226,61
0.027284422074425718,38,source,0.027284422074425718,1,round_robin,083ec60232b82071bd045343f75701c1f8713b1d4cc8615ecbe732f4d7871766,0.018607715851375772,37
0.009711192204401975,38,validation,0.009711192204401975,1,round_robin,083ec60232b82071bd045343f75701c1f8713b1d4cc8615ecbe732f4d7871766,0.0003003909887857592,37
0.0369221879592978,152,source,0.0369221879592978,1,round_robin,0976867db78f3eb0a16c07805873383ddbdf9abdd6b25b83ab6a0ca5ca08bbd4,-0.0004202801410986279,151
0.026383970122554556,152,validation,0.026383970122554556,1,round_robin,0976867db78f3eb0a16c07805873383ddbdf9abdd6b25b83ab6a0ca5ca08bbd4,-0.007521967865038892,151
0.03316004036490727,92,source,0.03316004036490727,1,round_robin,09abc39c934666a6d7e7cc5517f3b6207bd0105d27f109d3a8c2a3e646d7608d,0.02498709742085414,91
0.01260742860681874,92,validation,0.01260742860681874,1,round_robin,09abc39c934666a6d7e7cc5517f3b6207bd0105d27f109d3a8c2a3e646d7608d,0.007009502855821248,91
0.049885004223552805,8,source,0.049885004223552805,3,round_robin,0c0f70cf89543b5c7b3271839ed5483eb152188e36231f534674a850fc4b2dfd,0.04409401648599093,1
0.002490447492758135,8,validation,0.002490447492758135,3,round_robin,0c0f70cf89543b5c7b3271839ed5483eb152188e36231f534674a850fc4b2dfd,-0.0005701944767219319,1
0.029448232747214975,176,source,0.029448232747214975,1,round_robin,10297b11e3e2bf004cb43fd24d5979e9fe13dadd9b77ecb4a239e6c123e0b64a,0.012131759712652457,175
0.022717026715078026,176,validation,0.021252869920500572,1,round_robin,10297b11e3e2bf004cb43fd24d5979e9fe13dadd9b77ecb4a239e6c123e0b64a,0.022717026715078026,175
0.04682835921878577,48,source,0.04682835921878577,3,round_robin,126253b2d72b324e08117bccbba5e6b16549105a10fd35f5d9ce4e3286f99eb8,0.04047307410109228,41
0.013314421655317156,48,validation,0.0003080382597169974,3,round_robin,126253b2d72b324e08117bccbba5e6b16549105a10fd35f5d9ce4e3286f99eb8,0.013314421655317156,41
0.044610949135055845,132,source,0.037082955103843344,2,round_robin,13ab5a771bd58175c9c0d693b2e5076051ad621bbfafae22010ac6b6008b964f,0.044610949135055845,129
0.014218391031713464,132,validation,0.005328446221583091,2,round_robin,13ab5a771bd58175c9c0d693b2e5076051ad621bbfafae22010ac6b6008b964f,0.014218391031713464,129
0.049079791081969755,32,source,0.049079791081969755,3,round_robin,13c25359bada004e1f718fc2c9e1c07cca4b166388b41e32e6d59663abad7b73,0.037380252225702536,25
0.010407726321600258,32,validation,-0.011723321466141827,3,round_robin,13c25359bada004e1f718fc2c9e1c07cca4b166388b41e32e6d59663abad7b73,0.010407726321600258,25
0.02506060089619977,74,source,0.02506060089619977,1,round_robin,16de91ddbaa1cc6dfa47d838b9fe321e53acec244cc25dbdddef6551efcf134f,-0.014269547845223718,73
0.027707775890598807,74,validation,0.0029419870389020275,1,round_robin,16de91ddbaa1cc6dfa47d838b9fe321e53acec244cc25dbdddef6551efcf134f,0.027707775890598807,73
0.030202953176504233,138,source,0.030202953176504233,1,round_robin,1934ab1fc3e105da0a2cee4c174bf883ce670fb487d7c3e67f148ca512a8ef4d,0.02888099583032666,137
0.019883256010541306,138,validation,0.019883256010541306,1,round_robin,1934ab1fc3e105da0a2cee4c174bf883ce670fb487d7c3e67f148ca512a8ef4d,0.012741572793104172,137
0.024813034837742887,30,source,0.024813034837742887,1,round_robin,19de111e65d638464f163b3b176e77f4051222a1997d5554eb8f859b9c443121,0.002383019032144551,29
0.016283346528322973,30,validation,-0.004483071095694014,1,round_robin,19de111e65d638464f163b3b176e77f4051222a1997d5554eb8f859b9c443121,0.016283346528322973,29
0.037375169877248204,88,source,0.030516854241911417,1,round_robin,1eec8c9966e1918af194a56cbad59f7d0e1794a737214f5a3b217db1a7c1abc8,0.037375169877248204,87
0.01797042028703566,88,validation,0.005860281563569103,1,round_robin,1eec8c9966e1918af194a56cbad59f7d0e1794a737214f5a3b217db1a7c1abc8,0.01797042028703566,87
0.03733573347934738,190,source,0.02496620972541974,1,round_robin,1f076945dfaa70e89c0dce4efa16d975fe4e41a405029da9784f6bad54cecc90,0.03733573347934738,189
0.027689944324977178,190,validation,0.00777961947174699,1,round_robin,1f076945dfaa70e89c0dce4efa16d975fe4e41a405029da9784f6bad54cecc90,0.027689944324977178,189
0.05080392774291029,16,source,0.04192342465932729,2,round_robin,20836b28fb841e8301dbcdf84f669819248bedf681bd55b65e742935d32b5311,0.05080392774291029,13
0.007126026907883024,16,validation,0.004045292372889488,2,round_robin,20836b28fb841e8301dbcdf84f669819248bedf681bd55b65e742935d32b5311,0.007126026907883024,13
0.04256179598684909,112,source,0.04256179598684909,4,round_robin,219257a70ec7ebb46e0d1235a89de89c6e0d335ae2159851ef3a9068e41c5303,0.03877607756389276,97
-0.0013092620810153152,112,validation,-0.005933979835839824,4,round_robin,219257a70ec7ebb46e0d1235a89de89c6e0d335ae2159851ef3a9068e41c5303,-0.0013092620810153152,97
0.025637245395101607,160,source,0.02364651164098381,5,round_robin,2385590c2516a9c479e5ed4c9d9d428261c2d60ff1c71d88a2df8baf63daa955,0.025637245395101607,129
-0.007044855913886818,160,validation,-0.018674870818198932,5,round_robin,2385590c2516a9c479e5ed4c9d9d428261c2d60ff1c71d88a2df8baf63daa955,-0.007044855913886818,129
0.04745395197010901,8,source,0.04745395197010901,2,round_robin,23b901367a27a2817ed7acd6dbd694289bea27e408f171d4f1602a97ac8835f8,0.03464224437460048,5
0.004512318019760418,8,validation,0.002247795658951146,2,round_robin,23b901367a27a2817ed7acd6dbd694289bea27e408f171d4f1602a97ac8835f8,0.004512318019760418,5
0.05006853692998622,28,source,0.05006853692998622,2,round_robin,2426e3b216b825482b99ad3c01f899ece2d261aedbed3a3f953e8f25ab580771,0.02408908039136002,25
0.014057071043932008,28,validation,-0.005978981756394884,2,round_robin,2426e3b216b825482b99ad3c01f899ece2d261aedbed3a3f953e8f25ab580771,0.014057071043932008,25
0.046182875799608336,12,source,0.04120289698498936,1,round_robin,2614c89aca5783d53fb59216e3dcfeef7b95b99192bf54b3ad0b06bd890f1aa2,0.046182875799608336,11
0.024396100968662845,12,validation,0.024396100968662845,1,round_robin,2614c89aca5783d53fb59216e3dcfeef7b95b99192bf54b3ad0b06bd890f1aa2,0.021132163854826306,11
0.024813486295158116,70,source,0.024813486295158116,1,round_robin,2781fc5a058b0151e56d6f3a885f62b7f95cba206b1d289ce70df6db739cfe91,0.006549747713651577,69
0.011521354928447858,70,validation,0.006770866280786159,1,round_robin,2781fc5a058b0151e56d6f3a885f62b7f95cba206b1d289ce70df6db739cfe91,0.011521354928447858,69
0.04272697854018448,4,source,0.04272697854018448,1,round_robin,27c9753a1a62d4eba9bccfe746489006c2d36feb74802feb937e3b44b37ab87f,0.032707720804631135,3
0.0030894663592007103,4,validation,-0.0031445102488740773,1,round_robin,27c9753a1a62d4eba9bccfe746489006c2d36feb74802feb937e3b44b37ab87f,0.0030894663592007103,3
0.046087683118325284,24,source,0.046087683118325284,2,round_robin,28581f4ba346f7e17baa33ae4bdfa23e9d0eac291352d15edad657a48c387834,0.03793619759844102,21
-0.010048344104485027,24,validation,-0.010048344104485027,2,round_robin,28581f4ba346f7e17baa33ae4bdfa23e9d0eac291352d15edad657a48c387834,-0.029121367691906312,21
0.03536248473988346,36,source,0.027038769008557395,1,round_robin,2c603531c8855930c3dfa30cb7697f708952a9475163a8c2616489784faf1453,0.03536248473988346,35
0.022045775470597384,36,validation,0.00963340344289354,1,round_robin,2c603531c8855930c3dfa30cb7697f708952a9475163a8c2616489784faf1453,0.022045775470597384,35
0.02692276602278182,96,source,0.0255151357298129,5,round_robin,2fd793fb7e02e52b80e72cc0eb87b020d65d28ef93bea6b6910ea14ac800e1f1,0.02692276602278182,65
-0.009578718634753751,96,validation,-0.009874633447771662,5,round_robin,2fd793fb7e02e52b80e72cc0eb87b020d65d28ef93bea6b6910ea14ac800e1f1,-0.009578718634753751,65
0.03482462540166509,128,source,0.03482462540166509,1,round_robin,3017190aa7fd7bd71209ee70a8bc47e1b2733a8641495c9327ecf24e15ea784e,0.030394272749189488,127
0.02009669023501859,128,validation,0.02009669023501859,1,round_robin,3017190aa7fd7bd71209ee70a8bc47e1b2733a8641495c9327ecf24e15ea784e,-5.475379736763486e-05,127
0.03425313433304522,54,source,0.03425313433304522,1,round_robin,333e7a91181694a866587b297e76f72b0b1c92a1f524ea1dfc619c2e77f15398,0.021041611059809284,53
0.030747502486898393,54,validation,-0.004624152236632596,1,round_robin,333e7a91181694a866587b297e76f72b0b1c92a1f524ea1dfc619c2e77f15398,0.030747502486898393,53
0.04527406920768235,104,source,0.04527406920768235,2,round_robin,35c54bb15ad57d76cd04e74bacb4dba18564eb4b7f4f90009500f4eb7140f0fd,0.04333233744284853,101
0.001225272051941154,104,validation,-0.001719294858974665,2,round_robin,35c54bb15ad57d76cd04e74bacb4dba18564eb4b7f4f90009500f4eb7140f0fd,0.001225272051941154,101
0.048208356391352236,160,source,0.04099212900543977,2,round_robin,35f547846b794bec70d1326aa6f1ca132a585a5e1c88ffb854ab5d1c4ee9a29b,0.048208356391352236,157
-0.0036753260395229856,160,validation,-0.0036753260395229856,2,round_robin,35f547846b794bec70d1326aa6f1ca132a585a5e1c88ffb854ab5d1c4ee9a29b,-0.007904618156435537,157
0.04992059444011607,164,source,0.04322488610569252,2,round_robin,36343c2e5f5443a0a6d205de3e180a17e65cb3d328f44e77a4801727e284e8e2,0.04992059444011607,161
0.0027202303489554753,164,validation,-0.0018882713658131547,2,round_robin,36343c2e5f5443a0a6d205de3e180a17e65cb3d328f44e77a4801727e284e8e2,0.0027202303489554753,161
0.02753413133314919,42,source,0.024727578284239105,1,round_robin,3665357ecd29439f545f08f49925df5b74f030fc803354e4795119a92c0ea9d6,0.02753413133314919,41
0.018312615847327685,42,validation,0.018312615847327685,1,round_robin,3665357ecd29439f545f08f49925df5b74f030fc803354e4795119a92c0ea9d6,0.008205112782413204,41
0.01945563129336203,26,source,0.01945563129336203,1,round_robin,366c028af253881a2694dbcd422821160c0649f9dac355c082564de488fb3751,0.017028896377376368,25
0.016392057535701277,26,validation,0.016392057535701277,1,round_robin,366c028af253881a2694dbcd422821160c0649f9dac355c082564de488fb3751,0.002566321751775957,25
0.04943295081949758,72,source,0.04943295081949758,2,round_robin,36b7b6926f323775d78b37ef259fc0269bca655098ec56ddf58ef96b9c476c89,0.03543524882126594,69
0.00866059792598546,72,validation,0.00866059792598546,2,round_robin,36b7b6926f323775d78b37ef259fc0269bca655098ec56ddf58ef96b9c476c89,-0.0006684340764342917,69
0.05022211472878036,136,source,0.037330088393822125,2,round_robin,3acb4b1dab1a532c09033bb7d92aaafab63f216ad1f311305c0d424b9f47b408,0.05022211472878036,133
-0.002422272384065718,136,validation,-0.002422272384065718,2,round_robin,3acb4b1dab1a532c09033bb7d92aaafab63f216ad1f311305c0d424b9f47b408,-0.014056481804788993,133
0.02858413762485501,68,source,0.011758545767838191,1,round_robin,3b216e869bda5e988aad20f5030f7b6c667902b957491e917188a2e2cdb8ec77,0.02858413762485501,67
0.010090945311725275,68,validation,0.005634064144558249,1,round_robin,3b216e869bda5e988aad20f5030f7b6c667902b957491e917188a2e2cdb8ec77,0.010090945311725275,67
0.03115416837654017,104,source,0.03115416837654017,1,round_robin,3b482106542bb5a5c8c85c6334b6398d15b1b6a429b2ae9076cfefff4ab305cb,0.004665411415693654,103
0.006491390054411239,104,validation,0.006491390054411239,1,round_robin,3b482106542bb5a5c8c85c6334b6398d15b1b6a429b2ae9076cfefff4ab305cb,0.002939486135631997,103
0.042801227167248455,24,source,0.03978401020491117,3,round_robin,3b56f62f623631d966a1c44ee9cb7177e13f83c1fe7a531870d005e6e376a69a,0.042801227167248455,17
0.009848089930220304,24,validation,0.0012610608302722173,3,round_robin,3b56f62f623631d966a1c44ee9cb7177e13f83c1fe7a531870d005e6e376a69a,0.009848089930220304,17
0.03914248655193564,72,source,0.03914248655193564,1,round_robin,3bc66d56852475e56995b35325dc983518212cc0721042e4e50e54edf954c480,0.00021522334790646802,71
0.02872379038224393,72,validation,0.02872379038224393,1,round_robin,3bc66d56852475e56995b35325dc983518212cc0721042e4e50e54edf954c480,0.02078119049260896,71
0.028407586522815585,128,source,0.027463396538399455,5,round_robin,3bd81a6aa3e5bafc76dc5f18cd3d872876f4dc85e34ffdea00d9f13290b5f4a8,0.028407586522815585,97
-0.00734865360636933,128,validation,-0.0096024070901497,5,round_robin,3bd81a6aa3e5bafc76dc5f18cd3d872876f4dc85e34ffdea00d9f13290b5f4a8,-0.00734865360636933,97
0.04753028206779017,160,source,0.0452563603724198,3,round_robin,3c56991c54380981305e2ce3e6646814a9870108d1012a7c48267805d4ccb18e,0.04753028206779017,153
-0.00627638554977157,160,validation,-0.00627638554977157,3,round_robin,3c56991c54380981305e2ce3e6646814a9870108d1012a7c48267805d4ccb18e,-0.0063640139422309295,153
0.022406200784440333,98,source,0.022406200784440333,1,round_robin,3f92b146867d1a8134e0189778c65af924e583aefb3f30f01452cc1a3ea63947,0.020158308782404655,97
0.008427798976386569,98,validation,0.002681846568916901,1,round_robin,3f92b146867d1a8134e0189778c65af924e583aefb3f30f01452cc1a3ea63947,0.008427798976386569,97
0.04460114830174146,112,source,0.04460114830174146,2,round_robin,40718e554e2601c9f1c69475d48a0426c117b3f1f7ac9148e7f2e7eb2f398d2e,0.043259940217053545,109
0.0014926616279498353,112,validation,0.00013974428581212724,2,round_robin,40718e554e2601c9f1c69475d48a0426c117b3f1f7ac9148e7f2e7eb2f398d2e,0.0014926616279498353,109
0.05123056095003781,152,source,0.05123056095003781,3,round_robin,44ffdb7b227af968b9384046034006e172b3244ef0cdf64ce8c7f3f2073aaf1f,0.04053839149487306,145
-0.0003785966244177445,152,validation,-0.0003785966244177445,3,round_robin,44ffdb7b227af968b9384046034006e172b3244ef0cdf64ce8c7f3f2073aaf1f,-0.003445945016919602,145
0.030878846677529825,150,source,-0.00788237165546568,1,round_robin,457ab0d8d5959fa560acdaf042517514444eb97289e9e989aad9daebcf75ca53,0.030878846677529825,149
0.025568375676315203,150,validation,0.015297107016854383,1,round_robin,457ab0d8d5959fa560acdaf042517514444eb97289e9e989aad9daebcf75ca53,0.025568375676315203,149
0.03715632546830894,186,source,0.03715632546830894,1,round_robin,45978feda1770d78b83370dd1dc63257d80d56365f7cf9cfa970ac2c02e57984,0.0336249243335891,185
0.018342984088939307,186,validation,0.01247683601644045,1,round_robin,45978feda1770d78b83370dd1dc63257d80d56365f7cf9cfa970ac2c02e57984,0.018342984088939307,185
0.04797426058508947,52,source,0.04797426058508947,1,round_robin,46923b17e6d89bff696cbe8f3767aab44f312da9f4d6a736a7c8496678411afc,0.03076016549065197,51
0.01970764550756887,52,validation,0.01970764550756887,1,round_robin,46923b17e6d89bff696cbe8f3767aab44f312da9f4d6a736a7c8496678411afc,0.018363112972723306,51
0.04190414240411684,128,source,0.04190414240411684,4,round_robin,46f0e9dacc5b896d41aadfa9e58a8f94d9436d0a4bc36fec2cb33c911409a487,0.040995475082673184,113
-0.01035899462447286,128,validation,-0.01035899462447286,4,round_robin,46f0e9dacc5b896d41aadfa9e58a8f94d9436d0a4bc36fec2cb33c911409a487,-0.012111607282493485,113
0.05136719832312992,84,source,0.035581963729600326,2,round_robin,4815b1fc089b058aa80522579dcaf9cf3c3c525c91847edc49e6742647537acc,0.05136719832312992,81
0.0006372835595851934,84,validation,-0.002455968532747451,2,round_robin,4815b1fc089b058aa80522579dcaf9cf3c3c525c91847edc49e6742647537acc,0.0006372835595851934,81
0.04020515456845808,134,source,0.04020515456845808,1,round_robin,48725e95b6d9ee70b0e7a43ecc4f2c82c5b994ffaf8e2240554cc01caa5c1929,0.026382526257811234,133
0.006844822460452482,134,validation,0.004481759532198648,1,round_robin,48725e95b6d9ee70b0e7a43ecc4f2c82c5b994ffaf8e2240554cc01caa5c1929,0.006844822460452482,133
0.026520367778109625,50,source,0.026520367778109625,1,round_robin,4ac28369685a57ec271df0568428fa2cf72c0af7bce0d6ee6b317643314645db,0.014467628448577186,49
0.009811269825902302,50,validation,0.0029026215514738048,1,round_robin,4ac28369685a57ec271df0568428fa2cf72c0af7bce0d6ee6b317643314645db,0.009811269825902302,49
0.0319473684073015,116,source,0.0319473684073015,1,round_robin,4c8a902d9be9e4be41ceb91546990316630a3534c941d425c2c90435e5c7d59c,0.0211513724727308,115
0.009622048416572994,116,validation,0.00034901176402768463,1,round_robin,4c8a902d9be9e4be41ceb91546990316630a3534c941d425c2c90435e5c7d59c,0.009622048416572994,115
0.04721685434612611,148,source,0.04721685434612611,2,round_robin,4f10aa156b2cf077ff63245b37e110d61143753df7ffc4f4b6013efcd8d3748d,0.03825488300503199,145
0.024929033373874948,148,validation,-0.015220338144609845,2,round_robin,4f10aa156b2cf077ff63245b37e110d61143753df7ffc4f4b6013efcd8d3748d,0.024929033373874948,145
0.04561317004134368,160,source,0.04561317004134368,4,round_robin,5402f737aef49f190f4d05c6b3803ccddddc3b827a2b3b377b9f2298c6d57d3a,0.0404345544188107,145
-0.0063634294149022465,160,validation,-0.014143259394509616,4,round_robin,5402f737aef49f190f4d05c6b3803ccddddc3b827a2b3b377b9f2298c6d57d3a,-0.0063634294149022465,145
0.0415821299269874,48,source,0.037161290002837966,4,round_robin,540aeefe2ae681a93d2a440489d8deaae6a4fed5cc85f08ea57c221601b2fa2e,0.0415821299269874,33
-0.0047149404748523405,48,validation,-0.0047149404748523405,4,round_robin,540aeefe2ae681a93d2a440489d8deaae6a4fed5cc85f08ea57c221601b2fa2e,-0.019822825264289974,33
0.028916625099331794,188,source,0.028916625099331794,1,round_robin,54ceca6e99d9903edb14c3553e4478bdb05185bd71f06f5a23f35d0e1e3fb857,0.026681206241176092,187
0.018925900737217782,188,validation,0.011482778561660467,1,round_robin,54ceca6e99d9903edb14c3553e4478bdb05185bd71f06f5a23f35d0e1e3fb857,0.018925900737217782,187
0.04911649996208256,80,source,0.04911649996208256,1,round_robin,55c303d0384097a937ef955825485925a60c4f638ef0321c632b793a48955009,0.04345223330268988,79
0.009178452951087213,80,validation,0.006824401364569521,1,round_robin,55c303d0384097a937ef955825485925a60c4f638ef0321c632b793a48955009,0.009178452951087213,79
0.0494438208117394,124,source,0.0494438208117394,2,round_robin,5667f8652b29432e240861641774dbe7fcf7a18708208cdce1a933f2646ae86d,0.02867979595108082,121
0.0058436544259804395,124,validation,-0.0012948891424363247,2,round_robin,5667f8652b29432e240861641774dbe7fcf7a18708208cdce1a933f2646ae86d,0.0058436544259804395,121
0.04351863627442443,58,source,0.04351863627442443,1,round_robin,56b3d72e67d45150c7329b24b2e82a3ddc81e162a66bae6cb956126fffa5c862,0.029137675151505116,57
0.002388339065003686,58,validation,-0.00013960161334858334,1,round_robin,56b3d72e67d45150c7329b24b2e82a3ddc81e162a66bae6cb956126fffa5c862,0.002388339065003686,57
0.04868897064538643,184,source,0.04553848876297835,3,round_robin,57c675e5175933292421e8895a0e0032427a3e4c287d6e33efae94e64e8e3014,0.04868897064538643,177
0.007176438412423856,184,validation,0.007176438412423856,3,round_robin,57c675e5175933292421e8895a0e0032427a3e4c287d6e33efae94e64e8e3014,-0.007025734275210792,177
0.05396760608573385,180,source,0.026920745116336645,2,round_robin,5852282ae714723726a0498d53cdefef02a335b4460836ffb2cfeeb5547ee6e6,0.05396760608573385,177
4.749034406957284e-05,180,validation,-0.000990950019614118,2,round_robin,5852282ae714723726a0498d53cdefef02a335b4460836ffb2cfeeb5547ee6e6,4.749034406957284e-05,177
0.04559090095352671,52,source,0.04559090095352671,2,round_robin,58e211000729f824373ad234cd727f5a873457f71623430cd7466fb9138c4a16,0.021965832856227826,49
-0.000340915802986288,52,validation,-0.000340915802986288,2,round_robin,58e211000729f824373ad234cd727f5a873457f71623430cd7466fb9138c4a16,-0.0038175298412951213,49
0.033525340911523926,44,source,0.033525340911523926,1,round_robin,5fb27444776c98d3be3901ca54fa961890aeb440a381724a2adcef97ac49f7e1,0.020912442598421732,43
0.01615079929626062,44,validation,0.01615079929626062,1,round_robin,5fb27444776c98d3be3901ca54fa961890aeb440a381724a2adcef97ac49f7e1,0.0104351188848375,43
0.05212765911704534,40,source,0.047812557640902545,3,round_robin,65422ef8d8fc5b80adec85ed6238e6d3f84b316eca51d47b4bc167cc1d314952,0.05212765911704534,33
-0.0028630868944071325,40,validation,-0.0028630868944071325,3,round_robin,65422ef8d8fc5b80adec85ed6238e6d3f84b316eca51d47b4bc167cc1d314952,-0.007255849318229695,33
0.04151135543268847,172,source,0.04151135543268847,1,round_robin,658bc91c3cf1bee93d287ddf650cf44184cb34d4318ec9182a7253d0db2e236a,0.02415789508060895,171
0.013237876363630052,172,validation,-0.00543400201391675,1,round_robin,658bc91c3cf1bee93d287ddf650cf44184cb34d4318ec9182a7253d0db2e236a,0.013237876363630052,171
0.04728706264878792,100,source,0.04728706264878792,2,round_robin,65ff35d3903ab1aafc235d635fd0597a358fd6dc94b5b30043fa3c1852ad8cbd,0.03767922740747062,97
-0.0030558198498141496,100,validation,-0.0030558198498141496,2,round_robin,65ff35d3903ab1aafc235d635fd0597a358fd6dc94b5b30043fa3c1852ad8cbd,-0.0033516385332246473,97
0.05531563881433322,24,source,0.05531563881433322,1,round_robin,6657221d509b8682aa7efb8f6b90ae64edcc38dd72ececc2e2e6b8dceab267e7,-0.004912227741684649,23
0.007281436613669979,24,validation,-0.022646237445134165,1,round_robin,6657221d509b8682aa7efb8f6b90ae64edcc38dd72ececc2e2e6b8dceab267e7,0.007281436613669979,23
0.0348488626049579,136,source,0.02428166981810942,1,round_robin,681db599262152f8407edead26ea029ba2d0cff880f1e750eb942972c7ff4204,0.0348488626049579,135
0.03987940545075719,136,validation,0.03987940545075719,1,round_robin,681db599262152f8407edead26ea029ba2d0cff880f1e750eb942972c7ff4204,0.009086820954601116,135
0.032680460796200794,22,source,0.025966116572110787,1,round_robin,68c61a1c44048da9a4d4eb19c0f1d122b52fa5d5d6c54c22f6d16e44638dbc55,0.032680460796200794,21
0.031839307438807474,22,validation,0.027169385902312108,1,round_robin,68c61a1c44048da9a4d4eb19c0f1d122b52fa5d5d6c54c22f6d16e44638dbc55,0.031839307438807474,21
0.03573606135561991,64,source,0.026462301820038947,1,round_robin,6a29e2bebe28329ab40f7106bef6f1eb0cd5ae675d863c6e2dfcbf95be33788d,0.03573606135561991,63
0.01921282754995257,64,validation,-0.014381082735965833,1,round_robin,6a29e2bebe28329ab40f7106bef6f1eb0cd5ae675d863c6e2dfcbf95be33788d,0.01921282754995257,63
0.04528018124821306,56,source,0.04528018124821306,2,round_robin,6c9cd10b7012352424cc217f8b52a46b1d1a95048b958c0a26e8b355c1219508,0.03557089730284064,53
0.008916592845269616,56,validation,0.008916592845269616,2,round_robin,6c9cd10b7012352424cc217f8b52a46b1d1a95048b958c0a26e8b355c1219508,0.0072056777505640586,53
0.04819829068462037,104,source,0.04819829068462037,3,round_robin,6cea55601636c75608eda78468f88fb6cef78aeae881c296042c74fc6af4e7e9,0.046050859467630455,97
-0.002097822410831446,104,validation,-0.002097822410831446,3,round_robin,6cea55601636c75608eda78468f88fb6cef78aeae881c296042c74fc6af4e7e9,-0.005697916101379248,97
0.03663308281129973,162,source,0.014095940157494491,1,round_robin,6d3dadff54cdb2cf8a415a9688e855a536bdb2bcb83684ddb1c34e4215223bb2,0.03663308281129973,161
0.021469314696176633,162,validation,0.021469314696176633,1,round_robin,6d3dadff54cdb2cf8a415a9688e855a536bdb2bcb83684ddb1c34e4215223bb2,0.013392462602810129,161
0.024883699632926914,110,source,0.024883699632926914,1,round_robin,6f55562abd8ec1b7e8aaf4c04fb26ee75f01dcb29c67d84b39ea734db704c13e,0.020202501692183628,109
0.009562930681847659,110,validation,0.002336654437364194,1,round_robin,6f55562abd8ec1b7e8aaf4c04fb26ee75f01dcb29c67d84b39ea734db704c13e,0.009562930681847659,109
0.04432875380568651,152,source,0.04432875380568651,2,round_robin,6ff319a5bc55678a8ad9fdae011d2523735a7dba7923fc5387671ce7f3d48f40,0.044044981023607495,149
0.010398156845022412,152,validation,-0.0013796402888703156,2,round_robin,6ff319a5bc55678a8ad9fdae011d2523735a7dba7923fc5387671ce7f3d48f40,0.010398156845022412,149
0.04950378059469852,16,source,0.043734517180931375,3,round_robin,70e1e069990d2df130917b93a82e7e5148cbcecb75a41f1b6cd2cc12d775f483,0.04950378059469852,9
0.004652044134624946,16,validation,0.004652044134624946,3,round_robin,70e1e069990d2df130917b93a82e7e5148cbcecb75a41f1b6cd2cc12d775f483,-0.0012886375985436875,9
0.01629774016095098,170,source,0.010419610081314312,1,round_robin,7121cda9a7a9e8947bdee34e94e5dce252f805209c292e8b07a72787e7affd92,0.01629774016095098,169
-0.008192466745583715,170,validation,-0.008732632832235021,1,round_robin,7121cda9a7a9e8947bdee34e94e5dce252f805209c292e8b07a72787e7affd92,-0.008192466745583715,169
0.042457352867830096,176,source,0.040627127864682346,4,round_robin,73eb99b976457da3e301a081f48f7a607cafaf8f3705686faa3a660d1096b528,0.042457352867830096,161
-0.010954119293862469,176,validation,-0.013053576301484024,4,round_robin,73eb99b976457da3e301a081f48f7a607cafaf8f3705686faa3a660d1096b528,-0.010954119293862469,161
0.026498675161067974,64,source,0.026498675161067974,5,round_robin,74c8650f7f358c2556552eecd7526353c39817e8610559c7d568ab2bf6eccb98,0.02641105451294381,33
-0.006313722290019592,64,validation,-0.0066834710353574295,5,round_robin,74c8650f7f358c2556552eecd7526353c39817e8610559c7d568ab2bf6eccb98,-0.006313722290019592,33
0.04673485399084838,144,source,0.04673485399084838,2,round_robin,7643fbb4776b1db3a3b46941af60ca20450c16975affa38056d2fb1f58809f78,0.03698266968759784,141
0.008646294390693376,144,validation,0.008646294390693376,2,round_robin,7643fbb4776b1db3a3b46941af60ca20450c16975affa38056d2fb1f58809f78,-0.013766177356503416,141
0.03555327206557335,156,source,-0.0003487371560679797,1,round_robin,76e1b2f2dbfec7bd99ab7eaf60a6c157f358dbe275352a71dac942dbce2128a6,0.03555327206557335,155
0.04437746662475095,156,validation,0.04437746662475095,1,round_robin,76e1b2f2dbfec7bd99ab7eaf60a6c157f358dbe275352a71dac942dbce2128a6,0.02050630317030211,155
0.019290035277815587,2,source,0.019290035277815587,1,round_robin,7785c4f121c67ab59bc4f0e70766f586c58b29a530314ea6e085c115dcf25f62,0.0004117128198697362,1
0.0012405872966660958,2,validation,0.0012405872966660958,1,round_robin,7785c4f121c67ab59bc4f0e70766f586c58b29a530314ea6e085c115dcf25f62,-0.012397076739509627,1
0.05031874236717725,80,source,0.05031874236717725,3,round_robin,7895b08ff312e9ea89ca01f21244ce4271daa8e43c213449a27b6b42bb7df5ff,0.045238229474286,73
-0.00506314208642819,80,validation,-0.007610436015578065,3,round_robin,7895b08ff312e9ea89ca01f21244ce4271daa8e43c213449a27b6b42bb7df5ff,-0.00506314208642819,73
0.047930921573008205,40,source,0.04126216394327908,2,round_robin,79cfed754e79cc8904eded8ba54cf290230c51e5d8e4c86faf70454d5c28c27e,0.047930921573008205,37
-0.003926397919857079,40,validation,-0.003926397919857079,2,round_robin,79cfed754e79cc8904eded8ba54cf290230c51e5d8e4c86faf70454d5c28c27e,-0.007796366454834651,37
0.03647208634252719,78,source,0.03647208634252719,1,round_robin,7b3dd2fd07052e8624e0a2dd1b46b303d16d033539b9063c65eb8e3ef6929108,-0.00425096707583239,77
0.022063205230040905,78,validation,0.002818738431866752,1,round_robin,7b3dd2fd07052e8624e0a2dd1b46b303d16d033539b9063c65eb8e3ef6929108,0.022063205230040905,77
0.0399419402167478,126,source,0.030506843698965946,1,round_robin,7f808a6c31d44e334523b8ab635dab12764acb75a96a2c04b7f7374115f82ded,0.0399419402167478,125
0.0025777530032968787,126,validation,0.0025777530032968787,1,round_robin,7f808a6c31d44e334523b8ab635dab12764acb75a96a2c04b7f7374115f82ded,-0.006662927732031365,125
0.04533257019197167,176,source,0.04533257019197167,2,round_robin,7f8109167528c9c590e90205f0249eacdbd654f06bc734b12375ad7efbef483a,0.04473594836984478,173
0.006386740053271626,176,validation,0.006386740053271626,2,round_robin,7f8109167528c9c590e90205f0249eacdbd654f06bc734b12375ad7efbef483a,-0.009039771594496256,173
0.04806714272560031,68,source,0.046997501835755025,2,round_robin,8026b9117dd6c4088526cff868df6f7e60832108d866fa71090684dd34d6a5b7,0.04806714272560031,65
0.008074711708749491,68,validation,-0.002998604410585526,2,round_robin,8026b9117dd6c4088526cff868df6f7e60832108d866fa71090684dd34d6a5b7,0.008074711708749491,65
0.032020162926715834,32,source,0.032020162926715834,1,round_robin,828fafc379949049e9437d5af06d64747421c9500653cfe32ff24595702cb446,0.030153694546928067,31
0.001716480817615773,32,validation,0.001716480817615773,1,round_robin,828fafc379949049e9437d5af06d64747421c9500653cfe32ff24595702cb446,-0.013834802567673332,31
0.034305512096639346,60,source,0.023744862696800872,1,round_robin,85800e514d7e50641ba1de4d004ccbfec1b3fca04c1209698509976cacf3d96a,0.034305512096639346,59
0.0049286181948986485,60,validation,-0.01329381828361309,1,round_robin,85800e514d7e50641ba1de4d004ccbfec1b3fca04c1209698509976cacf3d96a,0.0049286181948986485,59
0.03661456377654093,16,source,0.013781283444551207,1,round_robin,866fcd58ac42e99cde40668709b8ed942f1c0f3396b28232b074418eacf66ae6,0.03661456377654093,15
0.0007889026210137207,16,validation,-0.008589346036414591,1,round_robin,866fcd58ac42e99cde40668709b8ed942f1c0f3396b28232b074418eacf66ae6,0.0007889026210137207,15
0.05717955370244399,48,source,0.05717955370244399,1,round_robin,881a709b41664cd0e17cee84620e54eacbb72207974de9b8751a36e12712b4d6,-0.0012652132988995035,47
0.02255716258596241,48,validation,0.02255716258596241,1,round_robin,881a709b41664cd0e17cee84620e54eacbb72207974de9b8751a36e12712b4d6,0.00643749260637172,47
0.049073623846201946,112,source,0.04336283300160828,3,round_robin,88464fa67ea4bb24770af8780354a8d91b91c23cfa36a1cdcd494b2dcf022127,0.049073623846201946,105
0.00190957001508294,112,validation,0.00190957001508294,3,round_robin,88464fa67ea4bb24770af8780354a8d91b91c23cfa36a1cdcd494b2dcf022127,-0.009945294211361252,105
0.03282918655556277,166,source,0.020433155125077596,1,round_robin,889ad30107d36c3696e60ae6ee350aabeac0fd72942cb930687bc5b890fd804d,0.03282918655556277,165
0.02871157379768152,166,validation,0.02871157379768152,1,round_robin,889ad30107d36c3696e60ae6ee350aabeac0fd72942cb930687bc5b890fd804d,0.008043160125196236,165
0.048850813172281335,92,source,0.04560697467648994,2,round_robin,8b784be55a320914e7f5b31a3c04e623092d1b27364c77eeec044ca18469c6dd,0.048850813172281335,89
0.0032367016312151633,92,validation,-0.0013965052821118817,2,round_robin,8b784be55a320914e7f5b31a3c04e623092d1b27364c77eeec044ca18469c6dd,0.0032367016312151633,89
0.04813310306190863,172,source,0.04813310306190863,2,round_robin,8cf8260a0a90dfd825f93681b6e6d2302896aa78310809ed598b2361006b0608,0.03450448904723387,169
0.006040516225559098,172,validation,-0.0007626478133661777,2,round_robin,8cf8260a0a90dfd825f93681b6e6d2302896aa78310809ed598b2361006b0608,0.006040516225559098,169
0.059047980586900264,108,source,0.031251252198141156,2,round_robin,8d03dc657d85281f9dbdc6eb1fee10a1ce5d4a1763fd3ec8474c3eb735ff3abb,0.059047980586900264,105
0.004941708261516232,108,validation,-0.005714721471360625,2,round_robin,8d03dc657d85281f9dbdc6eb1fee10a1ce5d4a1763fd3ec8474c3eb735ff3abb,0.004941708261516232,105
0.044131053718039326,80,source,0.044131053718039326,2,round_robin,8e6a3fe26bcf95471e752fb28cec955c129016129c9683f0313dcad7aae7fb49,0.027792194012517348,77
0.0028270636190915466,80,validation,-0.0029400231158463273,2,round_robin,8e6a3fe26bcf95471e752fb28cec955c129016129c9683f0313dcad7aae7fb49,0.0028270636190915466,77
0.034667082044353544,90,source,0.034667082044353544,1,round_robin,902a0c25d195a9ed5fe91ef7d53eefaa689adf99a0c6411554256938321357ef,0.031997369977795787,89
0.020217595889618023,90,validation,0.020217595889618023,1,round_robin,902a0c25d195a9ed5fe91ef7d53eefaa689adf99a0c6411554256938321357ef,0.01015402280658173,89
0.0464082948693445,112,source,0.02903772003471139,1,round_robin,9306af5ab5f47b53c9dc63dacdfd121871e427f459ebf5b6b3e422db4176f732,0.0464082948693445,111
0.0198904019649897,112,validation,0.0198904019649897,1,round_robin,9306af5ab5f47b53c9dc63dacdfd121871e427f459ebf5b6b3e422db4176f732,0.0008176403436970237,111
0.04168138640337238,80,source,0.04168138640337238,4,round_robin,93ce8e168042019ab0505c9b7677c39f723468ab9ca272b9fbb9a2b41db7f1a3,0.04082857718770288,65
-0.002652052589754643,80,validation,-0.016328778860220366,4,round_robin,93ce8e168042019ab0505c9b7677c39f723468ab9ca272b9fbb9a2b41db7f1a3,-0.002652052589754643,65
0.021909893223362786,20,source,0.007749011805211038,1,round_robin,95a70c4055d5e2f4d03f0651b4a1a154eed65ecfeea98a3c227b332d576c81dc,0.021909893223362786,19
0.023356773027407574,20,validation,0.023356773027407574,1,round_robin,95a70c4055d5e2f4d03f0651b4a1a154eed65ecfeea98a3c227b332d576c81dc,0.022205193646839483,19
0.026792822048096184,164,source,0.026792822048096184,1,round_robin,95ecffe024375d9f3c8596bb887bde13a196f0c082ce70f74372ea73cdd98611,0.02244430156456767,163
0.02564699035833473,164,validation,0.016145911247901656,1,round_robin,95ecffe024375d9f3c8596bb887bde13a196f0c082ce70f74372ea73cdd98611,0.02564699035833473,163
0.030613276173979465,174,source,0.03049734698538642,1,round_robin,98b14aac177ac0b9e193c72e582954b26934ab8254213d7e12602638384e6f08,0.030613276173979465,173
0.017957313662528396,174,validation,-0.007859398899205727,1,round_robin,98b14aac177ac0b9e193c72e582954b26934ab8254213d7e12602638384e6f08,0.017957313662528396,173
0.04613858015893066,72,source,0.04613858015893066,3,round_robin,98bf74f4a8af74b438a095ec83a6826dacbac20645abad8c233db8c6b197cdd1,0.044361665794729235,65
0.005602850193719062,72,validation,0.005602850193719062,3,round_robin,98bf74f4a8af74b438a095ec83a6826dacbac20645abad8c233db8c6b197cdd1,-0.007441909552583787,65
0.02415989263704188,142,source,0.020811850275449517,1,round_robin,98ef92f50f962ffa7a694c9ff5e23a0081ada596eb9d608d7abc003ec9fb8385,0.02415989263704188,141
0.008266607816915794,142,validation,0.0019481571418875632,1,round_robin,98ef92f50f962ffa7a694c9ff5e23a0081ada596eb9d608d7abc003ec9fb8385,0.008266607816915794,141
0.046602066104735496,76,source,0.046602066104735496,1,round_robin,9bfeb2f7f0f4df64172f875093289ebf41e82e86c4f437646b232007a76b9bfd,0.040689875690061994,75
-0.0002527668121012905,76,validation,-0.0002527668121012905,1,round_robin,9bfeb2f7f0f4df64172f875093289ebf41e82e86c4f437646b232007a76b9bfd,-0.002507727962080875,75
0.05119288544057764,140,source,0.04586884981183042,2,round_robin,9cbae1db81cc4c54706ae873709d390298f1aa2ee9fd9292c1ebaa2ea3a55942,0.05119288544057764,137
0.005525518574256316,140,validation,0.005525518574256316,2,round_robin,9cbae1db81cc4c54706ae873709d390298f1aa2ee9fd9292c1ebaa2ea3a55942,0.004720719297405162,137
0.029786681788344094,102,source,0.029786681788344094,1,round_robin,a329c4c9319ba8478bdaf654d104bdcc9a24212ba28c9513e5d9702ccfa5ead3,0.012049315672763463,101
0.030809500471876472,102,validation,-0.010766757888624134,1,round_robin,a329c4c9319ba8478bdaf654d104bdcc9a24212ba28c9513e5d9702ccfa5ead3,0.030809500471876472,101
0.06252836605552625,34,source,0.06252836605552625,1,round_robin,a36f460e10b82b5762d0387de2504465520e527385f9dbb73a43cc02cea331e0,0.03254578419406906,33
0.0160622416761258,34,validation,0.0160622416761258,1,round_robin,a36f460e10b82b5762d0387de2504465520e527385f9dbb73a43cc02cea331e0,-0.0016728425509977554,33
0.02934245563337789,14,source,0.02934245563337789,1,round_robin,a52bbcd630d2a94650112538726abe5d1300ecf732addc2d6daa1aacda8b4293,0.024271225486362624,13
0.0010411414874376135,14,validation,0.0010411414874376135,1,round_robin,a52bbcd630d2a94650112538726abe5d1300ecf732addc2d6daa1aacda8b4293,-0.004634480760586923,13
0.043480781984019466,184,source,0.043480781984019466,2,round_robin,aa7e0a2d960c84d87852efbb8dadb745d96d8c76a68d465fd83b1005af31fa74,0.03570301609817502,181
0.0005596258506382197,184,validation,-0.002374865767509646,2,round_robin,aa7e0a2d960c84d87852efbb8dadb745d96d8c76a68d465fd83b1005af31fa74,0.0005596258506382197,181
0.041974717168257326,96,source,0.039860441065484926,4,round_robin,abffddc69c3c94ed202900a561a37d33041a921fdd88f5113836f9c074c2fe58,0.041974717168257326,81
0.004439686995918492,96,validation,0.004439686995918492,4,round_robin,abffddc69c3c94ed202900a561a37d33041a921fdd88f5113836f9c074c2fe58,-0.010838313655842518,81
0.0395664764287027,82,source,0.0395664764287027,1,round_robin,ae5ad5a64bfb475d204a2778695da18ee04b1c99cf7895d9201432877453603a,0.022373093931013166,81
0.023809489081887625,82,validation,0.02280879833851146,1,round_robin,ae5ad5a64bfb475d204a2778695da18ee04b1c99cf7895d9201432877453603a,0.023809489081887625,81
0.044453244328672245,120,source,0.044453244328672245,3,round_robin,af063210aa6a02b53db0d22e5d4738361eb998362251a160d9194ec5e808c5ac,0.04362539732805223,113
0.001180368525077692,120,validation,0.001180368525077692,3,round_robin,af063210aa6a02b53db0d22e5d4738361eb998362251a160d9194ec5e808c5ac,-0.009370690813397123,113
0.023332771274553687,100,source,0.013761439005808063,1,round_robin,af30a523fb5e833108bb26c7db858ae479f1d2dfc85332c95128f516600b683c,0.023332771274553687,99
0.012018253194524764,100,validation,0.012018253194524764,1,round_robin,af30a523fb5e833108bb26c7db858ae479f1d2dfc85332c95128f516600b683c,0.009264601995664812,99
0.028241544011402997,6,source,0.026819900842118383,1,round_robin,b0811aa1d052d67001ff6b0545879d19ed71d3c532e769aa93f22fe6dead4b9a,0.028241544011402997,5
0.01931292481640523,6,validation,0.005471940029968315,1,round_robin,b0811aa1d052d67001ff6b0545879d19ed71d3c532e769aa93f22fe6dead4b9a,0.01931292481640523,5
0.050173348143410304,76,source,0.050173348143410304,2,round_robin,b0f4b6cf1d2c2c8da2bc91de44ba812f7e8c546e85e470713135292c5d5afec0,0.024753260629060015,73
0.0015187820005927468,76,validation,-0.003142305189563381,2,round_robin,b0f4b6cf1d2c2c8da2bc91de44ba812f7e8c546e85e470713135292c5d5afec0,0.0015187820005927468,73
0.02046238134807621,122,source,0.01962000199816094,1,round_robin,b1497f37c8e2d8375bc29eeda22352153efbc06d03ab1262ccf1b761885ca09a,0.02046238134807621,121
0.020465801094781355,122,validation,0.020465801094781355,1,round_robin,b1497f37c8e2d8375bc29eeda22352153efbc06d03ab1262ccf1b761885ca09a,-0.015539637013870067,121
0.05081742078209129,36,source,0.02149758607141133,2,round_robin,b30dd03c3c58e757c8d22ba0a4e0b42035639f58aa690d621c43a52a6df14116,0.05081742078209129,33
0.027550487610900384,36,validation,0.027550487610900384,2,round_robin,b30dd03c3c58e757c8d22ba0a4e0b42035639f58aa690d621c43a52a6df14116,0.010519866240189352,33
0.015541387688342833,128,source,0.015541387688342833,6,round_robin,b43c1a7855e57eb06c33d9d994763de082eb444604f7915bb128924ba43593a1,0.014253852190771946,65
-0.007661692935762605,128,validation,-0.007746295928280071,6,round_robin,b43c1a7855e57eb06c33d9d994763de082eb444604f7915bb128924ba43593a1,-0.007661692935762605,65
0.03668203011150717,66,source,0.034922951999544205,1,round_robin,b85f37e26c0f00fd00ccb78b55e3d57ba1e1b397a18c1f209fe95725c80941bc,0.03668203011150717,65
0.012068446020423229,66,validation,0.012068446020423229,1,round_robin,b85f37e26c0f00fd00ccb78b55e3d57ba1e1b397a18c1f209fe95725c80941bc,0.007178798066848957,65
0.051188013109104424,128,source,0.051188013109104424,3,round_robin,b9695005e8c1142b10ccb59b1c78a038ea54c97e8efa74f5063527c59ee90e9d,0.03672540296377078,121
0.000970391049815128,128,validation,0.000970391049815128,3,round_robin,b9695005e8c1142b10ccb59b1c78a038ea54c97e8efa74f5063527c59ee90e9d,-0.005179847794730856,121
0.046680639176032074,144,source,0.046680639176032074,3,round_robin,bb61e5fc4c8403abbdb4f27fdb4b4df3a674cbcbf315f540a39ba5ed41dec0f2,0.04422974794459545,137
0.011047926666885307,144,validation,-0.00823418434569121,3,round_robin,bb61e5fc4c8403abbdb4f27fdb4b4df3a674cbcbf315f540a39ba5ed41dec0f2,0.011047926666885307,137
0.03402201369029356,114,source,0.029215412237217908,1,round_robin,bd81c229f4b55a26d5f80458ea2a0b592cb42aca13a634c340e12ba09850d65e,0.03402201369029356,113
2.0385379243093027e-05,114,validation,2.0385379243093027e-05,1,round_robin,bd81c229f4b55a26d5f80458ea2a0b592cb42aca13a634c340e12ba09850d65e,-0.014184915865850025,113
0.05265924565333971,176,source,0.05265924565333971,3,round_robin,bf60f221747b21da21a01787b1a0d52be2d8a3aa7e17062ffddd09a45243c87f,0.04103044789113382,169
-0.005336315272037389,176,validation,-0.005336315272037389,3,round_robin,bf60f221747b21da21a01787b1a0d52be2d8a3aa7e17062ffddd09a45243c87f,-0.006213336360758616,169
0.04445406158259865,144,source,0.04098439631469722,4,round_robin,c11646c639e3f451625e9404bdf35797c9e5fa527236c3786538cdc3f492476b,0.04445406158259865,129
0.010924639459758512,144,validation,-6.16190608523452e-05,4,round_robin,c11646c639e3f451625e9404bdf35797c9e5fa527236c3786538cdc3f492476b,0.010924639459758512,129
0.046798211919133914,132,source,0.033436224454701735,1,round_robin,c2568b8f1d62e19dc265c6576a3f4cfa8b4eb13bc929e2838677c633032a0e8b,0.046798211919133914,131
0.02967361877541963,132,validation,0.02800927368334305,1,round_robin,c2568b8f1d62e19dc265c6576a3f4cfa8b4eb13bc929e2838677c633032a0e8b,0.02967361877541963,131
0.04712475692745833,88,source,0.040413387600770824,2,round_robin,c2669ebed67ef2980434a1eaef02f8d55d48eb5abfabd904004319452754c242,0.04712475692745833,85
0.0031952650416294465,88,validation,0.0031952650416294465,2,round_robin,c2669ebed67ef2980434a1eaef02f8d55d48eb5abfabd904004319452754c242,0.0005724879347552439,85
0.046035636910109784,96,source,0.046035636910109784,2,round_robin,c54ef6001b147a3b26c75ffb39344f2f076b33396e40779eba2df9a82d58f264,0.04006462541734504,93
0.008838044526996384,96,validation,0.008838044526996384,2,round_robin,c54ef6001b147a3b26c75ffb39344f2f076b33396e40779eba2df9a82d58f264,-0.007414705368108741,93
0.03138701080301298,108,source,0.028927747741804843,1,round_robin,c74ab30e384d4d4e1746980bbcb3e5226244501c262fff81cedc0c2f476b9b18,0.03138701080301298,107
0.02555347586276624,108,validation,0.02555347586276624,1,round_robin,c74ab30e384d4d4e1746980bbcb3e5226244501c262fff81cedc0c2f476b9b18,0.024716081362645248,107
0.04061352258926121,28,source,0.04061352258926121,1,round_robin,c9ef1c5666a79cf48f00e89c7de7ae4c88775464a1969639cf7bc15edca2dd23,0.030659384366545694,27
0.025662263152903986,28,validation,-0.01786163766333404,1,round_robin,c9ef1c5666a79cf48f00e89c7de7ae4c88775464a1969639cf7bc15edca2dd23,0.025662263152903986,27
0.03356411742762666,8,source,0.03356411742762666,1,round_robin,cb94189f6d88d8e91ef2da29cc524e88e4781cc7a8c6b9f38289f52f64ed3737,0.03339535884839662,7
0.0021552289565616167,8,validation,0.0021552289565616167,1,round_robin,cb94189f6d88d8e91ef2da29cc524e88e4781cc7a8c6b9f38289f52f64ed3737,-0.00362067859562365,7
0.0536304857813501,184,source,0.04553861118460922,1,round_robin,cf9e632af996a1898651842798eefa37ead58d738bf8aae89e7dd1a2f4c2a59a,0.0536304857813501,183
0.010409914997537628,184,validation,0.008542941950351102,1,round_robin,cf9e632af996a1898651842798eefa37ead58d738bf8aae89e7dd1a2f4c2a59a,0.010409914997537628,183
0.053769749995485845,4,source,0.053769749995485845,2,round_robin,d2367024213e500e4a1f8d5bb7fbdbc55d112e877fd2dd3ff2d0cc295215353d,0.03019276389564985,1
0.0035612905608927224,4,validation,-0.0034303862048734343,2,round_robin,d2367024213e500e4a1f8d5bb7fbdbc55d112e877fd2dd3ff2d0cc295215353d,0.0035612905608927224,1
0.05170052888651172,44,source,0.03940450361104318,2,round_robin,d3076f50082fefb0ca375f950695537ec37a442b93b60dd33858b98a2ebab11b,0.05170052888651172,41
0.008301771164560798,44,validation,-0.00021422677281113245,2,round_robin,d3076f50082fefb0ca375f950695537ec37a442b93b60dd33858b98a2ebab11b,0.008301771164560798,41
0.04908726035602906,96,source,0.04908726035602906,1,round_robin,d37c47ddee6096ae89dcb29125fadc1f5fdc35290aa1ddf26c05122f7869f34e,-0.020138071028884097,95
0.054541764021619255,96,validation,0.054541764021619255,1,round_robin,d37c47ddee6096ae89dcb29125fadc1f5fdc35290aa1ddf26c05122f7869f34e,0.015427925383352248,95
0.05104236623088547,88,source,0.04579511337018941,3,round_robin,d41d8ecd65767311e99de2de3c8706dd38ebe763f9bfb9c903489d571aed11b8,0.05104236623088547,81
0.002050535816257346,88,validation,0.002050535816257346,3,round_robin,d41d8ecd65767311e99de2de3c8706dd38ebe763f9bfb9c903489d571aed11b8,-0.012356902472532563,81
0.048018039715248095,188,source,0.03569724997137206,2,round_robin,d50a22bf4fe8ff8c97af3a05dec48fdeeeea3775cafc0d08dd4a9fd28a423ae9,0.048018039715248095,185
0.0013284199607724386,188,validation,-0.0009532187455236765,2,round_robin,d50a22bf4fe8ff8c97af3a05dec48fdeeeea3775cafc0d08dd4a9fd28a423ae9,0.0013284199607724386,185
0.05394686830210526,48,source,0.05394686830210526,2,round_robin,d5aa02862ee5c547199b0d9c3c203a4de398c327f408673b846f01de7391feb2,0.037715396614733165,45
0.020675873652295885,48,validation,0.006999711715531459,2,round_robin,d5aa02862ee5c547199b0d9c3c203a4de398c327f408673b846f01de7391feb2,0.020675873652295885,45
0.03364724231256733,46,source,0.01282354195769053,1,round_robin,d809707ddf3eee6e3c49d0d44e7b58cc7e40c4d474cf460ed78235683d9c6815,0.03364724231256733,45
0.046132290603746906,46,validation,0.01963277963491583,1,round_robin,d809707ddf3eee6e3c49d0d44e7b58cc7e40c4d474cf460ed78235683d9c6815,0.046132290603746906,45
0.04707256088363532,10,source,0.04707256088363532,1,round_robin,dbbe6b6c5c49a611cd507e35b8edf6d2c5ff2d75608ab92709a50262fb3ca6df,0.01182167053710681,9
0.013568227645645026,10,validation,0.013568227645645026,1,round_robin,dbbe6b6c5c49a611cd507e35b8edf6d2c5ff2d75608ab92709a50262fb3ca6df,0.010151354240167443,9
0.03469353306801404,180,source,0.02716262932612823,1,round_robin,dbdc85ba9f487c9029810a1707ed814189e746855dfce5255182fe6c34c0b4cf,0.03469353306801404,179
0.024612745172960526,180,validation,0.01916513482895854,1,round_robin,dbdc85ba9f487c9029810a1707ed814189e746855dfce5255182fe6c34c0b4cf,0.024612745172960526,179
0.05210920997150213,136,source,0.05210920997150213,3,round_robin,dd7e77b014b12d92de4bdcc4366afa845ed26a6e2579bdaee22bf162e6026aa3,0.046068529553019946,129
-0.003633881081365098,136,validation,-0.01035903167724602,3,round_robin,dd7e77b014b12d92de4bdcc4366afa845ed26a6e2579bdaee22bf162e6026aa3,-0.003633881081365098,129
0.05326032385940376,56,source,0.05326032385940376,3,round_robin,ded53052b4f429f02984286832298a5d651fe7e01ae72e0e9c5a5fe468c30771,0.041224845226042806,49
-0.0055431592346540486,56,validation,-0.011038232282629495,3,round_robin,ded53052b4f429f02984286832298a5d651fe7e01ae72e0e9c5a5fe468c30771,-0.0055431592346540486,49
0.029390438269701325,32,source,0.026997876952106693,5,round_robin,def4e18dd3dec1d69382963d583d29921ee029e0653e677701be42212db3fb77,0.029390438269701325,1
-0.005874792464875117,32,validation,-0.011974466156479424,5,round_robin,def4e18dd3dec1d69382963d583d29921ee029e0653e677701be42212db3fb77,-0.005874792464875117,1
0.02936077918680713,148,source,0.02936077918680713,1,round_robin,df0c677ffca94eb68791a1f1947d5c4dfaa2c4d6826f83845579b9f852aedfa5,0.024436075250812372,147
-0.013774721117249644,148,validation,-0.018491373417225176,1,round_robin,df0c677ffca94eb68791a1f1947d5c4dfaa2c4d6826f83845579b9f852aedfa5,-0.013774721117249644,147
0.05738864320858661,178,source,0.05738864320858661,1,round_robin,e088873b8405bc3385a162a10afc9fa9a00bfd0fcc06aa4029166d018c06347d,0.036530738515711425,177
0.03661558941420018,178,validation,0.03661558941420018,1,round_robin,e088873b8405bc3385a162a10afc9fa9a00bfd0fcc06aa4029166d018c06347d,0.02666726973700917,177
0.017268922144463295,124,source,0.010897536602598956,1,round_robin,e2f58940294968a10f9a7d1a46dc1ff8a7806f549f3d4fca0a1c889495b4c8b0,0.017268922144463295,123
0.016592694160692423,124,validation,-0.02210671216883564,1,round_robin,e2f58940294968a10f9a7d1a46dc1ff8a7806f549f3d4fca0a1c889495b4c8b0,0.016592694160692423,123
0.037205958565286856,18,source,0.037205958565286856,1,round_robin,e369933a57a5297a1fc2c3ac58ddb0ad926643f11301cee86b6a12a809125d1f,0.01867576553166161,17
0.010850980095159281,18,validation,0.010850980095159281,1,round_robin,e369933a57a5297a1fc2c3ac58ddb0ad926643f11301cee86b6a12a809125d1f,0.008498918667539046,17
0.04748295121221928,96,source,0.04748295121221928,3,round_robin,e53c8d99933c9a0d3815a5d42e6e38140bcc437b98958d89f89f0999143460fb,0.042168324308256504,89
0.0055185334266328965,96,validation,0.0055185334266328965,3,round_robin,e53c8d99933c9a0d3815a5d42e6e38140bcc437b98958d89f89f0999143460fb,0.0007256172953046673,89
0.04961425757332058,168,source,0.04961425757332058,3,round_robin,e81cb52d8f642a7b732d30ab2c026d5950b76f89c6a5d92255d58ec791c12a71,0.04106914148479881,161
0.0032702030294332676,168,validation,-0.001301979060996361,3,round_robin,e81cb52d8f642a7b732d30ab2c026d5950b76f89c6a5d92255d58ec791c12a71,0.0032702030294332676,161
0.0538349642249254,168,source,0.0538349642249254,1,round_robin,e8f2c1010df0f2794573f98f716b9db0cdb670ea443c5db56be44170884fb63f,-0.0033534543572215636,167
0.017993441323562065,168,validation,0.007407027139225254,1,round_robin,e8f2c1010df0f2794573f98f716b9db0cdb670ea443c5db56be44170884fb63f,0.017993441323562065,167
0.04298473563448452,64,source,0.04298473563448452,4,round_robin,ec3b738c115c8b66ac2097033ba05c3a8b511f4c861e46fd098c1d3d331173c7,0.03852293922591508,49
-0.00701928358110828,64,validation,-0.00701928358110828,4,round_robin,ec3b738c115c8b66ac2097033ba05c3a8b511f4c861e46fd098c1d3d331173c7,-0.01014833596910039,49
0.04374994078455847,32,source,0.040647121627215434,4,round_robin,ecaa5a46dba726c19fbed3853a8e22ac2c2ec98efc7561c6991e1607c83f42f0,0.04374994078455847,17
-6.249600609774547e-05,32,validation,-6.249600609774547e-05,4,round_robin,ecaa5a46dba726c19fbed3853a8e22ac2c2ec98efc7561c6991e1607c83f42f0,-0.012740150800521304,17
0.05113882508498619,64,source,0.024977212382046893,2,round_robin,ee7490ebb41d6b0fad795dc4f6835da0edf6cc59ecf68bc99b2f6fccbdb60f2f,0.05113882508498619,61
0.0036843960053027786,64,validation,-1.2229565781586482e-05,2,round_robin,ee7490ebb41d6b0fad795dc4f6835da0edf6cc59ecf68bc99b2f6fccbdb60f2f,0.0036843960053027786,61
0.04077303631124973,120,source,0.04077303631124973,1,round_robin,ef8ca256409a4740a97e8e56b8d1058df7727d1d112ffcb362c13a9d7cee41ba,-0.00780660003542355,119
0.01575803579889201,120,validation,-0.06037476615122683,1,round_robin,ef8ca256409a4740a97e8e56b8d1058df7727d1d112ffcb362c13a9d7cee41ba,0.01575803579889201,119
0.023705512066921397,182,source,0.004120860333046927,1,round_robin,efb01da7b99a8b91d86632bc4caa993fe0473a4457920ca9ecbce6a747d21458,0.023705512066921397,181
0.03104213941965672,182,validation,0.01963489577615052,1,round_robin,efb01da7b99a8b91d86632bc4caa993fe0473a4457920ca9ecbce6a747d21458,0.03104213941965672,181
0.04581187869726944,106,source,0.04581187869726944,1,round_robin,f07c609296f51257187f540c3b95c822a5832531ce99fe80b5936ad8470cef09,0.022350406178657023,105
0.03413614548027866,106,validation,0.03413614548027866,1,round_robin,f07c609296f51257187f540c3b95c822a5832531ce99fe80b5936ad8470cef09,0.006904590136058042,105
0.04348766739240723,12,source,0.03995369317508961,2,round_robin,f0bb2afd4b7238de488448c0700a19ceb9ed512910a564b59ff8692fc62b8d5f,0.04348766739240723,9
0.007360489430698582,12,validation,0.0010250501262331006,2,round_robin,f0bb2afd4b7238de488448c0700a19ceb9ed512910a564b59ff8692fc62b8d5f,0.007360489430698582,9
0.050263394692205886,128,source,0.04521412237883426,2,round_robin,f300f6b562dbea0162e8f4a5fb05f58bb43a1920bef995c6c9a297fedf3929cf,0.050263394692205886,125
0.01872294591460396,128,validation,0.01872294591460396,2,round_robin,f300f6b562dbea0162e8f4a5fb05f58bb43a1920bef995c6c9a297fedf3929cf,-0.0033752662856978435,125
0.04591793419589368,120,source,0.04591793419589368,2,round_robin,f3ce81214e6ff0bff03c98262ec82601a3a24708306061fb581fe5b326bc2538,0.03621059683001227,117
0.021462150187080076,120,validation,0.021462150187080076,2,round_robin,f3ce81214e6ff0bff03c98262ec82601a3a24708306061fb581fe5b326bc2538,0.017634260602392916,117
0.038759748253852644,160,source,0.026352481940488337,1,round_robin,f3e50feef87cac8fa2cb47837c2e1bdb68fbe46248ec666001d162b9f63d1076,0.038759748253852644,159
0.013396405728063998,160,validation,0.013396405728063998,1,round_robin,f3e50feef87cac8fa2cb47837c2e1bdb68fbe46248ec666001d162b9f63d1076,0.010967491952730724,159
0.024386484205060732,146,source,0.024386484205060732,1,round_robin,f745812ad7f6e6c58cd4aba6a12f20534130cfe084edca4b725354e0369c3428,0.014786862108993937,145
0.01887726566160519,146,validation,0.01887726566160519,1,round_robin,f745812ad7f6e6c58cd4aba6a12f20534130cfe084edca4b725354e0369c3428,0.012398662542778993,145
0.03558796424086097,94,source,0.02126452186529626,1,round_robin,f8979b555e771db0455ccfc0e9f81eac65b7b905a80c4a35a8354d26ce327307,0.03558796424086097,93
0.027661039118181296,94,validation,0.027661039118181296,1,round_robin,f8979b555e771db0455ccfc0e9f81eac65b7b905a80c4a35a8354d26ce327307,0.026130874822414274,93
0.03509783085120555,84,source,0.03509783085120555,1,round_robin,fb70a3adfe9f5335a321febe1516816493ddde8c85732d61d7665b6c3dc077a9,0.012825196278728692,83
0.015397615845067048,84,validation,0.015397615845067048,1,round_robin,fb70a3adfe9f5335a321febe1516816493ddde8c85732d61d7665b6c3dc077a9,0.008774184971180432,83
0.02618420810821176,118,source,0.023597639407693105,1,round_robin,fbf6454afa849227d2e86e814dbba72f3e24d1949ed679063b5ac550598a3596,0.02618420810821176,117
0.020048576488829628,118,validation,0.020048576488829628,1,round_robin,fbf6454afa849227d2e86e814dbba72f3e24d1949ed679063b5ac550598a3596,-0.004085708300479496,117
0.05258621390661651,60,source,0.038875938591339,2,round_robin,fd7bf5f45814e470b105e7a1ca27de83143f75cdc1fb07bb93b44e35476dcb65,0.05258621390661651,57
0.02243823682840693,60,validation,0.01456479586443849,2,round_robin,fd7bf5f45814e470b105e7a1ca27de83143f75cdc1fb07bb93b44e35476dcb65,0.02243823682840693,57
0.04421172045133792,56,source,0.04421172045133792,1,round_robin,fe25ac302badfe427f641f6d1f565bbc81099aff6306838ed5cb2470ed662d30,0.031772145522365625,55
0.015028245327619594,56,validation,0.015028245327619594,1,round_robin,fe25ac302badfe427f641f6d1f565bbc81099aff6306838ed5cb2470ed662d30,0.0006464846023794824,55
0.015088183846342085,64,source,0.014029386205576146,6,round_robin,fe4993b31dc57fa1890d9789ef1318353677c9c54299c1c8ba8055053f3f0af9,0.015088183846342085,1
-0.009526969316670617,64,validation,-0.009526969316670617,6,round_robin,fe4993b31dc57fa1890d9789ef1318353677c9c54299c1c8ba8055053f3f0af9,-0.009892237034819224,1
0.04198276617577256,144,source,0.04198276617577256,1,round_robin,fffc2713229bbca98cd7b6bcc8ea45395635cb90bc229180ad91a81ad54edd07,-0.011278671850839528,143
0.028905055623133613,144,validation,0.028905055623133613,1,round_robin,fffc2713229bbca98cd7b6bcc8ea45395635cb90bc229180ad91a81ad54edd07,0.00859054027882733,143
