address_oracle_agreement,candidate_evaluations,dataset,exact_noun_route_accuracy,mean_oracle_regret,mean_prefix_entropy,mean_prefix_margin,method,model_forward_equivalent_prefix_tokens,noun_support_accuracy,oracle_story_mean_nll,order,stage,story_count,story_mean_nll,suffix_token_accuracy,token_count,token_mean_nll
1.0,404,macro,,0.0,,,base,37141,,1.5681111191538926,blocked,8,404,1.5681111191538926,0.6285002781678014,37747,1.5945090503507182
0.2623762376237624,2020,macro,,0.06385794074016651,1.6065972683453325,0.02481141952004763,log_t,185705,0.8663366336633663,1.4720732780430514,blocked,8,404,1.5359312187832166,0.6278379738787189,37747,1.5677016476755898
0.5321782178217822,808,macro,,0.0352098451920056,,,sequential_lora,74282,,1.5020154560242616,blocked,8,404,1.537225301216266,0.622089172649482,37747,1.5722366384276618
1.0,817,macro,,0.0,,,base,74868,,1.620216532300852,blocked,16,817,1.620216532300852,0.6174294687323425,76101,1.645084382106051
0.22888616891064872,4902,macro,,0.05999193178645242,1.7891283528457511,0.048609933844394757,log_t,449208,0.7429620563035496,1.5361174038934202,blocked,16,817,1.5961093356798723,0.6150773314411112,76101,1.625902831619421
0.4357405140758874,1634,macro,,0.04260265164555425,,,sequential_lora,149736,,1.575675601874112,blocked,16,817,1.6182782535196658,0.6087305028843247,76101,1.6500523433777912
1.0,1160,macro,,0.0,,,base,106421,,1.650929165945172,blocked,24,1160,1.650929165945172,0.6146286897597323,108171,1.6736793526166436
0.31896551724137934,8120,macro,,0.05166270272678583,1.9400756483447963,0.06796538315970323,log_t,744947,0.7879310344827586,1.5634207398021518,blocked,24,1160,1.6150834425289375,0.6139723216019081,108171,1.6437281353511066
0.2827586206896552,2320,macro,,0.07140808129682341,,,sequential_lora,212842,,1.6240254547214057,blocked,24,1160,1.6954335360182293,0.5982564643018924,108171,1.7241468247039258
1.0,1489,macro,,0.0,,,base,146081,,1.6278342361570983,blocked,32,1489,1.6278342361570983,0.6131200366730035,148338,1.6451059934677255
0.4177300201477502,10423,macro,,0.04741302167631622,1.9404225672067934,0.12173132255143011,log_t,1022567,0.8455339153794493,1.5430292233306777,blocked,32,1489,1.5904422450069944,0.6129177958446251,148338,1.6151680230369483
0.251846877098724,2978,macro,,0.06528460894200656,,,sequential_lora,292162,,1.6049512433075517,blocked,32,1489,1.6702358522495584,0.5985789211125943,148338,1.691510824408887
1.0,1776,macro,,0.0,,,base,178438,,1.6837086222600894,blocked,40,1776,1.6837086222600894,0.6012764101516566,181133,1.7014066839364508
0.41103603603603606,14208,macro,,0.05151242679607676,2.0742103101702423,0.12175230188546954,log_t,1427504,0.8040540540540541,1.5961794703115435,blocked,40,1776,1.64769189710762,0.6015138047732881,181133,1.6718906717289148
0.21114864864864866,3552,macro,,0.07979120965824711,,,sequential_lora,356876,,1.6664219564519074,blocked,40,1776,1.7462131661101543,0.583074315558181,181133,1.762997111094509
1.0,2048,macro,,0.0,,,base,205982,,1.6553636107648473,blocked,48,2048,1.6553636107648473,0.6046201305689074,209085,1.6798300297926159
0.40478515625,16384,macro,,0.05016208118247398,2.0735727648134343,0.10802539787255228,log_t,1647856,0.79296875,1.5636059634044848,blocked,48,2048,1.6137680445869589,0.6057823373269244,209085,1.6442534760856178
0.205078125,4096,macro,,0.08140718161535271,,,sequential_lora,411964,,1.6349587987841354,blocked,48,2048,1.716365980399488,0.5879140062653945,209085,1.744120488684617
1.0,2325,macro,,0.0,,,base,237105,,1.630119591111837,blocked,56,2325,1.630119591111837,0.607374405692057,240616,1.6528841032975967
0.38408602150537635,20925,macro,,0.05186047900555851,2.1915782769521077,0.11841482447039696,log_t,2133945,0.7561290322580645,1.536385100058349,blocked,56,2325,1.5882455790639072,0.6081598896166506,240616,1.6183816925616175
0.2670967741935484,4650,macro,,0.06894609634080884,,,sequential_lora,474210,,1.6059090711396065,blocked,56,2325,1.6748551674804149,0.5931068590617415,240616,1.7013767765122185
1.0,2587,macro,,0.0,,,base,269313,,1.6178152496236498,blocked,64,2587,1.6178152496236498,0.6077211372353819,273224,1.6407695082190676
0.42133745651333593,20696,macro,,0.05118255293229747,2.073563200698472,0.11520575640696469,log_t,2154504,0.7653652879783533,1.5279631678070786,blocked,64,2587,1.5791457207393755,0.609148537463766,273224,1.6083427224505353
0.1615771163509857,5174,macro,,0.07630909017963661,,,sequential_lora,538626,,1.6057853356181415,blocked,64,2587,1.6820944257977781,0.5935386349661816,273224,1.705322509493042
1.0,2759,macro,,0.0,,,base,288233,,1.617007759930467,blocked,72,2759,1.617007759930467,0.6078009575923392,292400,1.6415965799116892
0.3979702790866256,24831,macro,,0.05157185719993648,2.1915585950648886,0.1180274913755177,log_t,2594097,0.7600579920260964,1.526876997743044,blocked,72,2759,1.5784488549429807,0.6092681258549931,292400,1.6089345117942742
0.19246103660746647,5518,macro,,0.07439987813041801,,,sequential_lora,576466,,1.6044758459333428,blocked,72,2759,1.678875724063761,0.5919186046511627,292400,1.7078371651497162
1.0,2928,macro,,0.0,,,base,310532,,1.6279969141640185,blocked,80,2928,1.6279969141640185,0.6051624783706127,314965,1.6546743831119328
0.40915300546448086,26352,macro,,0.05185216037668701,2.1907695584772715,0.12134229629987577,log_t,2794788,0.7523907103825137,1.5360459582012003,blocked,80,2928,1.5878981185778873,0.6070071277761021,314965,1.6197333659397226
0.14583333333333334,5856,macro,,0.09019900586716247,,,sequential_lora,621064,,1.6151846086306563,blocked,80,2928,1.7053836144978183,0.5882145635229311,314965,1.7295960242905748
1.0,3088,macro,,0.0,,,base,326934,,1.6337123201128407,blocked,88,3088,1.6337123201128407,0.6051832440207836,331607,1.660209128482049
0.38309585492227977,30880,macro,,0.05404624152210668,2.297137918635971,0.10999323979714992,log_t,3269340,0.7341321243523317,1.5392186707482551,blocked,88,3088,1.5932649122703622,0.6071705362070161,331607,1.6245401317354213
0.22215025906735753,6176,macro,,0.07014498304099191,,,sequential_lora,653868,,1.617684469627538,blocked,88,3088,1.6878294526685296,0.5907716061482418,331607,1.720114735982298
1.0,3257,macro,,0.0,,,base,344448,,1.6410122831580727,blocked,96,3257,1.6410122831580727,0.604757597788069,349378,1.6664385201587215
0.40282468529321463,29313,macro,,0.05346890289297517,2.192499027319543,0.10942421482500211,log_t,3100032,0.7282775560331594,1.543613643047692,blocked,96,3257,1.5970825459406675,0.6065150066689946,349378,1.628267644151692
0.16119128031931226,6514,macro,,0.09069616525155998,,,sequential_lora,688896,,1.6260616448070087,blocked,96,3257,1.7167578100585685,0.5862017642782316,349378,1.7463038395843855
1.0,3398,macro,,0.0,,,base,359301,,1.6472200132615293,blocked,104,3398,1.6472200132615293,0.6048089692792308,364444,1.6705730088849413
0.3811065332548558,33980,macro,,0.055174776847912665,2.2975739246259512,0.10318919198873676,log_t,3593010,0.7242495585638611,1.5476628156065522,blocked,104,3398,1.6028375924544647,0.6065979958512144,364444,1.6324102334022585
0.17951736315479694,6796,macro,,0.08291868803130172,,,sequential_lora,718602,,1.6338215191049192,blocked,104,3398,1.716740207136221,0.5873001064635445,364444,1.7442304131350426
1.0,3515,macro,,0.0,,,base,370622,,1.6441426200401865,blocked,112,3515,1.6441426200401865,0.6054546083274148,375939,1.668403866736955
0.397724039829303,35150,macro,,0.05233734022995981,2.2955960943892197,0.1065841392127752,log_t,3706220,0.7337126600284495,1.5395917701608626,blocked,112,3515,1.5919291103908222,0.6076544332990192,375939,1.6235241405286052
0.12091038406827881,7030,macro,,0.09266082481842364,,,sequential_lora,741244,,1.6312964595477262,blocked,112,3515,1.72395728436615,0.5858530240278343,375939,1.752239330988793
1.0,3653,macro,,0.0,,,base,387581,,1.6392142421746367,blocked,120,3653,1.6392142421746367,0.6059857542610023,393100,1.6626983043914592
0.4026827265261429,40183,macro,,0.05361739292260204,2.390626683941352,0.11719907808395207,log_t,4263391,0.7358335614563373,1.5324821308413685,blocked,120,3653,1.5860995237639703,0.6080895446451284,393100,1.6175399806896138
0.10046537092800438,7306,macro,,0.10716955879833066,,,sequential_lora,775162,,1.627517348483607,blocked,120,3653,1.7346869072819378,0.5881862121597558,393100,1.7575249620707276
1.0,3768,macro,,0.0,,,base,398946,,1.6337561093259343,blocked,128,3768,1.6337561093259343,0.6068031346614373,404637,1.6579844336550043
0.39941613588110403,33912,macro,,0.04984997521998023,2.1904678595926605,0.11945336244035425,log_t,3590514,0.7404458598726115,1.5317219535332327,blocked,128,3768,1.5815719287532124,0.60918057419366,404637,1.6130865883231453
0.24708067940552017,7536,macro,,0.06816289683662681,,,sequential_lora,797892,,1.6155620282379295,blocked,128,3768,1.6837249250745563,0.5923407893988933,404637,1.7150776533146634
1.0,3850,macro,,0.0,,,base,408441,,1.6363012148138725,blocked,136,3850,1.6363012148138725,0.6062483856405899,414251,1.659804009758658
0.39766233766233766,38500,macro,,0.04986906450985776,2.295833785874503,0.12189287035496203,log_t,4084410,0.7451948051948052,1.5347710411230955,blocked,136,3850,1.5846401056329533,0.6086816929832396,414251,1.6152741582669257
0.1890909090909091,7700,macro,,0.07335387045050663,,,sequential_lora,816882,,1.6234604291309704,blocked,136,3850,1.696814299581477,0.5909508969199833,414251,1.724773136429067
1.0,3944,macro,,0.0,,,base,418605,,1.6389929983289286,blocked,144,3944,1.6389929983289286,0.6061820896998933,424549,1.6614860386001238
0.3947768762677485,39440,macro,,0.050259581259204635,2.296308204108513,0.11991498703949349,log_t,4186050,0.7390973630831643,1.5376661519432622,blocked,144,3944,1.5879257332024663,0.6083043417838695,424549,1.61771156548111
0.15593306288032455,7888,macro,,0.08674723426217903,,,sequential_lora,837210,,1.628529772778583,blocked,144,3944,1.715277007040762,0.5886623216636949,424549,1.7416786639659159
1.0,4041,macro,,0.0,,,base,427634,,1.6359079471395195,blocked,152,4041,1.6359079471395195,0.6068263351562716,433732,1.6588621935773027
0.3741648106904232,44451,macro,,0.05253958623718865,2.392225500971514,0.11686753375611073,log_t,4703974,0.7228408809700569,1.5337497764197954,blocked,152,4041,1.5862893626569836,0.6088690712237049,433732,1.6160888967534552
0.22321207621875774,8082,macro,,0.07370635496186007,,,sequential_lora,855268,,1.6206805388018932,blocked,152,4041,1.6943868937637536,0.5897166914131307,433732,1.7256269072426085
1.0,4129,macro,,0.0,,,base,437866,,1.6350243737316803,blocked,160,4129,1.6350243737316803,0.6066444195252442,444102,1.6585420114099723
0.37272947444901916,41290,macro,,0.049876641838787,2.296590143382968,0.11100255237650022,log_t,4378660,0.7212400096875757,1.534050590954167,blocked,160,4129,1.5839272327929537,0.6089366857163444,444102,1.6146906280057385
0.1775248244126907,8258,macro,,0.07835611375222591,,,sequential_lora,875732,,1.624206161216718,blocked,160,4129,1.702562274968944,0.5906503460916637,444102,1.728222512303002
1.0,4213,macro,,0.0,,,base,447133,,1.6371650848876644,blocked,168,4213,1.6371650848876644,0.6063423250193498,453493,1.6604996930236098
0.38072632328507,46343,macro,,0.05168222853030259,2.3919511617800415,0.11029815716271499,log_t,4918463,0.7253738428673154,1.5330079541174382,blocked,168,4213,1.5846901826477404,0.608825274039511,453493,1.615557380839505
0.12081652029432709,8426,macro,,0.08689253222718062,,,sequential_lora,894266,,1.6280334633785085,blocked,168,4213,1.7149259956056893,0.5898745956387419,453493,1.740866083534862
1.0,4294,macro,,0.0,,,base,455036,,1.636051041472743,blocked,176,4294,1.636051041472743,0.6064114231235916,461520,1.6596399304004181
0.3791336748952026,47234,macro,,0.051468164659933306,2.391894190379171,0.1137989398541426,log_t,5005396,0.7207731718677224,1.532393205861829,blocked,176,4294,1.583861370521762,0.6088425203674813,461520,1.6146743972063022
0.16092221704704238,8588,macro,,0.0864923710121671,,,sequential_lora,910072,,1.6253356291203656,blocked,176,4294,1.7118280001325323,0.5887740509620385,461520,1.7386088880343038
1.0,4373,macro,,0.0,,,base,462823,,1.6341966702264707,blocked,184,4373,1.6341966702264707,0.6065638727104627,469418,1.661151821403223
0.3679396295449348,52476,macro,,0.052432231096971,2.4797493325418176,0.11011802384162588,log_t,5553876,0.7093528470157786,1.530040519459109,blocked,184,4373,1.5824727505560794,0.6089774997976217,469418,1.6168037678257827
0.23256345758060828,8746,macro,,0.06994565163424274,,,sequential_lora,925646,,1.619117225109052,blocked,184,4373,1.6890628767432945,0.5910020493462117,469418,1.7230188031219227
1.0,4440,macro,,0.0,,,base,469340,,1.6375926186596854,blocked,192,4440,1.6375926186596854,0.6063272658523008,476035,1.6635744954532334
0.3858108108108108,44400,macro,,0.04866825146657392,2.2952565530130453,0.10512917173338367,log_t,4693400,0.7171171171171171,1.5311305418537973,blocked,192,4440,1.5797987933203712,0.6089048074196225,476035,1.614319430890269
0.07995495495495496,8880,macro,,0.1054012687972016,,,sequential_lora,938680,,1.6276320561204105,blocked,192,4440,1.733033324917612,0.5872278298864579,476035,1.7613608848379114
1.0,16,sentinel,,0.0,,,base,1511,,1.6737760199522007,blocked,1,16,1.6737760199522007,0.6069100391134289,1534,1.6696325249901962
0.4375,32,sentinel,,0.0601885303238979,0.6900835335254669,0.11186683177947998,log_t,3022,0.6875,1.6129854758521505,blocked,1,16,1.673174006176048,0.6101694915254238,1534,1.6713062918015222
0.625,32,sentinel,,0.024676762684312584,,,sequential_lora,3022,,1.6231544882044955,blocked,1,16,1.6478312508888082,0.6153846153846154,1534,1.650756477843363
1.0,16,sentinel,,0.0,,,base,1511,,1.6737760199522007,blocked,2,16,1.6737760199522007,0.6069100391134289,1534,1.6696325249901962
0.4375,48,sentinel,,0.06895107549087538,1.0956427529454231,0.034498173743486404,log_t,4533,0.6875,1.6089285470967603,blocked,2,16,1.6778796225876358,0.6043024771838331,1534,1.6752686730575064
0.4375,32,sentinel,,0.02964311942000742,,,sequential_lora,3022,,1.628643146865978,blocked,2,16,1.6582862662859854,0.6114732724902217,1534,1.6599611981129554
1.0,16,sentinel,,0.0,,,base,1511,,1.6737760199522007,blocked,3,16,1.6737760199522007,0.6069100391134289,1534,1.6696325249901962
0.3125,48,sentinel,,0.05826450902068729,1.0956936478614807,0.025018081068992615,log_t,4533,0.75,1.6158002521247137,blocked,3,16,1.6740647611454014,0.6101694915254238,1534,1.6734040768858351
0.4375,32,sentinel,,0.030860386391632973,,,sequential_lora,3022,,1.6341936588710457,blocked,3,16,1.6650540452626785,0.6114732724902217,1534,1.6651986630674758
1.0,16,sentinel,,0.0,,,base,1511,,1.6737760199522007,blocked,4,16,1.6737760199522007,0.6069100391134289,1534,1.6696325249901962
0.125,64,sentinel,,0.07278189357788882,1.3837910816073418,0.025314729660749435,log_t,6044,0.8125,1.5937878024182666,blocked,4,16,1.6665696959961556,0.6114732724902217,1534,1.66664470687528
0.6875,32,sentinel,,0.021861677933310314,,,sequential_lora,3022,,1.6200799962429921,blocked,4,16,1.6419416741763027,0.621251629726206,1534,1.6394598313074225
1.0,16,sentinel,,0.0,,,base,1511,,1.6737760199522007,blocked,5,16,1.6737760199522007,0.6069100391134289,1534,1.6696325249901962
0.125,64,sentinel,,0.055072524089777114,1.3837143704295158,0.02470291778445244,log_t,6044,0.8125,1.598009437710287,blocked,5,16,1.6530819618000643,0.6192959582790091,1534,1.6541182556550227
0.5,32,sentinel,,0.03420075399210767,,,sequential_lora,3022,,1.6249042717505249,blocked,5,16,1.6591050257426325,0.621903520208605,1534,1.658669801237064
1.0,16,sentinel,,0.0,,,base,1511,,1.6737760199522007,blocked,6,16,1.6737760199522007,0.6069100391134289,1534,1.6696325249901962
0.0625,80,sentinel,,0.06917941003803162,1.6072025373578072,0.028575334697961807,log_t,7555,0.8125,1.590853075802654,blocked,6,16,1.6600324858406854,0.6166883963494133,1534,1.6591567048193423
0.625,32,sentinel,,0.028308828400300454,,,sequential_lora,3022,,1.63069520005601,blocked,6,16,1.6590040284563103,0.6140808344198174,1534,1.658343100019353
1.0,16,sentinel,,0.0,,,base,1511,,1.6737760199522007,blocked,7,16,1.6737760199522007,0.6069100391134289,1534,1.6696325249901962
0.5,64,sentinel,,0.04698514066470598,1.3834270983934402,0.02451781928539276,log_t,6044,0.75,1.5817335317878014,blocked,7,16,1.6287186724525078,0.6271186440677966,1534,1.62872704875205
0.6875,32,sentinel,,0.01471424268843595,,,sequential_lora,3022,,1.6286310115139588,blocked,7,16,1.6433452542023945,0.6205997392438071,1534,1.642924949118802
1.0,16,sentinel,,0.0,,,base,1511,,1.6737760199522007,blocked,8,16,1.6737760199522007,0.6069100391134289,1534,1.6696325249901962
0.5,80,sentinel,,0.04242207808203306,1.6069611385464668,0.021708201617002487,log_t,7555,0.8125,1.5792893075418488,blocked,8,16,1.621711385623882,0.6290743155149935,1534,1.6215832746324204
0.6875,32,sentinel,,0.02114518586822689,,,sequential_lora,3022,,1.62067856098652,blocked,8,16,1.641823746854747,0.6232073011734028,1534,1.6422792705749751
1.0,32,sentinel,,0.0,,,base,3051,,1.6656692940065971,blocked,9,32,1.6656692940065971,0.6064516129032258,3100,1.6882472302836757
0.34375,160,sentinel,,0.0556615975568416,1.6071221195161343,0.04451238736510277,log_t,15255,0.65625,1.5918861521127807,blocked,9,32,1.6475477496696223,0.6087096774193549,3100,1.6720026348483177
0.5,64,sentinel,,0.030581807393268975,,,sequential_lora,6102,,1.6368126707229256,blocked,9,32,1.6673944781161942,0.6006451612903226,3100,1.6922885217974264
1.0,32,sentinel,,0.0,,,base,3051,,1.6656692940065971,blocked,10,32,1.6656692940065971,0.6064516129032258,3100,1.6882472302836757
0.3125,192,sentinel,,0.04968708725874982,1.7894094362854958,0.032174207270145416,log_t,18306,0.71875,1.591720473615727,blocked,10,32,1.6414075608744767,0.61,3100,1.6671309489588584
0.375,64,sentinel,,0.04926992550730036,,,sequential_lora,6102,,1.6425231299565621,blocked,10,32,1.6917930554638623,0.6006451612903225,3100,1.7201173634682931
1.0,32,sentinel,,0.0,,,base,3051,,1.6656692940065971,blocked,11,32,1.6656692940065971,0.6064516129032258,3100,1.6882472302836757
0.28125,160,sentinel,,0.04936589294113275,1.6069976426661015,0.026421425864100456,log_t,15255,0.78125,1.6028807236759834,blocked,11,32,1.6522466166171164,0.6112903225806452,3100,1.6776073234311997
0.34375,64,sentinel,,0.03883434957994521,,,sequential_lora,6102,,1.6405270067390805,blocked,11,32,1.679361356319026,0.6035483870967742,3100,1.70489748062626
1.0,32,sentinel,,0.0,,,base,3051,,1.6656692940065971,blocked,12,32,1.6656692940065971,0.6064516129032258,3100,1.6882472302836757
0.375,192,sentinel,,0.04605796727469839,1.7895312830805779,0.025584494695067406,log_t,18306,0.78125,1.5989750928665662,blocked,12,32,1.6450330601412646,0.6119354838709677,3100,1.6712629970427482
0.3125,64,sentinel,,0.036349000798974684,,,sequential_lora,6102,,1.6381109915628354,blocked,12,32,1.6744599923618102,0.6067741935483871,3100,1.700847436228106
1.0,32,sentinel,,0.0,,,base,3051,,1.6656692940065971,blocked,13,32,1.6656692940065971,0.6064516129032258,3100,1.6882472302836757
0.25,192,sentinel,,0.05360124028116877,1.7892908714711666,0.027891170233488083,log_t,18306,0.78125,1.5980211580740558,blocked,13,32,1.6516223983552247,0.6064516129032259,3100,1.6780328442973476
0.46875,64,sentinel,,0.03523028666803075,,,sequential_lora,6102,,1.637605488606355,blocked,13,32,1.6728357752743857,0.6074193548387097,3100,1.6995862923899006
1.0,32,sentinel,,0.0,,,base,3051,,1.6656692940065971,blocked,14,32,1.6656692940065971,0.6064516129032258,3100,1.6882472302836757
0.25,224,sentinel,,0.048128916883931325,1.943603664636612,0.026891250163316727,log_t,21357,0.75,1.5977191936450958,blocked,14,32,1.6458481105290272,0.6106451612903225,3100,1.6733649543023879
0.3125,64,sentinel,,0.04495361345755736,,,sequential_lora,6102,,1.6450059423947816,blocked,14,32,1.6899595558523388,0.6012903225806452,3100,1.7184608582527408
1.0,32,sentinel,,0.0,,,base,3051,,1.6656692940065971,blocked,15,32,1.6656692940065971,0.6064516129032258,3100,1.6882472302836757
0.34375,160,sentinel,,0.04378157056802362,1.6065606139600277,0.048259660601615906,log_t,15255,0.65625,1.5972334700043782,blocked,15,32,1.641015040572402,0.6125806451612903,3100,1.6661431860154674
0.375,64,sentinel,,0.04032683773790393,,,sequential_lora,6102,,1.6397544810255793,blocked,15,32,1.6800813187634833,0.6058064516129033,3100,1.707081542476531
1.0,32,sentinel,,0.0,,,base,3051,,1.6656692940065971,blocked,16,32,1.6656692940065971,0.6064516129032258,3100,1.6882472302836757
0.3125,192,sentinel,,0.04338486216642612,1.7892264984548092,0.04446545988321304,log_t,18306,0.6875,1.5946656632108025,blocked,16,32,1.6380505253772286,0.6112903225806452,3100,1.6638435929821385
0.375,64,sentinel,,0.04251130310653774,,,sequential_lora,6102,,1.6430558892413043,blocked,16,32,1.6855671923478424,0.5980645161290322,3100,1.7132650732224988
1.0,48,sentinel,,0.0,,,base,4532,,1.6397878804619792,blocked,17,48,1.6397878804619792,0.6144656820156386,4604,1.677223580076216
0.4375,288,sentinel,,0.03800676444651033,1.7874802922209103,0.07958242545525233,log_t,27192,0.75,1.5775211160764984,blocked,17,48,1.6155278805230087,0.615768896611642,4604,1.6554333606458145
0.2708333333333333,96,sentinel,,0.04992399480089401,,,sequential_lora,9064,,1.6185206848621123,blocked,17,48,1.6684446796630066,0.6055603822762815,4604,1.7105081274030935
1.0,48,sentinel,,0.0,,,base,4532,,1.6397878804619792,blocked,18,48,1.6397878804619792,0.6144656820156386,4604,1.677223580076216
0.3958333333333333,336,sentinel,,0.04474910961746931,1.9408606141805649,0.039444765696922936,log_t,31724,0.7708333333333334,1.5704294969224193,blocked,18,48,1.6151786065398885,0.6149000868809731,4604,1.6586745077376777
0.3125,96,sentinel,,0.052176459125887496,,,sequential_lora,9064,,1.6186142121709277,blocked,18,48,1.6707906712968155,0.605994787141616,4604,1.7138102267950541
1.0,48,sentinel,,0.0,,,base,4532,,1.6397878804619792,blocked,19,48,1.6397878804619792,0.6144656820156386,4604,1.677223580076216
0.3125,288,sentinel,,0.03471788985444976,1.7854316805799801,0.05130034933487574,log_t,27192,0.7708333333333334,1.5787513675476832,blocked,19,48,1.613469257402133,0.614031277150304,4604,1.6534839480157317
0.1875,96,sentinel,,0.07328739222854382,,,sequential_lora,9064,,1.6207613142477442,blocked,19,48,1.6940487064762884,0.6020851433536055,4604,1.7374254735421348
1.0,48,sentinel,,0.0,,,base,4532,,1.6397878804619792,blocked,20,48,1.6397878804619792,0.6144656820156386,4604,1.677223580076216
0.25,336,sentinel,,0.04044313020030338,1.9398001556595166,0.04881760353843371,log_t,31724,0.7708333333333334,1.576471089115102,blocked,20,48,1.6169142193154054,0.6118592528236316,4604,1.657982607906948
0.25,96,sentinel,,0.054776637207297064,,,sequential_lora,9064,,1.617374741915521,blocked,20,48,1.6721513791228186,0.6096872284969591,4604,1.7167801943993588
1.0,48,sentinel,,0.0,,,base,4532,,1.6397878804619792,blocked,21,48,1.6397878804619792,0.6144656820156386,4604,1.677223580076216
0.3125,336,sentinel,,0.038366515584321435,1.9398153225580852,0.04352209344506264,log_t,31724,0.7708333333333334,1.5752495392131445,blocked,21,48,1.6136160547974658,0.6153344917463076,4604,1.653341366662656
0.3125,96,sentinel,,0.05653837483724445,,,sequential_lora,9064,,1.6159129078522358,blocked,21,48,1.6724512826894802,0.6005647263249348,4604,1.717195286738365
1.0,48,sentinel,,0.0,,,base,4532,,1.6397878804619792,blocked,22,48,1.6397878804619792,0.6144656820156386,4604,1.677223580076216
0.3125,384,sentinel,,0.04086370537672467,2.073630372683207,0.04190463696916898,log_t,36256,0.7916666666666666,1.572928805995928,blocked,22,48,1.6137925113726528,0.6149000868809731,4604,1.6534649797567174
0.25,96,sentinel,,0.05776395866390069,,,sequential_lora,9064,,1.6151792424744045,blocked,22,48,1.6729432011383054,0.5994787141615986,4604,1.7190063594218237
1.0,48,sentinel,,0.0,,,base,4532,,1.6397878804619792,blocked,23,48,1.6397878804619792,0.6144656820156386,4604,1.677223580076216
0.3333333333333333,288,sentinel,,0.032117572035894305,1.785847877462705,0.05778269718090693,log_t,27192,0.7291666666666666,1.5753946213952885,blocked,23,48,1.6075121934311827,0.6138140747176368,4604,1.6490692968061962
0.22916666666666666,96,sentinel,,0.06372580171537907,,,sequential_lora,9064,,1.6232353063516378,blocked,23,48,1.6869611080670168,0.5962206776715899,4604,1.730454081146744
1.0,48,sentinel,,0.0,,,base,4532,,1.6397878804619792,blocked,24,48,1.6397878804619792,0.6144656820156386,4604,1.677223580076216
0.2708333333333333,336,sentinel,,0.032213957620522274,1.9402658318479855,0.05514374375343323,log_t,31724,0.7291666666666666,1.573400781390429,blocked,24,48,1.6056147390109512,0.6153344917463076,4604,1.6473369486532865
0.3125,96,sentinel,,0.06670083421285415,,,sequential_lora,9064,,1.6193846579937998,blocked,24,48,1.6860854922066542,0.5973066898349262,4604,1.730963393773958
1.0,64,sentinel,,0.0,,,base,6456,,1.6481743860912563,blocked,25,64,1.6481743860912563,0.6123912711735083,6553,1.6556434986446897
0.328125,448,sentinel,,0.03879915855450485,1.9401614163070917,0.06442462094128132,log_t,45192,0.734375,1.5889087092786514,blocked,25,64,1.627707867833156,0.612543873035251,6553,1.6402743659855554
0.28125,128,sentinel,,0.05719663774481143,,,sequential_lora,12912,,1.6260387212621459,blocked,25,64,1.6832353590069573,0.6026247520219746,6553,1.697073849870579
1.0,64,sentinel,,0.0,,,base,6456,,1.6481743860912563,blocked,26,64,1.6481743860912563,0.6123912711735083,6553,1.6556434986446897
0.296875,512,sentinel,,0.041491354720201296,2.0733970142900944,0.048578307032585144,log_t,51648,0.734375,1.5841902272880886,blocked,26,64,1.6256815820082897,0.612543873035251,6553,1.6372929707967687
0.265625,128,sentinel,,0.05593755930790749,,,sequential_lora,12912,,1.6323635043227518,blocked,26,64,1.6883010636306595,0.6018617427132611,6553,1.7008886955793296
1.0,64,sentinel,,0.0,,,base,6456,,1.6481743860912563,blocked,27,64,1.6481743860912563,0.6123912711735083,6553,1.6556434986446897
0.296875,448,sentinel,,0.04811350938671446,1.939835162833333,0.050442795269191265,log_t,45192,0.734375,1.579874439132608,blocked,27,64,1.6279879485193223,0.6091866320769114,6553,1.6403536567356174
0.234375,128,sentinel,,0.06701493822437393,,,sequential_lora,12912,,1.6332113777014654,blocked,27,64,1.7002263159258395,0.5989623073401495,6553,1.7112069108841639
1.0,64,sentinel,,0.0,,,base,6456,,1.6481743860912563,blocked,28,64,1.6481743860912563,0.6123912711735083,6553,1.6556434986446897
0.3125,512,sentinel,,0.04872623040158446,2.0733941569924355,0.049728378653526306,log_t,51648,0.734375,1.5781386196556144,blocked,28,64,1.6268648500571987,0.6096444376621395,6553,1.6394125645749718
0.25,128,sentinel,,0.06939240519597352,,,sequential_lora,12912,,1.6271796037608677,blocked,28,64,1.6965720089568415,0.5980466961696933,6553,1.7070147134357967
1.0,64,sentinel,,0.0,,,base,6456,,1.6481743860912563,blocked,29,64,1.6481743860912563,0.6123912711735083,6553,1.6556434986446897
0.34375,512,sentinel,,0.04410697463945711,2.0732093937695026,0.049855269491672516,log_t,51648,0.75,1.5805589882302056,blocked,29,64,1.6246659628696627,0.610407446970853,6553,1.639404516046909
0.28125,128,sentinel,,0.06364380024070271,,,sequential_lora,12912,,1.629675835659418,blocked,29,64,1.6933196359001208,0.6023195482984892,6553,1.7049342169573194
1.0,64,sentinel,,0.0,,,base,6456,,1.6481743860912563,blocked,30,64,1.6481743860912563,0.6123912711735083,6553,1.6556434986446897
0.296875,576,sentinel,,0.04233669252203816,2.1912386380136013,0.04676326550543308,log_t,58104,0.765625,1.5795286393957955,blocked,30,64,1.6218653319178336,0.6096444376621395,6553,1.6372974013874735
0.265625,128,sentinel,,0.055398155004521964,,,sequential_lora,12912,,1.6281218208435537,blocked,30,64,1.6835199758480757,0.5995727147871204,6553,1.69615639247513
1.0,64,sentinel,,0.0,,,base,6456,,1.6481743860912563,blocked,31,64,1.6481743860912563,0.6123912711735083,6553,1.6556434986446897
0.46875,384,sentinel,,0.03069909957549346,1.7859867382794619,0.11608636472374201,log_t,38736,0.8125,1.5850742304854941,blocked,31,64,1.6157733300609876,0.6169693270257897,6553,1.628692804502746
0.203125,128,sentinel,,0.05912636275423565,,,sequential_lora,12912,,1.6347773333566253,blocked,31,64,1.6939036961108611,0.6024721501602319,6553,1.7074947552191253
1.0,64,sentinel,,0.0,,,base,6456,,1.6481743860912563,blocked,32,64,1.6481743860912563,0.6123912711735083,6553,1.6556434986446897
0.40625,448,sentinel,,0.03513139759274564,1.940509932115674,0.11181789729744196,log_t,45192,0.796875,1.5832710574316804,blocked,32,64,1.618402455024426,0.616816725164047,6553,1.630443437943909
0.265625,128,sentinel,,0.06613017064021896,,,sequential_lora,12912,,1.6302505346977083,blocked,32,64,1.6963807053379272,0.6001831222340912,6553,1.7070148240404786
1.0,80,sentinel,,0.0,,,base,8225,,1.7120698128641223,blocked,33,80,1.7120698128641223,0.5933644747873997,8349,1.7202301450311988
0.3625,560,sentinel,,0.04159122136427627,1.9408320680260658,0.10981788039207459,log_t,57575,0.775,1.646904675588014,blocked,33,80,1.6884958969522903,0.5956401964307103,8349,1.701664239607224
0.275,160,sentinel,,0.06740405555255974,,,sequential_lora,16450,,1.6894181147813174,blocked,33,80,1.756822170333877,0.5793508204575398,8349,1.768858134353899
1.0,80,sentinel,,0.0,,,base,8225,,1.7120698128641223,blocked,34,80,1.7120698128641223,0.5933644747873997,8349,1.7202301450311988
0.325,640,sentinel,,0.046777879778143336,2.0742195785045623,0.1026889443397522,log_t,65800,0.7875,1.644935039577696,blocked,34,80,1.6917129193558396,0.5956401964307103,8349,1.7047385056870672
0.2125,160,sentinel,,0.07487673885906136,,,sequential_lora,16450,,1.6880016331324257,blocked,34,80,1.7628783719914867,0.5793508204575398,8349,1.7734936819146216
1.0,80,sentinel,,0.0,,,base,8225,,1.7120698128641223,blocked,35,80,1.7120698128641223,0.5933644747873997,8349,1.7202301450311988
0.3375,560,sentinel,,0.043342970596466156,1.9407515540719031,0.10192498490214348,log_t,57575,0.7875,1.6459074080243128,blocked,35,80,1.689250378620779,0.5968379446640316,8349,1.7015491759281614
0.2125,160,sentinel,,0.06617368733191735,,,sequential_lora,16450,,1.6910551188866243,blocked,35,80,1.7572288062185422,0.5818660917475147,8349,1.7685321541028989
1.0,80,sentinel,,0.0,,,base,8225,,1.7120698128641223,blocked,36,80,1.7120698128641223,0.5933644747873997,8349,1.7202301450311988
0.3125,640,sentinel,,0.04644061808731319,2.0745167464017866,0.09764445498585701,log_t,65800,0.8,1.6430400939246108,blocked,36,80,1.689480712011924,0.5964786201940352,8349,1.7017196973279103
0.225,160,sentinel,,0.0707483053253521,,,sequential_lora,16450,,1.6902500980332273,blocked,36,80,1.7609984033585793,0.5837824889208288,8349,1.7749167979299016
1.0,80,sentinel,,0.0,,,base,8225,,1.7120698128641223,blocked,37,80,1.7120698128641223,0.5933644747873997,8349,1.7202301450311988
0.325,640,sentinel,,0.043318118097664754,2.074188607931137,0.09905229061841965,log_t,65800,0.8,1.6440592696108447,blocked,37,80,1.6873773877085096,0.5965983950173673,8349,1.700640418084314
0.1875,160,sentinel,,0.07160676888602005,,,sequential_lora,16450,,1.6915464971225507,blocked,37,80,1.7631532660085707,0.5798299197508684,8349,1.7754627307284618
1.0,80,sentinel,,0.0,,,base,8225,,1.7120698128641223,blocked,38,80,1.7120698128641223,0.5933644747873997,8349,1.7202301450311988
0.3125,720,sentinel,,0.04301555054609115,2.1921255856752397,0.09950017035007477,log_t,74025,0.8125,1.6427543851167534,blocked,38,80,1.6857699356628448,0.597197269134028,8349,1.699160960466223
0.2,160,sentinel,,0.07379577618779487,,,sequential_lora,16450,,1.6937957597775628,blocked,38,80,1.767591535965358,0.5822254162175111,8349,1.7774740950849073
1.0,80,sentinel,,0.0,,,base,8225,,1.7120698128641223,blocked,39,80,1.7120698128641223,0.5933644747873997,8349,1.7202301450311988
0.4,560,sentinel,,0.0406733971852085,1.9404180109500886,0.11732018366456032,log_t,57575,0.8,1.642979871187589,blocked,39,80,1.6836532683727974,0.59899389148401,8349,1.6966585110641408
0.1875,160,sentinel,,0.06992391339441728,,,sequential_lora,16450,,1.692694062993533,blocked,39,80,1.7626179763879506,0.5800694693975327,8349,1.7736624127048863
1.0,80,sentinel,,0.0,,,base,8225,,1.7120698128641223,blocked,40,80,1.7120698128641223,0.5933644747873997,8349,1.7202301450311988
0.4125,640,sentinel,,0.041369542811834734,2.0742606997489927,0.11572618708014488,log_t,65800,0.8,1.6423059002786282,blocked,40,80,1.6836754430904626,0.5986345670140136,8349,1.6963848799827612
0.2,160,sentinel,,0.07490330744332972,,,sequential_lora,16450,,1.6943912355901147,blocked,40,80,1.7692945430334448,0.5810276679841897,8349,1.77882507270304
1.0,96,sentinel,,0.0,,,base,9971,,1.6831992487811898,blocked,41,96,1.6831992487811898,0.5965415019762846,10120,1.702611992198959
0.3958333333333333,768,sentinel,,0.041947145191363076,2.0724639693895974,0.14175502583384514,log_t,79768,0.8020833333333334,1.6062413760660383,blocked,41,96,1.6481885212574012,0.6002964426877471,10120,1.670608221589341
0.3020833333333333,192,sentinel,,0.06078515067429479,,,sequential_lora,19942,,1.6592500994798716,blocked,41,96,1.7200352501541667,0.5876482213438735,10120,1.7452633818147683
1.0,96,sentinel,,0.0,,,base,9971,,1.6831992487811898,blocked,42,96,1.6831992487811898,0.5965415019762846,10120,1.702611992198959
0.34375,864,sentinel,,0.04667245666934175,2.1894423042734465,0.10108471289277077,log_t,89739,0.8125,1.600533965760749,blocked,42,96,1.6472064224300904,0.6008893280632411,10120,1.671485871100143
0.28125,192,sentinel,,0.062296761166036864,,,sequential_lora,19942,,1.6578308656925038,blocked,42,96,1.7201276268585406,0.5859683794466403,10120,1.7461944327524057
1.0,96,sentinel,,0.0,,,base,9971,,1.6831992487811898,blocked,43,96,1.6831992487811898,0.5965415019762846,10120,1.702611992198959
0.3020833333333333,768,sentinel,,0.04485392841804836,2.0709839339057603,0.10334378977616628,log_t,79768,0.8125,1.5988974801959819,blocked,43,96,1.6437514086140304,0.6014822134387352,10120,1.6685309366746381
0.2604166666666667,192,sentinel,,0.07114861864407777,,,sequential_lora,19942,,1.6590861094164955,blocked,43,96,1.7302347280605732,0.5840909090909091,10120,1.7571909591614494
1.0,96,sentinel,,0.0,,,base,9971,,1.6831992487811898,blocked,44,96,1.6831992487811898,0.5965415019762846,10120,1.702611992198959
0.2916666666666667,864,sentinel,,0.04645034001490747,2.1888360430796943,0.09618988757332166,log_t,89739,0.8125,1.5977170518549666,blocked,44,96,1.644167391869874,0.6012845849802372,10120,1.6694412184327017
0.25,192,sentinel,,0.07034230600571552,,,sequential_lora,19942,,1.6606949395590933,blocked,44,96,1.731037245564809,0.5858695652173913,10120,1.7570906701295272
1.0,96,sentinel,,0.0,,,base,9971,,1.6831992487811898,blocked,45,96,1.6831992487811898,0.5965415019762846,10120,1.702611992198959
0.3125,864,sentinel,,0.0470666475952736,2.1886731709043183,0.09712907547752063,log_t,89739,0.8125,1.597788604266115,blocked,45,96,1.6448552518613884,0.6016798418972332,10120,1.6697887441386348
0.2604166666666667,192,sentinel,,0.06823555344509495,,,sequential_lora,19942,,1.6533673189088463,blocked,45,96,1.7216028723539412,0.5869565217391305,10120,1.7497888642337482
1.0,96,sentinel,,0.0,,,base,9971,,1.6831992487811898,blocked,46,96,1.6831992487811898,0.5965415019762846,10120,1.702611992198959
0.3125,960,sentinel,,0.04727660277822469,2.2944139962395034,0.09645180900891621,log_t,99710,0.8125,1.5975862280802717,blocked,46,96,1.6448628308584965,0.6018774703557312,10120,1.6697946395798635
0.2604166666666667,192,sentinel,,0.07087040265321484,,,sequential_lora,19942,,1.658864582145115,blocked,46,96,1.7297349847983297,0.5871541501976285,10120,1.7564055329726147
1.0,96,sentinel,,0.0,,,base,9971,,1.6831992487811898,blocked,47,96,1.6831992487811898,0.5965415019762846,10120,1.702611992198959
0.3854166666666667,672,sentinel,,0.04128432083627358,1.9379066489636898,0.11255782656371593,log_t,69797,0.8020833333333334,1.5979225493126767,blocked,47,96,1.6392068701489502,0.6011857707509881,10120,1.6632441571578678
0.25,192,sentinel,,0.06744245982386672,,,sequential_lora,19942,,1.6543920437672774,blocked,47,96,1.7218345035911442,0.5845849802371541,10120,1.7479376453655981
1.0,96,sentinel,,0.0,,,base,9971,,1.6831992487811898,blocked,48,96,1.6831992487811898,0.5965415019762846,10120,1.702611992198959
0.375,768,sentinel,,0.04260980310955515,2.072031393647194,0.11012023190657298,log_t,79768,0.8020833333333334,1.5960579816210272,blocked,48,96,1.6386677847305824,0.6011857707509881,10120,1.6623416133548903
0.22916666666666666,192,sentinel,,0.06764626758468718,,,sequential_lora,19942,,1.6556913629609478,blocked,48,96,1.723337630545635,0.583794466403162,10120,1.7501236127770465
1.0,112,sentinel,,0.0,,,base,12185,,1.6703982646523134,blocked,49,112,1.6703982646523134,0.5965366564168959,12358,1.6880336842658084
0.36607142857142855,896,sentinel,,0.045613664652545446,2.0720266912664687,0.0939891045647008,log_t,97480,0.7410714285714286,1.5870347778385305,blocked,49,112,1.632648442491076,0.5989642336947726,12358,1.6551562389676906
0.32142857142857145,224,sentinel,,0.054606649544292694,,,sequential_lora,24370,,1.6402175840135507,blocked,49,112,1.6948242335578436,0.5860171548794303,12358,1.7178681787693648
1.0,112,sentinel,,0.0,,,base,12185,,1.6703982646523134,blocked,50,112,1.6703982646523134,0.5965366564168959,12358,1.6880336842658084
0.35714285714285715,1008,sentinel,,0.04738764945557926,2.1896272408110753,0.08960408025554248,log_t,109665,0.7410714285714286,1.585452832525093,blocked,50,112,1.632840481980672,0.5996115876355397,12358,1.655509710118963
0.3125,224,sentinel,,0.055549887719877636,,,sequential_lora,24370,,1.6452994750876293,blocked,50,112,1.7008493628075068,0.586259912607218,12358,1.723996863586653
1.0,112,sentinel,,0.0,,,base,12185,,1.6703982646523134,blocked,51,112,1.6703982646523134,0.5965366564168959,12358,1.6880336842658084
0.33035714285714285,896,sentinel,,0.042109738266470235,2.071234703063965,0.09180221387318202,log_t,97480,0.7767857142857143,1.5875962954841465,blocked,51,112,1.6297060337506166,0.5996925068781356,12358,1.6537814576333734
0.30357142857142855,224,sentinel,,0.05677271437014514,,,sequential_lora,24370,,1.6449283254994833,blocked,51,112,1.7017010398696282,0.5827803851755947,12358,1.7252897394380633
1.0,112,sentinel,,0.0,,,base,12185,,1.6703982646523134,blocked,52,112,1.6703982646523134,0.5965366564168959,12358,1.6880336842658084
0.3482142857142857,1008,sentinel,,0.042823035188155,2.1893291005066464,0.09135202052337783,log_t,109665,0.7767857142857143,1.586310650868874,blocked,52,112,1.629133686057029,0.6002589415763069,12358,1.6532650764059107
0.3125,224,sentinel,,0.058264289330743436,,,sequential_lora,24370,,1.6459799694273662,blocked,52,112,1.70424425875811,0.5835895776015536,12358,1.7263470816562083
1.0,112,sentinel,,0.0,,,base,12185,,1.6703982646523134,blocked,53,112,1.6703982646523134,0.5965366564168959,12358,1.6880336842658084
0.36607142857142855,1008,sentinel,,0.03968407467329305,2.1891493052244186,0.0923183544405869,log_t,109665,0.7678571428571429,1.5860734068169844,blocked,53,112,1.6257574814902773,0.6007444570318822,12358,1.649564913126002
0.24107142857142858,224,sentinel,,0.07009196697410967,,,sequential_lora,24370,,1.649098582512146,blocked,53,112,1.719190549486256,0.5801100501699304,12358,1.7408606104334499
1.0,112,sentinel,,0.0,,,base,12185,,1.6703982646523134,blocked,54,112,1.6703982646523134,0.5965366564168959,12358,1.6880336842658084
0.3482142857142857,1120,sentinel,,0.03813383404788042,2.294882650886263,0.09065825705017362,log_t,121850,0.7857142857142857,1.5851223329972373,blocked,54,112,1.6232561670451173,0.600178022333711,12358,1.6471503523681363
0.29464285714285715,224,sentinel,,0.06490546632948395,,,sequential_lora,24370,,1.6492665576232735,blocked,54,112,1.7141720239527574,0.5827803851755947,12358,1.7343596425869063
1.0,112,sentinel,,0.0,,,base,12185,,1.6703982646523134,blocked,55,112,1.6703982646523134,0.5965366564168959,12358,1.6880336842658084
0.36607142857142855,896,sentinel,,0.04104618292049333,2.0721564016171863,0.13676843579326356,log_t,97480,0.7767857142857143,1.584652325517046,blocked,55,112,1.625698508437539,0.5980741220262178,12358,1.6499598644026314
0.25892857142857145,224,sentinel,,0.07095190372793587,,,sequential_lora,24370,,1.6510154373899242,blocked,55,112,1.72196734111786,0.5805146463829098,12358,1.7428821877650718
1.0,112,sentinel,,0.0,,,base,12185,,1.6703982646523134,blocked,56,112,1.6703982646523134,0.5965366564168959,12358,1.6880336842658084
0.35714285714285715,1008,sentinel,,0.04172281600367753,2.1903860654149736,0.1350389883986541,log_t,109665,0.7678571428571429,1.5834450905650237,blocked,56,112,1.625167906568701,0.5980741220262178,12358,1.6491243972383207
0.3125,224,sentinel,,0.06265881047326052,,,sequential_lora,24370,,1.6503310644896463,blocked,56,112,1.712989874962907,0.5814856772940605,12358,1.73182180148148
1.0,128,sentinel,,0.0,,,base,14041,,1.6327685473704683,blocked,57,128,1.6327685473704683,0.6011097843646835,14237,1.6559029753526175
0.34375,1152,sentinel,,0.04543531407983019,2.190243339166045,0.1407497776672244,log_t,126369,0.75,1.5481951344989726,blocked,57,128,1.5936304485788026,0.603076490833743,14237,1.6225826650336694
0.21875,256,sentinel,,0.06577418591180871,,,sequential_lora,28082,,1.610885983399303,blocked,57,128,1.6766601693111116,0.5862892463299852,14237,1.7031735533231798
1.0,128,sentinel,,0.0,,,base,14041,,1.6327685473704683,blocked,58,128,1.6327685473704683,0.6011097843646835,14237,1.6559029753526175
0.328125,1280,sentinel,,0.04757898040255535,2.295616939663887,0.12322111614048481,log_t,140410,0.75,1.5479945438293732,blocked,58,128,1.5955735242319284,0.6018121795322048,14237,1.6252589993759212
0.2109375,256,sentinel,,0.07816773629334893,,,sequential_lora,28082,,1.6137125067158462,blocked,58,128,1.691880243009195,0.5880452342487884,14237,1.7178802332148304
1.0,128,sentinel,,0.0,,,base,14041,,1.6327685473704683,blocked,59,128,1.6327685473704683,0.6011097843646835,14237,1.6559029753526175
0.3515625,1152,sentinel,,0.045536283832254214,2.1899339854717255,0.1270292797125876,log_t,126369,0.7578125,1.547052121529734,blocked,59,128,1.592588405361988,0.603076490833743,14237,1.621275353919022
0.1953125,256,sentinel,,0.07597104391278107,,,sequential_lora,28082,,1.6146932991092704,blocked,59,128,1.6906643430220514,0.5867809229472501,14237,1.7159778460731514
1.0,128,sentinel,,0.0,,,base,14041,,1.6327685473704683,blocked,60,128,1.6327685473704683,0.6011097843646835,14237,1.6559029753526175
0.3515625,1280,sentinel,,0.04525226712909409,2.295449433848262,0.1258342838846147,log_t,140410,0.765625,1.5455218136830806,blocked,60,128,1.5907740808121744,0.6026550537332304,14237,1.6199596984053024
0.2265625,256,sentinel,,0.07210386978658453,,,sequential_lora,28082,,1.6151336592840504,blocked,60,128,1.687237529070635,0.5859380487462246,14237,1.7133729328740437
1.0,128,sentinel,,0.0,,,base,14041,,1.6327685473704683,blocked,61,128,1.6327685473704683,0.6011097843646835,14237,1.6559029753526175
0.34375,1280,sentinel,,0.04318826230464679,2.2955740690231323,0.12418464431539178,log_t,140410,0.7578125,1.5451603832752179,blocked,61,128,1.5883486455798645,0.6032872093839995,14237,1.6191938064938525
0.1640625,256,sentinel,,0.07704855146556312,,,sequential_lora,28082,,1.6178033054481296,blocked,61,128,1.6948518569136928,0.5849546955116949,14237,1.7190731555263237
1.0,128,sentinel,,0.0,,,base,14041,,1.6327685473704683,blocked,62,128,1.6327685473704683,0.6011097843646835,14237,1.6559029753526175
0.3359375,1408,sentinel,,0.04469767904676949,2.3911238070577383,0.12404022831469774,log_t,154451,0.765625,1.5444924891626712,blocked,62,128,1.5891901682094407,0.6024443351829739,14237,1.6199637713991306
0.1640625,256,sentinel,,0.0777997769462487,,,sequential_lora,28082,,1.6164990639754762,blocked,62,128,1.694298840921725,0.5836903842101566,14237,1.7221080267991193
1.0,128,sentinel,,0.0,,,base,14041,,1.6327685473704683,blocked,63,128,1.6327685473704683,0.6011097843646835,14237,1.6559029753526175
0.4453125,896,sentinel,,0.04300411274633473,1.9385838024318218,0.1257553854957223,log_t,98287,0.7734375,1.5504733764789076,blocked,63,128,1.5934774892252423,0.6039896045515207,14237,1.6216859272911768
0.1640625,256,sentinel,,0.07634113953931096,,,sequential_lora,28082,,1.618320870927555,blocked,63,128,1.6946620104668657,0.5852356535787033,14237,1.7237440320793527
1.0,128,sentinel,,0.0,,,base,14041,,1.6327685473704683,blocked,64,128,1.6327685473704683,0.6011097843646835,14237,1.6559029753526175
0.453125,1024,sentinel,,0.04236000679810377,2.0725743044167757,0.12374345026910305,log_t,112328,0.7890625,1.5496419818699938,blocked,64,128,1.5920019886680976,0.604130083585025,14237,1.6201643274265318
0.1953125,256,sentinel,,0.07571346981533363,,,sequential_lora,28082,,1.6169301213834864,blocked,64,128,1.69264359119882,0.5886071503828053,14237,1.7186319248440343
1.0,144,sentinel,,0.0,,,base,16215,,1.6403286430407735,blocked,65,144,1.6403286430407735,0.5999634947675834,16436,1.6691527804135406
0.4375,1152,sentinel,,0.04261424142175088,2.072465424736341,0.11771217899190055,log_t,129720,0.7847222222222222,1.560077342949165,blocked,65,144,1.602691584370916,0.6009369676320273,16436,1.637571997351239
0.22916666666666666,288,sentinel,,0.06568885608189183,,,sequential_lora,32430,,1.6248751685580745,blocked,65,144,1.6905640246399665,0.5863957167193965,16436,1.7228291265051798
1.0,144,sentinel,,0.0,,,base,16215,,1.6403286430407735,blocked,66,144,1.6403286430407735,0.5999634947675834,16436,1.6691527804135406
0.4305555555555556,1296,sentinel,,0.04442110240071897,2.1904698891772165,0.10602052840921614,log_t,145935,0.7777777777777778,1.558010197975826,blocked,66,144,1.6024313003765451,0.6013628620102215,16436,1.637423132248649
0.22916666666666666,288,sentinel,,0.06230634700432006,,,sequential_lora,32430,,1.6266514419094757,blocked,66,144,1.6889577889137959,0.5874908736918958,16436,1.721857008489561
1.0,144,sentinel,,0.0,,,base,16215,,1.6403286430407735,blocked,67,144,1.6403286430407735,0.5999634947675834,16436,1.6691527804135406
0.4097222222222222,1152,sentinel,,0.04617866381225715,2.0722550633880825,0.11342093638247913,log_t,129720,0.7708333333333334,1.5574384551870404,blocked,67,144,1.6036171189992976,0.6023971769286931,16436,1.638564555538806
0.18055555555555555,288,sentinel,,0.06323116161788768,,,sequential_lora,32430,,1.628350820744303,blocked,67,144,1.6915819823621907,0.5868824531516184,16436,1.7210860324329516
1.0,144,sentinel,,0.0,,,base,16215,,1.6403286430407735,blocked,68,144,1.6403286430407735,0.5999634947675834,16436,1.6691527804135406
0.4027777777777778,1296,sentinel,,0.04558166804259752,2.190302782588535,0.11094517136613528,log_t,145935,0.7708333333333334,1.5572967677282945,blocked,68,144,1.602878435770892,0.6026405451448041,16436,1.637786000800208
0.18055555555555555,288,sentinel,,0.06432041705101789,,,sequential_lora,32430,,1.6280470748008493,blocked,68,144,1.6923674918518672,0.5818934047213434,16436,1.7221561349723484
1.0,144,sentinel,,0.0,,,base,16215,,1.6403286430407735,blocked,69,144,1.6403286430407735,0.5999634947675834,16436,1.6691527804135406
0.4027777777777778,1296,sentinel,,0.04666397502544164,2.1903328365749783,0.11198292548457782,log_t,145935,0.7708333333333334,1.5573972762023547,blocked,69,144,1.6040612512277963,0.6020321246045266,16436,1.637644383993773
0.18055555555555555,288,sentinel,,0.06571751859992224,,,sequential_lora,32430,,1.6300571102107155,blocked,69,144,1.695774628810638,0.5893161353127282,16436,1.725327585990425
1.0,144,sentinel,,0.0,,,base,16215,,1.6403286430407735,blocked,70,144,1.6403286430407735,0.5999634947675834,16436,1.6691527804135406
0.375,1440,sentinel,,0.04932279338602669,2.2959954573048487,0.10950776189565659,log_t,162150,0.7638888888888888,1.5564794351483293,blocked,70,144,1.605802228534356,0.6014237040642492,16436,1.6391277089261695
0.14583333333333334,288,sentinel,,0.07778157635779016,,,sequential_lora,32430,,1.6307681354743235,blocked,70,144,1.7085497118321138,0.5840837186663421,16436,1.73735507627159
1.0,144,sentinel,,0.0,,,base,16215,,1.6403286430407735,blocked,71,144,1.6403286430407735,0.5999634947675834,16436,1.6691527804135406
0.4027777777777778,1152,sentinel,,0.04491430542594154,2.0724841488732233,0.13063862029876974,log_t,129720,0.7638888888888888,1.5584367213962569,blocked,71,144,1.6033510268221984,0.6010586517400828,16436,1.6364424152657422
0.11805555555555555,288,sentinel,,0.08075300334617223,,,sequential_lora,32430,,1.6324477997194191,blocked,71,144,1.7132008030655914,0.5847529812606473,16436,1.7431850256958157
1.0,144,sentinel,,0.0,,,base,16215,,1.6403286430407735,blocked,72,144,1.6403286430407735,0.5999634947675834,16436,1.6691527804135406
0.3958333333333333,1296,sentinel,,0.046469540575422075,2.1907062282164893,0.1285721334732241,log_t,145935,0.7638888888888888,1.5576294476909418,blocked,72,144,1.6040989882663639,0.601484546118277,16436,1.6374810703423344
0.1527777777777778,288,sentinel,,0.07483657382060194,,,sequential_lora,32430,,1.6296484596715135,blocked,72,144,1.7044850334921153,0.5868824531516184,16436,1.7366231507296457
1.0,160,sentinel,,0.0,,,base,18108,,1.6431762010978155,blocked,73,160,1.6431762010978155,0.6003704308982949,18357,1.668941312959175
0.4125,1440,sentinel,,0.046850859236953334,2.1896542444825173,0.13594546634703875,log_t,162972,0.76875,1.5587601480557112,blocked,73,160,1.6056110072926644,0.6000980552377839,18357,1.6361285907001208
0.15,320,sentinel,,0.07149623668108868,,,sequential_lora,36216,,1.6299992565669634,blocked,73,160,1.7014954932480517,0.5838644658713298,18357,1.7290826515284616
1.0,160,sentinel,,0.0,,,base,18108,,1.6431762010978155,blocked,74,160,1.6431762010978155,0.6003704308982949,18357,1.668941312959175
0.4125,1600,sentinel,,0.04767996108280197,2.2947469264268876,0.11866733189672232,log_t,181080,0.76875,1.5578519725459945,blocked,74,160,1.6055319336287965,0.6000980552377839,18357,1.6360268862203178
0.15,320,sentinel,,0.08170295922645077,,,sequential_lora,36216,,1.6283467823280382,blocked,74,160,1.7100497415544893,0.5851718690417824,18357,1.7383961639886407
1.0,160,sentinel,,0.0,,,base,18108,,1.6431762010978155,blocked,75,160,1.6431762010978155,0.6003704308982949,18357,1.668941312959175
0.3875,1440,sentinel,,0.04830816296670147,2.1889975503087045,0.12088345419615507,log_t,162972,0.75625,1.5575692384931759,blocked,75,160,1.6058774014598771,0.6003159557661928,18357,1.6368206457653525
0.18125,320,sentinel,,0.08032883505682194,,,sequential_lora,36216,,1.627526615805045,blocked,75,160,1.7078554508618669,0.5839189410034319,18357,1.7365832615828614
1.0,160,sentinel,,0.0,,,base,18108,,1.6431762010978155,blocked,76,160,1.6431762010978155,0.6003704308982949,18357,1.668941312959175
0.3875,1600,sentinel,,0.049277429884462015,2.294565808773041,0.11926523130387068,log_t,181080,0.75625,1.5564657212456336,blocked,76,160,1.6057431511300955,0.6006428065588059,18357,1.636439063252009
0.175,320,sentinel,,0.08757143303759866,,,sequential_lora,36216,,1.628276366949254,blocked,76,160,1.7158477999868524,0.5829928637576947,18357,1.744214258766995
1.0,160,sentinel,,0.0,,,base,18108,,1.6431762010978155,blocked,77,160,1.6431762010978155,0.6003704308982949,18357,1.668941312959175
0.38125,1600,sentinel,,0.047807951338108515,2.2942583322525025,0.12011037301272154,log_t,181080,0.7625,1.5571712572437142,blocked,77,160,1.6049792085818226,0.6014054584082367,18357,1.6355775104873274
0.18125,320,sentinel,,0.09225564703140211,,,sequential_lora,36216,,1.627143135297299,blocked,77,160,1.7193987823287014,0.5823936373045705,18357,1.7455762564022246
1.0,160,sentinel,,0.0,,,base,18108,,1.6431762010978155,blocked,78,160,1.6431762010978155,0.6003704308982949,18357,1.668941312959175
0.3875,1760,sentinel,,0.04698366506526016,2.389772367477417,0.11909035798162222,log_t,199188,0.76875,1.5565213541394356,blocked,78,160,1.6035050192046956,0.6012965081440322,18357,1.6344829934831862
0.175,320,sentinel,,0.08462991880403795,,,sequential_lora,36216,,1.6259550175378046,blocked,78,160,1.7105849363418426,0.5840823663997385,18357,1.7380652287663956
1.0,160,sentinel,,0.0,,,base,18108,,1.6431762010978155,blocked,79,160,1.6431762010978155,0.6003704308982949,18357,1.668941312959175
0.4125,1280,sentinel,,0.04489068949737378,2.071394941210747,0.12561576068401337,log_t,144864,0.76875,1.5585884741250051,blocked,79,160,1.603479163622379,0.6039113144849376,18357,1.6352160201259978
0.15,320,sentinel,,0.0867324910572417,,,sequential_lora,36216,,1.626280005773674,blocked,79,160,1.7130124968309157,0.5826115378329793,18357,1.7411915661755253
1.0,160,sentinel,,0.0,,,base,18108,,1.6431762010978155,blocked,80,160,1.6431762010978155,0.6003704308982949,18357,1.668941312959175
0.40625,1440,sentinel,,0.04558316116373305,2.189439871907234,0.12471674643456936,log_t,162972,0.76875,1.5579286116923152,blocked,80,160,1.603511772856048,0.6036389388244267,18357,1.6352884969323225
0.16875,320,sentinel,,0.08754226193911492,,,sequential_lora,36216,,1.6259071967633347,blocked,80,160,1.7134494587024496,0.5813041346625265,18357,1.7408274242078816
1.0,176,sentinel,,0.0,,,base,19517,,1.6444596402858542,blocked,81,176,1.6444596402858542,0.601990803900763,19791,1.67200039513795
0.4034090909090909,1584,sentinel,,0.0450855875466779,2.1892193393273787,0.11793486909432845,log_t,175653,0.7784090909090909,1.5591495147598955,blocked,81,176,1.6042351023065733,0.6037087565054823,19791,1.6378180480378013
0.24431818181818182,352,sentinel,,0.06158442526907375,,,sequential_lora,39034,,1.6296054657124948,blocked,81,176,1.6911898909815684,0.5903188317922288,19791,1.7253608020799625
1.0,176,sentinel,,0.0,,,base,19517,,1.6444596402858542,blocked,82,176,1.6444596402858542,0.601990803900763,19791,1.67200039513795
0.375,1760,sentinel,,0.046537934350648964,2.2946446646343577,0.10723105648701842,log_t,195170,0.7670454545454546,1.556659044613477,blocked,82,176,1.603196978964126,0.6041129806477692,19791,1.6370672078306345
0.2215909090909091,352,sentinel,,0.0686533514210504,,,sequential_lora,39034,,1.628548908601862,blocked,82,176,1.6972022600229124,0.5854176140670001,19791,1.733311934840004
1.0,176,sentinel,,0.0,,,base,19517,,1.6444596402858542,blocked,83,176,1.6444596402858542,0.601990803900763,19791,1.67200039513795
0.3522727272727273,1584,sentinel,,0.048047738958777855,2.1891997971317987,0.10868924551389435,log_t,175653,0.7443181818181818,1.5568590814729495,blocked,83,176,1.6049068204317272,0.6040624526299834,19791,1.6373650352455282
0.20454545454545456,352,sentinel,,0.07136665372974593,,,sequential_lora,39034,,1.63153563766952,blocked,83,176,1.7029022913992657,0.5860744782982164,19791,1.7364975786288614
1.0,176,sentinel,,0.0,,,base,19517,,1.6444596402858542,blocked,84,176,1.6444596402858542,0.601990803900763,19791,1.67200039513795
0.3409090909090909,1760,sentinel,,0.048618939759637755,2.2948011322454973,0.10458253459496931,log_t,195170,0.7443181818181818,1.5552910411251055,blocked,84,176,1.6039099808847432,0.6041129806477692,19791,1.6369379233051458
0.22727272727272727,352,sentinel,,0.06886235717399977,,,sequential_lora,39034,,1.628469222483451,blocked,84,176,1.6973315796574509,0.5894598554898691,19791,1.731195459129245
1.0,176,sentinel,,0.0,,,base,19517,,1.6444596402858542,blocked,85,176,1.6444596402858542,0.601990803900763,19791,1.67200039513795
0.35795454545454547,1760,sentinel,,0.04866690225249524,2.2946447797796945,0.10553502697836269,log_t,195170,0.75,1.555392203096947,blocked,85,176,1.6040591053494422,0.603102420292052,19791,1.6375060398795125
0.22727272727272727,352,sentinel,,0.07320791753929783,,,sequential_lora,39034,,1.6295352200756745,blocked,85,176,1.7027431376149722,0.5853670860492143,19791,1.7352643813632027
1.0,176,sentinel,,0.0,,,base,19517,,1.6444596402858542,blocked,86,176,1.6444596402858542,0.601990803900763,19791,1.67200039513795
0.3465909090909091,1936,sentinel,,0.05011381590126873,2.390312984585762,0.10486933080987497,log_t,214687,0.7443181818181818,1.5538959213205736,blocked,86,176,1.604009737221842,0.6032034763276237,19791,1.637469488483834
0.19886363636363635,352,sentinel,,0.07262880792096042,,,sequential_lora,39034,,1.6299558763646305,blocked,86,176,1.7025846842855912,0.5884998231519377,19791,1.7350633606856014
1.0,176,sentinel,,0.0,,,base,19517,,1.6444596402858542,blocked,87,176,1.6444596402858542,0.601990803900763,19791,1.67200039513795
0.3806818181818182,1584,sentinel,,0.051863727868290715,2.1899269914085213,0.1225860860537399,log_t,175653,0.7727272727272727,1.5546189989715762,blocked,87,176,1.6064827268398667,0.6028497802031226,19791,1.6393185319621508
0.18181818181818182,352,sentinel,,0.0735648158628493,,,sequential_lora,39034,,1.6295546022757987,blocked,87,176,1.7031194181386482,0.5871860946895053,19791,1.734450298010758
1.0,176,sentinel,,0.0,,,base,19517,,1.6444596402858542,blocked,88,176,1.6444596402858542,0.601990803900763,19791,1.67200039513795
0.38636363636363635,1760,sentinel,,0.051112875017029415,2.295722197402607,0.12142226845026016,log_t,195170,0.7727272727272727,1.5540772528504214,blocked,88,176,1.6051901278674507,0.6035066444343389,19791,1.63838490316574
0.21022727272727273,352,sentinel,,0.07131706907029169,,,sequential_lora,39034,,1.6312019918659388,blocked,88,176,1.7025190609362304,0.5887019352230812,19791,1.7342026386065346
1.0,192,sentinel,,0.0,,,base,21316,,1.6606013937332555,blocked,89,192,1.6606013937332555,0.6000832870627429,21612,1.6886768820284472
0.3697916666666667,1920,sentinel,,0.05688859500238736,2.296141814440489,0.11642640611777703,log_t,213160,0.7395833333333334,1.5638486276813046,blocked,89,192,1.620737222683692,0.6018415694984268,21612,1.6541805669331626
0.19791666666666666,384,sentinel,,0.07777593042086973,,,sequential_lora,42632,,1.6429736012790581,blocked,89,192,1.720749531699928,0.5834721451045716,21612,1.75043893336985
1.0,192,sentinel,,0.0,,,base,21316,,1.6606013937332555,blocked,90,192,1.6606013937332555,0.6000832870627429,21612,1.6886768820284472
0.3541666666666667,2112,sentinel,,0.05939306423105286,2.391720478733381,0.11360825567195813,log_t,234476,0.7395833333333334,1.5613894107678954,blocked,90,192,1.6207824749989481,0.6021191930409032,21612,1.6541763476788853
0.17708333333333334,384,sentinel,,0.08019840187804654,,,sequential_lora,42632,,1.641175270004671,blocked,90,192,1.7213736718827175,0.5851841569498427,21612,1.7525351303011625
1.0,192,sentinel,,0.0,,,base,21316,,1.6606013937332555,blocked,91,192,1.6606013937332555,0.6000832870627429,21612,1.6886768820284472
0.3697916666666667,1920,sentinel,,0.05921629701302577,2.2960667113463082,0.11619021277874708,log_t,213160,0.7395833333333334,1.5628906421436695,blocked,91,192,1.6221069391566953,0.6014251341847122,21612,1.6551217193981242
0.18229166666666666,384,sentinel,,0.08651673335555599,,,sequential_lora,42632,,1.6414690102465033,blocked,91,192,1.7279857436020591,0.5818064038497132,21612,1.759469372154319
1.0,192,sentinel,,0.0,,,base,21316,,1.6606013937332555,blocked,92,192,1.6606013937332555,0.6000832870627429,21612,1.6886768820284472
0.3541666666666667,2112,sentinel,,0.060112545668759364,2.3917775551478067,0.11392010220636924,log_t,234476,0.734375,1.5616190406377795,blocked,92,192,1.621731586306539,0.6015176753655377,21612,1.6546095466913833
0.19791666666666666,384,sentinel,,0.08413300723901805,,,sequential_lora,42632,,1.6405083739499486,blocked,92,192,1.7246413811889667,0.5833796039237461,21612,1.7552741128119103
1.0,192,sentinel,,0.0,,,base,21316,,1.6606013937332555,blocked,93,192,1.6606013937332555,0.6000832870627429,21612,1.6886768820284472
0.359375,2112,sentinel,,0.06009291942917936,2.3917215491334596,0.11511988006532192,log_t,234476,0.734375,1.5619520604924535,blocked,93,192,1.6220449799216328,0.601286322413474,21612,1.6550273997197211
0.171875,384,sentinel,,0.08802888588545575,,,sequential_lora,42632,,1.641526836230822,blocked,93,192,1.7295557221162776,0.5830094392004442,21612,1.76030807576311
1.0,192,sentinel,,0.0,,,base,21316,,1.6606013937332555,blocked,94,192,1.6606013937332555,0.6000832870627429,21612,1.6886768820284472
0.359375,2304,sentinel,,0.05954960748681965,2.479069594293833,0.11470799427479506,log_t,255792,0.7395833333333334,1.5613206011011826,blocked,94,192,1.6208702085880022,0.6013788635942995,21612,1.6540301077325719
0.14583333333333334,384,sentinel,,0.09368776791307885,,,sequential_lora,42632,,1.6419991664956264,blocked,94,192,1.7356869344087054,0.580094392004442,21612,1.7669880293528946
1.0,192,sentinel,,0.0,,,base,21316,,1.6606013937332555,blocked,95,192,1.6606013937332555,0.6000832870627429,21612,1.6886768820284472
0.4322916666666667,1536,sentinel,,0.04722012007158428,2.073279082775116,0.12093887260804574,log_t,170528,0.765625,1.5614519809469238,blocked,95,192,1.6086721010185083,0.6023968165833796,21612,1.642714173975155
0.17708333333333334,384,sentinel,,0.0881663307940412,,,sequential_lora,42632,,1.638557562245459,blocked,95,192,1.7267238930395001,0.584952803997779,21612,1.757796685783461
1.0,192,sentinel,,0.0,,,base,21316,,1.6606013937332555,blocked,96,192,1.6606013937332555,0.6000832870627429,21612,1.6886768820284472
0.4322916666666667,1728,sentinel,,0.04779223994798736,2.1915324106812477,0.11971746819714706,log_t,191844,0.7708333333333334,1.5605510762164538,blocked,96,192,1.6083433161644412,0.6024893577642051,21612,1.6423796201533307
0.15625,384,sentinel,,0.08733242396445583,,,sequential_lora,42632,,1.6413899609633649,blocked,96,192,1.7287223849278206,0.5847214510457154,21612,1.7588241332860957
1.0,208,sentinel,,0.0,,,base,23321,,1.6800502586743211,blocked,97,208,1.6800502586743211,0.5995346869712352,23640,1.700973670494738
0.4230769230769231,1872,sentinel,,0.04941908762725263,2.1910563042530646,0.11308361503940362,log_t,209889,0.7451923076923077,1.5802696474773545,blocked,97,208,1.6296887351046072,0.6017766497461929,23640,1.6575156809714846
0.2403846153846154,416,sentinel,,0.06748532247054617,,,sequential_lora,46642,,1.6607524137702177,blocked,97,208,1.728237736240764,0.5887055837563452,23640,1.754433369515511
1.0,208,sentinel,,0.0,,,base,23321,,1.6800502586743211,blocked,98,208,1.6800502586743211,0.5995346869712352,23640,1.700973670494738
0.41346153846153844,2080,sentinel,,0.05006069245015986,2.296518395726497,0.10735913165486775,log_t,233210,0.75,1.579984855744854,blocked,98,208,1.6300455481950138,0.6012690355329949,23640,1.659287376129486
0.1971153846153846,416,sentinel,,0.07466445431062436,,,sequential_lora,46642,,1.6659406806425545,blocked,98,208,1.740605134953179,0.5827834179357022,23640,1.7668548278195402
1.0,208,sentinel,,0.0,,,base,23321,,1.6800502586743211,blocked,99,208,1.6800502586743211,0.5995346869712352,23640,1.700973670494738
0.40865384615384615,1872,sentinel,,0.052418394188888225,2.1908215502133737,0.10869764221402314,log_t,209889,0.75,1.5807633253588298,blocked,99,208,1.633181719547718,0.6011421319796955,23640,1.6605241958663346
0.1778846153846154,416,sentinel,,0.08090618102648345,,,sequential_lora,46642,,1.6672950779365519,blocked,99,208,1.748201258963035,0.5816835871404399,23640,1.7740058507612715
1.0,208,sentinel,,0.0,,,base,23321,,1.6800502586743211,blocked,100,208,1.6800502586743211,0.5995346869712352,23640,1.700973670494738
0.40865384615384615,2080,sentinel,,0.052630224048952415,2.2963277090054293,0.10730252959407292,log_t,233210,0.75,1.5804095530584825,blocked,100,208,1.633039777107435,0.601015228426396,23640,1.6604817717208475
0.20673076923076922,416,sentinel,,0.08805511554919856,,,sequential_lora,46642,,1.667656293410715,blocked,100,208,1.7557114089599137,0.5825296108291033,23640,1.7814307990614735
1.0,208,sentinel,,0.0,,,base,23321,,1.6800502586743211,blocked,101,208,1.6800502586743211,0.5995346869712352,23640,1.700973670494738
0.3942307692307692,2080,sentinel,,0.05433668833262368,2.2962686706047792,0.1066938524062817,log_t,233210,0.7451923076923077,1.5791289352962843,blocked,101,208,1.633465623628908,0.6008037225042301,23640,1.660487931876013
0.20192307692307693,416,sentinel,,0.08453654809534407,,,sequential_lora,46642,,1.6692176645277004,blocked,101,208,1.7537542126230445,0.585321489001692,23640,1.779633273892798
1.0,208,sentinel,,0.0,,,base,23321,,1.6800502586743211,blocked,102,208,1.6800502586743211,0.5995346869712352,23640,1.700973670494738
0.3798076923076923,2288,sentinel,,0.05530617668284808,2.391822038934781,0.10587137163831638,log_t,256531,0.7451923076923077,1.5781518492295217,blocked,102,208,1.6334580259123697,0.6006345177664975,23640,1.660482049109367
0.18269230769230768,416,sentinel,,0.08728712780075638,,,sequential_lora,46642,,1.6673068499137935,blocked,102,208,1.7545939777145496,0.5816835871404399,23640,1.7788734090308045
1.0,208,sentinel,,0.0,,,base,23321,,1.6800502586743211,blocked,103,208,1.6800502586743211,0.5995346869712352,23640,1.700973670494738
0.40384615384615385,1872,sentinel,,0.05325976008200505,2.1906919869092794,0.11120678599064167,log_t,209889,0.7451923076923077,1.5782540827656057,blocked,103,208,1.6315138428476106,0.6024111675126903,23640,1.6587997261441096
0.17307692307692307,416,sentinel,,0.07766087142538453,,,sequential_lora,46642,,1.667584781764734,blocked,103,208,1.7452456531901186,0.5854060913705583,23640,1.769334553623361
1.0,208,sentinel,,0.0,,,base,23321,,1.6800502586743211,blocked,104,208,1.6800502586743211,0.5995346869712352,23640,1.700973670494738
0.40384615384615385,2080,sentinel,,0.05303767895683212,2.2963340351214776,0.11034096376254009,log_t,233210,0.75,1.5778726140283115,blocked,104,208,1.6309102929851436,0.6027072758037225,23640,1.6583373503031464
0.22115384615384615,416,sentinel,,0.07990448939185751,,,sequential_lora,46642,,1.6673651438011983,blocked,104,208,1.7472696331930555,0.5829526226734348,23640,1.7727580680056474
1.0,224,sentinel,,0.0,,,base,24809,,1.6656287295976513,blocked,105,224,1.6656287295976513,0.6013916500994035,25150,1.6951572774655776
0.39732142857142855,2240,sentinel,,0.05340069107664193,2.294098285692079,0.13333125332636492,log_t,248090,0.7678571428571429,1.555141820281532,blocked,105,224,1.6085425113581737,0.6044532803180914,25150,1.6456108188060359
0.19642857142857142,448,sentinel,,0.07667442302051523,,,sequential_lora,49618,,1.6437572190050687,blocked,105,224,1.7204316420255839,0.5856461232604374,25150,1.7550994437731522
1.0,224,sentinel,,0.0,,,base,24809,,1.6656287295976513,blocked,106,224,1.6656287295976513,0.6013916500994035,25150,1.6951572774655776
0.38839285714285715,2464,sentinel,,0.05325157903148992,2.3887396369661604,0.10516719413655144,log_t,272899,0.7723214285714286,1.5539860957806353,blocked,106,224,1.6072376748121253,0.6044532803180914,25150,1.6444975506003288
0.18303571428571427,448,sentinel,,0.08826210000160506,,,sequential_lora,49618,,1.6448537161787846,blocked,106,224,1.7331158161803895,0.5843339960238568,25150,1.7660630308420473
1.0,224,sentinel,,0.0,,,base,24809,,1.6656287295976513,blocked,107,224,1.6656287295976513,0.6013916500994035,25150,1.6951572774655776
0.38839285714285715,2240,sentinel,,0.05181543494616244,2.29302297851869,0.10567279798643929,log_t,248090,0.7633928571428571,1.5544470070893885,blocked,107,224,1.606262442035551,0.6056063618290258,25150,1.6425210776812513
0.1875,448,sentinel,,0.08131461597096497,,,sequential_lora,49618,,1.644869993819883,blocked,107,224,1.7261846097908478,0.5840556660039762,25150,1.7588704087957
1.0,224,sentinel,,0.0,,,base,24809,,1.6656287295976513,blocked,108,224,1.6656287295976513,0.6013916500994035,25150,1.6951572774655776
0.3705357142857143,2464,sentinel,,0.053161728204798406,2.388343454471656,0.10520022814827305,log_t,272899,0.7633928571428571,1.5539937469159686,blocked,108,224,1.6071554751207668,0.6052087475149105,25150,1.643112490143975
0.17410714285714285,448,sentinel,,0.08627122633916749,,,sequential_lora,49618,,1.645215339880538,blocked,108,224,1.7314865662197054,0.5854870775347912,25150,1.7663036035875204
1.0,224,sentinel,,0.0,,,base,24809,,1.6656287295976513,blocked,109,224,1.6656287295976513,0.6013916500994035,25150,1.6951572774655776
0.375,2464,sentinel,,0.05083470386168321,2.3883856034704616,0.1061180021081652,log_t,272899,0.7723214285714286,1.5540175262416203,blocked,109,224,1.6048522301033032,0.6054870775347913,25150,1.641529069676788
0.13392857142857142,448,sentinel,,0.09450828543804815,,,sequential_lora,49618,,1.6460099137372346,blocked,109,224,1.7405181991752827,0.5822664015904573,25150,1.7757880104322794
1.0,224,sentinel,,0.0,,,base,24809,,1.6656287295976513,blocked,110,224,1.6656287295976513,0.6013916500994035,25150,1.6951572774655776
0.36607142857142855,2688,sentinel,,0.052943923581591106,2.475667253136635,0.10457401270312923,log_t,297708,0.7678571428571429,1.5531853539849065,blocked,110,224,1.6061292775664975,0.6048508946322068,25150,1.6431054160419563
0.12946428571428573,448,sentinel,,0.0924311921865266,,,sequential_lora,49618,,1.6459937863868948,blocked,110,224,1.7384249785734216,0.5829025844930418,25150,1.7730580693921796
1.0,224,sentinel,,0.0,,,base,24809,,1.6656287295976513,blocked,111,224,1.6656287295976513,0.6013916500994035,25150,1.6951572774655776
0.4330357142857143,2016,sentinel,,0.0446322816649712,2.1876528933644295,0.11233945137688092,log_t,223281,0.78125,1.5555297956431846,blocked,111,224,1.6001620773081557,0.6054075546719682,25150,1.6391423041493471
0.12053571428571429,448,sentinel,,0.09938952633224306,,,sequential_lora,49618,,1.646520436417939,blocked,111,224,1.7459099627501822,0.5823061630218688,25150,1.7801498365686617
1.0,224,sentinel,,0.0,,,base,24809,,1.6656287295976513,blocked,112,224,1.6656287295976513,0.6013916500994035,25150,1.6951572774655776
0.42857142857142855,2240,sentinel,,0.044953567265772924,2.293452216046197,0.11172163672745228,log_t,248090,0.78125,1.5552085100423827,blocked,112,224,1.6001620773081557,0.6054075546719682,25150,1.6391423041493471
0.10714285714285714,448,sentinel,,0.09120039757788553,,,sequential_lora,49618,,1.6459697797916994,blocked,112,224,1.7371701773695851,0.5805566600397615,25150,1.7722313826695588
1.0,240,sentinel,,0.0,,,base,26284,,1.6649588612335113,blocked,113,240,1.6649588612335113,0.6021089762833984,26648,1.6909470551008936
0.44583333333333336,2400,sentinel,,0.045209224337570394,2.292801779508591,0.11948905438184738,log_t,262840,0.7791666666666667,1.5468047161279936,blocked,113,240,1.5920139404655638,0.6052611828279796,26648,1.6314955020373163
0.175,480,sentinel,,0.09006818861585322,,,sequential_lora,52568,,1.6375053384710592,blocked,113,240,1.7275735270869126,0.5845091564094866,26648,1.7614572716704076
1.0,240,sentinel,,0.0,,,base,26284,,1.6649588612335113,blocked,114,240,1.6649588612335113,0.6021089762833984,26648,1.6909470551008936
0.43333333333333335,2640,sentinel,,0.04634299208380481,2.3879010677337646,0.10527555197477341,log_t,289124,0.7833333333333333,1.5460566360950487,blocked,114,240,1.5923996281788535,0.6055238667066947,26648,1.6319392500464818
0.12916666666666668,480,sentinel,,0.10218745980747454,,,sequential_lora,52568,,1.6399904570317099,blocked,114,240,1.7421779168391844,0.5848093665565897,26648,1.7720696911801808
1.0,240,sentinel,,0.0,,,base,26284,,1.6649588612335113,blocked,115,240,1.6649588612335113,0.6021089762833984,26648,1.6909470551008936
0.42083333333333334,2400,sentinel,,0.04695451034918482,2.2921328554550806,0.10554884697000186,log_t,262840,0.7875,1.5456324955568694,blocked,115,240,1.5925870059060543,0.6051861302912038,26648,1.6324950967311715
0.1625,480,sentinel,,0.09975183000082413,,,sequential_lora,52568,,1.6390182636631656,blocked,115,240,1.7387700936639898,0.5848468928249775,26648,1.7702604520789713
1.0,240,sentinel,,0.0,,,base,26284,,1.6649588612335113,blocked,116,240,1.6649588612335113,0.6021089762833984,26648,1.6909470551008936
0.42916666666666664,2640,sentinel,,0.04600551827525743,2.3876782963673273,0.1045933614174525,log_t,289124,0.7916666666666666,1.545284621993594,blocked,116,240,1.5912901402688513,0.6055989192434704,26648,1.6317091980913816
0.12916666666666668,480,sentinel,,0.10802847042167962,,,sequential_lora,52568,,1.641233125692033,blocked,116,240,1.7492615961137126,0.5832707895526869,26648,1.7781516864327689
1.0,240,sentinel,,0.0,,,base,26284,,1.6649588612335113,blocked,117,240,1.6649588612335113,0.6021089762833984,26648,1.6909470551008936
0.4125,2640,sentinel,,0.0473929080483524,2.387266621987025,0.10365535790721575,log_t,289124,0.7833333333333333,1.5450929214456102,blocked,117,240,1.5924858294939626,0.6055238667066947,26648,1.6325405180830026
0.14583333333333334,480,sentinel,,0.10031302391984663,,,sequential_lora,52568,,1.6400677385063227,blocked,117,240,1.7403807624261696,0.5851095767036926,26648,1.771048194543981
1.0,240,sentinel,,0.0,,,base,26284,,1.6649588612335113,blocked,118,240,1.6649588612335113,0.6021089762833984,26648,1.6909470551008936
0.4083333333333333,2880,sentinel,,0.047578584011663955,2.4746592015028,0.10315636893113454,log_t,315408,0.7875,1.544716001992715,blocked,118,240,1.5922945860043791,0.6054488141699189,26648,1.6324423414492026
0.125,480,sentinel,,0.09694535687832802,,,sequential_lora,52568,,1.6397716619047595,blocked,118,240,1.7367170187830878,0.5848093665565897,26648,1.7662080084372125
1.0,240,sentinel,,0.0,,,base,26284,,1.6649588612335113,blocked,119,240,1.6649588612335113,0.6021089762833984,26648,1.6909470551008936
0.44166666666666665,2400,sentinel,,0.04916883598356839,2.2922096649805703,0.13081104755401612,log_t,262840,0.7791666666666667,1.5434332397720134,blocked,119,240,1.5926020757555819,0.60631191834284,26648,1.6324631306045014
0.1125,480,sentinel,,0.10030224564614867,,,sequential_lora,52568,,1.6417684944399744,blocked,119,240,1.742070740086123,0.5871359951966376,26648,1.7714927909754303
1.0,240,sentinel,,0.0,,,base,26284,,1.6649588612335113,blocked,120,240,1.6649588612335113,0.6021089762833984,26648,1.6909470551008936
0.43333333333333335,2640,sentinel,,0.05021603785469667,2.387825525800387,0.13040019795298577,log_t,289124,0.7791666666666667,1.5428539250785875,blocked,120,240,1.5930699629332843,0.6062368658060643,26648,1.6328511051285628
0.14583333333333334,480,sentinel,,0.10137648176450843,,,sequential_lora,52568,,1.6401142385618412,blocked,120,240,1.7414907203263497,0.5845466826778745,26648,1.774249538828467
1.0,256,sentinel,,0.0,,,base,27769,,1.6381402414645816,blocked,121,256,1.6381402414645816,0.6055967896587237,28159,1.6711597398599232
0.421875,2816,sentinel,,0.04866868324386829,2.3877837704494596,0.12857021973468363,log_t,305459,0.7734375,1.5204155940925261,blocked,121,256,1.5690842773363944,0.6088994637593664,28159,1.614809523607893
0.265625,512,sentinel,,0.060414946545945196,,,sequential_lora,55538,,1.610848648550463,blocked,121,256,1.6712635950964083,0.5915337902624382,28159,1.714749497113197
1.0,256,sentinel,,0.0,,,base,27769,,1.6381402414645816,blocked,122,256,1.6381402414645816,0.6055967896587237,28159,1.6711597398599232
0.40625,3072,sentinel,,0.05029254738928943,2.474963065236807,0.12120759510435164,log_t,333228,0.78125,1.5196094675373726,blocked,122,256,1.569902014926662,0.6092190773820093,28159,1.6153613651733116
0.26171875,512,sentinel,,0.06618395313536703,,,sequential_lora,55538,,1.6149699070527446,blocked,122,256,1.6811538601881115,0.5906459746439859,28159,1.7230159757218495
1.0,256,sentinel,,0.0,,,base,27769,,1.6381402414645816,blocked,123,256,1.6381402414645816,0.6055967896587237,28159,1.6711597398599232
0.41796875,2816,sentinel,,0.05006391496034343,2.3880260325968266,0.1247115524020046,log_t,305459,0.78515625,1.5205935871208762,blocked,123,256,1.5706575020812197,0.608721900635676,28159,1.6157551124703076
0.2578125,512,sentinel,,0.07186722355969846,,,sequential_lora,55538,,1.6140668422808753,blocked,123,256,1.6859340658405737,0.5917468660108669,28159,1.7280564996861671
1.0,256,sentinel,,0.0,,,base,27769,,1.6381402414645816,blocked,124,256,1.6381402414645816,0.6055967896587237,28159,1.6711597398599232
0.3984375,3072,sentinel,,0.05180976503195332,2.475508132018149,0.1232437735889107,log_t,333228,0.77734375,1.519658935681142,blocked,124,256,1.5714687007130954,0.6085798501367236,28159,1.6164569896732002
0.22265625,512,sentinel,,0.0700615669475023,,,sequential_lora,55538,,1.6169067427173052,blocked,124,256,1.6869683096648074,0.5900067473987003,28159,1.728642595293102
1.0,256,sentinel,,0.0,,,base,27769,,1.6381402414645816,blocked,125,256,1.6381402414645816,0.6055967896587237,28159,1.6711597398599232
0.38671875,3072,sentinel,,0.05196575574669646,2.475178842432797,0.12453381554223597,log_t,333228,0.77734375,1.519770272191462,blocked,125,256,1.5717360279381587,0.6080116481409141,28159,1.6167042764514477
0.234375,512,sentinel,,0.07446557918282956,,,sequential_lora,55538,,1.6203749824789693,blocked,125,256,1.6948405616617988,0.5897936716502716,28159,1.735865565117476
1.0,256,sentinel,,0.0,,,base,27769,,1.6381402414645816,blocked,126,256,1.6381402414645816,0.6055967896587237,28159,1.6711597398599232
0.3828125,3328,sentinel,,0.05285706203586485,2.555622990243137,0.12301314412616193,log_t,360997,0.7734375,1.5191321238340347,blocked,126,256,1.5719891858698996,0.6081536986398665,28159,1.616914098754458
0.234375,512,sentinel,,0.07504426409107183,,,sequential_lora,55538,,1.618210819862837,blocked,126,256,1.693255083953909,0.5909300756418907,28159,1.7348902430815971
1.0,256,sentinel,,0.0,,,base,27769,,1.6381402414645816,blocked,127,256,1.6381402414645816,0.6055967896587237,28159,1.6711597398599232
0.4296875,2048,sentinel,,0.04895681180557475,2.0693076187744737,0.14260603417642415,log_t,222152,0.765625,1.525462003918979,blocked,127,256,1.5744188157245538,0.6094321531304379,28159,1.618808104108903
0.24609375,512,sentinel,,0.07270167612567394,,,sequential_lora,55538,,1.6192839793816511,blocked,127,256,1.6919856555073252,0.5896516211513193,28159,1.7329610201558834
1.0,256,sentinel,,0.0,,,base,27769,,1.6381402414645816,blocked,128,256,1.6381402414645816,0.6055967896587237,28159,1.6711597398599232
0.421875,2304,sentinel,,0.05011680158509224,2.187756177969277,0.14168973127380013,log_t,249921,0.76171875,1.5247326799553729,blocked,128,256,1.5748494815404652,0.6093611278809616,28159,1.6192148378903843
0.24609375,512,sentinel,,0.07190637886973038,,,sequential_lora,55538,,1.6226136561257676,blocked,128,256,1.6945200349954979,0.5891899570297241,28159,1.7351845037810585
1.0,272,sentinel,,0.0,,,base,29764,,1.6428044750747057,blocked,129,272,1.6428044750747057,0.6038373595784869,30177,1.6706597301355353
0.39338235294117646,2448,sentinel,,0.05262702489741428,2.1879697731312584,0.13522590959773345,log_t,267876,0.75,1.5333293059818782,blocked,129,272,1.5859563308792928,0.6067866255757697,30177,1.625180425339587
0.25,544,sentinel,,0.06572262592330018,,,sequential_lora,59528,,1.6264026925226411,blocked,129,272,1.6921253184459413,0.5893229943334327,30177,1.7237843707434466
1.0,272,sentinel,,0.0,,,base,29764,,1.6428044750747057,blocked,130,272,1.6428044750747057,0.6038373595784869,30177,1.6706597301355353
0.3897058823529412,2720,sentinel,,0.052298178668330086,2.293722186894978,0.13278103466419613,log_t,297640,0.7536764705882353,1.5327164863764338,blocked,130,272,1.5850146650447638,0.6071511415979057,30177,1.6242596245184924
0.20588235294117646,544,sentinel,,0.0689232691567023,,,sequential_lora,59528,,1.6279932332363902,blocked,130,272,1.6969165023930926,0.5887927892103257,30177,1.7289060167974446
1.0,272,sentinel,,0.0,,,base,29764,,1.6428044750747057,blocked,131,272,1.6428044750747057,0.6038373595784869,30177,1.6706597301355353
0.4411764705882353,2448,sentinel,,0.04925514886961907,2.1878990193500236,0.13594317195170066,log_t,267876,0.7610294117647058,1.5346135661919742,blocked,131,272,1.5838687150615933,0.6062895582728568,30177,1.6229361062827765
0.17279411764705882,544,sentinel,,0.07420649188554818,,,sequential_lora,59528,,1.6298010078510554,blocked,131,272,1.7040074997366033,0.5872684494813931,30177,1.7354840461510244
1.0,272,sentinel,,0.0,,,base,29764,,1.6428044750747057,blocked,132,272,1.6428044750747057,0.6038373595784869,30177,1.6706597301355353
0.44485294117647056,2720,sentinel,,0.0490542043887724,2.2937887845670475,0.13517212013111396,log_t,297640,0.7610294117647058,1.533595727743025,blocked,132,272,1.5826499321317975,0.6061901448122743,30177,1.621788442531866
0.17647058823529413,544,sentinel,,0.07713092644312575,,,sequential_lora,59528,,1.6325004101670817,blocked,132,272,1.7096313366102074,0.5875666898631408,30177,1.7397789078954635
1.0,272,sentinel,,0.0,,,base,29764,,1.6428044750747057,blocked,133,272,1.6428044750747057,0.6038373595784869,30177,1.6706597301355353
0.4338235294117647,2720,sentinel,,0.04979659316317419,2.293802832855898,0.13534390400437749,log_t,297640,0.7647058823529411,1.5339901708502135,blocked,133,272,1.5837867640133876,0.6063558339132452,30177,1.6229930710128095
0.20588235294117646,544,sentinel,,0.07396340722936534,,,sequential_lora,59528,,1.6311269670346011,blocked,133,272,1.7050903742639663,0.5896543725353747,30177,1.7350207121893588
1.0,272,sentinel,,0.0,,,base,29764,,1.6428044750747057,blocked,134,272,1.6428044750747057,0.6038373595784869,30177,1.6706597301355353
0.4227941176470588,2992,sentinel,,0.05040907459444416,2.389530106502421,0.13453412581892574,log_t,327404,0.7647058823529411,1.5331610835637128,blocked,134,272,1.583570158158157,0.6064221095536335,30177,1.6228138799794085
0.15808823529411764,544,sentinel,,0.08254903004972027,,,sequential_lora,59528,,1.633007718787793,blocked,134,272,1.715556748837513,0.5862411770553733,30177,1.7446688123546823
1.0,272,sentinel,,0.0,,,base,29764,,1.6428044750747057,blocked,135,272,1.6428044750747057,0.6038373595784869,30177,1.6706597301355353
0.40441176470588236,2448,sentinel,,0.05143602004437639,2.187777239610167,0.14354474711067536,log_t,267876,0.75,1.5322180187668046,blocked,135,272,1.583654038811181,0.607217417238294,30177,1.6225625565690645
0.17279411764705882,544,sentinel,,0.07639805953071709,,,sequential_lora,59528,,1.6318370266371969,blocked,135,272,1.7082350861679139,0.5896212347151805,30177,1.7379481078940262
1.0,272,sentinel,,0.0,,,base,29764,,1.6428044750747057,blocked,136,272,1.6428044750747057,0.6038373595784869,30177,1.6706597301355353
0.39338235294117646,2720,sentinel,,0.052984608032768804,2.293688130729339,0.14336255828247352,log_t,297640,0.75,1.531605440955535,blocked,136,272,1.5845900489883038,0.6068860390363522,30177,1.623227317847476
0.18382352941176472,544,sentinel,,0.0708712083454755,,,sequential_lora,59528,,1.6301531495194945,blocked,136,272,1.7010243578649702,0.5893892699738211,30177,1.7322728247458747
1.0,288,sentinel,,0.0,,,base,31764,,1.638650397431486,blocked,137,288,1.638650397431486,0.6049386550706631,32195,1.6658984784254989
0.4027777777777778,2880,sentinel,,0.04938546123569175,2.2936528200904527,0.13873137657841048,log_t,317640,0.7465277777777778,1.530334219976921,blocked,137,288,1.5797196812126126,0.6082000310607237,32195,1.6183933379209863
0.2013888888888889,576,sentinel,,0.07172597849320453,,,sequential_lora,63528,,1.626479396628609,blocked,137,288,1.6982053751218134,0.5920173940052803,32195,1.7270926250251004
1.0,288,sentinel,,0.0,,,base,31764,,1.638650397431486,blocked,138,288,1.638650397431486,0.6049386550706631,32195,1.6658984784254989
0.3923611111111111,3168,sentinel,,0.0498370963952452,2.389241290589174,0.1332010899980863,log_t,349404,0.75,1.5301124576095784,blocked,138,288,1.5799495540048236,0.6077341202050007,32195,1.6187359508177308
0.2013888888888889,576,sentinel,,0.0766576028319352,,,sequential_lora,63528,,1.6278504753073253,blocked,138,288,1.7045080781392603,0.5898742040689549,32195,1.7346711535097594
1.0,288,sentinel,,0.0,,,base,31764,,1.638650397431486,blocked,139,288,1.638650397431486,0.6049386550706631,32195,1.6658984784254989
0.3784722222222222,2880,sentinel,,0.051650192505215145,2.2935241394572787,0.13383071103857624,log_t,317640,0.7638888888888888,1.529822674640477,blocked,139,288,1.5814728671456924,0.6080136667184345,32195,1.620032578681748
0.1701388888888889,576,sentinel,,0.08394615479346021,,,sequential_lora,63528,,1.628562686392358,blocked,139,288,1.7125088411858183,0.5891598074235129,32195,1.7416406483656872
1.0,288,sentinel,,0.0,,,base,31764,,1.638650397431486,blocked,140,288,1.638650397431486,0.6049386550706631,32195,1.6658984784254989
0.3715277777777778,3168,sentinel,,0.052509242410367175,2.3891921208964453,0.13221869265867603,log_t,349404,0.7604166666666666,1.529261939591815,blocked,140,288,1.5817711820021823,0.6079515452710048,32195,1.6202021965089655
0.15625,576,sentinel,,0.08269620242206632,,,sequential_lora,63528,,1.6281596745711715,blocked,140,288,1.7108558769932378,0.5898120826215251,32195,1.740526887959141
1.0,288,sentinel,,0.0,,,base,31764,,1.638650397431486,blocked,141,288,1.638650397431486,0.6049386550706631,32195,1.6658984784254989
0.3888888888888889,3168,sentinel,,0.05289256248246149,2.3890117837323084,0.1315017081797123,log_t,349404,0.7604166666666666,1.5291279228973342,blocked,141,288,1.582020485379796,0.6074856344152819,32195,1.6211913786128471
0.14930555555555555,576,sentinel,,0.09067143981924107,,,sequential_lora,63528,,1.6281638393742746,blocked,141,288,1.7188352791935155,0.5893151110420872,32195,1.7484372576046923
1.0,288,sentinel,,0.0,,,base,31764,,1.638650397431486,blocked,142,288,1.638650397431486,0.6049386550706631,32195,1.6658984784254989
0.3854166666666667,3456,sentinel,,0.053245265693771096,2.4764783821172185,0.1309815560364061,log_t,381168,0.7604166666666666,1.5288109862555797,blocked,142,288,1.5820562519493508,0.6075788165864264,32195,1.6212326960675483
0.1736111111111111,576,sentinel,,0.0886378916705122,,,sequential_lora,63528,,1.6263859174323985,blocked,142,288,1.7150238091029109,0.586209038670601,32195,1.74650619380647
1.0,288,sentinel,,0.0,,,base,31764,,1.638650397431486,blocked,143,288,1.638650397431486,0.6049386550706631,32195,1.6658984784254989
0.40625,2592,sentinel,,0.04732871502340457,2.1882348408301673,0.13793977453476852,log_t,285876,0.7534722222222222,1.5299805878712285,blocked,143,288,1.577309302894633,0.6078273023761454,32195,1.616693037003163
0.1701388888888889,576,sentinel,,0.08552912960689547,,,sequential_lora,63528,,1.626724135539376,blocked,143,288,1.7122532651462714,0.5865817673551794,32195,1.7436788420922305
1.0,288,sentinel,,0.0,,,base,31764,,1.638650397431486,blocked,144,288,1.638650397431486,0.6049386550706631,32195,1.6658984784254989
0.4027777777777778,2880,sentinel,,0.04790222160136049,2.2940152519279056,0.1379111318124665,log_t,317640,0.7569444444444444,1.5297772164124877,blocked,144,288,1.5776794380138481,0.6074235129678521,32195,1.6172733353391013
0.1388888888888889,576,sentinel,,0.08849057962820552,,,sequential_lora,63528,,1.626775434581803,blocked,144,288,1.7152660142100087,0.5857431278148781,32195,1.7471085009135747
1.0,304,sentinel,,0.0,,,base,33270,,1.6358848289700507,blocked,145,304,1.6358848289700507,0.6061082283172721,33725,1.6640558727482144
0.40131578947368424,3040,sentinel,,0.049592578790892565,2.2942804553006826,0.13307602448683037,log_t,332700,0.7302631578947368,1.5279798393411739,blocked,145,304,1.5775724181320665,0.6082134914751668,33725,1.615898206384205
0.23026315789473684,608,sentinel,,0.06681079154034152,,,sequential_lora,66540,,1.621025088091107,blocked,145,304,1.6878358796314485,0.5929132690882135,33725,1.72121232364335
1.0,304,sentinel,,0.0,,,base,33270,,1.6358848289700507,blocked,146,304,1.6358848289700507,0.6061082283172721,33725,1.6640558727482144
0.39473684210526316,3344,sentinel,,0.05024910363549644,2.3900363257056787,0.12938662383117175,log_t,365970,0.7335526315789473,1.5272320973520812,blocked,146,304,1.5774812009875776,0.6081541882876205,33725,1.6158603427567422
0.22697368421052633,608,sentinel,,0.06995313057000607,,,sequential_lora,66540,,1.620853729323141,blocked,146,304,1.690806859893147,0.5899777613046702,33725,1.7265396744096784
1.0,304,sentinel,,0.0,,,base,33270,,1.6358848289700507,blocked,147,304,1.6358848289700507,0.6061082283172721,33725,1.6640558727482144
0.3980263157894737,3040,sentinel,,0.04978057629238539,2.2944280599292957,0.12901115731189125,log_t,332700,0.7269736842105263,1.5275553341946868,blocked,147,304,1.5773359104870726,0.609340252038547,33725,1.6159668883259337
0.20723684210526316,608,sentinel,,0.07538204596940688,,,sequential_lora,66540,,1.6215734435366558,blocked,147,304,1.6969554895060626,0.5881097108969607,33725,1.7316504731683753
1.0,304,sentinel,,0.0,,,base,33270,,1.6358848289700507,blocked,148,304,1.6358848289700507,0.6061082283172721,33725,1.6640558727482144
0.3848684210526316,3344,sentinel,,0.05056055815616737,2.3901478107038296,0.12878134023202092,log_t,365970,0.7302631578947368,1.5269465754259723,blocked,148,304,1.5775071335821396,0.6088361749444032,33725,1.6161291323775624
0.19736842105263158,608,sentinel,,0.0753116212395261,,,sequential_lora,66540,,1.6237717409248102,blocked,148,304,1.6990833621643364,0.5908080059303188,33725,1.7329624580683047
1.0,304,sentinel,,0.0,,,base,33270,,1.6358848289700507,blocked,149,304,1.6358848289700507,0.6061082283172721,33725,1.6640558727482144
0.39144736842105265,3344,sentinel,,0.04982601202156354,2.3901890453539396,0.12857650396855255,log_t,365970,0.7401315789473685,1.5264301068809094,blocked,149,304,1.5762561189024729,0.6092809488510007,33725,1.6151577627296532
0.20065789473684212,608,sentinel,,0.07883311097816081,,,sequential_lora,66540,,1.6240665365414357,blocked,149,304,1.7028996475195965,0.5888510007412898,33725,1.740150543082812
1.0,304,sentinel,,0.0,,,base,33270,,1.6358848289700507,blocked,150,304,1.6358848289700507,0.6061082283172721,33725,1.6640558727482144
0.3881578947368421,3648,sentinel,,0.050063635161182174,2.477598439705999,0.1274527476022118,log_t,399240,0.7368421052631579,1.526088236160181,blocked,150,304,1.5761518713213634,0.6091919940696813,33725,1.6150333012325664
0.21052631578947367,608,sentinel,,0.07435931950080568,,,sequential_lora,66540,,1.6222421417767903,blocked,150,304,1.6966014612775957,0.5900963676797628,33725,1.7330418674816812
1.0,304,sentinel,,0.0,,,base,33270,,1.6358848289700507,blocked,151,304,1.6358848289700507,0.6061082283172721,33725,1.6640558727482144
0.39473684210526316,3040,sentinel,,0.04980063326820114,2.294559270143509,0.13593195555241486,log_t,332700,0.743421052631579,1.5264521927298225,blocked,151,304,1.5762528259980237,0.6085989621942179,33725,1.6159130810736904
0.19736842105263158,608,sentinel,,0.08409737811184022,,,sequential_lora,66540,,1.6243643444226692,blocked,151,304,1.7084617225345096,0.5880207561156412,33725,1.7450180441967376
1.0,304,sentinel,,0.0,,,base,33270,,1.6358848289700507,blocked,152,304,1.6358848289700507,0.6061082283172721,33725,1.6640558727482144
0.39473684210526316,3344,sentinel,,0.05067012610766475,2.39030574183715,0.13460853440981163,log_t,365970,0.743421052631579,1.526051423907278,blocked,152,304,1.5767215500149427,0.6084803558191253,33725,1.6162406855781843
0.19736842105263158,608,sentinel,,0.07807562554609386,,,sequential_lora,66540,,1.6241492429223292,blocked,152,304,1.702224868468423,0.5863009636767976,33725,1.738136396952432
1.0,320,sentinel,,0.0,,,base,35174,,1.6366457827197205,blocked,153,320,1.6366457827197205,0.6054749950915771,35653,1.663613910959656
0.3625,3520,sentinel,,0.05239205151877402,2.390283574163914,0.1291129406541586,log_t,386914,0.71875,1.5281846077537622,blocked,153,320,1.5805766592725363,0.6079151824530895,35653,1.618630338423323
0.228125,640,sentinel,,0.0702000337468962,,,sequential_lora,70348,,1.624718214802622,blocked,153,320,1.6949182485495182,0.5914509297955292,35653,1.7262201056929654
1.0,320,sentinel,,0.0,,,base,35174,,1.6366457827197205,blocked,154,320,1.6366457827197205,0.6054749950915771,35653,1.663613910959656
0.359375,3840,sentinel,,0.054840889012828506,2.477430374920368,0.12813587989658118,log_t,422088,0.7125,1.527144628755682,blocked,154,320,1.5819855177685105,0.6074383642330239,35653,1.6197889900453608
0.20625,640,sentinel,,0.07298535013170905,,,sequential_lora,70348,,1.6241477518703782,blocked,154,320,1.697133102002087,0.5914228816649371,35653,1.7262247457539848
1.0,320,sentinel,,0.0,,,base,35174,,1.6366457827197205,blocked,155,320,1.6366457827197205,0.6054749950915771,35653,1.663613910959656
0.375,3520,sentinel,,0.054516239034898425,2.390037003159523,0.12894458826631308,log_t,386914,0.7125,1.5271765902191343,blocked,155,320,1.5816928292540329,0.6068213053599978,35653,1.618819235859287
0.24375,640,sentinel,,0.06731000404825827,,,sequential_lora,70348,,1.623594903006507,blocked,155,320,1.6909049070547653,0.5907777746613189,35653,1.721547854590997
1.0,320,sentinel,,0.0,,,base,35174,,1.6366457827197205,blocked,156,320,1.6366457827197205,0.6054749950915771,35653,1.663613910959656
0.365625,3840,sentinel,,0.055232857821381286,2.4772335313260556,0.1273290913552046,log_t,422088,0.7125,1.526372331669485,blocked,156,320,1.5816051894908665,0.6067371609682215,35653,1.6186857018748817
0.196875,640,sentinel,,0.07915462906758775,,,sequential_lora,70348,,1.6250157364649087,blocked,156,320,1.7041703655324967,0.5904972933553979,35653,1.732521996021177
1.0,320,sentinel,,0.0,,,base,35174,,1.6366457827197205,blocked,157,320,1.6366457827197205,0.6054749950915771,35653,1.663613910959656
0.371875,3840,sentinel,,0.05364836514437231,2.477254559844732,0.12899386044591665,log_t,422088,0.715625,1.526439770672903,blocked,157,320,1.5800881358172754,0.6070456904047346,35653,1.6173350192505933
0.203125,640,sentinel,,0.0830083756193348,,,sequential_lora,70348,,1.6245055794166263,blocked,157,320,1.7075139550359608,0.5880010097327013,35653,1.7367990431008398
1.0,320,sentinel,,0.0,,,base,35174,,1.6366457827197205,blocked,158,320,1.6366457827197205,0.6054749950915771,35653,1.663613910959656
0.365625,4160,sentinel,,0.05422887987573638,2.5575545988976955,0.12840822711586952,log_t,457262,0.715625,1.526029902443426,blocked,158,320,1.5802587823191625,0.6069334978823662,35653,1.6176841845804086
0.2375,640,sentinel,,0.07716951029409187,,,sequential_lora,70348,,1.621942025657176,blocked,158,320,1.699111535951268,0.590216812049477,35653,1.730257723601146
1.0,320,sentinel,,0.0,,,base,35174,,1.6366457827197205,blocked,159,320,1.6366457827197205,0.6054749950915771,35653,1.663613910959656
0.403125,2880,sentinel,,0.04980516820795318,2.189008178561926,0.13093184661120177,log_t,316566,0.734375,1.5282911134066477,blocked,159,320,1.578096281614601,0.6094578296356548,35653,1.6147177184149348
0.209375,640,sentinel,,0.08061326291080573,,,sequential_lora,70348,,1.6238175698879904,blocked,159,320,1.704430832798796,0.5881692985162539,35653,1.7324708949428547
1.0,320,sentinel,,0.0,,,base,35174,,1.6366457827197205,blocked,160,320,1.6366457827197205,0.6054749950915771,35653,1.663613910959656
0.390625,3200,sentinel,,0.04950442565475173,2.294744057953358,0.1300079280510545,log_t,351740,0.73125,1.5277302132117967,blocked,160,320,1.5772346388665484,0.6093175889826943,35653,1.61404498869335
0.20625,640,sentinel,,0.08108038583425699,,,sequential_lora,70348,,1.6240955907728867,blocked,160,320,1.7051759766071437,0.5914228816649371,35653,1.7341733857685462
1.0,336,sentinel,,0.0,,,base,36634,,1.6468800652267745,blocked,161,336,1.6468800652267745,0.6045778914770432,37135,1.6704188940613975
0.3958333333333333,3360,sentinel,,0.05578088732787992,2.294229573437146,0.13501611139093125,log_t,366340,0.7232142857142857,1.5301237188493155,blocked,161,336,1.5859046061771955,0.6084825636192271,37135,1.6196040310416036
0.2113095238095238,672,sentinel,,0.06742895765930663,,,sequential_lora,73268,,1.624223629173671,blocked,161,336,1.6916525868329775,0.593267806651407,37135,1.7225774511123098
1.0,336,sentinel,,0.0,,,base,36634,,1.6468800652267745,blocked,162,336,1.6468800652267745,0.6045778914770432,37135,1.6704188940613975
0.37797619047619047,3696,sentinel,,0.057332447865528095,2.389565788564228,0.12190369516611099,log_t,402974,0.7232142857142857,1.5290649228144728,blocked,162,336,1.5863973706800012,0.6085902787128046,37135,1.6200873831295302
0.1636904761904762,672,sentinel,,0.07875964624034941,,,sequential_lora,73268,,1.6264625519012368,blocked,162,336,1.7052221981415865,0.5919752255284771,37135,1.7348040761995143
1.0,336,sentinel,,0.0,,,base,36634,,1.6468800652267745,blocked,163,336,1.6468800652267745,0.6045778914770432,37135,1.6704188940613975
0.3898809523809524,3360,sentinel,,0.05885455249318028,2.2939529787926447,0.12125594736564727,log_t,366340,0.7261904761904762,1.5289017188214251,blocked,163,336,1.5877562713146054,0.6086441362595933,37135,1.620867091174143
0.17559523809523808,672,sentinel,,0.07619872085334004,,,sequential_lora,73268,,1.6283345166865806,blocked,163,336,1.7045332375399205,0.5917328665679278,37135,1.7351506461907127
1.0,336,sentinel,,0.0,,,base,36634,,1.6468800652267745,blocked,164,336,1.6468800652267745,0.6045778914770432,37135,1.6704188940613975
0.38392857142857145,3696,sentinel,,0.058762122270147786,2.3895676724967503,0.11896506430847305,log_t,402974,0.7291666666666666,1.5277520520684118,blocked,164,336,1.5865141743385596,0.6086710650329877,37135,1.6203459763055024
0.16964285714285715,672,sentinel,,0.07308110433450528,,,sequential_lora,73268,,1.627141374817421,blocked,164,336,1.7002224791519265,0.5919482967550828,37135,1.732048118966769
1.0,336,sentinel,,0.0,,,base,36634,,1.6468800652267745,blocked,165,336,1.6468800652267745,0.6045778914770432,37135,1.6704188940613975
0.38392857142857145,3696,sentinel,,0.05991959573634096,2.3893202458109175,0.12236661020488966,log_t,402974,0.7291666666666666,1.52758007234674,blocked,165,336,1.5874996680830809,0.6089134239935371,37135,1.620424236615028
0.16964285714285715,672,sentinel,,0.07655976656625911,,,sequential_lora,73268,,1.6260132548948374,blocked,165,336,1.7025730214610963,0.5918136528881109,37135,1.7341267543187673
1.0,336,sentinel,,0.0,,,base,36634,,1.6468800652267745,blocked,166,336,1.6468800652267745,0.6045778914770432,37135,1.6704188940613975
0.375,4032,sentinel,,0.060540059120391496,2.476673901081085,0.12051258253909293,log_t,439608,0.7291666666666666,1.5273521968566488,blocked,166,336,1.5878922559770405,0.6086441362595933,37135,1.620861347196432
0.16964285714285715,672,sentinel,,0.07480574750914076,,,sequential_lora,73268,,1.6282914657535184,blocked,166,336,1.7030972132626592,0.5908711458193079,37135,1.7342920232303887
1.0,336,sentinel,,0.0,,,base,36634,,1.6468800652267745,blocked,167,336,1.6468800652267745,0.6045778914770432,37135,1.6704188940613975
0.38392857142857145,3360,sentinel,,0.053784392005475266,2.293834360582488,0.12529297084325836,log_t,366340,0.7380952380952381,1.5279523944909805,blocked,167,336,1.5817367864964555,0.608617207486199,37135,1.616210047476735
0.14583333333333334,672,sentinel,,0.07817988102205423,,,sequential_lora,73268,,1.6270207019474725,blocked,167,336,1.7052005829695267,0.5889592029083075,37135,1.7371449059362734
1.0,336,sentinel,,0.0,,,base,36634,,1.6468800652267745,blocked,168,336,1.6468800652267745,0.6045778914770432,37135,1.6704188940613975
0.37797619047619047,3696,sentinel,,0.05412454396159708,2.3895777811606727,0.12491960096217337,log_t,402974,0.7380952380952381,1.5277528521137775,blocked,168,336,1.5818773960753743,0.6087787801265653,37135,1.616457258555519
0.15476190476190477,672,sentinel,,0.08075160436345086,,,sequential_lora,73268,,1.6272452286916095,blocked,168,336,1.7079968330550601,0.5892284906422512,37135,1.739543263891656
1.0,352,sentinel,,0.0,,,base,38145,,1.6536579616790874,blocked,169,352,1.6536579616790874,0.6030978485726107,38672,1.676437088377376
0.3806818181818182,3872,sentinel,,0.058042665778697655,2.3894933353770864,0.12444638613272797,log_t,419595,0.7244318181818182,1.5364632211235252,blocked,169,352,1.5945058869022226,0.6068990484071163,38672,1.6269071207073142
0.2159090909090909,704,sentinel,,0.06950882729367787,,,sequential_lora,76290,,1.6356553321081224,blocked,169,352,1.7051641594018003,0.5875051717004551,38672,1.73345085958163
1.0,352,sentinel,,0.0,,,base,38145,,1.6536579616790874,blocked,170,352,1.6536579616790874,0.6030978485726107,38672,1.676437088377376
0.3721590909090909,4224,sentinel,,0.05826726841203884,2.476651455191049,0.1211300456727093,log_t,457740,0.7272727272727273,1.5358043262433292,blocked,170,352,1.594071594655368,0.6070541994207695,38672,1.6265428946513403
0.2159090909090909,704,sentinel,,0.07302340595544711,,,sequential_lora,76290,,1.6380204249805694,blocked,170,352,1.7110438309360168,0.5870655771617708,38672,1.7384940431070663
1.0,352,sentinel,,0.0,,,base,38145,,1.6536579616790874,blocked,171,352,1.6536579616790874,0.6030978485726107,38672,1.676437088377376
0.375,3872,sentinel,,0.05672772078183185,2.3892598958178,0.12194519879465754,log_t,419595,0.7244318181818182,1.535808429977977,blocked,171,352,1.592536150759809,0.6069249069093918,38672,1.6250309069565025
0.1875,704,sentinel,,0.07633169933044766,,,sequential_lora,76290,,1.640171107936318,blocked,171,352,1.7165028072667654,0.5862639635912288,38672,1.7425704114000364
1.0,352,sentinel,,0.0,,,base,38145,,1.6536579616790874,blocked,172,352,1.6536579616790874,0.6030978485726107,38672,1.676437088377376
0.3693181818181818,4224,sentinel,,0.05789728036025492,2.4765587957067923,0.12123298560353843,log_t,457740,0.7272727272727273,1.5347538664355156,blocked,172,352,1.5926511467957705,0.6066146048820852,38672,1.6251572922803077
0.19318181818181818,704,sentinel,,0.0745533865519249,,,sequential_lora,76290,,1.639485064966673,blocked,172,352,1.714038451518598,0.5882033512618949,38672,1.7406520994428667
1.0,352,sentinel,,0.0,,,base,38145,,1.6536579616790874,blocked,173,352,1.6536579616790874,0.6030978485726107,38672,1.676437088377376
0.3806818181818182,4224,sentinel,,0.056918301123344464,2.4765281744978647,0.12096108445389704,log_t,457740,0.7272727272727273,1.5358634914272171,blocked,173,352,1.5927817925505614,0.6069249069093918,38672,1.6254568913158525
0.17897727272727273,704,sentinel,,0.0771718665071314,,,sequential_lora,76290,,1.640589184738691,blocked,173,352,1.7177610512458223,0.5853589160115846,38672,1.7445458710921122
1.0,352,sentinel,,0.0,,,base,38145,,1.6536579616790874,blocked,174,352,1.6536579616790874,0.6030978485726107,38672,1.676437088377376
0.3806818181818182,4576,sentinel,,0.05730519913173211,2.5569507852196693,0.11998399567197669,log_t,495885,0.7272727272727273,1.5353844271952624,blocked,174,352,1.592689626326994,0.6069766239139429,38672,1.6253688052685042
0.17045454545454544,704,sentinel,,0.08254531584443398,,,sequential_lora,76290,,1.6401170649518837,blocked,174,352,1.7226623807963177,0.5860570955730244,38672,1.7482819494983604
1.0,352,sentinel,,0.0,,,base,38145,,1.6536579616790874,blocked,175,352,1.6536579616790874,0.6030978485726107,38672,1.676437088377376
0.4005681818181818,3520,sentinel,,0.055136436521167266,2.29434687982906,0.1363848207349127,log_t,381450,0.7215909090909091,1.5366000757391334,blocked,175,352,1.5917365122603009,0.6067697558957386,38672,1.6248147517602998
0.17613636363636365,704,sentinel,,0.08255323711505756,,,sequential_lora,76290,,1.6392552156694122,blocked,175,352,1.7218084527844697,0.5867552751344642,38672,1.7485990595329903
1.0,352,sentinel,,0.0,,,base,38145,,1.6536579616790874,blocked,176,352,1.6536579616790874,0.6030978485726107,38672,1.676437088377376
0.39488636363636365,3872,sentinel,,0.05555433257448164,2.3899231058630077,0.135980486869812,log_t,419595,0.71875,1.5361471388791743,blocked,176,352,1.5917014714536557,0.6069249069093918,38672,1.624794122683987
0.18181818181818182,704,sentinel,,0.08546960348432867,,,sequential_lora,76290,,1.6398163981936107,blocked,176,352,1.7252860016779392,0.5858502275548201,38672,1.7509056088099635
1.0,368,sentinel,,0.0,,,base,40167,,1.6547842142218139,blocked,177,368,1.6547842142218139,0.6024853872980008,40718,1.7097334613839397
0.38315217391304346,4048,sentinel,,0.056049889336029925,2.3902434058811353,0.1316270408746989,log_t,441837,0.7119565217391305,1.5393458556538604,blocked,177,368,1.5953957449898906,0.6060710250994646,40718,1.6602426207283987
0.266304347826087,736,sentinel,,0.06247764334146305,,,sequential_lora,80334,,1.6369138654103725,blocked,177,368,1.6993915087518356,0.5878972444619087,40718,1.7641028113645996
1.0,368,sentinel,,0.0,,,base,40167,,1.6547842142218139,blocked,178,368,1.6547842142218139,0.6024853872980008,40718,1.7097334613839397
0.37228260869565216,4416,sentinel,,0.05695922084707959,2.477634330806525,0.12803778716403505,log_t,482004,0.7092391304347826,1.5390411432838385,blocked,178,368,1.596000364130918,0.6059236701213223,40718,1.661310338290093
0.266304347826087,736,sentinel,,0.06544285637799337,,,sequential_lora,80334,,1.6369755025992465,blocked,178,368,1.70241835897724,0.5864236946804853,40718,1.7668551645162585
1.0,368,sentinel,,0.0,,,base,40167,,1.6547842142218139,blocked,179,368,1.6547842142218139,0.6024853872980008,40718,1.7097334613839397
0.375,4048,sentinel,,0.056116794446231126,2.3902849192204685,0.12848215193852133,log_t,441837,0.720108695652174,1.5390431676007794,blocked,179,368,1.5951599620470105,0.6059236701213223,40718,1.660034823343886
0.21467391304347827,736,sentinel,,0.06938875577264463,,,sequential_lora,80334,,1.6405030392173472,blocked,179,368,1.7098917949899919,0.5853430915074415,40718,1.7719470407652582
1.0,368,sentinel,,0.0,,,base,40167,,1.6547842142218139,blocked,180,368,1.6547842142218139,0.6024853872980008,40718,1.7097334613839397
0.375,4416,sentinel,,0.05715365871183284,2.4776401364285014,0.1271720002202884,log_t,482004,0.7119565217391305,1.5386293954729762,blocked,180,368,1.595783054184809,0.6058008743062037,40718,1.6605689603597653
0.20923913043478262,736,sentinel,,0.06758912171395633,,,sequential_lora,80334,,1.641007424241789,blocked,180,368,1.7085965459557453,0.587430620364458,40718,1.7680405878008885
1.0,368,sentinel,,0.0,,,base,40167,,1.6547842142218139,blocked,181,368,1.6547842142218139,0.6024853872980008,40718,1.7097334613839397
0.37228260869565216,4416,sentinel,,0.05694450419724039,2.477587158265321,0.12723860986854718,log_t,482004,0.7146739130434783,1.5384367719495478,blocked,181,368,1.595381276146788,0.605407927697824,40718,1.6599899521686279
0.22826086956521738,736,sentinel,,0.07328126251374402,,,sequential_lora,80334,,1.6399393331433882,blocked,181,368,1.7132205956571323,0.582887175205069,40718,1.778277310080692
1.0,368,sentinel,,0.0,,,base,40167,,1.6547842142218139,blocked,182,368,1.6547842142218139,0.6024853872980008,40718,1.7097334613839397
0.3641304347826087,4784,sentinel,,0.05724735851916371,2.5579715040714843,0.12660754569198773,log_t,522171,0.7119565217391305,1.5381021761484752,blocked,182,368,1.595349534667639,0.605506164349919,40718,1.6600315184845917
0.22826086956521738,736,sentinel,,0.06980472779034189,,,sequential_lora,80334,,1.6407999949538614,blocked,182,368,1.710604722744203,0.5829854118571639,40718,1.7717171935867342
1.0,368,sentinel,,0.0,,,base,40167,,1.6547842142218139,blocked,183,368,1.6547842142218139,0.6024853872980008,40718,1.7097334613839397
0.391304347826087,4048,sentinel,,0.0552562873226285,2.390439071085142,0.1327936855023322,log_t,441837,0.7119565217391305,1.5378914568886857,blocked,183,368,1.5931477442113142,0.6061938209145832,40718,1.6578672847764666
0.2391304347826087,736,sentinel,,0.07085825640249464,,,sequential_lora,80334,,1.6405382320341375,blocked,183,368,1.7113964884366324,0.5846799941058008,40718,1.7728607027872272
1.0,368,sentinel,,0.0,,,base,40167,,1.6547842142218139,blocked,184,368,1.6547842142218139,0.6024853872980008,40718,1.7097334613839397
0.38858695652173914,4416,sentinel,,0.05598255771538782,2.4778540160344993,0.1319172306229239,log_t,482004,0.7038043478260869,1.5376026146226967,blocked,184,368,1.5935851723380845,0.6061692617515595,40718,1.6585632197906908
0.24456521739130435,736,sentinel,,0.07160276598670841,,,sequential_lora,80334,,1.6395708578951222,blocked,184,368,1.7111736238818307,0.5846308757797535,40718,1.7738349351025007
1.0,384,sentinel,,0.0,,,base,41765,,1.6628571972751744,blocked,185,384,1.6628571972751744,0.6019227135298564,42336,1.714274027957127
0.4036458333333333,4608,sentinel,,0.0544335579520737,2.4733381935705743,0.15765649530415735,log_t,501180,0.7213541666666666,1.5330354811282547,blocked,185,384,1.5874690390803285,0.6063633786848073,42336,1.652334236357578
0.171875,768,sentinel,,0.07803944206666284,,,sequential_lora,83530,,1.6339834499991122,blocked,185,384,1.7120228920657745,0.5865929705215419,42336,1.7729425518432083
1.0,384,sentinel,,0.0,,,base,41765,,1.6628571972751744,blocked,186,384,1.6628571972751744,0.6019227135298564,42336,1.714274027957127
0.3880208333333333,4992,sentinel,,0.05532469483117061,2.55202188094457,0.12198709681009252,log_t,542945,0.7213541666666666,1.53212497191256,blocked,186,384,1.5874496667437306,0.6061271730914588,42336,1.6523722865571602
0.13802083333333334,768,sentinel,,0.09416415811829049,,,sequential_lora,83530,,1.6359284291963851,blocked,186,384,1.7300925873146757,0.5858371126228269,42336,1.787749966416432
1.0,384,sentinel,,0.0,,,base,41765,,1.6628571972751744,blocked,187,384,1.6628571972751744,0.6019227135298564,42336,1.714274027957127
0.3854166666666667,4608,sentinel,,0.05473678189891801,2.4714734007914863,0.12446926363433401,log_t,501180,0.7265625,1.5317490066656294,blocked,187,384,1.5864857885645474,0.6068830309901738,42336,1.6515122505520117
0.125,768,sentinel,,0.09276683561696542,,,sequential_lora,83530,,1.6396215413985928,blocked,187,384,1.7323883770155584,0.5855536659108088,42336,1.7901788979025384
1.0,384,sentinel,,0.0,,,base,41765,,1.6628571972751744,blocked,188,384,1.6628571972751744,0.6019227135298564,42336,1.714274027957127
0.3854166666666667,4992,sentinel,,0.05489711839202896,2.551514862726132,0.12324319500476122,log_t,542945,0.7265625,1.5314764288964735,blocked,188,384,1.5863735472885026,0.6067885487528345,42336,1.6510940994152226
0.1484375,768,sentinel,,0.0885657394636694,,,sequential_lora,83530,,1.6383167283795654,blocked,188,384,1.726882467843235,0.5842781557067271,42336,1.7888888043357807
1.0,384,sentinel,,0.0,,,base,41765,,1.6628571972751744,blocked,189,384,1.6628571972751744,0.6019227135298564,42336,1.714274027957127
0.3880208333333333,4992,sentinel,,0.054672540187611834,2.5512084551155567,0.1239162568623821,log_t,542945,0.7213541666666666,1.5314793833106073,blocked,189,384,1.586151923498219,0.6070011337868481,42336,1.6511668474473291
0.15885416666666666,768,sentinel,,0.0838875727899895,,,sequential_lora,83530,,1.6389077976402424,blocked,189,384,1.722795370430232,0.5837348828420257,42336,1.7859533631826383
1.0,384,sentinel,,0.0,,,base,41765,,1.6628571972751744,blocked,190,384,1.6628571972751744,0.6019227135298564,42336,1.714274027957127
0.3828125,5376,sentinel,,0.055033417718621906,2.625669164583087,0.12291437884171803,log_t,584710,0.7213541666666666,1.531213335237629,blocked,190,384,1.586246752956251,0.6070483749055178,42336,1.6512025386905995
0.13541666666666666,768,sentinel,,0.09581192473516471,,,sequential_lora,83530,,1.6374739366767324,blocked,190,384,1.733285861411897,0.5852229780801209,42336,1.7951619089753539
1.0,384,sentinel,,0.0,,,base,41765,,1.6628571972751744,blocked,191,384,1.6628571972751744,0.6019227135298564,42336,1.714274027957127
0.4114583333333333,3456,sentinel,,0.04727028401831942,2.1831487150241933,0.12139466792965929,log_t,375885,0.7161458333333334,1.5365815803600114,blocked,191,384,1.5838518643783306,0.6048516628873771,42336,1.6483586612576373
0.1328125,768,sentinel,,0.09599978733342247,,,sequential_lora,83530,,1.6399243546180562,blocked,191,384,1.7359241419514786,0.5839710884353742,42336,1.7962215276391373
1.0,384,sentinel,,0.0,,,base,41765,,1.6628571972751744,blocked,192,384,1.6628571972751744,0.6019227135298564,42336,1.714274027957127
0.3932291666666667,3840,sentinel,,0.04805898864497262,2.2893739147111773,0.11955369853725036,log_t,417650,0.7161458333333334,1.5358596030215648,blocked,192,384,1.5839185916665375,0.6048516628873771,42336,1.6484125272771422
0.1171875,768,sentinel,,0.10052989121417594,,,sequential_lora,83530,,1.641216531741544,blocked,192,384,1.7417464229557196,0.5838057445200302,42336,1.80133356717123
0.3333333333333333,111000,final,0.7067567567567568,0.06667591609768272,3.212780833996094,0.1356501588748919,independent_noun_exhaustive,11733500,0.7067567567567568,1.5177013402965087,offline,192,4440,1.5843772563941911,0.6077935445923094,476035,1.619373278334908
1.0,4440,final,,0.0,,,joint_iid_full_model,469340,,1.3990263666690543,offline,192,4440,1.3990263666690543,0.6186393857594504,476035,1.4520438381394685
0.7367117117117117,8880,final,,0.007237894868298396,,,joint_iid_lora,938680,,1.5470845432845814,offline,192,4440,1.5543224381528797,0.6113437037192644,476035,1.5908767830666046
1.0,2587,macro,,0.0,,,base,269313,,1.6178152496236498,round_robin,8,2587,1.6178152496236498,0.6077211372353819,273224,1.6407695082190676
0.35098569771936605,12935,macro,,0.0544428762865525,1.6041669843277049,0.10994283428144215,log_t,1346565,0.6865094704290684,1.5542344202956617,round_robin,8,2587,1.6086772965822136,0.6045113167218107,273224,1.6364898555596163
0.23656745264785467,5174,macro,,0.06572502046132281,,,sequential_lora,538626,,1.598019304735223,round_robin,8,2587,1.663744325196546,0.5942376950780313,273224,1.6904024935570956
1.0,3768,macro,,0.0,,,base,398946,,1.6337561093259343,round_robin,16,3768,1.6337561093259343,0.6068031346614373,404637,1.6579844336550043
0.32908704883227174,22608,macro,,0.05533910390779644,1.785835606435555,0.09974273958593417,log_t,2393676,0.6520700636942676,1.5590615663189733,round_robin,16,3768,1.6144006702267695,0.6044207524274844,404637,1.643982083980813
0.2940552016985138,7536,macro,,0.05647489683721026,,,sequential_lora,797892,,1.607704283750831,round_robin,16,3768,1.6641791805880415,0.5949134656494587,404637,1.6973670780944934
1.0,4440,macro,,0.0,,,base,469340,,1.6375926186596854,round_robin,24,4440,1.6375926186596854,0.6063272658523008,476035,1.6635744954532334
0.3119369369369369,31080,macro,,0.05562741325854053,1.9395519077240884,0.0965464583791054,log_t,3285380,0.6218468468468469,1.5565449362913022,round_robin,24,4440,1.6121723495498421,0.6045206760007142,476035,1.6449266513515062
0.1454954954954955,8880,macro,,0.08284134086380428,,,sequential_lora,938680,,1.6211783567235012,round_robin,24,4440,1.7040196975873054,0.592364006848236,476035,1.734016086259067
1.0,4440,macro,,0.0,,,base,469340,,1.6375926186596854,round_robin,32,4440,1.6375926186596854,0.6063272658523008,476035,1.6635744954532334
0.2864864864864865,31080,macro,,0.05635438764586569,1.939027164218662,0.07524796998178637,log_t,3285380,0.6990990990990991,1.5521577313721517,round_robin,32,4440,1.6085121190180176,0.6051046666736689,476035,1.6417154987537486
0.23265765765765767,8880,macro,,0.0655181126444133,,,sequential_lora,938680,,1.6180482537259033,round_robin,32,4440,1.6835663663703164,0.5942525234489061,476035,1.7139364217284954
1.0,4440,macro,,0.0,,,base,469340,,1.6375926186596854,round_robin,40,4440,1.6375926186596854,0.6063272658523008,476035,1.6635744954532334
0.24707207207207207,35520,macro,,0.05961092710643678,2.072331063570203,0.051076122084716416,log_t,3754720,0.6984234234234235,1.5482726206224697,round_robin,40,4440,1.6078835477289068,0.6053693530937851,476035,1.6409936048802045
0.31013513513513513,8880,macro,,0.05376666503570665,,,sequential_lora,938680,,1.608686188437292,round_robin,40,4440,1.6624528534729988,0.5951516170029515,476035,1.6969537716697085
1.0,4440,macro,,0.0,,,base,469340,,1.6375926186596854,round_robin,48,4440,1.6375926186596854,0.6063272658523008,476035,1.6635744954532334
0.23265765765765767,35520,macro,,0.05726439316054267,2.072610853411056,0.03233373919585804,log_t,3754720,0.7153153153153153,1.5479813964032874,round_robin,48,4440,1.6052457895638297,0.6056214353986576,476035,1.6384800015313024
0.15,8880,macro,,0.08056404028400004,,,sequential_lora,938680,,1.6198642022286351,round_robin,48,4440,1.7004282425126351,0.5927904460806454,476035,1.7300002060758206
1.0,4440,macro,,0.0,,,base,469340,,1.6375926186596854,round_robin,56,4440,1.6375926186596854,0.6063272658523008,476035,1.6635744954532334
0.1966216216216216,39960,macro,,0.06219856015843317,2.1898579033913914,0.03248279812905166,log_t,4224060,0.7313063063063063,1.5438235193618393,round_robin,56,4440,1.6060220795202726,0.604800067221948,476035,1.6395582061532763
0.2436936936936937,8880,macro,,0.06153973103821027,,,sequential_lora,938680,,1.6169029542808935,round_robin,56,4440,1.6784426853191041,0.5944058735177036,476035,1.7091595452468664
1.0,4440,macro,,0.0,,,base,469340,,1.6375926186596854,round_robin,64,4440,1.6375926186596854,0.6063272658523008,476035,1.6635744954532334
0.23108108108108108,35520,macro,,0.05816829687634252,2.072164741212183,0.0326915122501485,log_t,3754720,0.7416666666666667,1.5436972736303698,round_robin,64,4440,1.6018655705067126,0.6061087945214112,476035,1.6352034920989114
0.31036036036036035,8880,macro,,0.052165290024847044,,,sequential_lora,938680,,1.6074086592947758,round_robin,64,4440,1.6595739493196229,0.5952881615847574,476035,1.694801907093768
1.0,4440,macro,,0.0,,,base,469340,,1.6375926186596854,round_robin,72,4440,1.6375926186596854,0.6063272658523008,476035,1.6635744954532334
0.21171171171171171,39960,macro,,0.05872098582240361,2.190129488572344,0.029705243832893198,log_t,4224060,0.7292792792792793,1.5426685068659547,round_robin,72,4440,1.6013894926883578,0.6059428403373701,476035,1.634806144002498
0.15878378378378377,8880,macro,,0.0788769589692398,,,sequential_lora,938680,,1.6205136317803528,round_robin,72,4440,1.6993905907495928,0.5933303223502474,476035,1.7286540090851812
1.0,4440,macro,,0.0,,,base,469340,,1.6375926186596854,round_robin,80,4440,1.6375926186596854,0.6063272658523008,476035,1.6635744954532334
0.19346846846846846,39960,macro,,0.06039784583890685,2.189466858178646,0.027884394749327822,log_t,4224060,0.7646396396396397,1.5396503466781806,round_robin,80,4440,1.600048192517087,0.6058588129024126,476035,1.6335562134021453
0.27545045045045047,8880,macro,,0.05530391431670504,,,sequential_lora,938680,,1.611832355750753,round_robin,80,4440,1.6671362700674583,0.595033978594011,476035,1.7002296746150884
1.0,4440,macro,,0.0,,,base,469340,,1.6375926186596854,round_robin,88,4440,1.6375926186596854,0.6063272658523008,476035,1.6635744954532334
0.175,44400,macro,,0.061560079567470755,2.2954993559970513,0.02652053466519794,log_t,4693400,0.7594594594594595,1.5383121691760941,round_robin,88,4440,1.5998722487435646,0.6060751835474283,476035,1.6335249709395852
0.31463963963963965,8880,macro,,0.051894022218523815,,,sequential_lora,938680,,1.6079962392872416,round_robin,88,4440,1.6598902615057651,0.5949793607612885,476035,1.6939303786002944
1.0,4440,macro,,0.0,,,base,469340,,1.6375926186596854,round_robin,96,4440,1.6375926186596854,0.6063272658523008,476035,1.6635744954532334
0.21126126126126127,39960,macro,,0.05644582648098075,2.1903233309855334,0.02612421307209376,log_t,4224060,0.7765765765765765,1.5398198942584753,round_robin,96,4440,1.5962657207394557,0.6071255264843971,476035,1.6301611440536103
0.2018018018018018,8880,macro,,0.06649088408668681,,,sequential_lora,938680,,1.616495372532668,round_robin,96,4440,1.6829862566193545,0.5943344501979897,476035,1.7150443596671472
1.0,4440,macro,,0.0,,,base,469340,,1.6375926186596854,round_robin,104,4440,1.6375926186596854,0.6063272658523008,476035,1.6635744954532334
0.1831081081081081,44400,macro,,0.06040893285235571,2.2949288026169614,0.026337742577264976,log_t,4693400,0.7936936936936937,1.536748528325154,round_robin,104,4440,1.5971574611775095,0.606554139926686,476035,1.6315728169761092
0.23738738738738738,8880,macro,,0.06323608240830474,,,sequential_lora,938680,,1.6149378289299032,round_robin,104,4440,1.6781739113382081,0.595132710830086,476035,1.709834341823467
1.0,4440,macro,,0.0,,,base,469340,,1.6375926186596854,round_robin,112,4440,1.6375926186596854,0.6063272658523008,476035,1.6635744954532334
0.17342342342342343,44400,macro,,0.06160999831034812,2.2950529393849073,0.02543938513006176,log_t,4693400,0.7954954954954955,1.5366152262906305,round_robin,112,4440,1.5982252246009785,0.6065016227798377,476035,1.6320084871427363
0.3186936936936937,8880,macro,,0.051932724338012964,,,sequential_lora,938680,,1.6078431771819437,round_robin,112,4440,1.6597759015199567,0.5947440839434075,476035,1.6947033977118702
1.0,4440,macro,,0.0,,,base,469340,,1.6375926186596854,round_robin,120,4440,1.6375926186596854,0.6063272658523008,476035,1.6635744954532334
0.16283783783783784,48840,macro,,0.061779204368796,2.3911571204125344,0.023842784453619707,log_t,5162740,0.7873873873873873,1.5356411100294056,round_robin,120,4440,1.5974203143982015,0.6067326982259708,476035,1.631304107130094
0.22432432432432434,8880,macro,,0.06260057149773805,,,sequential_lora,938680,,1.6151898371701865,round_robin,120,4440,1.6777904086679243,0.594052958290882,476035,1.70989351384922
1.0,4440,macro,,0.0,,,base,469340,,1.6375926186596854,round_robin,128,4440,1.6375926186596854,0.6063272658523008,476035,1.6635744954532334
0.20653153153153153,39960,macro,,0.05773949878689076,2.1893371971609357,0.0264805532387785,log_t,4224060,0.8119369369369369,1.5368489211904235,round_robin,128,4440,1.5945884199773146,0.6067621078282059,476035,1.6279292139237649
0.2436936936936937,8880,macro,,0.05818687570327754,,,sequential_lora,938680,,1.6145224304618022,round_robin,128,4440,1.6727093061650797,0.5942819330511412,476035,1.7045511074334212
1.0,4440,macro,,0.0,,,base,469340,,1.6375926186596854,round_robin,136,4440,1.6375926186596854,0.6063272658523008,476035,1.6635744954532334
0.17815315315315317,44400,macro,,0.059359303425004145,2.295058689058364,0.025359997173418868,log_t,4693400,0.806981981981982,1.535855662033305,round_robin,136,4440,1.5952149654583092,0.6067368995977187,476035,1.6287571048573672
0.3310810810810811,8880,macro,,0.04881788577218354,,,sequential_lora,938680,,1.6060595279924184,round_robin,136,4440,1.6548774137646018,0.5955255390885124,476035,1.6900229892638357
1.0,4440,macro,,0.0,,,base,469340,,1.6375926186596854,round_robin,144,4440,1.6375926186596854,0.6063272658523008,476035,1.6635744954532334
0.17995495495495495,44400,macro,,0.056982336048375305,2.2955035919810203,0.02259654853795026,log_t,4693400,0.8078828828828829,1.5357122375605008,round_robin,144,4440,1.592694573608876,0.607129727856145,476035,1.626448304891982
0.20698198198198198,8880,macro,,0.06581949378074839,,,sequential_lora,938680,,1.616454862166882,round_robin,144,4440,1.68227435594763,0.5934290545863224,476035,1.714907445574232
1.0,4440,macro,,0.0,,,base,469340,,1.6375926186596854,round_robin,152,4440,1.6375926186596854,0.6063272658523008,476035,1.6635744954532334
0.15675675675675677,48840,macro,,0.061705370644583785,2.3906218470216873,0.024014079866108595,log_t,5162740,0.8092342342342342,1.5330837383681717,round_robin,152,4440,1.5947891090127553,0.6063839843708971,476035,1.6285838777088988
0.28265765765765766,8880,macro,,0.051888459568923954,,,sequential_lora,938680,,1.6114667104812885,round_robin,152,4440,1.663355170050213,0.5948533196088522,476035,1.6959570049482038
1.0,4440,macro,,0.0,,,base,469340,,1.6375926186596854,round_robin,160,4440,1.6375926186596854,0.6063272658523008,476035,1.6635744954532334
0.17612612612612613,44400,macro,,0.057744891060192094,2.295083038388072,0.02363785475760967,log_t,4693400,0.8211711711711712,1.5337419537135308,round_robin,160,4440,1.5914868447737227,0.6069007530958858,476035,1.6252659119807502
0.32454954954954957,8880,macro,,0.049641735541603664,,,sequential_lora,938680,,1.6065901573787542,round_robin,160,4440,1.6562318929203577,0.595132710830086,476035,1.6911218159779011
1.0,4440,macro,,0.0,,,base,469340,,1.6375926186596854,round_robin,168,4440,1.6375926186596854,0.6063272658523008,476035,1.6635744954532334
0.1608108108108108,48840,macro,,0.059249183306437074,2.390885202304737,0.022564879529648,log_t,5162740,0.8114864864864865,1.5330301652085887,round_robin,168,4440,1.5922793485150257,0.6070309956200699,476035,1.625776093643669
0.18806306306306306,8880,macro,,0.07349603752857692,,,sequential_lora,938680,,1.6170762188769752,round_robin,168,4440,1.690572256405552,0.5938428897034882,476035,1.7208496688678316
1.0,4440,macro,,0.0,,,base,469340,,1.6375926186596854,round_robin,176,4440,1.6375926186596854,0.6063272658523008,476035,1.6635744954532334
0.15495495495495495,48840,macro,,0.06048799359760878,2.3905632536153534,0.02279760389177649,log_t,5162740,0.8304054054054054,1.5318202437426687,round_robin,176,4440,1.592308237340277,0.6066486707910133,476035,1.6260268164082705
0.2743243243243243,8880,macro,,0.0532542355167934,,,sequential_lora,938680,,1.6106945184552917,round_robin,176,4440,1.663948753972085,0.5958154337391158,476035,1.696224898221291
1.0,4440,macro,,0.0,,,base,469340,,1.6375926186596854,round_robin,184,4440,1.6375926186596854,0.6063272658523008,476035,1.6635744954532334
0.14752252252252251,53280,macro,,0.060892151585422216,2.477836811864698,0.022698282322905085,log_t,5632080,0.8207207207207208,1.5310937525584989,round_robin,184,4440,1.5919859041439208,0.6069868812167173,476035,1.6256543633865388
0.3268018018018018,8880,macro,,0.04783073290179262,,,sequential_lora,938680,,1.6064670892676511,round_robin,184,4440,1.6542978221694438,0.5957671179640153,476035,1.6894243302780834
1.0,4440,macro,,0.0,,,base,469340,,1.6375926186596854,round_robin,192,4440,1.6375926186596854,0.6063272658523008,476035,1.6635744954532334
0.1759009009009009,44400,macro,,0.055132483304328926,2.2953815456446227,0.02092290547516969,log_t,4693400,0.8175675675675675,1.533451612211205,round_robin,192,4440,1.5885840955155337,0.6079342905458632,476035,1.6220602819652812
0.16306306306306306,8880,macro,,0.07914227714795603,,,sequential_lora,938680,,1.6187350611112654,round_robin,192,4440,1.6978773382592214,0.5937210499227998,476035,1.7273542035061364
1.0,16,sentinel,,0.0,,,base,1511,,1.6737760199522007,round_robin,1,16,1.6737760199522007,0.6069100391134289,1534,1.6696325249901962
0.4375,32,sentinel,,0.0601885303238979,0.6900835335254669,0.11186683177947998,log_t,3022,0.6875,1.6129854758521505,round_robin,1,16,1.673174006176048,0.6101694915254238,1534,1.6713062918015222
0.5625,32,sentinel,,0.03296325658017642,,,sequential_lora,3022,,1.629079670762155,round_robin,1,16,1.6620429273423316,0.6036505867014341,1534,1.6644724332369292
1.0,32,sentinel,,0.0,,,base,3051,,1.6656692940065971,round_robin,2,32,1.6656692940065971,0.6064516129032258,3100,1.6882472302836757
0.25,96,sentinel,,0.055094356164944694,1.0959609933197498,0.06536438502371311,log_t,9153,0.6875,1.6154979716127176,round_robin,2,32,1.6705923277776622,0.6035483870967742,3100,1.6944041590536794
0.4375,64,sentinel,,0.02739527653223648,,,sequential_lora,6102,,1.6441220126830578,round_robin,2,32,1.671517289215294,0.6016129032258064,3100,1.696631269147319
1.0,48,sentinel,,0.0,,,base,4532,,1.6397878804619792,round_robin,3,48,1.6397878804619792,0.6144656820156386,4604,1.677223580076216
0.5,144,sentinel,,0.03269900766635542,1.09393077592055,0.12412059307098389,log_t,13596,0.7708333333333334,1.5992278376663511,round_robin,3,48,1.6319268453327067,0.6129452649869679,4604,1.6730301829652099
0.3958333333333333,96,sentinel,,0.04164309446956297,,,sequential_lora,9064,,1.617894159341618,round_robin,3,48,1.6595372538111812,0.6066463944396178,4604,1.7035179171326056
1.0,64,sentinel,,0.0,,,base,6456,,1.6481743860912563,round_robin,4,64,1.6481743860912563,0.6123912711735083,6553,1.6556434986446897
0.390625,256,sentinel,,0.03588838411037862,1.3819404393434525,0.10680190566927195,log_t,25824,0.765625,1.6069956575876991,round_robin,4,64,1.6428840416980777,0.6090340302151687,6553,1.6541533648431093
0.296875,128,sentinel,,0.05261963089592892,,,sequential_lora,12912,,1.6281346408100068,round_robin,4,64,1.6807542717059356,0.5985045017549214,6553,1.69099873869215
1.0,80,sentinel,,0.0,,,base,8225,,1.7120698128641223,round_robin,5,80,1.7120698128641223,0.5933644747873997,8349,1.7202301450311988
0.3875,320,sentinel,,0.040373990968324724,1.382308302819729,0.10388255193829536,log_t,32900,0.8,1.663184293753083,round_robin,5,80,1.7035582847214077,0.5942028985507246,8349,1.7184307721149765
0.2375,160,sentinel,,0.07063523675777518,,,sequential_lora,16450,,1.6922775735787727,round_robin,5,80,1.7629128103365481,0.5800694693975327,8349,1.7724690541833843
1.0,96,sentinel,,0.0,,,base,9971,,1.6831992487811898,round_robin,6,96,1.6831992487811898,0.5965415019762846,10120,1.702611992198959
0.40625,480,sentinel,,0.03972836158040823,1.6030921960870426,0.13023107312619686,log_t,49855,0.8229166666666666,1.6221764687305564,round_robin,6,96,1.6619048303109647,0.5978260869565217,10120,1.6872046662884739
0.3125,192,sentinel,,0.059966931773493194,,,sequential_lora,19942,,1.6573807810955,round_robin,6,96,1.7173477128689931,0.5863636363636363,10120,1.7411325884430775
1.0,112,sentinel,,0.0,,,base,12185,,1.6703982646523134,round_robin,7,112,1.6703982646523134,0.5965366564168959,12358,1.6880336842658084
0.4375,448,sentinel,,0.04263387862721278,1.380302512219974,0.11256403954965728,log_t,48740,0.7232142857142857,1.6143240956189595,round_robin,7,112,1.656957974246172,0.5951610292927658,12358,1.6805284197304622
0.2857142857142857,224,sentinel,,0.058782916987091635,,,sequential_lora,24370,,1.64617336728599,round_robin,7,112,1.7049562842730819,0.5831849813885742,12358,1.7275837180413443
1.0,128,sentinel,,0.0,,,base,14041,,1.6327685473704683,round_robin,8,128,1.6327685473704683,0.6011097843646835,14237,1.6559029753526175
0.390625,640,sentinel,,0.04954372627782851,1.6032822541892529,0.11839858675375581,log_t,70205,0.703125,1.5738786816866777,round_robin,8,128,1.623422407964506,0.5992835569291284,14237,1.651548804950118
0.2109375,256,sentinel,,0.06763826084306497,,,sequential_lora,28082,,1.6121585826939955,round_robin,8,128,1.6797968435370605,0.5884666713493011,14237,1.7076378107121162
1.0,144,sentinel,,0.0,,,base,16215,,1.6403286430407735,round_robin,9,144,1.6403286430407735,0.5999634947675834,16436,1.6691527804135406
0.4236111111111111,720,sentinel,,0.04555827005456017,1.6034475912650425,0.11277127555674976,log_t,81075,0.7013888888888888,1.5830350808208702,round_robin,9,144,1.6285933508754304,0.5966171817960574,16436,1.6610822113623842
0.2361111111111111,288,sentinel,,0.06381256484126495,,,sequential_lora,32430,,1.6227407812343695,round_robin,9,144,1.6865533460756346,0.5854222438549526,16436,1.7210035539944115
1.0,160,sentinel,,0.0,,,base,18108,,1.6431762010978155,round_robin,10,160,1.6431762010978155,0.6003704308982949,18357,1.668941312959175
0.3875,960,sentinel,,0.04892070983905325,1.7848966494202614,0.11919891610741615,log_t,108648,0.70625,1.5811560897615262,round_robin,10,160,1.6300767996005796,0.5962303208585281,18357,1.6593059929535332
0.2375,320,sentinel,,0.06366927680674137,,,sequential_lora,36216,,1.624016958167442,round_robin,10,160,1.687686234974183,0.5852808193059869,18357,1.7188802679529143
1.0,176,sentinel,,0.0,,,base,19517,,1.6444596402858542,round_robin,11,176,1.6444596402858542,0.601990803900763,19791,1.67200039513795
0.3977272727272727,880,sentinel,,0.045287317159006295,1.6031505810943516,0.10827740993012082,log_t,97585,0.7102272727272727,1.5837318204340383,round_robin,11,176,1.6290191375930443,0.5973422262644636,19791,1.6618619308483245
0.2784090909090909,352,sentinel,,0.057240212741661196,,,sequential_lora,39034,,1.624718548101548,round_robin,11,176,1.6819587608432094,0.5886514072052953,19791,1.7176364395413763
1.0,192,sentinel,,0.0,,,base,21316,,1.6606013937332555,round_robin,12,192,1.6606013937332555,0.6000832870627429,21612,1.6886768820284472
0.3697916666666667,1152,sentinel,,0.05271343862461501,1.7862099272509415,0.10288619933029015,log_t,127896,0.6666666666666666,1.591310916932082,round_robin,12,192,1.644024355556697,0.5958726633351842,21612,1.6770192744134864
0.2760416666666667,384,sentinel,,0.06684586698053269,,,sequential_lora,42632,,1.639017957435872,round_robin,12,192,1.705863824416405,0.5863871923005738,21612,1.740366665275146
1.0,208,sentinel,,0.0,,,base,23321,,1.6800502586743211,round_robin,13,208,1.6800502586743211,0.5995346869712352,23640,1.700973670494738
0.3605769230769231,1248,sentinel,,0.05402497086102959,1.7860336085924735,0.09771642576043423,log_t,139926,0.6538461538461539,1.6090596329470617,round_robin,13,208,1.663084603808091,0.5963197969543147,23640,1.6899719735289185
0.2548076923076923,416,sentinel,,0.06217523457941032,,,sequential_lora,46642,,1.6609961453759565,round_robin,13,208,1.723171379955367,0.5862944162436549,23640,1.751843298268197
1.0,224,sentinel,,0.0,,,base,24809,,1.6656287295976513,round_robin,14,224,1.6656287295976513,0.6013916500994035,25150,1.6951572774655776
0.36160714285714285,1568,sentinel,,0.055121897410618424,1.937690350094012,0.12182278904531683,log_t,173663,0.6741071428571429,1.582891699488307,round_robin,14,224,1.6380135968989256,0.5989264413518887,25150,1.674810516630442
0.21428571428571427,448,sentinel,,0.07427535856272607,,,sequential_lora,49618,,1.6428971539340205,round_robin,14,224,1.7171725124967465,0.5880715705765408,25150,1.753169709654973
1.0,240,sentinel,,0.0,,,base,26284,,1.6649588612335113,round_robin,15,240,1.6649588612335113,0.6021089762833984,26648,1.6909470551008936
0.4,1200,sentinel,,0.048440749370078806,1.6008560195565225,0.1254931668440501,log_t,131420,0.7083333333333334,1.5790867278588727,round_robin,15,240,1.6275274772289516,0.601358450915641,26648,1.6645771662632791
0.16666666666666666,480,sentinel,,0.08794694130909224,,,sequential_lora,52568,,1.6370473856332448,round_robin,15,240,1.7249943269423371,0.5880741519063344,26648,1.7591783526923628
1.0,256,sentinel,,0.0,,,base,27769,,1.6381402414645816,round_robin,16,256,1.6381402414645816,0.6055967896587237,28159,1.6711597398599232
0.3828125,1536,sentinel,,0.04988204453736617,1.7834136560559273,0.12009317381307483,log_t,166614,0.6875,1.5537352472697337,round_robin,16,256,1.6036172918070999,0.6044958982918428,28159,1.6464527224549481
0.296875,512,sentinel,,0.05295822625974115,,,sequential_lora,55538,,1.6068597851128363,round_robin,16,256,1.6598180113725773,0.594800951738343,28159,1.7052821599944816
1.0,272,sentinel,,0.0,,,base,29764,,1.6428044750747057,round_robin,17,272,1.6428044750747057,0.6038373595784869,30177,1.6706597301355353
0.375,1632,sentinel,,0.050996947518065855,1.7842239632326014,0.11687502637505531,log_t,178584,0.6801470588235294,1.561213823334491,round_robin,17,272,1.6122107708525568,0.6027106736918846,30177,1.650132936555467
0.23897058823529413,544,sentinel,,0.05919886985488437,,,sequential_lora,59528,,1.6179383277442612,round_robin,17,272,1.6771371975991458,0.5919077443085794,30177,1.7121288677086257
1.0,288,sentinel,,0.0,,,base,31764,,1.638650397431486,round_robin,18,288,1.638650397431486,0.6049386550706631,32195,1.6658984784254989
0.375,2016,sentinel,,0.05040446027071862,1.9385878025657601,0.11419986995557944,log_t,222348,0.6770833333333334,1.5570613435872882,round_robin,18,288,1.6074658038580067,0.6037272868457835,32195,1.644332630520634
0.2638888888888889,576,sentinel,,0.06422666049276123,,,sequential_lora,63528,,1.617026076477136,round_robin,18,288,1.6812527369698973,0.5900295076875292,32195,1.715162332703338
1.0,304,sentinel,,0.0,,,base,33270,,1.6358848289700507,round_robin,19,304,1.6358848289700507,0.6061082283172721,33725,1.6640558727482144
0.3355263157894737,1824,sentinel,,0.04946833154354674,1.7849975271444571,0.10973189418253146,log_t,199620,0.6644736842105263,1.55777280292431,round_robin,19,304,1.607241134467857,0.602876204595997,33725,1.6424673668343195
0.2631578947368421,608,sentinel,,0.05716787938538719,,,sequential_lora,66540,,1.614307724755086,round_robin,19,304,1.6714756041404735,0.5913120830244626,33725,1.7085294040456536
1.0,320,sentinel,,0.0,,,base,35174,,1.6366457827197205,round_robin,20,320,1.6366457827197205,0.6054749950915771,35653,1.663613910959656
0.30625,2240,sentinel,,0.053693926283473414,1.9393867630511523,0.10235939547419548,log_t,246218,0.64375,1.5573164317155215,round_robin,20,320,1.6110103579989947,0.6025860376405913,35653,1.6447761316598757
0.234375,640,sentinel,,0.06188825361919209,,,sequential_lora,70348,,1.6154338517074236,round_robin,20,320,1.6773221053266156,0.5911984966202003,35653,1.710508026960665
1.0,336,sentinel,,0.0,,,base,36634,,1.6468800652267745,round_robin,21,336,1.6468800652267745,0.6045778914770432,37135,1.6704188940613975
0.34523809523809523,2352,sentinel,,0.057698101112488645,1.9388294979220344,0.10826748520845458,log_t,256438,0.6339285714285714,1.559589647662327,round_robin,21,336,1.6172877487748158,0.6017772990440285,37135,1.6490628246344867
0.20238095238095238,672,sentinel,,0.07197129249868833,,,sequential_lora,73268,,1.6188574182982238,round_robin,21,336,1.690828710796912,0.5908711458193079,37135,1.7228521248766853
1.0,352,sentinel,,0.0,,,base,38145,,1.6536579616790874,round_robin,22,352,1.6536579616790874,0.6030978485726107,38672,1.676437088377376
0.3409090909090909,2816,sentinel,,0.05753218525402446,2.0726299641484562,0.10807592218572443,log_t,305160,0.625,1.5664005405806252,round_robin,22,352,1.6239327258346494,0.6008481588746379,38672,1.6551093677498854
0.26136363636363635,704,sentinel,,0.06355270849363973,,,sequential_lora,76290,,1.6289872650511794,round_robin,22,352,1.6925399735448188,0.5896255688870501,38672,1.7213906232000975
1.0,368,sentinel,,0.0,,,base,40167,,1.6547842142218139,round_robin,23,368,1.6547842142218139,0.6024853872980008,40718,1.7097334613839397
0.33695652173913043,2208,sentinel,,0.053013597642919026,1.78500975733218,0.10462576150894165,log_t,241002,0.6195652173913043,1.5732831283296023,round_robin,23,368,1.6262967259725212,0.6012574291468147,40718,1.6883834868214256
0.2826086956521739,736,sentinel,,0.06128491856989189,,,sequential_lora,80334,,1.6293098151127057,round_robin,23,368,1.6905947336825977,0.5872832653863156,40718,1.7546817657477238
1.0,384,sentinel,,0.0,,,base,41765,,1.6628571972751744,round_robin,24,384,1.6628571972751744,0.6019227135298564,42336,1.714274027957127
0.3359375,2688,sentinel,,0.05268476026042468,1.9340932757283251,0.13065512400741378,log_t,292355,0.6354166666666666,1.5664695680278078,round_robin,24,384,1.6191543282882324,0.6015920256991686,42336,1.681649214973165
0.19270833333333334,768,sentinel,,0.07974720871304534,,,sequential_lora,83530,,1.63095223355542,round_robin,24,384,1.7106994422684654,0.5891912320483749,42336,1.7720015734583365
1.0,384,sentinel,,0.0,,,base,41765,,1.6628571972751744,round_robin,25,384,1.6628571972751744,0.6019227135298564,42336,1.714274027957127
0.3255208333333333,2688,sentinel,,0.05526372959942281,1.934264497521023,0.1293618893250823,log_t,292355,0.6380208333333334,1.565955717765845,round_robin,25,384,1.6212194473652677,0.6011668556311414,42336,1.6834314171441649
0.2838541666666667,768,sentinel,,0.0625061257543484,,,sequential_lora,83530,,1.6260023917005964,round_robin,25,384,1.688508517454945,0.5884353741496599,42336,1.7555453938770638
1.0,384,sentinel,,0.0,,,base,41765,,1.6628571972751744,round_robin,26,384,1.6628571972751744,0.6019227135298564,42336,1.714274027957127
0.3125,3072,sentinel,,0.05681994429672855,2.0682361535727978,0.1283404791417221,log_t,334120,0.6458333333333334,1.565009096560524,round_robin,26,384,1.6218290408572524,0.6012377173091459,42336,1.6841757275777969
0.28125,768,sentinel,,0.05972885022601862,,,sequential_lora,83530,,1.6304497459119247,round_robin,26,384,1.6901785961379432,0.5883881330309901,42336,1.7570818347809942
1.0,384,sentinel,,0.0,,,base,41765,,1.6628571972751744,round_robin,27,384,1.6628571972751744,0.6019227135298564,42336,1.714274027957127
0.2942708333333333,2688,sentinel,,0.0565510806822661,1.9339830400422215,0.12792526480431357,log_t,292355,0.640625,1.5651649314609484,round_robin,27,384,1.6217160121432144,0.6011432350718064,42336,1.6831526367594956
0.23958333333333334,768,sentinel,,0.07248715445785191,,,sequential_lora,83530,,1.635187316447112,round_robin,27,384,1.7076744709049638,0.5877503779289494,42336,1.7689125109682153
1.0,384,sentinel,,0.0,,,base,41765,,1.6628571972751744,round_robin,28,384,1.6628571972751744,0.6019227135298564,42336,1.714274027957127
0.2838541666666667,3072,sentinel,,0.057733123704114625,2.067748312217494,0.12448283021027844,log_t,334120,0.6380208333333334,1.5638022933395945,round_robin,28,384,1.6215354170437093,0.6008834089191232,42336,1.682997185142763
0.23958333333333334,768,sentinel,,0.06287872895673087,,,sequential_lora,83530,,1.6351486047174177,round_robin,28,384,1.6980273336741487,0.5900651927437641,42336,1.756046325278075
1.0,384,sentinel,,0.0,,,base,41765,,1.6628571972751744,round_robin,29,384,1.6628571972751744,0.6019227135298564,42336,1.714274027957127
0.2864583333333333,3072,sentinel,,0.05883244512464825,2.0676552820950747,0.12324093530575435,log_t,334120,0.6328125,1.5639937431503428,round_robin,29,384,1.622826188274991,0.6003873771730914,42336,1.684096342052642
0.17708333333333334,768,sentinel,,0.07515412456465682,,,sequential_lora,83530,,1.641841568034865,round_robin,29,384,1.7169956925995218,0.5866874527588813,42336,1.7721852684247104
1.0,384,sentinel,,0.0,,,base,41765,,1.6628571972751744,round_robin,30,384,1.6628571972751744,0.6019227135298564,42336,1.714274027957127
0.28125,3456,sentinel,,0.061320815211385445,2.1855301279574633,0.11824161093682051,log_t,375885,0.6354166666666666,1.561538404833355,round_robin,30,384,1.6228592200447405,0.6002456538170824,42336,1.6851383396399715
0.2552083333333333,768,sentinel,,0.06522059731800768,,,sequential_lora,83530,,1.635334662819919,round_robin,30,384,1.7005552601379266,0.5883408919123205,42336,1.7627863234738965
1.0,384,sentinel,,0.0,,,base,41765,,1.6628571972751744,round_robin,31,384,1.6628571972751744,0.6019227135298564,42336,1.714274027957127
0.3229166666666667,2304,sentinel,,0.04832707778330836,1.7795806139086683,0.11747292010113597,log_t,250590,0.6770833333333334,1.5672241191399883,round_robin,31,384,1.6155511969232965,0.6028675359032502,42336,1.6777546474610145
0.2526041666666667,768,sentinel,,0.06727892710114472,,,sequential_lora,83530,,1.6397580869038224,round_robin,31,384,1.7070370140049673,0.5867819349962207,42336,1.7679160473078421
1.0,384,sentinel,,0.0,,,base,41765,,1.6628571972751744,round_robin,32,384,1.6628571972751744,0.6019227135298564,42336,1.714274027957127
0.296875,2688,sentinel,,0.05157652402844779,1.9340515388175845,0.11439942149445415,log_t,292355,0.6796875,1.5657609185559196,round_robin,32,384,1.6173374425843674,0.6017809901738473,42336,1.6798491661668455
0.20833333333333334,768,sentinel,,0.0690873083600092,,,sequential_lora,83530,,1.6432994186450394,round_robin,32,384,1.7123867270050486,0.588411753590325,42336,1.7691960106543965
1.0,384,sentinel,,0.0,,,base,41765,,1.6628571972751744,round_robin,33,384,1.6628571972751744,0.6019227135298564,42336,1.714274027957127
0.3125,2688,sentinel,,0.05033547875085712,1.933901924950381,0.11214730221157272,log_t,292355,0.6822916666666666,1.5656905901339762,round_robin,33,384,1.6160260688848334,0.6022061602418746,42336,1.6784726905601997
0.23177083333333334,768,sentinel,,0.06095026806417623,,,sequential_lora,83530,,1.6458441041499894,round_robin,33,384,1.7067943722141656,0.5862150415721844,42336,1.7623896482298524
1.0,384,sentinel,,0.0,,,base,41765,,1.6628571972751744,round_robin,34,384,1.6628571972751744,0.6019227135298564,42336,1.714274027957127
0.2864583333333333,3072,sentinel,,0.053311629864937725,2.067055261693895,0.10863871887947123,log_t,334120,0.6744791666666666,1.564255426783353,round_robin,34,384,1.617567056648291,0.6018518518518519,42336,1.679867410053832
0.2109375,768,sentinel,,0.0731303906858185,,,sequential_lora,83530,,1.6471782503568437,round_robin,34,384,1.720308641042662,0.5884826152683296,42336,1.773667119761601
1.0,384,sentinel,,0.0,,,base,41765,,1.6628571972751744,round_robin,35,384,1.6628571972751744,0.6019227135298564,42336,1.714274027957127
0.3020833333333333,2688,sentinel,,0.052069269114819385,1.9341891348982851,0.1089915526099503,log_t,292355,0.6848958333333334,1.5638325873923629,round_robin,35,384,1.6159018565071823,0.6023478835978836,42336,1.6784111065726701
0.2578125,768,sentinel,,0.05984714761870344,,,sequential_lora,83530,,1.64309903465229,round_robin,35,384,1.7029461822709935,0.5874196900982616,42336,1.762542497526463
1.0,384,sentinel,,0.0,,,base,41765,,1.6628571972751744,round_robin,36,384,1.6628571972751744,0.6019227135298564,42336,1.714274027957127
0.2942708333333333,3072,sentinel,,0.054561807349608006,2.067912586654226,0.10798206645995378,log_t,334120,0.6848958333333334,1.560281109783397,round_robin,36,384,1.6148429171330048,0.6024896069538926,42336,1.6774171661875596
0.22135416666666666,768,sentinel,,0.0671024008976863,,,sequential_lora,83530,,1.6437990363285382,round_robin,36,384,1.7109014372262246,0.5861205593348451,42336,1.7677807755802089
1.0,384,sentinel,,0.0,,,base,41765,,1.6628571972751744,round_robin,37,384,1.6628571972751744,0.6019227135298564,42336,1.714274027957127
0.2682291666666667,3072,sentinel,,0.055793019837199274,2.068018185906112,0.10751230114450057,log_t,334120,0.6744791666666666,1.5606852692301623,round_robin,37,384,1.6164782890673617,0.6024423658352229,42336,1.6801678173733947
0.23958333333333334,768,sentinel,,0.05978018072027975,,,sequential_lora,83530,,1.645004387946947,round_robin,37,384,1.704784568667227,0.5868527966742253,42336,1.760928751353825
1.0,384,sentinel,,0.0,,,base,41765,,1.6628571972751744,round_robin,38,384,1.6628571972751744,0.6019227135298564,42336,1.714274027957127
0.265625,3456,sentinel,,0.05676853206991111,2.185758639127016,0.0940736923366785,log_t,375885,0.6744791666666666,1.5594090250009076,round_robin,38,384,1.6161775570708186,0.6020171957671958,42336,1.6799952840476169
0.21354166666666666,768,sentinel,,0.06516277474600592,,,sequential_lora,83530,,1.633062854131129,round_robin,38,384,1.698225628877135,0.5875614134542706,42336,1.760811833181867
1.0,384,sentinel,,0.0,,,base,41765,,1.6628571972751744,round_robin,39,384,1.6628571972751744,0.6019227135298564,42336,1.714274027957127
0.2734375,2688,sentinel,,0.05139223886693111,1.934173739515245,0.08577805866176884,log_t,292355,0.703125,1.5631004799166934,round_robin,39,384,1.6144927187836242,0.6026077097505669,42336,1.6793050308594268
0.1796875,768,sentinel,,0.08005909011381646,,,sequential_lora,83530,,1.6309450744625842,round_robin,39,384,1.7110041645764007,0.5900179516250945,42336,1.7699495819597895
1.0,384,sentinel,,0.0,,,base,41765,,1.6628571972751744,round_robin,40,384,1.6628571972751744,0.6019227135298564,42336,1.714274027957127
0.2526041666666667,3072,sentinel,,0.05379372831324513,2.067603866880139,0.08438153720150392,log_t,334120,0.6953125,1.5621016376912367,round_robin,40,384,1.615895366004482,0.6019227135298564,42336,1.6803856926237375
0.328125,768,sentinel,,0.053778047346876585,,,sequential_lora,83530,,1.6283773788721956,round_robin,40,384,1.682155426219072,0.5917422524565382,42336,1.7436420689798042
1.0,384,sentinel,,0.0,,,base,41765,,1.6628571972751744,round_robin,41,384,1.6628571972751744,0.6019227135298564,42336,1.714274027957127
0.2526041666666667,3072,sentinel,,0.0541423956623762,2.068011663854122,0.08293728514884909,log_t,334120,0.7005208333333334,1.5617312916258834,round_robin,41,384,1.6158736872882595,0.6017337490551776,42336,1.6783183728283495
0.24739583333333334,768,sentinel,,0.05884904863938719,,,sequential_lora,83530,,1.6358775738863958,round_robin,41,384,1.6947266225257829,0.591151738473167,42336,1.7537343184395398
1.0,384,sentinel,,0.0,,,base,41765,,1.6628571972751744,round_robin,42,384,1.6628571972751744,0.6019227135298564,42336,1.714274027957127
0.24739583333333334,3456,sentinel,,0.05535173801140491,2.1857529456416764,0.0816758965762953,log_t,375885,0.6979166666666666,1.5607880316179223,round_robin,42,384,1.6161397696293271,0.6016392668178382,42336,1.6784553783618403
0.24479166666666666,768,sentinel,,0.06094758518884799,,,sequential_lora,83530,,1.6390119312697546,round_robin,42,384,1.6999595164586025,0.5889786470143613,42336,1.7552001863304112
1.0,384,sentinel,,0.0,,,base,41765,,1.6628571972751744,round_robin,43,384,1.6628571972751744,0.6019227135298564,42336,1.714274027957127
0.2578125,3072,sentinel,,0.05597199267436687,2.0680869376907745,0.07880933675915003,log_t,334120,0.7005208333333334,1.5598693606166336,round_robin,43,384,1.6158413532910005,0.6013085789871504,42336,1.6781742892996074
0.3020833333333333,768,sentinel,,0.054416160319973685,,,sequential_lora,83530,,1.634738646442769,round_robin,43,384,1.6891548067627424,0.5907974300831443,42336,1.749296348947449
1.0,384,sentinel,,0.0,,,base,41765,,1.6628571972751744,round_robin,44,384,1.6628571972751744,0.6019227135298564,42336,1.714274027957127
0.2421875,3456,sentinel,,0.05702997834119775,2.1856307794029513,0.07890507423629363,log_t,375885,0.7005208333333334,1.5585027322206175,round_robin,44,384,1.6155327105618154,0.6010723733938019,42336,1.6779666487930043
0.2760416666666667,768,sentinel,,0.05742358924055233,,,sequential_lora,83530,,1.6385372024734643,round_robin,44,384,1.6959607917140167,0.5907265684051398,42336,1.754266455848381
1.0,384,sentinel,,0.0,,,base,41765,,1.6628571972751744,round_robin,45,384,1.6628571972751744,0.6019227135298564,42336,1.714274027957127
0.24479166666666666,3456,sentinel,,0.057879367487557266,2.1856502077231803,0.07037253336360057,log_t,375885,0.7005208333333334,1.557203253792513,round_robin,45,384,1.6150826212800702,0.6018990929705216,42336,1.6775963167101708
0.24739583333333334,768,sentinel,,0.06028699909253204,,,sequential_lora,83530,,1.6295841969842142,round_robin,45,384,1.689871196076746,0.5913407029478458,42336,1.7504106328702298
1.0,384,sentinel,,0.0,,,base,41765,,1.6628571972751744,round_robin,46,384,1.6628571972751744,0.6019227135298564,42336,1.714274027957127
0.234375,3840,sentinel,,0.05988361980888557,2.2910167099907994,0.06853708686927955,log_t,417650,0.7083333333333334,1.5554970966868062,round_robin,46,384,1.615380716495692,0.6021589191232048,42336,1.6777960448015483
0.2708333333333333,768,sentinel,,0.05708059698793833,,,sequential_lora,83530,,1.631786493495847,round_robin,46,384,1.6888670904837857,0.5903722600151171,42336,1.751361117700364
1.0,384,sentinel,,0.0,,,base,41765,,1.6628571972751744,round_robin,47,384,1.6628571972751744,0.6019227135298564,42336,1.714274027957127
0.2838541666666667,2688,sentinel,,0.05130729082955416,1.9344407928486664,0.06719617949177821,log_t,292355,0.7291666666666666,1.5573565588531908,round_robin,47,384,1.6086638496827448,0.6026313303099018,42336,1.672906397703193
0.3255208333333333,768,sentinel,,0.05531388628080286,,,sequential_lora,83530,,1.6300047482864128,round_robin,47,384,1.6853186345672155,0.5913879440665155,42336,1.7455158283228642
1.0,384,sentinel,,0.0,,,base,41765,,1.6628571972751744,round_robin,48,384,1.6628571972751744,0.6019227135298564,42336,1.714274027957127
0.2786458333333333,3072,sentinel,,0.051429372884372986,2.0668986278275647,0.038524399821956955,log_t,334120,0.7239583333333334,1.5560825725700316,round_robin,48,384,1.6075119454544045,0.6028439153439153,42336,1.6718679561208616
0.16927083333333334,768,sentinel,,0.0792300339255448,,,sequential_lora,83530,,1.6286875516934325,round_robin,48,384,1.7079175856189772,0.5891912320483749,42336,1.7670213948690296
1.0,384,sentinel,,0.0,,,base,41765,,1.6628571972751744,round_robin,49,384,1.6628571972751744,0.6019227135298564,42336,1.714274027957127
0.2708333333333333,3072,sentinel,,0.05503295738410954,2.066894130781293,0.03672289832805594,log_t,334120,0.7083333333333334,1.5549668251971978,round_robin,49,384,1.6099997825813073,0.6020880574452003,42336,1.674119295886044
0.2994791666666667,768,sentinel,,0.0549616860102557,,,sequential_lora,83530,,1.62753166138374,round_robin,49,384,1.682493347393996,0.5919784580498866,42336,1.745359570634124
1.0,384,sentinel,,0.0,,,base,41765,,1.6628571972751744,round_robin,50,384,1.6628571972751744,0.6019227135298564,42336,1.714274027957127
0.2578125,3456,sentinel,,0.05654981758192943,2.1847436583290496,0.03596637894709905,log_t,375885,0.7109375,1.5542395582087403,round_robin,50,384,1.6107893757906695,0.6021116780045351,42336,1.6764621330384315
0.3151041666666667,768,sentinel,,0.052982453411233844,,,sequential_lora,83530,,1.6281903685080357,round_robin,50,384,1.6811728219192694,0.5895219198790628,42336,1.745683566715008
1.0,384,sentinel,,0.0,,,base,41765,,1.6628571972751744,round_robin,51,384,1.6628571972751744,0.6019227135298564,42336,1.714274027957127
0.2421875,3072,sentinel,,0.057592497577876545,2.0670016907776394,0.03692351095378399,log_t,334120,0.734375,1.5554031090366,round_robin,51,384,1.6129956066144764,0.6022770219198791,42336,1.6765101522612733
0.265625,768,sentinel,,0.06245483505659081,,,sequential_lora,83530,,1.632384507760143,round_robin,51,384,1.6948393428167339,0.5899707105064248,42336,1.7573788337313057
1.0,384,sentinel,,0.0,,,base,41765,,1.6628571972751744,round_robin,52,384,1.6628571972751744,0.6019227135298564,42336,1.714274027957127
0.22916666666666666,3456,sentinel,,0.06045488548393119,2.184414846201738,0.03658859431743622,log_t,375885,0.7291666666666666,1.5537670577002676,round_robin,52,384,1.6142219431841989,0.6014739229024944,42336,1.6776142174311865
0.2864583333333333,768,sentinel,,0.05680216040385968,,,sequential_lora,83530,,1.6316421357883477,round_robin,52,384,1.6884442961922073,0.5901360544217688,42336,1.7503659803820149
1.0,384,sentinel,,0.0,,,base,41765,,1.6628571972751744,round_robin,53,384,1.6628571972751744,0.6019227135298564,42336,1.714274027957127
0.23697916666666666,3456,sentinel,,0.05984816334553263,2.184744695511957,0.03544795963292321,log_t,375885,0.7265625,1.5544314795791425,round_robin,53,384,1.614279642924675,0.6028202947845805,42336,1.6776294458547687
0.21614583333333334,768,sentinel,,0.07000950987911565,,,sequential_lora,83530,,1.6382984374114462,round_robin,53,384,1.7083079472905618,0.5882700302343159,42336,1.7661671863808293
1.0,384,sentinel,,0.0,,,base,41765,,1.6628571972751744,round_robin,54,384,1.6628571972751744,0.6019227135298564,42336,1.714274027957127
0.2265625,3840,sentinel,,0.061080665915960945,2.289919202836851,0.0374349202029407,log_t,417650,0.7265625,1.553026683371568,round_robin,54,384,1.614107349287529,0.6028202947845805,42336,1.6774796539310786
0.234375,768,sentinel,,0.0662143887119365,,,sequential_lora,83530,,1.6336917473794985,round_robin,54,384,1.6999061360914351,0.5874196900982616,42336,1.759314486380309
1.0,384,sentinel,,0.0,,,base,41765,,1.6628571972751744,round_robin,55,384,1.6628571972751744,0.6019227135298564,42336,1.714274027957127
0.234375,3072,sentinel,,0.057195043515083956,2.066505412881573,0.03435564444710811,log_t,334120,0.7057291666666666,1.5558536434564196,round_robin,55,384,1.6130486869715037,0.6026313303099018,42336,1.676766748680189
0.2552083333333333,768,sentinel,,0.06213371972700438,,,sequential_lora,83530,,1.634575512799212,round_robin,55,384,1.6967092325262165,0.5869945200302343,42336,1.7544287229534055
1.0,384,sentinel,,0.0,,,base,41765,,1.6628571972751744,round_robin,56,384,1.6628571972751744,0.6019227135298564,42336,1.714274027957127
0.22395833333333334,3456,sentinel,,0.059272279376062935,2.1841320612778268,0.03490727596605817,log_t,375885,0.7057291666666666,1.5544185251716582,round_robin,56,384,1.6136908045477212,0.6023715041572184,42336,1.6769085663764294
0.24479166666666666,768,sentinel,,0.06186684170095009,,,sequential_lora,83530,,1.6394931657148983,round_robin,56,384,1.7013600074158486,0.5888841647770219,42336,1.7587256400155373
1.0,384,sentinel,,0.0,,,base,41765,,1.6628571972751744,round_robin,57,384,1.6628571972751744,0.6019227135298564,42336,1.714274027957127
0.22135416666666666,3456,sentinel,,0.05796564099336862,2.18403416313231,0.03482018147284786,log_t,375885,0.7213541666666666,1.5540584777375621,round_robin,57,384,1.6120241187309308,0.6023478835978836,42336,1.6762085967751408
0.2708333333333333,768,sentinel,,0.05586486554406148,,,sequential_lora,83530,,1.640481934888206,round_robin,57,384,1.6963468004322675,0.5886952003023431,42336,1.7518090419823238
1.0,384,sentinel,,0.0,,,base,41765,,1.6628571972751744,round_robin,58,384,1.6628571972751744,0.6019227135298564,42336,1.714274027957127
0.21614583333333334,3840,sentinel,,0.05929576423830133,2.2888843721399703,0.034289784263819456,log_t,417650,0.7083333333333334,1.5529224547180005,round_robin,58,384,1.6122182189563017,0.6022061602418746,42336,1.6767065570220205
0.24479166666666666,768,sentinel,,0.06459971844620764,,,sequential_lora,83530,,1.6415668687331484,round_robin,58,384,1.706166587179356,0.5878921012849584,42336,1.7610620627305045
1.0,384,sentinel,,0.0,,,base,41765,,1.6628571972751744,round_robin,59,384,1.6628571972751744,0.6019227135298564,42336,1.714274027957127
0.20833333333333334,3456,sentinel,,0.06177066079866899,2.1846983150268593,0.03246765692407886,log_t,375885,0.7083333333333334,1.5525580859607906,round_robin,59,384,1.6143287467594594,0.6023006424792139,42336,1.6791424605649075
0.2708333333333333,768,sentinel,,0.057661157815932444,,,sequential_lora,83530,,1.6391340124726954,round_robin,59,384,1.6967951702886277,0.5889314058956916,42336,1.752402352356406
1.0,384,sentinel,,0.0,,,base,41765,,1.6628571972751744,round_robin,60,384,1.6628571972751744,0.6019227135298564,42336,1.714274027957127
0.20572916666666666,3840,sentinel,,0.06477272494755788,2.289987441152334,0.0324917819040517,log_t,417650,0.7057291666666666,1.5497809185755853,round_robin,60,384,1.6145536435231431,0.6018282312925171,42336,1.679024776217168
0.2578125,768,sentinel,,0.06532101352518468,,,sequential_lora,83530,,1.6377758054957645,round_robin,60,384,1.703096819020949,0.5875141723356009,42336,1.759208313858901
1.0,384,sentinel,,0.0,,,base,41765,,1.6628571972751744,round_robin,61,384,1.6628571972751744,0.6019227135298564,42336,1.714274027957127
0.22135416666666666,3840,sentinel,,0.061117029140146474,2.2898783227428794,0.03280564568315943,log_t,417650,0.7109375,1.5514492992889861,round_robin,61,384,1.6125663284291323,0.6021116780045351,42336,1.676470584778829
0.2526041666666667,768,sentinel,,0.06263755879879054,,,sequential_lora,83530,,1.6422975385217766,round_robin,61,384,1.7049350973205672,0.5889077853363568,42336,1.7605878309271412
1.0,384,sentinel,,0.0,,,base,41765,,1.6628571972751744,round_robin,62,384,1.6628571972751744,0.6019227135298564,42336,1.714274027957127
0.21875,4224,sentinel,,0.06176388537816067,2.385235178594788,0.03299412985021869,log_t,459415,0.7135416666666666,1.5502182136896308,round_robin,62,384,1.6119820990677916,0.6021589191232048,42336,1.6760366744983404
0.2734375,768,sentinel,,0.05831389933651506,,,sequential_lora,83530,,1.6326138632584988,round_robin,62,384,1.6909277625950139,0.5882700302343159,42336,1.7496012123308664
1.0,384,sentinel,,0.0,,,base,41765,,1.6628571972751744,round_robin,63,384,1.6628571972751744,0.6019227135298564,42336,1.714274027957127
0.2578125,2688,sentinel,,0.05161031494579362,1.9334312131007512,0.034903079426536955,log_t,292355,0.7552083333333334,1.5569172545036902,round_robin,63,384,1.6085275694494838,0.6028202947845805,42336,1.6725009993473328
0.18489583333333334,768,sentinel,,0.07433361750114308,,,sequential_lora,83530,,1.6280787145397275,round_robin,63,384,1.7024123320408704,0.5884826152683296,42336,1.7626699680886255
1.0,384,sentinel,,0.0,,,base,41765,,1.6628571972751744,round_robin,64,384,1.6628571972751744,0.6019227135298564,42336,1.714274027957127
0.2526041666666667,3072,sentinel,,0.05267091953169128,2.0666663522521653,0.035456806576500334,log_t,334120,0.7526041666666666,1.5560079775485132,round_robin,64,384,1.6086788970802042,0.6030328798185941,42336,1.6725856759673434
0.3229166666666667,768,sentinel,,0.0527051911661466,,,sequential_lora,83530,,1.6238118857231882,round_robin,64,384,1.6765170768893352,0.5911044973544973,42336,1.7400779445583137
1.0,384,sentinel,,0.0,,,base,41765,,1.6628571972751744,round_robin,65,384,1.6628571972751744,0.6019227135298564,42336,1.714274027957127
0.24739583333333334,3072,sentinel,,0.0561707578484457,2.0667045150573053,0.03517410407463709,log_t,334120,0.7291666666666666,1.5555440347922904,round_robin,65,384,1.6117147926407362,0.60213529856387,42336,1.6750978253167954
0.2786458333333333,768,sentinel,,0.05838306500272599,,,sequential_lora,83530,,1.63413281105937,round_robin,65,384,1.692515876062096,0.5888605442176871,42336,1.752561088055879
1.0,384,sentinel,,0.0,,,base,41765,,1.6628571972751744,round_robin,66,384,1.6628571972751744,0.6019227135298564,42336,1.714274027957127
0.24479166666666666,3456,sentinel,,0.057606510908730736,2.1842727161323032,0.03555223671719432,log_t,375885,0.7239583333333334,1.554624200354545,round_robin,66,384,1.6122307112632759,0.6018282312925171,42336,1.6755894137010012
0.3125,768,sentinel,,0.05564282106776875,,,sequential_lora,83530,,1.6353841684387562,round_robin,66,384,1.6910269895065249,0.5887424414210128,42336,1.7498815863520663
1.0,384,sentinel,,0.0,,,base,41765,,1.6628571972751744,round_robin,67,384,1.6628571972751744,0.6019227135298564,42336,1.714274027957127
0.22916666666666666,3072,sentinel,,0.054212368189484106,2.0665163146331906,0.034835605726887785,log_t,334120,0.7369791666666666,1.5553779886595074,round_robin,67,384,1.6095903568489918,0.6023478835978836,42336,1.673264677708832
0.328125,768,sentinel,,0.05103043434510083,,,sequential_lora,83530,,1.6311683053832928,round_robin,67,384,1.6821987397283937,0.5904431216931217,42336,1.7435726368615372
1.0,384,sentinel,,0.0,,,base,41765,,1.6628571972751744,round_robin,68,384,1.6628571972751744,0.6019227135298564,42336,1.714274027957127
0.22135416666666666,3456,sentinel,,0.0557461656579121,2.1839650546511016,0.03503150291120013,log_t,375885,0.734375,1.5538915417210248,round_robin,68,384,1.609637707378937,0.6022061602418746,42336,1.6731440097949581
0.3046875,768,sentinel,,0.05031951361409248,,,sequential_lora,83530,,1.63619211940238,round_robin,68,384,1.6865116330164727,0.5901832955404384,42336,1.7487182629862075
1.0,384,sentinel,,0.0,,,base,41765,,1.6628571972751744,round_robin,69,384,1.6628571972751744,0.6019227135298564,42336,1.714274027957127
0.21875,3456,sentinel,,0.0555034188239513,2.1844536485150456,0.035257738549262285,log_t,375885,0.7395833333333334,1.5536018574884933,round_robin,69,384,1.6091052763124447,0.6020644368858654,42336,1.6736866981466882
0.2682291666666667,768,sentinel,,0.056734626970751656,,,sequential_lora,83530,,1.625083580962305,round_robin,69,384,1.6818182079330566,0.5911281179138322,42336,1.745921552217849
1.0,384,sentinel,,0.0,,,base,41765,,1.6628571972751744,round_robin,70,384,1.6628571972751744,0.6019227135298564,42336,1.714274027957127
0.22135416666666666,3840,sentinel,,0.056162286186355194,2.2895409408956766,0.03610301328202089,log_t,417650,0.734375,1.5517271662077563,round_robin,70,384,1.6078894523941114,0.6027021919879063,42336,1.672788029681618
0.2864583333333333,768,sentinel,,0.05407092247774061,,,sequential_lora,83530,,1.630341137785971,round_robin,70,384,1.6844120602637114,0.5898998488284203,42336,1.744712478441108
1.0,384,sentinel,,0.0,,,base,41765,,1.6628571972751744,round_robin,71,384,1.6628571972751744,0.6019227135298564,42336,1.714274027957127
0.2552083333333333,3072,sentinel,,0.051681125497216734,2.0669047233338156,0.03282260770599047,log_t,334120,0.7473958333333334,1.5525068849157975,round_robin,71,384,1.604188010413014,0.6020171957671958,42336,1.6689870342308162
0.328125,768,sentinel,,0.05180363312835363,,,sequential_lora,83530,,1.629796156683417,round_robin,71,384,1.6815997898117703,0.5900179516250945,42336,1.7417448088400016
1.0,384,sentinel,,0.0,,,base,41765,,1.6628571972751744,round_robin,72,384,1.6628571972751744,0.6019227135298564,42336,1.714274027957127
0.23958333333333334,3456,sentinel,,0.05203140556723565,2.1844514968494573,0.03318054989601175,log_t,375885,0.7447916666666666,1.5518079479883449,round_robin,72,384,1.6038393535555804,0.6021116780045351,42336,1.6685857685537655
0.20052083333333334,768,sentinel,,0.07636862337054914,,,sequential_lora,83530,,1.6314396027468143,round_robin,72,384,1.7078082261173637,0.5889786470143613,42336,1.7668587258458701
1.0,384,sentinel,,0.0,,,base,41765,,1.6628571972751744,round_robin,73,384,1.6628571972751744,0.6019227135298564,42336,1.714274027957127
0.234375,3456,sentinel,,0.051538088567882924,2.184643051276604,0.033165347607185446,log_t,375885,0.7526041666666666,1.5522431380069743,round_robin,73,384,1.6037812265748572,0.6026077097505669,42336,1.6691294656341398
0.328125,768,sentinel,,0.04834818741785049,,,sequential_lora,83530,,1.6266445895928499,round_robin,73,384,1.6749927770107005,0.5912698412698413,42336,1.7363659921464758
1.0,384,sentinel,,0.0,,,base,41765,,1.6628571972751744,round_robin,74,384,1.6628571972751744,0.6019227135298564,42336,1.714274027957127
0.23177083333333334,3840,sentinel,,0.0524061346508504,2.2898462284356356,0.032314930111169815,log_t,417650,0.7526041666666666,1.5515247780158898,round_robin,74,384,1.6039309126667403,0.6020171957671958,42336,1.669562712199113
0.3567708333333333,768,sentinel,,0.04926618937923935,,,sequential_lora,83530,,1.626443163239694,round_robin,74,384,1.6757093526189337,0.58994708994709,42336,1.7397277427179765
1.0,384,sentinel,,0.0,,,base,41765,,1.6628571972751744,round_robin,75,384,1.6628571972751744,0.6019227135298564,42336,1.714274027957127
0.21354166666666666,3456,sentinel,,0.05278476494516917,2.1844248650595546,0.03157321938003103,log_t,375885,0.7708333333333334,1.552187585642092,round_robin,75,384,1.6049723505872608,0.603198223733938,42336,1.6700811473623154
0.3072916666666667,768,sentinel,,0.05857823343356028,,,sequential_lora,83530,,1.633196853069581,round_robin,75,384,1.6917750865031413,0.5888841647770219,42336,1.7545627346790296
1.0,384,sentinel,,0.0,,,base,41765,,1.6628571972751744,round_robin,76,384,1.6628571972751744,0.6019227135298564,42336,1.714274027957127
0.20052083333333334,3840,sentinel,,0.053388567224035545,2.28912925782303,0.03188111229489247,log_t,417650,0.7630208333333334,1.5514461221296385,round_robin,76,384,1.6048346893536742,0.6031273620559335,42336,1.6699413633423148
0.2916666666666667,768,sentinel,,0.05635782163076137,,,sequential_lora,83530,,1.633627929065291,round_robin,76,384,1.6899857506960523,0.5894038170823885,42336,1.7496967779828667
1.0,384,sentinel,,0.0,,,base,41765,,1.6628571972751744,round_robin,77,384,1.6628571972751744,0.6019227135298564,42336,1.714274027957127
0.20052083333333334,3840,sentinel,,0.054468712668826115,2.289418921495477,0.03114107095946868,log_t,417650,0.7708333333333334,1.5514385575771061,round_robin,77,384,1.6059072702459323,0.6026313303099018,42336,1.6706548084139554
0.265625,768,sentinel,,0.060174673557398146,,,sequential_lora,83530,,1.6361189856391238,round_robin,77,384,1.696293659196522,0.5906084656084656,42336,1.7553774406985632
1.0,384,sentinel,,0.0,,,base,41765,,1.6628571972751744,round_robin,78,384,1.6628571972751744,0.6019227135298564,42336,1.714274027957127
0.20052083333333334,4224,sentinel,,0.057151589576360545,2.384582607075572,0.03146681593110164,log_t,459415,0.7708333333333334,1.5498870659896833,round_robin,78,384,1.6070386555660436,0.6023478835978836,42336,1.671471898078648
0.2421875,768,sentinel,,0.06697240466643775,,,sequential_lora,83530,,1.6322400813002593,round_robin,78,384,1.699212485966697,0.5888369236583523,42336,1.7586895923777142
1.0,384,sentinel,,0.0,,,base,41765,,1.6628571972751744,round_robin,79,384,1.6628571972751744,0.6019227135298564,42336,1.714274027957127
0.20833333333333334,3072,sentinel,,0.056400065289831415,2.0664349707464376,0.027677660807967186,log_t,334120,0.7786458333333334,1.5508868893923387,round_robin,79,384,1.60728695468217,0.6020408163265306,42336,1.6692793925805969
0.2838541666666667,768,sentinel,,0.059060515692871525,,,sequential_lora,83530,,1.6310430062875598,round_robin,79,384,1.6901035219804312,0.5885062358276644,42336,1.7514256212637898
1.0,384,sentinel,,0.0,,,base,41765,,1.6628571972751744,round_robin,80,384,1.6628571972751744,0.6019227135298564,42336,1.714274027957127
0.203125,3456,sentinel,,0.05737857480321352,2.1837323190023503,0.027995295512179535,log_t,375885,0.78125,1.5498998964146649,round_robin,80,384,1.6072784712178783,0.6018990929705216,42336,1.6693041561254478
0.2942708333333333,768,sentinel,,0.058531590810022745,,,sequential_lora,83530,,1.6322175249641313,round_robin,80,384,1.690749115774154,0.588718820861678,42336,1.7514699378352858
1.0,384,sentinel,,0.0,,,base,41765,,1.6628571972751744,round_robin,81,384,1.6628571972751744,0.6019227135298564,42336,1.714274027957127
0.1953125,3456,sentinel,,0.05688190744357108,2.183422300964594,0.02733856439590454,log_t,375885,0.7734375,1.5503147486712472,round_robin,81,384,1.6071966561148183,0.6018990929705216,42336,1.669184280687539
0.3098958333333333,768,sentinel,,0.058915522118304774,,,sequential_lora,83530,,1.6360761565995798,round_robin,81,384,1.6949916787178845,0.5886007180650038,42336,1.7546788933113195
1.0,384,sentinel,,0.0,,,base,41765,,1.6628571972751744,round_robin,82,384,1.6628571972751744,0.6019227135298564,42336,1.714274027957127
0.19270833333333334,3840,sentinel,,0.05918114010793619,2.288202385107676,0.02700146163503329,log_t,417650,0.7682291666666666,1.549340398916544,round_robin,82,384,1.60852153902448,0.6017573696145124,42336,1.6701548007497802
0.25,768,sentinel,,0.06607255675359068,,,sequential_lora,83530,,1.6355189713660758,round_robin,82,384,1.7015915281196665,0.5869945200302343,42336,1.7613235197983153
1.0,384,sentinel,,0.0,,,base,41765,,1.6628571972751744,round_robin,83,384,1.6628571972751744,0.6019227135298564,42336,1.714274027957127
0.19791666666666666,3456,sentinel,,0.058653875640997936,2.184529796553155,0.02749115213130911,log_t,375885,0.7552083333333334,1.5487991345551564,round_robin,83,384,1.6074530101961546,0.6017573696145124,42336,1.6699798374872539
0.3307291666666667,768,sentinel,,0.054669486258317024,,,sequential_lora,83530,,1.6335542036609108,round_robin,83,384,1.688223689919228,0.5873252078609221,42336,1.7516142087548587
1.0,384,sentinel,,0.0,,,base,41765,,1.6628571972751744,round_robin,84,384,1.6628571972751744,0.6019227135298564,42336,1.714274027957127
0.1953125,3840,sentinel,,0.06005482958556314,2.2894872293497124,0.028099274418006342,log_t,417650,0.7526041666666666,1.54648342962642,round_robin,84,384,1.6065382592119832,0.6020408163265306,42336,1.6690756440365395
0.2786458333333333,768,sentinel,,0.059619763519318685,,,sequential_lora,83530,,1.633186879434798,round_robin,84,384,1.6928066429541164,0.5874433106575964,42336,1.753148969977345
1.0,384,sentinel,,0.0,,,base,41765,,1.6628571972751744,round_robin,85,384,1.6628571972751744,0.6019227135298564,42336,1.714274027957127
0.1953125,3840,sentinel,,0.061429359652452144,2.2895748003696403,0.028906981305529673,log_t,417650,0.7552083333333334,1.5472636263978934,round_robin,85,384,1.6086929860503456,0.6018518518518519,42336,1.6711996528950048
0.2838541666666667,768,sentinel,,0.06007450233709485,,,sequential_lora,83530,,1.637806168393543,round_robin,85,384,1.6978806707306378,0.58994708994709,42336,1.7571102089332367
1.0,384,sentinel,,0.0,,,base,41765,,1.6628571972751744,round_robin,86,384,1.6628571972751744,0.6019227135298564,42336,1.714274027957127
0.18489583333333334,4224,sentinel,,0.06353315584825708,2.38490412880977,0.030814241773138445,log_t,459415,0.7526041666666666,1.546549357697596,round_robin,86,384,1.6100825135458532,0.6015447845804989,42336,1.6724274292847288
0.2604166666666667,768,sentinel,,0.0606908497906746,,,sequential_lora,83530,,1.6309570756879304,round_robin,86,384,1.6916479254786048,0.5889077853363568,42336,1.7555048764265866
1.0,384,sentinel,,0.0,,,base,41765,,1.6628571972751744,round_robin,87,384,1.6628571972751744,0.6019227135298564,42336,1.714274027957127
0.18229166666666666,3456,sentinel,,0.057584276413172125,2.1852825777605176,0.027969027093301218,log_t,375885,0.7708333333333334,1.5484902018234772,round_robin,87,384,1.6060744782366492,0.6031509826152683,42336,1.6685692928027493
0.1875,768,sentinel,,0.08032142885726384,,,sequential_lora,83530,,1.630382188018822,round_robin,87,384,1.7107036168760859,0.5883881330309901,42336,1.76798351356923
1.0,384,sentinel,,0.0,,,base,41765,,1.6628571972751744,round_robin,88,384,1.6628571972751744,0.6019227135298564,42336,1.714274027957127
0.171875,3840,sentinel,,0.05946358297940251,2.290289186562101,0.028447359955559175,log_t,417650,0.7630208333333334,1.5474755598399852,round_robin,88,384,1.6069391428193878,0.6030092592592593,42336,1.6692209659272401
0.3072916666666667,768,sentinel,,0.0515259496188264,,,sequential_lora,83530,,1.6292669888901148,round_robin,88,384,1.680792938508941,0.5887660619803476,42336,1.7420443749528318
1.0,384,sentinel,,0.0,,,base,41765,,1.6628571972751744,round_robin,89,384,1.6628571972751744,0.6019227135298564,42336,1.714274027957127
0.171875,3840,sentinel,,0.05997325547060354,2.2904287669807673,0.028241736193497975,log_t,417650,0.7526041666666666,1.5468914491816255,round_robin,89,384,1.6068647046522289,0.6023478835978836,42336,1.6687793411928329
0.2682291666666667,768,sentinel,,0.05667776870149202,,,sequential_lora,83530,,1.6337753232632046,round_robin,89,384,1.690453091964697,0.5903722600151171,42336,1.7495258571002816
1.0,384,sentinel,,0.0,,,base,41765,,1.6628571972751744,round_robin,90,384,1.6628571972751744,0.6019227135298564,42336,1.714274027957127
0.17708333333333334,4224,sentinel,,0.06146053504816663,2.3851100240523615,0.029374468605965376,log_t,459415,0.7447916666666666,1.54597342641257,round_robin,90,384,1.6074339614607365,0.6020644368858654,42336,1.669094094084414
0.2708333333333333,768,sentinel,,0.05985162855022167,,,sequential_lora,83530,,1.6385815849446035,round_robin,90,384,1.6984332134948252,0.5875141723356009,42336,1.7569179043725685
1.0,384,sentinel,,0.0,,,base,41765,,1.6628571972751744,round_robin,91,384,1.6628571972751744,0.6019227135298564,42336,1.714274027957127
0.19791666666666666,3840,sentinel,,0.06150675132104244,2.290166021014253,0.02940475894138217,log_t,417650,0.75,1.546375072932561,round_robin,91,384,1.6078818242536033,0.6031509826152683,42336,1.6699658444296295
0.265625,768,sentinel,,0.05351280494869883,,,sequential_lora,83530,,1.638838815414099,round_robin,91,384,1.692351620362798,0.5882227891156463,42336,1.7513356114148486
1.0,384,sentinel,,0.0,,,base,41765,,1.6628571972751744,round_robin,92,384,1.6628571972751744,0.6019227135298564,42336,1.714274027957127
0.18489583333333334,4224,sentinel,,0.06297367885759979,2.3848902558286986,0.029146954727669556,log_t,459415,0.7447916666666666,1.5449095868678862,round_robin,92,384,1.6078832657254856,0.6030328798185941,42336,1.6698805805033838
0.2786458333333333,768,sentinel,,0.060535626877127734,,,sequential_lora,83530,,1.6389735955972708,round_robin,92,384,1.6995092224743986,0.5867346938775511,42336,1.7602577952813083
1.0,384,sentinel,,0.0,,,base,41765,,1.6628571972751744,round_robin,93,384,1.6628571972751744,0.6019227135298564,42336,1.714274027957127
0.18229166666666666,4224,sentinel,,0.06369040037191522,2.3855923588077226,0.02956318606932958,log_t,459415,0.7395833333333334,1.5439584610360042,round_robin,93,384,1.6076488614079194,0.603812358276644,42336,1.6696364076882713
0.22916666666666666,768,sentinel,,0.06677431569078458,,,sequential_lora,83530,,1.627199018843604,round_robin,93,384,1.6939733345343886,0.5870181405895691,42336,1.7603059058723154
1.0,384,sentinel,,0.0,,,base,41765,,1.6628571972751744,round_robin,94,384,1.6628571972751744,0.6019227135298564,42336,1.714274027957127
0.171875,4608,sentinel,,0.06571633308642337,2.4722146882365146,0.030532378237694502,log_t,501180,0.7369791666666666,1.5426025770013727,round_robin,94,384,1.6083189100877961,0.603505291005291,42336,1.6702579231151378
0.2838541666666667,768,sentinel,,0.05620672400458095,,,sequential_lora,83530,,1.6284196302852676,round_robin,94,384,1.6846263542898487,0.5898289871504158,42336,1.7463432618544261
1.0,384,sentinel,,0.0,,,base,41765,,1.6628571972751744,round_robin,95,384,1.6628571972751744,0.6019227135298564,42336,1.714274027957127
0.23177083333333334,3072,sentinel,,0.05194273901059021,2.0672145637994013,0.028287116593370836,log_t,334120,0.8020833333333334,1.5502072496968504,round_robin,95,384,1.6021499887074404,0.6026785714285714,42336,1.6660948601535164
0.3307291666666667,768,sentinel,,0.05555515223974906,,,sequential_lora,83530,,1.6302680943575367,round_robin,95,384,1.6858232465972858,0.5888605442176871,42336,1.7466952486649348
1.0,384,sentinel,,0.0,,,base,41765,,1.6628571972751744,round_robin,96,384,1.6628571972751744,0.6019227135298564,42336,1.714274027957127
0.22916666666666666,3456,sentinel,,0.05174821927287032,2.185133431417247,0.0293272299071153,log_t,375885,0.7994791666666666,1.54989648899792,round_robin,96,384,1.6016447082707905,0.6026313303099018,42336,1.665432042537295
0.21614583333333334,768,sentinel,,0.0667398520419567,,,sequential_lora,83530,,1.6262122234338887,round_robin,96,384,1.6929520754758454,0.5896164021164021,42336,1.7579582255257635
1.0,384,sentinel,,0.0,,,base,41765,,1.6628571972751744,round_robin,97,384,1.6628571972751744,0.6019227135298564,42336,1.714274027957127
0.21614583333333334,3456,sentinel,,0.05263940062525171,2.18513241255035,0.028325816616415977,log_t,375885,0.7916666666666666,1.5494835479481857,round_robin,97,384,1.6021229485734374,0.6025132275132276,42336,1.666248138385768
0.3020833333333333,768,sentinel,,0.053575292214454305,,,sequential_lora,83530,,1.6246405597306761,round_robin,97,384,1.6782158519451302,0.5868291761148904,42336,1.7422472510912026
1.0,384,sentinel,,0.0,,,base,41765,,1.6628571972751744,round_robin,98,384,1.6628571972751744,0.6019227135298564,42336,1.714274027957127
0.203125,3840,sentinel,,0.05471762753887869,2.2900365985309086,0.028587038007875282,log_t,417650,0.7890625,1.5487567611270814,round_robin,98,384,1.6034743886659601,0.6015447845804989,42336,1.6674815630251634
0.3125,768,sentinel,,0.05488720804667042,,,sequential_lora,83530,,1.6255917740429613,round_robin,98,384,1.6804789820896318,0.5873252078609221,42336,1.7462823911262388
1.0,384,sentinel,,0.0,,,base,41765,,1.6628571972751744,round_robin,99,384,1.6628571972751744,0.6019227135298564,42336,1.714274027957127
0.20052083333333334,3456,sentinel,,0.05286330268638661,2.184843138170739,0.028883894129345816,log_t,375885,0.8125,1.548568601318915,round_robin,99,384,1.6014319040053016,0.6027258125472411,42336,1.6656382930347484
0.2890625,768,sentinel,,0.056607969349620896,,,sequential_lora,83530,,1.6314718311978564,round_robin,99,384,1.6880798005474773,0.5887896825396826,42336,1.7516544742463263
1.0,384,sentinel,,0.0,,,base,41765,,1.6628571972751744,round_robin,100,384,1.6628571972751744,0.6019227135298564,42336,1.714274027957127
0.20052083333333334,3840,sentinel,,0.053423070184972894,2.289406274445355,0.028395952967305977,log_t,417650,0.8046875,1.5481618607812209,round_robin,100,384,1.6015849309661938,0.6028911564625851,42336,1.665712675486585
0.2916666666666667,768,sentinel,,0.05203910824015748,,,sequential_lora,83530,,1.6294544669096547,round_robin,100,384,1.6814935751498121,0.592521730914588,42336,1.7405206226094014
1.0,384,sentinel,,0.0,,,base,41765,,1.6628571972751744,round_robin,101,384,1.6628571972751744,0.6019227135298564,42336,1.714274027957127
0.20052083333333334,3840,sentinel,,0.05324112033363907,2.2894982832173505,0.028175986371934414,log_t,417650,0.8072916666666666,1.5484795281545012,round_robin,101,384,1.60172064848814,0.6026785714285714,42336,1.6658040752221892
0.2578125,768,sentinel,,0.059554380313240486,,,sequential_lora,83530,,1.6374758283959656,round_robin,101,384,1.6970302087092062,0.5888841647770219,42336,1.7571244613828527
1.0,384,sentinel,,0.0,,,base,41765,,1.6628571972751744,round_robin,102,384,1.6628571972751744,0.6019227135298564,42336,1.714274027957127
0.18229166666666666,4224,sentinel,,0.05582779222968284,2.384569422652324,0.02945224583769838,log_t,459415,0.8046875,1.5471883315044463,round_robin,102,384,1.6030161237341292,0.6023715041572184,42336,1.667578275818786
0.2604166666666667,768,sentinel,,0.06402477195212956,,,sequential_lora,83530,,1.6308970676346808,round_robin,102,384,1.6949218395868104,0.5905376039304611,42336,1.7566370246164609
1.0,384,sentinel,,0.0,,,base,41765,,1.6628571972751744,round_robin,103,384,1.6628571972751744,0.6019227135298564,42336,1.714274027957127
0.15885416666666666,3456,sentinel,,0.05460145604710658,2.1846669434259334,0.025482124648988247,log_t,375885,0.8072916666666666,1.5494107584165466,round_robin,103,384,1.6040122144636533,0.6032218442932729,42336,1.6685528302099204
0.2864583333333333,768,sentinel,,0.05851890734262002,,,sequential_lora,83530,,1.632878208951339,round_robin,103,384,1.691397116293959,0.5906084656084656,42336,1.752656665879132
1.0,384,sentinel,,0.0,,,base,41765,,1.6628571972751744,round_robin,104,384,1.6628571972751744,0.6019227135298564,42336,1.714274027957127
0.15364583333333334,3840,sentinel,,0.05568841956151468,2.2893709714214006,0.026178622618317604,log_t,417650,0.8072916666666666,1.5491051896581352,round_robin,104,384,1.6047936092196498,0.6029620181405896,42336,1.6694167713780388
0.23958333333333334,768,sentinel,,0.06677843713532967,,,sequential_lora,83530,,1.6336634459299277,round_robin,104,384,1.7004418830652572,0.5887660619803476,42336,1.7640614562632004
1.0,384,sentinel,,0.0,,,base,41765,,1.6628571972751744,round_robin,105,384,1.6628571972751744,0.6019227135298564,42336,1.714274027957127
0.14583333333333334,3840,sentinel,,0.05692995167284879,2.289459090679884,0.026285996350149315,log_t,417650,0.8046875,1.5488831887251784,round_robin,105,384,1.6058131403980271,0.6025840891912321,42336,1.67011038432192
0.2838541666666667,768,sentinel,,0.05553535044567975,,,sequential_lora,83530,,1.6399853249297376,round_robin,105,384,1.6955206753754173,0.5905848450491308,42336,1.7527828919571047
1.0,384,sentinel,,0.0,,,base,41765,,1.6628571972751744,round_robin,106,384,1.6628571972751744,0.6019227135298564,42336,1.714274027957127
0.1484375,4224,sentinel,,0.05759007017832208,2.383742166683078,0.0266536387304465,log_t,459415,0.7994791666666666,1.5478925854716692,round_robin,106,384,1.6054826556499913,0.6026549508692366,42336,1.669859566895442
0.2552083333333333,768,sentinel,,0.06292349882544883,,,sequential_lora,83530,,1.6391507199047,round_robin,106,384,1.7020742187301485,0.5898526077097506,42336,1.7559346989239266
1.0,384,sentinel,,0.0,,,base,41765,,1.6628571972751744,round_robin,107,384,1.6628571972751744,0.6019227135298564,42336,1.714274027957127
0.17708333333333334,3840,sentinel,,0.05619310070925971,2.2898564614976444,0.025881423770139616,log_t,417650,0.7838541666666666,1.5475127996486513,round_robin,107,384,1.6037059003579108,0.6049697656840514,42336,1.6656332186430987
0.3307291666666667,768,sentinel,,0.04992916111521111,,,sequential_lora,83530,,1.6338394192009098,round_robin,107,384,1.683768580316121,0.5889550264550265,42336,1.7419203786082278
1.0,384,sentinel,,0.0,,,base,41765,,1.6628571972751744,round_robin,108,384,1.6628571972751744,0.6019227135298564,42336,1.714274027957127
0.17447916666666666,4224,sentinel,,0.059320792259652554,2.3846306425208845,0.02643696575736006,log_t,459415,0.78125,1.5455965683539186,round_robin,108,384,1.6049173606135712,0.6045209750566893,42336,1.6664683648658942
0.2630208333333333,768,sentinel,,0.06152347866739741,,,sequential_lora,83530,,1.639149249447855,round_robin,108,384,1.7006727281152525,0.5873015873015873,42336,1.757452353229711
1.0,384,sentinel,,0.0,,,base,41765,,1.6628571972751744,round_robin,109,384,1.6628571972751744,0.6019227135298564,42336,1.714274027957127
0.15104166666666666,4224,sentinel,,0.05869948053408425,2.38443503746142,0.027084057840208214,log_t,459415,0.7838541666666666,1.5466717300205157,round_robin,109,384,1.6053712105546,0.6048989040060468,42336,1.6665450880727755
0.2708333333333333,768,sentinel,,0.05949727451413514,,,sequential_lora,83530,,1.6428603294450852,round_robin,109,384,1.7023576039592205,0.5896164021164021,42336,1.758335989153045
1.0,384,sentinel,,0.0,,,base,41765,,1.6628571972751744,round_robin,110,384,1.6628571972751744,0.6019227135298564,42336,1.714274027957127
0.15104166666666666,4608,sentinel,,0.05953257468433509,2.4714821024487414,0.028168293337027233,log_t,501180,0.7864583333333334,1.5459685411520256,round_robin,110,384,1.605501115836361,0.6047808012093726,42336,1.6666555914799779
0.2630208333333333,768,sentinel,,0.06166301114927542,,,sequential_lora,83530,,1.6306300859894096,round_robin,110,384,1.6922930971386851,0.5881046863189721,42336,1.7541356676089903
1.0,384,sentinel,,0.0,,,base,41765,,1.6628571972751744,round_robin,111,384,1.6628571972751744,0.6019227135298564,42336,1.714274027957127
0.16927083333333334,3456,sentinel,,0.0577644672268852,2.1854879402865968,0.02900831416870157,log_t,375885,0.8098958333333334,1.5483016341844238,round_robin,111,384,1.6060661014113091,0.603812358276644,42336,1.6685474042049295
0.19270833333333334,768,sentinel,,0.07868444121905077,,,sequential_lora,83530,,1.6295987463460515,round_robin,111,384,1.7082831875651026,0.5913879440665155,42336,1.7649020061065117
1.0,384,sentinel,,0.0,,,base,41765,,1.6628571972751744,round_robin,112,384,1.6628571972751744,0.6019227135298564,42336,1.714274027957127
0.15104166666666666,3840,sentinel,,0.06053390268977892,2.2898996534446874,0.02924743527546525,log_t,417650,0.7994791666666666,1.5469547981610943,round_robin,112,384,1.6074887008508731,0.6029620181405896,42336,1.6697582175542662
0.3125,768,sentinel,,0.05396320200818877,,,sequential_lora,83530,,1.6280100478731976,round_robin,112,384,1.6819732498813866,0.5881283068783069,42336,1.7459740888891222
1.0,384,sentinel,,0.0,,,base,41765,,1.6628571972751744,round_robin,113,384,1.6628571972751744,0.6019227135298564,42336,1.714274027957127
0.15885416666666666,3840,sentinel,,0.058165372661901193,2.2904917870958648,0.02897100569680333,log_t,417650,0.7994791666666666,1.5479114564901941,round_robin,113,384,1.6060768291520953,0.6033399470899471,42336,1.6683848937403183
0.2578125,768,sentinel,,0.051731896113473584,,,sequential_lora,83530,,1.6322200254246642,round_robin,113,384,1.6839519215381376,0.5915769085411943,42336,1.7428915869108121
1.0,384,sentinel,,0.0,,,base,41765,,1.6628571972751744,round_robin,114,384,1.6628571972751744,0.6019227135298564,42336,1.714274027957127
0.15364583333333334,4224,sentinel,,0.059996339281227745,2.38493939054509,0.02891901632150014,log_t,459415,0.7890625,1.547201327260417,round_robin,114,384,1.607197666541645,0.6029147770219199,42336,1.6699462842649568
0.265625,768,sentinel,,0.05828639505951114,,,sequential_lora,83530,,1.636830345186983,round_robin,114,384,1.6951167402464942,0.5868291761148904,42336,1.7525145686903822
1.0,384,sentinel,,0.0,,,base,41765,,1.6628571972751744,round_robin,115,384,1.6628571972751744,0.6019227135298564,42336,1.714274027957127
0.15104166666666666,3840,sentinel,,0.06032840978578125,2.2904722538466253,0.026368808932602406,log_t,417650,0.7916666666666666,1.5463498859163705,round_robin,115,384,1.6066782957021515,0.6038595993953136,42336,1.6691179405855618
0.3125,768,sentinel,,0.05621665004179216,,,sequential_lora,83530,,1.6319258052865628,round_robin,115,384,1.6881424553283553,0.5888841647770219,42336,1.749293954845853
1.0,384,sentinel,,0.0,,,base,41765,,1.6628571972751744,round_robin,116,384,1.6628571972751744,0.6019227135298564,42336,1.714274027957127
0.15364583333333334,4224,sentinel,,0.061785219146187086,2.3850743236641088,0.026980063257118065,log_t,459415,0.7890625,1.5452542898180346,round_robin,116,384,1.607039508964222,0.6039540816326531,42336,1.669257097382687
0.3046875,768,sentinel,,0.05799661897675002,,,sequential_lora,83530,,1.6368600544589296,round_robin,116,384,1.6948566734356796,0.5885062358276644,42336,1.7538053431447513
1.0,384,sentinel,,0.0,,,base,41765,,1.6628571972751744,round_robin,117,384,1.6628571972751744,0.6019227135298564,42336,1.714274027957127
0.14322916666666666,4224,sentinel,,0.06141328664879688,2.385398741811514,0.028136724140495062,log_t,459415,0.8020833333333334,1.5447941417164979,round_robin,117,384,1.6062074283652947,0.6043083900226758,42336,1.6688603626497973
0.2760416666666667,768,sentinel,,0.061170098582226155,,,sequential_lora,83530,,1.6275098885359454,round_robin,117,384,1.6886799871181717,0.5886243386243386,42336,1.7508814046729584
1.0,384,sentinel,,0.0,,,base,41765,,1.6628571972751744,round_robin,118,384,1.6628571972751744,0.6019227135298564,42336,1.714274027957127
0.1484375,4608,sentinel,,0.06241142893847434,2.4719520919024944,0.029871345032006502,log_t,501180,0.8020833333333334,1.543899048700868,round_robin,118,384,1.6063104776393422,0.6041430461073318,42336,1.6690889622759881
0.3125,768,sentinel,,0.05384422652458703,,,sequential_lora,83530,,1.6267191370139218,round_robin,118,384,1.6805633635385089,0.5908682917611489,42336,1.7409406200991782
1.0,384,sentinel,,0.0,,,base,41765,,1.6628571972751744,round_robin,119,384,1.6628571972751744,0.6019227135298564,42336,1.714274027957127
0.17447916666666666,3840,sentinel,,0.05803136638817468,2.290758886374533,0.02575287859266003,log_t,417650,0.7994791666666666,1.5449777441232102,round_robin,119,384,1.6030091105113848,0.6045209750566893,42336,1.6647730080139114
0.3411458333333333,768,sentinel,,0.0526068725045749,,,sequential_lora,83530,,1.6280415286327325,round_robin,119,384,1.6806484011373077,0.5897108843537415,42336,1.7407795542052813
1.0,384,sentinel,,0.0,,,base,41765,,1.6628571972751744,round_robin,120,384,1.6628571972751744,0.6019227135298564,42336,1.714274027957127
0.17708333333333334,4224,sentinel,,0.058146408845586105,2.3860249059895673,0.026364894894262154,log_t,459415,0.7994791666666666,1.544259244141979,round_robin,120,384,1.6024056529875652,0.6047571806500378,42336,1.6642113924167279
0.2682291666666667,768,sentinel,,0.060208829542089386,,,sequential_lora,83530,,1.6252720602522797,round_robin,120,384,1.6854808897943692,0.591317082388511,42336,1.7469548654185716
1.0,384,sentinel,,0.0,,,base,41765,,1.6628571972751744,round_robin,121,384,1.6628571972751744,0.6019227135298564,42336,1.714274027957127
0.15625,4224,sentinel,,0.06079853235324223,2.3859960678964853,0.02482567975918452,log_t,459415,0.7890625,1.544148993136626,round_robin,121,384,1.604947525489868,0.6041430461073318,42336,1.666944851424441
0.34375,768,sentinel,,0.051165662501408,,,sequential_lora,83530,,1.6236701763228847,round_robin,121,384,1.6748358388242925,0.5894982993197279,42336,1.7361473100075466
1.0,384,sentinel,,0.0,,,base,41765,,1.6628571972751744,round_robin,122,384,1.6628571972751744,0.6019227135298564,42336,1.714274027957127
0.15364583333333334,4608,sentinel,,0.061017215347919575,2.472513701145848,0.025488412007689476,log_t,501180,0.796875,1.5440009483373398,round_robin,122,384,1.6050181636852594,0.6043083900226758,42336,1.667034507262396
0.34375,768,sentinel,,0.05334497441490432,,,sequential_lora,83530,,1.628177109227294,round_robin,122,384,1.6815220836421985,0.5892857142857143,42336,1.7453524705447758
1.0,384,sentinel,,0.0,,,base,41765,,1.6628571972751744,round_robin,123,384,1.6628571972751744,0.6019227135298564,42336,1.714274027957127
0.14583333333333334,4224,sentinel,,0.05942947743393708,2.3858882381270328,0.0249045353072385,log_t,459415,0.8020833333333334,1.5457631783505141,round_robin,123,384,1.6051926557844514,0.6033871882086168,42336,1.667142109977798
0.2708333333333333,768,sentinel,,0.060165211402263656,,,sequential_lora,83530,,1.6312783058614235,round_robin,123,384,1.6914435172636872,0.5898998488284203,42336,1.7512204257049122
1.0,384,sentinel,,0.0,,,base,41765,,1.6628571972751744,round_robin,124,384,1.6628571972751744,0.6019227135298564,42336,1.714274027957127
0.140625,4608,sentinel,,0.06043668227200305,2.4721865275253854,0.024655832909047604,log_t,501180,0.7916666666666666,1.5451842125585185,round_robin,124,384,1.6056208948305215,0.6034344293272865,42336,1.6675370032290167
0.3151041666666667,768,sentinel,,0.04824613120510921,,,sequential_lora,83530,,1.6300861515335143,round_robin,124,384,1.6783322827386238,0.5904195011337868,42336,1.737839323139059
1.0,384,sentinel,,0.0,,,base,41765,,1.6628571972751744,round_robin,125,384,1.6628571972751744,0.6019227135298564,42336,1.714274027957127
0.140625,4608,sentinel,,0.060591279808368675,2.4722446594387293,0.024744934402406216,log_t,501180,0.8046875,1.5451946976753763,round_robin,125,384,1.6057859774837449,0.6026785714285714,42336,1.66844979529174
0.2109375,768,sentinel,,0.07004142550468527,,,sequential_lora,83530,,1.6363040389183787,round_robin,125,384,1.7063454644230642,0.5883172713529856,42336,1.7606439541403038
1.0,384,sentinel,,0.0,,,base,41765,,1.6628571972751744,round_robin,126,384,1.6628571972751744,0.6019227135298564,42336,1.714274027957127
0.1328125,4992,sentinel,,0.06109136182621849,2.551842569683989,0.025477864934752386,log_t,542945,0.8046875,1.5447950581757561,round_robin,126,384,1.6058864200019747,0.6026077097505669,42336,1.6685141629017806
0.2526041666666667,768,sentinel,,0.061678633898631256,,,sequential_lora,83530,,1.6312808650933774,round_robin,126,384,1.6929594989920087,0.5893801965230536,42336,1.75420578990416
1.0,384,sentinel,,0.0,,,base,41765,,1.6628571972751744,round_robin,127,384,1.6628571972751744,0.6019227135298564,42336,1.714274027957127
0.22395833333333334,3072,sentinel,,0.051695466451510304,2.066120537618796,0.026924848556518555,log_t,334120,0.8072916666666666,1.5473891161809323,round_robin,127,384,1.5990845826324425,0.6031746031746031,42336,1.662786421809523
0.2708333333333333,768,sentinel,,0.057303825793869646,,,sequential_lora,83530,,1.6335368729713065,round_robin,127,384,1.690840698765176,0.5867346938775511,42336,1.7492631181387495
1.0,384,sentinel,,0.0,,,base,41765,,1.6628571972751744,round_robin,128,384,1.6628571972751744,0.6019227135298564,42336,1.714274027957127
0.21875,3456,sentinel,,0.052575451144401986,2.183261380530894,0.02711124299094081,log_t,375885,0.8072916666666666,1.5468771235254437,round_robin,128,384,1.5994525746698456,0.6031037414965986,42336,1.6630117996762634
0.22395833333333334,768,sentinel,,0.058200467287638225,,,sequential_lora,83530,,1.6343617196866072,round_robin,128,384,1.6925621869742453,0.5893093348450491,42336,1.7542609358776589
1.0,384,sentinel,,0.0,,,base,41765,,1.6628571972751744,round_robin,129,384,1.6628571972751744,0.6019227135298564,42336,1.714274027957127
0.22135416666666666,3456,sentinel,,0.05367208625962453,2.183099815932413,0.02797575605412324,log_t,375885,0.8046875,1.5462494961050586,round_robin,129,384,1.599921582364683,0.6027730536659108,42336,1.6639127698357379
0.2734375,768,sentinel,,0.05434572298355465,,,sequential_lora,83530,,1.6382475485106431,round_robin,129,384,1.6925932714941976,0.5896872637944066,42336,1.7498129709333023
1.0,384,sentinel,,0.0,,,base,41765,,1.6628571972751744,round_robin,130,384,1.6628571972751744,0.6019227135298564,42336,1.714274027957127
0.2265625,3840,sentinel,,0.054090752484950294,2.2875110680858293,0.028331592523803312,log_t,417650,0.8046875,1.5450589850800327,round_robin,130,384,1.599149737564983,0.6028675359032502,42336,1.663411506374232
0.24739583333333334,768,sentinel,,0.0629958763590764,,,sequential_lora,83530,,1.634376192725532,round_robin,130,384,1.6973720690846086,0.5886007180650038,42336,1.7561770406743837
1.0,384,sentinel,,0.0,,,base,41765,,1.6628571972751744,round_robin,131,384,1.6628571972751744,0.6019227135298564,42336,1.714274027957127
0.21354166666666666,3456,sentinel,,0.055220752439016536,2.183602765823404,0.027506007657696802,log_t,375885,0.7916666666666666,1.5463292988971304,round_robin,131,384,1.6015500513361471,0.6027730536659108,42336,1.6652998204236724
0.3098958333333333,768,sentinel,,0.04874013773679861,,,sequential_lora,83530,,1.635009641901922,round_robin,131,384,1.6837497796387206,0.5903722600151171,42336,1.7428270431653576
1.0,384,sentinel,,0.0,,,base,41765,,1.6628571972751744,round_robin,132,384,1.6628571972751744,0.6019227135298564,42336,1.714274027957127
0.20833333333333334,3840,sentinel,,0.05661714725338188,2.288558949716389,0.027306655887514353,log_t,417650,0.7864583333333334,1.5444133669032014,round_robin,132,384,1.601030514156583,0.6028675359032502,42336,1.6654841693002767
0.2526041666666667,768,sentinel,,0.06263178083318195,,,sequential_lora,83530,,1.6378672550201505,round_robin,132,384,1.7004990358533325,0.5863095238095238,42336,1.760460647111667
1.0,384,sentinel,,0.0,,,base,41765,,1.6628571972751744,round_robin,133,384,1.6628571972751744,0.6019227135298564,42336,1.714274027957127
0.19270833333333334,3840,sentinel,,0.055926934308736374,2.288612814309696,0.028063558042049408,log_t,417650,0.7916666666666666,1.544840591469893,round_robin,133,384,1.6007675257786296,0.6027021919879063,42336,1.6646043953724425
0.296875,768,sentinel,,0.056556756217308386,,,sequential_lora,83530,,1.6421695667114615,round_robin,133,384,1.69872632292877,0.5895219198790628,42336,1.753437446451444
1.0,384,sentinel,,0.0,,,base,41765,,1.6628571972751744,round_robin,134,384,1.6628571972751744,0.6019227135298564,42336,1.714274027957127
0.18229166666666666,4224,sentinel,,0.05808356870628755,2.384083486162126,0.028715909458696842,log_t,459415,0.7916666666666666,1.5440187477694118,round_robin,134,384,1.6021023164756993,0.6021825396825397,42336,1.6657252854062914
0.2682291666666667,768,sentinel,,0.05648357151634525,,,sequential_lora,83530,,1.6292422228810255,round_robin,134,384,1.685725794397371,0.5898289871504158,42336,1.7458793035541533
1.0,384,sentinel,,0.0,,,base,41765,,1.6628571972751744,round_robin,135,384,1.6628571972751744,0.6019227135298564,42336,1.714274027957127
0.1875,3456,sentinel,,0.05290347128761616,2.1846181821698942,0.025989414968838293,log_t,375885,0.8229166666666666,1.5468493195286788,round_robin,135,384,1.599752790816295,0.6025840891912321,42336,1.6643018171012414
0.21875,768,sentinel,,0.06564633147450058,,,sequential_lora,83530,,1.6279270255569724,round_robin,135,384,1.6935733570314728,0.5914824263038548,42336,1.7531995706876862
1.0,384,sentinel,,0.0,,,base,41765,,1.6628571972751744,round_robin,136,384,1.6628571972751744,0.6019227135298564,42336,1.714274027957127
0.19270833333333334,3840,sentinel,,0.054180912041302515,2.2894537715862193,0.026748265760640304,log_t,417650,0.8203125,1.5461173536778918,round_robin,136,384,1.6002982657191944,0.6023006424792139,42336,1.6646638683283466
0.3489583333333333,768,sentinel,,0.045830763105713206,,,sequential_lora,83530,,1.6243493367087547,round_robin,136,384,1.670180099814468,0.5910336356764928,42336,1.7339907722999586
1.0,384,sentinel,,0.0,,,base,41765,,1.6628571972751744,round_robin,137,384,1.6628571972751744,0.6019227135298564,42336,1.714274027957127
0.17708333333333334,3840,sentinel,,0.05564505980575419,2.2896791802098355,0.025557443344344694,log_t,417650,0.8072916666666666,1.5458867505019727,round_robin,137,384,1.601531810307727,0.6026785714285714,42336,1.6652590579649635
0.2864583333333333,768,sentinel,,0.05594184071803862,,,sequential_lora,83530,,1.6293958944151534,round_robin,137,384,1.685337735133192,0.5899234693877551,42336,1.7465461391888035
1.0,384,sentinel,,0.0,,,base,41765,,1.6628571972751744,round_robin,138,384,1.6628571972751744,0.6019227135298564,42336,1.714274027957127
0.1796875,4224,sentinel,,0.056819459979795706,2.3845617001255355,0.02590574339653055,log_t,459415,0.8072916666666666,1.5450347207627695,round_robin,138,384,1.601854180742565,0.6026313303099018,42336,1.6656480215677114
0.3177083333333333,768,sentinel,,0.05808421928893437,,,sequential_lora,83530,,1.630394913343166,round_robin,138,384,1.6884791326321007,0.5884353741496599,42336,1.7479084427647986
1.0,384,sentinel,,0.0,,,base,41765,,1.6628571972751744,round_robin,139,384,1.6628571972751744,0.6019227135298564,42336,1.714274027957127
0.1796875,3840,sentinel,,0.055570441465479896,2.2897369830558696,0.02562995006640752,log_t,417650,0.7994791666666666,1.54574675565304,round_robin,139,384,1.6013171971185198,0.6031509826152683,42336,1.6657695198468216
0.3229166666666667,768,sentinel,,0.04995870856859511,,,sequential_lora,83530,,1.630229191559575,round_robin,139,384,1.6801879001281703,0.5898053665910808,42336,1.7397797949758562
1.0,384,sentinel,,0.0,,,base,41765,,1.6628571972751744,round_robin,140,384,1.6628571972751744,0.6019227135298564,42336,1.714274027957127
0.18229166666666666,4224,sentinel,,0.05608185365249393,2.384506176225841,0.026167521718889475,log_t,459415,0.8020833333333334,1.5446102841055638,round_robin,140,384,1.6006921377580579,0.6031509826152683,42336,1.6650875685539432
0.2760416666666667,768,sentinel,,0.05499246506725519,,,sequential_lora,83530,,1.6324090507922184,round_robin,140,384,1.6874015158594735,0.5887424414210128,42336,1.7473465224090212
1.0,384,sentinel,,0.0,,,base,41765,,1.6628571972751744,round_robin,141,384,1.6628571972751744,0.6019227135298564,42336,1.714274027957127
0.17447916666666666,4224,sentinel,,0.056183871636391415,2.3847691317399344,0.02670878761758407,log_t,459415,0.8151041666666666,1.544950448342613,round_robin,141,384,1.6011343199790045,0.6031273620559335,42336,1.6658125088971816
0.2786458333333333,768,sentinel,,0.05489829019537823,,,sequential_lora,83530,,1.625423141577439,round_robin,141,384,1.680321431772817,0.5892857142857143,42336,1.7424310938267211
1.0,384,sentinel,,0.0,,,base,41765,,1.6628571972751744,round_robin,142,384,1.6628571972751744,0.6019227135298564,42336,1.714274027957127
0.17447916666666666,4608,sentinel,,0.05628404482048759,2.471567183112105,0.027187774889171124,log_t,501180,0.8151041666666666,1.54425546263489,round_robin,142,384,1.6005395074553774,0.6028911564625851,42336,1.6653821460616889
0.28125,768,sentinel,,0.05636985970535802,,,sequential_lora,83530,,1.6302524162357173,round_robin,142,384,1.6866222759410752,0.5886952003023431,42336,1.7489688479801244
1.0,384,sentinel,,0.0,,,base,41765,,1.6628571972751744,round_robin,143,384,1.6628571972751744,0.6019227135298564,42336,1.714274027957127
0.19791666666666666,3456,sentinel,,0.05217841818118275,2.184990416901807,0.0240451293066144,log_t,375885,0.796875,1.5433591668427942,round_robin,143,384,1.5955375850239768,0.6026549508692366,42336,1.660777768933229
0.3151041666666667,768,sentinel,,0.05191085492778789,,,sequential_lora,83530,,1.6289149757857142,round_robin,143,384,1.680825830713502,0.589640022675737,42336,1.7408822820474728
1.0,384,sentinel,,0.0,,,base,41765,,1.6628571972751744,round_robin,144,384,1.6628571972751744,0.6019227135298564,42336,1.714274027957127
0.19270833333333334,3840,sentinel,,0.05403406653726966,2.290234529413283,0.02494969917461276,log_t,417650,0.7916666666666666,1.5425030927951682,round_robin,144,384,1.5965371593324378,0.6027966742252456,42336,1.6614766018113187
0.25,768,sentinel,,0.06220563670574142,,,sequential_lora,83530,,1.6257187654655851,round_robin,144,384,1.6879244021713264,0.5907738095238095,42336,1.7510773215670974
1.0,384,sentinel,,0.0,,,base,41765,,1.6628571972751744,round_robin,145,384,1.6628571972751744,0.6019227135298564,42336,1.714274027957127
0.171875,3840,sentinel,,0.056502639164687764,2.290243766270578,0.025210748116175335,log_t,417650,0.7838541666666666,1.5418315314841806,round_robin,145,384,1.5983341706488685,0.6030328798185941,42336,1.6635481260093217
0.2864583333333333,768,sentinel,,0.05490695014654367,,,sequential_lora,83530,,1.6287312853320233,round_robin,145,384,1.6836382354785668,0.5898053665910808,42336,1.7466655485669906
1.0,384,sentinel,,0.0,,,base,41765,,1.6628571972751744,round_robin,146,384,1.6628571972751744,0.6019227135298564,42336,1.714274027957127
0.16927083333333334,4224,sentinel,,0.05827507313722411,2.385002398863435,0.02554241909335057,log_t,459415,0.7734375,1.5412888118253398,round_robin,146,384,1.5995638849625637,0.6037178760393046,42336,1.6645080495776379
0.3125,768,sentinel,,0.05119716286071139,,,sequential_lora,83530,,1.6302369126082334,round_robin,146,384,1.6814340754689445,0.5889077853363568,42336,1.743632619095317
1.0,384,sentinel,,0.0,,,base,41765,,1.6628571972751744,round_robin,147,384,1.6628571972751744,0.6019227135298564,42336,1.714274027957127
0.171875,3840,sentinel,,0.0556422167746194,2.2901911986991763,0.025702618528157473,log_t,417650,0.7916666666666666,1.5431548441329748,round_robin,147,384,1.598797060907594,0.6036706349206349,42336,1.662533661307667
0.2994791666666667,768,sentinel,,0.05974107202090296,,,sequential_lora,83530,,1.6305487613718912,round_robin,147,384,1.690289833392794,0.5897345049130763,42336,1.751368494500221
1.0,384,sentinel,,0.0,,,base,41765,,1.6628571972751744,round_robin,148,384,1.6628571972751744,0.6019227135298564,42336,1.714274027957127
0.171875,4224,sentinel,,0.05752734203798868,2.384670269985994,0.025437903745720785,log_t,459415,0.7864583333333334,1.5428417963650525,round_robin,148,384,1.6003691384030414,0.6036942554799698,42336,1.6643030976775248
0.2708333333333333,768,sentinel,,0.051504237264489154,,,sequential_lora,83530,,1.633911076767818,round_robin,148,384,1.685415314032307,0.5896872637944066,42336,1.7445040201755608
1.0,384,sentinel,,0.0,,,base,41765,,1.6628571972751744,round_robin,149,384,1.6628571972751744,0.6019227135298564,42336,1.714274027957127
0.16927083333333334,4224,sentinel,,0.057376156299707576,2.384960231681665,0.025664632208645344,log_t,459415,0.7864583333333334,1.5420352177627616,round_robin,149,384,1.5994113740624691,0.6040485638699924,42336,1.663158593526869
0.2786458333333333,768,sentinel,,0.05027697817349099,,,sequential_lora,83530,,1.635950953398367,round_robin,149,384,1.6862279315718582,0.5873960695389266,42336,1.7467711268194184
1.0,384,sentinel,,0.0,,,base,41765,,1.6628571972751744,round_robin,150,384,1.6628571972751744,0.6019227135298564,42336,1.714274027957127
0.171875,4608,sentinel,,0.05856473114924777,2.4715957331160703,0.026019807439297438,log_t,501180,0.78125,1.5407935337497047,round_robin,150,384,1.5993582648989524,0.6035525321239606,42336,1.6627971653777962
0.2630208333333333,768,sentinel,,0.05791120575951303,,,sequential_lora,83530,,1.6330613799304532,round_robin,150,384,1.6909725856899662,0.5882464096749811,42336,1.7517290359344657
1.0,384,sentinel,,0.0,,,base,41765,,1.6628571972751744,round_robin,151,384,1.6628571972751744,0.6019227135298564,42336,1.714274027957127
0.171875,3840,sentinel,,0.05600683970794423,2.2902655648067594,0.02346291687960426,log_t,417650,0.7864583333333334,1.541801112992948,round_robin,151,384,1.5978079527008922,0.603198223733938,42336,1.6629507416332716
0.296875,768,sentinel,,0.056575820862067194,,,sequential_lora,83530,,1.631340829331922,round_robin,151,384,1.687916650193989,0.5873015873015873,42336,1.751625590343155
1.0,384,sentinel,,0.0,,,base,41765,,1.6628571972751744,round_robin,152,384,1.6628571972751744,0.6019227135298564,42336,1.714274027957127
0.16927083333333334,4224,sentinel,,0.057701143567558795,2.3851097896695137,0.023477523277203243,log_t,459415,0.7864583333333334,1.5410832851397436,round_robin,152,384,1.5987844287073025,0.6029620181405896,42336,1.6636153878911608
0.2760416666666667,768,sentinel,,0.053796791105442276,,,sequential_lora,83530,,1.6333442084936545,round_robin,152,384,1.687140999599097,0.5882227891156463,42336,1.7498281826733282
1.0,384,sentinel,,0.0,,,base,41765,,1.6628571972751744,round_robin,153,384,1.6628571972751744,0.6019227135298564,42336,1.714274027957127
0.1796875,4224,sentinel,,0.0562745877999036,2.384692819478611,0.02363862795755267,log_t,459415,0.78125,1.5419520122773698,round_robin,153,384,1.5982266000772734,0.6027730536659108,42336,1.6634024439678046
0.3098958333333333,768,sentinel,,0.05406034861387862,,,sequential_lora,83530,,1.6351768546136942,round_robin,153,384,1.6892372032275726,0.5894274376417233,42336,1.7475529238454948
1.0,384,sentinel,,0.0,,,base,41765,,1.6628571972751744,round_robin,154,384,1.6628571972751744,0.6019227135298564,42336,1.714274027957127
0.17447916666666666,4608,sentinel,,0.057393968588110834,2.4709470197558403,0.024248020102580387,log_t,501180,0.7734375,1.5408481110777228,round_robin,154,384,1.5982420796658339,0.6027966742252456,42336,1.663361549865277
0.2630208333333333,768,sentinel,,0.06060414375022263,,,sequential_lora,83530,,1.634749158506849,round_robin,154,384,1.6953533022570717,0.5894746787603931,42336,1.7570159830243093
1.0,384,sentinel,,0.0,,,base,41765,,1.6628571972751744,round_robin,155,384,1.6628571972751744,0.6019227135298564,42336,1.714274027957127
0.16145833333333334,4224,sentinel,,0.0619443909626502,2.3852297514677048,0.023571684180448454,log_t,459415,0.765625,1.5411627653818485,round_robin,155,384,1.6031071563444985,0.6029620181405896,42336,1.6668498615346403
0.3098958333333333,768,sentinel,,0.0498067050626857,,,sequential_lora,83530,,1.6319374336521266,round_robin,155,384,1.6817441387148124,0.589781746031746,42336,1.7420314800892467
1.0,384,sentinel,,0.0,,,base,41765,,1.6628571972751744,round_robin,156,384,1.6628571972751744,0.6019227135298564,42336,1.714274027957127
0.16666666666666666,4608,sentinel,,0.06319795404559893,2.4717415384948254,0.024471417535096407,log_t,501180,0.7630208333333334,1.539987795744116,round_robin,156,384,1.6031857497897148,0.6029147770219199,42336,1.667458964688443
0.28125,768,sentinel,,0.059161971079536024,,,sequential_lora,83530,,1.633378037128927,round_robin,156,384,1.6925400082084632,0.5866402116402116,42336,1.752852804374544
1.0,384,sentinel,,0.0,,,base,41765,,1.6628571972751744,round_robin,157,384,1.6628571972751744,0.6019227135298564,42336,1.714274027957127
0.15885416666666666,4608,sentinel,,0.0596269777128391,2.4717490455756583,0.023511273165543873,log_t,501180,0.7734375,1.541213015357016,round_robin,157,384,1.6008399930698551,0.6027966742252456,42336,1.6644285626840396
0.2994791666666667,768,sentinel,,0.052260810276428614,,,sequential_lora,83530,,1.6382432081909561,round_robin,157,384,1.6905040184673847,0.5900651927437641,42336,1.7484593870736327
1.0,384,sentinel,,0.0,,,base,41765,,1.6628571972751744,round_robin,158,384,1.6628571972751744,0.6019227135298564,42336,1.714274027957127
0.15364583333333334,4992,sentinel,,0.06089631063238519,2.55169363754491,0.02419405383989215,log_t,542945,0.7734375,1.540604045780733,round_robin,158,384,1.601500356413118,0.6026077097505669,42336,1.664995588923263
0.2682291666666667,768,sentinel,,0.05800424103393706,,,sequential_lora,83530,,1.628356144176852,round_robin,158,384,1.686360385210789,0.5889550264550265,42336,1.7502358165074727
1.0,384,sentinel,,0.0,,,base,41765,,1.6628571972751744,round_robin,159,384,1.6628571972751744,0.6019227135298564,42336,1.714274027957127
0.1875,3456,sentinel,,0.05450300024650694,2.1855429004256925,0.026117463285724323,log_t,375885,0.8463541666666666,1.543690467504752,round_robin,159,384,1.598193467751259,0.6037651171579743,42336,1.6619694354280108
0.2265625,768,sentinel,,0.07134024900858625,,,sequential_lora,83530,,1.6264968601643683,round_robin,159,384,1.6978371091729543,0.5910336356764928,42336,1.7592654303166781
1.0,384,sentinel,,0.0,,,base,41765,,1.6628571972751744,round_robin,160,384,1.6628571972751744,0.6019227135298564,42336,1.714274027957127
0.18489583333333334,3840,sentinel,,0.0574538463755259,2.2899356354027987,0.02785366851215561,log_t,417650,0.8333333333333334,1.5429210658470296,round_robin,160,384,1.6003749122225555,0.6030565003779289,42336,1.6660862357045214
0.3307291666666667,768,sentinel,,0.05151178585535,,,sequential_lora,83530,,1.6240342956617164,round_robin,160,384,1.6755460815170666,0.5905612244897959,42336,1.7397368378861218
1.0,384,sentinel,,0.0,,,base,41765,,1.6628571972751744,round_robin,161,384,1.6628571972751744,0.6019227135298564,42336,1.714274027957127
0.1875,3840,sentinel,,0.05700946880599022,2.2902389351899424,0.026704622122148674,log_t,417650,0.8307291666666666,1.5421037748023159,round_robin,161,384,1.5991132436083062,0.6040249433106576,42336,1.6629533006908908
0.3072916666666667,768,sentinel,,0.047933390180660944,,,sequential_lora,83530,,1.6275399279301592,round_robin,161,384,1.6754733181108203,0.5928051776266062,42336,1.7368779500012967
1.0,384,sentinel,,0.0,,,base,41765,,1.6628571972751744,round_robin,162,384,1.6628571972751744,0.6019227135298564,42336,1.714274027957127
0.18489583333333334,4224,sentinel,,0.05772628412515104,2.3847270601739488,0.027424073312431574,log_t,459415,0.8255208333333334,1.5412634088018902,round_robin,162,384,1.5989896929270413,0.6042375283446711,42336,1.6631461772666463
0.3151041666666667,768,sentinel,,0.055696865863288036,,,sequential_lora,83530,,1.6301994394859722,round_robin,162,384,1.6858963053492604,0.5889077853363568,42336,1.749077943051607
1.0,384,sentinel,,0.0,,,base,41765,,1.6628571972751744,round_robin,163,384,1.6628571972751744,0.6019227135298564,42336,1.714274027957127
0.1953125,3840,sentinel,,0.05478758342258919,2.2901100513214865,0.026094697260608275,log_t,417650,0.8359375,1.5428980687435354,round_robin,163,384,1.5976856521661247,0.60442649281935,42336,1.6613006599153126
0.2760416666666667,768,sentinel,,0.05705669901763331,,,sequential_lora,83530,,1.634748061695677,round_robin,163,384,1.6918047607133104,0.5869472789115646,42336,1.7552427672707136
1.0,384,sentinel,,0.0,,,base,41765,,1.6628571972751744,round_robin,164,384,1.6628571972751744,0.6019227135298564,42336,1.714274027957127
0.19010416666666666,4224,sentinel,,0.05556955779736026,2.3845393881201744,0.026804675813764334,log_t,459415,0.8333333333333334,1.5422191364840006,round_robin,164,384,1.5977886942813608,0.60442649281935,42336,1.6613862739005834
0.3046875,768,sentinel,,0.05171069249982677,,,sequential_lora,83530,,1.6326915501450359,round_robin,164,384,1.6844022426448628,0.5896164021164021,42336,1.7455422010255845
1.0,384,sentinel,,0.0,,,base,41765,,1.6628571972751744,round_robin,165,384,1.6628571972751744,0.6019227135298564,42336,1.714274027957127
0.19010416666666666,4224,sentinel,,0.05632290233497253,2.3849476240575314,0.027522362458209198,log_t,459415,0.8359375,1.5413692577389195,round_robin,165,384,1.5976921600738923,0.6037414965986394,42336,1.6616640579460846
0.24479166666666666,768,sentinel,,0.06276437896810572,,,sequential_lora,83530,,1.623941206928724,round_robin,165,384,1.6867055858968296,0.5913879440665155,42336,1.7517940791313926
1.0,384,sentinel,,0.0,,,base,41765,,1.6628571972751744,round_robin,166,384,1.6628571972751744,0.6019227135298564,42336,1.714274027957127
0.18229166666666666,4608,sentinel,,0.05724505703872317,2.471230655287703,0.028282955288887024,log_t,501180,0.828125,1.5407964724627472,round_robin,166,384,1.5980415295014703,0.6032218442932729,42336,1.6620662098085945
0.28125,768,sentinel,,0.060213136983923825,,,sequential_lora,83530,,1.6271176757290713,round_robin,166,384,1.6873308127129951,0.589332955404384,42336,1.750471641273658
1.0,384,sentinel,,0.0,,,base,41765,,1.6628571972751744,round_robin,167,384,1.6628571972751744,0.6019227135298564,42336,1.714274027957127
0.1640625,3840,sentinel,,0.05708245590430349,2.2903213119134307,0.026829632930457592,log_t,417650,0.8177083333333334,1.5419826086284278,round_robin,167,384,1.5990650645327316,0.6041430461073318,42336,1.6626214782995308
0.3229166666666667,768,sentinel,,0.05216485153081113,,,sequential_lora,83530,,1.6269612204337511,round_robin,167,384,1.6791260719645624,0.5895691609977324,42336,1.7422042959232449
1.0,384,sentinel,,0.0,,,base,41765,,1.6628571972751744,round_robin,168,384,1.6628571972751744,0.6019227135298564,42336,1.714274027957127
0.15885416666666666,4224,sentinel,,0.05746907914550032,2.385669305920601,0.02750333258882165,log_t,459415,0.8177083333333334,1.5413034502509284,round_robin,168,384,1.598772529396429,0.6040249433106576,42336,1.662520782582079
0.24739583333333334,768,sentinel,,0.07140784741289928,,,sequential_lora,83530,,1.624622451754492,round_robin,168,384,1.6960302991673915,0.5898289871504158,42336,1.7558182846002974
1.0,384,sentinel,,0.0,,,base,41765,,1.6628571972751744,round_robin,169,384,1.6628571972751744,0.6019227135298564,42336,1.714274027957127
0.16927083333333334,4224,sentinel,,0.05753425064427673,2.38579042814672,0.02735699076826374,log_t,459415,0.8307291666666666,1.5408851456494486,round_robin,169,384,1.5984193962937254,0.6039068405139834,42336,1.6620518113898277
0.3229166666666667,768,sentinel,,0.05667956620853109,,,sequential_lora,83530,,1.625604621846059,round_robin,169,384,1.68228418805459,0.5906793272864701,42336,1.7466366540074618
1.0,384,sentinel,,0.0,,,base,41765,,1.6628571972751744,round_robin,170,384,1.6628571972751744,0.6019227135298564,42336,1.714274027957127
0.15625,4608,sentinel,,0.0584512522000917,2.4721463279177747,0.027440748022248346,log_t,501180,0.8177083333333334,1.5404049488998302,round_robin,170,384,1.5988562010999219,0.6039304610733183,42336,1.6626983065241194
0.3359375,768,sentinel,,0.04980295610377713,,,sequential_lora,83530,,1.6278011931341227,round_robin,170,384,1.6776041492379,0.590395880574452,42336,1.7415226193515194
1.0,384,sentinel,,0.0,,,base,41765,,1.6628571972751744,round_robin,171,384,1.6628571972751744,0.6019227135298564,42336,1.714274027957127
0.1796875,4224,sentinel,,0.058647153588359764,2.3855198385814824,0.026797692601879437,log_t,459415,0.8307291666666666,1.5418770173794145,round_robin,171,384,1.6005241709677742,0.6038595993953136,42336,1.663777343014386
0.2890625,768,sentinel,,0.06250936705299485,,,sequential_lora,83530,,1.6320988124519609,round_robin,171,384,1.6946081795049557,0.5869236583522298,42336,1.757094165048395
1.0,384,sentinel,,0.0,,,base,41765,,1.6628571972751744,round_robin,172,384,1.6628571972751744,0.6019227135298564,42336,1.714274027957127
0.18229166666666666,4608,sentinel,,0.0597500903762496,2.471719078719616,0.02714255250369509,log_t,501180,0.8229166666666666,1.5414876515141538,round_robin,172,384,1.6012377418904034,0.603812358276644,42336,1.6643821476055527
0.3046875,768,sentinel,,0.05300341936352084,,,sequential_lora,83530,,1.6301092737575444,round_robin,172,384,1.6831126931210652,0.5863095238095238,42336,1.744593793874042
1.0,384,sentinel,,0.0,,,base,41765,,1.6628571972751744,round_robin,173,384,1.6628571972751744,0.6019227135298564,42336,1.714274027957127
0.17708333333333334,4608,sentinel,,0.059882151659305986,2.47177475442489,0.026902567129582167,log_t,501180,0.8203125,1.5412005507345772,round_robin,173,384,1.6010827023938834,0.6040721844293273,42336,1.664303005342136
0.2578125,768,sentinel,,0.06474465984407685,,,sequential_lora,83530,,1.6383599974793626,round_robin,173,384,1.7031046573234396,0.5862622826908541,42336,1.7590071212441203
1.0,384,sentinel,,0.0,,,base,41765,,1.6628571972751744,round_robin,174,384,1.6628571972751744,0.6019227135298564,42336,1.714274027957127
0.16927083333333334,4992,sentinel,,0.0606060602183714,2.5514166013648114,0.02653778639311592,log_t,542945,0.8177083333333334,1.5404653255045428,round_robin,174,384,1.6010713857229144,0.6039304610733183,42336,1.6641291159318474
0.2734375,768,sentinel,,0.05700547511253034,,,sequential_lora,83530,,1.6306843979861607,round_robin,174,384,1.687689873098691,0.5891439909297053,42336,1.7501758182518472
1.0,384,sentinel,,0.0,,,base,41765,,1.6628571972751744,round_robin,175,384,1.6628571972751744,0.6019227135298564,42336,1.714274027957127
0.12239583333333333,3840,sentinel,,0.054542364862295994,2.2908476972952485,0.024104625762750704,log_t,417650,0.84375,1.5420300642715923,round_robin,175,384,1.5965724291338883,0.6047808012093726,42336,1.6595187312314457
0.3151041666666667,768,sentinel,,0.05317360097890522,,,sequential_lora,83530,,1.6327312913804377,round_robin,175,384,1.6859048923593427,0.5901596749811036,42336,1.7453537104807608
1.0,384,sentinel,,0.0,,,base,41765,,1.6628571972751744,round_robin,176,384,1.6628571972751744,0.6019227135298564,42336,1.714274027957127
0.12239583333333333,4224,sentinel,,0.05493630715611992,2.3853043150156736,0.024449363661309082,log_t,459415,0.8463541666666666,1.5413462979477306,round_robin,176,384,1.5962826051038508,0.6044973544973545,42336,1.6593373216792817
0.3020833333333333,768,sentinel,,0.050880228417155726,,,sequential_lora,83530,,1.6310395715813675,round_robin,176,384,1.6819197999985231,0.5916477702191988,42336,1.7405162274370072
1.0,384,sentinel,,0.0,,,base,41765,,1.6628571972751744,round_robin,177,384,1.6628571972751744,0.6019227135298564,42336,1.714274027957127
0.1171875,4224,sentinel,,0.05619969757915189,2.385345152268807,0.025051956220219534,log_t,459415,0.8411458333333334,1.5413914307033814,round_robin,177,384,1.5975911282825332,0.6046154572940288,42336,1.6606944314530083
0.3046875,768,sentinel,,0.053550318287914234,,,sequential_lora,83530,,1.634975967287173,round_robin,177,384,1.6885262855750875,0.591317082388511,42336,1.7461149547029446
1.0,384,sentinel,,0.0,,,base,41765,,1.6628571972751744,round_robin,178,384,1.6628571972751744,0.6019227135298564,42336,1.714274027957127
0.12239583333333333,4608,sentinel,,0.05658313868606765,2.4711646425227323,0.024707576880852383,log_t,501180,0.8385416666666666,1.5405941239759713,round_robin,178,384,1.5971772626620389,0.6043556311413454,42336,1.6601148612743761
0.2708333333333333,768,sentinel,,0.05812172482810029,,,sequential_lora,83530,,1.6340729407761758,round_robin,178,384,1.6921946656042761,0.5892620937263794,42336,1.749103799991687
1.0,384,sentinel,,0.0,,,base,41765,,1.6628571972751744,round_robin,179,384,1.6628571972751744,0.6019227135298564,42336,1.714274027957127
0.12760416666666666,4224,sentinel,,0.05577694165946386,2.38578021277984,0.024515103548765182,log_t,459415,0.8411458333333334,1.5407430877811665,round_robin,179,384,1.5965200294406303,0.6051351095993953,42336,1.660126409798196
0.3203125,768,sentinel,,0.04976158690238929,,,sequential_lora,83530,,1.6317308863563047,round_robin,179,384,1.6814924732586938,0.5899234693877551,42336,1.7424507466196248
1.0,384,sentinel,,0.0,,,base,41765,,1.6628571972751744,round_robin,180,384,1.6628571972751744,0.6019227135298564,42336,1.714274027957127
0.12760416666666666,4608,sentinel,,0.05870734683719034,2.4720943669478097,0.02496431798984607,log_t,501180,0.8411458333333334,1.5389938138181565,round_robin,180,384,1.5977011606553468,0.6050406273620559,42336,1.6609329766976118
0.2578125,768,sentinel,,0.06078239191209652,,,sequential_lora,83530,,1.6358507537080929,round_robin,180,384,1.6966331456201893,0.5871598639455783,42336,1.7573471044838564
1.0,384,sentinel,,0.0,,,base,41765,,1.6628571972751744,round_robin,181,384,1.6628571972751744,0.6019227135298564,42336,1.714274027957127
0.1171875,4608,sentinel,,0.057974419798253185,2.4721114405741296,0.025149584126969177,log_t,501180,0.84375,1.5398471412890196,round_robin,181,384,1.5978215610872726,0.6047808012093726,42336,1.6608147517632261
0.3151041666666667,768,sentinel,,0.04977250248352675,,,sequential_lora,83530,,1.6361379793715154,round_robin,181,384,1.685910481855042,0.5893801965230536,42336,1.7441220195627491
1.0,384,sentinel,,0.0,,,base,41765,,1.6628571972751744,round_robin,182,384,1.6628571972751744,0.6019227135298564,42336,1.714274027957127
0.1171875,4992,sentinel,,0.05894638568923368,2.552001300578316,0.026093764851490658,log_t,542945,0.8411458333333334,1.5395696138097243,round_robin,182,384,1.5985159994989582,0.6044737339380196,42336,1.6612883231455484
0.3098958333333333,768,sentinel,,0.05699485673413843,,,sequential_lora,83530,,1.6253404290287394,round_robin,182,384,1.6823352857628777,0.5881046863189721,42336,1.7440887837954435
1.0,384,sentinel,,0.0,,,base,41765,,1.6628571972751744,round_robin,183,384,1.6628571972751744,0.6019227135298564,42336,1.714274027957127
0.13020833333333334,4224,sentinel,,0.05787837600808507,2.386625664308667,0.02621219741801421,log_t,459415,0.8385416666666666,1.5399844518261787,round_robin,183,384,1.5978628278342635,0.6047571806500378,42336,1.6613667479681749
0.20572916666666666,768,sentinel,,0.07484381681679454,,,sequential_lora,83530,,1.62737730000047,round_robin,183,384,1.7022211168172647,0.5890495086923658,42336,1.762699244155331
1.0,384,sentinel,,0.0,,,base,41765,,1.6628571972751744,round_robin,184,384,1.6628571972751744,0.6019227135298564,42336,1.714274027957127
0.13020833333333334,4608,sentinel,,0.05891378598686742,2.472840723892053,0.02703928854316473,log_t,501180,0.8333333333333334,1.5393840135213146,round_robin,184,384,1.5982977995081817,0.604568216175359,42336,1.6616826926823354
0.3151041666666667,768,sentinel,,0.0490104207695943,,,sequential_lora,83530,,1.6236763023550624,round_robin,184,384,1.672686723124657,0.5918367346938775,42336,1.7368367433833776
1.0,384,sentinel,,0.0,,,base,41765,,1.6628571972751744,round_robin,185,384,1.6628571972751744,0.6019227135298564,42336,1.714274027957127
0.13020833333333334,4608,sentinel,,0.05979117813906659,2.4731049885352454,0.026102423667907715,log_t,501180,0.8255208333333334,1.5401395620104943,round_robin,185,384,1.5999307401495608,0.6040958049886621,42336,1.6633088886836376
0.28125,768,sentinel,,0.04961007289096214,,,sequential_lora,83530,,1.6278371115048353,round_robin,185,384,1.6774471843957974,0.5906320861678005,42336,1.738105832929255
1.0,384,sentinel,,0.0,,,base,41765,,1.6628571972751744,round_robin,186,384,1.6628571972751744,0.6019227135298564,42336,1.714274027957127
0.1328125,4992,sentinel,,0.06011156262094491,2.552350307504336,0.02674677238489191,log_t,542945,0.8203125,1.5393928224423494,round_robin,186,384,1.599504385063294,0.6043556311413454,42336,1.6630139061526443
0.2890625,768,sentinel,,0.05755040479394836,,,sequential_lora,83530,,1.631540638375899,round_robin,186,384,1.6890910431698474,0.5877976190476191,42336,1.7500646539744855
1.0,384,sentinel,,0.0,,,base,41765,,1.6628571972751744,round_robin,187,384,1.6628571972751744,0.6019227135298564,42336,1.714274027957127
0.13020833333333334,4608,sentinel,,0.059182149990833814,2.4730006475001574,0.025631103664636612,log_t,501180,0.8229166666666666,1.5397178912100837,round_robin,187,384,1.5989000412009176,0.6050170068027211,42336,1.6619601841559823
0.3255208333333333,768,sentinel,,0.04958384386443463,,,sequential_lora,83530,,1.6301318193294312,round_robin,187,384,1.679715663193866,0.5889786470143613,42336,1.7406943114580007
1.0,384,sentinel,,0.0,,,base,41765,,1.6628571972751744,round_robin,188,384,1.6628571972751744,0.6019227135298564,42336,1.714274027957127
0.12760416666666666,4992,sentinel,,0.05972700333962749,2.552301306898395,0.025407401223977406,log_t,542945,0.8229166666666666,1.5391978766777639,round_robin,188,384,1.5989248800173914,0.604568216175359,42336,1.662115182543141
0.3046875,768,sentinel,,0.05229068781335858,,,sequential_lora,83530,,1.6306830046811023,round_robin,188,384,1.6829736924944612,0.5898526077097506,42336,1.744631926967669
1.0,384,sentinel,,0.0,,,base,41765,,1.6628571972751744,round_robin,189,384,1.6628571972751744,0.6019227135298564,42336,1.714274027957127
0.13541666666666666,4992,sentinel,,0.06025372534367276,2.552593071013689,0.02556378332277139,log_t,542945,0.828125,1.538189909892435,round_robin,189,384,1.5984436352361076,0.6048280423280423,42336,1.6620746057013152
0.25,768,sentinel,,0.05960131702387645,,,sequential_lora,83530,,1.6256473660096156,round_robin,189,384,1.6852486830334918,0.5908919123204838,42336,1.7471140609006661
1.0,384,sentinel,,0.0,,,base,41765,,1.6628571972751744,round_robin,190,384,1.6628571972751744,0.6019227135298564,42336,1.714274027957127
0.14322916666666666,5376,sentinel,,0.06041516948904724,2.626007209221522,0.026144179825981457,log_t,584710,0.8255208333333334,1.5372988681516437,round_robin,190,384,1.597714037640691,0.6051587301587301,42336,1.6615771723676047
0.2916666666666667,768,sentinel,,0.056004480652637086,,,sequential_lora,83530,,1.6257969596729407,round_robin,190,384,1.6818014403255779,0.590088813303099,42336,1.7432759775592188
1.0,384,sentinel,,0.0,,,base,41765,,1.6628571972751744,round_robin,191,384,1.6628571972751744,0.6019227135298564,42336,1.714274027957127
0.203125,3456,sentinel,,0.05729140252739271,2.1851303366323314,0.022504303138703108,log_t,375885,0.8203125,1.5412123638038058,round_robin,191,384,1.5985037663311985,0.6055602796674225,42336,1.6591807641384622
0.359375,768,sentinel,,0.05193300382363087,,,sequential_lora,83530,,1.6276065576304835,round_robin,191,384,1.6795395614541144,0.5906793272864701,42336,1.741176421836424
1.0,384,sentinel,,0.0,,,base,41765,,1.6628571972751744,round_robin,192,384,1.6628571972751744,0.6019227135298564,42336,1.714274027957127
0.203125,3840,sentinel,,0.057220877208785985,2.2905225002517304,0.02294814943646391,log_t,417650,0.8203125,1.5406389499600806,round_robin,192,384,1.5978598271688664,0.6056783824640968,42336,1.6585212133793852
0.20833333333333334,768,sentinel,,0.07432422540121315,,,sequential_lora,83530,,1.6263648277680296,round_robin,192,384,1.7006890531692427,0.5899707105064248,42336,1.7594883573309814
