active_tokens,allocator_peak_bytes,candidate_count,candidate_evaluations,cold_seconds,contract_sha256,format,forward_equivalent_tokens,kind,node_count_including_base,physical_rows,prefix_width,previous_sha256,result_sha256,sequence,sequence_width,warm_max_seconds,warm_mean_seconds,warm_min_seconds,warm_repetitions
232,,1,16,3.333452681079507,3f4ef4a10fd471b418a32a8f7b45431602c1f6abc080c19a7822ea2c2dd839b4,tinyworlds-nouns-v2-temporal-consolidation-timing-row-v1,464,prefix,2,8,32,0000000000000000000000000000000000000000000000000000000000000000,fda85872495013e5842239f9067d9b01a4c4c6bc5d5fa6a17c5116d84b6606ed,0,32,0.001995714381337166,0.001807192713022232,0.001735800877213478,"[0.001995714381337166,0.0017988327890634537,0.0017593838274478912,0.0017462316900491714,0.001735800877213478]"
469,,1,16,4.302826683968306,3f4ef4a10fd471b418a32a8f7b45431602c1f6abc080c19a7822ea2c2dd839b4,tinyworlds-nouns-v2-temporal-consolidation-timing-row-v1,938,prefix,2,8,64,fda85872495013e5842239f9067d9b01a4c4c6bc5d5fa6a17c5116d84b6606ed,d4bd297bb0d26f51e94ccba825fb8d4272357a5c2f94822a13fca34a153c0b42,1,64,0.0027441084384918213,0.0025456253439188003,0.0024363454431295395,"[0.0027441084384918213,0.0024363454431295395,0.002468794584274292,0.0024592168629169464,0.0026196613907814026]"
625,,1,16,4.764603026211262,3f4ef4a10fd471b418a32a8f7b45431602c1f6abc080c19a7822ea2c2dd839b4,tinyworlds-nouns-v2-temporal-consolidation-timing-row-v1,1250,prefix,2,8,96,d4bd297bb0d26f51e94ccba825fb8d4272357a5c2f94822a13fca34a153c0b42,4f174461505322b2eac88ad06350a0356550c7a61e3fbf118e5872a421f499c7,2,96,0.0033767390996217728,0.00318831168115139,0.0030463319271802902,"[0.0033767390996217728,0.0031014475971460342,0.0032118763774633408,0.0030463319271802902,0.0032051634043455124]"
854,,1,16,5.074499782174826,3f4ef4a10fd471b418a32a8f7b45431602c1f6abc080c19a7822ea2c2dd839b4,tinyworlds-nouns-v2-temporal-consolidation-timing-row-v1,1708,prefix,2,8,128,4f174461505322b2eac88ad06350a0356550c7a61e3fbf118e5872a421f499c7,1fce3908e10b5e85976e11805cce7103c1d56f7a5ba6110511adbed38c2b703c,3,128,0.004854731261730194,0.004354198276996612,0.004116877913475037,"[0.004331883043050766,0.004854731261730194,0.0042488668113946915,0.004218632355332375,0.004116877913475037]"
1086,,1,16,5.378500884398818,3f4ef4a10fd471b418a32a8f7b45431602c1f6abc080c19a7822ea2c2dd839b4,tinyworlds-nouns-v2-temporal-consolidation-timing-row-v1,2172,prefix,2,8,160,1fce3908e10b5e85976e11805cce7103c1d56f7a5ba6110511adbed38c2b703c,5bd7ab85a532c1fc6786f55b2a9ef9c6a2ac97da2a2c905e9346734cdd93dfb3,4,160,0.005497943609952927,0.0049030851572751995,0.004661925137042999,"[0.004920216277241707,0.0047008078545331955,0.004661925137042999,0.004734532907605171,0.005497943609952927]"
1380,,1,16,5.44156101718545,3f4ef4a10fd471b418a32a8f7b45431602c1f6abc080c19a7822ea2c2dd839b4,tinyworlds-nouns-v2-temporal-consolidation-timing-row-v1,2760,prefix,2,8,192,5bd7ab85a532c1fc6786f55b2a9ef9c6a2ac97da2a2c905e9346734cdd93dfb3,dcfa5430230abb8228cd3cfaf2be5a10fe010b695f7a34ceba0ea0224c9dbe61,5,192,0.005783127620816231,0.005619501322507858,0.005569862201809883,"[0.005783127620816231,0.0055807214230299,0.005571391433477402,0.005569862201809883,0.005592403933405876]"
1637,,1,16,5.424732005223632,3f4ef4a10fd471b418a32a8f7b45431602c1f6abc080c19a7822ea2c2dd839b4,tinyworlds-nouns-v2-temporal-consolidation-timing-row-v1,3274,prefix,2,8,224,dcfa5430230abb8228cd3cfaf2be5a10fe010b695f7a34ceba0ea0224c9dbe61,a1c64e37af82c7eb4637344b0e5c1916be96a116f36405690e1a3797af01bae5,6,224,0.007439225912094116,0.006898700818419456,0.006689630448818207,"[0.006763137876987457,0.007439225912094116,0.006798103451728821,0.006689630448818207,0.006803406402468681]"
1944,,1,16,5.5728450901806355,3f4ef4a10fd471b418a32a8f7b45431602c1f6abc080c19a7822ea2c2dd839b4,tinyworlds-nouns-v2-temporal-consolidation-timing-row-v1,3888,prefix,2,8,256,a1c64e37af82c7eb4637344b0e5c1916be96a116f36405690e1a3797af01bae5,e8f723dd1857a24484fa144660d3f74f654fe91eda4d73e31d106e441cb16ddc,7,256,0.00834871456027031,0.008221110701560974,0.008061118423938751,"[0.00834871456027031,0.008245348930358887,0.008061118423938751,0.00828721933066845,0.008163152262568474]"
2166,,1,16,5.822512177750468,3f4ef4a10fd471b418a32a8f7b45431602c1f6abc080c19a7822ea2c2dd839b4,tinyworlds-nouns-v2-temporal-consolidation-timing-row-v1,4332,prefix,2,8,288,e8f723dd1857a24484fa144660d3f74f654fe91eda4d73e31d106e441cb16ddc,c35cfde89135a35afa4a7697a7466cd164d90e32abbfcaf3bd96850d3aa3929f,8,288,0.01188638061285019,0.010209916532039643,0.009549029171466827,"[0.009899033233523369,0.010088585317134857,0.009626554325222969,0.01188638061285019,0.009549029171466827]"
2435,,1,16,4.9765057768672705,3f4ef4a10fd471b418a32a8f7b45431602c1f6abc080c19a7822ea2c2dd839b4,tinyworlds-nouns-v2-temporal-consolidation-timing-row-v1,4870,prefix,2,8,320,c35cfde89135a35afa4a7697a7466cd164d90e32abbfcaf3bd96850d3aa3929f,d10a0b295cd98ffdbc29fa0167274832511521fed610b958f0ec91a0592c05f1,9,320,0.013844162225723267,0.011902594566345214,0.011269601061940193,"[0.01154748909175396,0.011494576930999756,0.011357143521308899,0.013844162225723267,0.011269601061940193]"
2661,,1,16,5.899602664634585,3f4ef4a10fd471b418a32a8f7b45431602c1f6abc080c19a7822ea2c2dd839b4,tinyworlds-nouns-v2-temporal-consolidation-timing-row-v1,5322,prefix,2,8,352,d10a0b295cd98ffdbc29fa0167274832511521fed610b958f0ec91a0592c05f1,86ad6f219b84eb1664e9db97f0c57c0b2da116f3fd305e5d1b149f1005b0ef51,10,352,0.01478523202240467,0.013300321251153945,0.012419324368238449,"[0.0128492321819067,0.012419324368238449,0.01478523202240467,0.012991871684789658,0.013455945998430252]"
2966,,1,16,5.619761079549789,3f4ef4a10fd471b418a32a8f7b45431602c1f6abc080c19a7822ea2c2dd839b4,tinyworlds-nouns-v2-temporal-consolidation-timing-row-v1,5932,prefix,2,8,384,86ad6f219b84eb1664e9db97f0c57c0b2da116f3fd305e5d1b149f1005b0ef51,e200c672c9aeda13c89cd48e95e36c1d16963b8d296be55e8b159221fba8f41f,11,384,0.014645939692854881,0.014433658495545388,0.014256097376346588,"[0.014575503766536713,0.014316871762275696,0.014373879879713058,0.014256097376346588,0.014645939692854881]"
3199,,1,16,5.8033559788018465,3f4ef4a10fd471b418a32a8f7b45431602c1f6abc080c19a7822ea2c2dd839b4,tinyworlds-nouns-v2-temporal-consolidation-timing-row-v1,6398,prefix,2,8,416,e200c672c9aeda13c89cd48e95e36c1d16963b8d296be55e8b159221fba8f41f,2f1270a33017c02625e35b300ac88f127b563ca4636539a95619bb2a737c9efc,12,416,0.017270591109991074,0.016781257465481758,0.01654619164764881,"[0.01654619164764881,0.017270591109991074,0.01678324304521084,0.0166538767516613,0.016652384772896767]"
3732,,1,16,5.861677983775735,3f4ef4a10fd471b418a32a8f7b45431602c1f6abc080c19a7822ea2c2dd839b4,tinyworlds-nouns-v2-temporal-consolidation-timing-row-v1,7464,prefix,2,8,480,2f1270a33017c02625e35b300ac88f127b563ca4636539a95619bb2a737c9efc,9cac74f02d937478c53c7cb707671d1bbc684bf07e67d18b78f9e7e7db8649bf,13,480,0.02031130902469158,0.019992003589868544,0.019722431898117065,"[0.02001335285604,0.01976095512509346,0.02031130902469158,0.02015196904540062,0.019722431898117065]"
3976,,1,16,6.4480412639677525,3f4ef4a10fd471b418a32a8f7b45431602c1f6abc080c19a7822ea2c2dd839b4,tinyworlds-nouns-v2-temporal-consolidation-timing-row-v1,7952,prefix,2,8,512,9cac74f02d937478c53c7cb707671d1bbc684bf07e67d18b78f9e7e7db8649bf,66fb3786ac83524e27cbe1395805f285f30622fece17df41b9994c624c6a1219,14,512,0.02684798091650009,0.022948792576789855,0.02145710028707981,"[0.02259097807109356,0.02684798091650009,0.021741289645433426,0.02145710028707981,0.022106613963842392]"
232,,2,24,3.924701740965247,3f4ef4a10fd471b418a32a8f7b45431602c1f6abc080c19a7822ea2c2dd839b4,tinyworlds-nouns-v2-temporal-consolidation-timing-row-v1,696,prefix,3,8,32,66fb3786ac83524e27cbe1395805f285f30622fece17df41b9994c624c6a1219,5e0ff8021be8f5b49a9871f552e956a00659a5e84ad5c2122dc3d610f7a5624a,15,32,0.003170400857925415,0.002523881196975708,0.002020452171564102,"[0.0022290293127298355,0.002998700365424156,0.003170400857925415,0.002200823277235031,0.002020452171564102]"
469,,2,24,4.833639930933714,3f4ef4a10fd471b418a32a8f7b45431602c1f6abc080c19a7822ea2c2dd839b4,tinyworlds-nouns-v2-temporal-consolidation-timing-row-v1,1407,prefix,3,8,64,5e0ff8021be8f5b49a9871f552e956a00659a5e84ad5c2122dc3d610f7a5624a,e9f9fa61ea1b329f2844dfb520500f7a246273908d6611894bce7f028c8cb8d8,16,64,0.0039027296006679535,0.0034658491611480715,0.0032098013907670975,"[0.0039027296006679535,0.003551661968231201,0.0032617636024951935,0.0032098013907670975,0.003403289243578911]"
625,,2,24,5.75552998483181,3f4ef4a10fd471b418a32a8f7b45431602c1f6abc080c19a7822ea2c2dd839b4,tinyworlds-nouns-v2-temporal-consolidation-timing-row-v1,1875,prefix,3,8,96,e9f9fa61ea1b329f2844dfb520500f7a246273908d6611894bce7f028c8cb8d8,08113f489473f4282e7dac21dd7ff983ac29fd26d923172977a69d2570eed0ba,17,96,0.0077837202697992325,0.005102786794304847,0.004233840852975845,"[0.0077837202697992325,0.004832189530134201,0.004338188096880913,0.004325995221734047,0.004233840852975845]"
854,,2,24,6.013210950419307,3f4ef4a10fd471b418a32a8f7b45431602c1f6abc080c19a7822ea2c2dd839b4,tinyworlds-nouns-v2-temporal-consolidation-timing-row-v1,2562,prefix,3,8,128,08113f489473f4282e7dac21dd7ff983ac29fd26d923172977a69d2570eed0ba,c773b8385d5defe24f28a094c5ce4ccab4df6cfb30328a263b29c8058f2dbdc0,18,128,0.005433160811662674,0.005241087451577186,0.005150971934199333,"[0.005433160811662674,0.005240585654973984,0.00518372654914856,0.005150971934199333,0.0051969923079013824]"
1086,,2,24,6.893385322764516,3f4ef4a10fd471b418a32a8f7b45431602c1f6abc080c19a7822ea2c2dd839b4,tinyworlds-nouns-v2-temporal-consolidation-timing-row-v1,3258,prefix,3,8,160,c773b8385d5defe24f28a094c5ce4ccab4df6cfb30328a263b29c8058f2dbdc0,9aaf737ac2b76b0e748f2bd6f0645f923942035244a05f803de47d0a6c99217f,19,160,0.009390555322170258,0.007478703185915947,0.006910309195518494,"[0.007076447829604149,0.007049545645713806,0.006910309195518494,0.009390555322170258,0.0069666579365730286]"
1380,,2,24,5.126631211489439,3f4ef4a10fd471b418a32a8f7b45431602c1f6abc080c19a7822ea2c2dd839b4,tinyworlds-nouns-v2-temporal-consolidation-timing-row-v1,4140,prefix,3,8,192,9aaf737ac2b76b0e748f2bd6f0645f923942035244a05f803de47d0a6c99217f,4a197fd012d0ef8fd836fedb3d4a0ef85d95e6242a5d13c60dc3d0b8c7141ece,20,192,0.008373413234949112,0.008154322952032089,0.008009171113371849,"[0.008373413234949112,0.008172798901796341,0.008151048794388771,0.008065182715654373,0.008009171113371849]"
1637,,2,24,6.26649652607739,3f4ef4a10fd471b418a32a8f7b45431602c1f6abc080c19a7822ea2c2dd839b4,tinyworlds-nouns-v2-temporal-consolidation-timing-row-v1,4911,prefix,3,8,224,4a197fd012d0ef8fd836fedb3d4a0ef85d95e6242a5d13c60dc3d0b8c7141ece,91a817b39bc847791390b8ba5acc776521c10859cc984e3524a478d92b715844,21,224,0.010586397722363472,0.010319264605641365,0.010183461010456085,"[0.010586397722363472,0.01029098778963089,0.010281341150403023,0.010254135355353355,0.010183461010456085]"
1944,,2,24,5.187490874901414,3f4ef4a10fd471b418a32a8f7b45431602c1f6abc080c19a7822ea2c2dd839b4,tinyworlds-nouns-v2-temporal-consolidation-timing-row-v1,5832,prefix,3,8,256,91a817b39bc847791390b8ba5acc776521c10859cc984e3524a478d92b715844,67e57ac310eda33eaa44978ce6169f7912391ab7f863d75375104710fcb3de45,22,256,0.013063307851552963,0.012631875276565552,0.012356186285614967,"[0.012653620913624763,0.013063307851552963,0.012356186285614967,0.012530960142612457,0.012555301189422607]"
2166,,2,24,6.851285472512245,3f4ef4a10fd471b418a32a8f7b45431602c1f6abc080c19a7822ea2c2dd839b4,tinyworlds-nouns-v2-temporal-consolidation-timing-row-v1,6498,prefix,3,8,288,67e57ac310eda33eaa44978ce6169f7912391ab7f863d75375104710fcb3de45,de8c9f9f7cc172c2e1c6c93f187a6d09dfa7531dc56d2fbc56a023ac968422ae,23,288,0.01539660431444645,0.015019146725535393,0.014841951429843903,"[0.01511278934776783,0.01539660431444645,0.014841951429843903,0.014885986223816872,0.01485840231180191]"
2435,,2,24,5.557940952479839,3f4ef4a10fd471b418a32a8f7b45431602c1f6abc080c19a7822ea2c2dd839b4,tinyworlds-nouns-v2-temporal-consolidation-timing-row-v1,7305,prefix,3,8,320,de8c9f9f7cc172c2e1c6c93f187a6d09dfa7531dc56d2fbc56a023ac968422ae,db09cce6cb5a130180b5648544a7da738e4aa150d5c085cda788cbb3f6f022fd,24,320,0.021945087239146233,0.018535254150629045,0.016815071925520897,"[0.01712397113442421,0.016815071925520897,0.017008932307362556,0.019783208146691322,0.021945087239146233]"
2661,,2,24,7.5962365455925465,3f4ef4a10fd471b418a32a8f7b45431602c1f6abc080c19a7822ea2c2dd839b4,tinyworlds-nouns-v2-temporal-consolidation-timing-row-v1,7983,prefix,3,8,352,db09cce6cb5a130180b5648544a7da738e4aa150d5c085cda788cbb3f6f022fd,24691c6bc271d7fabcf433d6f3de1a81a08bbd62ee98d8e6b213eb4a84d80561,25,352,0.01981452852487564,0.019430558755993844,0.019099997356534004,"[0.019366465508937836,0.019099997356534004,0.019248809665441513,0.01962299272418022,0.01981452852487564]"
2966,,2,24,7.5964554119855165,3f4ef4a10fd471b418a32a8f7b45431602c1f6abc080c19a7822ea2c2dd839b4,tinyworlds-nouns-v2-temporal-consolidation-timing-row-v1,8898,prefix,3,8,384,24691c6bc271d7fabcf433d6f3de1a81a08bbd62ee98d8e6b213eb4a84d80561,c858da9f3ccf9d4861c3bac98c992a00483a4668a0cd5658b813bddf52fafdf1,26,384,0.02406633272767067,0.022675473242998123,0.021639367565512657,"[0.022785166278481483,0.021639367565512657,0.02406633272767067,0.023088760673999786,0.02179773896932602]"
3199,,2,24,6.952774465084076,3f4ef4a10fd471b418a32a8f7b45431602c1f6abc080c19a7822ea2c2dd839b4,tinyworlds-nouns-v2-temporal-consolidation-timing-row-v1,9597,prefix,3,8,416,c858da9f3ccf9d4861c3bac98c992a00483a4668a0cd5658b813bddf52fafdf1,50181466142893f5b68e8e9f8e3ac4c2307f4bb9a823ed1eb16ed952572de53b,27,416,0.025117769837379456,0.024690750986337662,0.024506978690624237,"[0.024564288556575775,0.025117769837379456,0.024506978690624237,0.024727119132876396,0.024537598714232445]"
3732,,2,24,6.051475482061505,3f4ef4a10fd471b418a32a8f7b45431602c1f6abc080c19a7822ea2c2dd839b4,tinyworlds-nouns-v2-temporal-consolidation-timing-row-v1,11196,prefix,3,8,480,50181466142893f5b68e8e9f8e3ac4c2307f4bb9a823ed1eb16ed952572de53b,b76e77a469f560a99d2ece99c22f78abe31fc3b09e3a9608b7ea1c19e96e0a7f,28,480,0.03242155723273754,0.03191146589815617,0.031008202582597733,"[0.031008202582597733,0.03242155723273754,0.03232085518538952,0.032069919630885124,0.031736794859170914]"
3976,,2,24,5.677220497280359,3f4ef4a10fd471b418a32a8f7b45431602c1f6abc080c19a7822ea2c2dd839b4,tinyworlds-nouns-v2-temporal-consolidation-timing-row-v1,11928,prefix,3,8,512,b76e77a469f560a99d2ece99c22f78abe31fc3b09e3a9608b7ea1c19e96e0a7f,22858f27a402c67f422000a060cee16091b1f3b58b17fa03a3fc3b73dbf613e1,29,512,0.03592207282781601,0.033717702701687814,0.03288627229630947,"[0.03288627229630947,0.033119939267635345,0.033118411898612976,0.03354181721806526,0.03592207282781601]"
232,,3,32,4.010597717016935,3f4ef4a10fd471b418a32a8f7b45431602c1f6abc080c19a7822ea2c2dd839b4,tinyworlds-nouns-v2-temporal-consolidation-timing-row-v1,928,prefix,4,8,32,22858f27a402c67f422000a060cee16091b1f3b58b17fa03a3fc3b73dbf613e1,28e69c273931f1c4fa0d4ebbc18a9e8e446fb3929de483b41fd5b2a3b9187665,30,32,0.003234056755900383,0.0028307605534791946,0.002511965110898018,"[0.003078727051615715,0.0025185607373714447,0.002511965110898018,0.0028104931116104126,0.003234056755900383]"
469,,3,32,5.192089291289449,3f4ef4a10fd471b418a32a8f7b45431602c1f6abc080c19a7822ea2c2dd839b4,tinyworlds-nouns-v2-temporal-consolidation-timing-row-v1,1876,prefix,4,8,64,28e69c273931f1c4fa0d4ebbc18a9e8e446fb3929de483b41fd5b2a3b9187665,a064938e03660c67efc2d9e38e57709be356b65c0384d5f8fbf1942e505254e2,31,64,0.004321178421378136,0.004097778350114822,0.003954630345106125,"[0.004249680787324905,0.003997201099991798,0.003966201096773148,0.004321178421378136,0.003954630345106125]"
625,,3,32,5.896614339202642,3f4ef4a10fd471b418a32a8f7b45431602c1f6abc080c19a7822ea2c2dd839b4,tinyworlds-nouns-v2-temporal-consolidation-timing-row-v1,2500,prefix,4,8,96,a064938e03660c67efc2d9e38e57709be356b65c0384d5f8fbf1942e505254e2,5ee05b2508cedf61ff6c784c561663f5cca64d73ad36c822121e91c7ed5e5416,32,96,0.005739914253354073,0.0053765583783388134,0.0050597600638866425,"[0.005599835887551308,0.005112361162900925,0.0050597600638866425,0.005739914253354073,0.0053709205240011215]"
854,,3,32,4.697470456361771,3f4ef4a10fd471b418a32a8f7b45431602c1f6abc080c19a7822ea2c2dd839b4,tinyworlds-nouns-v2-temporal-consolidation-timing-row-v1,3416,prefix,4,8,128,5ee05b2508cedf61ff6c784c561663f5cca64d73ad36c822121e91c7ed5e5416,6250cfdf160202c4b5ebc28f9461b88baee1f7467993b10a8e55abda19e58cc6,33,128,0.0071897804737091064,0.006980002298951149,0.0069053079932928085,"[0.0071897804737091064,0.006954234093427658,0.0069053079932928085,0.00693957693874836,0.006911111995577812]"
1086,,3,32,6.825970778241754,3f4ef4a10fd471b418a32a8f7b45431602c1f6abc080c19a7822ea2c2dd839b4,tinyworlds-nouns-v2-temporal-consolidation-timing-row-v1,4344,prefix,4,8,160,6250cfdf160202c4b5ebc28f9461b88baee1f7467993b10a8e55abda19e58cc6,84ae8083706d6e15e780b926d91eed96400ce6e0f62dd4077fa8a5ac49d4824f,34,160,0.008995715528726578,0.008734326064586639,0.008587518706917763,"[0.008995715528726578,0.008761418983340263,0.008686456829309464,0.00864052027463913,0.008587518706917763]"
1380,,3,32,5.640042584389448,3f4ef4a10fd471b418a32a8f7b45431602c1f6abc080c19a7822ea2c2dd839b4,tinyworlds-nouns-v2-temporal-consolidation-timing-row-v1,5520,prefix,4,8,192,84ae8083706d6e15e780b926d91eed96400ce6e0f62dd4077fa8a5ac49d4824f,ae764578743575e4c6dc2a0576cf1ad3586009e3e4b9fdc0f6701fd68a992ecb,35,192,0.014451270923018456,0.012298659980297088,0.011557266116142273,"[0.014451270923018456,0.011557266116142273,0.011630835011601448,0.011575080454349518,0.012278847396373749]"
1637,,3,32,6.956644173711538,3f4ef4a10fd471b418a32a8f7b45431602c1f6abc080c19a7822ea2c2dd839b4,tinyworlds-nouns-v2-temporal-consolidation-timing-row-v1,6548,prefix,4,8,224,ae764578743575e4c6dc2a0576cf1ad3586009e3e4b9fdc0f6701fd68a992ecb,196d614686e7ec0b2fe1f8bb14065a74612beff33065f1b455627d9519d02e69,36,224,0.014784542843699455,0.014410873502492904,0.014002352952957153,"[0.014325609430670738,0.014002352952957153,0.014256268739700317,0.014685593545436859,0.014784542843699455]"
1944,,3,32,5.496315149590373,3f4ef4a10fd471b418a32a8f7b45431602c1f6abc080c19a7822ea2c2dd839b4,tinyworlds-nouns-v2-temporal-consolidation-timing-row-v1,7776,prefix,4,8,256,196d614686e7ec0b2fe1f8bb14065a74612beff33065f1b455627d9519d02e69,4b67486e43b81f2f286f09bdf144eba8855a057b90f8f73ac54c89ae2e8ea622,37,256,0.017900599166750908,0.017130206152796746,0.016582708805799484,"[0.016978753730654716,0.016582708805799484,0.017303742468357086,0.017900599166750908,0.01688522659242153]"
2166,,3,32,7.3754309900105,3f4ef4a10fd471b418a32a8f7b45431602c1f6abc080c19a7822ea2c2dd839b4,tinyworlds-nouns-v2-temporal-consolidation-timing-row-v1,8664,prefix,4,8,288,4b67486e43b81f2f286f09bdf144eba8855a057b90f8f73ac54c89ae2e8ea622,f5bafd2c7b159d4ed16de8e595312c0d01a513b902055d2e07122c4922674ef4,38,288,0.02277241088449955,0.021128126978874208,0.02016306109726429,"[0.02016306109726429,0.020205259323120117,0.020402483642101288,0.02277241088449955,0.022097419947385788]"
2435,,3,32,7.483730889856815,3f4ef4a10fd471b418a32a8f7b45431602c1f6abc080c19a7822ea2c2dd839b4,tinyworlds-nouns-v2-temporal-consolidation-timing-row-v1,9740,prefix,4,8,320,f5bafd2c7b159d4ed16de8e595312c0d01a513b902055d2e07122c4922674ef4,a91bd3b3aab91adf4332869c22263e102eb65059f48a6588a1fbaeb5864677db,39,320,0.0279571283608675,0.02456344775855541,0.02334253303706646,"[0.02380523458123207,0.0279571283608675,0.023955510929226875,0.02334253303706646,0.023756831884384155]"
2661,,3,32,6.998800653964281,3f4ef4a10fd471b418a32a8f7b45431602c1f6abc080c19a7822ea2c2dd839b4,tinyworlds-nouns-v2-temporal-consolidation-timing-row-v1,10644,prefix,4,8,352,a91bd3b3aab91adf4332869c22263e102eb65059f48a6588a1fbaeb5864677db,8e020f67ca1f0a82c42ea6f0895e4b4ce5abb5f0c35a08d46d943f2d3b3a0087,40,352,0.034831633791327477,0.028301649540662766,0.026381172239780426,"[0.02677321992814541,0.026617880910634995,0.026904340833425522,0.034831633791327477,0.026381172239780426]"
2966,,3,32,7.481017515063286,3f4ef4a10fd471b418a32a8f7b45431602c1f6abc080c19a7822ea2c2dd839b4,tinyworlds-nouns-v2-temporal-consolidation-timing-row-v1,11864,prefix,4,8,384,8e020f67ca1f0a82c42ea6f0895e4b4ce5abb5f0c35a08d46d943f2d3b3a0087,819874acedb7ea29659749f654b0373a3e09f8427e0ade9131b8b625fa194fd4,41,384,0.030260687693953514,0.029671581089496614,0.029223276302218437,"[0.029223276302218437,0.030260687693953514,0.030233139172196388,0.02932356856763363,0.029317233711481094]"
3199,,3,32,6.8966402746737,3f4ef4a10fd471b418a32a8f7b45431602c1f6abc080c19a7822ea2c2dd839b4,tinyworlds-nouns-v2-temporal-consolidation-timing-row-v1,12796,prefix,4,8,416,819874acedb7ea29659749f654b0373a3e09f8427e0ade9131b8b625fa194fd4,f1c2ca439e510767fb750192f5b0f4c442afec520c063bc6ce4517469f829bb6,42,416,0.03965250588953495,0.034452718868851664,0.03268186375498772,"[0.03965250588953495,0.03333256021142006,0.0332784503698349,0.03331821411848068,0.03268186375498772]"
3732,,3,32,6.064683638513088,3f4ef4a10fd471b418a32a8f7b45431602c1f6abc080c19a7822ea2c2dd839b4,tinyworlds-nouns-v2-temporal-consolidation-timing-row-v1,14928,prefix,4,8,480,f1c2ca439e510767fb750192f5b0f4c442afec520c063bc6ce4517469f829bb6,c5ab119450fb0ab21b98801287bf6424a349fd8e932808121a42c1640f20832e,43,480,0.043231626972556114,0.041737253591418264,0.04001581855118275,"[0.04143478721380234,0.04263767600059509,0.043231626972556114,0.04136635921895504,0.04001581855118275]"
3976,,3,32,6.948664177209139,3f4ef4a10fd471b418a32a8f7b45431602c1f6abc080c19a7822ea2c2dd839b4,tinyworlds-nouns-v2-temporal-consolidation-timing-row-v1,15904,prefix,4,8,512,c5ab119450fb0ab21b98801287bf6424a349fd8e932808121a42c1640f20832e,6678e1d733a554ee4383b668bba7a5f536620695e18b07c2b3f2009493c6bbe2,44,512,0.048530250787734985,0.04599578976631165,0.04522612504661083,"[0.04536040127277374,0.048530250787734985,0.04522612504661083,0.045480579137802124,0.04538159258663654]"
232,,4,40,5.011562393978238,3f4ef4a10fd471b418a32a8f7b45431602c1f6abc080c19a7822ea2c2dd839b4,tinyworlds-nouns-v2-temporal-consolidation-timing-row-v1,1160,prefix,5,8,32,6678e1d733a554ee4383b668bba7a5f536620695e18b07c2b3f2009493c6bbe2,8eda471bcfb1605a34669c980c6438d5e8396f986c532e7ff99a249c07b71348,45,32,0.003526046872138977,0.0031080089509487154,0.002810865640640259,"[0.003220224753022194,0.003005376085639,0.0029775314033031464,0.003526046872138977,0.002810865640640259]"
469,,4,40,6.372552584856749,3f4ef4a10fd471b418a32a8f7b45431602c1f6abc080c19a7822ea2c2dd839b4,tinyworlds-nouns-v2-temporal-consolidation-timing-row-v1,2345,prefix,5,8,64,8eda471bcfb1605a34669c980c6438d5e8396f986c532e7ff99a249c07b71348,51a0127367a3a7a9a3fc3d673b1beb4dde6263d6ee84904f948b33788bea6f05,46,64,0.004709092900156975,0.0046589445322751995,0.004577023908495903,"[0.004709092900156975,0.00468594953417778,0.004666734486818314,0.004577023908495903,0.004655921831727028]"
625,,4,40,7.37447327375412,3f4ef4a10fd471b418a32a8f7b45431602c1f6abc080c19a7822ea2c2dd839b4,tinyworlds-nouns-v2-temporal-consolidation-timing-row-v1,3125,prefix,5,8,96,51a0127367a3a7a9a3fc3d673b1beb4dde6263d6ee84904f948b33788bea6f05,831c64f70f7af01e1aae33ffbe1e4da46db8375c4bb4c28904fc087809b1366f,47,96,0.006434086710214615,0.006288566440343857,0.006131710484623909,"[0.006434086710214615,0.006205789744853973,0.006363110616803169,0.0063081346452236176,0.006131710484623909]"
854,,4,40,7.461512407287955,3f4ef4a10fd471b418a32a8f7b45431602c1f6abc080c19a7822ea2c2dd839b4,tinyworlds-nouns-v2-temporal-consolidation-timing-row-v1,4270,prefix,5,8,128,831c64f70f7af01e1aae33ffbe1e4da46db8375c4bb4c28904fc087809b1366f,4faa2a5defcf79149ea3086ab62cf5490c32eece1b0b8ffda2f5893b8bac8e6a,48,128,0.008819429203867912,0.008495811000466346,0.008271967992186546,"[0.008552173152565956,0.00845462828874588,0.008380856364965439,0.008271967992186546,0.008819429203867912]"
1086,,4,40,7.138876236975193,3f4ef4a10fd471b418a32a8f7b45431602c1f6abc080c19a7822ea2c2dd839b4,tinyworlds-nouns-v2-temporal-consolidation-timing-row-v1,5430,prefix,5,8,160,4faa2a5defcf79149ea3086ab62cf5490c32eece1b0b8ffda2f5893b8bac8e6a,fe32d3d874a73650f176f56867671b6445c4b4ecf9685b136b66705dedcec004,49,160,0.01587839238345623,0.012548934295773506,0.011565985158085823,"[0.012016387656331062,0.01158132217824459,0.01587839238345623,0.011565985158085823,0.011702584102749825]"
1380,,4,40,7.578791895881295,3f4ef4a10fd471b418a32a8f7b45431602c1f6abc080c19a7822ea2c2dd839b4,tinyworlds-nouns-v2-temporal-consolidation-timing-row-v1,6900,prefix,5,8,192,fe32d3d874a73650f176f56867671b6445c4b4ecf9685b136b66705dedcec004,86efbba3fac9b1e5d8a3a9eff2642beda2d3dfc19c23111709d6301fcd8ce05f,50,192,0.015880076214671135,0.015276183560490608,0.014884350821375847,"[0.015095874667167664,0.014884350821375847,0.014894934371113777,0.01562568172812462,0.015880076214671135]"
1637,,4,40,8.74573328346014,3f4ef4a10fd471b418a32a8f7b45431602c1f6abc080c19a7822ea2c2dd839b4,tinyworlds-nouns-v2-temporal-consolidation-timing-row-v1,8185,prefix,5,8,224,86efbba3fac9b1e5d8a3a9eff2642beda2d3dfc19c23111709d6301fcd8ce05f,e8600a6f5fe6a83ffa5d80cc50a3f03d5217c1694c96598420b533ff640bbc8a,51,224,0.01846032403409481,0.01801721714437008,0.017611758783459663,"[0.01808910444378853,0.017611758783459663,0.017908262088894844,0.01801663637161255,0.01846032403409481]"
1944,,4,40,8.760500991716981,3f4ef4a10fd471b418a32a8f7b45431602c1f6abc080c19a7822ea2c2dd839b4,tinyworlds-nouns-v2-temporal-consolidation-timing-row-v1,9720,prefix,5,8,256,e8600a6f5fe6a83ffa5d80cc50a3f03d5217c1694c96598420b533ff640bbc8a,224b55b1bf30d3d22a389b8ae8d80e85b0de2a42f3bd15d874b3dbed13627eb1,52,256,0.02408597059547901,0.022533272206783295,0.021269064396619797,"[0.02408597059547901,0.02158196084201336,0.021269064396619797,0.023293882608413696,0.02243548259139061]"
2166,,4,40,9.406248347833753,3f4ef4a10fd471b418a32a8f7b45431602c1f6abc080c19a7822ea2c2dd839b4,tinyworlds-nouns-v2-temporal-consolidation-timing-row-v1,10830,prefix,5,8,288,224b55b1bf30d3d22a389b8ae8d80e85b0de2a42f3bd15d874b3dbed13627eb1,547625e869c115b27677f5315e06c620943e6f1b4d22cb82aa165176dc92e981,53,288,0.02596665732562542,0.02505154311656952,0.024421144276857376,"[0.02541932463645935,0.024759892374277115,0.02596665732562542,0.024690696969628334,0.024421144276857376]"
2435,,4,40,8.598117582499981,3f4ef4a10fd471b418a32a8f7b45431602c1f6abc080c19a7822ea2c2dd839b4,tinyworlds-nouns-v2-temporal-consolidation-timing-row-v1,12175,prefix,5,8,320,547625e869c115b27677f5315e06c620943e6f1b4d22cb82aa165176dc92e981,7b3081b4f0edc818a34a1006ba64758772b4c2d8a91ff0e199eaedebc1b808f4,54,320,0.031789740547537804,0.029781702533364297,0.02906491607427597,"[0.029604492709040642,0.029240550473332405,0.02906491607427597,0.02920881286263466,0.031789740547537804]"
2661,,4,40,8.247327798977494,3f4ef4a10fd471b418a32a8f7b45431602c1f6abc080c19a7822ea2c2dd839b4,tinyworlds-nouns-v2-temporal-consolidation-timing-row-v1,13305,prefix,5,8,352,7b3081b4f0edc818a34a1006ba64758772b4c2d8a91ff0e199eaedebc1b808f4,9910c0225c50ed5c4dbc7a8b80e4099768c2c95c275593daa09d5891f681d0db,55,352,0.04185785353183746,0.03563724048435688,0.03320053964853287,"[0.03332887589931488,0.03320053964853287,0.03578421287238598,0.04185785353183746,0.03401472046971321]"
2966,,4,40,8.393154004588723,3f4ef4a10fd471b418a32a8f7b45431602c1f6abc080c19a7822ea2c2dd839b4,tinyworlds-nouns-v2-temporal-consolidation-timing-row-v1,14830,prefix,5,8,384,9910c0225c50ed5c4dbc7a8b80e4099768c2c95c275593daa09d5891f681d0db,3172f94e94e2cabec11ba27a12d7a5b2e367207b3c794f54dcac1965c1729c56,56,384,0.04187587462365627,0.038583007827401164,0.03722370229661465,"[0.03788923658430576,0.03722370229661465,0.03813006542623043,0.04187587462365627,0.03779616020619869]"
3199,,4,40,8.431875811889768,3f4ef4a10fd471b418a32a8f7b45431602c1f6abc080c19a7822ea2c2dd839b4,tinyworlds-nouns-v2-temporal-consolidation-timing-row-v1,15995,prefix,5,8,416,3172f94e94e2cabec11ba27a12d7a5b2e367207b3c794f54dcac1965c1729c56,de736872baa30f15d59110bd3327c9ab2b0eb311a37fad195591355df5ab770b,57,416,0.04311409965157509,0.04261862859129906,0.041605884209275246,"[0.04273954778909683,0.042983101680874825,0.041605884209275246,0.042650509625673294,0.04311409965157509]"
3732,,4,40,8.86316936276853,3f4ef4a10fd471b418a32a8f7b45431602c1f6abc080c19a7822ea2c2dd839b4,tinyworlds-nouns-v2-temporal-consolidation-timing-row-v1,18660,prefix,5,8,480,de736872baa30f15d59110bd3327c9ab2b0eb311a37fad195591355df5ab770b,223d76a0f42f83173d0e7ec46a819de2410ba4f7323b646fe81c293662b11457,58,480,0.053223274648189545,0.05212786830961704,0.051345111802220345,"[0.05148996785283089,0.05153093300759792,0.053223274648189545,0.05305005423724651,0.051345111802220345]"
3976,,4,40,7.376523293554783,3f4ef4a10fd471b418a32a8f7b45431602c1f6abc080c19a7822ea2c2dd839b4,tinyworlds-nouns-v2-temporal-consolidation-timing-row-v1,19880,prefix,5,8,512,223d76a0f42f83173d0e7ec46a819de2410ba4f7323b646fe81c293662b11457,0fb7db2e09ba82517e5410569cf0c5146f3fde0df9e49756e51db14dc894ca84,59,512,0.05659816227853298,0.05570933744311333,0.05466128885746002,"[0.05659816227853298,0.05579019524157047,0.05600167624652386,0.0554953645914793,0.05466128885746002]"
232,,5,48,5.035782804712653,3f4ef4a10fd471b418a32a8f7b45431602c1f6abc080c19a7822ea2c2dd839b4,tinyworlds-nouns-v2-temporal-consolidation-timing-row-v1,1392,prefix,6,8,32,0fb7db2e09ba82517e5410569cf0c5146f3fde0df9e49756e51db14dc894ca84,5e1b92d6cc7d6b1f5f066f99d4789a00b4b1ea6555bacd9dadc775ab2fa385b3,60,32,0.003695618361234665,0.003210204467177391,0.0030101239681243896,"[0.003695618361234665,0.003068452700972557,0.0030380990356206894,0.0030101239681243896,0.0032387282699346542]"
469,,5,48,6.3620073441416025,3f4ef4a10fd471b418a32a8f7b45431602c1f6abc080c19a7822ea2c2dd839b4,tinyworlds-nouns-v2-temporal-consolidation-timing-row-v1,2814,prefix,6,8,64,5e1b92d6cc7d6b1f5f066f99d4789a00b4b1ea6555bacd9dadc775ab2fa385b3,00fcadf9ed31ba64ab5a90b4c2c9621c383802a9cff148a8c617e285ab5d17b6,61,64,0.00538959726691246,0.005208361893892288,0.005093647167086601,"[0.00538959726691246,0.005156444385647774,0.005287524312734604,0.005114596337080002,0.005093647167086601]"
625,,5,48,7.504368318244815,3f4ef4a10fd471b418a32a8f7b45431602c1f6abc080c19a7822ea2c2dd839b4,tinyworlds-nouns-v2-temporal-consolidation-timing-row-v1,3750,prefix,6,8,96,00fcadf9ed31ba64ab5a90b4c2c9621c383802a9cff148a8c617e285ab5d17b6,eaac510e5461eaaf3df5381a1d25cdcda5f998012cff9394deb28bf6c201255e,62,96,0.008469253778457642,0.007632777094841003,0.007316192612051964,"[0.008469253778457642,0.00741959922015667,0.007486704736948013,0.007316192612051964,0.007472135126590729]"
854,,5,48,5.508213924244046,3f4ef4a10fd471b418a32a8f7b45431602c1f6abc080c19a7822ea2c2dd839b4,tinyworlds-nouns-v2-temporal-consolidation-timing-row-v1,5124,prefix,6,8,128,eaac510e5461eaaf3df5381a1d25cdcda5f998012cff9394deb28bf6c201255e,e0858b433eb405a18554ea001d2b053ceb6281749dba18f2a5b24f46f987be19,63,128,0.010090064257383347,0.009973413497209548,0.009779326617717743,"[0.010075828060507774,0.009855220094323158,0.010066628456115723,0.009779326617717743,0.010090064257383347]"
1086,,5,48,7.875623991712928,3f4ef4a10fd471b418a32a8f7b45431602c1f6abc080c19a7822ea2c2dd839b4,tinyworlds-nouns-v2-temporal-consolidation-timing-row-v1,6516,prefix,6,8,160,e0858b433eb405a18554ea001d2b053ceb6281749dba18f2a5b24f46f987be19,983d5c714dbaa03a743137126e908dce3305bea03db349b3078f51ca1bdd8110,64,160,0.014319781213998795,0.014090524241328239,0.014000164344906807,"[0.014096636325120926,0.014319781213998795,0.014020811766386032,0.014000164344906807,0.014015227556228638]"
1380,,5,48,6.282416891306639,3f4ef4a10fd471b418a32a8f7b45431602c1f6abc080c19a7822ea2c2dd839b4,tinyworlds-nouns-v2-temporal-consolidation-timing-row-v1,8280,prefix,6,8,192,983d5c714dbaa03a743137126e908dce3305bea03db349b3078f51ca1bdd8110,bc66a65c6cf0dcc6f33290bb9c13dacc905145a53e325687f5667474f253a935,65,192,0.018261974677443504,0.018039221689105035,0.017829371616244316,"[0.018086252734065056,0.018261974677443504,0.017962155863642693,0.017829371616244316,0.0180563535541296]"
1637,,5,48,7.773762231692672,3f4ef4a10fd471b418a32a8f7b45431602c1f6abc080c19a7822ea2c2dd839b4,tinyworlds-nouns-v2-temporal-consolidation-timing-row-v1,9822,prefix,6,8,224,bc66a65c6cf0dcc6f33290bb9c13dacc905145a53e325687f5667474f253a935,ea038f4d79b8c26c30706c3617674b8dc23fa201225ebec43812371e9c8acbe5,66,224,0.03320559300482273,0.024455609172582625,0.021955078467726707,"[0.022198108956217766,0.022268876433372498,0.03320559300482273,0.02265038900077343,0.021955078467726707]"
1944,,5,48,8.252738196402788,3f4ef4a10fd471b418a32a8f7b45431602c1f6abc080c19a7822ea2c2dd839b4,tinyworlds-nouns-v2-temporal-consolidation-timing-row-v1,11664,prefix,6,8,256,ea038f4d79b8c26c30706c3617674b8dc23fa201225ebec43812371e9c8acbe5,0324ee1e31df45f7e2f960f3effa71041276ba4a2bfdc3cee1d2f5a9d26bcc1b,67,256,0.026816653087735176,0.026157244667410852,0.025703245773911476,"[0.02616862952709198,0.026816653087735176,0.026327742263674736,0.025769952684640884,0.025703245773911476]"
2166,,5,48,8.313974956050515,3f4ef4a10fd471b418a32a8f7b45431602c1f6abc080c19a7822ea2c2dd839b4,tinyworlds-nouns-v2-temporal-consolidation-timing-row-v1,12996,prefix,6,8,288,0324ee1e31df45f7e2f960f3effa71041276ba4a2bfdc3cee1d2f5a9d26bcc1b,dace29a32a82e0efa882106fe39c976efa03c2e752af115c8102e9de2ddc4ad3,68,288,0.032445674762129784,0.0312798622995615,0.030140314251184464,"[0.030938660725951195,0.03232259303331375,0.03055206872522831,0.032445674762129784,0.030140314251184464]"
2435,,5,48,9.384345045313239,3f4ef4a10fd471b418a32a8f7b45431602c1f6abc080c19a7822ea2c2dd839b4,tinyworlds-nouns-v2-temporal-consolidation-timing-row-v1,14610,prefix,6,8,320,dace29a32a82e0efa882106fe39c976efa03c2e752af115c8102e9de2ddc4ad3,d71be812aa359446cca5fd08504b6a014083122ede9a8bda1ec759af0dab4372,69,320,0.03626304492354393,0.03599359579384327,0.03559207543730736,"[0.03626304492354393,0.03625274449586868,0.035952234640717506,0.03590787947177887,0.03559207543730736]"
2661,,5,48,8.926126880571246,3f4ef4a10fd471b418a32a8f7b45431602c1f6abc080c19a7822ea2c2dd839b4,tinyworlds-nouns-v2-temporal-consolidation-timing-row-v1,15966,prefix,6,8,352,d71be812aa359446cca5fd08504b6a014083122ede9a8bda1ec759af0dab4372,0c18464ad586a4ceb64f7935a5567de98d689cfd321aaccfc57cdb6812137630,70,352,0.044409655034542084,0.04196752943098545,0.04010182246565819,"[0.04232516326010227,0.044409655034542084,0.04022509790956974,0.04010182246565819,0.04277590848505497]"
2966,,5,48,9.266483267769217,3f4ef4a10fd471b418a32a8f7b45431602c1f6abc080c19a7822ea2c2dd839b4,tinyworlds-nouns-v2-temporal-consolidation-timing-row-v1,17796,prefix,6,8,384,0c18464ad586a4ceb64f7935a5567de98d689cfd321aaccfc57cdb6812137630,c5ec34eac0f70f25afcffd290d3e2af839a19fae58429e9926a4f3c85d9aa584,71,384,0.04651279374957085,0.0459480244666338,0.04551668092608452,"[0.045570533722639084,0.04651279374957085,0.04613441415131092,0.04551668092608452,0.046005699783563614]"
3199,,5,48,9.566897274926305,3f4ef4a10fd471b418a32a8f7b45431602c1f6abc080c19a7822ea2c2dd839b4,tinyworlds-nouns-v2-temporal-consolidation-timing-row-v1,19194,prefix,6,8,416,c5ec34eac0f70f25afcffd290d3e2af839a19fae58429e9926a4f3c85d9aa584,720641f94ecf697a8fbca788b952f6d3e1ee24c1b3a32287884594b73a00b5f0,72,416,0.05339469946920872,0.051498538628220555,0.050586530938744545,"[0.052083367481827736,0.05070526897907257,0.050586530938744545,0.05339469946920872,0.05072282627224922]"
3732,,5,48,9.703408561646938,3f4ef4a10fd471b418a32a8f7b45431602c1f6abc080c19a7822ea2c2dd839b4,tinyworlds-nouns-v2-temporal-consolidation-timing-row-v1,22392,prefix,6,8,480,720641f94ecf697a8fbca788b952f6d3e1ee24c1b3a32287884594b73a00b5f0,45a5e750c2a2f17b6da0a8a1dc1f2b6e373f235b46bbbb65e3152696341ec878,73,480,0.0635501816868782,0.06259201727807522,0.06191481091082096,"[0.06263634376227856,0.0635501816868782,0.06251293793320656,0.06234581209719181,0.06191481091082096]"
3976,,5,48,9.452139411121607,3f4ef4a10fd471b418a32a8f7b45431602c1f6abc080c19a7822ea2c2dd839b4,tinyworlds-nouns-v2-temporal-consolidation-timing-row-v1,23856,prefix,6,8,512,45a5e750c2a2f17b6da0a8a1dc1f2b6e373f235b46bbbb65e3152696341ec878,b080429f95569a1f3a2421e5968fe9a24e9b6cbd5d9342bab064f09b0b88f181,74,512,0.07342885434627533,0.06987372189760208,0.06867788545787334,"[0.07342885434627533,0.06867788545787334,0.06873226724565029,0.0697721317410469,0.06875747069716454]"
232,,6,56,5.398776162415743,3f4ef4a10fd471b418a32a8f7b45431602c1f6abc080c19a7822ea2c2dd839b4,tinyworlds-nouns-v2-temporal-consolidation-timing-row-v1,1624,prefix,7,8,32,b080429f95569a1f3a2421e5968fe9a24e9b6cbd5d9342bab064f09b0b88f181,a80466b252215b893dec94f3b9a78baf4343455ae1619edf31da3aa8b8a300ed,75,32,0.003919100388884544,0.0037046559154987335,0.0034759584814310074,"[0.003919100388884544,0.0037570949643850327,0.0034759584814310074,0.0037330985069274902,0.003638027235865593]"
469,,6,56,6.523118484765291,3f4ef4a10fd471b418a32a8f7b45431602c1f6abc080c19a7822ea2c2dd839b4,tinyworlds-nouns-v2-temporal-consolidation-timing-row-v1,3283,prefix,7,8,64,a80466b252215b893dec94f3b9a78baf4343455ae1619edf31da3aa8b8a300ed,9506ed3b9d5062ade0bc607787fae5c0dadc5cc93168347e0573bd55f515c30a,76,64,0.006763771176338196,0.006212931871414184,0.005891432985663414,"[0.006292566657066345,0.005891432985663414,0.006062828004360199,0.006054060533642769,0.006763771176338196]"
625,,6,56,7.209723623469472,3f4ef4a10fd471b418a32a8f7b45431602c1f6abc080c19a7822ea2c2dd839b4,tinyworlds-nouns-v2-temporal-consolidation-timing-row-v1,4375,prefix,7,8,96,9506ed3b9d5062ade0bc607787fae5c0dadc5cc93168347e0573bd55f515c30a,5a487a15315871131b4fe23b35ef3afdd6e6e88c0982a86606d0a9cb0bb077d7,77,96,0.009883865714073181,0.009010561928153037,0.008634479716420174,"[0.009020030498504639,0.009883865714073181,0.008634479716420174,0.008810032159090042,0.008704401552677155]"
854,,6,56,7.630969135090709,3f4ef4a10fd471b418a32a8f7b45431602c1f6abc080c19a7822ea2c2dd839b4,tinyworlds-nouns-v2-temporal-consolidation-timing-row-v1,5978,prefix,7,8,128,5a487a15315871131b4fe23b35ef3afdd6e6e88c0982a86606d0a9cb0bb077d7,9aa280723d6c741d86fa556afdee7eda6b173d27270d4b2282814130fb13a350,78,128,0.018214384093880653,0.013569235429167747,0.012118624523282051,"[0.018214384093880653,0.01248195394873619,0.012118624523282051,0.012487111613154411,0.012544102966785431]"
1086,,6,56,6.2097182516008615,3f4ef4a10fd471b418a32a8f7b45431602c1f6abc080c19a7822ea2c2dd839b4,tinyworlds-nouns-v2-temporal-consolidation-timing-row-v1,7602,prefix,7,8,160,9aa280723d6c741d86fa556afdee7eda6b173d27270d4b2282814130fb13a350,b7046bcdcaa3b07b890753b7472f104d804f71176368649ac886656ff5e1705c,79,160,0.01782764308154583,0.0172061700373888,0.01682109571993351,"[0.01782764308154583,0.017380347475409508,0.017038540914654732,0.01696322299540043,0.01682109571993351]"
1380,,6,56,7.791057212278247,3f4ef4a10fd471b418a32a8f7b45431602c1f6abc080c19a7822ea2c2dd839b4,tinyworlds-nouns-v2-temporal-consolidation-timing-row-v1,9660,prefix,7,8,192,b7046bcdcaa3b07b890753b7472f104d804f71176368649ac886656ff5e1705c,2f60172a7c8447301ab58122be2a24b5e3086dac2605e3064f699f4064d91497,80,192,0.022458786144852638,0.021718820556998253,0.02117660641670227,"[0.021474823355674744,0.02117660641670227,0.021537253633141518,0.022458786144852638,0.021946633234620094]"
1637,,6,56,6.434161860495806,3f4ef4a10fd471b418a32a8f7b45431602c1f6abc080c19a7822ea2c2dd839b4,tinyworlds-nouns-v2-temporal-consolidation-timing-row-v1,11459,prefix,7,8,224,2f60172a7c8447301ab58122be2a24b5e3086dac2605e3064f699f4064d91497,bf5cb410e8b7f6ca7496e0a3a6dfa43ff200db57738f841eecec1d43d563714c,81,224,0.026592155918478966,0.026194269210100173,0.02568216435611248,"[0.026592155918478966,0.02600093185901642,0.02568216435611248,0.0264322217553854,0.026263872161507607]"
1944,,6,56,6.881784997880459,3f4ef4a10fd471b418a32a8f7b45431602c1f6abc080c19a7822ea2c2dd839b4,tinyworlds-nouns-v2-temporal-consolidation-timing-row-v1,13608,prefix,7,8,256,bf5cb410e8b7f6ca7496e0a3a6dfa43ff200db57738f841eecec1d43d563714c,3d52960f560289f3b7cd755da3d136dd2e6d7d039d759c6f8d09df957ebb9a93,82,256,0.04341030865907669,0.03496689908206463,0.031251825392246246,"[0.04341030865907669,0.031568609178066254,0.03367762826383114,0.034926123917102814,0.031251825392246246]"
2166,,6,56,8.836808308959007,3f4ef4a10fd471b418a32a8f7b45431602c1f6abc080c19a7822ea2c2dd839b4,tinyworlds-nouns-v2-temporal-consolidation-timing-row-v1,15162,prefix,7,8,288,3d52960f560289f3b7cd755da3d136dd2e6d7d039d759c6f8d09df957ebb9a93,416a9d942bfdecc98aa748e50f4c38e1488c9aedd22c85e35abb2d1a026bcec1,83,288,0.03740905597805977,0.03652734830975533,0.03558861277997494,"[0.03740905597805977,0.03684368170797825,0.03608644939959049,0.03670894168317318,0.03558861277997494]"
2435,,6,56,7.32471957616508,3f4ef4a10fd471b418a32a8f7b45431602c1f6abc080c19a7822ea2c2dd839b4,tinyworlds-nouns-v2-temporal-consolidation-timing-row-v1,17045,prefix,7,8,320,416a9d942bfdecc98aa748e50f4c38e1488c9aedd22c85e35abb2d1a026bcec1,d004554111c5a5da6906356abca9b83002f883bab59312c937d881119f4576ae,84,320,0.04419581778347492,0.042241369187831876,0.04144993983209133,"[0.04158731922507286,0.04176820442080498,0.04419581778347492,0.04144993983209133,0.0422055646777153]"
2661,,6,56,9.327197596430779,3f4ef4a10fd471b418a32a8f7b45431602c1f6abc080c19a7822ea2c2dd839b4,tinyworlds-nouns-v2-temporal-consolidation-timing-row-v1,18627,prefix,7,8,352,d004554111c5a5da6906356abca9b83002f883bab59312c937d881119f4576ae,7ad998d444b3acfa21dd95de7fc09ab745a0b7e12ea69f41e9c3105ee87119eb,85,352,0.048802079632878304,0.04745951108634472,0.046527331694960594,"[0.048802079632878304,0.04699847847223282,0.04783910512924194,0.046527331694960594,0.047130560502409935]"
2966,,6,56,7.3415334559977055,3f4ef4a10fd471b418a32a8f7b45431602c1f6abc080c19a7822ea2c2dd839b4,tinyworlds-nouns-v2-temporal-consolidation-timing-row-v1,20762,prefix,7,8,384,7ad998d444b3acfa21dd95de7fc09ab745a0b7e12ea69f41e9c3105ee87119eb,276add3d168ed8562e2809e42ec26f6078696f17d7f5e44a06f860af8796ffb0,86,384,0.06387280859053135,0.056867295131087306,0.05406191945075989,"[0.05672433413565159,0.05406191945075989,0.06387280859053135,0.055453354492783546,0.054224058985710144]"
3199,,6,56,7.18836310133338,3f4ef4a10fd471b418a32a8f7b45431602c1f6abc080c19a7822ea2c2dd839b4,tinyworlds-nouns-v2-temporal-consolidation-timing-row-v1,22393,prefix,7,8,416,276add3d168ed8562e2809e42ec26f6078696f17d7f5e44a06f860af8796ffb0,e8b959fe8083067acac1c42de7768acbd4e9f0d16081c83e6985c6208670aa88,87,416,0.060753295198082924,0.05968755148351192,0.05886022374033928,"[0.05951051972806454,0.05886022374033928,0.06012406572699547,0.059189653024077415,0.060753295198082924]"
3732,,6,56,9.929830066859722,3f4ef4a10fd471b418a32a8f7b45431602c1f6abc080c19a7822ea2c2dd839b4,tinyworlds-nouns-v2-temporal-consolidation-timing-row-v1,26124,prefix,7,8,480,e8b959fe8083067acac1c42de7768acbd4e9f0d16081c83e6985c6208670aa88,bb82fc6a5bca6a45717c6df5901e830b397ff892935841c0212583b15966ae9d,88,480,0.08581041917204857,0.07615565694868565,0.07283688895404339,"[0.07458494417369366,0.07309717684984207,0.07444885559380054,0.08581041917204857,0.07283688895404339]"
3976,,6,56,8.342178286984563,3f4ef4a10fd471b418a32a8f7b45431602c1f6abc080c19a7822ea2c2dd839b4,tinyworlds-nouns-v2-temporal-consolidation-timing-row-v1,27832,prefix,7,8,512,bb82fc6a5bca6a45717c6df5901e830b397ff892935841c0212583b15966ae9d,6467547cca91dcb88c9bd2a55ce3c57c7482f4fd6742866176ddac95628ccf36,89,512,0.09188335202634335,0.08375047221779823,0.08032150194048882,"[0.08032150194048882,0.08374525792896748,0.09188335202634335,0.08186047337949276,0.08094177581369877]"
232,,7,64,5.960536610335112,3f4ef4a10fd471b418a32a8f7b45431602c1f6abc080c19a7822ea2c2dd839b4,tinyworlds-nouns-v2-temporal-consolidation-timing-row-v1,1856,prefix,8,8,32,6467547cca91dcb88c9bd2a55ce3c57c7482f4fd6742866176ddac95628ccf36,de60ac45107298ee89ba08a8f84ac722022f3d8fb7040564aabeec835411d543,90,32,0.004169074818491936,0.004132829979062081,0.004094855859875679,"[0.004159340634942055,0.00411604531109333,0.004169074818491936,0.004124833270907402,0.004094855859875679]"
469,,7,64,6.477915717288852,3f4ef4a10fd471b418a32a8f7b45431602c1f6abc080c19a7822ea2c2dd839b4,tinyworlds-nouns-v2-temporal-consolidation-timing-row-v1,3752,prefix,8,8,64,de60ac45107298ee89ba08a8f84ac722022f3d8fb7040564aabeec835411d543,92bb35558c6d46e301ebca520f6d2763e83a922db29e5bee5b7e4839a11e553a,91,64,0.007261844351887703,0.007112297788262367,0.007031524553894997,"[0.007261844351887703,0.007155239582061768,0.007042001932859421,0.007070878520607948,0.007031524553894997]"
625,,7,64,7.08482526615262,3f4ef4a10fd471b418a32a8f7b45431602c1f6abc080c19a7822ea2c2dd839b4,tinyworlds-nouns-v2-temporal-consolidation-timing-row-v1,5000,prefix,8,8,96,92bb35558c6d46e301ebca520f6d2763e83a922db29e5bee5b7e4839a11e553a,c3d329d624de7336bacfe1a349add59c7cd4428e47f562c2e5749357f37781fd,92,96,0.011931773275136948,0.010298383608460426,0.00974862277507782,"[0.010108456015586853,0.00978226587176323,0.00974862277507782,0.011931773275136948,0.009920800104737282]"
854,,7,64,8.124224219471216,3f4ef4a10fd471b418a32a8f7b45431602c1f6abc080c19a7822ea2c2dd839b4,tinyworlds-nouns-v2-temporal-consolidation-timing-row-v1,6832,prefix,8,8,128,c3d329d624de7336bacfe1a349add59c7cd4428e47f562c2e5749357f37781fd,e7c2c3a1959cd53c772629d4277de026111119ae9d7f798f00c6166c25ea8023,93,128,0.015027705579996109,0.014494410902261733,0.01412317156791687,"[0.01412317156791687,0.014505419880151749,0.01418466866016388,0.015027705579996109,0.014631088823080063]"
1086,,7,64,8.016617245972157,3f4ef4a10fd471b418a32a8f7b45431602c1f6abc080c19a7822ea2c2dd839b4,tinyworlds-nouns-v2-temporal-consolidation-timing-row-v1,8688,prefix,8,8,160,e7c2c3a1959cd53c772629d4277de026111119ae9d7f798f00c6166c25ea8023,a10b3cb6d1ba081e726bf7e45823508ca0911fbbc1d753996c3ef8e30422c317,94,160,0.020493533462285995,0.020196493342518808,0.019631430506706238,"[0.019631430506706238,0.020403331145644188,0.020493533462285995,0.020069926977157593,0.02038424462080002]"
1380,,7,64,8.130897326394916,3f4ef4a10fd471b418a32a8f7b45431602c1f6abc080c19a7822ea2c2dd839b4,tinyworlds-nouns-v2-temporal-consolidation-timing-row-v1,11040,prefix,8,8,192,a10b3cb6d1ba081e726bf7e45823508ca0911fbbc1d753996c3ef8e30422c317,576a3d3fc01905789d58bf24cad56f91cd4e60c3c002140c2dcd1423b2b6b66c,95,192,0.027130963280797005,0.02611924633383751,0.02553771622478962,"[0.02559102512896061,0.025677813217043877,0.026658713817596436,0.02553771622478962,0.027130963280797005]"
1637,,7,64,7.742044188082218,3f4ef4a10fd471b418a32a8f7b45431602c1f6abc080c19a7822ea2c2dd839b4,tinyworlds-nouns-v2-temporal-consolidation-timing-row-v1,13096,prefix,8,8,224,576a3d3fc01905789d58bf24cad56f91cd4e60c3c002140c2dcd1423b2b6b66c,2d2a53036e3cc8bd9d7f220c93aa3b1c2aff7f9189313ee2802c067c030c1c31,96,224,0.03155674785375595,0.030568256229162215,0.029972627758979797,"[0.030306411907076836,0.03155674785375595,0.030538996681571007,0.03046649694442749,0.029972627758979797]"
1944,,7,64,9.184778239578009,3f4ef4a10fd471b418a32a8f7b45431602c1f6abc080c19a7822ea2c2dd839b4,tinyworlds-nouns-v2-temporal-consolidation-timing-row-v1,15552,prefix,8,8,256,2d2a53036e3cc8bd9d7f220c93aa3b1c2aff7f9189313ee2802c067c030c1c31,c27995dd15d263d9a4562b27ced2136ee19f9aebf3b5751d176828b243911606,97,256,0.037628909572958946,0.03695014826953411,0.03607277199625969,"[0.036892443895339966,0.03691823221743107,0.037238383665680885,0.03607277199625969,0.037628909572958946]"
2166,,7,64,6.723764646798372,3f4ef4a10fd471b418a32a8f7b45431602c1f6abc080c19a7822ea2c2dd839b4,tinyworlds-nouns-v2-temporal-consolidation-timing-row-v1,17328,prefix,8,8,288,c27995dd15d263d9a4562b27ced2136ee19f9aebf3b5751d176828b243911606,ccb414d19cd7a80ed9c61034e0ee3ab429c70c2b41dfba598ea7d032442b24d2,98,288,0.04458334296941757,0.04248321391642094,0.04122183285653591,"[0.043749138712882996,0.04122183285653591,0.04127007536590099,0.04458334296941757,0.04159167967736721]"
2435,,7,64,8.403880191966891,3f4ef4a10fd471b418a32a8f7b45431602c1f6abc080c19a7822ea2c2dd839b4,tinyworlds-nouns-v2-temporal-consolidation-timing-row-v1,19480,prefix,8,8,320,ccb414d19cd7a80ed9c61034e0ee3ab429c70c2b41dfba598ea7d032442b24d2,44ca2f2dc24dfa6e8a21bd63cfc934ffb719b18c61ae897d0cd4db9f2a1c8973,99,320,0.05252028629183769,0.050373274832963943,0.048936303704977036,"[0.05252028629183769,0.049930308014154434,0.05035432614386082,0.048936303704977036,0.05012515000998974]"
2661,,7,64,6.638349095359445,3f4ef4a10fd471b418a32a8f7b45431602c1f6abc080c19a7822ea2c2dd839b4,tinyworlds-nouns-v2-temporal-consolidation-timing-row-v1,21288,prefix,8,8,352,44ca2f2dc24dfa6e8a21bd63cfc934ffb719b18c61ae897d0cd4db9f2a1c8973,f4cf91064412b29068965e7b33724a96003b0209972429909f3e9f38873657c2,100,352,0.05586289241909981,0.05490563772618771,0.053205568343400955,"[0.05586289241909981,0.055101409554481506,0.053205568343400955,0.055826302617788315,0.054532015696167946]"
2966,10180820992,7,64,7.024177512153983,3f4ef4a10fd471b418a32a8f7b45431602c1f6abc080c19a7822ea2c2dd839b4,tinyworlds-nouns-v2-temporal-consolidation-timing-row-v1,23728,prefix,8,8,384,f4cf91064412b29068965e7b33724a96003b0209972429909f3e9f38873657c2,810a7e33c5db5379750c663e6a158ed1cb927da2717917944868355f47c4672a,101,384,0.07023352012038231,0.06858844161033631,0.06706034205853939,"[0.06731408275663853,0.07023352012038231,0.06706034205853939,0.06875377520918846,0.06958048790693283]"
3199,11004231680,7,64,8.945759080350399,3f4ef4a10fd471b418a32a8f7b45431602c1f6abc080c19a7822ea2c2dd839b4,tinyworlds-nouns-v2-temporal-consolidation-timing-row-v1,25592,prefix,8,8,416,810a7e33c5db5379750c663e6a158ed1cb927da2717917944868355f47c4672a,35b0c66d2dc5cafe9b948bce36d8e2a1b88db12862bdb92608b02f801b66488c,102,416,0.07791750505566597,0.07560410164296627,0.0736280120909214,"[0.07448791526257992,0.07791750505566597,0.07702957466244698,0.07495750114321709,0.0736280120909214]"
3732,12651053056,7,64,8.451786316931248,3f4ef4a10fd471b418a32a8f7b45431602c1f6abc080c19a7822ea2c2dd839b4,tinyworlds-nouns-v2-temporal-consolidation-timing-row-v1,29856,prefix,8,8,480,35b0c66d2dc5cafe9b948bce36d8e2a1b88db12862bdb92608b02f801b66488c,217d32e03337a3c2be86f4c0583c71d624f19852495dea39983f05cb2fff8f52,103,480,0.09421373717486858,0.09058476351201535,0.08777574822306633,"[0.09166109189391136,0.08870348893105984,0.09421373717486858,0.08777574822306633,0.0905697513371706]"
1992,6887178240,7,32,8.088047051802278,3f4ef4a10fd471b418a32a8f7b45431602c1f6abc080c19a7822ea2c2dd839b4,tinyworlds-nouns-v2-temporal-consolidation-timing-row-v1,15936,prefix,8,4,512,217d32e03337a3c2be86f4c0583c71d624f19852495dea39983f05cb2fff8f52,46d9e7c1f443465f16485be37741da8999df3c9d90c1ec3df95fa96a1990a258,104,512,0.05331495217978954,0.05159879066050053,0.04941877722740173,"[0.04941877722740173,0.05331495217978954,0.05142885260283947,0.051565464586019516,0.05226590670645237]"
232,1373634560,8,72,6.306589448824525,3f4ef4a10fd471b418a32a8f7b45431602c1f6abc080c19a7822ea2c2dd839b4,tinyworlds-nouns-v2-temporal-consolidation-timing-row-v1,2088,prefix,9,8,32,46d9e7c1f443465f16485be37741da8999df3c9d90c1ec3df95fa96a1990a258,c862e0dcea63a294a49390d7c1879ece83c38ffad778e005188f1e7ef2deb7e4,105,32,0.007745023816823959,0.007550450786948204,0.007421139627695084,"[0.007745023816823959,0.00758274644613266,0.007514936849474907,0.00748840719461441,0.007421139627695084]"
469,2152566784,8,72,7.762991715222597,3f4ef4a10fd471b418a32a8f7b45431602c1f6abc080c19a7822ea2c2dd839b4,tinyworlds-nouns-v2-temporal-consolidation-timing-row-v1,4221,prefix,9,8,64,c862e0dcea63a294a49390d7c1879ece83c38ffad778e005188f1e7ef2deb7e4,d3b1ff2f5f52689e53b39afe099cc2ad400b0eb347f31136e73fec02a6eb3b10,106,64,0.02150725945830345,0.017927009612321854,0.013780239969491959,"[0.013780239969491959,0.02150725945830345,0.014742100611329079,0.020118869841098785,0.019486578181385994]"
625,3078903808,8,72,8.752946702763438,3f4ef4a10fd471b418a32a8f7b45431602c1f6abc080c19a7822ea2c2dd839b4,tinyworlds-nouns-v2-temporal-consolidation-timing-row-v1,5625,prefix,9,8,96,d3b1ff2f5f52689e53b39afe099cc2ad400b0eb347f31136e73fec02a6eb3b10,cb190da8c4042af51ae1cc5f34cae59a5643b953ad125b4c21bac10c5ae8eac1,107,96,0.016834605485200882,0.014860397577285767,0.013719704002141953,"[0.013719704002141953,0.016834605485200882,0.014286201447248459,0.015262139961123466,0.014199336990714073]"
854,4005240832,8,72,7.819134993478656,3f4ef4a10fd471b418a32a8f7b45431602c1f6abc080c19a7822ea2c2dd839b4,tinyworlds-nouns-v2-temporal-consolidation-timing-row-v1,7686,prefix,9,8,128,cb190da8c4042af51ae1cc5f34cae59a5643b953ad125b4c21bac10c5ae8eac1,57d33052c3018bcde369277a6125524c4bf8d3e46b2e8914cba444e485743f80,108,128,0.022073114290833473,0.02056601196527481,0.019180728122591972,"[0.020797934383153915,0.019728049635887146,0.022073114290833473,0.021050233393907547,0.019180728122591972]"
1086,4931577856,8,72,8.792829448357224,3f4ef4a10fd471b418a32a8f7b45431602c1f6abc080c19a7822ea2c2dd839b4,tinyworlds-nouns-v2-temporal-consolidation-timing-row-v1,9774,prefix,9,8,160,57d33052c3018bcde369277a6125524c4bf8d3e46b2e8914cba444e485743f80,b0c0be692156ad84a79a586ee4fdd1cd26a7b7eb3fd8bcccd4167bb1283942e3,109,160,0.02725053019821644,0.026358169689774513,0.02498418278992176,"[0.02725053019821644,0.02711261808872223,0.026670996099710464,0.02498418278992176,0.025772521272301674]"
1380,5857914880,8,72,10.172264371067286,3f4ef4a10fd471b418a32a8f7b45431602c1f6abc080c19a7822ea2c2dd839b4,tinyworlds-nouns-v2-temporal-consolidation-timing-row-v1,12420,prefix,9,8,192,b0c0be692156ad84a79a586ee4fdd1cd26a7b7eb3fd8bcccd4167bb1283942e3,1b62257b3a1cebcb6dbe472ab2915edae872a8273760f305204e930ee24931c3,110,192,0.0331529900431633,0.032440554723143576,0.031690480187535286,"[0.032387034967541695,0.0331529900431633,0.03265277296304703,0.03231949545443058,0.031690480187535286]"
1637,6784251904,8,72,9.298459405079484,3f4ef4a10fd471b418a32a8f7b45431602c1f6abc080c19a7822ea2c2dd839b4,tinyworlds-nouns-v2-temporal-consolidation-timing-row-v1,14733,prefix,9,8,224,1b62257b3a1cebcb6dbe472ab2915edae872a8273760f305204e930ee24931c3,835efff309a2a98519f4e5b784f8e41e65b628f648b1e8b9156bba5529670bc9,111,224,0.04001764580607414,0.03842522799968719,0.0375061109662056,"[0.04001764580607414,0.037827009335160255,0.038319727405905724,0.0375061109662056,0.038455646485090256]"
1944,7710588928,8,72,10.579319333657622,3f4ef4a10fd471b418a32a8f7b45431602c1f6abc080c19a7822ea2c2dd839b4,tinyworlds-nouns-v2-temporal-consolidation-timing-row-v1,17496,prefix,9,8,256,835efff309a2a98519f4e5b784f8e41e65b628f648b1e8b9156bba5529670bc9,51fd30d91b3a62130e89809c3d167dd02d36f27f85a24cf96883796b8c82bb36,112,256,0.10240903683006763,0.08635023310780525,0.07554293982684612,"[0.07554293982684612,0.09554966166615486,0.10240903683006763,0.07910030707716942,0.07914922013878822]"
2166,8889827328,8,72,10.12658141180873,3f4ef4a10fd471b418a32a8f7b45431602c1f6abc080c19a7822ea2c2dd839b4,tinyworlds-nouns-v2-temporal-consolidation-timing-row-v1,19494,prefix,9,8,288,51fd30d91b3a62130e89809c3d167dd02d36f27f85a24cf96883796b8c82bb36,bfb520ce89dda1ffbf3babe0ae85cb50f3d2c73dd5ba460b709fa60cf0ec0340,113,288,0.052393827587366104,0.051152399927377704,0.05036225542426109,"[0.050576429814100266,0.05080806836485863,0.052393827587366104,0.051621418446302414,0.05036225542426109]"
1234,4931577856,8,36,9.297988684847951,3f4ef4a10fd471b418a32a8f7b45431602c1f6abc080c19a7822ea2c2dd839b4,tinyworlds-nouns-v2-temporal-consolidation-timing-row-v1,11106,prefix,9,4,320,bfb520ce89dda1ffbf3babe0ae85cb50f3d2c73dd5ba460b709fa60cf0ec0340,70281cd7863749de5f499953c6d0f57eebd2552557ab048b8a9eca034beee150,114,320,0.06382733955979347,0.05920067839324474,0.049047477543354034,"[0.049047477543354034,0.06382733955979347,0.05765475146472454,0.06204455904662609,0.06342926435172558]"
1322,5394746368,8,36,7.808628214523196,3f4ef4a10fd471b418a32a8f7b45431602c1f6abc080c19a7822ea2c2dd839b4,tinyworlds-nouns-v2-temporal-consolidation-timing-row-v1,11898,prefix,9,4,352,70281cd7863749de5f499953c6d0f57eebd2552557ab048b8a9eca034beee150,8e67d4ead210128df6849d8cd9d24e2db93fd27b2401edb15e57af7eb193e7fb,115,352,0.07195929065346718,0.06191304810345173,0.05467218719422817,"[0.05985253304243088,0.0579400360584259,0.07195929065346718,0.05467218719422817,0.06514119356870651]"
1506,5791937536,8,36,7.976634133607149,3f4ef4a10fd471b418a32a8f7b45431602c1f6abc080c19a7822ea2c2dd839b4,tinyworlds-nouns-v2-temporal-consolidation-timing-row-v1,13554,prefix,9,4,384,8e67d4ead210128df6849d8cd9d24e2db93fd27b2401edb15e57af7eb193e7fb,53d8b98650152cc397227a1ec7e509d70996a21e76b0fa52d2cbb1881b00d2ec,116,384,0.039681201800704,0.038629960641264914,0.038071490824222565,"[0.039681201800704,0.03884560242295265,0.03820207715034485,0.03834943100810051,0.038071490824222565]"
1611,6321083392,8,36,8.417310610413551,3f4ef4a10fd471b418a32a8f7b45431602c1f6abc080c19a7822ea2c2dd839b4,tinyworlds-nouns-v2-temporal-consolidation-timing-row-v1,14499,prefix,9,4,416,53d8b98650152cc397227a1ec7e509d70996a21e76b0fa52d2cbb1881b00d2ec,b585e7e77017ccfb15def0153cbf65bf0298eb67d0224659e0e99aeaecead842,117,416,0.04363691806793213,0.04247443005442619,0.04177417233586311,"[0.04363691806793213,0.042096326127648354,0.04264866001904011,0.04221607372164726,0.04177417233586311]"
1864,7247420416,8,36,8.842921053990722,3f4ef4a10fd471b418a32a8f7b45431602c1f6abc080c19a7822ea2c2dd839b4,tinyworlds-nouns-v2-temporal-consolidation-timing-row-v1,16776,prefix,9,4,480,b585e7e77017ccfb15def0153cbf65bf0298eb67d0224659e0e99aeaecead842,30cb03a635632e8bc8371948dc792b7e9b80b1ba6c73fc307327efad992a6fb9,118,480,0.10064461827278137,0.09865520596504211,0.09519017115235329,"[0.09519017115235329,0.09709979593753815,0.10064461827278137,0.10054494813084602,0.09979649633169174]"
1992,7710588928,8,36,11.52480105496943,3f4ef4a10fd471b418a32a8f7b45431602c1f6abc080c19a7822ea2c2dd839b4,tinyworlds-nouns-v2-temporal-consolidation-timing-row-v1,17928,prefix,9,4,512,30cb03a635632e8bc8371948dc792b7e9b80b1ba6c73fc307327efad992a6fb9,edc8775fd1210d7501abe73f2967f040d2c50369716c316e33eb461556d9fc4c,119,512,0.12739389203488827,0.12410152778029442,0.12190833687782288,"[0.12190833687782288,0.1251027248799801,0.1237352229654789,0.12739389203488827,0.12236746214330196]"
232,1373634560,9,80,6.804664708673954,3f4ef4a10fd471b418a32a8f7b45431602c1f6abc080c19a7822ea2c2dd839b4,tinyworlds-nouns-v2-temporal-consolidation-timing-row-v1,2320,prefix,10,8,32,edc8775fd1210d7501abe73f2967f040d2c50369716c316e33eb461556d9fc4c,061836cfa438e0cc40f462931afcdbe35e9c3036b31e98ba9a8e2874bc6e1377,120,32,0.016314273700118065,0.014079340174794197,0.012843359261751175,"[0.012942150235176086,0.012904297560453415,0.015392620116472244,0.012843359261751175,0.016314273700118065]"
469,2447376384,9,80,8.309268752112985,3f4ef4a10fd471b418a32a8f7b45431602c1f6abc080c19a7822ea2c2dd839b4,tinyworlds-nouns-v2-temporal-consolidation-timing-row-v1,4690,prefix,10,8,64,061836cfa438e0cc40f462931afcdbe35e9c3036b31e98ba9a8e2874bc6e1377,03d96df4c4bc913b384b48e25a7fc1274f6b5c567c493775da5c8a99b01a2c22,121,64,0.02690369263291359,0.023097164183855056,0.021284516900777817,"[0.02690369263291359,0.02150862105190754,0.021284516900777817,0.02250124141573906,0.02328774891793728]"
625,3387682816,9,80,9.803625900298357,3f4ef4a10fd471b418a32a8f7b45431602c1f6abc080c19a7822ea2c2dd839b4,tinyworlds-nouns-v2-temporal-consolidation-timing-row-v1,6250,prefix,10,8,96,03d96df4c4bc913b384b48e25a7fc1274f6b5c567c493775da5c8a99b01a2c22,a14120816dd9164574e81e1c96ee3ab854a262570b6c69f60ba7a3cb7256e924,122,96,0.03340814635157585,0.032369185239076614,0.03137674368917942,"[0.03198960982263088,0.03137674368917942,0.0331873893737793,0.03188403695821762,0.03340814635157585]"
854,4594860032,9,80,10.520369425415993,3f4ef4a10fd471b418a32a8f7b45431602c1f6abc080c19a7822ea2c2dd839b4,tinyworlds-nouns-v2-temporal-consolidation-timing-row-v1,8540,prefix,10,8,128,a14120816dd9164574e81e1c96ee3ab854a262570b6c69f60ba7a3cb7256e924,c85e19c58e273627e576191990cc3160c5934941618382c957520853ad0bce79,123,128,0.04690806567668915,0.04495965503156185,0.04413536190986633,"[0.04413536190986633,0.04690806567668915,0.04448790103197098,0.04512542486190796,0.04414152167737484]"
1086,5446209536,9,80,10.744177497923374,3f4ef4a10fd471b418a32a8f7b45431602c1f6abc080c19a7822ea2c2dd839b4,tinyworlds-nouns-v2-temporal-consolidation-timing-row-v1,10860,prefix,10,8,160,c85e19c58e273627e576191990cc3160c5934941618382c957520853ad0bce79,9cfcfcf88e67731c8d1366455722b9f8da77a77c11b318f0a8d4aaacaee4f1ac,124,160,0.062284741550683975,0.058583051711320874,0.05310509167611599,"[0.05921156890690327,0.05310509167611599,0.05845864489674568,0.05985521152615547,0.062284741550683975]"
1380,6475472896,9,80,8.61209600046277,3f4ef4a10fd471b418a32a8f7b45431602c1f6abc080c19a7822ea2c2dd839b4,tinyworlds-nouns-v2-temporal-consolidation-timing-row-v1,13800,prefix,10,8,192,9cfcfcf88e67731c8d1366455722b9f8da77a77c11b318f0a8d4aaacaee4f1ac,db1582e79edfeb3a562f4d8b88f765a34b3863109fca1bb59269661a58710345,125,192,0.07767512835562229,0.07640107534825802,0.07590410858392715,"[0.07624783180654049,0.07595647685229778,0.07767512835562229,0.07590410858392715,0.07622183114290237]"
1637,7504736256,9,80,11.721797820180655,3f4ef4a10fd471b418a32a8f7b45431602c1f6abc080c19a7822ea2c2dd839b4,tinyworlds-nouns-v2-temporal-consolidation-timing-row-v1,16370,prefix,10,8,224,db1582e79edfeb3a562f4d8b88f765a34b3863109fca1bb59269661a58710345,b874e195a229097babc8037e02a675d2ad87ec3dbd31df7739603d0bfdc7336e,126,224,0.09448990970849991,0.09196988977491856,0.0904567688703537,"[0.09448990970849991,0.09137461148202419,0.0904567688703537,0.0914649348706007,0.09206322394311428]"
1944,8501578752,9,80,10.141766691580415,3f4ef4a10fd471b418a32a8f7b45431602c1f6abc080c19a7822ea2c2dd839b4,tinyworlds-nouns-v2-temporal-consolidation-timing-row-v1,19440,prefix,10,8,256,b874e195a229097babc8037e02a675d2ad87ec3dbd31df7739603d0bfdc7336e,42fc51ae5a7a7b19baee671c30ef8385c10cafec41c5f5aaa45e212262bd7d0a,127,256,0.11507005244493484,0.11149458959698677,0.10796951875090599,"[0.11507005244493484,0.1113373450934887,0.1137496829032898,0.10934634879231453,0.10796951875090599]"
1092,4931577856,9,40,9.168998105451465,3f4ef4a10fd471b418a32a8f7b45431602c1f6abc080c19a7822ea2c2dd839b4,tinyworlds-nouns-v2-temporal-consolidation-timing-row-v1,10920,prefix,10,4,288,42fc51ae5a7a7b19baee671c30ef8385c10cafec41c5f5aaa45e212262bd7d0a,52f3bda2e8766a212758f92e65457ee8a65894a595e7a9253e2cde0280aa2304,128,288,0.06175491213798523,0.06141908206045628,0.06116121634840965,"[0.0616165604442358,0.061360180377960205,0.06116121634840965,0.06175491213798523,0.06120254099369049]"
1234,5380232192,9,40,9.505770331248641,3f4ef4a10fd471b418a32a8f7b45431602c1f6abc080c19a7822ea2c2dd839b4,tinyworlds-nouns-v2-temporal-consolidation-timing-row-v1,12340,prefix,10,4,320,52f3bda2e8766a212758f92e65457ee8a65894a595e7a9253e2cde0280aa2304,e252271bb47edd1ce7a8063db8bc475ea0d09966d17be4e91f378e9f2a8b1ae5,129,320,0.07569612003862858,0.0717785608023405,0.07020528800785542,"[0.0712181106209755,0.0715029239654541,0.07020528800785542,0.07027036137878895,0.07569612003862858]"
1322,5894863872,9,40,8.77134751714766,3f4ef4a10fd471b418a32a8f7b45431602c1f6abc080c19a7822ea2c2dd839b4,tinyworlds-nouns-v2-temporal-consolidation-timing-row-v1,13220,prefix,10,4,352,e252271bb47edd1ce7a8063db8bc475ea0d09966d17be4e91f378e9f2a8b1ae5,ffc3da51eb32f6f8d3ef18b8e5cc5a4a0d7c4a2da31306229f474a2e43e374c9,130,352,0.08289363980293274,0.08079825527966022,0.07985536009073257,"[0.0801729429513216,0.08289363980293274,0.08082209900021553,0.08024723455309868,0.07985536009073257]"
1506,6409495552,9,40,9.52743131481111,3f4ef4a10fd471b418a32a8f7b45431602c1f6abc080c19a7822ea2c2dd839b4,tinyworlds-nouns-v2-temporal-consolidation-timing-row-v1,15060,prefix,10,4,384,ffc3da51eb32f6f8d3ef18b8e5cc5a4a0d7c4a2da31306229f474a2e43e374c9,60c5bc1e7849052a8614292d3d3ed7903cca56a601612b3da007436e8fb46f40,131,384,0.09144595637917519,0.09007495418190956,0.08896752260625362,"[0.09144595637917519,0.08997994661331177,0.0894619207829237,0.08896752260625362,0.09051942452788353]"
1611,6990104576,9,40,8.718287479132414,3f4ef4a10fd471b418a32a8f7b45431602c1f6abc080c19a7822ea2c2dd839b4,tinyworlds-nouns-v2-temporal-consolidation-timing-row-v1,16110,prefix,10,4,416,60c5bc1e7849052a8614292d3d3ed7903cca56a601612b3da007436e8fb46f40,75eaf21cfb4eff9dd0c3d16ba33bfb66d61e9d88bef3f9823d01e90ef96700ad,132,416,0.10247682593762875,0.10088169500231743,0.09900395199656487,"[0.10060186125338078,0.1016240268945694,0.09900395199656487,0.10070180892944336,0.10247682593762875]"
1864,8019367936,9,40,9.14238416031003,3f4ef4a10fd471b418a32a8f7b45431602c1f6abc080c19a7822ea2c2dd839b4,tinyworlds-nouns-v2-temporal-consolidation-timing-row-v1,18640,prefix,10,4,480,75eaf21cfb4eff9dd0c3d16ba33bfb66d61e9d88bef3f9823d01e90ef96700ad,57ae44037549fe0cd41493f48c5ce05b625d3f49ac027908d5e29d33f98c25aa,133,480,0.12737623043358326,0.1240780383348465,0.12083243392407894,"[0.12737623043358326,0.12506134435534477,0.12464423291385174,0.12083243392407894,0.12247595004737377]"
1992,8533999616,9,40,9.583736691623926,3f4ef4a10fd471b418a32a8f7b45431602c1f6abc080c19a7822ea2c2dd839b4,tinyworlds-nouns-v2-temporal-consolidation-timing-row-v1,19920,prefix,10,4,512,57ae44037549fe0cd41493f48c5ce05b625d3f49ac027908d5e29d33f98c25aa,9989c875acbc992160ec48f398f581757725219e764358b903b39d3458ad4e54,134,512,0.13629586063325405,0.1352032173424959,0.1338782962411642,"[0.1338782962411642,0.13629586063325405,0.1354302391409874,0.13531271554529667,0.13509897515177727]"
232,1432082432,10,88,7.202007589861751,3f4ef4a10fd471b418a32a8f7b45431602c1f6abc080c19a7822ea2c2dd839b4,tinyworlds-nouns-v2-temporal-consolidation-timing-row-v1,2552,prefix,11,8,32,9989c875acbc992160ec48f398f581757725219e764358b903b39d3458ad4e54,4c7dd381732ddc7baa46d52e2babe546e334544e82a69e63a9972f935f598c22,135,32,0.018412327393889427,0.016594280302524567,0.016044775024056435,"[0.016209159046411514,0.016259614378213882,0.018412327393889427,0.016045525670051575,0.016044775024056435]"
469,2564272128,10,88,8.695775737985969,3f4ef4a10fd471b418a32a8f7b45431602c1f6abc080c19a7822ea2c2dd839b4,tinyworlds-nouns-v2-temporal-consolidation-timing-row-v1,5159,prefix,11,8,64,4c7dd381732ddc7baa46d52e2babe546e334544e82a69e63a9972f935f598c22,01458986726bf0b6f16ad3162ae773cdc65e06c7f330b5820541f7d4450554a5,136,64,0.029762426391243935,0.027557484060525893,0.025077074766159058,"[0.029484085738658905,0.029762426391243935,0.028009751811623573,0.025454081594944,0.025077074766159058]"
625,3696461824,10,88,10.194740680977702,3f4ef4a10fd471b418a32a8f7b45431602c1f6abc080c19a7822ea2c2dd839b4,tinyworlds-nouns-v2-temporal-consolidation-timing-row-v1,6875,prefix,11,8,96,01458986726bf0b6f16ad3162ae773cdc65e06c7f330b5820541f7d4450554a5,f5d28d788b98d1fd8b5b967b5c5f29e2791ab2aa4786849bdf00e8d9846d6abb,137,96,0.03760210797190666,0.03587369471788406,0.03474821895360947,"[0.03703700192272663,0.03474821895360947,0.035119812935590744,0.03760210797190666,0.034861331805586815]"
854,4828651520,10,88,8.168186012655497,3f4ef4a10fd471b418a32a8f7b45431602c1f6abc080c19a7822ea2c2dd839b4,tinyworlds-nouns-v2-temporal-consolidation-timing-row-v1,9394,prefix,11,8,128,f5d28d788b98d1fd8b5b967b5c5f29e2791ab2aa4786849bdf00e8d9846d6abb,4b545f2a9f616cf95d2a45942049d5a5b7dea41403e11edd2f1cf759ac5290d1,138,128,0.05249187536537647,0.05056518502533436,0.04874078184366226,"[0.05249187536537647,0.05118600092828274,0.04874078184366226,0.04914645291864872,0.0512608140707016]"
1086,5960841216,10,88,10.650624103844166,3f4ef4a10fd471b418a32a8f7b45431602c1f6abc080c19a7822ea2c2dd839b4,tinyworlds-nouns-v2-temporal-consolidation-timing-row-v1,11946,prefix,11,8,160,4b545f2a9f616cf95d2a45942049d5a5b7dea41403e11edd2f1cf759ac5290d1,fe2d328be77ef234f8468413e1e0a832e3ab583eb6c42fe8b5b581cc43d6a471,139,160,0.07680818252265453,0.07556400448083878,0.07472670450806618,"[0.07607587054371834,0.07472670450806618,0.07680818252265453,0.07529781199991703,0.0749114528298378]"
1380,7093030912,10,88,11.842477310448885,3f4ef4a10fd471b418a32a8f7b45431602c1f6abc080c19a7822ea2c2dd839b4,tinyworlds-nouns-v2-temporal-consolidation-timing-row-v1,15180,prefix,11,8,192,fe2d328be77ef234f8468413e1e0a832e3ab583eb6c42fe8b5b581cc43d6a471,9996decbebb152e4888c76552ac05768bd71f27e0448655044295133d5a6c046,140,192,0.08377573266625404,0.08185055777430535,0.07963605038821697,"[0.08377573266625404,0.07963605038821697,0.08365337923169136,0.08071084506809711,0.08147678151726723]"
1637,8225220608,10,88,12.10729937441647,3f4ef4a10fd471b418a32a8f7b45431602c1f6abc080c19a7822ea2c2dd839b4,tinyworlds-nouns-v2-temporal-consolidation-timing-row-v1,18007,prefix,11,8,224,9996decbebb152e4888c76552ac05768bd71f27e0448655044295133d5a6c046,323bbfd562ede5e85b60c49dae60509dc9254a10295d7d747df4052c3111af6c,141,224,0.10326470993459225,0.09930595755577087,0.09535521641373634,"[0.09778398461639881,0.09806484915316105,0.09535521641373634,0.10206102766096592,0.10326470993459225]"
980,4828651520,10,44,9.715965440496802,3f4ef4a10fd471b418a32a8f7b45431602c1f6abc080c19a7822ea2c2dd839b4,tinyworlds-nouns-v2-temporal-consolidation-timing-row-v1,10780,prefix,11,4,256,323bbfd562ede5e85b60c49dae60509dc9254a10295d7d747df4052c3111af6c,3343fc173479fae6cf2e88feacaaddbd623a014cece09f0d95f780911ad209dc,142,256,0.06041962280869484,0.059581080079078676,0.05815620720386505,"[0.05997370183467865,0.05988937057554722,0.05815620720386505,0.06041962280869484,0.05946649797260761]"
1092,5394746368,10,44,9.663450960069895,3f4ef4a10fd471b418a32a8f7b45431602c1f6abc080c19a7822ea2c2dd839b4,tinyworlds-nouns-v2-temporal-consolidation-timing-row-v1,12012,prefix,11,4,288,3343fc173479fae6cf2e88feacaaddbd623a014cece09f0d95f780911ad209dc,571a9bf5015540195573dc810844c3e50eac8b0fa09c33aa4422e216047de551,143,288,0.07634019292891026,0.06994873695075512,0.06719882413744926,"[0.06821055710315704,0.06846391223371029,0.06719882413744926,0.07634019292891026,0.06953019835054874]"
1234,5960841216,10,44,8.050364427268505,3f4ef4a10fd471b418a32a8f7b45431602c1f6abc080c19a7822ea2c2dd839b4,tinyworlds-nouns-v2-temporal-consolidation-timing-row-v1,13574,prefix,11,4,320,571a9bf5015540195573dc810844c3e50eac8b0fa09c33aa4422e216047de551,41a129fe3b27a802b1e720156e7c4078acdc9156e8841977052c6f57b1e7824d,144,320,0.0853466596454382,0.08099319003522396,0.07885191775858402,"[0.07935332134366035,0.07951470836997032,0.07885191775858402,0.0853466596454382,0.08189934305846691]"
1322,6526936064,10,44,8.20355967245996,3f4ef4a10fd471b418a32a8f7b45431602c1f6abc080c19a7822ea2c2dd839b4,tinyworlds-nouns-v2-temporal-consolidation-timing-row-v1,14542,prefix,11,4,352,41a129fe3b27a802b1e720156e7c4078acdc9156e8841977052c6f57b1e7824d,bc50adc8537013ecd29ba99d6105ac37d1c8e4d9cbbdbbf2f112c82762baeaaa,145,352,0.0972185954451561,0.09294426366686821,0.08870748057961464,"[0.08870748057961464,0.09083779156208038,0.09614068642258644,0.09181676432490349,0.0972185954451561]"
1506,7060610048,10,44,8.866898095235229,3f4ef4a10fd471b418a32a8f7b45431602c1f6abc080c19a7822ea2c2dd839b4,tinyworlds-nouns-v2-temporal-consolidation-timing-row-v1,16566,prefix,11,4,384,bc50adc8537013ecd29ba99d6105ac37d1c8e4d9cbbdbbf2f112c82762baeaaa,4c0d35c065197daba61294fd0bb6bea41b158aaeff7137f0ad53421849d19374,146,384,0.10285975597798824,0.10151411332190037,0.09922492317855358,"[0.10167981125414371,0.09922492317855358,0.10178500413894653,0.10285975597798824,0.10202107205986977]"
1611,7659125760,10,44,10.336111899465322,3f4ef4a10fd471b418a32a8f7b45431602c1f6abc080c19a7822ea2c2dd839b4,tinyworlds-nouns-v2-temporal-consolidation-timing-row-v1,17721,prefix,11,4,416,4c0d35c065197daba61294fd0bb6bea41b158aaeff7137f0ad53421849d19374,760ee1605f4ed6895f4a6cb9b64e055b25e58459bd3f7e11324beaa35bec7bf9,147,416,0.11827580444514751,0.114258299395442,0.11069240421056747,"[0.11413158662617207,0.11827580444514751,0.11414363607764244,0.11069240421056747,0.11404806561768055]"
930,4594860032,10,22,8.380651231855154,3f4ef4a10fd471b418a32a8f7b45431602c1f6abc080c19a7822ea2c2dd839b4,tinyworlds-nouns-v2-temporal-consolidation-timing-row-v1,10230,prefix,11,2,480,760ee1605f4ed6895f4a6cb9b64e055b25e58459bd3f7e11324beaa35bec7bf9,9ca673003c1d5e39869a8f127ead06615f9e394dc5aee4f2ee9339c418bd2c5e,148,480,0.0705664474517107,0.06786885336041451,0.06669589690864086,"[0.06699388287961483,0.06669589690864086,0.0672107357531786,0.0705664474517107,0.06787730380892754]"
990,4828651520,10,22,8.544647118076682,3f4ef4a10fd471b418a32a8f7b45431602c1f6abc080c19a7822ea2c2dd839b4,tinyworlds-nouns-v2-temporal-consolidation-timing-row-v1,10890,prefix,11,2,512,9ca673003c1d5e39869a8f127ead06615f9e394dc5aee4f2ee9339c418bd2c5e,40e9ce8ff918703e74a84800a71b308a4689b8563cae2b7171792a3ecc227cbd,149,512,0.07558668591082096,0.07403972037136555,0.07233107648789883,"[0.07276017963886261,0.07233107648789883,0.07456904090940952,0.07495161890983582,0.07558668591082096]"
232,1535008768,11,96,7.046980142593384,3f4ef4a10fd471b418a32a8f7b45431602c1f6abc080c19a7822ea2c2dd839b4,tinyworlds-nouns-v2-temporal-consolidation-timing-row-v1,2784,prefix,12,8,32,40e9ce8ff918703e74a84800a71b308a4689b8563cae2b7171792a3ecc227cbd,094e2a282490684d2c5a7e767912db1214d7d68e6b7b6fdfba55ce8fbdb70b55,150,32,0.011508407071232796,0.010185597836971283,0.009567998349666595,"[0.011508407071232796,0.009978579357266426,0.009567998349666595,0.010177183896303177,0.00969582051038742]"
469,2770124800,11,96,9.350392451509833,3f4ef4a10fd471b418a32a8f7b45431602c1f6abc080c19a7822ea2c2dd839b4,tinyworlds-nouns-v2-temporal-consolidation-timing-row-v1,5628,prefix,12,8,64,094e2a282490684d2c5a7e767912db1214d7d68e6b7b6fdfba55ce8fbdb70b55,0b85ecd7c0d30907d5561bcdedd7170182c559ed6c0b77ad0fd92ffe8385f24e,151,64,0.028393419459462166,0.027786777913570405,0.02614460326731205,"[0.02614460326731205,0.028047611936926842,0.028365736827254295,0.027982518076896667,0.028393419459462166]"
625,4005240832,11,96,9.091084118932486,3f4ef4a10fd471b418a32a8f7b45431602c1f6abc080c19a7822ea2c2dd839b4,tinyworlds-nouns-v2-temporal-consolidation-timing-row-v1,7500,prefix,12,8,96,0b85ecd7c0d30907d5561bcdedd7170182c559ed6c0b77ad0fd92ffe8385f24e,9edc2cf988412b4bff05d7e551958e6acc39aeb39a7ad4846b02e88324614212,152,96,0.04801750183105469,0.045124154165387155,0.04155147448182106,"[0.04407194070518017,0.04801750183105469,0.045625653117895126,0.046354200690984726,0.04155147448182106]"
854,5240356864,11,96,8.544926865026355,3f4ef4a10fd471b418a32a8f7b45431602c1f6abc080c19a7822ea2c2dd839b4,tinyworlds-nouns-v2-temporal-consolidation-timing-row-v1,10248,prefix,12,8,128,9edc2cf988412b4bff05d7e551958e6acc39aeb39a7ad4846b02e88324614212,7bda9746dcd137d2dcbb5f005a897feec5a596d26a39257a2cee619b7523a683,153,128,0.029408812522888184,0.028306200727820398,0.02771582081913948,"[0.029408812522888184,0.028522316366434097,0.02771582081913948,0.027750788256525993,0.028133265674114227]"
1086,6475472896,11,96,9.704226123169065,3f4ef4a10fd471b418a32a8f7b45431602c1f6abc080c19a7822ea2c2dd839b4,tinyworlds-nouns-v2-temporal-consolidation-timing-row-v1,13032,prefix,12,8,160,7bda9746dcd137d2dcbb5f005a897feec5a596d26a39257a2cee619b7523a683,1d0ce072ba4f9715078262c52e010d5279d3a50b2b3f114f896f951913b0c637,154,160,0.039835190400481224,0.037863025441765785,0.03623254969716072,"[0.03775092586874962,0.039835190400481224,0.037291012704372406,0.03820544853806496,0.03623254969716072]"
1380,7710588928,11,96,9.373489946126938,3f4ef4a10fd471b418a32a8f7b45431602c1f6abc080c19a7822ea2c2dd839b4,tinyworlds-nouns-v2-temporal-consolidation-timing-row-v1,16560,prefix,12,8,192,1d0ce072ba4f9715078262c52e010d5279d3a50b2b3f114f896f951913b0c637,ecb09057cdf5780c51f2ed0c12349511a2d091597ed89d86e2f89bf0501c9426,155,192,0.04586850479245186,0.04470606371760368,0.04390229657292366,"[0.04442093148827553,0.04472579061985016,0.04461279511451721,0.04390229657292366,0.04586850479245186]"
807,4622798848,11,48,7.604285487905145,3f4ef4a10fd471b418a32a8f7b45431602c1f6abc080c19a7822ea2c2dd839b4,tinyworlds-nouns-v2-temporal-consolidation-timing-row-v1,9684,prefix,12,4,224,ecb09057cdf5780c51f2ed0c12349511a2d091597ed89d86e2f89bf0501c9426,c3c52fc5d6194ce4785fd0de6e0a3b3316b6dd52859571e1c5c3c259d4d2520a,156,224,0.05659022927284241,0.05595681145787239,0.05515460856258869,"[0.05659022927284241,0.05542965047061443,0.05604279600083828,0.05656677298247814,0.05515460856258869]"
980,5240356864,11,48,8.22712017968297,3f4ef4a10fd471b418a32a8f7b45431602c1f6abc080c19a7822ea2c2dd839b4,tinyworlds-nouns-v2-temporal-consolidation-timing-row-v1,11760,prefix,12,4,256,c3c52fc5d6194ce4785fd0de6e0a3b3316b6dd52859571e1c5c3c259d4d2520a,3d1e19b53483d59ae2319d3dcf9ece76dc6b2bf43f74e55c8ecb6c5ac7647dc8,157,256,0.06947002187371254,0.06692992150783539,0.0653542373329401,"[0.06625002808868885,0.06947002187371254,0.06592452898621559,0.0653542373329401,0.06765079125761986]"
1092,5857914880,11,48,10.004349559545517,3f4ef4a10fd471b418a32a8f7b45431602c1f6abc080c19a7822ea2c2dd839b4,tinyworlds-nouns-v2-temporal-consolidation-timing-row-v1,13104,prefix,12,4,288,3d1e19b53483d59ae2319d3dcf9ece76dc6b2bf43f74e55c8ecb6c5ac7647dc8,f9ac3346ef9bd454ae4cee937c959b970c8d06c17690b3def0c0a56f9a2e13aa,158,288,0.08233159221708775,0.07992725893855095,0.0780901350080967,"[0.0780901350080967,0.07908928580582142,0.08096371963620186,0.08233159221708775,0.07916156202554703]"
1234,6475472896,11,48,10.080868680030107,3f4ef4a10fd471b418a32a8f7b45431602c1f6abc080c19a7822ea2c2dd839b4,tinyworlds-nouns-v2-temporal-consolidation-timing-row-v1,14808,prefix,12,4,320,f9ac3346ef9bd454ae4cee937c959b970c8d06c17690b3def0c0a56f9a2e13aa,a30d7e33fe2429ab16cee9b1b91bb38d9158fbbf8d094fb6b8f436d35b1d7e11,159,320,0.08994743600487709,0.08879624865949154,0.08769962936639786,"[0.08865961991250515,0.08769962936639786,0.08994743600487709,0.08859441243112087,0.08908014558255672]"
1322,7093030912,11,48,10.031779527664185,3f4ef4a10fd471b418a32a8f7b45431602c1f6abc080c19a7822ea2c2dd839b4,tinyworlds-nouns-v2-temporal-consolidation-timing-row-v1,15864,prefix,12,4,352,a30d7e33fe2429ab16cee9b1b91bb38d9158fbbf8d094fb6b8f436d35b1d7e11,68c125f8347d11508fba0881b18870b88354060cfbca401a6f9c170aa57e9865,160,352,0.10897766798734665,0.10402548722922803,0.10024550929665565,"[0.1026993878185749,0.10897766798734665,0.10659964382648468,0.10160522721707821,0.10024550929665565]"
1506,7710588928,11,48,9.9396469630301,3f4ef4a10fd471b418a32a8f7b45431602c1f6abc080c19a7822ea2c2dd839b4,tinyworlds-nouns-v2-temporal-consolidation-timing-row-v1,18072,prefix,12,4,384,68c125f8347d11508fba0881b18870b88354060cfbca401a6f9c170aa57e9865,a036669cd63dfc218e90e36e25303e98b838610938a4406dd5ba44e889ff3858,161,384,0.11278195306658745,0.1084721576422453,0.09874331206083298,"[0.09874331206083298,0.1112902145832777,0.10995294153690338,0.10959236696362495,0.11278195306658745]"
1611,8328146944,11,48,9.278343645855784,3f4ef4a10fd471b418a32a8f7b45431602c1f6abc080c19a7822ea2c2dd839b4,tinyworlds-nouns-v2-temporal-consolidation-timing-row-v1,19332,prefix,12,4,416,a036669cd63dfc218e90e36e25303e98b838610938a4406dd5ba44e889ff3858,fa18e242da29b457512c3f40cf136fdbc60e6e77d7b294430589f585ac3edb89,162,416,0.12595398537814617,0.12456584461033345,0.1236884854733944,"[0.1236884854733944,0.12383447401225567,0.12595398537814617,0.12519747577607632,0.12415480241179466]"
930,4865600512,11,24,7.790341721847653,3f4ef4a10fd471b418a32a8f7b45431602c1f6abc080c19a7822ea2c2dd839b4,tinyworlds-nouns-v2-temporal-consolidation-timing-row-v1,11160,prefix,12,2,480,fa18e242da29b457512c3f40cf136fdbc60e6e77d7b294430589f585ac3edb89,041fc2767f8ef5ca7a8c75cde1f049c663cc53657b27413e38a6be46fc338ece,163,480,0.083403579890728,0.07792073376476764,0.07521585561335087,"[0.083403579890728,0.07702469639480114,0.07835042104125023,0.07521585561335087,0.075609115883708]"
990,5174379520,11,24,7.655000790953636,3f4ef4a10fd471b418a32a8f7b45431602c1f6abc080c19a7822ea2c2dd839b4,tinyworlds-nouns-v2-temporal-consolidation-timing-row-v1,11880,prefix,12,2,512,041fc2767f8ef5ca7a8c75cde1f049c663cc53657b27413e38a6be46fc338ece,e5be3cb43b7c75d9339d9dc86b643461c5cae20d5126c894ff9c012fe5e7265a,164,512,0.08591214194893837,0.08370563313364983,0.08209939859807491,"[0.08209939859807491,0.08379219472408295,0.08455687202513218,0.08216755837202072,0.08591214194893837]"
232,1637935104,12,104,7.3800357691943645,3f4ef4a10fd471b418a32a8f7b45431602c1f6abc080c19a7822ea2c2dd839b4,tinyworlds-nouns-v2-temporal-consolidation-timing-row-v1,3016,prefix,13,8,32,e5be3cb43b7c75d9339d9dc86b643461c5cae20d5126c894ff9c012fe5e7265a,73b73efa68db790623ef5752d3780513b4ed3d5cc27d1de3dbcfd04c94467b58,165,32,0.01981387287378311,0.019295566901564597,0.01890592835843563,"[0.019233237951993942,0.019033940508961678,0.01890592835843563,0.01981387287378311,0.019490854814648628]"
469,2975977472,12,104,8.920814735814929,3f4ef4a10fd471b418a32a8f7b45431602c1f6abc080c19a7822ea2c2dd839b4,tinyworlds-nouns-v2-temporal-consolidation-timing-row-v1,6097,prefix,13,8,64,73b73efa68db790623ef5752d3780513b4ed3d5cc27d1de3dbcfd04c94467b58,19857fddefb67603eea962b52e463074c3f508f1170720b13012945c77a38182,166,64,0.029095090925693512,0.02879037633538246,0.028518296778202057,"[0.028640570119023323,0.029095090925693512,0.028792729601264,0.028518296778202057,0.028905194252729416]"
625,4314019840,12,104,9.076805578544736,3f4ef4a10fd471b418a32a8f7b45431602c1f6abc080c19a7822ea2c2dd839b4,tinyworlds-nouns-v2-temporal-consolidation-timing-row-v1,8125,prefix,13,8,96,19857fddefb67603eea962b52e463074c3f508f1170720b13012945c77a38182,effc1fe50f5a10572301337bbd43304f38d7974e848906e125c362420dbac9ae,167,96,0.050271449610590935,0.04715689159929752,0.045130353420972824,"[0.045130353420972824,0.050271449610590935,0.047038450837135315,0.04751933179795742,0.04582487232983112]"
854,5652062208,12,104,8.83544336259365,3f4ef4a10fd471b418a32a8f7b45431602c1f6abc080c19a7822ea2c2dd839b4,tinyworlds-nouns-v2-temporal-consolidation-timing-row-v1,11102,prefix,13,8,128,effc1fe50f5a10572301337bbd43304f38d7974e848906e125c362420dbac9ae,83c608ca575743a81bbd274cb70b4abb7a83e9f660e7d607a39651719ba2a95d,168,128,0.06596815958619118,0.06202512644231319,0.059356825426220894,"[0.059356825426220894,0.06304957903921604,0.06596815958619118,0.06136621721088886,0.060384850949048996]"
1086,6990104576,12,104,9.38890010304749,3f4ef4a10fd471b418a32a8f7b45431602c1f6abc080c19a7822ea2c2dd839b4,tinyworlds-nouns-v2-temporal-consolidation-timing-row-v1,14118,prefix,13,8,160,83c608ca575743a81bbd274cb70b4abb7a83e9f660e7d607a39651719ba2a95d,b812c72cc42bbb9e7b122bee468c0d2011cab99d2e05a5b0d7e6fb9920a243d3,169,160,0.08547063916921616,0.08351551406085492,0.08118786662817001,"[0.08401394076645374,0.08547063916921616,0.08339519053697586,0.08118786662817001,0.08350993320345879]"
1380,8328146944,12,104,9.650162009522319,3f4ef4a10fd471b418a32a8f7b45431602c1f6abc080c19a7822ea2c2dd839b4,tinyworlds-nouns-v2-temporal-consolidation-timing-row-v1,17940,prefix,13,8,192,b812c72cc42bbb9e7b122bee468c0d2011cab99d2e05a5b0d7e6fb9920a243d3,79eedce80f3c77bb8bb20459341bdb2db0e43c9e05ef66dff9a46ed7db00bf4d,170,192,0.09855310060083866,0.09719302207231521,0.09583176672458649,"[0.09855310060083866,0.09766483120620251,0.09689098782837391,0.09702442400157452,0.09583176672458649]"
807,4983041024,12,52,9.173777280375361,3f4ef4a10fd471b418a32a8f7b45431602c1f6abc080c19a7822ea2c2dd839b4,tinyworlds-nouns-v2-temporal-consolidation-timing-row-v1,10491,prefix,13,4,224,79eedce80f3c77bb8bb20459341bdb2db0e43c9e05ef66dff9a46ed7db00bf4d,c170794b05f6c7985bdd974bdc0c6897845908764900252cd73c683cf82d7315,171,224,0.061921704560518265,0.06077539846301079,0.05953921191394329,"[0.0604197196662426,0.06069445237517357,0.061301903799176216,0.061921704560518265,0.05953921191394329]"
980,5652062208,12,52,9.819084033370018,3f4ef4a10fd471b418a32a8f7b45431602c1f6abc080c19a7822ea2c2dd839b4,tinyworlds-nouns-v2-temporal-consolidation-timing-row-v1,12740,prefix,13,4,256,c170794b05f6c7985bdd974bdc0c6897845908764900252cd73c683cf82d7315,10dd8224a07695da97abb3709000731df86e2e20395497235292bef8a119bbc9,172,256,0.07075202651321888,0.0681439571082592,0.059283455833792686,"[0.059283455833792686,0.07075202651321888,0.0704219602048397,0.06985166296362877,0.07041068002581596]"
1092,6255106048,12,52,8.053154330700636,3f4ef4a10fd471b418a32a8f7b45431602c1f6abc080c19a7822ea2c2dd839b4,tinyworlds-nouns-v2-temporal-consolidation-timing-row-v1,14196,prefix,13,4,288,10dd8224a07695da97abb3709000731df86e2e20395497235292bef8a119bbc9,e33f44253d216740929bc98fc584b457c18556a105f8a82550be8a5b2468586a,173,288,0.08585128374397755,0.08404478058218956,0.08186695538461208,"[0.08448280021548271,0.08506330661475658,0.08585128374397755,0.08186695538461208,0.08295955695211887]"
1234,6957683712,12,52,9.110581738874316,3f4ef4a10fd471b418a32a8f7b45431602c1f6abc080c19a7822ea2c2dd839b4,tinyworlds-nouns-v2-temporal-consolidation-timing-row-v1,16042,prefix,13,4,320,e33f44253d216740929bc98fc584b457c18556a105f8a82550be8a5b2468586a,e9d926802a16de809eca26413b86a53cd5dab124f8bf9da3a91a60be05b32150,174,320,0.10213170573115349,0.09889219887554646,0.09663867950439453,"[0.09663867950439453,0.0983567051589489,0.09819377958774567,0.10213170573115349,0.09914012439548969]"
1322,7659125760,12,52,9.422035468742251,3f4ef4a10fd471b418a32a8f7b45431602c1f6abc080c19a7822ea2c2dd839b4,tinyworlds-nouns-v2-temporal-consolidation-timing-row-v1,17186,prefix,13,4,352,e9d926802a16de809eca26413b86a53cd5dab124f8bf9da3a91a60be05b32150,2c84e645ec724217f0fdc381b26d611c32dde965a4c89566a1413822789a134d,175,352,0.11124453693628311,0.10743752531707287,0.10517947189509869,"[0.10603411868214607,0.10891669988632202,0.11124453693628311,0.10517947189509869,0.10581279918551445]"
1506,8295726080,12,52,9.067713072523475,3f4ef4a10fd471b418a32a8f7b45431602c1f6abc080c19a7822ea2c2dd839b4,tinyworlds-nouns-v2-temporal-consolidation-timing-row-v1,19578,prefix,13,4,384,2c84e645ec724217f0fdc381b26d611c32dde965a4c89566a1413822789a134d,745d16620eae3d7a937ca93027ea69310c008043f2c47bd9419dbb573a102c7a,176,384,0.12262306548655033,0.11958472728729248,0.11431129649281502,"[0.11431129649281502,0.12114855274558067,0.12262306548655033,0.1198816318064928,0.11995908990502357]"
808,4582553088,12,26,8.848367819562554,3f4ef4a10fd471b418a32a8f7b45431602c1f6abc080c19a7822ea2c2dd839b4,tinyworlds-nouns-v2-temporal-consolidation-timing-row-v1,10504,prefix,13,2,416,745d16620eae3d7a937ca93027ea69310c008043f2c47bd9419dbb573a102c7a,e8e19ff3a4b4ff23b5a727adda40bde8f23f473e4811a14ddbbcc2448f9fdbe1,177,416,0.07141409628093243,0.06878087408840657,0.06766187027096748,"[0.06836264207959175,0.06803756393492222,0.06766187027096748,0.06842819787561893,0.07141409628093243]"
930,5317551616,12,26,6.807463467121124,3f4ef4a10fd471b418a32a8f7b45431602c1f6abc080c19a7822ea2c2dd839b4,tinyworlds-nouns-v2-temporal-consolidation-timing-row-v1,12090,prefix,13,2,480,e8e19ff3a4b4ff23b5a727adda40bde8f23f473e4811a14ddbbcc2448f9fdbe1,95295082b36f45af7d266d86a627de66cfb366834f6657e57d82f3bccdb11f66,178,480,0.04037495702505112,0.03983879759907723,0.03905021585524082,"[0.03905021585524082,0.040063561871647835,0.04037495702505112,0.039464524015784264,0.040240729227662086]"
990,5586084864,12,26,6.749688562005758,3f4ef4a10fd471b418a32a8f7b45431602c1f6abc080c19a7822ea2c2dd839b4,tinyworlds-nouns-v2-temporal-consolidation-timing-row-v1,12870,prefix,13,2,512,95295082b36f45af7d266d86a627de66cfb366834f6657e57d82f3bccdb11f66,edebf718bdec82bd74d19f264f49ff9797e680e92e7852cbbd851cb373642864,179,512,0.08888665400445461,0.08777118735015392,0.08686745539307594,"[0.08888665400445461,0.08791444823145866,0.08823417127132416,0.08695320785045624,0.08686745539307594]"
232,1740861440,13,112,7.128919620066881,3f4ef4a10fd471b418a32a8f7b45431602c1f6abc080c19a7822ea2c2dd839b4,tinyworlds-nouns-v2-temporal-consolidation-timing-row-v1,3248,prefix,14,8,32,edebf718bdec82bd74d19f264f49ff9797e680e92e7852cbbd851cb373642864,e6946857e8dcc4ae02b5b6825b22cf13a4e3375db5cfd81f3171eeb1ee3066e2,180,32,0.0201340913772583,0.019239680841565132,0.018370065838098526,"[0.019239680841565132,0.0201340913772583,0.01929832436144352,0.019156241789460182,0.018370065838098526]"
469,3181830144,13,112,8.192014621570706,3f4ef4a10fd471b418a32a8f7b45431602c1f6abc080c19a7822ea2c2dd839b4,tinyworlds-nouns-v2-temporal-consolidation-timing-row-v1,6566,prefix,14,8,64,e6946857e8dcc4ae02b5b6825b22cf13a4e3375db5cfd81f3171eeb1ee3066e2,85ce8078634df12380d0cdeb08ec7a8cf02f3f21ed6c7f46d9455fd33b53e21c,181,64,0.032608456909656525,0.03250809200108051,0.032409556210041046,"[0.03259921818971634,0.032409556210041046,0.032608456909656525,0.032484907656908035,0.03243832103908062]"
625,4622798848,13,112,9.437634944915771,3f4ef4a10fd471b418a32a8f7b45431602c1f6abc080c19a7822ea2c2dd839b4,tinyworlds-nouns-v2-temporal-consolidation-timing-row-v1,8750,prefix,14,8,96,85ce8078634df12380d0cdeb08ec7a8cf02f3f21ed6c7f46d9455fd33b53e21c,9f3b042e2d03a144b269c44b6fe260ccda3bcd967cee9acf69b66eb13ca0d703,182,96,0.04850550554692745,0.047713637351989746,0.0467935036867857,"[0.0467935036867857,0.04689688794314861,0.04837278462946415,0.04799950495362282,0.04850550554692745]"
854,6063767552,13,112,10.220142424106598,3f4ef4a10fd471b418a32a8f7b45431602c1f6abc080c19a7822ea2c2dd839b4,tinyworlds-nouns-v2-temporal-consolidation-timing-row-v1,11956,prefix,14,8,128,9f3b042e2d03a144b269c44b6fe260ccda3bcd967cee9acf69b66eb13ca0d703,4d35ef09ba060ac0738520e814d43d49ebd2c1dfc3154fcff4a3d93f27bb06da,183,128,0.06626082770526409,0.06547577343881131,0.06487418338656425,"[0.06487418338656425,0.0653622355312109,0.0652032122015953,0.06626082770526409,0.06567840836942196]"
1086,7504736256,13,112,11.76466373167932,3f4ef4a10fd471b418a32a8f7b45431602c1f6abc080c19a7822ea2c2dd839b4,tinyworlds-nouns-v2-temporal-consolidation-timing-row-v1,15204,prefix,14,8,160,4d35ef09ba060ac0738520e814d43d49ebd2c1dfc3154fcff4a3d93f27bb06da,7d4bb3124b6b3e22a8b71996803e132266c155c25f0ea26a143fb5c342cf060f,184,160,0.09437238238751888,0.0903422374278307,0.08769166097044945,"[0.0916157066822052,0.09437238238751888,0.08781456388533115,0.0902168732136488,0.08769166097044945]"
674,4556821504,13,56,8.96679181791842,3f4ef4a10fd471b418a32a8f7b45431602c1f6abc080c19a7822ea2c2dd839b4,tinyworlds-nouns-v2-temporal-consolidation-timing-row-v1,9436,prefix,14,4,192,7d4bb3124b6b3e22a8b71996803e132266c155c25f0ea26a143fb5c342cf060f,0e356675b53858a5ca93dfafe1c199b062f2626c0ef44d50beff3c8a95043f50,185,192,0.05809250846505165,0.05593802183866501,0.05446476675570011,"[0.05548563413321972,0.05446476675570011,0.05685870721936226,0.0547884926199913,0.05809250846505165]"
807,5343283200,13,56,9.356077704578638,3f4ef4a10fd471b418a32a8f7b45431602c1f6abc080c19a7822ea2c2dd839b4,tinyworlds-nouns-v2-temporal-consolidation-timing-row-v1,11298,prefix,14,4,224,0e356675b53858a5ca93dfafe1c199b062f2626c0ef44d50beff3c8a95043f50,008a0bc7aa2df17f7b630408566cc1b9fd8336d202eb71ab15ac4653ecfd6f36,186,224,0.0676951352506876,0.06617544777691364,0.0649389997124672,"[0.06509404815733433,0.06683311052620411,0.0649389997124672,0.06631594523787498,0.0676951352506876]"
980,6063767552,13,56,8.520005011931062,3f4ef4a10fd471b418a32a8f7b45431602c1f6abc080c19a7822ea2c2dd839b4,tinyworlds-nouns-v2-temporal-consolidation-timing-row-v1,13720,prefix,14,4,256,008a0bc7aa2df17f7b630408566cc1b9fd8336d202eb71ab15ac4653ecfd6f36,d3ecbcd91e2304e5a0498f81eb33d50ff68d452ab2b1e385b9cbe5e9728a90ab,187,256,0.08074851334095001,0.07644330523908138,0.07403833605349064,"[0.07773477956652641,0.08074851334095001,0.07403833605349064,0.07528441213071346,0.07441048510372639]"
1092,6784251904,13,56,10.585875598713756,3f4ef4a10fd471b418a32a8f7b45431602c1f6abc080c19a7822ea2c2dd839b4,tinyworlds-nouns-v2-temporal-consolidation-timing-row-v1,15288,prefix,14,4,288,d3ecbcd91e2304e5a0498f81eb33d50ff68d452ab2b1e385b9cbe5e9728a90ab,d2ef28f442fdcdb199f212d750048011c1bf336d06e78a9f2f4998a62a252881,188,288,0.09297781623899937,0.09182800501585006,0.090430473908782,"[0.09297781623899937,0.090430473908782,0.09135799296200275,0.09192240610718727,0.09245133586227894]"
1234,7504736256,13,56,10.339265076443553,3f4ef4a10fd471b418a32a8f7b45431602c1f6abc080c19a7822ea2c2dd839b4,tinyworlds-nouns-v2-temporal-consolidation-timing-row-v1,17276,prefix,14,4,320,d2ef28f442fdcdb199f212d750048011c1bf336d06e78a9f2f4998a62a252881,f59ba138a6773d81c5e5fbcc4bed6c88d46bc234d44ce64e99902c190ba8b354,189,320,0.1055429819971323,0.10317569449543953,0.10185851156711578,"[0.1055429819971323,0.10282268561422825,0.10277063027024269,0.10185851156711578,0.10288366302847862]"
1322,8225220608,13,56,10.42953128926456,3f4ef4a10fd471b418a32a8f7b45431602c1f6abc080c19a7822ea2c2dd839b4,tinyworlds-nouns-v2-temporal-consolidation-timing-row-v1,18508,prefix,14,4,352,f59ba138a6773d81c5e5fbcc4bed6c88d46bc234d44ce64e99902c190ba8b354,69b524dca6d3ee120eb84c44ba1633e531c1d0601a1425114057a14dd0ea5465,190,352,0.11716716922819614,0.11553151346743107,0.11403946951031685,"[0.11508328840136528,0.11403946951031685,0.11444658227264881,0.11716716922819614,0.11692105792462826]"
747,4622798848,13,28,9.028579398989677,3f4ef4a10fd471b418a32a8f7b45431602c1f6abc080c19a7822ea2c2dd839b4,tinyworlds-nouns-v2-temporal-consolidation-timing-row-v1,10458,prefix,14,2,384,69b524dca6d3ee120eb84c44ba1633e531c1d0601a1425114057a14dd0ea5465,e90d857b1edf43a786ee0882c11f026a07e2c3502a70a3ff533532b54284e061,191,384,0.06550068967044353,0.06503634490072727,0.06456493772566319,"[0.06517906673252583,0.06467836163938046,0.06550068967044353,0.06456493772566319,0.06525866873562336]"
808,4983041024,13,28,7.214947573840618,3f4ef4a10fd471b418a32a8f7b45431602c1f6abc080c19a7822ea2c2dd839b4,tinyworlds-nouns-v2-temporal-consolidation-timing-row-v1,11312,prefix,14,2,416,e90d857b1edf43a786ee0882c11f026a07e2c3502a70a3ff533532b54284e061,d30219d33a95aa5cde177e538c4c0c6bcb2695f6b86b7ff8fbabb86e0082aa8f,192,416,0.07592084631323814,0.0740134671330452,0.07308016531169415,"[0.07398444786667824,0.07322553172707558,0.07385634444653988,0.07308016531169415,0.07592084631323814]"
930,5703525376,13,28,7.470964951440692,3f4ef4a10fd471b418a32a8f7b45431602c1f6abc080c19a7822ea2c2dd839b4,tinyworlds-nouns-v2-temporal-consolidation-timing-row-v1,13020,prefix,14,2,480,d30219d33a95aa5cde177e538c4c0c6bcb2695f6b86b7ff8fbabb86e0082aa8f,c7e7700beb78125664054ba10cd4f07964a8afd44d9770ecfc4f1b620cbf75f5,193,480,0.08923273906111717,0.08818100430071354,0.08702297322452068,"[0.08702297322452068,0.08923273906111717,0.08817775174975395,0.0881304033100605,0.08834115415811539]"
990,6063767552,13,28,7.9646391570568085,3f4ef4a10fd471b418a32a8f7b45431602c1f6abc080c19a7822ea2c2dd839b4,tinyworlds-nouns-v2-temporal-consolidation-timing-row-v1,13860,prefix,14,2,512,c7e7700beb78125664054ba10cd4f07964a8afd44d9770ecfc4f1b620cbf75f5,9407e85feaa829c737cffad10568212698f5a4cf8cc90c6ab93622976a8b1e00,194,512,0.09812016785144806,0.09607636891305446,0.09493402019143105,"[0.09525619260966778,0.09812016785144806,0.09493402019143105,0.09572472423315048,0.09634673967957497]"
70,3593533952,1,32,6.463543867692351,3f4ef4a10fd471b418a32a8f7b45431602c1f6abc080c19a7822ea2c2dd839b4,tinyworlds-nouns-v2-temporal-consolidation-timing-row-v1,70,suffix,2,32,,9407e85feaa829c737cffad10568212698f5a4cf8cc90c6ab93622976a8b1e00,161c071192273a423f573a18850b48b18e0ac723f8047b73d6e15e8dd52fdabf,195,256,0.0611091498285532,0.05911058858036995,0.05717363394796848,"[0.0611091498285532,0.05717363394796848,0.05981600657105446,0.059493161737918854,0.05796099081635475]"
70,3593533952,2,32,7.093778679147363,3f4ef4a10fd471b418a32a8f7b45431602c1f6abc080c19a7822ea2c2dd839b4,tinyworlds-nouns-v2-temporal-consolidation-timing-row-v1,70,suffix,3,32,,161c071192273a423f573a18850b48b18e0ac723f8047b73d6e15e8dd52fdabf,b6576274f883dc77fd90325c87ac49f2907defc9b4e6dc61a6ec814d80dc5867,196,256,0.05551435239613056,0.0542495384812355,0.05314166098833084,"[0.05551435239613056,0.05314166098833084,0.0534882303327322,0.05444518104195595,0.05465826764702797]"
70,3527556608,3,32,6.267214456573129,3f4ef4a10fd471b418a32a8f7b45431602c1f6abc080c19a7822ea2c2dd839b4,tinyworlds-nouns-v2-temporal-consolidation-timing-row-v1,70,suffix,4,32,,b6576274f883dc77fd90325c87ac49f2907defc9b4e6dc61a6ec814d80dc5867,516ad174fbdd4df6c0922e962bdbe65ef968cabfc4de61a7b552255d23afa4e4,197,256,0.060721004381775856,0.05761434584856033,0.0563228465616703,"[0.0563228465616703,0.05649632774293423,0.05788593739271164,0.060721004381775856,0.05664561316370964]"
70,3593533952,4,32,6.865051073953509,3f4ef4a10fd471b418a32a8f7b45431602c1f6abc080c19a7822ea2c2dd839b4,tinyworlds-nouns-v2-temporal-consolidation-timing-row-v1,70,suffix,5,32,,516ad174fbdd4df6c0922e962bdbe65ef968cabfc4de61a7b552255d23afa4e4,8765f1e4a0aa12aa061190931561cd9304c8f0f8517e7c8ce609407ea7eb8d17,198,256,0.05347128212451935,0.05291722938418388,0.05253617279231548,"[0.052808601409196854,0.05318253114819527,0.05253617279231548,0.05258755944669247,0.05347128212451935]"
70,3593533952,5,32,6.585640726611018,3f4ef4a10fd471b418a32a8f7b45431602c1f6abc080c19a7822ea2c2dd839b4,tinyworlds-nouns-v2-temporal-consolidation-timing-row-v1,70,suffix,6,32,,8765f1e4a0aa12aa061190931561cd9304c8f0f8517e7c8ce609407ea7eb8d17,1ae3791fc3fa222e5c05f00249885e2bd55ac6c184a03a276384db0b05eeaf44,199,256,0.057103147730231285,0.0554188184440136,0.0532732717692852,"[0.057103147730231285,0.05565929599106312,0.05591243878006935,0.05514593794941902,0.0532732717692852]"
70,3593533952,6,32,6.45804987102747,3f4ef4a10fd471b418a32a8f7b45431602c1f6abc080c19a7822ea2c2dd839b4,tinyworlds-nouns-v2-temporal-consolidation-timing-row-v1,70,suffix,7,32,,1ae3791fc3fa222e5c05f00249885e2bd55ac6c184a03a276384db0b05eeaf44,36ad0d916ce550dcc1edba725cb45eb3942c46e1b2d26ea3b952a2ab489b9562,200,256,0.05739808827638626,0.055709146335721015,0.05423673614859581,"[0.055585192516446114,0.05739808827638626,0.05492284335196018,0.05640287138521671,0.05423673614859581]"
70,3593533952,7,32,5.377220846712589,3f4ef4a10fd471b418a32a8f7b45431602c1f6abc080c19a7822ea2c2dd839b4,tinyworlds-nouns-v2-temporal-consolidation-timing-row-v1,70,suffix,8,32,,36ad0d916ce550dcc1edba725cb45eb3942c46e1b2d26ea3b952a2ab489b9562,d1d204dfcaca067b4af1e54976fbff298f9ccefab4ba86fc6ccc2fb9879e7784,201,256,0.06638393178582191,0.06407470144331455,0.06283290684223175,"[0.06283290684223175,0.06291445158421993,0.0639147199690342,0.06432749703526497,0.06638393178582191]"
70,3593533952,8,32,6.26679427921772,3f4ef4a10fd471b418a32a8f7b45431602c1f6abc080c19a7822ea2c2dd839b4,tinyworlds-nouns-v2-temporal-consolidation-timing-row-v1,70,suffix,9,32,,d1d204dfcaca067b4af1e54976fbff298f9ccefab4ba86fc6ccc2fb9879e7784,44592ce09e1387ba94e1d00a5899e026d9984c74aa5b19c2a9d341d08d9337f5,202,256,0.06004619784653187,0.05682785622775555,0.05570308305323124,"[0.05581512674689293,0.05604362301528454,0.05570308305323124,0.05653125047683716,0.06004619784653187]"
70,3593533952,9,32,5.860317347571254,3f4ef4a10fd471b418a32a8f7b45431602c1f6abc080c19a7822ea2c2dd839b4,tinyworlds-nouns-v2-temporal-consolidation-timing-row-v1,70,suffix,10,32,,44592ce09e1387ba94e1d00a5899e026d9984c74aa5b19c2a9d341d08d9337f5,1e287fb0c19145965f29b3b2f8c21c2faf54d57623c83d47a086bcae2eaab0e2,203,256,0.06218274123966694,0.05870305970311165,0.05579367280006409,"[0.06218274123966694,0.057967765256762505,0.05579367280006409,0.058299239724874496,0.059271879494190216]"
70,3593533952,10,32,6.274357661604881,3f4ef4a10fd471b418a32a8f7b45431602c1f6abc080c19a7822ea2c2dd839b4,tinyworlds-nouns-v2-temporal-consolidation-timing-row-v1,70,suffix,11,32,,1e287fb0c19145965f29b3b2f8c21c2faf54d57623c83d47a086bcae2eaab0e2,b28f34f7ae013c43607873f9421df4ded42df784c43901c41100f22d7465a26e,204,256,0.06262862123548985,0.05985170304775238,0.05808082036674023,"[0.05935271270573139,0.05808082036674023,0.058397384360432625,0.06262862123548985,0.06079897657036781]"
70,3527556608,11,32,5.7182502374053,3f4ef4a10fd471b418a32a8f7b45431602c1f6abc080c19a7822ea2c2dd839b4,tinyworlds-nouns-v2-temporal-consolidation-timing-row-v1,70,suffix,12,32,,b28f34f7ae013c43607873f9421df4ded42df784c43901c41100f22d7465a26e,002cf2e6a392d23bd5a16b21104a8904173f9ec631555df1b397862430370a3b,205,256,0.06299059838056564,0.05937028639018536,0.0577254481613636,"[0.06299059838056564,0.057761337608098984,0.0577254481613636,0.05939202383160591,0.05898202396929264]"
70,3593533952,12,32,4.770559389144182,3f4ef4a10fd471b418a32a8f7b45431602c1f6abc080c19a7822ea2c2dd839b4,tinyworlds-nouns-v2-temporal-consolidation-timing-row-v1,70,suffix,13,32,,002cf2e6a392d23bd5a16b21104a8904173f9ec631555df1b397862430370a3b,b31852c10ec98f7eb629da05e214a5a0431dab216488a089622fe9ad65bf542e,206,256,0.0625647772103548,0.05871229022741318,0.04758469574153423,"[0.06177733466029167,0.06020844727754593,0.06142619624733925,0.04758469574153423,0.0625647772103548]"
70,3593533952,13,32,5.963455017656088,3f4ef4a10fd471b418a32a8f7b45431602c1f6abc080c19a7822ea2c2dd839b4,tinyworlds-nouns-v2-temporal-consolidation-timing-row-v1,70,suffix,14,32,,b31852c10ec98f7eb629da05e214a5a0431dab216488a089622fe9ad65bf542e,f5cc67afc6aeec3000b4ea81760879ab13b4c67413ad41591b5d41e91216039c,207,256,0.06339534558355808,0.05904008410871029,0.05148831568658352,"[0.059973347932100296,0.06048085540533066,0.05148831568658352,0.05986255593597889,0.06339534558355808]"
