2026-08-19 18:40:15,876 [trainer.py] => config: ./exps/e2lora_inr_lora_50.json
2026-08-19 18:40:15,877 [trainer.py] => prefix: reproduce
2026-08-19 18:40:15,877 [trainer.py] => dataset: imagenetr
2026-08-19 18:40:15,877 [trainer.py] => memory_size: 0
2026-08-19 18:40:15,877 [trainer.py] => memory_per_class: 0
2026-08-19 18:40:15,877 [trainer.py] => fixed_memory: False
2026-08-19 18:40:15,877 [trainer.py] => shuffle: True
2026-08-19 18:40:15,877 [trainer.py] => init_cls: 4
2026-08-19 18:40:15,877 [trainer.py] => increment: 4
2026-08-19 18:40:15,877 [trainer.py] => model_name: e2lora
2026-08-19 18:40:15,877 [trainer.py] => model_postfix: 50e
2026-08-19 18:40:15,877 [trainer.py] => backbone_type: vit_base_patch16_224_in21k
2026-08-19 18:40:15,877 [trainer.py] => device: [device(type='cuda', index=0)]
2026-08-19 18:40:15,877 [trainer.py] => seed: 1993
2026-08-19 18:40:15,877 [trainer.py] => lrate: 0.01
2026-08-19 18:40:15,877 [trainer.py] => weight_decay: 0.0005
2026-08-19 18:40:15,877 [trainer.py] => lrate_decay: 0.1
2026-08-19 18:40:15,877 [trainer.py] => batch_size: 64
2026-08-19 18:40:15,877 [trainer.py] => epochs: 5
2026-08-19 18:40:15,877 [trainer.py] => ca_epochs: 3
2026-08-19 18:40:15,877 [trainer.py] => ca_with_logit_norm: 0.0
2026-08-19 18:40:15,877 [trainer.py] => milestones: [40]
2026-08-19 18:40:15,877 [trainer.py] => bcb_lrscale: 0.05
2026-08-19 18:40:15,927 [data_manager.py] => [168, 136, 51, 9, 183, 101, 171, 99, 42, 159, 191, 70, 16, 188, 27, 10, 175, 26, 68, 187, 98, 6, 85, 35, 112, 43, 100, 0, 103, 181, 88, 59, 4, 2, 116, 174, 94, 80, 106, 1, 147, 17, 141, 131, 72, 23, 173, 54, 197, 118, 87, 32, 79, 104, 91, 19, 135, 107, 178, 36, 11, 199, 142, 8, 122, 3, 28, 57, 153, 172, 190, 56, 49, 44, 97, 62, 151, 169, 194, 55, 192, 12, 189, 78, 66, 180, 15, 137, 109, 134, 92, 119, 126, 52, 170, 40, 148, 65, 144, 64, 138, 45, 77, 89, 154, 90, 71, 193, 74, 30, 113, 143, 96, 84, 67, 50, 186, 156, 69, 21, 18, 111, 108, 58, 125, 157, 150, 110, 182, 129, 166, 83, 81, 60, 13, 165, 14, 176, 63, 117, 5, 22, 145, 121, 38, 41, 82, 127, 114, 20, 31, 53, 37, 163, 196, 130, 152, 162, 86, 76, 24, 34, 184, 149, 33, 128, 198, 155, 146, 167, 139, 120, 140, 102, 47, 25, 158, 123, 46, 164, 61, 7, 115, 75, 133, 160, 105, 132, 179, 124, 48, 73, 93, 39, 95, 195, 29, 177, 185, 161]
/home/daniel/projects/snet/rpa/.venv-vision/lib/python3.10/site-packages/timm/models/layers/__init__.py:48: FutureWarning: Importing from timm.models.layers is deprecated, please import via timm.layers
  warnings.warn(f"Importing from {__name__} is deprecated, please import via timm.layers", FutureWarning)
/home/daniel/projects/snet/rpa/.venv-vision/lib/python3.10/site-packages/timm/models/_factory.py:138: UserWarning: Mapping deprecated model name vit_base_patch16_224_in21k to current vit_base_patch16_224.augreg_in21k.
  model = create_fn(
2026-08-19 18:40:16,925 [_builder.py] => Loading pretrained weights from Hugging Face hub (timm/vit_base_patch16_224.augreg_in21k)
2026-08-19 18:40:16,927 [_hub.py] => [timm/vit_base_patch16_224.augreg_in21k] Safe alternative available for 'pytorch_model.bin' (as 'model.safetensors'). Loading weights using safetensors.
2026-08-19 18:40:18,247 [trainer.py] => All params: 312291072
2026-08-19 18:40:18,247 [trainer.py] => Trainable params: 226492416
2026-08-19 18:40:18,247 [e2lora.py] => Learning on 0-4

  0%|          | 0/5 [00:00<?, ?it/s]
Task 0, Epoch 1/5 => Loss 0.976, Train_accy 92.63:   0%|          | 0/5 [00:04<?, ?it/s]
Task 0, Epoch 1/5 => Loss 0.976, Train_accy 92.63:  20%|██        | 1/5 [00:04<00:19,  4.80s/it]
Task 0, Epoch 2/5 => Loss 0.175, Train_accy 95.37:  20%|██        | 1/5 [00:09<00:19,  4.80s/it]
Task 0, Epoch 2/5 => Loss 0.175, Train_accy 95.37:  40%|████      | 2/5 [00:09<00:14,  4.67s/it]
Task 0, Epoch 3/5 => Loss 0.104, Train_accy 96.84:  40%|████      | 2/5 [00:13<00:14,  4.67s/it]
Task 0, Epoch 3/5 => Loss 0.104, Train_accy 96.84:  60%|██████    | 3/5 [00:13<00:09,  4.61s/it]
Task 0, Epoch 4/5 => Loss 0.089, Train_accy 96.42:  60%|██████    | 3/5 [00:18<00:09,  4.61s/it]
Task 0, Epoch 4/5 => Loss 0.089, Train_accy 96.42:  80%|████████  | 4/5 [00:18<00:04,  4.62s/it]
Task 0, Epoch 5/5 => Loss 0.060, Train_accy 97.47, Test_accy 95.76:  80%|████████  | 4/5 [00:24<00:04,  4.62s/it]
Task 0, Epoch 5/5 => Loss 0.060, Train_accy 97.47, Test_accy 95.76: 100%|██████████| 5/5 [00:24<00:00,  5.04s/it]
Task 0, Epoch 5/5 => Loss 0.060, Train_accy 97.47, Test_accy 95.76: 100%|██████████| 5/5 [00:24<00:00,  4.87s/it]
2026-08-19 18:40:43,125 [e2lora.py] => Task 0, Epoch 5/5 => Loss 0.060, Train_accy 97.47, Test_accy 95.76
2026-08-19 18:41:19,248 [e2lora.py] => Exemplar size: 0
2026-08-19 18:41:19,248 [trainer.py] => No NME accuracy.
2026-08-19 18:41:19,248 [trainer.py] => CNN: {'total': 95.76, '00-03': 95.76, 'old': 0, 'new': 95.76}
2026-08-19 18:41:19,248 [trainer.py] => CNN top1 curve: [95.76]
2026-08-19 18:41:19,248 [trainer.py] => CNN top5 curve: []

Average Accuracy (CNN): 95.76
2026-08-19 18:41:19,248 [trainer.py] => Average Accuracy (CNN): 95.76 

old_rank: 195/3072
old_rank: 85/2304
old_rank: 258/3072
old_rank: 132/2304
old_rank: 452/3072
old_rank: 293/2304
old_rank: 494/3072
old_rank: 381/2304
old_rank: 514/3072
old_rank: 453/2304
old_rank: 491/3072
old_rank: 471/2304
old_rank: 638/3072
old_rank: 490/2304
old_rank: 666/3072
old_rank: 517/2304
old_rank: 649/3072
old_rank: 578/2304
old_rank: 685/3072
old_rank: 566/2304
old_rank: 635/3072
old_rank: 528/2304
old_rank: 415/3072
old_rank: 377/2304
2026-08-19 18:41:20,275 [trainer.py] => All params: 312294148
2026-08-19 18:41:20,275 [trainer.py] => Trainable params: 41128708
2026-08-19 18:41:20,276 [e2lora.py] => Learning on 4-8

  0%|          | 0/5 [00:00<?, ?it/s]
Task 1, Epoch 1/5 => Loss 0.788, Train_accy 55.45:   0%|          | 0/5 [00:06<?, ?it/s]
Task 1, Epoch 1/5 => Loss 0.788, Train_accy 55.45:  20%|██        | 1/5 [00:06<00:24,  6.01s/it]
Task 1, Epoch 2/5 => Loss 0.212, Train_accy 79.18:  20%|██        | 1/5 [00:11<00:24,  6.01s/it]
Task 1, Epoch 2/5 => Loss 0.212, Train_accy 79.18:  40%|████      | 2/5 [00:11<00:17,  5.97s/it]
Task 1, Epoch 3/5 => Loss 0.181, Train_accy 84.05:  40%|████      | 2/5 [00:17<00:17,  5.97s/it]
Task 1, Epoch 3/5 => Loss 0.181, Train_accy 84.05:  60%|██████    | 3/5 [00:17<00:11,  5.93s/it]
Task 1, Epoch 4/5 => Loss 0.137, Train_accy 88.52:  60%|██████    | 3/5 [00:23<00:11,  5.93s/it]
Task 1, Epoch 4/5 => Loss 0.137, Train_accy 88.52:  80%|████████  | 4/5 [00:23<00:05,  5.95s/it]
Task 1, Epoch 5/5 => Loss 0.116, Train_accy 88.52, Test_accy 89.52:  80%|████████  | 4/5 [00:31<00:05,  5.95s/it]
Task 1, Epoch 5/5 => Loss 0.116, Train_accy 88.52, Test_accy 89.52: 100%|██████████| 5/5 [00:31<00:00,  6.49s/it]
Task 1, Epoch 5/5 => Loss 0.116, Train_accy 88.52, Test_accy 89.52: 100%|██████████| 5/5 [00:31<00:00,  6.25s/it]
2026-08-19 18:41:51,834 [e2lora.py] => Task 1, Epoch 5/5 => Loss 0.116, Train_accy 88.52, Test_accy 89.52
2026-08-19 18:42:31,690 [e2lora.py] => CA Task 1 => Loss 0.104, Test_accy 93.150
2026-08-19 18:42:33,233 [e2lora.py] => CA Task 1 => Loss 0.078, Test_accy 92.740
2026-08-19 18:42:34,752 [e2lora.py] => CA Task 1 => Loss 0.062, Test_accy 93.150
2026-08-19 18:42:36,298 [e2lora.py] => Exemplar size: 0
2026-08-19 18:42:36,298 [trainer.py] => No NME accuracy.
2026-08-19 18:42:36,298 [trainer.py] => CNN: {'total': 93.15, '00-03': 92.37, '04-07': 93.85, 'old': 92.37, 'new': 93.85}
2026-08-19 18:42:36,298 [trainer.py] => CNN top1 curve: [95.76, 93.15]
2026-08-19 18:42:36,298 [trainer.py] => CNN top5 curve: [99.6]

Average Accuracy (CNN): 94.45500000000001
2026-08-19 18:42:36,298 [trainer.py] => Average Accuracy (CNN): 94.45500000000001 

old_rank: 405/3072
old_rank: 172/2304
old_rank: 550/3072
old_rank: 272/2304
old_rank: 980/3072
old_rank: 615/2304
old_rank: 1111/3072
old_rank: 836/2304
old_rank: 1180/3072
old_rank: 990/2304
old_rank: 1178/3072
old_rank: 1022/2304
old_rank: 1358/3072
old_rank: 1060/2304
old_rank: 1394/3072
old_rank: 1113/2304
old_rank: 1379/3072
old_rank: 1244/2304
old_rank: 1427/3072
old_rank: 1253/2304
old_rank: 1368/3072
old_rank: 1203/2304
old_rank: 923/3072
old_rank: 918/2304
2026-08-19 18:42:37,314 [trainer.py] => All params: 312297224
2026-08-19 18:42:37,315 [trainer.py] => Trainable params: 31157000
2026-08-19 18:42:37,315 [e2lora.py] => Learning on 8-12

  0%|          | 0/5 [00:00<?, ?it/s]
Task 2, Epoch 1/5 => Loss 0.678, Train_accy 48.98:   0%|          | 0/5 [00:06<?, ?it/s]
Task 2, Epoch 1/5 => Loss 0.678, Train_accy 48.98:  20%|██        | 1/5 [00:06<00:27,  6.88s/it]
Task 2, Epoch 2/5 => Loss 0.194, Train_accy 76.62:  20%|██        | 1/5 [00:13<00:27,  6.88s/it]
Task 2, Epoch 2/5 => Loss 0.194, Train_accy 76.62:  40%|████      | 2/5 [00:13<00:20,  6.93s/it]
Task 2, Epoch 3/5 => Loss 0.189, Train_accy 79.52:  40%|████      | 2/5 [00:20<00:20,  6.93s/it]
Task 2, Epoch 3/5 => Loss 0.189, Train_accy 79.52:  60%|██████    | 3/5 [00:20<00:13,  6.92s/it]
Task 2, Epoch 4/5 => Loss 0.183, Train_accy 84.98:  60%|██████    | 3/5 [00:27<00:13,  6.92s/it]
Task 2, Epoch 4/5 => Loss 0.183, Train_accy 84.98:  80%|████████  | 4/5 [00:27<00:06,  6.97s/it]
Task 2, Epoch 5/5 => Loss 0.182, Train_accy 85.32, Test_accy 92.13:  80%|████████  | 4/5 [00:36<00:06,  6.97s/it]
Task 2, Epoch 5/5 => Loss 0.182, Train_accy 85.32, Test_accy 92.13: 100%|██████████| 5/5 [00:36<00:00,  7.66s/it]
Task 2, Epoch 5/5 => Loss 0.182, Train_accy 85.32, Test_accy 92.13: 100%|██████████| 5/5 [00:36<00:00,  7.33s/it]
2026-08-19 18:43:14,271 [e2lora.py] => Task 2, Epoch 5/5 => Loss 0.182, Train_accy 85.32, Test_accy 92.13
2026-08-19 18:43:55,270 [e2lora.py] => CA Task 2 => Loss 0.115, Test_accy 91.880
2026-08-19 18:43:57,350 [e2lora.py] => CA Task 2 => Loss 0.093, Test_accy 91.880
2026-08-19 18:43:59,459 [e2lora.py] => CA Task 2 => Loss 0.081, Test_accy 92.130
2026-08-19 18:44:01,461 [e2lora.py] => Exemplar size: 0
2026-08-19 18:44:01,461 [trainer.py] => No NME accuracy.
2026-08-19 18:44:01,461 [trainer.py] => CNN: {'total': 92.13, '00-03': 91.53, '04-07': 95.38, '08-11': 89.73, 'old': 93.55, 'new': 89.73}
2026-08-19 18:44:01,461 [trainer.py] => CNN top1 curve: [95.76, 93.15, 92.13]
2026-08-19 18:44:01,461 [trainer.py] => CNN top5 curve: [99.6, 98.73]

Average Accuracy (CNN): 93.68
2026-08-19 18:44:01,461 [trainer.py] => Average Accuracy (CNN): 93.68 

old_rank: 603/3072
old_rank: 257/2304
old_rank: 840/3072
old_rank: 407/2304
old_rank: 1512/3072
old_rank: 914/2304
old_rank: 1727/3072
old_rank: 1257/2304
old_rank: 1840/3072
old_rank: 1472/2304
old_rank: 1866/3072
old_rank: 1514/2304
old_rank: 2066/3072
old_rank: 1569/2304
old_rank: 2113/3072
old_rank: 1668/2304
old_rank: 2096/3072
old_rank: 1727/2304
old_rank: 2153/3072
old_rank: 1671/2304
old_rank: 2080/3072
old_rank: 1697/2304
old_rank: 1407/3072
old_rank: 1451/2304
2026-08-19 18:44:02,466 [trainer.py] => All params: 312300300
2026-08-19 18:44:02,467 [trainer.py] => Trainable params: 21977868
2026-08-19 18:44:02,468 [e2lora.py] => Learning on 12-16

  0%|          | 0/5 [00:00<?, ?it/s]
Task 3, Epoch 1/5 => Loss 0.686, Train_accy 54.97:   0%|          | 0/5 [00:08<?, ?it/s]
Task 3, Epoch 1/5 => Loss 0.686, Train_accy 54.97:  20%|██        | 1/5 [00:08<00:32,  8.17s/it]
Task 3, Epoch 2/5 => Loss 0.212, Train_accy 76.42:  20%|██        | 1/5 [00:16<00:32,  8.17s/it]
Task 3, Epoch 2/5 => Loss 0.212, Train_accy 76.42:  40%|████      | 2/5 [00:16<00:24,  8.04s/it]
Task 3, Epoch 3/5 => Loss 0.113, Train_accy 84.66:  40%|████      | 2/5 [00:24<00:24,  8.04s/it]
Task 3, Epoch 3/5 => Loss 0.113, Train_accy 84.66:  60%|██████    | 3/5 [00:24<00:16,  8.01s/it]
Task 3, Epoch 4/5 => Loss 0.113, Train_accy 84.38:  60%|██████    | 3/5 [00:31<00:16,  8.01s/it]
Task 3, Epoch 4/5 => Loss 0.113, Train_accy 84.38:  80%|████████  | 4/5 [00:31<00:07,  7.95s/it]
Task 3, Epoch 5/5 => Loss 0.104, Train_accy 82.24, Test_accy 90.00:  80%|████████  | 4/5 [00:42<00:07,  7.95s/it]
Task 3, Epoch 5/5 => Loss 0.104, Train_accy 82.24, Test_accy 90.00: 100%|██████████| 5/5 [00:42<00:00,  8.86s/it]
Task 3, Epoch 5/5 => Loss 0.104, Train_accy 82.24, Test_accy 90.00: 100%|██████████| 5/5 [00:42<00:00,  8.49s/it]
2026-08-19 18:44:45,198 [e2lora.py] => Task 3, Epoch 5/5 => Loss 0.104, Train_accy 82.24, Test_accy 90.00
2026-08-19 18:45:27,820 [e2lora.py] => CA Task 3 => Loss 0.119, Test_accy 90.530
2026-08-19 18:45:30,289 [e2lora.py] => CA Task 3 => Loss 0.104, Test_accy 91.050
2026-08-19 18:45:32,768 [e2lora.py] => CA Task 3 => Loss 0.100, Test_accy 90.880
2026-08-19 18:45:35,207 [e2lora.py] => Exemplar size: 0
2026-08-19 18:45:35,208 [trainer.py] => No NME accuracy.
2026-08-19 18:45:35,208 [trainer.py] => CNN: {'total': 90.88, '00-03': 89.83, '04-07': 93.08, '08-11': 89.04, '12-15': 91.48, 'old': 90.61, 'new': 91.48}
2026-08-19 18:45:35,208 [trainer.py] => CNN top1 curve: [95.76, 93.15, 92.13, 90.88]
2026-08-19 18:45:35,208 [trainer.py] => CNN top5 curve: [99.6, 98.73, 98.25]

Average Accuracy (CNN): 92.98
2026-08-19 18:45:35,208 [trainer.py] => Average Accuracy (CNN): 92.98 

old_rank: 815/3072
old_rank: 346/2304
old_rank: 1129/3072
old_rank: 547/2304
old_rank: 2038/3072
old_rank: 1237/2304
old_rank: 2328/3072
old_rank: 1698/2304
old_rank: 2283/3072
old_rank: 1764/2304
old_rank: 2342/3072
old_rank: 1796/2304
old_rank: 2412/3072
old_rank: 1752/2304
old_rank: 2434/3072
old_rank: 1776/2304
old_rank: 2418/3072
old_rank: 1825/2304
old_rank: 2454/3072
old_rank: 1803/2304
old_rank: 2449/3072
old_rank: 1788/2304
old_rank: 1898/3072
old_rank: 1631/2304
2026-08-19 18:45:36,202 [trainer.py] => All params: 312303376
2026-08-19 18:45:36,203 [trainer.py] => Trainable params: 16561936
2026-08-19 18:45:36,203 [e2lora.py] => Learning on 16-20

  0%|          | 0/5 [00:00<?, ?it/s]
Task 4, Epoch 1/5 => Loss 0.630, Train_accy 49.61:   0%|          | 0/5 [00:06<?, ?it/s]
Task 4, Epoch 1/5 => Loss 0.630, Train_accy 49.61:  20%|██        | 1/5 [00:06<00:25,  6.37s/it]
Task 4, Epoch 2/5 => Loss 0.144, Train_accy 77.91:  20%|██        | 1/5 [00:12<00:25,  6.37s/it]
Task 4, Epoch 2/5 => Loss 0.144, Train_accy 77.91:  40%|████      | 2/5 [00:12<00:19,  6.33s/it]
Task 4, Epoch 3/5 => Loss 0.098, Train_accy 82.95:  40%|████      | 2/5 [00:18<00:19,  6.33s/it]
Task 4, Epoch 3/5 => Loss 0.098, Train_accy 82.95:  60%|██████    | 3/5 [00:18<00:12,  6.31s/it]
Task 4, Epoch 4/5 => Loss 0.132, Train_accy 85.85:  60%|██████    | 3/5 [00:25<00:12,  6.31s/it]
Task 4, Epoch 4/5 => Loss 0.132, Train_accy 85.85:  80%|████████  | 4/5 [00:25<00:06,  6.29s/it]
Task 4, Epoch 5/5 => Loss 0.075, Train_accy 87.02, Test_accy 89.83:  80%|████████  | 4/5 [00:34<00:06,  6.29s/it]
Task 4, Epoch 5/5 => Loss 0.075, Train_accy 87.02, Test_accy 89.83: 100%|██████████| 5/5 [00:34<00:00,  7.27s/it]
Task 4, Epoch 5/5 => Loss 0.075, Train_accy 87.02, Test_accy 89.83: 100%|██████████| 5/5 [00:34<00:00,  6.84s/it]
2026-08-19 18:46:10,708 [e2lora.py] => Task 4, Epoch 5/5 => Loss 0.075, Train_accy 87.02, Test_accy 89.83
2026-08-19 18:46:54,990 [e2lora.py] => CA Task 4 => Loss 0.138, Test_accy 90.110
2026-08-19 18:46:57,850 [e2lora.py] => CA Task 4 => Loss 0.115, Test_accy 90.690
2026-08-19 18:47:00,592 [e2lora.py] => CA Task 4 => Loss 0.100, Test_accy 91.120
2026-08-19 18:47:03,373 [e2lora.py] => Exemplar size: 0
2026-08-19 18:47:03,373 [trainer.py] => No NME accuracy.
2026-08-19 18:47:03,373 [trainer.py] => CNN: {'total': 91.12, '00-03': 89.83, '04-07': 93.85, '08-11': 89.04, '12-15': 93.75, '16-19': 88.28, 'old': 91.75, 'new': 88.28}
2026-08-19 18:47:03,373 [trainer.py] => CNN top1 curve: [95.76, 93.15, 92.13, 90.88, 91.12]
2026-08-19 18:47:03,373 [trainer.py] => CNN top5 curve: [99.6, 98.73, 98.25, 98.57]

Average Accuracy (CNN): 92.608
2026-08-19 18:47:03,373 [trainer.py] => Average Accuracy (CNN): 92.608 

old_rank: 994/3072
old_rank: 414/2304
old_rank: 1392/3072
old_rank: 660/2304
old_rank: 2494/3072
old_rank: 1485/2304
old_rank: 2436/3072
old_rank: 1783/2304
old_rank: 2450/3072
old_rank: 1819/2304
old_rank: 2522/3072
old_rank: 1846/2304
old_rank: 2520/3072
old_rank: 1877/2304
old_rank: 2527/3072
old_rank: 1886/2304
old_rank: 2523/3072
old_rank: 1906/2304
old_rank: 2544/3072
old_rank: 1892/2304
old_rank: 2521/3072
old_rank: 1894/2304
old_rank: 2252/3072
old_rank: 1745/2304
2026-08-19 18:47:04,401 [trainer.py] => All params: 312306452
2026-08-19 18:47:04,402 [trainer.py] => Trainable params: 13939220
2026-08-19 18:47:04,403 [e2lora.py] => Learning on 20-24

  0%|          | 0/5 [00:00<?, ?it/s]
Task 5, Epoch 1/5 => Loss 0.741, Train_accy 46.06:   0%|          | 0/5 [00:06<?, ?it/s]
Task 5, Epoch 1/5 => Loss 0.741, Train_accy 46.06:  20%|██        | 1/5 [00:06<00:25,  6.25s/it]
Task 5, Epoch 2/5 => Loss 0.181, Train_accy 69.92:  20%|██        | 1/5 [00:12<00:25,  6.25s/it]
Task 5, Epoch 2/5 => Loss 0.181, Train_accy 69.92:  40%|████      | 2/5 [00:12<00:18,  6.16s/it]
Task 5, Epoch 3/5 => Loss 0.103, Train_accy 71.99:  40%|████      | 2/5 [00:18<00:18,  6.16s/it]
Task 5, Epoch 3/5 => Loss 0.103, Train_accy 71.99:  60%|██████    | 3/5 [00:18<00:12,  6.06s/it]
Task 5, Epoch 4/5 => Loss 0.089, Train_accy 76.56:  60%|██████    | 3/5 [00:24<00:12,  6.06s/it]
Task 5, Epoch 4/5 => Loss 0.089, Train_accy 76.56:  80%|████████  | 4/5 [00:24<00:06,  6.10s/it]
Task 5, Epoch 5/5 => Loss 0.113, Train_accy 79.46, Test_accy 88.75:  80%|████████  | 4/5 [00:33<00:06,  6.10s/it]
Task 5, Epoch 5/5 => Loss 0.113, Train_accy 79.46, Test_accy 88.75: 100%|██████████| 5/5 [00:33<00:00,  7.16s/it]
Task 5, Epoch 5/5 => Loss 0.113, Train_accy 79.46, Test_accy 88.75: 100%|██████████| 5/5 [00:33<00:00,  6.70s/it]
2026-08-19 18:47:38,180 [e2lora.py] => Task 5, Epoch 5/5 => Loss 0.113, Train_accy 79.46, Test_accy 88.75
2026-08-19 18:48:26,961 [e2lora.py] => CA Task 5 => Loss 0.132, Test_accy 89.120
2026-08-19 18:48:30,118 [e2lora.py] => CA Task 5 => Loss 0.115, Test_accy 89.120
2026-08-19 18:48:33,207 [e2lora.py] => CA Task 5 => Loss 0.098, Test_accy 89.120
2026-08-19 18:48:36,253 [e2lora.py] => Exemplar size: 0
2026-08-19 18:48:36,253 [trainer.py] => No NME accuracy.
2026-08-19 18:48:36,253 [trainer.py] => CNN: {'total': 89.12, '00-03': 88.14, '04-07': 94.62, '08-11': 87.67, '12-15': 90.91, '16-19': 87.5, '20-23': 85.0, 'old': 89.83, 'new': 85.0}
2026-08-19 18:48:36,253 [trainer.py] => CNN top1 curve: [95.76, 93.15, 92.13, 90.88, 91.12, 89.12]
2026-08-19 18:48:36,253 [trainer.py] => CNN top5 curve: [99.6, 98.73, 98.25, 98.57, 97.92]

Average Accuracy (CNN): 92.02666666666669
2026-08-19 18:48:36,253 [trainer.py] => Average Accuracy (CNN): 92.02666666666669 

old_rank: 1202/3072
old_rank: 498/2304
old_rank: 1680/3072
old_rank: 796/2304
old_rank: 2598/3072
old_rank: 1782/2304
old_rank: 2566/3072
old_rank: 1939/2304
old_rank: 2597/3072
old_rank: 1957/2304
old_rank: 2603/3072
old_rank: 1908/2304
old_rank: 2609/3072
old_rank: 1972/2304
old_rank: 2633/3072
old_rank: 1952/2304
old_rank: 2631/3072
old_rank: 1971/2304
old_rank: 2627/3072
old_rank: 1952/2304
old_rank: 2629/3072
old_rank: 1958/2304
old_rank: 2628/3072
old_rank: 1864/2304
2026-08-19 18:48:37,309 [trainer.py] => All params: 312309528
2026-08-19 18:48:37,309 [trainer.py] => Trainable params: 11507736
2026-08-19 18:48:37,310 [e2lora.py] => Learning on 24-28

  0%|          | 0/5 [00:00<?, ?it/s]
Task 6, Epoch 1/5 => Loss 0.795, Train_accy 36.66:   0%|          | 0/5 [00:05<?, ?it/s]
Task 6, Epoch 1/5 => Loss 0.795, Train_accy 36.66:  20%|██        | 1/5 [00:05<00:23,  5.92s/it]
Task 6, Epoch 2/5 => Loss 0.190, Train_accy 59.87:  20%|██        | 1/5 [00:11<00:23,  5.92s/it]
Task 6, Epoch 2/5 => Loss 0.190, Train_accy 59.87:  40%|████      | 2/5 [00:11<00:17,  5.94s/it]
Task 6, Epoch 3/5 => Loss 0.173, Train_accy 69.63:  40%|████      | 2/5 [00:17<00:17,  5.94s/it]
Task 6, Epoch 3/5 => Loss 0.173, Train_accy 69.63:  60%|██████    | 3/5 [00:17<00:11,  5.90s/it]
Task 6, Epoch 4/5 => Loss 0.182, Train_accy 68.98:  60%|██████    | 3/5 [00:23<00:11,  5.90s/it]
Task 6, Epoch 4/5 => Loss 0.182, Train_accy 68.98:  80%|████████  | 4/5 [00:23<00:05,  5.93s/it]
Task 6, Epoch 5/5 => Loss 0.099, Train_accy 71.15, Test_accy 88.42:  80%|████████  | 4/5 [00:32<00:05,  5.93s/it]
Task 6, Epoch 5/5 => Loss 0.099, Train_accy 71.15, Test_accy 88.42: 100%|██████████| 5/5 [00:32<00:00,  7.11s/it]
Task 6, Epoch 5/5 => Loss 0.099, Train_accy 71.15, Test_accy 88.42: 100%|██████████| 5/5 [00:32<00:00,  6.58s/it]
2026-08-19 18:49:10,525 [e2lora.py] => Task 6, Epoch 5/5 => Loss 0.099, Train_accy 71.15, Test_accy 88.42
2026-08-19 18:49:57,721 [e2lora.py] => CA Task 6 => Loss 0.134, Test_accy 88.960
2026-08-19 18:50:01,125 [e2lora.py] => CA Task 6 => Loss 0.118, Test_accy 89.070
2026-08-19 18:50:04,592 [e2lora.py] => CA Task 6 => Loss 0.109, Test_accy 88.850
2026-08-19 18:50:08,049 [e2lora.py] => Exemplar size: 0
2026-08-19 18:50:08,049 [trainer.py] => No NME accuracy.
2026-08-19 18:50:08,050 [trainer.py] => CNN: {'total': 88.85, '00-03': 89.83, '04-07': 92.31, '08-11': 86.99, '12-15': 92.05, '16-19': 86.72, '20-23': 84.17, '24-27': 88.7, 'old': 88.88, 'new': 88.7}
2026-08-19 18:50:08,050 [trainer.py] => CNN top1 curve: [95.76, 93.15, 92.13, 90.88, 91.12, 89.12, 88.85]
2026-08-19 18:50:08,050 [trainer.py] => CNN top5 curve: [99.6, 98.73, 98.25, 98.57, 97.92, 97.43]

Average Accuracy (CNN): 91.57285714285716
2026-08-19 18:50:08,050 [trainer.py] => Average Accuracy (CNN): 91.57285714285716 

old_rank: 1402/3072
old_rank: 587/2304
old_rank: 1949/3072
old_rank: 929/2304
old_rank: 2633/3072
old_rank: 1792/2304
old_rank: 2661/3072
old_rank: 1967/2304
old_rank: 2676/3072
old_rank: 2012/2304
old_rank: 2663/3072
old_rank: 1982/2304
old_rank: 2666/3072
old_rank: 2010/2304
old_rank: 2685/3072
old_rank: 2013/2304
old_rank: 2688/3072
old_rank: 2008/2304
old_rank: 2678/3072
old_rank: 2002/2304
old_rank: 2678/3072
old_rank: 1999/2304
old_rank: 2623/3072
old_rank: 1987/2304
2026-08-19 18:50:09,102 [trainer.py] => All params: 312312604
2026-08-19 18:50:09,103 [trainer.py] => Trainable params: 10176028
2026-08-19 18:50:09,103 [e2lora.py] => Learning on 28-32

  0%|          | 0/5 [00:00<?, ?it/s]
Task 7, Epoch 1/5 => Loss 0.656, Train_accy 52.90:   0%|          | 0/5 [00:06<?, ?it/s]
Task 7, Epoch 1/5 => Loss 0.656, Train_accy 52.90:  20%|██        | 1/5 [00:06<00:26,  6.66s/it]
Task 7, Epoch 2/5 => Loss 0.126, Train_accy 72.15:  20%|██        | 1/5 [00:13<00:26,  6.66s/it]
Task 7, Epoch 2/5 => Loss 0.126, Train_accy 72.15:  40%|████      | 2/5 [00:13<00:19,  6.60s/it]
Task 7, Epoch 3/5 => Loss 0.069, Train_accy 78.88:  40%|████      | 2/5 [00:19<00:19,  6.60s/it]
Task 7, Epoch 3/5 => Loss 0.069, Train_accy 78.88:  60%|██████    | 3/5 [00:19<00:13,  6.65s/it]
Task 7, Epoch 4/5 => Loss 0.060, Train_accy 80.37:  60%|██████    | 3/5 [00:26<00:13,  6.65s/it]
Task 7, Epoch 4/5 => Loss 0.060, Train_accy 80.37:  80%|████████  | 4/5 [00:26<00:06,  6.65s/it]
Task 7, Epoch 5/5 => Loss 0.040, Train_accy 81.68, Test_accy 88.93:  80%|████████  | 4/5 [00:36<00:06,  6.65s/it]
Task 7, Epoch 5/5 => Loss 0.040, Train_accy 81.68, Test_accy 88.93: 100%|██████████| 5/5 [00:36<00:00,  7.99s/it]
Task 7, Epoch 5/5 => Loss 0.040, Train_accy 81.68, Test_accy 88.93: 100%|██████████| 5/5 [00:36<00:00,  7.39s/it]
2026-08-19 18:50:46,334 [e2lora.py] => Task 7, Epoch 5/5 => Loss 0.040, Train_accy 81.68, Test_accy 88.93
2026-08-19 18:51:39,217 [e2lora.py] => CA Task 7 => Loss 0.124, Test_accy 89.020
2026-08-19 18:51:43,016 [e2lora.py] => CA Task 7 => Loss 0.113, Test_accy 89.310
2026-08-19 18:51:46,842 [e2lora.py] => CA Task 7 => Loss 0.100, Test_accy 89.310
2026-08-19 18:51:50,547 [e2lora.py] => Exemplar size: 0
2026-08-19 18:51:50,547 [trainer.py] => No NME accuracy.
2026-08-19 18:51:50,547 [trainer.py] => CNN: {'total': 89.31, '00-03': 87.29, '04-07': 90.77, '08-11': 85.62, '12-15': 92.61, '16-19': 87.5, '20-23': 85.83, '24-27': 89.57, '28-31': 93.98, 'old': 88.64, 'new': 93.98}
2026-08-19 18:51:50,547 [trainer.py] => CNN top1 curve: [95.76, 93.15, 92.13, 90.88, 91.12, 89.12, 88.85, 89.31]
2026-08-19 18:51:50,547 [trainer.py] => CNN top5 curve: [99.6, 98.73, 98.25, 98.57, 97.92, 97.43, 97.28]

Average Accuracy (CNN): 91.29000000000002
2026-08-19 18:51:50,547 [trainer.py] => Average Accuracy (CNN): 91.29000000000002 

old_rank: 1608/3072
old_rank: 674/2304
old_rank: 2231/3072
old_rank: 1070/2304
old_rank: 2708/3072
old_rank: 2023/2304
old_rank: 2694/3072
old_rank: 2026/2304
old_rank: 2722/3072
old_rank: 2036/2304
old_rank: 2718/3072
old_rank: 2015/2304
old_rank: 2719/3072
old_rank: 2031/2304
old_rank: 2721/3072
old_rank: 2034/2304
old_rank: 2716/3072
old_rank: 2037/2304
old_rank: 2726/3072
old_rank: 2035/2304
old_rank: 2718/3072
old_rank: 2048/2304
old_rank: 2657/3072
old_rank: 2039/2304
2026-08-19 18:51:51,609 [trainer.py] => All params: 312315680
2026-08-19 18:51:51,610 [trainer.py] => Trainable params: 8861216
2026-08-19 18:51:51,611 [e2lora.py] => Learning on 32-36

  0%|          | 0/5 [00:00<?, ?it/s]
Task 8, Epoch 1/5 => Loss 0.674, Train_accy 25.14:   0%|          | 0/5 [00:06<?, ?it/s]
Task 8, Epoch 1/5 => Loss 0.674, Train_accy 25.14:  20%|██        | 1/5 [00:06<00:26,  6.72s/it]
Task 8, Epoch 2/5 => Loss 0.194, Train_accy 59.74:  20%|██        | 1/5 [00:13<00:26,  6.72s/it]
Task 8, Epoch 2/5 => Loss 0.194, Train_accy 59.74:  40%|████      | 2/5 [00:13<00:19,  6.63s/it]
Task 8, Epoch 3/5 => Loss 0.142, Train_accy 72.21:  40%|████      | 2/5 [00:19<00:19,  6.63s/it]
Task 8, Epoch 3/5 => Loss 0.142, Train_accy 72.21:  60%|██████    | 3/5 [00:19<00:13,  6.64s/it]
Task 8, Epoch 4/5 => Loss 0.129, Train_accy 72.59:  60%|██████    | 3/5 [00:26<00:13,  6.64s/it]
Task 8, Epoch 4/5 => Loss 0.129, Train_accy 72.59:  80%|████████  | 4/5 [00:26<00:06,  6.60s/it]
Task 8, Epoch 5/5 => Loss 0.117, Train_accy 67.86, Test_accy 87.83:  80%|████████  | 4/5 [00:37<00:06,  6.60s/it]
Task 8, Epoch 5/5 => Loss 0.117, Train_accy 67.86, Test_accy 87.83: 100%|██████████| 5/5 [00:37<00:00,  8.10s/it]
Task 8, Epoch 5/5 => Loss 0.117, Train_accy 67.86, Test_accy 87.83: 100%|██████████| 5/5 [00:37<00:00,  7.45s/it]
2026-08-19 18:52:29,149 [e2lora.py] => Task 8, Epoch 5/5 => Loss 0.117, Train_accy 67.86, Test_accy 87.83
2026-08-19 18:53:21,386 [e2lora.py] => CA Task 8 => Loss 0.133, Test_accy 87.920
2026-08-19 18:53:25,570 [e2lora.py] => CA Task 8 => Loss 0.110, Test_accy 88.080
2026-08-19 18:53:29,699 [e2lora.py] => CA Task 8 => Loss 0.110, Test_accy 88.170
2026-08-19 18:53:33,760 [e2lora.py] => Exemplar size: 0
2026-08-19 18:53:33,760 [trainer.py] => No NME accuracy.
2026-08-19 18:53:33,760 [trainer.py] => CNN: {'total': 88.17, '00-03': 82.2, '04-07': 91.54, '08-11': 85.62, '12-15': 90.91, '16-19': 89.06, '20-23': 83.33, '24-27': 89.57, '28-31': 94.74, '32-35': 85.07, 'old': 88.56, 'new': 85.07}
2026-08-19 18:53:33,760 [trainer.py] => CNN top1 curve: [95.76, 93.15, 92.13, 90.88, 91.12, 89.12, 88.85, 89.31, 88.17]
2026-08-19 18:53:33,760 [trainer.py] => CNN top5 curve: [99.6, 98.73, 98.25, 98.57, 97.92, 97.43, 97.28, 96.92]

Average Accuracy (CNN): 90.94333333333334
2026-08-19 18:53:33,760 [trainer.py] => Average Accuracy (CNN): 90.94333333333334 

old_rank: 1808/3072
old_rank: 763/2304
old_rank: 2504/3072
old_rank: 1203/2304
old_rank: 2758/3072
old_rank: 2063/2304
old_rank: 2739/3072
old_rank: 2036/2304
old_rank: 2761/3072
old_rank: 2071/2304
old_rank: 2761/3072
old_rank: 2058/2304
old_rank: 2756/3072
old_rank: 2066/2304
old_rank: 2759/3072
old_rank: 2066/2304
old_rank: 2758/3072
old_rank: 2071/2304
old_rank: 2758/3072
old_rank: 2073/2304
old_rank: 2753/3072
old_rank: 2062/2304
old_rank: 2650/3072
old_rank: 2036/2304
2026-08-19 18:53:34,869 [trainer.py] => All params: 312318756
2026-08-19 18:53:34,870 [trainer.py] => Trainable params: 7845156
2026-08-19 18:53:34,870 [e2lora.py] => Learning on 36-40

  0%|          | 0/5 [00:00<?, ?it/s]
Task 9, Epoch 1/5 => Loss 0.634, Train_accy 17.92:   0%|          | 0/5 [00:06<?, ?it/s]
Task 9, Epoch 1/5 => Loss 0.634, Train_accy 17.92:  20%|██        | 1/5 [00:06<00:27,  6.79s/it]
Task 9, Epoch 2/5 => Loss 0.164, Train_accy 45.16:  20%|██        | 1/5 [00:13<00:27,  6.79s/it]
Task 9, Epoch 2/5 => Loss 0.164, Train_accy 45.16:  40%|████      | 2/5 [00:13<00:20,  6.80s/it]
Task 9, Epoch 3/5 => Loss 0.140, Train_accy 57.22:  40%|████      | 2/5 [00:20<00:20,  6.80s/it]
Task 9, Epoch 3/5 => Loss 0.140, Train_accy 57.22:  60%|██████    | 3/5 [00:20<00:13,  6.77s/it]
Task 9, Epoch 4/5 => Loss 0.124, Train_accy 61.61:  60%|██████    | 3/5 [00:27<00:13,  6.77s/it]
Task 9, Epoch 4/5 => Loss 0.124, Train_accy 61.61:  80%|████████  | 4/5 [00:27<00:06,  6.74s/it]
Task 9, Epoch 5/5 => Loss 0.113, Train_accy 61.61, Test_accy 84.60:  80%|████████  | 4/5 [00:38<00:06,  6.74s/it]
Task 9, Epoch 5/5 => Loss 0.113, Train_accy 61.61, Test_accy 84.60: 100%|██████████| 5/5 [00:38<00:00,  8.48s/it]
Task 9, Epoch 5/5 => Loss 0.113, Train_accy 61.61, Test_accy 84.60: 100%|██████████| 5/5 [00:38<00:00,  7.72s/it]
2026-08-19 18:54:13,762 [e2lora.py] => Task 9, Epoch 5/5 => Loss 0.113, Train_accy 61.61, Test_accy 84.60
2026-08-19 18:55:07,542 [e2lora.py] => CA Task 9 => Loss 0.148, Test_accy 86.020
2026-08-19 18:55:12,285 [e2lora.py] => CA Task 9 => Loss 0.134, Test_accy 86.100
2026-08-19 18:55:16,956 [e2lora.py] => CA Task 9 => Loss 0.116, Test_accy 86.100
2026-08-19 18:55:21,555 [e2lora.py] => Exemplar size: 0
2026-08-19 18:55:21,556 [trainer.py] => No NME accuracy.
2026-08-19 18:55:21,556 [trainer.py] => CNN: {'total': 86.1, '00-03': 82.2, '04-07': 90.0, '08-11': 85.62, '12-15': 90.91, '16-19': 86.72, '20-23': 82.5, '24-27': 89.57, '28-31': 93.23, '32-35': 77.61, '36-39': 81.16, 'old': 86.67, 'new': 81.16}
2026-08-19 18:55:21,556 [trainer.py] => CNN top1 curve: [95.76, 93.15, 92.13, 90.88, 91.12, 89.12, 88.85, 89.31, 88.17, 86.1]
2026-08-19 18:55:21,556 [trainer.py] => CNN top5 curve: [99.6, 98.73, 98.25, 98.57, 97.92, 97.43, 97.28, 96.92, 96.86]

Average Accuracy (CNN): 90.45900000000002
2026-08-19 18:55:21,556 [trainer.py] => Average Accuracy (CNN): 90.45900000000002 

old_rank: 2011/3072
old_rank: 846/2304
old_rank: 2761/3072
old_rank: 1335/2304
old_rank: 2792/3072
old_rank: 2001/2304
old_rank: 2772/3072
old_rank: 2070/2304
old_rank: 2788/3072
old_rank: 2086/2304
old_rank: 2772/3072
old_rank: 2072/2304
old_rank: 2790/3072
old_rank: 2087/2304
old_rank: 2784/3072
old_rank: 2090/2304
old_rank: 2792/3072
old_rank: 2092/2304
old_rank: 2789/3072
old_rank: 2094/2304
old_rank: 2790/3072
old_rank: 2086/2304
old_rank: 2782/3072
old_rank: 2035/2304
2026-08-19 18:55:22,752 [trainer.py] => All params: 312321832
2026-08-19 18:55:22,753 [trainer.py] => Trainable params: 6938920
2026-08-19 18:55:22,754 [e2lora.py] => Learning on 40-44

  0%|          | 0/5 [00:00<?, ?it/s]
Task 10, Epoch 1/5 => Loss 0.841, Train_accy 15.95:   0%|          | 0/5 [00:05<?, ?it/s]
Task 10, Epoch 1/5 => Loss 0.841, Train_accy 15.95:  20%|██        | 1/5 [00:05<00:22,  5.50s/it]
Task 10, Epoch 2/5 => Loss 0.287, Train_accy 48.10:  20%|██        | 1/5 [00:10<00:22,  5.50s/it]
Task 10, Epoch 2/5 => Loss 0.287, Train_accy 48.10:  40%|████      | 2/5 [00:10<00:16,  5.48s/it]
Task 10, Epoch 3/5 => Loss 0.183, Train_accy 66.08:  40%|████      | 2/5 [00:16<00:16,  5.48s/it]
Task 10, Epoch 3/5 => Loss 0.183, Train_accy 66.08:  60%|██████    | 3/5 [00:16<00:10,  5.49s/it]
Task 10, Epoch 4/5 => Loss 0.187, Train_accy 67.34:  60%|██████    | 3/5 [00:22<00:10,  5.49s/it]
Task 10, Epoch 4/5 => Loss 0.187, Train_accy 67.34:  80%|████████  | 4/5 [00:22<00:05,  5.56s/it]
Task 10, Epoch 5/5 => Loss 0.100, Train_accy 69.62, Test_accy 85.67:  80%|████████  | 4/5 [00:32<00:05,  5.56s/it]
Task 10, Epoch 5/5 => Loss 0.100, Train_accy 69.62, Test_accy 85.67: 100%|██████████| 5/5 [00:32<00:00,  7.24s/it]
Task 10, Epoch 5/5 => Loss 0.100, Train_accy 69.62, Test_accy 85.67: 100%|██████████| 5/5 [00:32<00:00,  6.47s/it]
2026-08-19 18:55:55,415 [e2lora.py] => Task 10, Epoch 5/5 => Loss 0.100, Train_accy 69.62, Test_accy 85.67
2026-08-19 18:56:48,267 [e2lora.py] => CA Task 10 => Loss 0.140, Test_accy 86.300
2026-08-19 18:56:53,170 [e2lora.py] => CA Task 10 => Loss 0.120, Test_accy 86.440
2026-08-19 18:56:58,096 [e2lora.py] => CA Task 10 => Loss 0.110, Test_accy 86.860
2026-08-19 18:57:02,952 [e2lora.py] => Exemplar size: 0
2026-08-19 18:57:02,952 [trainer.py] => No NME accuracy.
2026-08-19 18:57:02,952 [trainer.py] => CNN: {'total': 86.86, '00-03': 83.9, '04-07': 90.0, '08-11': 84.25, '12-15': 91.48, '16-19': 85.94, '20-23': 81.67, '24-27': 88.7, '28-31': 92.48, '32-35': 79.85, '36-39': 83.33, '40-43': 94.0, 'old': 86.32, 'new': 94.0}
2026-08-19 18:57:02,952 [trainer.py] => CNN top1 curve: [95.76, 93.15, 92.13, 90.88, 91.12, 89.12, 88.85, 89.31, 88.17, 86.1, 86.86]
2026-08-19 18:57:02,952 [trainer.py] => CNN top5 curve: [99.6, 98.73, 98.25, 98.57, 97.92, 97.43, 97.28, 96.92, 96.86, 96.66]

Average Accuracy (CNN): 90.13181818181819
2026-08-19 18:57:02,952 [trainer.py] => Average Accuracy (CNN): 90.13181818181819 

old_rank: 2211/3072
old_rank: 937/2304
old_rank: 2738/3072
old_rank: 1470/2304
old_rank: 2809/3072
old_rank: 2080/2304
old_rank: 2803/3072
old_rank: 2102/2304
old_rank: 2800/3072
old_rank: 2100/2304
old_rank: 2811/3072
old_rank: 2090/2304
old_rank: 2813/3072
old_rank: 2100/2304
old_rank: 2812/3072
old_rank: 2105/2304
old_rank: 2811/3072
old_rank: 2108/2304
old_rank: 2813/3072
old_rank: 2109/2304
old_rank: 2805/3072
old_rank: 2105/2304
old_rank: 2812/3072
old_rank: 2069/2304
2026-08-19 18:57:04,083 [trainer.py] => All params: 312324908
2026-08-19 18:57:04,084 [trainer.py] => Trainable params: 6253868
2026-08-19 18:57:04,084 [e2lora.py] => Learning on 44-48

  0%|          | 0/5 [00:00<?, ?it/s]
Task 11, Epoch 1/5 => Loss 0.865, Train_accy 17.57:   0%|          | 0/5 [00:06<?, ?it/s]
Task 11, Epoch 1/5 => Loss 0.865, Train_accy 17.57:  20%|██        | 1/5 [00:06<00:24,  6.17s/it]
Task 11, Epoch 2/5 => Loss 0.249, Train_accy 45.77:  20%|██        | 1/5 [00:12<00:24,  6.17s/it]
Task 11, Epoch 2/5 => Loss 0.249, Train_accy 45.77:  40%|████      | 2/5 [00:12<00:18,  6.15s/it]
Task 11, Epoch 3/5 => Loss 0.151, Train_accy 62.26:  40%|████      | 2/5 [00:18<00:18,  6.15s/it]
Task 11, Epoch 3/5 => Loss 0.151, Train_accy 62.26:  60%|██████    | 3/5 [00:18<00:12,  6.16s/it]
Task 11, Epoch 4/5 => Loss 0.178, Train_accy 63.56:  60%|██████    | 3/5 [00:24<00:12,  6.16s/it]
Task 11, Epoch 4/5 => Loss 0.178, Train_accy 63.56:  80%|████████  | 4/5 [00:24<00:06,  6.18s/it]
Task 11, Epoch 5/5 => Loss 0.154, Train_accy 67.25, Test_accy 85.71:  80%|████████  | 4/5 [00:35<00:06,  6.18s/it]
Task 11, Epoch 5/5 => Loss 0.154, Train_accy 67.25, Test_accy 85.71: 100%|██████████| 5/5 [00:35<00:00,  7.95s/it]
Task 11, Epoch 5/5 => Loss 0.154, Train_accy 67.25, Test_accy 85.71: 100%|██████████| 5/5 [00:35<00:00,  7.15s/it]
2026-08-19 18:57:40,164 [e2lora.py] => Task 11, Epoch 5/5 => Loss 0.154, Train_accy 67.25, Test_accy 85.71
2026-08-19 18:58:35,897 [e2lora.py] => CA Task 11 => Loss 0.134, Test_accy 85.970
2026-08-19 18:58:41,050 [e2lora.py] => CA Task 11 => Loss 0.122, Test_accy 86.160
2026-08-19 18:58:46,228 [e2lora.py] => CA Task 11 => Loss 0.119, Test_accy 86.290
2026-08-19 18:58:51,221 [e2lora.py] => Exemplar size: 0
2026-08-19 18:58:51,221 [trainer.py] => No NME accuracy.
2026-08-19 18:58:51,221 [trainer.py] => CNN: {'total': 86.29, '00-03': 81.36, '04-07': 90.77, '08-11': 82.88, '12-15': 90.34, '16-19': 85.94, '20-23': 81.67, '24-27': 88.7, '28-31': 92.48, '32-35': 80.6, '36-39': 84.06, '40-43': 94.0, '44-47': 82.76, 'old': 86.58, 'new': 82.76}
2026-08-19 18:58:51,221 [trainer.py] => CNN top1 curve: [95.76, 93.15, 92.13, 90.88, 91.12, 89.12, 88.85, 89.31, 88.17, 86.1, 86.86, 86.29]
2026-08-19 18:58:51,221 [trainer.py] => CNN top5 curve: [99.6, 98.73, 98.25, 98.57, 97.92, 97.43, 97.28, 96.92, 96.86, 96.66, 96.46]

Average Accuracy (CNN): 89.81166666666668
2026-08-19 18:58:51,221 [trainer.py] => Average Accuracy (CNN): 89.81166666666668 

old_rank: 2413/3072
old_rank: 1021/2304
old_rank: 2791/3072
old_rank: 1609/2304
old_rank: 2833/3072
old_rank: 2087/2304
old_rank: 2828/3072
old_rank: 2109/2304
old_rank: 2821/3072
old_rank: 2118/2304
old_rank: 2824/3072
old_rank: 2119/2304
old_rank: 2834/3072
old_rank: 2126/2304
old_rank: 2829/3072
old_rank: 2123/2304
old_rank: 2830/3072
old_rank: 2125/2304
old_rank: 2832/3072
old_rank: 2123/2304
old_rank: 2831/3072
old_rank: 2126/2304
old_rank: 2773/3072
old_rank: 2094/2304
2026-08-19 18:58:52,378 [trainer.py] => All params: 312327984
2026-08-19 18:58:52,380 [trainer.py] => Trainable params: 5637936
2026-08-19 18:58:52,380 [e2lora.py] => Learning on 48-52

  0%|          | 0/5 [00:00<?, ?it/s]
Task 12, Epoch 1/5 => Loss 0.758, Train_accy 19.77:   0%|          | 0/5 [00:06<?, ?it/s]
Task 12, Epoch 1/5 => Loss 0.758, Train_accy 19.77:  20%|██        | 1/5 [00:06<00:27,  6.99s/it]
Task 12, Epoch 2/5 => Loss 0.244, Train_accy 58.71:  20%|██        | 1/5 [00:13<00:27,  6.99s/it]
Task 12, Epoch 2/5 => Loss 0.244, Train_accy 58.71:  40%|████      | 2/5 [00:13<00:20,  6.78s/it]
Task 12, Epoch 3/5 => Loss 0.155, Train_accy 65.95:  40%|████      | 2/5 [00:20<00:20,  6.78s/it]
Task 12, Epoch 3/5 => Loss 0.155, Train_accy 65.95:  60%|██████    | 3/5 [00:20<00:13,  6.67s/it]
Task 12, Epoch 4/5 => Loss 0.173, Train_accy 67.32:  60%|██████    | 3/5 [00:26<00:13,  6.67s/it]
Task 12, Epoch 4/5 => Loss 0.173, Train_accy 67.32:  80%|████████  | 4/5 [00:26<00:06,  6.70s/it]
Task 12, Epoch 5/5 => Loss 0.129, Train_accy 69.67, Test_accy 85.19:  80%|████████  | 4/5 [00:39<00:06,  6.70s/it]
Task 12, Epoch 5/5 => Loss 0.129, Train_accy 69.67, Test_accy 85.19: 100%|██████████| 5/5 [00:39<00:00,  8.78s/it]
Task 12, Epoch 5/5 => Loss 0.129, Train_accy 69.67, Test_accy 85.19: 100%|██████████| 5/5 [00:39<00:00,  7.88s/it]
2026-08-19 18:59:32,068 [e2lora.py] => Task 12, Epoch 5/5 => Loss 0.129, Train_accy 69.67, Test_accy 85.19
2026-08-19 19:00:29,684 [e2lora.py] => CA Task 12 => Loss 0.134, Test_accy 85.600
2026-08-19 19:00:35,424 [e2lora.py] => CA Task 12 => Loss 0.117, Test_accy 85.660
2026-08-19 19:00:41,077 [e2lora.py] => CA Task 12 => Loss 0.115, Test_accy 85.900
2026-08-19 19:00:46,436 [e2lora.py] => Exemplar size: 0
2026-08-19 19:00:46,437 [trainer.py] => No NME accuracy.
2026-08-19 19:00:46,437 [trainer.py] => CNN: {'total': 85.9, '00-03': 82.2, '04-07': 90.0, '08-11': 81.51, '12-15': 89.77, '16-19': 86.72, '20-23': 81.67, '24-27': 86.96, '28-31': 91.73, '32-35': 77.61, '36-39': 84.06, '40-43': 93.0, '44-47': 84.48, '48-51': 87.4, 'old': 85.78, 'new': 87.4}
2026-08-19 19:00:46,437 [trainer.py] => CNN top1 curve: [95.76, 93.15, 92.13, 90.88, 91.12, 89.12, 88.85, 89.31, 88.17, 86.1, 86.86, 86.29, 85.9]
2026-08-19 19:00:46,437 [trainer.py] => CNN top5 curve: [99.6, 98.73, 98.25, 98.57, 97.92, 97.43, 97.28, 96.92, 96.86, 96.66, 96.46, 96.19]

Average Accuracy (CNN): 89.51076923076926
2026-08-19 19:00:46,437 [trainer.py] => Average Accuracy (CNN): 89.51076923076926 

old_rank: 2611/3072
old_rank: 1116/2304
old_rank: 2771/3072
old_rank: 1747/2304
old_rank: 2842/3072
old_rank: 2109/2304
old_rank: 2851/3072
old_rank: 2129/2304
old_rank: 2839/3072
old_rank: 2136/2304
old_rank: 2844/3072
old_rank: 2126/2304
old_rank: 2848/3072
old_rank: 2137/2304
old_rank: 2850/3072
old_rank: 2138/2304
old_rank: 2849/3072
old_rank: 2137/2304
old_rank: 2849/3072
old_rank: 2138/2304
old_rank: 2850/3072
old_rank: 2139/2304
old_rank: 2839/3072
old_rank: 2114/2304
2026-08-19 19:00:47,677 [trainer.py] => All params: 312331060
2026-08-19 19:00:47,678 [trainer.py] => Trainable params: 5034292
2026-08-19 19:00:47,678 [e2lora.py] => Learning on 52-56

  0%|          | 0/5 [00:00<?, ?it/s]
Task 13, Epoch 1/5 => Loss 0.729, Train_accy 9.13:   0%|          | 0/5 [00:07<?, ?it/s]
Task 13, Epoch 1/5 => Loss 0.729, Train_accy 9.13:  20%|██        | 1/5 [00:07<00:29,  7.33s/it]
Task 13, Epoch 2/5 => Loss 0.219, Train_accy 42.21:  20%|██        | 1/5 [00:14<00:29,  7.33s/it]
Task 13, Epoch 2/5 => Loss 0.219, Train_accy 42.21:  40%|████      | 2/5 [00:14<00:21,  7.06s/it]
Task 13, Epoch 3/5 => Loss 0.204, Train_accy 52.85:  40%|████      | 2/5 [00:21<00:21,  7.06s/it]
Task 13, Epoch 3/5 => Loss 0.204, Train_accy 52.85:  60%|██████    | 3/5 [00:21<00:14,  7.01s/it]
Task 13, Epoch 4/5 => Loss 0.136, Train_accy 53.42:  60%|██████    | 3/5 [00:28<00:14,  7.01s/it]
Task 13, Epoch 4/5 => Loss 0.136, Train_accy 53.42:  80%|████████  | 4/5 [00:28<00:06,  6.96s/it]
Task 13, Epoch 5/5 => Loss 0.141, Train_accy 52.85, Test_accy 84.00:  80%|████████  | 4/5 [00:40<00:06,  6.96s/it]
Task 13, Epoch 5/5 => Loss 0.141, Train_accy 52.85, Test_accy 84.00: 100%|██████████| 5/5 [00:40<00:00,  8.97s/it]
Task 13, Epoch 5/5 => Loss 0.141, Train_accy 52.85, Test_accy 84.00: 100%|██████████| 5/5 [00:40<00:00,  8.11s/it]
2026-08-19 19:01:28,546 [e2lora.py] => Task 13, Epoch 5/5 => Loss 0.141, Train_accy 52.85, Test_accy 84.00
2026-08-19 19:02:21,766 [e2lora.py] => CA Task 13 => Loss 0.141, Test_accy 85.660
2026-08-19 19:02:27,737 [e2lora.py] => CA Task 13 => Loss 0.124, Test_accy 85.710
2026-08-19 19:02:33,671 [e2lora.py] => CA Task 13 => Loss 0.117, Test_accy 85.660
2026-08-19 19:02:39,298 [e2lora.py] => Exemplar size: 0
2026-08-19 19:02:39,298 [trainer.py] => No NME accuracy.
2026-08-19 19:02:39,302 [trainer.py] => CNN: {'total': 85.66, '00-03': 81.36, '04-07': 89.23, '08-11': 81.51, '12-15': 89.77, '16-19': 85.94, '20-23': 82.5, '24-27': 87.83, '28-31': 91.73, '32-35': 80.6, '36-39': 84.06, '40-43': 90.0, '44-47': 81.03, '48-51': 88.98, '52-55': 84.09, 'old': 85.78, 'new': 84.09}
2026-08-19 19:02:39,302 [trainer.py] => CNN top1 curve: [95.76, 93.15, 92.13, 90.88, 91.12, 89.12, 88.85, 89.31, 88.17, 86.1, 86.86, 86.29, 85.9, 85.66]
2026-08-19 19:02:39,302 [trainer.py] => CNN top5 curve: [99.6, 98.73, 98.25, 98.57, 97.92, 97.43, 97.28, 96.92, 96.86, 96.66, 96.46, 96.19, 96.14]

Average Accuracy (CNN): 89.23571428571431
2026-08-19 19:02:39,302 [trainer.py] => Average Accuracy (CNN): 89.23571428571431 

old_rank: 2811/3072
old_rank: 1214/2304
old_rank: 2798/3072
old_rank: 1889/2304
old_rank: 2860/3072
old_rank: 2138/2304
old_rank: 2861/3072
old_rank: 2129/2304
old_rank: 2863/3072
old_rank: 2137/2304
old_rank: 2864/3072
old_rank: 2143/2304
old_rank: 2867/3072
old_rank: 2138/2304
old_rank: 2865/3072
old_rank: 2141/2304
old_rank: 2866/3072
old_rank: 2150/2304
old_rank: 2860/3072
old_rank: 2148/2304
old_rank: 2865/3072
old_rank: 2148/2304
old_rank: 2856/3072
old_rank: 2145/2304
2026-08-19 19:02:40,580 [trainer.py] => All params: 312334136
2026-08-19 19:02:40,582 [trainer.py] => Trainable params: 4463672
2026-08-19 19:02:40,582 [e2lora.py] => Learning on 56-60

  0%|          | 0/5 [00:00<?, ?it/s]
Task 14, Epoch 1/5 => Loss 0.711, Train_accy 5.81:   0%|          | 0/5 [00:06<?, ?it/s]
Task 14, Epoch 1/5 => Loss 0.711, Train_accy 5.81:  20%|██        | 1/5 [00:06<00:25,  6.32s/it]
Task 14, Epoch 2/5 => Loss 0.232, Train_accy 33.98:  20%|██        | 1/5 [00:12<00:25,  6.32s/it]
Task 14, Epoch 2/5 => Loss 0.232, Train_accy 33.98:  40%|████      | 2/5 [00:12<00:18,  6.25s/it]
Task 14, Epoch 3/5 => Loss 0.182, Train_accy 49.89:  40%|████      | 2/5 [00:18<00:18,  6.25s/it]
Task 14, Epoch 3/5 => Loss 0.182, Train_accy 49.89:  60%|██████    | 3/5 [00:18<00:12,  6.28s/it]
Task 14, Epoch 4/5 => Loss 0.119, Train_accy 56.99:  60%|██████    | 3/5 [00:25<00:12,  6.28s/it]
Task 14, Epoch 4/5 => Loss 0.119, Train_accy 56.99:  80%|████████  | 4/5 [00:25<00:06,  6.30s/it]
Task 14, Epoch 5/5 => Loss 0.124, Train_accy 60.00, Test_accy 84.09:  80%|████████  | 4/5 [00:37<00:06,  6.30s/it]
Task 14, Epoch 5/5 => Loss 0.124, Train_accy 60.00, Test_accy 84.09: 100%|██████████| 5/5 [00:37<00:00,  8.57s/it]
Task 14, Epoch 5/5 => Loss 0.124, Train_accy 60.00, Test_accy 84.09: 100%|██████████| 5/5 [00:37<00:00,  7.55s/it]
2026-08-19 19:03:18,647 [e2lora.py] => Task 14, Epoch 5/5 => Loss 0.124, Train_accy 60.00, Test_accy 84.09
2026-08-19 19:04:14,753 [e2lora.py] => CA Task 14 => Loss 0.145, Test_accy 84.860
2026-08-19 19:04:21,036 [e2lora.py] => CA Task 14 => Loss 0.127, Test_accy 85.170
2026-08-19 19:04:27,494 [e2lora.py] => CA Task 14 => Loss 0.123, Test_accy 85.170
2026-08-19 19:04:33,676 [e2lora.py] => Exemplar size: 0
2026-08-19 19:04:33,676 [trainer.py] => No NME accuracy.
2026-08-19 19:04:33,676 [trainer.py] => CNN: {'total': 85.17, '00-03': 82.2, '04-07': 87.69, '08-11': 81.51, '12-15': 88.64, '16-19': 87.5, '20-23': 83.33, '24-27': 90.43, '28-31': 91.73, '32-35': 79.85, '36-39': 81.88, '40-43': 90.0, '44-47': 81.9, '48-51': 91.34, '52-55': 84.09, '56-59': 75.0, 'old': 85.82, 'new': 75.0}
2026-08-19 19:04:33,677 [trainer.py] => CNN top1 curve: [95.76, 93.15, 92.13, 90.88, 91.12, 89.12, 88.85, 89.31, 88.17, 86.1, 86.86, 86.29, 85.9, 85.66, 85.17]
2026-08-19 19:04:33,677 [trainer.py] => CNN top5 curve: [99.6, 98.73, 98.25, 98.57, 97.92, 97.43, 97.28, 96.92, 96.86, 96.66, 96.46, 96.19, 96.14, 96.11]

Average Accuracy (CNN): 88.9646666666667
2026-08-19 19:04:33,677 [trainer.py] => Average Accuracy (CNN): 88.9646666666667 

old_rank: 2878/3072
old_rank: 1298/2304
old_rank: 2853/3072
old_rank: 2018/2304
old_rank: 2877/3072
old_rank: 2124/2304
old_rank: 2880/3072
old_rank: 2155/2304
old_rank: 2875/3072
old_rank: 2146/2304
old_rank: 2870/3072
old_rank: 2150/2304
old_rank: 2875/3072
old_rank: 2153/2304
old_rank: 2879/3072
old_rank: 2155/2304
old_rank: 2878/3072
old_rank: 2160/2304
old_rank: 2879/3072
old_rank: 2159/2304
old_rank: 2880/3072
old_rank: 2157/2304
old_rank: 2863/3072
old_rank: 2159/2304
2026-08-19 19:04:35,048 [trainer.py] => All params: 312337212
2026-08-19 19:04:35,050 [trainer.py] => Trainable params: 4032828
2026-08-19 19:04:35,050 [e2lora.py] => Learning on 60-64

  0%|          | 0/5 [00:00<?, ?it/s]
Task 15, Epoch 1/5 => Loss 0.669, Train_accy 13.80:   0%|          | 0/5 [00:07<?, ?it/s]
Task 15, Epoch 1/5 => Loss 0.669, Train_accy 13.80:  20%|██        | 1/5 [00:07<00:28,  7.10s/it]
Task 15, Epoch 2/5 => Loss 0.206, Train_accy 43.48:  20%|██        | 1/5 [00:14<00:28,  7.10s/it]
Task 15, Epoch 2/5 => Loss 0.206, Train_accy 43.48:  40%|████      | 2/5 [00:14<00:21,  7.03s/it]
Task 15, Epoch 3/5 => Loss 0.210, Train_accy 58.41:  40%|████      | 2/5 [00:21<00:21,  7.03s/it]
Task 15, Epoch 3/5 => Loss 0.210, Train_accy 58.41:  60%|██████    | 3/5 [00:21<00:14,  7.11s/it]
Task 15, Epoch 4/5 => Loss 0.175, Train_accy 59.55:  60%|██████    | 3/5 [00:28<00:14,  7.11s/it]
Task 15, Epoch 4/5 => Loss 0.175, Train_accy 59.55:  80%|████████  | 4/5 [00:28<00:07,  7.07s/it]
Task 15, Epoch 5/5 => Loss 0.151, Train_accy 58.79, Test_accy 83.41:  80%|████████  | 4/5 [00:41<00:07,  7.07s/it]
Task 15, Epoch 5/5 => Loss 0.151, Train_accy 58.79, Test_accy 83.41: 100%|██████████| 5/5 [00:41<00:00,  9.40s/it]
Task 15, Epoch 5/5 => Loss 0.151, Train_accy 58.79, Test_accy 83.41: 100%|██████████| 5/5 [00:41<00:00,  8.37s/it]
2026-08-19 19:05:17,209 [e2lora.py] => Task 15, Epoch 5/5 => Loss 0.151, Train_accy 58.79, Test_accy 83.41
2026-08-19 19:06:18,156 [e2lora.py] => CA Task 15 => Loss 0.151, Test_accy 83.560
2026-08-19 19:06:24,991 [e2lora.py] => CA Task 15 => Loss 0.127, Test_accy 83.510
2026-08-19 19:06:31,611 [e2lora.py] => CA Task 15 => Loss 0.119, Test_accy 83.410
2026-08-19 19:06:38,291 [e2lora.py] => Exemplar size: 0
2026-08-19 19:06:38,291 [trainer.py] => No NME accuracy.
2026-08-19 19:06:38,291 [trainer.py] => CNN: {'total': 83.41, '00-03': 79.66, '04-07': 87.69, '08-11': 80.82, '12-15': 88.07, '16-19': 84.38, '20-23': 83.33, '24-27': 86.09, '28-31': 90.23, '32-35': 79.1, '36-39': 83.33, '40-43': 88.0, '44-47': 78.45, '48-51': 89.76, '52-55': 83.33, '56-59': 74.14, '60-63': 76.69, 'old': 83.88, 'new': 76.69}
2026-08-19 19:06:38,291 [trainer.py] => CNN top1 curve: [95.76, 93.15, 92.13, 90.88, 91.12, 89.12, 88.85, 89.31, 88.17, 86.1, 86.86, 86.29, 85.9, 85.66, 85.17, 83.41]
2026-08-19 19:06:38,291 [trainer.py] => CNN top5 curve: [99.6, 98.73, 98.25, 98.57, 97.92, 97.43, 97.28, 96.92, 96.86, 96.66, 96.46, 96.19, 96.14, 96.11, 95.64]

Average Accuracy (CNN): 88.61750000000004
2026-08-19 19:06:38,291 [trainer.py] => Average Accuracy (CNN): 88.61750000000004 

old_rank: 2845/3072
old_rank: 1374/2304
old_rank: 2858/3072
old_rank: 2140/2304
old_rank: 2887/3072
old_rank: 2153/2304
old_rank: 2888/3072
old_rank: 2157/2304
old_rank: 2881/3072
old_rank: 2162/2304
old_rank: 2886/3072
old_rank: 2167/2304
old_rank: 2886/3072
old_rank: 2161/2304
old_rank: 2886/3072
old_rank: 2167/2304
old_rank: 2885/3072
old_rank: 2164/2304
old_rank: 2885/3072
old_rank: 2167/2304
old_rank: 2886/3072
old_rank: 2165/2304
old_rank: 2891/3072
old_rank: 2145/2304
2026-08-19 19:06:39,710 [trainer.py] => All params: 312340288
2026-08-19 19:06:39,711 [trainer.py] => Trainable params: 3755584
2026-08-19 19:06:39,712 [e2lora.py] => Learning on 64-68

  0%|          | 0/5 [00:00<?, ?it/s]
Task 16, Epoch 1/5 => Loss 0.829, Train_accy 6.63:   0%|          | 0/5 [00:06<?, ?it/s]
Task 16, Epoch 1/5 => Loss 0.829, Train_accy 6.63:  20%|██        | 1/5 [00:06<00:26,  6.67s/it]
Task 16, Epoch 2/5 => Loss 0.222, Train_accy 33.94:  20%|██        | 1/5 [00:13<00:26,  6.67s/it]
Task 16, Epoch 2/5 => Loss 0.222, Train_accy 33.94:  40%|████      | 2/5 [00:13<00:19,  6.65s/it]
Task 16, Epoch 3/5 => Loss 0.161, Train_accy 47.19:  40%|████      | 2/5 [00:19<00:19,  6.65s/it]
Task 16, Epoch 3/5 => Loss 0.161, Train_accy 47.19:  60%|██████    | 3/5 [00:19<00:13,  6.63s/it]
Task 16, Epoch 4/5 => Loss 0.152, Train_accy 51.61:  60%|██████    | 3/5 [00:26<00:13,  6.63s/it]
Task 16, Epoch 4/5 => Loss 0.152, Train_accy 51.61:  80%|████████  | 4/5 [00:26<00:06,  6.61s/it]
Task 16, Epoch 5/5 => Loss 0.161, Train_accy 53.41, Test_accy 83.27:  80%|████████  | 4/5 [00:40<00:06,  6.61s/it]
Task 16, Epoch 5/5 => Loss 0.161, Train_accy 53.41, Test_accy 83.27: 100%|██████████| 5/5 [00:40<00:00,  9.11s/it]
Task 16, Epoch 5/5 => Loss 0.161, Train_accy 53.41, Test_accy 83.27: 100%|██████████| 5/5 [00:40<00:00,  8.01s/it]
2026-08-19 19:07:20,060 [e2lora.py] => Task 16, Epoch 5/5 => Loss 0.161, Train_accy 53.41, Test_accy 83.27
2026-08-19 19:08:15,698 [e2lora.py] => CA Task 16 => Loss 0.153, Test_accy 83.500
2026-08-19 19:08:22,886 [e2lora.py] => CA Task 16 => Loss 0.140, Test_accy 83.730
2026-08-19 19:08:29,988 [e2lora.py] => CA Task 16 => Loss 0.127, Test_accy 83.820
2026-08-19 19:08:36,862 [e2lora.py] => Exemplar size: 0
2026-08-19 19:08:36,862 [trainer.py] => No NME accuracy.
2026-08-19 19:08:36,862 [trainer.py] => CNN: {'total': 83.82, '00-03': 79.66, '04-07': 86.92, '08-11': 79.45, '12-15': 89.2, '16-19': 83.59, '20-23': 83.33, '24-27': 86.96, '28-31': 89.47, '32-35': 80.6, '36-39': 83.33, '40-43': 88.0, '44-47': 78.45, '48-51': 90.55, '52-55': 85.61, '56-59': 75.0, '60-63': 77.44, '64-67': 85.71, 'old': 83.71, 'new': 85.71}
2026-08-19 19:08:36,862 [trainer.py] => CNN top1 curve: [95.76, 93.15, 92.13, 90.88, 91.12, 89.12, 88.85, 89.31, 88.17, 86.1, 86.86, 86.29, 85.9, 85.66, 85.17, 83.41, 83.82]
2026-08-19 19:08:36,862 [trainer.py] => CNN top5 curve: [99.6, 98.73, 98.25, 98.57, 97.92, 97.43, 97.28, 96.92, 96.86, 96.66, 96.46, 96.19, 96.14, 96.11, 95.64, 95.16]

Average Accuracy (CNN): 88.3352941176471
2026-08-19 19:08:36,862 [trainer.py] => Average Accuracy (CNN): 88.3352941176471 

old_rank: 2884/3072
old_rank: 1460/2304
old_rank: 2884/3072
old_rank: 1974/2304
old_rank: 2898/3072
old_rank: 2156/2304
old_rank: 2898/3072
old_rank: 2169/2304
old_rank: 2900/3072
old_rank: 2175/2304
old_rank: 2896/3072
old_rank: 2167/2304
old_rank: 2901/3072
old_rank: 2169/2304
old_rank: 2897/3072
old_rank: 2174/2304
old_rank: 2901/3072
old_rank: 2174/2304
old_rank: 2900/3072
old_rank: 2170/2304
old_rank: 2899/3072
old_rank: 2176/2304
old_rank: 2881/3072
old_rank: 2167/2304
2026-08-19 19:08:38,357 [trainer.py] => All params: 312343364
2026-08-19 19:08:38,359 [trainer.py] => Trainable params: 3617348
2026-08-19 19:08:38,359 [e2lora.py] => Learning on 68-72

  0%|          | 0/5 [00:00<?, ?it/s]
Task 17, Epoch 1/5 => Loss 0.741, Train_accy 7.80:   0%|          | 0/5 [00:06<?, ?it/s]
Task 17, Epoch 1/5 => Loss 0.741, Train_accy 7.80:  20%|██        | 1/5 [00:06<00:24,  6.11s/it]
Task 17, Epoch 2/5 => Loss 0.168, Train_accy 42.32:  20%|██        | 1/5 [00:12<00:24,  6.11s/it]
Task 17, Epoch 2/5 => Loss 0.168, Train_accy 42.32:  40%|████      | 2/5 [00:12<00:17,  5.99s/it]
Task 17, Epoch 3/5 => Loss 0.077, Train_accy 65.01:  40%|████      | 2/5 [00:18<00:17,  5.99s/it]
Task 17, Epoch 3/5 => Loss 0.077, Train_accy 65.01:  60%|██████    | 3/5 [00:18<00:12,  6.09s/it]
Task 17, Epoch 4/5 => Loss 0.091, Train_accy 66.67:  60%|██████    | 3/5 [00:24<00:12,  6.09s/it]
Task 17, Epoch 4/5 => Loss 0.091, Train_accy 66.67:  80%|████████  | 4/5 [00:24<00:06,  6.10s/it]
Task 17, Epoch 5/5 => Loss 0.082, Train_accy 70.21, Test_accy 83.61:  80%|████████  | 4/5 [00:37<00:06,  6.10s/it]
Task 17, Epoch 5/5 => Loss 0.082, Train_accy 70.21, Test_accy 83.61: 100%|██████████| 5/5 [00:37<00:00,  8.70s/it]
Task 17, Epoch 5/5 => Loss 0.082, Train_accy 70.21, Test_accy 83.61: 100%|██████████| 5/5 [00:37<00:00,  7.53s/it]
2026-08-19 19:09:16,324 [e2lora.py] => Task 17, Epoch 5/5 => Loss 0.082, Train_accy 70.21, Test_accy 83.61
2026-08-19 19:10:10,553 [e2lora.py] => CA Task 17 => Loss 0.137, Test_accy 83.910
2026-08-19 19:10:18,071 [e2lora.py] => CA Task 17 => Loss 0.124, Test_accy 83.780
2026-08-19 19:10:25,546 [e2lora.py] => CA Task 17 => Loss 0.114, Test_accy 83.830
2026-08-19 19:10:32,635 [e2lora.py] => Exemplar size: 0
2026-08-19 19:10:32,635 [trainer.py] => No NME accuracy.
2026-08-19 19:10:32,635 [trainer.py] => CNN: {'total': 83.83, '00-03': 79.66, '04-07': 86.92, '08-11': 79.45, '12-15': 89.2, '16-19': 84.38, '20-23': 83.33, '24-27': 86.96, '28-31': 87.22, '32-35': 81.34, '36-39': 82.61, '40-43': 87.0, '44-47': 79.31, '48-51': 89.76, '52-55': 84.85, '56-59': 75.86, '60-63': 76.69, '64-67': 85.71, '68-71': 87.74, 'old': 83.64, 'new': 87.74}
2026-08-19 19:10:32,635 [trainer.py] => CNN top1 curve: [95.76, 93.15, 92.13, 90.88, 91.12, 89.12, 88.85, 89.31, 88.17, 86.1, 86.86, 86.29, 85.9, 85.66, 85.17, 83.41, 83.82, 83.83]
2026-08-19 19:10:32,635 [trainer.py] => CNN top5 curve: [99.6, 98.73, 98.25, 98.57, 97.92, 97.43, 97.28, 96.92, 96.86, 96.66, 96.46, 96.19, 96.14, 96.11, 95.64, 95.16, 94.99]

Average Accuracy (CNN): 88.08500000000002
2026-08-19 19:10:32,635 [trainer.py] => Average Accuracy (CNN): 88.08500000000002 

old_rank: 2885/3072
old_rank: 1563/2304
old_rank: 2886/3072
old_rank: 2073/2304
old_rank: 2907/3072
old_rank: 2160/2304
old_rank: 2902/3072
old_rank: 2177/2304
old_rank: 2900/3072
old_rank: 2173/2304
old_rank: 2906/3072
old_rank: 2182/2304
old_rank: 2907/3072
old_rank: 2173/2304
old_rank: 2910/3072
old_rank: 2174/2304
old_rank: 2907/3072
old_rank: 2178/2304
old_rank: 2908/3072
old_rank: 2182/2304
old_rank: 2909/3072
old_rank: 2177/2304
old_rank: 2888/3072
old_rank: 2160/2304
2026-08-19 19:10:34,235 [trainer.py] => All params: 312346440
2026-08-19 19:10:34,236 [trainer.py] => Trainable params: 3376968
2026-08-19 19:10:34,236 [e2lora.py] => Learning on 72-76

  0%|          | 0/5 [00:00<?, ?it/s]
Task 18, Epoch 1/5 => Loss 0.863, Train_accy 4.62:   0%|          | 0/5 [00:06<?, ?it/s]
Task 18, Epoch 1/5 => Loss 0.863, Train_accy 4.62:  20%|██        | 1/5 [00:06<00:24,  6.07s/it]
Task 18, Epoch 2/5 => Loss 0.256, Train_accy 27.48:  20%|██        | 1/5 [00:12<00:24,  6.07s/it]
Task 18, Epoch 2/5 => Loss 0.256, Train_accy 27.48:  40%|████      | 2/5 [00:12<00:18,  6.04s/it]
Task 18, Epoch 3/5 => Loss 0.180, Train_accy 42.03:  40%|████      | 2/5 [00:18<00:18,  6.04s/it]
Task 18, Epoch 3/5 => Loss 0.180, Train_accy 42.03:  60%|██████    | 3/5 [00:18<00:12,  6.03s/it]
Task 18, Epoch 4/5 => Loss 0.160, Train_accy 46.88:  60%|██████    | 3/5 [00:24<00:12,  6.03s/it]
Task 18, Epoch 4/5 => Loss 0.160, Train_accy 46.88:  80%|████████  | 4/5 [00:24<00:06,  6.07s/it]
Task 18, Epoch 5/5 => Loss 0.108, Train_accy 51.73, Test_accy 82.90:  80%|████████  | 4/5 [00:38<00:06,  6.07s/it]
Task 18, Epoch 5/5 => Loss 0.108, Train_accy 51.73, Test_accy 82.90: 100%|██████████| 5/5 [00:38<00:00,  9.11s/it]
Task 18, Epoch 5/5 => Loss 0.108, Train_accy 51.73, Test_accy 82.90: 100%|██████████| 5/5 [00:38<00:00,  7.75s/it]
2026-08-19 19:11:13,309 [e2lora.py] => Task 18, Epoch 5/5 => Loss 0.108, Train_accy 51.73, Test_accy 82.90
2026-08-19 19:12:11,519 [e2lora.py] => CA Task 18 => Loss 0.139, Test_accy 83.770
2026-08-19 19:12:19,150 [e2lora.py] => CA Task 18 => Loss 0.117, Test_accy 84.140
2026-08-19 19:12:27,259 [e2lora.py] => CA Task 18 => Loss 0.116, Test_accy 84.140
2026-08-19 19:12:34,851 [e2lora.py] => Exemplar size: 0
2026-08-19 19:12:34,851 [trainer.py] => No NME accuracy.
2026-08-19 19:12:34,851 [trainer.py] => CNN: {'total': 84.14, '00-03': 81.36, '04-07': 86.92, '08-11': 78.77, '12-15': 89.77, '16-19': 83.59, '20-23': 83.33, '24-27': 86.09, '28-31': 87.97, '32-35': 80.6, '36-39': 82.61, '40-43': 86.0, '44-47': 80.17, '48-51': 90.55, '52-55': 85.61, '56-59': 75.86, '60-63': 78.2, '64-67': 86.51, '68-71': 90.57, '72-75': 83.49, 'old': 84.18, 'new': 83.49}
2026-08-19 19:12:34,851 [trainer.py] => CNN top1 curve: [95.76, 93.15, 92.13, 90.88, 91.12, 89.12, 88.85, 89.31, 88.17, 86.1, 86.86, 86.29, 85.9, 85.66, 85.17, 83.41, 83.82, 83.83, 84.14]
2026-08-19 19:12:34,851 [trainer.py] => CNN top5 curve: [99.6, 98.73, 98.25, 98.57, 97.92, 97.43, 97.28, 96.92, 96.86, 96.66, 96.46, 96.19, 96.14, 96.11, 95.64, 95.16, 94.99, 94.71]

Average Accuracy (CNN): 87.87736842105267
2026-08-19 19:12:34,851 [trainer.py] => Average Accuracy (CNN): 87.87736842105267 

old_rank: 2906/3072
old_rank: 1650/2304
old_rank: 2901/3072
old_rank: 2172/2304
old_rank: 2914/3072
old_rank: 2164/2304
old_rank: 2916/3072
old_rank: 2187/2304
old_rank: 2911/3072
old_rank: 2186/2304
old_rank: 2914/3072
old_rank: 2179/2304
old_rank: 2916/3072
old_rank: 2186/2304
old_rank: 2915/3072
old_rank: 2184/2304
old_rank: 2916/3072
old_rank: 2186/2304
old_rank: 2917/3072
old_rank: 2185/2304
old_rank: 2917/3072
old_rank: 2188/2304
old_rank: 2899/3072
old_rank: 2168/2304
2026-08-19 19:12:36,511 [trainer.py] => All params: 312349516
2026-08-19 19:12:36,513 [trainer.py] => Trainable params: 3080524
2026-08-19 19:12:36,513 [e2lora.py] => Learning on 76-80

  0%|          | 0/5 [00:00<?, ?it/s]
Task 19, Epoch 1/5 => Loss 0.822, Train_accy 2.71:   0%|          | 0/5 [00:05<?, ?it/s]
Task 19, Epoch 1/5 => Loss 0.822, Train_accy 2.71:  20%|██        | 1/5 [00:05<00:23,  5.97s/it]
Task 19, Epoch 2/5 => Loss 0.242, Train_accy 19.95:  20%|██        | 1/5 [00:11<00:23,  5.97s/it]
Task 19, Epoch 2/5 => Loss 0.242, Train_accy 19.95:  40%|████      | 2/5 [00:11<00:17,  5.90s/it]
Task 19, Epoch 3/5 => Loss 0.158, Train_accy 38.42:  40%|████      | 2/5 [00:17<00:17,  5.90s/it]
Task 19, Epoch 3/5 => Loss 0.158, Train_accy 38.42:  60%|██████    | 3/5 [00:17<00:11,  5.94s/it]
Task 19, Epoch 4/5 => Loss 0.158, Train_accy 46.06:  60%|██████    | 3/5 [00:23<00:11,  5.94s/it]
Task 19, Epoch 4/5 => Loss 0.158, Train_accy 46.06:  80%|████████  | 4/5 [00:23<00:05,  5.97s/it]
Task 19, Epoch 5/5 => Loss 0.169, Train_accy 46.80, Test_accy 82.83:  80%|████████  | 4/5 [00:37<00:05,  5.97s/it]
Task 19, Epoch 5/5 => Loss 0.169, Train_accy 46.80, Test_accy 82.83: 100%|██████████| 5/5 [00:37<00:00,  8.78s/it]
Task 19, Epoch 5/5 => Loss 0.169, Train_accy 46.80, Test_accy 82.83: 100%|██████████| 5/5 [00:37<00:00,  7.52s/it]
2026-08-19 19:13:14,422 [e2lora.py] => Task 19, Epoch 5/5 => Loss 0.169, Train_accy 46.80, Test_accy 82.83
2026-08-19 19:14:10,620 [e2lora.py] => CA Task 19 => Loss 0.150, Test_accy 83.870
2026-08-19 19:14:18,685 [e2lora.py] => CA Task 19 => Loss 0.127, Test_accy 83.750
2026-08-19 19:14:26,615 [e2lora.py] => CA Task 19 => Loss 0.121, Test_accy 83.710
2026-08-19 19:14:34,229 [e2lora.py] => Exemplar size: 0
2026-08-19 19:14:34,229 [trainer.py] => No NME accuracy.
2026-08-19 19:14:34,229 [trainer.py] => CNN: {'total': 83.71, '00-03': 78.81, '04-07': 85.38, '08-11': 80.82, '12-15': 89.2, '16-19': 85.94, '20-23': 83.33, '24-27': 88.7, '28-31': 85.71, '32-35': 80.6, '36-39': 82.61, '40-43': 85.0, '44-47': 78.45, '48-51': 90.55, '52-55': 85.61, '56-59': 76.72, '60-63': 78.2, '64-67': 85.71, '68-71': 87.74, '72-75': 84.4, '76-79': 78.22, 'old': 83.94, 'new': 78.22}
2026-08-19 19:14:34,229 [trainer.py] => CNN top1 curve: [95.76, 93.15, 92.13, 90.88, 91.12, 89.12, 88.85, 89.31, 88.17, 86.1, 86.86, 86.29, 85.9, 85.66, 85.17, 83.41, 83.82, 83.83, 84.14, 83.71]
2026-08-19 19:14:34,229 [trainer.py] => CNN top5 curve: [99.6, 98.73, 98.25, 98.57, 97.92, 97.43, 97.28, 96.92, 96.86, 96.66, 96.46, 96.19, 96.14, 96.11, 95.64, 95.16, 94.99, 94.71, 94.41]

Average Accuracy (CNN): 87.66900000000003
2026-08-19 19:14:34,229 [trainer.py] => Average Accuracy (CNN): 87.66900000000003 

old_rank: 2913/3072
old_rank: 1737/2304
old_rank: 2924/3072
old_rank: 2078/2304
old_rank: 2920/3072
old_rank: 2179/2304
old_rank: 2922/3072
old_rank: 2186/2304
old_rank: 2920/3072
old_rank: 2190/2304
old_rank: 2925/3072
old_rank: 2187/2304
old_rank: 2924/3072
old_rank: 2193/2304
old_rank: 2925/3072
old_rank: 2191/2304
old_rank: 2921/3072
old_rank: 2194/2304
old_rank: 2924/3072
old_rank: 2193/2304
old_rank: 2923/3072
old_rank: 2190/2304
old_rank: 2925/3072
old_rank: 2187/2304
2026-08-19 19:14:35,986 [trainer.py] => All params: 312352592
2026-08-19 19:14:35,988 [trainer.py] => Trainable params: 2934608
2026-08-19 19:14:35,988 [e2lora.py] => Learning on 80-84

  0%|          | 0/5 [00:00<?, ?it/s]
Task 20, Epoch 1/5 => Loss 0.611, Train_accy 15.72:   0%|          | 0/5 [00:07<?, ?it/s]
Task 20, Epoch 1/5 => Loss 0.611, Train_accy 15.72:  20%|██        | 1/5 [00:07<00:30,  7.72s/it]
Task 20, Epoch 2/5 => Loss 0.159, Train_accy 44.04:  20%|██        | 1/5 [00:15<00:30,  7.72s/it]
Task 20, Epoch 2/5 => Loss 0.159, Train_accy 44.04:  40%|████      | 2/5 [00:15<00:23,  7.71s/it]
Task 20, Epoch 3/5 => Loss 0.112, Train_accy 54.40:  40%|████      | 2/5 [00:23<00:23,  7.71s/it]
Task 20, Epoch 3/5 => Loss 0.112, Train_accy 54.40:  60%|██████    | 3/5 [00:23<00:15,  7.70s/it]
Task 20, Epoch 4/5 => Loss 0.122, Train_accy 55.44:  60%|██████    | 3/5 [00:30<00:15,  7.70s/it]
Task 20, Epoch 4/5 => Loss 0.122, Train_accy 55.44:  80%|████████  | 4/5 [00:30<00:07,  7.65s/it]
Task 20, Epoch 5/5 => Loss 0.155, Train_accy 58.38, Test_accy 82.78:  80%|████████  | 4/5 [00:46<00:07,  7.65s/it]
Task 20, Epoch 5/5 => Loss 0.155, Train_accy 58.38, Test_accy 82.78: 100%|██████████| 5/5 [00:46<00:00, 10.62s/it]
Task 20, Epoch 5/5 => Loss 0.155, Train_accy 58.38, Test_accy 82.78: 100%|██████████| 5/5 [00:46<00:00,  9.31s/it]
2026-08-19 19:15:22,884 [e2lora.py] => Task 20, Epoch 5/5 => Loss 0.155, Train_accy 58.38, Test_accy 82.78
2026-08-19 19:16:24,206 [e2lora.py] => CA Task 20 => Loss 0.144, Test_accy 83.120
2026-08-19 19:16:32,632 [e2lora.py] => CA Task 20 => Loss 0.125, Test_accy 83.160
2026-08-19 19:16:41,105 [e2lora.py] => CA Task 20 => Loss 0.117, Test_accy 83.120
2026-08-19 19:16:49,321 [e2lora.py] => Exemplar size: 0
2026-08-19 19:16:49,321 [trainer.py] => No NME accuracy.
2026-08-19 19:16:49,321 [trainer.py] => CNN: {'total': 83.12, '00-03': 77.97, '04-07': 86.15, '08-11': 79.45, '12-15': 88.07, '16-19': 80.47, '20-23': 82.5, '24-27': 89.57, '28-31': 86.47, '32-35': 79.85, '36-39': 82.61, '40-43': 84.0, '44-47': 78.45, '48-51': 89.76, '52-55': 84.85, '56-59': 75.86, '60-63': 79.7, '64-67': 86.51, '68-71': 87.74, '72-75': 83.49, '76-79': 77.23, '80-83': 82.64, 'old': 83.15, 'new': 82.64}
2026-08-19 19:16:49,321 [trainer.py] => CNN top1 curve: [95.76, 93.15, 92.13, 90.88, 91.12, 89.12, 88.85, 89.31, 88.17, 86.1, 86.86, 86.29, 85.9, 85.66, 85.17, 83.41, 83.82, 83.83, 84.14, 83.71, 83.12]
2026-08-19 19:16:49,321 [trainer.py] => CNN top5 curve: [99.6, 98.73, 98.25, 98.57, 97.92, 97.43, 97.28, 96.92, 96.86, 96.66, 96.46, 96.19, 96.14, 96.11, 95.64, 95.16, 94.99, 94.71, 94.41, 94.41]

Average Accuracy (CNN): 87.45238095238098
2026-08-19 19:16:49,321 [trainer.py] => Average Accuracy (CNN): 87.45238095238098 

old_rank: 2923/3072
old_rank: 1819/2304
old_rank: 2924/3072
old_rank: 2161/2304
old_rank: 2927/3072
old_rank: 2197/2304
old_rank: 2931/3072
old_rank: 2190/2304
old_rank: 2930/3072
old_rank: 2193/2304
old_rank: 2929/3072
old_rank: 2196/2304
old_rank: 2929/3072
old_rank: 2193/2304
old_rank: 2932/3072
old_rank: 2192/2304
old_rank: 2926/3072
old_rank: 2195/2304
old_rank: 2932/3072
old_rank: 2195/2304
old_rank: 2928/3072
old_rank: 2197/2304
old_rank: 2928/3072
old_rank: 2175/2304
2026-08-19 19:16:51,162 [trainer.py] => All params: 312355668
2026-08-19 19:16:51,164 [trainer.py] => Trainable params: 2729556
2026-08-19 19:16:51,164 [e2lora.py] => Learning on 84-88

  0%|          | 0/5 [00:00<?, ?it/s]
Task 21, Epoch 1/5 => Loss 0.665, Train_accy 14.58:   0%|          | 0/5 [00:06<?, ?it/s]
Task 21, Epoch 1/5 => Loss 0.665, Train_accy 14.58:  20%|██        | 1/5 [00:06<00:26,  6.62s/it]
Task 21, Epoch 2/5 => Loss 0.208, Train_accy 38.12:  20%|██        | 1/5 [00:13<00:26,  6.62s/it]
Task 21, Epoch 2/5 => Loss 0.208, Train_accy 38.12:  40%|████      | 2/5 [00:13<00:19,  6.57s/it]
Task 21, Epoch 3/5 => Loss 0.136, Train_accy 50.00:  40%|████      | 2/5 [00:19<00:19,  6.57s/it]
Task 21, Epoch 3/5 => Loss 0.136, Train_accy 50.00:  60%|██████    | 3/5 [00:19<00:13,  6.58s/it]
Task 21, Epoch 4/5 => Loss 0.089, Train_accy 57.29:  60%|██████    | 3/5 [00:26<00:13,  6.58s/it]
Task 21, Epoch 4/5 => Loss 0.089, Train_accy 57.29:  80%|████████  | 4/5 [00:26<00:06,  6.55s/it]
Task 21, Epoch 5/5 => Loss 0.142, Train_accy 53.75, Test_accy 82.48:  80%|████████  | 4/5 [00:41<00:06,  6.55s/it]
Task 21, Epoch 5/5 => Loss 0.142, Train_accy 53.75, Test_accy 82.48: 100%|██████████| 5/5 [00:41<00:00,  9.67s/it]
Task 21, Epoch 5/5 => Loss 0.142, Train_accy 53.75, Test_accy 82.48: 100%|██████████| 5/5 [00:41<00:00,  8.29s/it]
2026-08-19 19:17:32,937 [e2lora.py] => Task 21, Epoch 5/5 => Loss 0.142, Train_accy 53.75, Test_accy 82.48
2026-08-19 19:18:29,492 [e2lora.py] => CA Task 21 => Loss 0.139, Test_accy 82.980
2026-08-19 19:18:38,198 [e2lora.py] => CA Task 21 => Loss 0.123, Test_accy 83.020
2026-08-19 19:18:47,076 [e2lora.py] => CA Task 21 => Loss 0.123, Test_accy 83.020
2026-08-19 19:18:55,504 [e2lora.py] => Exemplar size: 0
2026-08-19 19:18:55,504 [trainer.py] => No NME accuracy.
2026-08-19 19:18:55,504 [trainer.py] => CNN: {'total': 83.02, '00-03': 78.81, '04-07': 86.15, '08-11': 78.08, '12-15': 89.2, '16-19': 80.47, '20-23': 83.33, '24-27': 90.43, '28-31': 87.22, '32-35': 79.1, '36-39': 82.61, '40-43': 85.0, '44-47': 76.72, '48-51': 89.76, '52-55': 84.85, '56-59': 74.14, '60-63': 79.7, '64-67': 84.92, '68-71': 88.68, '72-75': 84.4, '76-79': 77.23, '80-83': 84.03, '84-87': 79.17, 'old': 83.19, 'new': 79.17}
2026-08-19 19:18:55,504 [trainer.py] => CNN top1 curve: [95.76, 93.15, 92.13, 90.88, 91.12, 89.12, 88.85, 89.31, 88.17, 86.1, 86.86, 86.29, 85.9, 85.66, 85.17, 83.41, 83.82, 83.83, 84.14, 83.71, 83.12, 83.02]
2026-08-19 19:18:55,504 [trainer.py] => CNN top5 curve: [99.6, 98.73, 98.25, 98.57, 97.92, 97.43, 97.28, 96.92, 96.86, 96.66, 96.46, 96.19, 96.14, 96.11, 95.64, 95.16, 94.99, 94.71, 94.41, 94.41, 94.15]

Average Accuracy (CNN): 87.2509090909091
2026-08-19 19:18:55,505 [trainer.py] => Average Accuracy (CNN): 87.2509090909091 

old_rank: 2937/3072
old_rank: 1917/2304
old_rank: 2936/3072
old_rank: 2107/2304
old_rank: 2937/3072
old_rank: 2188/2304
old_rank: 2935/3072
old_rank: 2196/2304
old_rank: 2937/3072
old_rank: 2201/2304
old_rank: 2936/3072
old_rank: 2199/2304
old_rank: 2932/3072
old_rank: 2202/2304
old_rank: 2933/3072
old_rank: 2199/2304
old_rank: 2938/3072
old_rank: 2203/2304
old_rank: 2938/3072
old_rank: 2203/2304
old_rank: 2937/3072
old_rank: 2199/2304
old_rank: 2925/3072
old_rank: 2194/2304
2026-08-19 19:18:57,516 [trainer.py] => All params: 312358744
2026-08-19 19:18:57,519 [trainer.py] => Trainable params: 2589016
2026-08-19 19:18:57,520 [e2lora.py] => Learning on 88-92

  0%|          | 0/5 [00:00<?, ?it/s]
Task 22, Epoch 1/5 => Loss 0.891, Train_accy 5.77:   0%|          | 0/5 [00:06<?, ?it/s]
Task 22, Epoch 1/5 => Loss 0.891, Train_accy 5.77:  20%|██        | 1/5 [00:06<00:26,  6.54s/it]
Task 22, Epoch 2/5 => Loss 0.328, Train_accy 26.50:  20%|██        | 1/5 [00:13<00:26,  6.54s/it]
Task 22, Epoch 2/5 => Loss 0.328, Train_accy 26.50:  40%|████      | 2/5 [00:13<00:19,  6.51s/it]
Task 22, Epoch 3/5 => Loss 0.275, Train_accy 34.62:  40%|████      | 2/5 [00:19<00:19,  6.51s/it]
Task 22, Epoch 3/5 => Loss 0.275, Train_accy 34.62:  60%|██████    | 3/5 [00:19<00:13,  6.54s/it]
Task 22, Epoch 4/5 => Loss 0.235, Train_accy 40.38:  60%|██████    | 3/5 [00:26<00:13,  6.54s/it]
Task 22, Epoch 4/5 => Loss 0.235, Train_accy 40.38:  80%|████████  | 4/5 [00:26<00:06,  6.53s/it]
Task 22, Epoch 5/5 => Loss 0.175, Train_accy 41.45, Test_accy 81.87:  80%|████████  | 4/5 [00:41<00:06,  6.53s/it]
Task 22, Epoch 5/5 => Loss 0.175, Train_accy 41.45, Test_accy 81.87: 100%|██████████| 5/5 [00:41<00:00,  9.73s/it]
Task 22, Epoch 5/5 => Loss 0.175, Train_accy 41.45, Test_accy 81.87: 100%|██████████| 5/5 [00:41<00:00,  8.30s/it]
2026-08-19 19:19:39,382 [e2lora.py] => Task 22, Epoch 5/5 => Loss 0.175, Train_accy 41.45, Test_accy 81.87
2026-08-19 19:20:40,672 [e2lora.py] => CA Task 22 => Loss 0.149, Test_accy 82.560
2026-08-19 19:20:49,860 [e2lora.py] => CA Task 22 => Loss 0.130, Test_accy 82.910
2026-08-19 19:20:59,002 [e2lora.py] => CA Task 22 => Loss 0.130, Test_accy 82.810
2026-08-19 19:21:07,883 [e2lora.py] => Exemplar size: 0
2026-08-19 19:21:07,883 [trainer.py] => No NME accuracy.
2026-08-19 19:21:07,883 [trainer.py] => CNN: {'total': 82.81, '00-03': 78.81, '04-07': 86.92, '08-11': 78.77, '12-15': 88.64, '16-19': 80.47, '20-23': 81.67, '24-27': 89.57, '28-31': 86.47, '32-35': 78.36, '36-39': 82.61, '40-43': 85.0, '44-47': 76.72, '48-51': 88.98, '52-55': 85.61, '56-59': 72.41, '60-63': 78.95, '64-67': 84.13, '68-71': 89.62, '72-75': 84.4, '76-79': 78.22, '80-83': 84.72, '84-87': 80.83, '88-91': 80.34, 'old': 82.91, 'new': 80.34}
2026-08-19 19:21:07,883 [trainer.py] => CNN top1 curve: [95.76, 93.15, 92.13, 90.88, 91.12, 89.12, 88.85, 89.31, 88.17, 86.1, 86.86, 86.29, 85.9, 85.66, 85.17, 83.41, 83.82, 83.83, 84.14, 83.71, 83.12, 83.02, 82.81]
2026-08-19 19:21:07,883 [trainer.py] => CNN top5 curve: [99.6, 98.73, 98.25, 98.57, 97.92, 97.43, 97.28, 96.92, 96.86, 96.66, 96.46, 96.19, 96.14, 96.11, 95.64, 95.16, 94.99, 94.71, 94.41, 94.41, 94.15, 93.97]

Average Accuracy (CNN): 87.05782608695654
2026-08-19 19:21:07,883 [trainer.py] => Average Accuracy (CNN): 87.05782608695654 

old_rank: 2939/3072
old_rank: 2009/2304
old_rank: 2941/3072
old_rank: 2188/2304
old_rank: 2944/3072
old_rank: 2208/2304
old_rank: 2943/3072
old_rank: 2203/2304
old_rank: 2943/3072
old_rank: 2207/2304
old_rank: 2944/3072
old_rank: 2204/2304
old_rank: 2942/3072
old_rank: 2208/2304
old_rank: 2943/3072
old_rank: 2204/2304
old_rank: 2944/3072
old_rank: 2206/2304
old_rank: 2941/3072
old_rank: 2208/2304
old_rank: 2944/3072
old_rank: 2207/2304
old_rank: 2937/3072
old_rank: 2199/2304
2026-08-19 19:21:09,981 [trainer.py] => All params: 312361820
2026-08-19 19:21:09,983 [trainer.py] => Trainable params: 2340956
2026-08-19 19:21:09,983 [e2lora.py] => Learning on 92-96

  0%|          | 0/5 [00:00<?, ?it/s]
Task 23, Epoch 1/5 => Loss 0.994, Train_accy 0.00:   0%|          | 0/5 [00:05<?, ?it/s]
Task 23, Epoch 1/5 => Loss 0.994, Train_accy 0.00:  20%|██        | 1/5 [00:05<00:21,  5.50s/it]
Task 23, Epoch 2/5 => Loss 0.215, Train_accy 12.79:  20%|██        | 1/5 [00:10<00:21,  5.50s/it]
Task 23, Epoch 2/5 => Loss 0.215, Train_accy 12.79:  40%|████      | 2/5 [00:10<00:16,  5.38s/it]
Task 23, Epoch 3/5 => Loss 0.168, Train_accy 31.40:  40%|████      | 2/5 [00:16<00:16,  5.38s/it]
Task 23, Epoch 3/5 => Loss 0.168, Train_accy 31.40:  60%|██████    | 3/5 [00:16<00:10,  5.33s/it]
Task 23, Epoch 4/5 => Loss 0.095, Train_accy 43.02:  60%|██████    | 3/5 [00:21<00:10,  5.33s/it]
Task 23, Epoch 4/5 => Loss 0.095, Train_accy 43.02:  80%|████████  | 4/5 [00:21<00:05,  5.32s/it]
Task 23, Epoch 5/5 => Loss 0.146, Train_accy 47.97, Test_accy 81.76:  80%|████████  | 4/5 [00:35<00:05,  5.32s/it]
Task 23, Epoch 5/5 => Loss 0.146, Train_accy 47.97, Test_accy 81.76: 100%|██████████| 5/5 [00:35<00:00,  8.59s/it]
Task 23, Epoch 5/5 => Loss 0.146, Train_accy 47.97, Test_accy 81.76: 100%|██████████| 5/5 [00:35<00:00,  7.15s/it]
2026-08-19 19:21:46,061 [e2lora.py] => Task 23, Epoch 5/5 => Loss 0.146, Train_accy 47.97, Test_accy 81.76
2026-08-19 19:22:47,731 [e2lora.py] => CA Task 23 => Loss 0.150, Test_accy 82.030
2026-08-19 19:22:57,276 [e2lora.py] => CA Task 23 => Loss 0.127, Test_accy 81.930
2026-08-19 19:23:06,710 [e2lora.py] => CA Task 23 => Loss 0.128, Test_accy 81.860
2026-08-19 19:23:15,820 [e2lora.py] => Exemplar size: 0
2026-08-19 19:23:15,821 [trainer.py] => No NME accuracy.
2026-08-19 19:23:15,821 [trainer.py] => CNN: {'total': 81.86, '00-03': 73.73, '04-07': 86.92, '08-11': 78.77, '12-15': 86.93, '16-19': 80.47, '20-23': 81.67, '24-27': 86.96, '28-31': 87.22, '32-35': 76.87, '36-39': 82.61, '40-43': 84.0, '44-47': 75.86, '48-51': 88.19, '52-55': 84.09, '56-59': 72.41, '60-63': 78.2, '64-67': 83.33, '68-71': 87.74, '72-75': 83.49, '76-79': 77.23, '80-83': 84.72, '84-87': 80.83, '88-91': 79.49, '92-95': 79.07, 'old': 81.94, 'new': 79.07}
2026-08-19 19:23:15,821 [trainer.py] => CNN top1 curve: [95.76, 93.15, 92.13, 90.88, 91.12, 89.12, 88.85, 89.31, 88.17, 86.1, 86.86, 86.29, 85.9, 85.66, 85.17, 83.41, 83.82, 83.83, 84.14, 83.71, 83.12, 83.02, 82.81, 81.86]
2026-08-19 19:23:15,821 [trainer.py] => CNN top5 curve: [99.6, 98.73, 98.25, 98.57, 97.92, 97.43, 97.28, 96.92, 96.86, 96.66, 96.46, 96.19, 96.14, 96.11, 95.64, 95.16, 94.99, 94.71, 94.41, 94.41, 94.15, 93.97, 93.81]

Average Accuracy (CNN): 86.84125000000002
2026-08-19 19:23:15,821 [trainer.py] => Average Accuracy (CNN): 86.84125000000002 

old_rank: 2945/3072
old_rank: 2094/2304
old_rank: 2946/3072
old_rank: 2150/2304
old_rank: 2947/3072
old_rank: 2205/2304
old_rank: 2945/3072
old_rank: 2208/2304
old_rank: 2947/3072
old_rank: 2206/2304
old_rank: 2943/3072
old_rank: 2201/2304
old_rank: 2947/3072
old_rank: 2209/2304
old_rank: 2948/3072
old_rank: 2211/2304
old_rank: 2948/3072
old_rank: 2211/2304
old_rank: 2947/3072
old_rank: 2211/2304
old_rank: 2946/3072
old_rank: 2206/2304
old_rank: 2935/3072
old_rank: 2206/2304
2026-08-19 19:23:17,973 [trainer.py] => All params: 312364896
2026-08-19 19:23:17,975 [trainer.py] => Trainable params: 2262624
2026-08-19 19:23:17,976 [e2lora.py] => Learning on 96-100

  0%|          | 0/5 [00:00<?, ?it/s]
Task 24, Epoch 1/5 => Loss 0.880, Train_accy 0.39:   0%|          | 0/5 [00:04<?, ?it/s]
Task 24, Epoch 1/5 => Loss 0.880, Train_accy 0.39:  20%|██        | 1/5 [00:04<00:18,  4.56s/it]
Task 24, Epoch 2/5 => Loss 0.310, Train_accy 10.81:  20%|██        | 1/5 [00:09<00:18,  4.56s/it]
Task 24, Epoch 2/5 => Loss 0.310, Train_accy 10.81:  40%|████      | 2/5 [00:09<00:13,  4.55s/it]
Task 24, Epoch 3/5 => Loss 0.339, Train_accy 32.43:  40%|████      | 2/5 [00:13<00:13,  4.55s/it]
Task 24, Epoch 3/5 => Loss 0.339, Train_accy 32.43:  60%|██████    | 3/5 [00:13<00:09,  4.55s/it]
Task 24, Epoch 4/5 => Loss 0.538, Train_accy 41.70:  60%|██████    | 3/5 [00:18<00:09,  4.55s/it]
Task 24, Epoch 4/5 => Loss 0.538, Train_accy 41.70:  80%|████████  | 4/5 [00:18<00:04,  4.52s/it]
Task 24, Epoch 5/5 => Loss 0.116, Train_accy 47.10, Test_accy 81.03:  80%|████████  | 4/5 [00:31<00:04,  4.52s/it]
Task 24, Epoch 5/5 => Loss 0.116, Train_accy 47.10, Test_accy 81.03: 100%|██████████| 5/5 [00:31<00:00,  7.84s/it]
Task 24, Epoch 5/5 => Loss 0.116, Train_accy 47.10, Test_accy 81.03: 100%|██████████| 5/5 [00:31<00:00,  6.37s/it]
2026-08-19 19:23:50,170 [e2lora.py] => Task 24, Epoch 5/5 => Loss 0.116, Train_accy 47.10, Test_accy 81.03
2026-08-19 19:24:43,812 [e2lora.py] => CA Task 24 => Loss 0.139, Test_accy 81.750
2026-08-19 19:24:53,366 [e2lora.py] => CA Task 24 => Loss 0.124, Test_accy 81.650
2026-08-19 19:25:03,169 [e2lora.py] => CA Task 24 => Loss 0.123, Test_accy 81.650
2026-08-19 19:25:12,527 [e2lora.py] => Exemplar size: 0
2026-08-19 19:25:12,527 [trainer.py] => No NME accuracy.
2026-08-19 19:25:12,527 [trainer.py] => CNN: {'total': 81.65, '00-03': 72.03, '04-07': 83.85, '08-11': 78.77, '12-15': 88.07, '16-19': 79.69, '20-23': 81.67, '24-27': 87.83, '28-31': 86.47, '32-35': 77.61, '36-39': 80.43, '40-43': 82.0, '44-47': 75.0, '48-51': 88.19, '52-55': 84.09, '56-59': 75.86, '60-63': 78.2, '64-67': 84.13, '68-71': 88.68, '72-75': 83.49, '76-79': 76.24, '80-83': 84.72, '84-87': 82.5, '88-91': 80.34, '92-95': 77.91, '96-99': 76.92, 'old': 81.76, 'new': 76.92}
2026-08-19 19:25:12,528 [trainer.py] => CNN top1 curve: [95.76, 93.15, 92.13, 90.88, 91.12, 89.12, 88.85, 89.31, 88.17, 86.1, 86.86, 86.29, 85.9, 85.66, 85.17, 83.41, 83.82, 83.83, 84.14, 83.71, 83.12, 83.02, 82.81, 81.86, 81.65]
2026-08-19 19:25:12,528 [trainer.py] => CNN top5 curve: [99.6, 98.73, 98.25, 98.57, 97.92, 97.43, 97.28, 96.92, 96.86, 96.66, 96.46, 96.19, 96.14, 96.11, 95.64, 95.16, 94.99, 94.71, 94.41, 94.41, 94.15, 93.97, 93.81, 93.54]

Average Accuracy (CNN): 86.63360000000003
2026-08-19 19:25:12,528 [trainer.py] => Average Accuracy (CNN): 86.63360000000003 

old_rank: 2952/3072
old_rank: 2173/2304
old_rank: 2949/3072
old_rank: 2212/2304
old_rank: 2950/3072
old_rank: 2207/2304
old_rank: 2953/3072
old_rank: 2215/2304
old_rank: 2950/3072
old_rank: 2208/2304
old_rank: 2949/3072
old_rank: 2214/2304
old_rank: 2953/3072
old_rank: 2215/2304
old_rank: 2952/3072
old_rank: 2209/2304
old_rank: 2952/3072
old_rank: 2212/2304
old_rank: 2953/3072
old_rank: 2215/2304
old_rank: 2952/3072
old_rank: 2209/2304
old_rank: 2948/3072
old_rank: 2201/2304
2026-08-19 19:25:14,782 [trainer.py] => All params: 312367972
2026-08-19 19:25:14,784 [trainer.py] => Trainable params: 2080612
2026-08-19 19:25:14,784 [e2lora.py] => Learning on 100-104

  0%|          | 0/5 [00:00<?, ?it/s]
Task 25, Epoch 1/5 => Loss 0.726, Train_accy 6.90:   0%|          | 0/5 [00:06<?, ?it/s]
Task 25, Epoch 1/5 => Loss 0.726, Train_accy 6.90:  20%|██        | 1/5 [00:06<00:26,  6.69s/it]
Task 25, Epoch 2/5 => Loss 0.191, Train_accy 36.31:  20%|██        | 1/5 [00:13<00:26,  6.69s/it]
Task 25, Epoch 2/5 => Loss 0.191, Train_accy 36.31:  40%|████      | 2/5 [00:13<00:20,  6.76s/it]
Task 25, Epoch 3/5 => Loss 0.131, Train_accy 44.22:  40%|████      | 2/5 [00:20<00:20,  6.76s/it]
Task 25, Epoch 3/5 => Loss 0.131, Train_accy 44.22:  60%|██████    | 3/5 [00:20<00:13,  6.77s/it]
Task 25, Epoch 4/5 => Loss 0.180, Train_accy 43.81:  60%|██████    | 3/5 [00:27<00:13,  6.77s/it]
Task 25, Epoch 4/5 => Loss 0.180, Train_accy 43.81:  80%|████████  | 4/5 [00:27<00:06,  6.78s/it]
Task 25, Epoch 5/5 => Loss 0.077, Train_accy 48.48, Test_accy 80.47:  80%|████████  | 4/5 [00:43<00:06,  6.78s/it]
Task 25, Epoch 5/5 => Loss 0.077, Train_accy 48.48, Test_accy 80.47: 100%|██████████| 5/5 [00:43<00:00, 10.25s/it]
Task 25, Epoch 5/5 => Loss 0.077, Train_accy 48.48, Test_accy 80.47: 100%|██████████| 5/5 [00:43<00:00,  8.70s/it]
2026-08-19 19:25:58,603 [e2lora.py] => Task 25, Epoch 5/5 => Loss 0.077, Train_accy 48.48, Test_accy 80.47
2026-08-19 19:26:56,683 [e2lora.py] => CA Task 25 => Loss 0.142, Test_accy 81.070
2026-08-19 19:27:06,847 [e2lora.py] => CA Task 25 => Loss 0.130, Test_accy 80.940
2026-08-19 19:27:16,895 [e2lora.py] => CA Task 25 => Loss 0.125, Test_accy 81.070
2026-08-19 19:27:26,602 [e2lora.py] => Exemplar size: 0
2026-08-19 19:27:26,602 [trainer.py] => No NME accuracy.
2026-08-19 19:27:26,602 [trainer.py] => CNN: {'total': 81.07, '00-03': 70.34, '04-07': 84.62, '08-11': 78.08, '12-15': 88.07, '16-19': 78.91, '20-23': 81.67, '24-27': 86.96, '28-31': 86.47, '32-35': 76.87, '36-39': 79.71, '40-43': 81.0, '44-47': 75.86, '48-51': 88.19, '52-55': 82.58, '56-59': 76.72, '60-63': 78.95, '64-67': 82.54, '68-71': 87.74, '72-75': 80.73, '76-79': 77.23, '80-83': 85.42, '84-87': 81.67, '88-91': 80.34, '92-95': 75.58, '96-99': 78.46, '100-103': 76.42, 'old': 81.26, 'new': 76.42}
2026-08-19 19:27:26,602 [trainer.py] => CNN top1 curve: [95.76, 93.15, 92.13, 90.88, 91.12, 89.12, 88.85, 89.31, 88.17, 86.1, 86.86, 86.29, 85.9, 85.66, 85.17, 83.41, 83.82, 83.83, 84.14, 83.71, 83.12, 83.02, 82.81, 81.86, 81.65, 81.07]
2026-08-19 19:27:26,602 [trainer.py] => CNN top5 curve: [99.6, 98.73, 98.25, 98.57, 97.92, 97.43, 97.28, 96.92, 96.86, 96.66, 96.46, 96.19, 96.14, 96.11, 95.64, 95.16, 94.99, 94.71, 94.41, 94.41, 94.15, 93.97, 93.81, 93.54, 93.23]

Average Accuracy (CNN): 86.41961538461541
2026-08-19 19:27:26,602 [trainer.py] => Average Accuracy (CNN): 86.41961538461541 

old_rank: 2958/3072
old_rank: 1883/2304
old_rank: 2951/3072
old_rank: 2180/2304
old_rank: 2955/3072
old_rank: 2212/2304
old_rank: 2958/3072
old_rank: 2217/2304
old_rank: 2951/3072
old_rank: 2217/2304
old_rank: 2954/3072
old_rank: 2214/2304
old_rank: 2958/3072
old_rank: 2215/2304
old_rank: 2954/3072
old_rank: 2217/2304
old_rank: 2958/3072
old_rank: 2216/2304
old_rank: 2958/3072
old_rank: 2211/2304
old_rank: 2957/3072
old_rank: 2214/2304
old_rank: 2953/3072
old_rank: 2218/2304
2026-08-19 19:27:28,984 [trainer.py] => All params: 312371048
2026-08-19 19:27:28,986 [trainer.py] => Trainable params: 2255720
2026-08-19 19:27:28,986 [e2lora.py] => Learning on 104-108

  0%|          | 0/5 [00:00<?, ?it/s]
Task 26, Epoch 1/5 => Loss 0.796, Train_accy 1.78:   0%|          | 0/5 [00:06<?, ?it/s]
Task 26, Epoch 1/5 => Loss 0.796, Train_accy 1.78:  20%|██        | 1/5 [00:06<00:26,  6.50s/it]
Task 26, Epoch 2/5 => Loss 0.241, Train_accy 38.67:  20%|██        | 1/5 [00:12<00:26,  6.50s/it]
Task 26, Epoch 2/5 => Loss 0.241, Train_accy 38.67:  40%|████      | 2/5 [00:12<00:19,  6.46s/it]
Task 26, Epoch 3/5 => Loss 0.140, Train_accy 51.33:  40%|████      | 2/5 [00:19<00:19,  6.46s/it]
Task 26, Epoch 3/5 => Loss 0.140, Train_accy 51.33:  60%|██████    | 3/5 [00:19<00:13,  6.54s/it]
Task 26, Epoch 4/5 => Loss 0.170, Train_accy 57.11:  60%|██████    | 3/5 [00:25<00:13,  6.54s/it]
Task 26, Epoch 4/5 => Loss 0.170, Train_accy 57.11:  80%|████████  | 4/5 [00:25<00:06,  6.50s/it]
Task 26, Epoch 5/5 => Loss 0.093, Train_accy 58.89, Test_accy 80.10:  80%|████████  | 4/5 [00:42<00:06,  6.50s/it]
Task 26, Epoch 5/5 => Loss 0.093, Train_accy 58.89, Test_accy 80.10: 100%|██████████| 5/5 [00:42<00:00, 10.09s/it]
Task 26, Epoch 5/5 => Loss 0.093, Train_accy 58.89, Test_accy 80.10: 100%|██████████| 5/5 [00:42<00:00,  8.49s/it]
2026-08-19 19:28:11,775 [e2lora.py] => Task 26, Epoch 5/5 => Loss 0.093, Train_accy 58.89, Test_accy 80.10
2026-08-19 19:29:15,750 [e2lora.py] => CA Task 26 => Loss 0.139, Test_accy 80.720
2026-08-19 19:29:26,317 [e2lora.py] => CA Task 26 => Loss 0.124, Test_accy 80.900
2026-08-19 19:29:36,899 [e2lora.py] => CA Task 26 => Loss 0.121, Test_accy 81.050
2026-08-19 19:29:47,196 [e2lora.py] => Exemplar size: 0
2026-08-19 19:29:47,196 [trainer.py] => No NME accuracy.
2026-08-19 19:29:47,196 [trainer.py] => CNN: {'total': 81.05, '00-03': 70.34, '04-07': 84.62, '08-11': 78.08, '12-15': 87.5, '16-19': 78.91, '20-23': 81.67, '24-27': 84.35, '28-31': 83.46, '32-35': 78.36, '36-39': 79.71, '40-43': 82.0, '44-47': 75.0, '48-51': 89.76, '52-55': 81.82, '56-59': 77.59, '60-63': 80.45, '64-67': 82.54, '68-71': 87.74, '72-75': 82.57, '76-79': 77.23, '80-83': 86.11, '84-87': 81.67, '88-91': 81.2, '92-95': 74.42, '96-99': 78.46, '100-103': 78.86, '104-107': 76.99, 'old': 81.2, 'new': 76.99}
2026-08-19 19:29:47,196 [trainer.py] => CNN top1 curve: [95.76, 93.15, 92.13, 90.88, 91.12, 89.12, 88.85, 89.31, 88.17, 86.1, 86.86, 86.29, 85.9, 85.66, 85.17, 83.41, 83.82, 83.83, 84.14, 83.71, 83.12, 83.02, 82.81, 81.86, 81.65, 81.07, 81.05]
2026-08-19 19:29:47,196 [trainer.py] => CNN top5 curve: [99.6, 98.73, 98.25, 98.57, 97.92, 97.43, 97.28, 96.92, 96.86, 96.66, 96.46, 96.19, 96.14, 96.11, 95.64, 95.16, 94.99, 94.71, 94.41, 94.41, 94.15, 93.97, 93.81, 93.54, 93.23, 93.28]

Average Accuracy (CNN): 86.22074074074078
2026-08-19 19:29:47,196 [trainer.py] => Average Accuracy (CNN): 86.22074074074078 

old_rank: 2956/3072
old_rank: 1942/2304
old_rank: 2953/3072
old_rank: 2156/2304
old_rank: 2958/3072
old_rank: 2221/2304
old_rank: 2958/3072
old_rank: 2213/2304
old_rank: 2961/3072
old_rank: 2220/2304
old_rank: 2962/3072
old_rank: 2219/2304
old_rank: 2961/3072
old_rank: 2220/2304
old_rank: 2960/3072
old_rank: 2217/2304
old_rank: 2959/3072
old_rank: 2221/2304
old_rank: 2961/3072
old_rank: 2217/2304
old_rank: 2958/3072
old_rank: 2220/2304
old_rank: 2962/3072
old_rank: 2214/2304
2026-08-19 19:29:49,825 [trainer.py] => All params: 312374124
2026-08-19 19:29:49,827 [trainer.py] => Trainable params: 2174316
2026-08-19 19:29:49,828 [e2lora.py] => Learning on 108-112

  0%|          | 0/5 [00:00<?, ?it/s]
Task 27, Epoch 1/5 => Loss 0.780, Train_accy 1.98:   0%|          | 0/5 [00:06<?, ?it/s]
Task 27, Epoch 1/5 => Loss 0.780, Train_accy 1.98:  20%|██        | 1/5 [00:06<00:24,  6.11s/it]
Task 27, Epoch 2/5 => Loss 0.097, Train_accy 30.94:  20%|██        | 1/5 [00:12<00:24,  6.11s/it]
Task 27, Epoch 2/5 => Loss 0.097, Train_accy 30.94:  40%|████      | 2/5 [00:12<00:18,  6.07s/it]
Task 27, Epoch 3/5 => Loss 0.076, Train_accy 51.98:  40%|████      | 2/5 [00:18<00:18,  6.07s/it]
Task 27, Epoch 3/5 => Loss 0.076, Train_accy 51.98:  60%|██████    | 3/5 [00:18<00:12,  6.15s/it]
Task 27, Epoch 4/5 => Loss 0.067, Train_accy 55.69:  60%|██████    | 3/5 [00:24<00:12,  6.15s/it]
Task 27, Epoch 4/5 => Loss 0.067, Train_accy 55.69:  80%|████████  | 4/5 [00:24<00:06,  6.13s/it]
Task 27, Epoch 5/5 => Loss 0.047, Train_accy 58.91, Test_accy 80.74:  80%|████████  | 4/5 [00:40<00:06,  6.13s/it]
Task 27, Epoch 5/5 => Loss 0.047, Train_accy 58.91, Test_accy 80.74: 100%|██████████| 5/5 [00:40<00:00,  9.86s/it]
Task 27, Epoch 5/5 => Loss 0.047, Train_accy 58.91, Test_accy 80.74: 100%|██████████| 5/5 [00:40<00:00,  8.19s/it]
2026-08-19 19:30:31,146 [e2lora.py] => Task 27, Epoch 5/5 => Loss 0.047, Train_accy 58.91, Test_accy 80.74
2026-08-19 19:31:32,651 [e2lora.py] => CA Task 27 => Loss 0.131, Test_accy 80.650
2026-08-19 19:31:44,418 [e2lora.py] => CA Task 27 => Loss 0.117, Test_accy 80.760
2026-08-19 19:31:55,699 [e2lora.py] => CA Task 27 => Loss 0.119, Test_accy 80.680
2026-08-19 19:32:06,232 [e2lora.py] => Exemplar size: 0
2026-08-19 19:32:06,232 [trainer.py] => No NME accuracy.
2026-08-19 19:32:06,232 [trainer.py] => CNN: {'total': 80.68, '00-03': 67.8, '04-07': 83.85, '08-11': 76.71, '12-15': 86.93, '16-19': 77.34, '20-23': 81.67, '24-27': 84.35, '28-31': 82.71, '32-35': 78.36, '36-39': 80.43, '40-43': 81.0, '44-47': 75.0, '48-51': 89.76, '52-55': 83.33, '56-59': 76.72, '60-63': 78.95, '64-67': 81.75, '68-71': 87.74, '72-75': 83.49, '76-79': 76.24, '80-83': 84.03, '84-87': 81.67, '88-91': 82.05, '92-95': 75.58, '96-99': 78.46, '100-103': 77.24, '104-107': 76.99, '108-111': 83.33, 'old': 80.59, 'new': 83.33}
2026-08-19 19:32:06,232 [trainer.py] => CNN top1 curve: [95.76, 93.15, 92.13, 90.88, 91.12, 89.12, 88.85, 89.31, 88.17, 86.1, 86.86, 86.29, 85.9, 85.66, 85.17, 83.41, 83.82, 83.83, 84.14, 83.71, 83.12, 83.02, 82.81, 81.86, 81.65, 81.07, 81.05, 80.68]
2026-08-19 19:32:06,232 [trainer.py] => CNN top5 curve: [99.6, 98.73, 98.25, 98.57, 97.92, 97.43, 97.28, 96.92, 96.86, 96.66, 96.46, 96.19, 96.14, 96.11, 95.64, 95.16, 94.99, 94.71, 94.41, 94.41, 94.15, 93.97, 93.81, 93.54, 93.23, 93.28, 93.39]

Average Accuracy (CNN): 86.02285714285718
2026-08-19 19:32:06,232 [trainer.py] => Average Accuracy (CNN): 86.02285714285718 

old_rank: 2964/3072
old_rank: 2015/2304
old_rank: 2963/3072
old_rank: 2220/2304
old_rank: 2964/3072
old_rank: 2216/2304
old_rank: 2965/3072
old_rank: 2222/2304
old_rank: 2959/3072
old_rank: 2224/2304
old_rank: 2960/3072
old_rank: 2219/2304
old_rank: 2964/3072
old_rank: 2222/2304
old_rank: 2966/3072
old_rank: 2217/2304
old_rank: 2964/3072
old_rank: 2224/2304
old_rank: 2963/3072
old_rank: 2223/2304
old_rank: 2965/3072
old_rank: 2222/2304
old_rank: 2958/3072
old_rank: 2206/2304
2026-08-19 19:32:08,995 [trainer.py] => All params: 312377200
2026-08-19 19:32:08,997 [trainer.py] => Trainable params: 2026864
2026-08-19 19:32:08,997 [e2lora.py] => Learning on 112-116

  0%|          | 0/5 [00:00<?, ?it/s]
Task 28, Epoch 1/5 => Loss 0.791, Train_accy 2.63:   0%|          | 0/5 [00:06<?, ?it/s]
Task 28, Epoch 1/5 => Loss 0.791, Train_accy 2.63:  20%|██        | 1/5 [00:06<00:26,  6.66s/it]
Task 28, Epoch 2/5 => Loss 0.182, Train_accy 21.49:  20%|██        | 1/5 [00:13<00:26,  6.66s/it]
Task 28, Epoch 2/5 => Loss 0.182, Train_accy 21.49:  40%|████      | 2/5 [00:13<00:19,  6.66s/it]
Task 28, Epoch 3/5 => Loss 0.158, Train_accy 38.38:  40%|████      | 2/5 [00:19<00:19,  6.66s/it]
Task 28, Epoch 3/5 => Loss 0.158, Train_accy 38.38:  60%|██████    | 3/5 [00:19<00:13,  6.64s/it]
Task 28, Epoch 4/5 => Loss 0.227, Train_accy 38.82:  60%|██████    | 3/5 [00:26<00:13,  6.64s/it]
Task 28, Epoch 4/5 => Loss 0.227, Train_accy 38.82:  80%|████████  | 4/5 [00:26<00:06,  6.63s/it]
Task 28, Epoch 5/5 => Loss 0.144, Train_accy 41.01, Test_accy 79.50:  80%|████████  | 4/5 [00:44<00:06,  6.63s/it]
Task 28, Epoch 5/5 => Loss 0.144, Train_accy 41.01, Test_accy 79.50: 100%|██████████| 5/5 [00:44<00:00, 10.56s/it]
Task 28, Epoch 5/5 => Loss 0.144, Train_accy 41.01, Test_accy 79.50: 100%|██████████| 5/5 [00:44<00:00,  8.82s/it]
2026-08-19 19:32:53,424 [e2lora.py] => Task 28, Epoch 5/5 => Loss 0.144, Train_accy 41.01, Test_accy 79.50
2026-08-19 19:33:53,520 [e2lora.py] => CA Task 28 => Loss 0.140, Test_accy 80.130
2026-08-19 19:34:04,750 [e2lora.py] => CA Task 28 => Loss 0.127, Test_accy 80.160
2026-08-19 19:34:15,958 [e2lora.py] => CA Task 28 => Loss 0.116, Test_accy 80.220
2026-08-19 19:34:26,685 [e2lora.py] => Exemplar size: 0
2026-08-19 19:34:26,685 [trainer.py] => No NME accuracy.
2026-08-19 19:34:26,685 [trainer.py] => CNN: {'total': 80.22, '00-03': 66.95, '04-07': 83.85, '08-11': 78.08, '12-15': 85.8, '16-19': 77.34, '20-23': 80.83, '24-27': 84.35, '28-31': 85.71, '32-35': 78.36, '36-39': 80.43, '40-43': 80.0, '44-47': 75.0, '48-51': 90.55, '52-55': 81.06, '56-59': 75.86, '60-63': 79.7, '64-67': 80.95, '68-71': 87.74, '72-75': 80.73, '76-79': 76.24, '80-83': 84.03, '84-87': 80.83, '88-91': 82.05, '92-95': 76.74, '96-99': 78.46, '100-103': 76.42, '104-107': 76.11, '108-111': 83.33, '112-115': 72.81, 'old': 80.47, 'new': 72.81}
2026-08-19 19:34:26,685 [trainer.py] => CNN top1 curve: [95.76, 93.15, 92.13, 90.88, 91.12, 89.12, 88.85, 89.31, 88.17, 86.1, 86.86, 86.29, 85.9, 85.66, 85.17, 83.41, 83.82, 83.83, 84.14, 83.71, 83.12, 83.02, 82.81, 81.86, 81.65, 81.07, 81.05, 80.68, 80.22]
2026-08-19 19:34:26,685 [trainer.py] => CNN top5 curve: [99.6, 98.73, 98.25, 98.57, 97.92, 97.43, 97.28, 96.92, 96.86, 96.66, 96.46, 96.19, 96.14, 96.11, 95.64, 95.16, 94.99, 94.71, 94.41, 94.41, 94.15, 93.97, 93.81, 93.54, 93.23, 93.28, 93.39, 93.0]

Average Accuracy (CNN): 85.82275862068967
2026-08-19 19:34:26,685 [trainer.py] => Average Accuracy (CNN): 85.82275862068967 

old_rank: 2967/3072
old_rank: 2065/2304
old_rank: 2962/3072
old_rank: 2200/2304
old_rank: 2969/3072
old_rank: 2225/2304
old_rank: 2965/3072
old_rank: 2224/2304
old_rank: 2969/3072
old_rank: 2225/2304
old_rank: 2968/3072
old_rank: 2223/2304
old_rank: 2966/3072
old_rank: 2227/2304
old_rank: 2964/3072
old_rank: 2226/2304
old_rank: 2968/3072
old_rank: 2227/2304
old_rank: 2966/3072
old_rank: 2226/2304
old_rank: 2965/3072
old_rank: 2226/2304
old_rank: 2968/3072
old_rank: 2227/2304
2026-08-19 19:34:29,572 [trainer.py] => All params: 312380276
2026-08-19 19:34:29,574 [trainer.py] => Trainable params: 1927796
2026-08-19 19:34:29,574 [e2lora.py] => Learning on 116-120

  0%|          | 0/5 [00:00<?, ?it/s]
Task 29, Epoch 1/5 => Loss 0.509, Train_accy 30.84:   0%|          | 0/5 [00:10<?, ?it/s]
Task 29, Epoch 1/5 => Loss 0.509, Train_accy 30.84:  20%|██        | 1/5 [00:10<00:42, 10.60s/it]
Task 29, Epoch 2/5 => Loss 0.148, Train_accy 49.88:  20%|██        | 1/5 [00:21<00:42, 10.60s/it]
Task 29, Epoch 2/5 => Loss 0.148, Train_accy 49.88:  40%|████      | 2/5 [00:21<00:31, 10.60s/it]
Task 29, Epoch 3/5 => Loss 0.168, Train_accy 54.79:  40%|████      | 2/5 [00:31<00:31, 10.60s/it]
Task 29, Epoch 3/5 => Loss 0.168, Train_accy 54.79:  60%|██████    | 3/5 [00:31<00:21, 10.57s/it]
Task 29, Epoch 4/5 => Loss 0.179, Train_accy 51.99:  60%|██████    | 3/5 [00:42<00:21, 10.57s/it]
Task 29, Epoch 4/5 => Loss 0.179, Train_accy 51.99:  80%|████████  | 4/5 [00:42<00:10, 10.60s/it]
Task 29, Epoch 5/5 => Loss 0.103, Train_accy 51.52, Test_accy 79.28:  80%|████████  | 4/5 [01:04<00:10, 10.60s/it]
Task 29, Epoch 5/5 => Loss 0.103, Train_accy 51.52, Test_accy 79.28: 100%|██████████| 5/5 [01:04<00:00, 14.70s/it]
Task 29, Epoch 5/5 => Loss 0.103, Train_accy 51.52, Test_accy 79.28: 100%|██████████| 5/5 [01:04<00:00, 12.87s/it]
2026-08-19 19:35:34,278 [e2lora.py] => Task 29, Epoch 5/5 => Loss 0.103, Train_accy 51.52, Test_accy 79.28
2026-08-19 19:36:32,875 [e2lora.py] => CA Task 29 => Loss 0.131, Test_accy 79.630
2026-08-19 19:36:44,888 [e2lora.py] => CA Task 29 => Loss 0.127, Test_accy 79.960
2026-08-19 19:36:56,798 [e2lora.py] => CA Task 29 => Loss 0.120, Test_accy 80.040
2026-08-19 19:37:08,425 [e2lora.py] => Exemplar size: 0
2026-08-19 19:37:08,426 [trainer.py] => No NME accuracy.
2026-08-19 19:37:08,426 [trainer.py] => CNN: {'total': 80.04, '00-03': 66.1, '04-07': 83.85, '08-11': 77.4, '12-15': 85.23, '16-19': 77.34, '20-23': 80.0, '24-27': 84.35, '28-31': 85.71, '32-35': 79.1, '36-39': 80.43, '40-43': 81.0, '44-47': 75.86, '48-51': 85.04, '52-55': 81.06, '56-59': 76.72, '60-63': 77.44, '64-67': 81.75, '68-71': 87.74, '72-75': 80.73, '76-79': 76.24, '80-83': 85.42, '84-87': 81.67, '88-91': 82.05, '92-95': 76.74, '96-99': 78.46, '100-103': 77.24, '104-107': 76.11, '108-111': 82.35, '112-115': 73.68, '116-119': 79.44, 'old': 80.07, 'new': 79.44}
2026-08-19 19:37:08,426 [trainer.py] => CNN top1 curve: [95.76, 93.15, 92.13, 90.88, 91.12, 89.12, 88.85, 89.31, 88.17, 86.1, 86.86, 86.29, 85.9, 85.66, 85.17, 83.41, 83.82, 83.83, 84.14, 83.71, 83.12, 83.02, 82.81, 81.86, 81.65, 81.07, 81.05, 80.68, 80.22, 80.04]
2026-08-19 19:37:08,426 [trainer.py] => CNN top5 curve: [99.6, 98.73, 98.25, 98.57, 97.92, 97.43, 97.28, 96.92, 96.86, 96.66, 96.46, 96.19, 96.14, 96.11, 95.64, 95.16, 94.99, 94.71, 94.41, 94.41, 94.15, 93.97, 93.81, 93.54, 93.23, 93.28, 93.39, 93.0, 92.68]

Average Accuracy (CNN): 85.63000000000002
2026-08-19 19:37:08,426 [trainer.py] => Average Accuracy (CNN): 85.63000000000002 

old_rank: 2972/3072
old_rank: 2132/2304
old_rank: 2971/3072
old_rank: 2188/2304
old_rank: 2972/3072
old_rank: 2222/2304
old_rank: 2969/3072
old_rank: 2226/2304
old_rank: 2968/3072
old_rank: 2229/2304
old_rank: 2971/3072
old_rank: 2225/2304
old_rank: 2971/3072
old_rank: 2224/2304
old_rank: 2971/3072
old_rank: 2228/2304
old_rank: 2970/3072
old_rank: 2226/2304
old_rank: 2971/3072
old_rank: 2228/2304
old_rank: 2969/3072
old_rank: 2229/2304
old_rank: 2958/3072
old_rank: 2227/2304
2026-08-19 19:37:11,392 [trainer.py] => All params: 312383352
2026-08-19 19:37:11,394 [trainer.py] => Trainable params: 1854840
2026-08-19 19:37:11,395 [e2lora.py] => Learning on 120-124

  0%|          | 0/5 [00:00<?, ?it/s]
Task 30, Epoch 1/5 => Loss 0.716, Train_accy 1.09:   0%|          | 0/5 [00:06<?, ?it/s]
Task 30, Epoch 1/5 => Loss 0.716, Train_accy 1.09:  20%|██        | 1/5 [00:06<00:26,  6.65s/it]
Task 30, Epoch 2/5 => Loss 0.170, Train_accy 21.62:  20%|██        | 1/5 [00:13<00:26,  6.65s/it]
Task 30, Epoch 2/5 => Loss 0.170, Train_accy 21.62:  40%|████      | 2/5 [00:13<00:19,  6.61s/it]
Task 30, Epoch 3/5 => Loss 0.158, Train_accy 34.93:  40%|████      | 2/5 [00:19<00:19,  6.61s/it]
Task 30, Epoch 3/5 => Loss 0.158, Train_accy 34.93:  60%|██████    | 3/5 [00:19<00:13,  6.62s/it]
Task 30, Epoch 4/5 => Loss 0.164, Train_accy 39.96:  60%|██████    | 3/5 [00:26<00:13,  6.62s/it]
Task 30, Epoch 4/5 => Loss 0.164, Train_accy 39.96:  80%|████████  | 4/5 [00:26<00:06,  6.63s/it]
Task 30, Epoch 5/5 => Loss 0.082, Train_accy 44.32, Test_accy 79.22:  80%|████████  | 4/5 [00:44<00:06,  6.63s/it]
Task 30, Epoch 5/5 => Loss 0.082, Train_accy 44.32, Test_accy 79.22: 100%|██████████| 5/5 [00:44<00:00, 10.87s/it]
Task 30, Epoch 5/5 => Loss 0.082, Train_accy 44.32, Test_accy 79.22: 100%|██████████| 5/5 [00:44<00:00,  8.98s/it]
2026-08-19 19:37:56,633 [e2lora.py] => Task 30, Epoch 5/5 => Loss 0.082, Train_accy 44.32, Test_accy 79.22
2026-08-19 19:39:01,187 [e2lora.py] => CA Task 30 => Loss 0.132, Test_accy 79.640
2026-08-19 19:39:13,595 [e2lora.py] => CA Task 30 => Loss 0.122, Test_accy 79.900
2026-08-19 19:39:25,967 [e2lora.py] => CA Task 30 => Loss 0.114, Test_accy 80.080
2026-08-19 19:39:37,595 [e2lora.py] => Exemplar size: 0
2026-08-19 19:39:37,595 [trainer.py] => No NME accuracy.
2026-08-19 19:39:37,595 [trainer.py] => CNN: {'total': 80.08, '00-03': 66.1, '04-07': 83.08, '08-11': 78.08, '12-15': 84.66, '16-19': 75.78, '20-23': 79.17, '24-27': 85.22, '28-31': 84.96, '32-35': 78.36, '36-39': 79.71, '40-43': 81.0, '44-47': 76.72, '48-51': 86.61, '52-55': 81.82, '56-59': 75.86, '60-63': 78.2, '64-67': 81.75, '68-71': 87.74, '72-75': 80.73, '76-79': 76.24, '80-83': 84.72, '84-87': 82.5, '88-91': 81.2, '92-95': 76.74, '96-99': 80.0, '100-103': 78.05, '104-107': 77.88, '108-111': 82.35, '112-115': 74.56, '116-119': 78.04, '120-123': 82.46, 'old': 80.01, 'new': 82.46}
2026-08-19 19:39:37,640 [trainer.py] => CNN top1 curve: [95.76, 93.15, 92.13, 90.88, 91.12, 89.12, 88.85, 89.31, 88.17, 86.1, 86.86, 86.29, 85.9, 85.66, 85.17, 83.41, 83.82, 83.83, 84.14, 83.71, 83.12, 83.02, 82.81, 81.86, 81.65, 81.07, 81.05, 80.68, 80.22, 80.04, 80.08]
2026-08-19 19:39:37,640 [trainer.py] => CNN top5 curve: [99.6, 98.73, 98.25, 98.57, 97.92, 97.43, 97.28, 96.92, 96.86, 96.66, 96.46, 96.19, 96.14, 96.11, 95.64, 95.16, 94.99, 94.71, 94.41, 94.41, 94.15, 93.97, 93.81, 93.54, 93.23, 93.28, 93.39, 93.0, 92.68, 92.64]

Average Accuracy (CNN): 85.4509677419355
2026-08-19 19:39:37,640 [trainer.py] => Average Accuracy (CNN): 85.4509677419355 

old_rank: 2975/3072
old_rank: 2195/2304
old_rank: 2976/3072
old_rank: 2185/2304
old_rank: 2976/3072
old_rank: 2227/2304
old_rank: 2972/3072
old_rank: 2230/2304
old_rank: 2976/3072
old_rank: 2228/2304
old_rank: 2976/3072
old_rank: 2228/2304
old_rank: 2975/3072
old_rank: 2228/2304
old_rank: 2973/3072
old_rank: 2229/2304
old_rank: 2975/3072
old_rank: 2232/2304
old_rank: 2976/3072
old_rank: 2231/2304
old_rank: 2972/3072
old_rank: 2227/2304
old_rank: 2969/3072
old_rank: 2222/2304
2026-08-19 19:39:40,750 [trainer.py] => All params: 312386428
2026-08-19 19:39:40,752 [trainer.py] => Trainable params: 1753468
2026-08-19 19:39:40,752 [e2lora.py] => Learning on 124-128

  0%|          | 0/5 [00:00<?, ?it/s]
Task 31, Epoch 1/5 => Loss 0.954, Train_accy 1.23:   0%|          | 0/5 [00:06<?, ?it/s]
Task 31, Epoch 1/5 => Loss 0.954, Train_accy 1.23:  20%|██        | 1/5 [00:06<00:24,  6.22s/it]
Task 31, Epoch 2/5 => Loss 0.279, Train_accy 19.36:  20%|██        | 1/5 [00:12<00:24,  6.22s/it]
Task 31, Epoch 2/5 => Loss 0.279, Train_accy 19.36:  40%|████      | 2/5 [00:12<00:18,  6.18s/it]
Task 31, Epoch 3/5 => Loss 0.200, Train_accy 34.80:  40%|████      | 2/5 [00:18<00:18,  6.18s/it]
Task 31, Epoch 3/5 => Loss 0.200, Train_accy 34.80:  60%|██████    | 3/5 [00:18<00:12,  6.17s/it]
Task 31, Epoch 4/5 => Loss 0.174, Train_accy 38.73:  60%|██████    | 3/5 [00:24<00:12,  6.17s/it]
Task 31, Epoch 4/5 => Loss 0.174, Train_accy 38.73:  80%|████████  | 4/5 [00:24<00:06,  6.18s/it]
Task 31, Epoch 5/5 => Loss 0.123, Train_accy 39.46, Test_accy 78.90:  80%|████████  | 4/5 [00:42<00:06,  6.18s/it]
Task 31, Epoch 5/5 => Loss 0.123, Train_accy 39.46, Test_accy 78.90: 100%|██████████| 5/5 [00:42<00:00, 10.48s/it]
Task 31, Epoch 5/5 => Loss 0.123, Train_accy 39.46, Test_accy 78.90: 100%|██████████| 5/5 [00:42<00:00,  8.56s/it]
2026-08-19 19:40:23,909 [e2lora.py] => Task 31, Epoch 5/5 => Loss 0.123, Train_accy 39.46, Test_accy 78.90
2026-08-19 19:41:25,273 [e2lora.py] => CA Task 31 => Loss 0.140, Test_accy 79.610
2026-08-19 19:41:37,846 [e2lora.py] => CA Task 31 => Loss 0.126, Test_accy 79.990
2026-08-19 19:41:50,507 [e2lora.py] => CA Task 31 => Loss 0.119, Test_accy 79.940
2026-08-19 19:42:02,443 [e2lora.py] => Exemplar size: 0
2026-08-19 19:42:02,444 [trainer.py] => No NME accuracy.
2026-08-19 19:42:02,444 [trainer.py] => CNN: {'total': 79.94, '00-03': 66.95, '04-07': 84.62, '08-11': 78.08, '12-15': 85.23, '16-19': 77.34, '20-23': 78.33, '24-27': 83.48, '28-31': 84.96, '32-35': 77.61, '36-39': 81.16, '40-43': 78.0, '44-47': 76.72, '48-51': 86.61, '52-55': 81.06, '56-59': 77.59, '60-63': 78.2, '64-67': 81.75, '68-71': 87.74, '72-75': 78.9, '76-79': 77.23, '80-83': 84.72, '84-87': 80.83, '88-91': 82.05, '92-95': 76.74, '96-99': 80.0, '100-103': 78.05, '104-107': 77.88, '108-111': 82.35, '112-115': 74.56, '116-119': 78.04, '120-123': 82.46, '124-127': 74.76, 'old': 80.08, 'new': 74.76}
2026-08-19 19:42:02,444 [trainer.py] => CNN top1 curve: [95.76, 93.15, 92.13, 90.88, 91.12, 89.12, 88.85, 89.31, 88.17, 86.1, 86.86, 86.29, 85.9, 85.66, 85.17, 83.41, 83.82, 83.83, 84.14, 83.71, 83.12, 83.02, 82.81, 81.86, 81.65, 81.07, 81.05, 80.68, 80.22, 80.04, 80.08, 79.94]
2026-08-19 19:42:02,444 [trainer.py] => CNN top5 curve: [99.6, 98.73, 98.25, 98.57, 97.92, 97.43, 97.28, 96.92, 96.86, 96.66, 96.46, 96.19, 96.14, 96.11, 95.64, 95.16, 94.99, 94.71, 94.41, 94.41, 94.15, 93.97, 93.81, 93.54, 93.23, 93.28, 93.39, 93.0, 92.68, 92.64, 92.52]

Average Accuracy (CNN): 85.27875000000002
2026-08-19 19:42:02,444 [trainer.py] => Average Accuracy (CNN): 85.27875000000002 

old_rank: 2970/3072
old_rank: 2015/2304
old_rank: 2974/3072
old_rank: 2189/2304
old_rank: 2978/3072
old_rank: 2232/2304
old_rank: 2978/3072
old_rank: 2230/2304
old_rank: 2977/3072
old_rank: 2234/2304
old_rank: 2977/3072
old_rank: 2232/2304
old_rank: 2976/3072
old_rank: 2231/2304
old_rank: 2974/3072
old_rank: 2234/2304
old_rank: 2976/3072
old_rank: 2233/2304
old_rank: 2977/3072
old_rank: 2233/2304
old_rank: 2975/3072
old_rank: 2231/2304
old_rank: 2974/3072
old_rank: 2225/2304
2026-08-19 19:42:05,833 [trainer.py] => All params: 312389504
2026-08-19 19:42:05,836 [trainer.py] => Trainable params: 1854848
2026-08-19 19:42:05,836 [e2lora.py] => Learning on 128-132

  0%|          | 0/5 [00:00<?, ?it/s]
Task 32, Epoch 1/5 => Loss 0.729, Train_accy 16.03:   0%|          | 0/5 [00:06<?, ?it/s]
Task 32, Epoch 1/5 => Loss 0.729, Train_accy 16.03:  20%|██        | 1/5 [00:06<00:25,  6.45s/it]
Task 32, Epoch 2/5 => Loss 0.158, Train_accy 33.18:  20%|██        | 1/5 [00:12<00:25,  6.45s/it]
Task 32, Epoch 2/5 => Loss 0.158, Train_accy 33.18:  40%|████      | 2/5 [00:12<00:19,  6.44s/it]
Task 32, Epoch 3/5 => Loss 0.085, Train_accy 49.89:  40%|████      | 2/5 [00:19<00:19,  6.44s/it]
Task 32, Epoch 3/5 => Loss 0.085, Train_accy 49.89:  60%|██████    | 3/5 [00:19<00:12,  6.44s/it]
Task 32, Epoch 4/5 => Loss 0.111, Train_accy 56.66:  60%|██████    | 3/5 [00:26<00:12,  6.44s/it]
Task 32, Epoch 4/5 => Loss 0.111, Train_accy 56.66:  80%|████████  | 4/5 [00:26<00:06,  6.54s/it]
Task 32, Epoch 5/5 => Loss 0.071, Train_accy 59.82, Test_accy 79.31:  80%|████████  | 4/5 [00:45<00:06,  6.54s/it]
Task 32, Epoch 5/5 => Loss 0.071, Train_accy 59.82, Test_accy 79.31: 100%|██████████| 5/5 [00:45<00:00, 11.04s/it]
Task 32, Epoch 5/5 => Loss 0.071, Train_accy 59.82, Test_accy 79.31: 100%|██████████| 5/5 [00:45<00:00,  9.01s/it]
2026-08-19 19:42:51,277 [e2lora.py] => Task 32, Epoch 5/5 => Loss 0.071, Train_accy 59.82, Test_accy 79.31
2026-08-19 19:43:53,052 [e2lora.py] => CA Task 32 => Loss 0.134, Test_accy 79.550
2026-08-19 19:44:06,056 [e2lora.py] => CA Task 32 => Loss 0.121, Test_accy 79.700
2026-08-19 19:44:19,217 [e2lora.py] => CA Task 32 => Loss 0.117, Test_accy 79.650
2026-08-19 19:44:31,687 [e2lora.py] => Exemplar size: 0
2026-08-19 19:44:31,688 [trainer.py] => No NME accuracy.
2026-08-19 19:44:31,688 [trainer.py] => CNN: {'total': 79.65, '00-03': 66.1, '04-07': 81.54, '08-11': 77.4, '12-15': 84.09, '16-19': 76.56, '20-23': 77.5, '24-27': 82.61, '28-31': 84.21, '32-35': 77.61, '36-39': 81.16, '40-43': 76.0, '44-47': 76.72, '48-51': 87.4, '52-55': 81.06, '56-59': 76.72, '60-63': 77.44, '64-67': 80.95, '68-71': 88.68, '72-75': 78.9, '76-79': 75.25, '80-83': 84.03, '84-87': 81.67, '88-91': 82.05, '92-95': 75.58, '96-99': 76.92, '100-103': 79.67, '104-107': 77.88, '108-111': 82.35, '112-115': 73.68, '116-119': 78.5, '120-123': 82.46, '124-127': 77.67, '128-131': 82.88, 'old': 79.56, 'new': 82.88}
2026-08-19 19:44:31,688 [trainer.py] => CNN top1 curve: [95.76, 93.15, 92.13, 90.88, 91.12, 89.12, 88.85, 89.31, 88.17, 86.1, 86.86, 86.29, 85.9, 85.66, 85.17, 83.41, 83.82, 83.83, 84.14, 83.71, 83.12, 83.02, 82.81, 81.86, 81.65, 81.07, 81.05, 80.68, 80.22, 80.04, 80.08, 79.94, 79.65]
2026-08-19 19:44:31,688 [trainer.py] => CNN top5 curve: [99.6, 98.73, 98.25, 98.57, 97.92, 97.43, 97.28, 96.92, 96.86, 96.66, 96.46, 96.19, 96.14, 96.11, 95.64, 95.16, 94.99, 94.71, 94.41, 94.41, 94.15, 93.97, 93.81, 93.54, 93.23, 93.28, 93.39, 93.0, 92.68, 92.64, 92.52, 92.75]

Average Accuracy (CNN): 85.10818181818183
2026-08-19 19:44:31,688 [trainer.py] => Average Accuracy (CNN): 85.10818181818183 

old_rank: 2981/3072
old_rank: 2076/2304
old_rank: 2976/3072
old_rank: 2193/2304
old_rank: 2980/3072
old_rank: 2231/2304
old_rank: 2981/3072
old_rank: 2232/2304
old_rank: 2981/3072
old_rank: 2235/2304
old_rank: 2979/3072
old_rank: 2230/2304
old_rank: 2981/3072
old_rank: 2235/2304
old_rank: 2981/3072
old_rank: 2234/2304
old_rank: 2978/3072
old_rank: 2235/2304
old_rank: 2980/3072
old_rank: 2233/2304
old_rank: 2981/3072
old_rank: 2235/2304
old_rank: 2978/3072
old_rank: 2225/2304
2026-08-19 19:44:35,271 [trainer.py] => All params: 312392580
2026-08-19 19:44:35,275 [trainer.py] => Trainable params: 1761156
2026-08-19 19:44:35,275 [e2lora.py] => Learning on 132-136

  0%|          | 0/5 [00:00<?, ?it/s]
Task 33, Epoch 1/5 => Loss 1.030, Train_accy 0.71:   0%|          | 0/5 [00:04<?, ?it/s]
Task 33, Epoch 1/5 => Loss 1.030, Train_accy 0.71:  20%|██        | 1/5 [00:04<00:19,  4.93s/it]
Task 33, Epoch 2/5 => Loss 0.251, Train_accy 17.02:  20%|██        | 1/5 [00:09<00:19,  4.93s/it]
Task 33, Epoch 2/5 => Loss 0.251, Train_accy 17.02:  40%|████      | 2/5 [00:09<00:15,  5.00s/it]
Task 33, Epoch 3/5 => Loss 0.149, Train_accy 29.79:  40%|████      | 2/5 [00:14<00:15,  5.00s/it]
Task 33, Epoch 3/5 => Loss 0.149, Train_accy 29.79:  60%|██████    | 3/5 [00:14<00:09,  4.98s/it]
Task 33, Epoch 4/5 => Loss 0.136, Train_accy 43.97:  60%|██████    | 3/5 [00:19<00:09,  4.98s/it]
Task 33, Epoch 4/5 => Loss 0.136, Train_accy 43.97:  80%|████████  | 4/5 [00:19<00:04,  5.00s/it]
Task 33, Epoch 5/5 => Loss 0.083, Train_accy 49.65, Test_accy 79.41:  80%|████████  | 4/5 [00:37<00:04,  5.00s/it]
Task 33, Epoch 5/5 => Loss 0.083, Train_accy 49.65, Test_accy 79.41: 100%|██████████| 5/5 [00:37<00:00,  9.59s/it]
Task 33, Epoch 5/5 => Loss 0.083, Train_accy 49.65, Test_accy 79.41: 100%|██████████| 5/5 [00:37<00:00,  7.54s/it]
2026-08-19 19:45:13,321 [e2lora.py] => Task 33, Epoch 5/5 => Loss 0.083, Train_accy 49.65, Test_accy 79.41
2026-08-19 19:46:12,126 [e2lora.py] => CA Task 33 => Loss 0.130, Test_accy 79.760
2026-08-19 19:46:25,351 [e2lora.py] => CA Task 33 => Loss 0.118, Test_accy 79.560
2026-08-19 19:46:38,850 [e2lora.py] => CA Task 33 => Loss 0.115, Test_accy 79.710
2026-08-19 19:46:51,640 [e2lora.py] => Exemplar size: 0
2026-08-19 19:46:51,640 [trainer.py] => No NME accuracy.
2026-08-19 19:46:51,640 [trainer.py] => CNN: {'total': 79.71, '00-03': 63.56, '04-07': 82.31, '08-11': 77.4, '12-15': 82.39, '16-19': 76.56, '20-23': 76.67, '24-27': 81.74, '28-31': 83.46, '32-35': 76.87, '36-39': 82.61, '40-43': 77.0, '44-47': 76.72, '48-51': 86.61, '52-55': 82.58, '56-59': 77.59, '60-63': 77.44, '64-67': 81.75, '68-71': 88.68, '72-75': 78.9, '76-79': 76.24, '80-83': 83.33, '84-87': 80.83, '88-91': 81.2, '92-95': 75.58, '96-99': 78.46, '100-103': 78.86, '104-107': 77.88, '108-111': 82.35, '112-115': 71.93, '116-119': 79.44, '120-123': 84.21, '124-127': 78.64, '128-131': 84.68, '132-135': 82.86, 'old': 79.65, 'new': 82.86}
2026-08-19 19:46:51,640 [trainer.py] => CNN top1 curve: [95.76, 93.15, 92.13, 90.88, 91.12, 89.12, 88.85, 89.31, 88.17, 86.1, 86.86, 86.29, 85.9, 85.66, 85.17, 83.41, 83.82, 83.83, 84.14, 83.71, 83.12, 83.02, 82.81, 81.86, 81.65, 81.07, 81.05, 80.68, 80.22, 80.04, 80.08, 79.94, 79.65, 79.71]
2026-08-19 19:46:51,640 [trainer.py] => CNN top5 curve: [99.6, 98.73, 98.25, 98.57, 97.92, 97.43, 97.28, 96.92, 96.86, 96.66, 96.46, 96.19, 96.14, 96.11, 95.64, 95.16, 94.99, 94.71, 94.41, 94.41, 94.15, 93.97, 93.81, 93.54, 93.23, 93.28, 93.39, 93.0, 92.68, 92.64, 92.52, 92.75, 92.63]

Average Accuracy (CNN): 84.9494117647059
2026-08-19 19:46:51,640 [trainer.py] => Average Accuracy (CNN): 84.9494117647059 

old_rank: 2983/3072
old_rank: 2152/2304
old_rank: 2983/3072
old_rank: 2198/2304
old_rank: 2982/3072
old_rank: 2232/2304
old_rank: 2984/3072
old_rank: 2237/2304
old_rank: 2977/3072
old_rank: 2234/2304
old_rank: 2983/3072
old_rank: 2238/2304
old_rank: 2984/3072
old_rank: 2235/2304
old_rank: 2983/3072
old_rank: 2238/2304
old_rank: 2984/3072
old_rank: 2235/2304
old_rank: 2984/3072
old_rank: 2237/2304
old_rank: 2984/3072
old_rank: 2237/2304
old_rank: 2981/3072
old_rank: 2234/2304
2026-08-19 19:46:55,371 [trainer.py] => All params: 312395656
2026-08-19 19:46:55,374 [trainer.py] => Trainable params: 1650568
2026-08-19 19:46:55,374 [e2lora.py] => Learning on 136-140

  0%|          | 0/5 [00:00<?, ?it/s]
Task 34, Epoch 1/5 => Loss 0.672, Train_accy 12.79:   0%|          | 0/5 [00:07<?, ?it/s]
Task 34, Epoch 1/5 => Loss 0.672, Train_accy 12.79:  20%|██        | 1/5 [00:07<00:31,  7.89s/it]
Task 34, Epoch 2/5 => Loss 0.180, Train_accy 44.05:  20%|██        | 1/5 [00:15<00:31,  7.89s/it]
Task 34, Epoch 2/5 => Loss 0.180, Train_accy 44.05:  40%|████      | 2/5 [00:15<00:23,  7.86s/it]
Task 34, Epoch 3/5 => Loss 0.158, Train_accy 54.35:  40%|████      | 2/5 [00:23<00:23,  7.86s/it]
Task 34, Epoch 3/5 => Loss 0.158, Train_accy 54.35:  60%|██████    | 3/5 [00:23<00:15,  7.83s/it]
Task 34, Epoch 4/5 => Loss 0.125, Train_accy 57.90:  60%|██████    | 3/5 [00:31<00:15,  7.83s/it]
Task 34, Epoch 4/5 => Loss 0.125, Train_accy 57.90:  80%|████████  | 4/5 [00:31<00:07,  7.79s/it]
Task 34, Epoch 5/5 => Loss 0.110, Train_accy 58.61, Test_accy 78.90:  80%|████████  | 4/5 [00:52<00:07,  7.79s/it]
Task 34, Epoch 5/5 => Loss 0.110, Train_accy 58.61, Test_accy 78.90: 100%|██████████| 5/5 [00:52<00:00, 12.51s/it]
Task 34, Epoch 5/5 => Loss 0.110, Train_accy 58.61, Test_accy 78.90: 100%|██████████| 5/5 [00:52<00:00, 10.43s/it]
2026-08-19 19:47:47,857 [e2lora.py] => Task 34, Epoch 5/5 => Loss 0.110, Train_accy 58.61, Test_accy 78.90
2026-08-19 19:48:52,998 [e2lora.py] => CA Task 34 => Loss 0.129, Test_accy 79.320
2026-08-19 19:49:06,849 [e2lora.py] => CA Task 34 => Loss 0.115, Test_accy 79.320
2026-08-19 19:49:20,725 [e2lora.py] => CA Task 34 => Loss 0.115, Test_accy 79.440
2026-08-19 19:49:33,903 [e2lora.py] => Exemplar size: 0
2026-08-19 19:49:33,903 [trainer.py] => No NME accuracy.
2026-08-19 19:49:33,903 [trainer.py] => CNN: {'total': 79.44, '00-03': 63.56, '04-07': 83.08, '08-11': 76.71, '12-15': 81.82, '16-19': 75.78, '20-23': 75.83, '24-27': 81.74, '28-31': 82.71, '32-35': 77.61, '36-39': 82.61, '40-43': 78.0, '44-47': 75.86, '48-51': 86.61, '52-55': 81.82, '56-59': 76.72, '60-63': 77.44, '64-67': 80.95, '68-71': 88.68, '72-75': 77.98, '76-79': 75.25, '80-83': 83.33, '84-87': 80.83, '88-91': 81.2, '92-95': 74.42, '96-99': 78.46, '100-103': 80.49, '104-107': 78.76, '108-111': 82.35, '112-115': 72.81, '116-119': 80.37, '120-123': 82.46, '124-127': 78.64, '128-131': 85.59, '132-135': 84.29, '136-139': 73.76, 'old': 79.63, 'new': 73.76}
2026-08-19 19:49:33,903 [trainer.py] => CNN top1 curve: [95.76, 93.15, 92.13, 90.88, 91.12, 89.12, 88.85, 89.31, 88.17, 86.1, 86.86, 86.29, 85.9, 85.66, 85.17, 83.41, 83.82, 83.83, 84.14, 83.71, 83.12, 83.02, 82.81, 81.86, 81.65, 81.07, 81.05, 80.68, 80.22, 80.04, 80.08, 79.94, 79.65, 79.71, 79.44]
2026-08-19 19:49:33,903 [trainer.py] => CNN top5 curve: [99.6, 98.73, 98.25, 98.57, 97.92, 97.43, 97.28, 96.92, 96.86, 96.66, 96.46, 96.19, 96.14, 96.11, 95.64, 95.16, 94.99, 94.71, 94.41, 94.41, 94.15, 93.97, 93.81, 93.54, 93.23, 93.28, 93.39, 93.0, 92.68, 92.64, 92.52, 92.75, 92.63, 92.2]

Average Accuracy (CNN): 84.79200000000002
2026-08-19 19:49:33,903 [trainer.py] => Average Accuracy (CNN): 84.79200000000002 

old_rank: 2981/3072
old_rank: 2212/2304
old_rank: 2984/3072
old_rank: 2209/2304
old_rank: 2986/3072
old_rank: 2235/2304
old_rank: 2984/3072
old_rank: 2238/2304
old_rank: 2986/3072
old_rank: 2237/2304
old_rank: 2984/3072
old_rank: 2235/2304
old_rank: 2984/3072
old_rank: 2236/2304
old_rank: 2984/3072
old_rank: 2240/2304
old_rank: 2985/3072
old_rank: 2239/2304
old_rank: 2985/3072
old_rank: 2240/2304
old_rank: 2985/3072
old_rank: 2240/2304
old_rank: 2977/3072
old_rank: 2231/2304
2026-08-19 19:49:37,797 [trainer.py] => All params: 312398732
2026-08-19 19:49:37,800 [trainer.py] => Trainable params: 1578380
2026-08-19 19:49:37,800 [e2lora.py] => Learning on 140-144

  0%|          | 0/5 [00:00<?, ?it/s]
Task 35, Epoch 1/5 => Loss 0.528, Train_accy 32.47:   0%|          | 0/5 [00:08<?, ?it/s]
Task 35, Epoch 1/5 => Loss 0.528, Train_accy 32.47:  20%|██        | 1/5 [00:08<00:33,  8.35s/it]
Task 35, Epoch 2/5 => Loss 0.132, Train_accy 47.01:  20%|██        | 1/5 [00:16<00:33,  8.35s/it]
Task 35, Epoch 2/5 => Loss 0.132, Train_accy 47.01:  40%|████      | 2/5 [00:16<00:25,  8.37s/it]
Task 35, Epoch 3/5 => Loss 0.124, Train_accy 53.80:  40%|████      | 2/5 [00:25<00:25,  8.37s/it]
Task 35, Epoch 3/5 => Loss 0.124, Train_accy 53.80:  60%|██████    | 3/5 [00:25<00:16,  8.36s/it]
Task 35, Epoch 4/5 => Loss 0.106, Train_accy 53.31:  60%|██████    | 3/5 [00:33<00:16,  8.36s/it]
Task 35, Epoch 4/5 => Loss 0.106, Train_accy 53.31:  80%|████████  | 4/5 [00:33<00:08,  8.36s/it]
Task 35, Epoch 5/5 => Loss 0.105, Train_accy 54.60, Test_accy 78.91:  80%|████████  | 4/5 [00:55<00:08,  8.36s/it]
Task 35, Epoch 5/5 => Loss 0.105, Train_accy 54.60, Test_accy 78.91: 100%|██████████| 5/5 [00:55<00:00, 13.31s/it]
Task 35, Epoch 5/5 => Loss 0.105, Train_accy 54.60, Test_accy 78.91: 100%|██████████| 5/5 [00:55<00:00, 11.11s/it]
2026-08-19 19:50:33,683 [e2lora.py] => Task 35, Epoch 5/5 => Loss 0.105, Train_accy 54.60, Test_accy 78.91
2026-08-19 19:51:38,572 [e2lora.py] => CA Task 35 => Loss 0.124, Test_accy 79.540
2026-08-19 19:51:52,935 [e2lora.py] => CA Task 35 => Loss 0.108, Test_accy 79.730
2026-08-19 19:52:07,405 [e2lora.py] => CA Task 35 => Loss 0.109, Test_accy 79.820
2026-08-19 19:52:20,987 [e2lora.py] => Exemplar size: 0
2026-08-19 19:52:20,987 [trainer.py] => No NME accuracy.
2026-08-19 19:52:20,987 [trainer.py] => CNN: {'total': 79.82, '00-03': 64.41, '04-07': 83.08, '08-11': 76.03, '12-15': 82.39, '16-19': 76.56, '20-23': 77.5, '24-27': 80.87, '28-31': 82.71, '32-35': 77.61, '36-39': 82.61, '40-43': 78.0, '44-47': 75.0, '48-51': 85.83, '52-55': 82.58, '56-59': 75.86, '60-63': 78.2, '64-67': 80.95, '68-71': 88.68, '72-75': 78.9, '76-79': 73.27, '80-83': 82.64, '84-87': 80.83, '88-91': 79.49, '92-95': 75.58, '96-99': 76.92, '100-103': 81.3, '104-107': 76.99, '108-111': 82.35, '112-115': 73.68, '116-119': 81.31, '120-123': 82.46, '124-127': 78.64, '128-131': 85.59, '132-135': 84.29, '136-139': 75.89, '140-143': 88.31, 'old': 79.51, 'new': 88.31}
2026-08-19 19:52:20,987 [trainer.py] => CNN top1 curve: [95.76, 93.15, 92.13, 90.88, 91.12, 89.12, 88.85, 89.31, 88.17, 86.1, 86.86, 86.29, 85.9, 85.66, 85.17, 83.41, 83.82, 83.83, 84.14, 83.71, 83.12, 83.02, 82.81, 81.86, 81.65, 81.07, 81.05, 80.68, 80.22, 80.04, 80.08, 79.94, 79.65, 79.71, 79.44, 79.82]
2026-08-19 19:52:20,987 [trainer.py] => CNN top5 curve: [99.6, 98.73, 98.25, 98.57, 97.92, 97.43, 97.28, 96.92, 96.86, 96.66, 96.46, 96.19, 96.14, 96.11, 95.64, 95.16, 94.99, 94.71, 94.41, 94.41, 94.15, 93.97, 93.81, 93.54, 93.23, 93.28, 93.39, 93.0, 92.68, 92.64, 92.52, 92.75, 92.63, 92.2, 92.58]

Average Accuracy (CNN): 84.65388888888891
2026-08-19 19:52:20,987 [trainer.py] => Average Accuracy (CNN): 84.65388888888891 

old_rank: 2988/3072
old_rank: 2072/2304
old_rank: 2981/3072
old_rank: 2209/2304
old_rank: 2986/3072
old_rank: 2240/2304
old_rank: 2986/3072
old_rank: 2241/2304
old_rank: 2987/3072
old_rank: 2241/2304
old_rank: 2988/3072
old_rank: 2235/2304
old_rank: 2986/3072
old_rank: 2241/2304
old_rank: 2988/3072
old_rank: 2241/2304
old_rank: 2986/3072
old_rank: 2238/2304
old_rank: 2986/3072
old_rank: 2240/2304
old_rank: 2986/3072
old_rank: 2240/2304
old_rank: 2978/3072
old_rank: 2236/2304
2026-08-19 19:52:25,128 [trainer.py] => All params: 312401808
2026-08-19 19:52:25,131 [trainer.py] => Trainable params: 1655952
2026-08-19 19:52:25,131 [e2lora.py] => Learning on 144-148

  0%|          | 0/5 [00:00<?, ?it/s]
Task 36, Epoch 1/5 => Loss 0.673, Train_accy 1.74:   0%|          | 0/5 [00:08<?, ?it/s]
Task 36, Epoch 1/5 => Loss 0.673, Train_accy 1.74:  20%|██        | 1/5 [00:08<00:33,  8.50s/it]
Task 36, Epoch 2/5 => Loss 0.205, Train_accy 16.14:  20%|██        | 1/5 [00:17<00:33,  8.50s/it]
Task 36, Epoch 2/5 => Loss 0.205, Train_accy 16.14:  40%|████      | 2/5 [00:17<00:25,  8.52s/it]
Task 36, Epoch 3/5 => Loss 0.118, Train_accy 22.78:  40%|████      | 2/5 [00:25<00:25,  8.52s/it]
Task 36, Epoch 3/5 => Loss 0.118, Train_accy 22.78:  60%|██████    | 3/5 [00:25<00:17,  8.58s/it]
Task 36, Epoch 4/5 => Loss 0.125, Train_accy 32.91:  60%|██████    | 3/5 [00:34<00:17,  8.58s/it]
Task 36, Epoch 4/5 => Loss 0.125, Train_accy 32.91:  80%|████████  | 4/5 [00:34<00:08,  8.62s/it]
Task 36, Epoch 5/5 => Loss 0.141, Train_accy 31.49, Test_accy 78.14:  80%|████████  | 4/5 [00:58<00:08,  8.62s/it]
Task 36, Epoch 5/5 => Loss 0.141, Train_accy 31.49, Test_accy 78.14: 100%|██████████| 5/5 [00:58<00:00, 14.20s/it]
Task 36, Epoch 5/5 => Loss 0.141, Train_accy 31.49, Test_accy 78.14: 100%|██████████| 5/5 [00:58<00:00, 11.69s/it]
2026-08-19 19:53:23,936 [e2lora.py] => Task 36, Epoch 5/5 => Loss 0.141, Train_accy 31.49, Test_accy 78.14
2026-08-19 19:54:29,100 [e2lora.py] => CA Task 36 => Loss 0.132, Test_accy 78.930
2026-08-19 19:54:43,900 [e2lora.py] => CA Task 36 => Loss 0.116, Test_accy 79.170
2026-08-19 19:54:58,938 [e2lora.py] => CA Task 36 => Loss 0.113, Test_accy 79.220
2026-08-19 19:55:13,017 [e2lora.py] => Exemplar size: 0
2026-08-19 19:55:13,017 [trainer.py] => No NME accuracy.
2026-08-19 19:55:13,017 [trainer.py] => CNN: {'total': 79.22, '00-03': 62.71, '04-07': 82.31, '08-11': 71.23, '12-15': 80.68, '16-19': 75.0, '20-23': 78.33, '24-27': 80.87, '28-31': 82.71, '32-35': 78.36, '36-39': 82.61, '40-43': 77.0, '44-47': 74.14, '48-51': 85.83, '52-55': 81.06, '56-59': 77.59, '60-63': 78.2, '64-67': 80.16, '68-71': 88.68, '72-75': 79.82, '76-79': 74.26, '80-83': 82.64, '84-87': 80.83, '88-91': 81.2, '92-95': 72.09, '96-99': 76.92, '100-103': 80.49, '104-107': 76.99, '108-111': 83.33, '112-115': 72.81, '116-119': 82.24, '120-123': 81.58, '124-127': 77.67, '128-131': 85.59, '132-135': 81.43, '136-139': 77.3, '140-143': 89.61, '144-147': 71.34, 'old': 79.5, 'new': 71.34}
2026-08-19 19:55:13,017 [trainer.py] => CNN top1 curve: [95.76, 93.15, 92.13, 90.88, 91.12, 89.12, 88.85, 89.31, 88.17, 86.1, 86.86, 86.29, 85.9, 85.66, 85.17, 83.41, 83.82, 83.83, 84.14, 83.71, 83.12, 83.02, 82.81, 81.86, 81.65, 81.07, 81.05, 80.68, 80.22, 80.04, 80.08, 79.94, 79.65, 79.71, 79.44, 79.82, 79.22]
2026-08-19 19:55:13,017 [trainer.py] => CNN top5 curve: [99.6, 98.73, 98.25, 98.57, 97.92, 97.43, 97.28, 96.92, 96.86, 96.66, 96.46, 96.19, 96.14, 96.11, 95.64, 95.16, 94.99, 94.71, 94.41, 94.41, 94.15, 93.97, 93.81, 93.54, 93.23, 93.28, 93.39, 93.0, 92.68, 92.64, 92.52, 92.75, 92.63, 92.2, 92.58, 92.38]

Average Accuracy (CNN): 84.50702702702705
2026-08-19 19:55:13,017 [trainer.py] => Average Accuracy (CNN): 84.50702702702705 

old_rank: 2990/3072
old_rank: 2125/2304
old_rank: 2984/3072
old_rank: 2217/2304
old_rank: 2991/3072
old_rank: 2239/2304
old_rank: 2991/3072
old_rank: 2242/2304
old_rank: 2985/3072
old_rank: 2241/2304
old_rank: 2987/3072
old_rank: 2243/2304
old_rank: 2988/3072
old_rank: 2238/2304
old_rank: 2991/3072
old_rank: 2242/2304
old_rank: 2991/3072
old_rank: 2242/2304
old_rank: 2991/3072
old_rank: 2243/2304
old_rank: 2991/3072
old_rank: 2242/2304
old_rank: 2986/3072
old_rank: 2238/2304
2026-08-19 19:55:17,283 [trainer.py] => All params: 312404884
2026-08-19 19:55:17,287 [trainer.py] => Trainable params: 1568404
2026-08-19 19:55:17,287 [e2lora.py] => Learning on 148-152

  0%|          | 0/5 [00:00<?, ?it/s]
Task 37, Epoch 1/5 => Loss 0.614, Train_accy 6.26:   0%|          | 0/5 [00:07<?, ?it/s]
Task 37, Epoch 1/5 => Loss 0.614, Train_accy 6.26:  20%|██        | 1/5 [00:07<00:31,  7.91s/it]
Task 37, Epoch 2/5 => Loss 0.106, Train_accy 32.87:  20%|██        | 1/5 [00:16<00:31,  7.91s/it]
Task 37, Epoch 2/5 => Loss 0.106, Train_accy 32.87:  40%|████      | 2/5 [00:16<00:24,  8.05s/it]
Task 37, Epoch 3/5 => Loss 0.103, Train_accy 38.61:  40%|████      | 2/5 [00:23<00:24,  8.05s/it]
Task 37, Epoch 3/5 => Loss 0.103, Train_accy 38.61:  60%|██████    | 3/5 [00:23<00:15,  7.99s/it]
Task 37, Epoch 4/5 => Loss 0.076, Train_accy 41.57:  60%|██████    | 3/5 [00:31<00:15,  7.99s/it]
Task 37, Epoch 4/5 => Loss 0.076, Train_accy 41.57:  80%|████████  | 4/5 [00:31<00:07,  7.96s/it]
Task 37, Epoch 5/5 => Loss 0.089, Train_accy 44.17, Test_accy 78.25:  80%|████████  | 4/5 [00:54<00:07,  7.96s/it]
Task 37, Epoch 5/5 => Loss 0.089, Train_accy 44.17, Test_accy 78.25: 100%|██████████| 5/5 [00:54<00:00, 13.26s/it]
Task 37, Epoch 5/5 => Loss 0.089, Train_accy 44.17, Test_accy 78.25: 100%|██████████| 5/5 [00:54<00:00, 10.91s/it]
2026-08-19 19:56:12,194 [e2lora.py] => Task 37, Epoch 5/5 => Loss 0.089, Train_accy 44.17, Test_accy 78.25
2026-08-19 19:57:20,356 [e2lora.py] => CA Task 37 => Loss 0.125, Test_accy 79.020
2026-08-19 19:57:35,552 [e2lora.py] => CA Task 37 => Loss 0.116, Test_accy 79.150
2026-08-19 19:57:50,965 [e2lora.py] => CA Task 37 => Loss 0.110, Test_accy 79.300
2026-08-19 19:58:05,603 [e2lora.py] => Exemplar size: 0
2026-08-19 19:58:05,603 [trainer.py] => No NME accuracy.
2026-08-19 19:58:05,603 [trainer.py] => CNN: {'total': 79.3, '00-03': 61.86, '04-07': 80.77, '08-11': 70.55, '12-15': 81.25, '16-19': 75.78, '20-23': 76.67, '24-27': 80.0, '28-31': 82.71, '32-35': 78.36, '36-39': 83.33, '40-43': 79.0, '44-47': 74.14, '48-51': 86.61, '52-55': 80.3, '56-59': 76.72, '60-63': 76.69, '64-67': 80.95, '68-71': 88.68, '72-75': 81.65, '76-79': 76.24, '80-83': 82.64, '84-87': 80.83, '88-91': 82.05, '92-95': 72.09, '96-99': 75.38, '100-103': 80.49, '104-107': 76.99, '108-111': 83.33, '112-115': 72.81, '116-119': 78.97, '120-123': 83.33, '124-127': 78.64, '128-131': 86.49, '132-135': 81.43, '136-139': 78.72, '140-143': 88.96, '144-147': 71.34, '148-151': 83.22, 'old': 79.17, 'new': 83.22}
2026-08-19 19:58:05,603 [trainer.py] => CNN top1 curve: [95.76, 93.15, 92.13, 90.88, 91.12, 89.12, 88.85, 89.31, 88.17, 86.1, 86.86, 86.29, 85.9, 85.66, 85.17, 83.41, 83.82, 83.83, 84.14, 83.71, 83.12, 83.02, 82.81, 81.86, 81.65, 81.07, 81.05, 80.68, 80.22, 80.04, 80.08, 79.94, 79.65, 79.71, 79.44, 79.82, 79.22, 79.3]
2026-08-19 19:58:05,603 [trainer.py] => CNN top5 curve: [99.6, 98.73, 98.25, 98.57, 97.92, 97.43, 97.28, 96.92, 96.86, 96.66, 96.46, 96.19, 96.14, 96.11, 95.64, 95.16, 94.99, 94.71, 94.41, 94.41, 94.15, 93.97, 93.81, 93.54, 93.23, 93.28, 93.39, 93.0, 92.68, 92.64, 92.52, 92.75, 92.63, 92.2, 92.58, 92.38, 92.37]

Average Accuracy (CNN): 84.37000000000002
2026-08-19 19:58:05,603 [trainer.py] => Average Accuracy (CNN): 84.37000000000002 

old_rank: 2992/3072
old_rank: 2176/2304
old_rank: 2990/3072
old_rank: 2228/2304
old_rank: 2993/3072
old_rank: 2239/2304
old_rank: 2993/3072
old_rank: 2241/2304
old_rank: 2990/3072
old_rank: 2241/2304
old_rank: 2993/3072
old_rank: 2239/2304
old_rank: 2993/3072
old_rank: 2241/2304
old_rank: 2993/3072
old_rank: 2242/2304
old_rank: 2989/3072
old_rank: 2243/2304
old_rank: 2988/3072
old_rank: 2244/2304
old_rank: 2992/3072
old_rank: 2241/2304
old_rank: 2987/3072
old_rank: 2240/2304
2026-08-19 19:58:10,206 [trainer.py] => All params: 312407960
2026-08-19 19:58:10,209 [trainer.py] => Trainable params: 1502360
2026-08-19 19:58:10,210 [e2lora.py] => Learning on 152-156

  0%|          | 0/5 [00:00<?, ?it/s]
Task 38, Epoch 1/5 => Loss 0.812, Train_accy 15.69:   0%|          | 0/5 [00:06<?, ?it/s]
Task 38, Epoch 1/5 => Loss 0.812, Train_accy 15.69:  20%|██        | 1/5 [00:06<00:27,  6.95s/it]
Task 38, Epoch 2/5 => Loss 0.288, Train_accy 35.73:  20%|██        | 1/5 [00:13<00:27,  6.95s/it]
Task 38, Epoch 2/5 => Loss 0.288, Train_accy 35.73:  40%|████      | 2/5 [00:13<00:20,  6.91s/it]
Task 38, Epoch 3/5 => Loss 0.211, Train_accy 42.27:  40%|████      | 2/5 [00:20<00:20,  6.91s/it]
Task 38, Epoch 3/5 => Loss 0.211, Train_accy 42.27:  60%|██████    | 3/5 [00:20<00:13,  6.90s/it]
Task 38, Epoch 4/5 => Loss 0.201, Train_accy 48.37:  60%|██████    | 3/5 [00:27<00:13,  6.90s/it]
Task 38, Epoch 4/5 => Loss 0.201, Train_accy 48.37:  80%|████████  | 4/5 [00:27<00:06,  6.98s/it]
Task 38, Epoch 5/5 => Loss 0.143, Train_accy 49.46, Test_accy 78.75:  80%|████████  | 4/5 [00:49<00:06,  6.98s/it]
Task 38, Epoch 5/5 => Loss 0.143, Train_accy 49.46, Test_accy 78.75: 100%|██████████| 5/5 [00:49<00:00, 12.33s/it]
Task 38, Epoch 5/5 => Loss 0.143, Train_accy 49.46, Test_accy 78.75: 100%|██████████| 5/5 [00:49<00:00,  9.93s/it]
2026-08-19 19:59:00,206 [e2lora.py] => Task 38, Epoch 5/5 => Loss 0.143, Train_accy 49.46, Test_accy 78.75
2026-08-19 20:00:02,506 [e2lora.py] => CA Task 38 => Loss 0.126, Test_accy 79.250
2026-08-19 20:00:18,279 [e2lora.py] => CA Task 38 => Loss 0.115, Test_accy 79.000
2026-08-19 20:00:34,000 [e2lora.py] => CA Task 38 => Loss 0.110, Test_accy 79.180
2026-08-19 20:00:48,911 [e2lora.py] => Exemplar size: 0
2026-08-19 20:00:48,912 [trainer.py] => No NME accuracy.
2026-08-19 20:00:48,912 [trainer.py] => CNN: {'total': 79.18, '00-03': 61.02, '04-07': 80.0, '08-11': 71.23, '12-15': 80.11, '16-19': 75.78, '20-23': 78.33, '24-27': 80.0, '28-31': 82.71, '32-35': 76.87, '36-39': 83.33, '40-43': 79.0, '44-47': 74.14, '48-51': 85.04, '52-55': 80.3, '56-59': 75.86, '60-63': 78.95, '64-67': 80.95, '68-71': 88.68, '72-75': 79.82, '76-79': 73.27, '80-83': 80.56, '84-87': 80.83, '88-91': 80.34, '92-95': 73.26, '96-99': 76.92, '100-103': 80.49, '104-107': 76.11, '108-111': 82.35, '112-115': 72.81, '116-119': 81.31, '120-123': 82.46, '124-127': 77.67, '128-131': 85.59, '132-135': 81.43, '136-139': 78.01, '140-143': 88.96, '144-147': 71.97, '148-151': 84.62, '152-155': 82.46, 'old': 79.11, 'new': 82.46}
2026-08-19 20:00:48,912 [trainer.py] => CNN top1 curve: [95.76, 93.15, 92.13, 90.88, 91.12, 89.12, 88.85, 89.31, 88.17, 86.1, 86.86, 86.29, 85.9, 85.66, 85.17, 83.41, 83.82, 83.83, 84.14, 83.71, 83.12, 83.02, 82.81, 81.86, 81.65, 81.07, 81.05, 80.68, 80.22, 80.04, 80.08, 79.94, 79.65, 79.71, 79.44, 79.82, 79.22, 79.3, 79.18]
2026-08-19 20:00:48,912 [trainer.py] => CNN top5 curve: [99.6, 98.73, 98.25, 98.57, 97.92, 97.43, 97.28, 96.92, 96.86, 96.66, 96.46, 96.19, 96.14, 96.11, 95.64, 95.16, 94.99, 94.71, 94.41, 94.41, 94.15, 93.97, 93.81, 93.54, 93.23, 93.28, 93.39, 93.0, 92.68, 92.64, 92.52, 92.75, 92.63, 92.2, 92.58, 92.38, 92.37, 92.56]

Average Accuracy (CNN): 84.23692307692309
2026-08-19 20:00:48,912 [trainer.py] => Average Accuracy (CNN): 84.23692307692309 

old_rank: 2993/3072
old_rank: 2233/2304
old_rank: 2994/3072
old_rank: 2231/2304
old_rank: 2995/3072
old_rank: 2243/2304
old_rank: 2995/3072
old_rank: 2246/2304
old_rank: 2995/3072
old_rank: 2245/2304
old_rank: 2992/3072
old_rank: 2245/2304
old_rank: 2994/3072
old_rank: 2242/2304
old_rank: 2995/3072
old_rank: 2244/2304
old_rank: 2994/3072
old_rank: 2245/2304
old_rank: 2995/3072
old_rank: 2246/2304
old_rank: 2992/3072
old_rank: 2246/2304
old_rank: 2995/3072
old_rank: 2242/2304
2026-08-19 20:00:53,733 [trainer.py] => All params: 312411036
2026-08-19 20:00:53,736 [trainer.py] => Trainable params: 1406364
2026-08-19 20:00:53,736 [e2lora.py] => Learning on 156-160

  0%|          | 0/5 [00:00<?, ?it/s]
Task 39, Epoch 1/5 => Loss 0.690, Train_accy 13.72:   0%|          | 0/5 [00:07<?, ?it/s]
Task 39, Epoch 1/5 => Loss 0.690, Train_accy 13.72:  20%|██        | 1/5 [00:07<00:31,  7.76s/it]
Task 39, Epoch 2/5 => Loss 0.212, Train_accy 25.81:  20%|██        | 1/5 [00:15<00:31,  7.76s/it]
Task 39, Epoch 2/5 => Loss 0.212, Train_accy 25.81:  40%|████      | 2/5 [00:15<00:23,  7.75s/it]
Task 39, Epoch 3/5 => Loss 0.150, Train_accy 35.56:  40%|████      | 2/5 [00:23<00:23,  7.75s/it]
Task 39, Epoch 3/5 => Loss 0.150, Train_accy 35.56:  60%|██████    | 3/5 [00:23<00:15,  7.80s/it]
Task 39, Epoch 4/5 => Loss 0.135, Train_accy 37.36:  60%|██████    | 3/5 [00:31<00:15,  7.80s/it]
Task 39, Epoch 4/5 => Loss 0.135, Train_accy 37.36:  80%|████████  | 4/5 [00:31<00:07,  7.79s/it]
Task 39, Epoch 5/5 => Loss 0.127, Train_accy 38.81, Test_accy 78.31:  80%|████████  | 4/5 [00:54<00:07,  7.79s/it]
Task 39, Epoch 5/5 => Loss 0.127, Train_accy 38.81, Test_accy 78.31: 100%|██████████| 5/5 [00:54<00:00, 13.39s/it]
Task 39, Epoch 5/5 => Loss 0.127, Train_accy 38.81, Test_accy 78.31: 100%|██████████| 5/5 [00:54<00:00, 10.89s/it]
2026-08-19 20:01:48,531 [e2lora.py] => Task 39, Epoch 5/5 => Loss 0.127, Train_accy 38.81, Test_accy 78.31
2026-08-19 20:02:47,545 [e2lora.py] => CA Task 39 => Loss 0.131, Test_accy 78.960
2026-08-19 20:03:03,837 [e2lora.py] => CA Task 39 => Loss 0.121, Test_accy 79.080
2026-08-19 20:03:20,335 [e2lora.py] => CA Task 39 => Loss 0.116, Test_accy 79.180
2026-08-19 20:03:36,052 [e2lora.py] => Exemplar size: 0
2026-08-19 20:03:36,053 [trainer.py] => No NME accuracy.
2026-08-19 20:03:36,053 [trainer.py] => CNN: {'total': 79.18, '00-03': 61.86, '04-07': 78.46, '08-11': 69.18, '12-15': 79.55, '16-19': 75.0, '20-23': 77.5, '24-27': 83.48, '28-31': 82.71, '32-35': 77.61, '36-39': 83.33, '40-43': 79.0, '44-47': 74.14, '48-51': 85.04, '52-55': 81.06, '56-59': 75.86, '60-63': 75.19, '64-67': 79.37, '68-71': 88.68, '72-75': 78.9, '76-79': 72.28, '80-83': 80.56, '84-87': 81.67, '88-91': 80.34, '92-95': 73.26, '96-99': 76.92, '100-103': 79.67, '104-107': 76.11, '108-111': 83.33, '112-115': 73.68, '116-119': 81.78, '120-123': 82.46, '124-127': 75.73, '128-131': 85.59, '132-135': 81.43, '136-139': 78.72, '140-143': 88.96, '144-147': 72.61, '148-151': 87.41, '152-155': 82.46, '156-159': 81.16, 'old': 79.12, 'new': 81.16}
2026-08-19 20:03:36,053 [trainer.py] => CNN top1 curve: [95.76, 93.15, 92.13, 90.88, 91.12, 89.12, 88.85, 89.31, 88.17, 86.1, 86.86, 86.29, 85.9, 85.66, 85.17, 83.41, 83.82, 83.83, 84.14, 83.71, 83.12, 83.02, 82.81, 81.86, 81.65, 81.07, 81.05, 80.68, 80.22, 80.04, 80.08, 79.94, 79.65, 79.71, 79.44, 79.82, 79.22, 79.3, 79.18, 79.18]
2026-08-19 20:03:36,053 [trainer.py] => CNN top5 curve: [99.6, 98.73, 98.25, 98.57, 97.92, 97.43, 97.28, 96.92, 96.86, 96.66, 96.46, 96.19, 96.14, 96.11, 95.64, 95.16, 94.99, 94.71, 94.41, 94.41, 94.15, 93.97, 93.81, 93.54, 93.23, 93.28, 93.39, 93.0, 92.68, 92.64, 92.52, 92.75, 92.63, 92.2, 92.58, 92.38, 92.37, 92.56, 92.24]

Average Accuracy (CNN): 84.11050000000002
2026-08-19 20:03:36,053 [trainer.py] => Average Accuracy (CNN): 84.11050000000002 

old_rank: 2992/3072
old_rank: 2114/2304
old_rank: 2996/3072
old_rank: 2238/2304
old_rank: 2995/3072
old_rank: 2247/2304
old_rank: 2997/3072
old_rank: 2244/2304
old_rank: 2997/3072
old_rank: 2245/2304
old_rank: 2994/3072
old_rank: 2247/2304
old_rank: 2997/3072
old_rank: 2247/2304
old_rank: 2997/3072
old_rank: 2247/2304
old_rank: 2996/3072
old_rank: 2247/2304
old_rank: 2994/3072
old_rank: 2244/2304
old_rank: 2997/3072
old_rank: 2246/2304
old_rank: 2995/3072
old_rank: 2235/2304
2026-08-19 20:03:41,271 [trainer.py] => All params: 312414112
2026-08-19 20:03:41,274 [trainer.py] => Trainable params: 1477792
2026-08-19 20:03:41,277 [e2lora.py] => Learning on 160-164

  0%|          | 0/5 [00:00<?, ?it/s]
Task 40, Epoch 1/5 => Loss 1.183, Train_accy 0.00:   0%|          | 0/5 [00:05<?, ?it/s]
Task 40, Epoch 1/5 => Loss 1.183, Train_accy 0.00:  20%|██        | 1/5 [00:05<00:21,  5.25s/it]
Task 40, Epoch 2/5 => Loss 0.421, Train_accy 1.01:  20%|██        | 1/5 [00:10<00:21,  5.25s/it]
Task 40, Epoch 2/5 => Loss 0.421, Train_accy 1.01:  40%|████      | 2/5 [00:10<00:15,  5.23s/it]
Task 40, Epoch 3/5 => Loss 0.228, Train_accy 10.77:  40%|████      | 2/5 [00:15<00:15,  5.23s/it]
Task 40, Epoch 3/5 => Loss 0.228, Train_accy 10.77:  60%|██████    | 3/5 [00:15<00:10,  5.26s/it]
Task 40, Epoch 4/5 => Loss 0.137, Train_accy 22.22:  60%|██████    | 3/5 [00:21<00:10,  5.26s/it]
Task 40, Epoch 4/5 => Loss 0.137, Train_accy 22.22:  80%|████████  | 4/5 [00:21<00:05,  5.28s/it]
Task 40, Epoch 5/5 => Loss 0.275, Train_accy 27.27, Test_accy 78.57:  80%|████████  | 4/5 [00:42<00:05,  5.28s/it]
Task 40, Epoch 5/5 => Loss 0.275, Train_accy 27.27, Test_accy 78.57: 100%|██████████| 5/5 [00:42<00:00, 10.94s/it]
Task 40, Epoch 5/5 => Loss 0.275, Train_accy 27.27, Test_accy 78.57: 100%|██████████| 5/5 [00:42<00:00,  8.41s/it]
2026-08-19 20:04:23,674 [e2lora.py] => Task 40, Epoch 5/5 => Loss 0.275, Train_accy 27.27, Test_accy 78.57
2026-08-19 20:05:24,705 [e2lora.py] => CA Task 40 => Loss 0.135, Test_accy 78.870
2026-08-19 20:05:41,481 [e2lora.py] => CA Task 40 => Loss 0.123, Test_accy 79.010
2026-08-19 20:05:58,130 [e2lora.py] => CA Task 40 => Loss 0.116, Test_accy 78.910
2026-08-19 20:06:13,910 [e2lora.py] => Exemplar size: 0
2026-08-19 20:06:13,910 [trainer.py] => No NME accuracy.
2026-08-19 20:06:13,910 [trainer.py] => CNN: {'total': 78.91, '00-03': 63.56, '04-07': 78.46, '08-11': 69.18, '12-15': 77.84, '16-19': 75.0, '20-23': 77.5, '24-27': 82.61, '28-31': 81.2, '32-35': 75.37, '36-39': 83.33, '40-43': 79.0, '44-47': 68.97, '48-51': 85.04, '52-55': 81.06, '56-59': 75.86, '60-63': 75.94, '64-67': 80.16, '68-71': 88.68, '72-75': 79.82, '76-79': 73.27, '80-83': 82.64, '84-87': 79.17, '88-91': 80.34, '92-95': 70.93, '96-99': 76.92, '100-103': 79.67, '104-107': 76.11, '108-111': 83.33, '112-115': 71.05, '116-119': 81.31, '120-123': 83.33, '124-127': 76.7, '128-131': 85.59, '132-135': 81.43, '136-139': 78.72, '140-143': 88.31, '144-147': 72.61, '148-151': 86.71, '152-155': 82.46, '156-159': 83.33, '160-163': 77.03, 'old': 78.94, 'new': 77.03}
2026-08-19 20:06:13,910 [trainer.py] => CNN top1 curve: [95.76, 93.15, 92.13, 90.88, 91.12, 89.12, 88.85, 89.31, 88.17, 86.1, 86.86, 86.29, 85.9, 85.66, 85.17, 83.41, 83.82, 83.83, 84.14, 83.71, 83.12, 83.02, 82.81, 81.86, 81.65, 81.07, 81.05, 80.68, 80.22, 80.04, 80.08, 79.94, 79.65, 79.71, 79.44, 79.82, 79.22, 79.3, 79.18, 79.18, 78.91]
2026-08-19 20:06:13,910 [trainer.py] => CNN top5 curve: [99.6, 98.73, 98.25, 98.57, 97.92, 97.43, 97.28, 96.92, 96.86, 96.66, 96.46, 96.19, 96.14, 96.11, 95.64, 95.16, 94.99, 94.71, 94.41, 94.41, 94.15, 93.97, 93.81, 93.54, 93.23, 93.28, 93.39, 93.0, 92.68, 92.64, 92.52, 92.75, 92.63, 92.2, 92.58, 92.38, 92.37, 92.56, 92.24, 92.21]

Average Accuracy (CNN): 83.98365853658538
2026-08-19 20:06:13,910 [trainer.py] => Average Accuracy (CNN): 83.98365853658538 

old_rank: 2994/3072
old_rank: 2159/2304
old_rank: 2998/3072
old_rank: 2241/2304
old_rank: 2998/3072
old_rank: 2247/2304
old_rank: 2997/3072
old_rank: 2247/2304
old_rank: 2996/3072
old_rank: 2247/2304
old_rank: 2998/3072
old_rank: 2244/2304
old_rank: 2997/3072
old_rank: 2245/2304
old_rank: 2995/3072
old_rank: 2246/2304
old_rank: 2998/3072
old_rank: 2246/2304
old_rank: 2998/3072
old_rank: 2245/2304
old_rank: 2997/3072
old_rank: 2248/2304
old_rank: 2989/3072
old_rank: 2248/2304
2026-08-19 20:06:19,156 [trainer.py] => All params: 312417188
2026-08-19 20:06:19,159 [trainer.py] => Trainable params: 1427108
2026-08-19 20:06:19,201 [e2lora.py] => Learning on 164-168

  0%|          | 0/5 [00:00<?, ?it/s]
Task 41, Epoch 1/5 => Loss 0.875, Train_accy 1.28:   0%|          | 0/5 [00:08<?, ?it/s]
Task 41, Epoch 1/5 => Loss 0.875, Train_accy 1.28:  20%|██        | 1/5 [00:08<00:32,  8.11s/it]
Task 41, Epoch 2/5 => Loss 0.230, Train_accy 22.99:  20%|██        | 1/5 [00:15<00:32,  8.11s/it]
Task 41, Epoch 2/5 => Loss 0.230, Train_accy 22.99:  40%|████      | 2/5 [00:15<00:23,  7.95s/it]
Task 41, Epoch 3/5 => Loss 0.203, Train_accy 34.67:  40%|████      | 2/5 [00:23<00:23,  7.95s/it]
Task 41, Epoch 3/5 => Loss 0.203, Train_accy 34.67:  60%|██████    | 3/5 [00:23<00:15,  7.96s/it]
Task 41, Epoch 4/5 => Loss 0.175, Train_accy 37.23:  60%|██████    | 3/5 [00:31<00:15,  7.96s/it]
Task 41, Epoch 4/5 => Loss 0.175, Train_accy 37.23:  80%|████████  | 4/5 [00:31<00:07,  7.89s/it]
Task 41, Epoch 5/5 => Loss 0.143, Train_accy 40.88, Test_accy 77.84:  80%|████████  | 4/5 [00:55<00:07,  7.89s/it]
Task 41, Epoch 5/5 => Loss 0.143, Train_accy 40.88, Test_accy 77.84: 100%|██████████| 5/5 [00:55<00:00, 13.75s/it]
Task 41, Epoch 5/5 => Loss 0.143, Train_accy 40.88, Test_accy 77.84: 100%|██████████| 5/5 [00:55<00:00, 11.17s/it]
2026-08-19 20:07:15,402 [e2lora.py] => Task 41, Epoch 5/5 => Loss 0.143, Train_accy 40.88, Test_accy 77.84
2026-08-19 20:08:18,888 [e2lora.py] => CA Task 41 => Loss 0.135, Test_accy 78.590
2026-08-19 20:08:36,230 [e2lora.py] => CA Task 41 => Loss 0.125, Test_accy 78.750
2026-08-19 20:08:53,242 [e2lora.py] => CA Task 41 => Loss 0.117, Test_accy 78.820
2026-08-19 20:09:09,582 [e2lora.py] => Exemplar size: 0
2026-08-19 20:09:09,582 [trainer.py] => No NME accuracy.
2026-08-19 20:09:09,582 [trainer.py] => CNN: {'total': 78.82, '00-03': 60.17, '04-07': 79.23, '08-11': 69.86, '12-15': 79.55, '16-19': 75.0, '20-23': 77.5, '24-27': 82.61, '28-31': 81.2, '32-35': 75.37, '36-39': 82.61, '40-43': 81.0, '44-47': 70.69, '48-51': 85.83, '52-55': 80.3, '56-59': 75.86, '60-63': 76.69, '64-67': 79.37, '68-71': 88.68, '72-75': 78.9, '76-79': 72.28, '80-83': 82.64, '84-87': 80.0, '88-91': 80.34, '92-95': 72.09, '96-99': 76.92, '100-103': 79.67, '104-107': 76.99, '108-111': 83.33, '112-115': 71.05, '116-119': 80.84, '120-123': 81.58, '124-127': 76.7, '128-131': 83.78, '132-135': 82.86, '136-139': 78.01, '140-143': 88.31, '144-147': 73.89, '148-151': 86.01, '152-155': 81.58, '156-159': 81.16, '160-163': 78.38, '164-167': 77.21, 'old': 78.87, 'new': 77.21}
2026-08-19 20:09:09,582 [trainer.py] => CNN top1 curve: [95.76, 93.15, 92.13, 90.88, 91.12, 89.12, 88.85, 89.31, 88.17, 86.1, 86.86, 86.29, 85.9, 85.66, 85.17, 83.41, 83.82, 83.83, 84.14, 83.71, 83.12, 83.02, 82.81, 81.86, 81.65, 81.07, 81.05, 80.68, 80.22, 80.04, 80.08, 79.94, 79.65, 79.71, 79.44, 79.82, 79.22, 79.3, 79.18, 79.18, 78.91, 78.82]
2026-08-19 20:09:09,582 [trainer.py] => CNN top5 curve: [99.6, 98.73, 98.25, 98.57, 97.92, 97.43, 97.28, 96.92, 96.86, 96.66, 96.46, 96.19, 96.14, 96.11, 95.64, 95.16, 94.99, 94.71, 94.41, 94.41, 94.15, 93.97, 93.81, 93.54, 93.23, 93.28, 93.39, 93.0, 92.68, 92.64, 92.52, 92.75, 92.63, 92.2, 92.58, 92.38, 92.37, 92.56, 92.24, 92.21, 91.88]

Average Accuracy (CNN): 83.8607142857143
2026-08-19 20:09:09,582 [trainer.py] => Average Accuracy (CNN): 83.8607142857143 

old_rank: 3000/3072
old_rank: 2211/2304
old_rank: 3000/3072
old_rank: 2248/2304
old_rank: 2999/3072
old_rank: 2248/2304
old_rank: 2998/3072
old_rank: 2247/2304
old_rank: 2996/3072
old_rank: 2249/2304
old_rank: 2999/3072
old_rank: 2250/2304
old_rank: 2997/3072
old_rank: 2248/2304
old_rank: 3000/3072
old_rank: 2250/2304
old_rank: 3000/3072
old_rank: 2250/2304
old_rank: 2999/3072
old_rank: 2249/2304
old_rank: 2997/3072
old_rank: 2250/2304
old_rank: 2991/3072
old_rank: 2242/2304
2026-08-19 20:09:15,162 [trainer.py] => All params: 312420264
2026-08-19 20:09:15,166 [trainer.py] => Trainable params: 1353384
2026-08-19 20:09:15,166 [e2lora.py] => Learning on 168-172

  0%|          | 0/5 [00:00<?, ?it/s]
Task 42, Epoch 1/5 => Loss 0.839, Train_accy 7.33:   0%|          | 0/5 [00:06<?, ?it/s]
Task 42, Epoch 1/5 => Loss 0.839, Train_accy 7.33:  20%|██        | 1/5 [00:06<00:25,  6.31s/it]
Task 42, Epoch 2/5 => Loss 0.285, Train_accy 34.55:  20%|██        | 1/5 [00:12<00:25,  6.31s/it]
Task 42, Epoch 2/5 => Loss 0.285, Train_accy 34.55:  40%|████      | 2/5 [00:12<00:18,  6.27s/it]
Task 42, Epoch 3/5 => Loss 0.168, Train_accy 46.07:  40%|████      | 2/5 [00:18<00:18,  6.27s/it]
Task 42, Epoch 3/5 => Loss 0.168, Train_accy 46.07:  60%|██████    | 3/5 [00:18<00:12,  6.29s/it]
Task 42, Epoch 4/5 => Loss 0.144, Train_accy 50.79:  60%|██████    | 3/5 [00:25<00:12,  6.29s/it]
Task 42, Epoch 4/5 => Loss 0.144, Train_accy 50.79:  80%|████████  | 4/5 [00:25<00:06,  6.26s/it]
Task 42, Epoch 5/5 => Loss 0.118, Train_accy 52.62, Test_accy 78.47:  80%|████████  | 4/5 [00:48<00:06,  6.26s/it]
Task 42, Epoch 5/5 => Loss 0.118, Train_accy 52.62, Test_accy 78.47: 100%|██████████| 5/5 [00:48<00:00, 12.38s/it]
Task 42, Epoch 5/5 => Loss 0.118, Train_accy 52.62, Test_accy 78.47: 100%|██████████| 5/5 [00:48<00:00,  9.66s/it]
2026-08-19 20:10:03,842 [e2lora.py] => Task 42, Epoch 5/5 => Loss 0.118, Train_accy 52.62, Test_accy 78.47
2026-08-19 20:11:11,286 [e2lora.py] => CA Task 42 => Loss 0.133, Test_accy 78.740
2026-08-19 20:11:29,370 [e2lora.py] => CA Task 42 => Loss 0.126, Test_accy 79.060
2026-08-19 20:11:47,554 [e2lora.py] => CA Task 42 => Loss 0.118, Test_accy 79.060
2026-08-19 20:12:12,845 [e2lora.py] => Exemplar size: 0
2026-08-19 20:12:12,846 [trainer.py] => No NME accuracy.
2026-08-19 20:12:12,846 [trainer.py] => CNN: {'total': 79.06, '00-03': 61.86, '04-07': 79.23, '08-11': 69.18, '12-15': 78.98, '16-19': 75.0, '20-23': 77.5, '24-27': 81.74, '28-31': 81.95, '32-35': 75.37, '36-39': 83.33, '40-43': 80.0, '44-47': 70.69, '48-51': 85.83, '52-55': 81.06, '56-59': 75.0, '60-63': 76.69, '64-67': 79.37, '68-71': 88.68, '72-75': 79.82, '76-79': 72.28, '80-83': 81.94, '84-87': 80.0, '88-91': 80.34, '92-95': 72.09, '96-99': 76.92, '100-103': 81.3, '104-107': 76.99, '108-111': 83.33, '112-115': 71.05, '116-119': 82.24, '120-123': 84.21, '124-127': 76.7, '128-131': 83.78, '132-135': 82.86, '136-139': 78.01, '140-143': 88.31, '144-147': 73.89, '148-151': 86.71, '152-155': 81.58, '156-159': 81.88, '160-163': 78.38, '164-167': 77.94, '168-171': 80.21, 'old': 79.04, 'new': 80.21}
2026-08-19 20:12:12,846 [trainer.py] => CNN top1 curve: [95.76, 93.15, 92.13, 90.88, 91.12, 89.12, 88.85, 89.31, 88.17, 86.1, 86.86, 86.29, 85.9, 85.66, 85.17, 83.41, 83.82, 83.83, 84.14, 83.71, 83.12, 83.02, 82.81, 81.86, 81.65, 81.07, 81.05, 80.68, 80.22, 80.04, 80.08, 79.94, 79.65, 79.71, 79.44, 79.82, 79.22, 79.3, 79.18, 79.18, 78.91, 78.82, 79.06]
2026-08-19 20:12:12,846 [trainer.py] => CNN top5 curve: [99.6, 98.73, 98.25, 98.57, 97.92, 97.43, 97.28, 96.92, 96.86, 96.66, 96.46, 96.19, 96.14, 96.11, 95.64, 95.16, 94.99, 94.71, 94.41, 94.41, 94.15, 93.97, 93.81, 93.54, 93.23, 93.28, 93.39, 93.0, 92.68, 92.64, 92.52, 92.75, 92.63, 92.2, 92.58, 92.38, 92.37, 92.56, 92.24, 92.21, 91.88, 92.0]

Average Accuracy (CNN): 83.74906976744187
2026-08-19 20:12:12,847 [trainer.py] => Average Accuracy (CNN): 83.74906976744187 

old_rank: 3001/3072
old_rank: 2121/2304
old_rank: 2998/3072
old_rank: 2229/2304
old_rank: 3000/3072
old_rank: 2248/2304
old_rank: 3001/3072
old_rank: 2251/2304
old_rank: 3000/3072
old_rank: 2251/2304
old_rank: 3000/3072
old_rank: 2250/2304
old_rank: 3002/3072
old_rank: 2251/2304
old_rank: 3002/3072
old_rank: 2247/2304
old_rank: 3001/3072
old_rank: 2251/2304
old_rank: 3000/3072
old_rank: 2251/2304
old_rank: 3002/3072
old_rank: 2248/2304
old_rank: 3000/3072
old_rank: 2251/2304
2026-08-19 20:12:20,485 [trainer.py] => All params: 312423340
2026-08-19 20:12:20,488 [trainer.py] => Trainable params: 1404076
2026-08-19 20:12:20,538 [e2lora.py] => Learning on 172-176

  0%|          | 0/5 [00:00<?, ?it/s]
Task 43, Epoch 1/5 => Loss 0.906, Train_accy 0.68:   0%|          | 0/5 [00:05<?, ?it/s]
Task 43, Epoch 1/5 => Loss 0.906, Train_accy 0.68:  20%|██        | 1/5 [00:05<00:21,  5.27s/it]
Task 43, Epoch 2/5 => Loss 0.251, Train_accy 19.80:  20%|██        | 1/5 [00:10<00:21,  5.27s/it]
Task 43, Epoch 2/5 => Loss 0.251, Train_accy 19.80:  40%|████      | 2/5 [00:10<00:15,  5.27s/it]
Task 43, Epoch 3/5 => Loss 0.111, Train_accy 32.42:  40%|████      | 2/5 [00:15<00:15,  5.27s/it]
Task 43, Epoch 3/5 => Loss 0.111, Train_accy 32.42:  60%|██████    | 3/5 [00:15<00:10,  5.31s/it]
Task 43, Epoch 4/5 => Loss 0.093, Train_accy 37.88:  60%|██████    | 3/5 [00:21<00:10,  5.31s/it]
Task 43, Epoch 4/5 => Loss 0.093, Train_accy 37.88:  80%|████████  | 4/5 [00:21<00:05,  5.30s/it]
Task 43, Epoch 5/5 => Loss 0.110, Train_accy 49.49, Test_accy 78.76:  80%|████████  | 4/5 [00:43<00:05,  5.30s/it]
Task 43, Epoch 5/5 => Loss 0.110, Train_accy 49.49, Test_accy 78.76: 100%|██████████| 5/5 [00:43<00:00, 11.42s/it]
Task 43, Epoch 5/5 => Loss 0.110, Train_accy 49.49, Test_accy 78.76: 100%|██████████| 5/5 [00:43<00:00,  8.69s/it]
2026-08-19 20:13:04,371 [e2lora.py] => Task 43, Epoch 5/5 => Loss 0.110, Train_accy 49.49, Test_accy 78.76
2026-08-19 20:14:14,175 [e2lora.py] => CA Task 43 => Loss 0.124, Test_accy 78.910
2026-08-19 20:14:32,436 [e2lora.py] => CA Task 43 => Loss 0.121, Test_accy 78.880
2026-08-19 20:14:50,304 [e2lora.py] => CA Task 43 => Loss 0.118, Test_accy 78.820
2026-08-19 20:15:07,566 [e2lora.py] => Exemplar size: 0
2026-08-19 20:15:07,566 [trainer.py] => No NME accuracy.
2026-08-19 20:15:07,566 [trainer.py] => CNN: {'total': 78.82, '00-03': 60.17, '04-07': 76.92, '08-11': 68.49, '12-15': 78.41, '16-19': 75.0, '20-23': 78.33, '24-27': 80.87, '28-31': 81.2, '32-35': 75.37, '36-39': 83.33, '40-43': 79.0, '44-47': 69.83, '48-51': 84.25, '52-55': 80.3, '56-59': 74.14, '60-63': 75.19, '64-67': 79.37, '68-71': 88.68, '72-75': 77.06, '76-79': 72.28, '80-83': 81.25, '84-87': 80.0, '88-91': 81.2, '92-95': 72.09, '96-99': 76.92, '100-103': 81.3, '104-107': 76.99, '108-111': 82.35, '112-115': 71.05, '116-119': 81.78, '120-123': 84.21, '124-127': 76.7, '128-131': 84.68, '132-135': 82.86, '136-139': 78.01, '140-143': 88.96, '144-147': 73.89, '148-151': 86.71, '152-155': 82.46, '156-159': 82.61, '160-163': 75.68, '164-167': 80.88, '168-171': 81.25, '172-175': 80.82, 'old': 78.79, 'new': 80.82}
2026-08-19 20:15:07,566 [trainer.py] => CNN top1 curve: [95.76, 93.15, 92.13, 90.88, 91.12, 89.12, 88.85, 89.31, 88.17, 86.1, 86.86, 86.29, 85.9, 85.66, 85.17, 83.41, 83.82, 83.83, 84.14, 83.71, 83.12, 83.02, 82.81, 81.86, 81.65, 81.07, 81.05, 80.68, 80.22, 80.04, 80.08, 79.94, 79.65, 79.71, 79.44, 79.82, 79.22, 79.3, 79.18, 79.18, 78.91, 78.82, 79.06, 78.82]
2026-08-19 20:15:07,566 [trainer.py] => CNN top5 curve: [99.6, 98.73, 98.25, 98.57, 97.92, 97.43, 97.28, 96.92, 96.86, 96.66, 96.46, 96.19, 96.14, 96.11, 95.64, 95.16, 94.99, 94.71, 94.41, 94.41, 94.15, 93.97, 93.81, 93.54, 93.23, 93.28, 93.39, 93.0, 92.68, 92.64, 92.52, 92.75, 92.63, 92.2, 92.58, 92.38, 92.37, 92.56, 92.24, 92.21, 91.88, 92.0, 91.89]

Average Accuracy (CNN): 83.63704545454547
2026-08-19 20:15:07,566 [trainer.py] => Average Accuracy (CNN): 83.63704545454547 

old_rank: 3003/3072
old_rank: 2174/2304
old_rank: 2999/3072
old_rank: 2239/2304
old_rank: 3002/3072
old_rank: 2250/2304
old_rank: 3003/3072
old_rank: 2251/2304
old_rank: 3003/3072
old_rank: 2250/2304
old_rank: 3003/3072
old_rank: 2252/2304
old_rank: 3002/3072
old_rank: 2250/2304
old_rank: 3003/3072
old_rank: 2251/2304
old_rank: 3002/3072
old_rank: 2251/2304
old_rank: 3001/3072
old_rank: 2252/2304
old_rank: 3002/3072
old_rank: 2252/2304
old_rank: 2997/3072
old_rank: 2248/2304
2026-08-19 20:15:13,586 [trainer.py] => All params: 312426416
2026-08-19 20:15:13,591 [trainer.py] => Trainable params: 1342640
2026-08-19 20:15:13,591 [e2lora.py] => Learning on 176-180

  0%|          | 0/5 [00:00<?, ?it/s]
Task 44, Epoch 1/5 => Loss 0.767, Train_accy 0.47:   0%|          | 0/5 [00:06<?, ?it/s]
Task 44, Epoch 1/5 => Loss 0.767, Train_accy 0.47:  20%|██        | 1/5 [00:06<00:26,  6.75s/it]
Task 44, Epoch 2/5 => Loss 0.168, Train_accy 23.46:  20%|██        | 1/5 [00:13<00:26,  6.75s/it]
Task 44, Epoch 2/5 => Loss 0.168, Train_accy 23.46:  40%|████      | 2/5 [00:13<00:19,  6.65s/it]
Task 44, Epoch 3/5 => Loss 0.146, Train_accy 41.00:  40%|████      | 2/5 [00:20<00:19,  6.65s/it]
Task 44, Epoch 3/5 => Loss 0.146, Train_accy 41.00:  60%|██████    | 3/5 [00:20<00:13,  6.68s/it]
Task 44, Epoch 4/5 => Loss 0.117, Train_accy 42.89:  60%|██████    | 3/5 [00:26<00:13,  6.68s/it]
Task 44, Epoch 4/5 => Loss 0.117, Train_accy 42.89:  80%|████████  | 4/5 [00:26<00:06,  6.72s/it]
Task 44, Epoch 5/5 => Loss 0.101, Train_accy 50.00, Test_accy 78.48:  80%|████████  | 4/5 [00:50<00:06,  6.72s/it]
Task 44, Epoch 5/5 => Loss 0.101, Train_accy 50.00, Test_accy 78.48: 100%|██████████| 5/5 [00:50<00:00, 13.00s/it]
Task 44, Epoch 5/5 => Loss 0.101, Train_accy 50.00, Test_accy 78.48: 100%|██████████| 5/5 [00:50<00:00, 10.19s/it]
2026-08-19 20:16:04,910 [e2lora.py] => Task 44, Epoch 5/5 => Loss 0.101, Train_accy 50.00, Test_accy 78.48
2026-08-19 20:17:17,151 [e2lora.py] => CA Task 44 => Loss 0.128, Test_accy 78.810
2026-08-19 20:17:35,527 [e2lora.py] => CA Task 44 => Loss 0.116, Test_accy 78.750
2026-08-19 20:17:54,265 [e2lora.py] => CA Task 44 => Loss 0.115, Test_accy 78.750
2026-08-19 20:18:11,855 [e2lora.py] => Exemplar size: 0
2026-08-19 20:18:11,855 [trainer.py] => No NME accuracy.
2026-08-19 20:18:11,855 [trainer.py] => CNN: {'total': 78.75, '00-03': 58.47, '04-07': 76.15, '08-11': 68.49, '12-15': 77.84, '16-19': 73.44, '20-23': 77.5, '24-27': 80.87, '28-31': 81.2, '32-35': 74.63, '36-39': 83.33, '40-43': 79.0, '44-47': 69.83, '48-51': 84.25, '52-55': 80.3, '56-59': 74.14, '60-63': 75.19, '64-67': 79.37, '68-71': 88.68, '72-75': 79.82, '76-79': 72.28, '80-83': 83.33, '84-87': 80.83, '88-91': 80.34, '92-95': 72.09, '96-99': 76.92, '100-103': 80.49, '104-107': 76.99, '108-111': 83.33, '112-115': 72.81, '116-119': 81.78, '120-123': 81.58, '124-127': 75.73, '128-131': 83.78, '132-135': 82.86, '136-139': 78.01, '140-143': 88.96, '144-147': 72.61, '148-151': 86.71, '152-155': 83.33, '156-159': 81.88, '160-163': 74.32, '164-167': 77.94, '168-171': 81.25, '172-175': 78.08, '176-179': 88.57, 'old': 78.56, 'new': 88.57}
2026-08-19 20:18:11,855 [trainer.py] => CNN top1 curve: [95.76, 93.15, 92.13, 90.88, 91.12, 89.12, 88.85, 89.31, 88.17, 86.1, 86.86, 86.29, 85.9, 85.66, 85.17, 83.41, 83.82, 83.83, 84.14, 83.71, 83.12, 83.02, 82.81, 81.86, 81.65, 81.07, 81.05, 80.68, 80.22, 80.04, 80.08, 79.94, 79.65, 79.71, 79.44, 79.82, 79.22, 79.3, 79.18, 79.18, 78.91, 78.82, 79.06, 78.82, 78.75]
2026-08-19 20:18:11,855 [trainer.py] => CNN top5 curve: [99.6, 98.73, 98.25, 98.57, 97.92, 97.43, 97.28, 96.92, 96.86, 96.66, 96.46, 96.19, 96.14, 96.11, 95.64, 95.16, 94.99, 94.71, 94.41, 94.41, 94.15, 93.97, 93.81, 93.54, 93.23, 93.28, 93.39, 93.0, 92.68, 92.64, 92.52, 92.75, 92.63, 92.2, 92.58, 92.38, 92.37, 92.56, 92.24, 92.21, 91.88, 92.0, 91.89, 92.01]

Average Accuracy (CNN): 83.52844444444446
2026-08-19 20:18:11,855 [trainer.py] => Average Accuracy (CNN): 83.52844444444446 

old_rank: 3004/3072
old_rank: 2217/2304
old_rank: 3005/3072
old_rank: 2247/2304
old_rank: 3004/3072
old_rank: 2253/2304
old_rank: 3003/3072
old_rank: 2247/2304
old_rank: 3004/3072
old_rank: 2252/2304
old_rank: 3004/3072
old_rank: 2249/2304
old_rank: 3005/3072
old_rank: 2250/2304
old_rank: 3005/3072
old_rank: 2252/2304
old_rank: 3004/3072
old_rank: 2252/2304
old_rank: 3005/3072
old_rank: 2250/2304
old_rank: 3004/3072
old_rank: 2253/2304
old_rank: 3003/3072
old_rank: 2252/2304
2026-08-19 20:18:18,265 [trainer.py] => All params: 312429492
2026-08-19 20:18:18,270 [trainer.py] => Trainable params: 1281204
2026-08-19 20:18:18,271 [e2lora.py] => Learning on 180-184

  0%|          | 0/5 [00:00<?, ?it/s]
Task 45, Epoch 1/5 => Loss 0.765, Train_accy 0.00:   0%|          | 0/5 [00:07<?, ?it/s]
Task 45, Epoch 1/5 => Loss 0.765, Train_accy 0.00:  20%|██        | 1/5 [00:07<00:31,  7.87s/it]
Task 45, Epoch 2/5 => Loss 0.218, Train_accy 18.27:  20%|██        | 1/5 [00:15<00:31,  7.87s/it]
Task 45, Epoch 2/5 => Loss 0.218, Train_accy 18.27:  40%|████      | 2/5 [00:15<00:23,  7.83s/it]
Task 45, Epoch 3/5 => Loss 0.205, Train_accy 31.43:  40%|████      | 2/5 [00:23<00:23,  7.83s/it]
Task 45, Epoch 3/5 => Loss 0.205, Train_accy 31.43:  60%|██████    | 3/5 [00:23<00:15,  7.74s/it]
Task 45, Epoch 4/5 => Loss 0.161, Train_accy 40.67:  60%|██████    | 3/5 [00:30<00:15,  7.74s/it]
Task 45, Epoch 4/5 => Loss 0.161, Train_accy 40.67:  80%|████████  | 4/5 [00:30<00:07,  7.72s/it]
Task 45, Epoch 5/5 => Loss 0.125, Train_accy 38.90, Test_accy 78.07:  80%|████████  | 4/5 [00:56<00:07,  7.72s/it]
Task 45, Epoch 5/5 => Loss 0.125, Train_accy 38.90, Test_accy 78.07: 100%|██████████| 5/5 [00:56<00:00, 14.13s/it]
Task 45, Epoch 5/5 => Loss 0.125, Train_accy 38.90, Test_accy 78.07: 100%|██████████| 5/5 [00:56<00:00, 11.30s/it]
2026-08-19 20:19:15,131 [e2lora.py] => Task 45, Epoch 5/5 => Loss 0.125, Train_accy 38.90, Test_accy 78.07
2026-08-19 20:20:31,808 [e2lora.py] => CA Task 45 => Loss 0.130, Test_accy 78.610
2026-08-19 20:20:52,244 [e2lora.py] => CA Task 45 => Loss 0.122, Test_accy 78.570
2026-08-19 20:21:11,173 [e2lora.py] => CA Task 45 => Loss 0.118, Test_accy 78.500
2026-08-19 20:21:28,878 [e2lora.py] => Exemplar size: 0
2026-08-19 20:21:28,878 [trainer.py] => No NME accuracy.
2026-08-19 20:21:28,878 [trainer.py] => CNN: {'total': 78.5, '00-03': 59.32, '04-07': 75.38, '08-11': 68.49, '12-15': 77.84, '16-19': 72.66, '20-23': 76.67, '24-27': 81.74, '28-31': 81.2, '32-35': 73.88, '36-39': 83.33, '40-43': 78.0, '44-47': 68.97, '48-51': 83.46, '52-55': 80.3, '56-59': 73.28, '60-63': 75.19, '64-67': 80.16, '68-71': 88.68, '72-75': 79.82, '76-79': 72.28, '80-83': 83.33, '84-87': 80.0, '88-91': 80.34, '92-95': 68.6, '96-99': 75.38, '100-103': 78.86, '104-107': 76.99, '108-111': 83.33, '112-115': 72.81, '116-119': 81.78, '120-123': 82.46, '124-127': 75.73, '128-131': 83.78, '132-135': 82.86, '136-139': 77.3, '140-143': 89.61, '144-147': 71.97, '148-151': 86.71, '152-155': 83.33, '156-159': 81.88, '160-163': 74.32, '164-167': 80.15, '168-171': 81.25, '172-175': 78.08, '176-179': 89.52, '180-183': 74.02, 'old': 78.6, 'new': 74.02}
2026-08-19 20:21:28,878 [trainer.py] => CNN top1 curve: [95.76, 93.15, 92.13, 90.88, 91.12, 89.12, 88.85, 89.31, 88.17, 86.1, 86.86, 86.29, 85.9, 85.66, 85.17, 83.41, 83.82, 83.83, 84.14, 83.71, 83.12, 83.02, 82.81, 81.86, 81.65, 81.07, 81.05, 80.68, 80.22, 80.04, 80.08, 79.94, 79.65, 79.71, 79.44, 79.82, 79.22, 79.3, 79.18, 79.18, 78.91, 78.82, 79.06, 78.82, 78.75, 78.5]
2026-08-19 20:21:28,878 [trainer.py] => CNN top5 curve: [99.6, 98.73, 98.25, 98.57, 97.92, 97.43, 97.28, 96.92, 96.86, 96.66, 96.46, 96.19, 96.14, 96.11, 95.64, 95.16, 94.99, 94.71, 94.41, 94.41, 94.15, 93.97, 93.81, 93.54, 93.23, 93.28, 93.39, 93.0, 92.68, 92.64, 92.52, 92.75, 92.63, 92.2, 92.58, 92.38, 92.37, 92.56, 92.24, 92.21, 91.88, 92.0, 91.89, 92.01, 91.74]

Average Accuracy (CNN): 83.41913043478262
2026-08-19 20:21:28,878 [trainer.py] => Average Accuracy (CNN): 83.41913043478262 

old_rank: 3006/3072
old_rank: 2132/2304
old_rank: 3004/3072
old_rank: 2228/2304
old_rank: 3006/3072
old_rank: 2252/2304
old_rank: 3005/3072
old_rank: 2253/2304
old_rank: 3006/3072
old_rank: 2252/2304
old_rank: 3003/3072
old_rank: 2253/2304
old_rank: 3006/3072
old_rank: 2252/2304
old_rank: 3005/3072
old_rank: 2254/2304
old_rank: 3006/3072
old_rank: 2253/2304
old_rank: 3005/3072
old_rank: 2254/2304
old_rank: 3006/3072
old_rank: 2252/2304
old_rank: 2999/3072
old_rank: 2253/2304
2026-08-19 20:21:35,607 [trainer.py] => All params: 312432568
2026-08-19 20:21:35,611 [trainer.py] => Trainable params: 1344952
2026-08-19 20:21:35,612 [e2lora.py] => Learning on 184-188

  0%|          | 0/5 [00:00<?, ?it/s]
Task 46, Epoch 1/5 => Loss 0.757, Train_accy 2.66:   0%|          | 0/5 [00:07<?, ?it/s]
Task 46, Epoch 1/5 => Loss 0.757, Train_accy 2.66:  20%|██        | 1/5 [00:07<00:28,  7.09s/it]
Task 46, Epoch 2/5 => Loss 0.364, Train_accy 38.36:  20%|██        | 1/5 [00:14<00:28,  7.09s/it]
Task 46, Epoch 2/5 => Loss 0.364, Train_accy 38.36:  40%|████      | 2/5 [00:14<00:21,  7.06s/it]
Task 46, Epoch 3/5 => Loss 0.120, Train_accy 47.01:  40%|████      | 2/5 [00:21<00:21,  7.06s/it]
Task 46, Epoch 3/5 => Loss 0.120, Train_accy 47.01:  60%|██████    | 3/5 [00:21<00:14,  7.06s/it]
Task 46, Epoch 4/5 => Loss 0.137, Train_accy 53.88:  60%|██████    | 3/5 [00:28<00:14,  7.06s/it]
Task 46, Epoch 4/5 => Loss 0.137, Train_accy 53.88:  80%|████████  | 4/5 [00:28<00:07,  7.09s/it]
Task 46, Epoch 5/5 => Loss 0.132, Train_accy 54.77, Test_accy 77.41:  80%|████████  | 4/5 [00:53<00:07,  7.09s/it]
Task 46, Epoch 5/5 => Loss 0.132, Train_accy 54.77, Test_accy 77.41: 100%|██████████| 5/5 [00:53<00:00, 13.58s/it]
Task 46, Epoch 5/5 => Loss 0.132, Train_accy 54.77, Test_accy 77.41: 100%|██████████| 5/5 [00:53<00:00, 10.68s/it]
2026-08-19 20:22:29,393 [e2lora.py] => Task 46, Epoch 5/5 => Loss 0.132, Train_accy 54.77, Test_accy 77.41
2026-08-19 20:23:44,466 [e2lora.py] => CA Task 46 => Loss 0.130, Test_accy 78.280
2026-08-19 20:24:03,653 [e2lora.py] => CA Task 46 => Loss 0.126, Test_accy 78.450
2026-08-19 20:24:22,888 [e2lora.py] => CA Task 46 => Loss 0.118, Test_accy 78.360
2026-08-19 20:24:40,949 [e2lora.py] => Exemplar size: 0
2026-08-19 20:24:40,949 [trainer.py] => No NME accuracy.
2026-08-19 20:24:40,949 [trainer.py] => CNN: {'total': 78.36, '00-03': 59.32, '04-07': 73.85, '08-11': 67.81, '12-15': 77.84, '16-19': 73.44, '20-23': 77.5, '24-27': 82.61, '28-31': 79.7, '32-35': 73.13, '36-39': 84.06, '40-43': 78.0, '44-47': 68.97, '48-51': 83.46, '52-55': 77.27, '56-59': 72.41, '60-63': 75.19, '64-67': 80.16, '68-71': 88.68, '72-75': 78.9, '76-79': 72.28, '80-83': 81.94, '84-87': 80.0, '88-91': 78.63, '92-95': 73.26, '96-99': 75.38, '100-103': 80.49, '104-107': 76.99, '108-111': 83.33, '112-115': 73.68, '116-119': 82.71, '120-123': 84.21, '124-127': 75.73, '128-131': 83.78, '132-135': 82.86, '136-139': 77.3, '140-143': 88.31, '144-147': 72.61, '148-151': 86.01, '152-155': 85.09, '156-159': 81.88, '160-163': 74.32, '164-167': 83.09, '168-171': 79.17, '172-175': 76.71, '176-179': 89.52, '180-183': 74.8, '184-187': 70.8, 'old': 78.52, 'new': 70.8}
2026-08-19 20:24:40,949 [trainer.py] => CNN top1 curve: [95.76, 93.15, 92.13, 90.88, 91.12, 89.12, 88.85, 89.31, 88.17, 86.1, 86.86, 86.29, 85.9, 85.66, 85.17, 83.41, 83.82, 83.83, 84.14, 83.71, 83.12, 83.02, 82.81, 81.86, 81.65, 81.07, 81.05, 80.68, 80.22, 80.04, 80.08, 79.94, 79.65, 79.71, 79.44, 79.82, 79.22, 79.3, 79.18, 79.18, 78.91, 78.82, 79.06, 78.82, 78.75, 78.5, 78.36]
2026-08-19 20:24:40,949 [trainer.py] => CNN top5 curve: [99.6, 98.73, 98.25, 98.57, 97.92, 97.43, 97.28, 96.92, 96.86, 96.66, 96.46, 96.19, 96.14, 96.11, 95.64, 95.16, 94.99, 94.71, 94.41, 94.41, 94.15, 93.97, 93.81, 93.54, 93.23, 93.28, 93.39, 93.0, 92.68, 92.64, 92.52, 92.75, 92.63, 92.2, 92.58, 92.38, 92.37, 92.56, 92.24, 92.21, 91.88, 92.0, 91.89, 92.01, 91.74, 91.57]

Average Accuracy (CNN): 83.31148936170214
2026-08-19 20:24:40,949 [trainer.py] => Average Accuracy (CNN): 83.31148936170214 

old_rank: 3006/3072
old_rank: 2166/2304
old_rank: 3007/3072
old_rank: 2246/2304
old_rank: 3007/3072
old_rank: 2253/2304
old_rank: 3006/3072
old_rank: 2255/2304
old_rank: 3006/3072
old_rank: 2255/2304
old_rank: 3006/3072
old_rank: 2255/2304
old_rank: 3008/3072
old_rank: 2254/2304
old_rank: 3007/3072
old_rank: 2256/2304
old_rank: 3007/3072
old_rank: 2256/2304
old_rank: 3006/3072
old_rank: 2256/2304
old_rank: 3008/3072
old_rank: 2256/2304
old_rank: 3007/3072
old_rank: 2251/2304
2026-08-19 20:24:47,795 [trainer.py] => All params: 312435644
2026-08-19 20:24:47,799 [trainer.py] => Trainable params: 1275068
2026-08-19 20:24:47,799 [e2lora.py] => Learning on 188-192

  0%|          | 0/5 [00:00<?, ?it/s]
Task 47, Epoch 1/5 => Loss 0.626, Train_accy 0.22:   0%|          | 0/5 [00:07<?, ?it/s]
Task 47, Epoch 1/5 => Loss 0.626, Train_accy 0.22:  20%|██        | 1/5 [00:07<00:28,  7.19s/it]
Task 47, Epoch 2/5 => Loss 0.184, Train_accy 13.76:  20%|██        | 1/5 [00:14<00:28,  7.19s/it]
Task 47, Epoch 2/5 => Loss 0.184, Train_accy 13.76:  40%|████      | 2/5 [00:14<00:21,  7.13s/it]
Task 47, Epoch 3/5 => Loss 0.131, Train_accy 20.52:  40%|████      | 2/5 [00:21<00:21,  7.13s/it]
Task 47, Epoch 3/5 => Loss 0.131, Train_accy 20.52:  60%|██████    | 3/5 [00:21<00:14,  7.14s/it]
Task 47, Epoch 4/5 => Loss 0.113, Train_accy 21.83:  60%|██████    | 3/5 [00:28<00:14,  7.14s/it]
Task 47, Epoch 4/5 => Loss 0.113, Train_accy 21.83:  80%|████████  | 4/5 [00:28<00:07,  7.12s/it]
Task 47, Epoch 5/5 => Loss 0.058, Train_accy 26.42, Test_accy 77.26:  80%|████████  | 4/5 [00:54<00:07,  7.12s/it]
Task 47, Epoch 5/5 => Loss 0.058, Train_accy 26.42, Test_accy 77.26: 100%|██████████| 5/5 [00:54<00:00, 13.78s/it]
Task 47, Epoch 5/5 => Loss 0.058, Train_accy 26.42, Test_accy 77.26: 100%|██████████| 5/5 [00:54<00:00, 10.83s/it]
2026-08-19 20:25:42,293 [e2lora.py] => Task 47, Epoch 5/5 => Loss 0.058, Train_accy 26.42, Test_accy 77.26
2026-08-19 20:26:54,470 [e2lora.py] => CA Task 47 => Loss 0.136, Test_accy 78.050
2026-08-19 20:27:14,069 [e2lora.py] => CA Task 47 => Loss 0.123, Test_accy 78.000
2026-08-19 20:27:33,381 [e2lora.py] => CA Task 47 => Loss 0.120, Test_accy 78.020
2026-08-19 20:27:51,818 [e2lora.py] => Exemplar size: 0
2026-08-19 20:27:51,818 [trainer.py] => No NME accuracy.
2026-08-19 20:27:51,818 [trainer.py] => CNN: {'total': 78.02, '00-03': 57.63, '04-07': 71.54, '08-11': 68.49, '12-15': 78.41, '16-19': 72.66, '20-23': 77.5, '24-27': 83.48, '28-31': 76.69, '32-35': 76.12, '36-39': 82.61, '40-43': 80.0, '44-47': 69.83, '48-51': 85.04, '52-55': 77.27, '56-59': 72.41, '60-63': 74.44, '64-67': 80.95, '68-71': 87.74, '72-75': 77.98, '76-79': 71.29, '80-83': 82.64, '84-87': 80.0, '88-91': 78.63, '92-95': 70.93, '96-99': 75.38, '100-103': 78.86, '104-107': 76.99, '108-111': 83.33, '112-115': 72.81, '116-119': 81.31, '120-123': 83.33, '124-127': 75.73, '128-131': 84.68, '132-135': 82.86, '136-139': 78.72, '140-143': 88.96, '144-147': 72.61, '148-151': 86.01, '152-155': 83.33, '156-159': 81.16, '160-163': 74.32, '164-167': 81.62, '168-171': 79.17, '172-175': 78.08, '176-179': 89.52, '180-183': 73.23, '184-187': 72.57, '188-191': 70.43, 'old': 78.17, 'new': 70.43}
2026-08-19 20:27:51,819 [trainer.py] => CNN top1 curve: [95.76, 93.15, 92.13, 90.88, 91.12, 89.12, 88.85, 89.31, 88.17, 86.1, 86.86, 86.29, 85.9, 85.66, 85.17, 83.41, 83.82, 83.83, 84.14, 83.71, 83.12, 83.02, 82.81, 81.86, 81.65, 81.07, 81.05, 80.68, 80.22, 80.04, 80.08, 79.94, 79.65, 79.71, 79.44, 79.82, 79.22, 79.3, 79.18, 79.18, 78.91, 78.82, 79.06, 78.82, 78.75, 78.5, 78.36, 78.02]
2026-08-19 20:27:51,819 [trainer.py] => CNN top5 curve: [99.6, 98.73, 98.25, 98.57, 97.92, 97.43, 97.28, 96.92, 96.86, 96.66, 96.46, 96.19, 96.14, 96.11, 95.64, 95.16, 94.99, 94.71, 94.41, 94.41, 94.15, 93.97, 93.81, 93.54, 93.23, 93.28, 93.39, 93.0, 92.68, 92.64, 92.52, 92.75, 92.63, 92.2, 92.58, 92.38, 92.37, 92.56, 92.24, 92.21, 91.88, 92.0, 91.89, 92.01, 91.74, 91.57, 91.5]

Average Accuracy (CNN): 83.20125000000002
2026-08-19 20:27:51,819 [trainer.py] => Average Accuracy (CNN): 83.20125000000002 

old_rank: 3007/3072
old_rank: 2196/2304
old_rank: 3008/3072
old_rank: 2241/2304
old_rank: 3009/3072
old_rank: 2255/2304
old_rank: 3009/3072
old_rank: 2256/2304
old_rank: 3009/3072
old_rank: 2255/2304
old_rank: 3009/3072
old_rank: 2254/2304
old_rank: 3009/3072
old_rank: 2254/2304
old_rank: 3008/3072
old_rank: 2254/2304
old_rank: 3008/3072
old_rank: 2254/2304
old_rank: 3009/3072
old_rank: 2256/2304
old_rank: 3008/3072
old_rank: 2256/2304
old_rank: 3001/3072
old_rank: 2246/2304
2026-08-19 20:27:59,111 [trainer.py] => All params: 312438720
2026-08-19 20:27:59,114 [trainer.py] => Trainable params: 1254336
2026-08-19 20:27:59,114 [e2lora.py] => Learning on 192-196

  0%|          | 0/5 [00:00<?, ?it/s]
Task 48, Epoch 1/5 => Loss 0.891, Train_accy 5.26:   0%|          | 0/5 [00:06<?, ?it/s]
Task 48, Epoch 1/5 => Loss 0.891, Train_accy 5.26:  20%|██        | 1/5 [00:06<00:26,  6.63s/it]
Task 48, Epoch 2/5 => Loss 0.212, Train_accy 22.49:  20%|██        | 1/5 [00:13<00:26,  6.63s/it]
Task 48, Epoch 2/5 => Loss 0.212, Train_accy 22.49:  40%|████      | 2/5 [00:13<00:19,  6.63s/it]
Task 48, Epoch 3/5 => Loss 0.177, Train_accy 36.36:  40%|████      | 2/5 [00:19<00:19,  6.63s/it]
Task 48, Epoch 3/5 => Loss 0.177, Train_accy 36.36:  60%|██████    | 3/5 [00:19<00:13,  6.60s/it]
Task 48, Epoch 4/5 => Loss 0.144, Train_accy 44.98:  60%|██████    | 3/5 [00:26<00:13,  6.60s/it]
Task 48, Epoch 4/5 => Loss 0.144, Train_accy 44.98:  80%|████████  | 4/5 [00:26<00:06,  6.67s/it]
Task 48, Epoch 5/5 => Loss 0.172, Train_accy 44.98, Test_accy 77.67:  80%|████████  | 4/5 [00:51<00:06,  6.67s/it]
Task 48, Epoch 5/5 => Loss 0.172, Train_accy 44.98, Test_accy 77.67: 100%|██████████| 5/5 [00:51<00:00, 13.41s/it]
Task 48, Epoch 5/5 => Loss 0.172, Train_accy 44.98, Test_accy 77.67: 100%|██████████| 5/5 [00:51<00:00, 10.39s/it]
2026-08-19 20:28:51,430 [e2lora.py] => Task 48, Epoch 5/5 => Loss 0.172, Train_accy 44.98, Test_accy 77.67
2026-08-19 20:29:56,198 [e2lora.py] => CA Task 48 => Loss 0.130, Test_accy 78.010
2026-08-19 20:30:16,598 [e2lora.py] => CA Task 48 => Loss 0.126, Test_accy 78.030
2026-08-19 20:30:36,907 [e2lora.py] => CA Task 48 => Loss 0.122, Test_accy 78.000
2026-08-19 20:30:56,075 [e2lora.py] => Exemplar size: 0
2026-08-19 20:30:56,075 [trainer.py] => No NME accuracy.
2026-08-19 20:30:56,075 [trainer.py] => CNN: {'total': 78.0, '00-03': 59.32, '04-07': 71.54, '08-11': 67.81, '12-15': 77.84, '16-19': 71.88, '20-23': 77.5, '24-27': 81.74, '28-31': 76.69, '32-35': 76.12, '36-39': 81.88, '40-43': 80.0, '44-47': 69.83, '48-51': 85.04, '52-55': 78.03, '56-59': 72.41, '60-63': 73.68, '64-67': 80.95, '68-71': 86.79, '72-75': 77.06, '76-79': 70.3, '80-83': 82.64, '84-87': 79.17, '88-91': 78.63, '92-95': 72.09, '96-99': 75.38, '100-103': 78.86, '104-107': 76.99, '108-111': 83.33, '112-115': 73.68, '116-119': 81.31, '120-123': 82.46, '124-127': 75.73, '128-131': 84.68, '132-135': 81.43, '136-139': 78.72, '140-143': 88.96, '144-147': 73.89, '148-151': 86.71, '152-155': 85.96, '156-159': 81.16, '160-163': 75.68, '164-167': 82.35, '168-171': 78.12, '172-175': 79.45, '176-179': 90.48, '180-183': 71.65, '184-187': 74.34, '188-191': 71.3, '192-195': 75.0, 'old': 78.05, 'new': 75.0}
2026-08-19 20:30:56,075 [trainer.py] => CNN top1 curve: [95.76, 93.15, 92.13, 90.88, 91.12, 89.12, 88.85, 89.31, 88.17, 86.1, 86.86, 86.29, 85.9, 85.66, 85.17, 83.41, 83.82, 83.83, 84.14, 83.71, 83.12, 83.02, 82.81, 81.86, 81.65, 81.07, 81.05, 80.68, 80.22, 80.04, 80.08, 79.94, 79.65, 79.71, 79.44, 79.82, 79.22, 79.3, 79.18, 79.18, 78.91, 78.82, 79.06, 78.82, 78.75, 78.5, 78.36, 78.02, 78.0]
2026-08-19 20:30:56,075 [trainer.py] => CNN top5 curve: [99.6, 98.73, 98.25, 98.57, 97.92, 97.43, 97.28, 96.92, 96.86, 96.66, 96.46, 96.19, 96.14, 96.11, 95.64, 95.16, 94.99, 94.71, 94.41, 94.41, 94.15, 93.97, 93.81, 93.54, 93.23, 93.28, 93.39, 93.0, 92.68, 92.64, 92.52, 92.75, 92.63, 92.2, 92.58, 92.38, 92.37, 92.56, 92.24, 92.21, 91.88, 92.0, 91.89, 92.01, 91.74, 91.57, 91.5, 91.54]

Average Accuracy (CNN): 83.09510204081634
2026-08-19 20:30:56,075 [trainer.py] => Average Accuracy (CNN): 83.09510204081634 

old_rank: 3009/3072
old_rank: 2244/2304
old_rank: 3010/3072
old_rank: 2238/2304
old_rank: 3010/3072
old_rank: 2256/2304
old_rank: 3010/3072
old_rank: 2256/2304
old_rank: 3010/3072
old_rank: 2257/2304
old_rank: 3007/3072
old_rank: 2256/2304
old_rank: 3010/3072
old_rank: 2256/2304
old_rank: 3010/3072
old_rank: 2256/2304
old_rank: 3010/3072
old_rank: 2257/2304
old_rank: 3010/3072
old_rank: 2257/2304
old_rank: 3008/3072
old_rank: 2257/2304
old_rank: 3009/3072
old_rank: 2256/2304
2026-08-19 20:31:03,734 [trainer.py] => All params: 312441796
2026-08-19 20:31:03,740 [trainer.py] => Trainable params: 1189828
2026-08-19 20:31:03,741 [e2lora.py] => Learning on 196-200

  0%|          | 0/5 [00:00<?, ?it/s]
Task 49, Epoch 1/5 => Loss 0.734, Train_accy 9.01:   0%|          | 0/5 [00:07<?, ?it/s]
Task 49, Epoch 1/5 => Loss 0.734, Train_accy 9.01:  20%|██        | 1/5 [00:07<00:30,  7.70s/it]
Task 49, Epoch 2/5 => Loss 0.210, Train_accy 35.36:  20%|██        | 1/5 [00:14<00:30,  7.70s/it]
Task 49, Epoch 2/5 => Loss 0.210, Train_accy 35.36:  40%|████      | 2/5 [00:14<00:21,  7.33s/it]
Task 49, Epoch 3/5 => Loss 0.112, Train_accy 50.23:  40%|████      | 2/5 [00:21<00:21,  7.33s/it]
Task 49, Epoch 3/5 => Loss 0.112, Train_accy 50.23:  60%|██████    | 3/5 [00:21<00:14,  7.18s/it]
Task 49, Epoch 4/5 => Loss 0.096, Train_accy 60.36:  60%|██████    | 3/5 [00:28<00:14,  7.18s/it]
Task 49, Epoch 4/5 => Loss 0.096, Train_accy 60.36:  80%|████████  | 4/5 [00:28<00:07,  7.10s/it]
Task 49, Epoch 5/5 => Loss 0.072, Train_accy 54.95, Test_accy 77.82:  80%|████████  | 4/5 [00:55<00:07,  7.10s/it]
Task 49, Epoch 5/5 => Loss 0.072, Train_accy 54.95, Test_accy 77.82: 100%|██████████| 5/5 [00:55<00:00, 14.28s/it]
Task 49, Epoch 5/5 => Loss 0.072, Train_accy 54.95, Test_accy 77.82: 100%|██████████| 5/5 [00:55<00:00, 11.15s/it]
2026-08-19 20:31:59,897 [e2lora.py] => Task 49, Epoch 5/5 => Loss 0.072, Train_accy 54.95, Test_accy 77.82
2026-08-19 20:33:05,907 [e2lora.py] => CA Task 49 => Loss 0.130, Test_accy 77.950
2026-08-19 20:33:30,138 [e2lora.py] => CA Task 49 => Loss 0.121, Test_accy 78.170
2026-08-19 20:33:54,695 [e2lora.py] => CA Task 49 => Loss 0.119, Test_accy 78.100
2026-08-19 20:34:17,882 [e2lora.py] => Exemplar size: 0
2026-08-19 20:34:17,882 [trainer.py] => No NME accuracy.
2026-08-19 20:34:17,882 [trainer.py] => CNN: {'total': 78.1, '00-03': 59.32, '04-07': 71.54, '08-11': 67.81, '12-15': 76.14, '16-19': 71.09, '20-23': 76.67, '24-27': 81.74, '28-31': 76.69, '32-35': 76.12, '36-39': 82.61, '40-43': 79.0, '44-47': 68.97, '48-51': 85.83, '52-55': 78.79, '56-59': 72.41, '60-63': 72.93, '64-67': 80.16, '68-71': 87.74, '72-75': 78.9, '76-79': 71.29, '80-83': 83.33, '84-87': 79.17, '88-91': 79.49, '92-95': 72.09, '96-99': 76.92, '100-103': 79.67, '104-107': 76.99, '108-111': 83.33, '112-115': 72.81, '116-119': 81.78, '120-123': 83.33, '124-127': 75.73, '128-131': 83.78, '132-135': 81.43, '136-139': 78.72, '140-143': 88.96, '144-147': 73.89, '148-151': 86.71, '152-155': 84.21, '156-159': 81.16, '160-163': 74.32, '164-167': 79.41, '168-171': 78.12, '172-175': 78.08, '176-179': 90.48, '180-183': 74.02, '184-187': 75.22, '188-191': 71.3, '192-195': 75.0, '196-199': 85.45, 'old': 77.96, 'new': 85.45}
2026-08-19 20:34:17,882 [trainer.py] => CNN top1 curve: [95.76, 93.15, 92.13, 90.88, 91.12, 89.12, 88.85, 89.31, 88.17, 86.1, 86.86, 86.29, 85.9, 85.66, 85.17, 83.41, 83.82, 83.83, 84.14, 83.71, 83.12, 83.02, 82.81, 81.86, 81.65, 81.07, 81.05, 80.68, 80.22, 80.04, 80.08, 79.94, 79.65, 79.71, 79.44, 79.82, 79.22, 79.3, 79.18, 79.18, 78.91, 78.82, 79.06, 78.82, 78.75, 78.5, 78.36, 78.02, 78.0, 78.1]
2026-08-19 20:34:17,882 [trainer.py] => CNN top5 curve: [99.6, 98.73, 98.25, 98.57, 97.92, 97.43, 97.28, 96.92, 96.86, 96.66, 96.46, 96.19, 96.14, 96.11, 95.64, 95.16, 94.99, 94.71, 94.41, 94.41, 94.15, 93.97, 93.81, 93.54, 93.23, 93.28, 93.39, 93.0, 92.68, 92.64, 92.52, 92.75, 92.63, 92.2, 92.58, 92.38, 92.37, 92.56, 92.24, 92.21, 91.88, 92.0, 91.89, 92.01, 91.74, 91.57, 91.5, 91.54, 91.57]

Average Accuracy (CNN): 82.99520000000003
2026-08-19 20:34:17,882 [trainer.py] => Average Accuracy (CNN): 82.99520000000003 

