condition,metric,kind,previous_quality,lower,upper,count
srt_h1024,clock_gap,current_review,0,0,1.0,0
srt_h1024,clock_gap,current_review,0,1,2.0,0
srt_h1024,clock_gap,current_review,0,2,4.0,0
srt_h1024,clock_gap,current_review,0,4,8.0,0
srt_h1024,clock_gap,current_review,0,8,16.0,9507
srt_h1024,clock_gap,current_review,0,16,32.0,6767
srt_h1024,clock_gap,current_review,0,32,64.0,5387
srt_h1024,clock_gap,current_review,0,64,128.0,1178
srt_h1024,clock_gap,current_review,0,128,256.0,0
srt_h1024,clock_gap,current_review,0,256,512.0,0
srt_h1024,clock_gap,current_review,0,512,1024.0,0
srt_h1024,clock_gap,current_review,0,1024,2048.0,0
srt_h1024,clock_gap,current_review,0,2048,4096.0,0
srt_h1024,clock_gap,current_review,0,4096,8192.0,0
srt_h1024,clock_gap,current_review,0,8192,16384.0,0
srt_h1024,clock_gap,current_review,0,16384,32768.0,0
srt_h1024,clock_gap,current_review,0,32768,65536.0,0
srt_h1024,clock_gap,current_review,0,65536,131072.0,0
srt_h1024,clock_gap,current_review,0,131072,262144.0,0
srt_h1024,clock_gap,current_review,0,262144,524288.0,0
srt_h1024,clock_gap,current_review,0,524288,1048576.0,0
srt_h1024,clock_gap,current_review,0,1048576,2097152.0,0
srt_h1024,clock_gap,current_review,0,2097152,4194304.0,0
srt_h1024,clock_gap,current_review,0,4194304,8388608.0,0
srt_h1024,clock_gap,current_review,0,8388608,16777216.0,0
srt_h1024,clock_gap,current_review,0,16777216,33554432.0,0
srt_h1024,clock_gap,current_review,0,33554432,67108864.0,0
srt_h1024,clock_gap,current_review,0,67108864,134217728.0,0
srt_h1024,clock_gap,current_review,0,134217728,268435456.0,0
srt_h1024,clock_gap,current_review,0,268435456,536870912.0,0
srt_h1024,clock_gap,current_review,0,536870912,1073741824.0,0
srt_h1024,clock_gap,current_review,0,1073741824,2147483648.0,0
srt_h1024,clock_gap,current_review,0,2147483648,4294967296.0,0
srt_h1024,clock_gap,current_review,0,4294967296,8589934592.0,0
srt_h1024,clock_gap,current_review,0,8589934592,17179869184.0,0
srt_h1024,clock_gap,current_review,0,17179869184,34359738368.0,0
srt_h1024,clock_gap,current_review,0,34359738368,68719476736.0,0
srt_h1024,clock_gap,current_review,0,68719476736,137438953472.0,0
srt_h1024,clock_gap,current_review,0,137438953472,274877906944.0,0
srt_h1024,clock_gap,current_review,0,274877906944,549755813888.0,0
srt_h1024,clock_gap,current_review,0,549755813888,1099511627776.0,0
srt_h1024,clock_gap,current_review,0,1099511627776,,0
srt_h1024,clock_gap,current_review,1,0,1.0,0
srt_h1024,clock_gap,current_review,1,1,2.0,0
srt_h1024,clock_gap,current_review,1,2,4.0,0
srt_h1024,clock_gap,current_review,1,4,8.0,0
srt_h1024,clock_gap,current_review,1,8,16.0,2265
srt_h1024,clock_gap,current_review,1,16,32.0,1111
srt_h1024,clock_gap,current_review,1,32,64.0,699
srt_h1024,clock_gap,current_review,1,64,128.0,113
srt_h1024,clock_gap,current_review,1,128,256.0,0
srt_h1024,clock_gap,current_review,1,256,512.0,0
srt_h1024,clock_gap,current_review,1,512,1024.0,0
srt_h1024,clock_gap,current_review,1,1024,2048.0,0
srt_h1024,clock_gap,current_review,1,2048,4096.0,0
srt_h1024,clock_gap,current_review,1,4096,8192.0,0
srt_h1024,clock_gap,current_review,1,8192,16384.0,0
srt_h1024,clock_gap,current_review,1,16384,32768.0,0
srt_h1024,clock_gap,current_review,1,32768,65536.0,0
srt_h1024,clock_gap,current_review,1,65536,131072.0,0
srt_h1024,clock_gap,current_review,1,131072,262144.0,0
srt_h1024,clock_gap,current_review,1,262144,524288.0,0
srt_h1024,clock_gap,current_review,1,524288,1048576.0,0
srt_h1024,clock_gap,current_review,1,1048576,2097152.0,0
srt_h1024,clock_gap,current_review,1,2097152,4194304.0,0
srt_h1024,clock_gap,current_review,1,4194304,8388608.0,0
srt_h1024,clock_gap,current_review,1,8388608,16777216.0,0
srt_h1024,clock_gap,current_review,1,16777216,33554432.0,0
srt_h1024,clock_gap,current_review,1,33554432,67108864.0,0
srt_h1024,clock_gap,current_review,1,67108864,134217728.0,0
srt_h1024,clock_gap,current_review,1,134217728,268435456.0,0
srt_h1024,clock_gap,current_review,1,268435456,536870912.0,0
srt_h1024,clock_gap,current_review,1,536870912,1073741824.0,0
srt_h1024,clock_gap,current_review,1,1073741824,2147483648.0,0
srt_h1024,clock_gap,current_review,1,2147483648,4294967296.0,0
srt_h1024,clock_gap,current_review,1,4294967296,8589934592.0,0
srt_h1024,clock_gap,current_review,1,8589934592,17179869184.0,0
srt_h1024,clock_gap,current_review,1,17179869184,34359738368.0,0
srt_h1024,clock_gap,current_review,1,34359738368,68719476736.0,0
srt_h1024,clock_gap,current_review,1,68719476736,137438953472.0,0
srt_h1024,clock_gap,current_review,1,137438953472,274877906944.0,0
srt_h1024,clock_gap,current_review,1,274877906944,549755813888.0,0
srt_h1024,clock_gap,current_review,1,549755813888,1099511627776.0,0
srt_h1024,clock_gap,current_review,1,1099511627776,,0
srt_h1024,clock_gap,current_review,2,0,1.0,0
srt_h1024,clock_gap,current_review,2,1,2.0,0
srt_h1024,clock_gap,current_review,2,2,4.0,0
srt_h1024,clock_gap,current_review,2,4,8.0,0
srt_h1024,clock_gap,current_review,2,8,16.0,2699
srt_h1024,clock_gap,current_review,2,16,32.0,1189
srt_h1024,clock_gap,current_review,2,32,64.0,588
srt_h1024,clock_gap,current_review,2,64,128.0,97
srt_h1024,clock_gap,current_review,2,128,256.0,0
srt_h1024,clock_gap,current_review,2,256,512.0,0
srt_h1024,clock_gap,current_review,2,512,1024.0,0
srt_h1024,clock_gap,current_review,2,1024,2048.0,0
srt_h1024,clock_gap,current_review,2,2048,4096.0,0
srt_h1024,clock_gap,current_review,2,4096,8192.0,0
srt_h1024,clock_gap,current_review,2,8192,16384.0,0
srt_h1024,clock_gap,current_review,2,16384,32768.0,0
srt_h1024,clock_gap,current_review,2,32768,65536.0,0
srt_h1024,clock_gap,current_review,2,65536,131072.0,0
srt_h1024,clock_gap,current_review,2,131072,262144.0,0
srt_h1024,clock_gap,current_review,2,262144,524288.0,0
srt_h1024,clock_gap,current_review,2,524288,1048576.0,0
srt_h1024,clock_gap,current_review,2,1048576,2097152.0,0
srt_h1024,clock_gap,current_review,2,2097152,4194304.0,0
srt_h1024,clock_gap,current_review,2,4194304,8388608.0,0
srt_h1024,clock_gap,current_review,2,8388608,16777216.0,0
srt_h1024,clock_gap,current_review,2,16777216,33554432.0,0
srt_h1024,clock_gap,current_review,2,33554432,67108864.0,0
srt_h1024,clock_gap,current_review,2,67108864,134217728.0,0
srt_h1024,clock_gap,current_review,2,134217728,268435456.0,0
srt_h1024,clock_gap,current_review,2,268435456,536870912.0,0
srt_h1024,clock_gap,current_review,2,536870912,1073741824.0,0
srt_h1024,clock_gap,current_review,2,1073741824,2147483648.0,0
srt_h1024,clock_gap,current_review,2,2147483648,4294967296.0,0
srt_h1024,clock_gap,current_review,2,4294967296,8589934592.0,0
srt_h1024,clock_gap,current_review,2,8589934592,17179869184.0,0
srt_h1024,clock_gap,current_review,2,17179869184,34359738368.0,0
srt_h1024,clock_gap,current_review,2,34359738368,68719476736.0,0
srt_h1024,clock_gap,current_review,2,68719476736,137438953472.0,0
srt_h1024,clock_gap,current_review,2,137438953472,274877906944.0,0
srt_h1024,clock_gap,current_review,2,274877906944,549755813888.0,0
srt_h1024,clock_gap,current_review,2,549755813888,1099511627776.0,0
srt_h1024,clock_gap,current_review,2,1099511627776,,0
srt_h1024,clock_gap,current_review,3,0,1.0,0
srt_h1024,clock_gap,current_review,3,1,2.0,0
srt_h1024,clock_gap,current_review,3,2,4.0,0
srt_h1024,clock_gap,current_review,3,4,8.0,0
srt_h1024,clock_gap,current_review,3,8,16.0,1711
srt_h1024,clock_gap,current_review,3,16,32.0,892
srt_h1024,clock_gap,current_review,3,32,64.0,1112
srt_h1024,clock_gap,current_review,3,64,128.0,182
srt_h1024,clock_gap,current_review,3,128,256.0,0
srt_h1024,clock_gap,current_review,3,256,512.0,0
srt_h1024,clock_gap,current_review,3,512,1024.0,0
srt_h1024,clock_gap,current_review,3,1024,2048.0,0
srt_h1024,clock_gap,current_review,3,2048,4096.0,0
srt_h1024,clock_gap,current_review,3,4096,8192.0,0
srt_h1024,clock_gap,current_review,3,8192,16384.0,0
srt_h1024,clock_gap,current_review,3,16384,32768.0,0
srt_h1024,clock_gap,current_review,3,32768,65536.0,0
srt_h1024,clock_gap,current_review,3,65536,131072.0,0
srt_h1024,clock_gap,current_review,3,131072,262144.0,0
srt_h1024,clock_gap,current_review,3,262144,524288.0,0
srt_h1024,clock_gap,current_review,3,524288,1048576.0,0
srt_h1024,clock_gap,current_review,3,1048576,2097152.0,0
srt_h1024,clock_gap,current_review,3,2097152,4194304.0,0
srt_h1024,clock_gap,current_review,3,4194304,8388608.0,0
srt_h1024,clock_gap,current_review,3,8388608,16777216.0,0
srt_h1024,clock_gap,current_review,3,16777216,33554432.0,0
srt_h1024,clock_gap,current_review,3,33554432,67108864.0,0
srt_h1024,clock_gap,current_review,3,67108864,134217728.0,0
srt_h1024,clock_gap,current_review,3,134217728,268435456.0,0
srt_h1024,clock_gap,current_review,3,268435456,536870912.0,0
srt_h1024,clock_gap,current_review,3,536870912,1073741824.0,0
srt_h1024,clock_gap,current_review,3,1073741824,2147483648.0,0
srt_h1024,clock_gap,current_review,3,2147483648,4294967296.0,0
srt_h1024,clock_gap,current_review,3,4294967296,8589934592.0,0
srt_h1024,clock_gap,current_review,3,8589934592,17179869184.0,0
srt_h1024,clock_gap,current_review,3,17179869184,34359738368.0,0
srt_h1024,clock_gap,current_review,3,34359738368,68719476736.0,0
srt_h1024,clock_gap,current_review,3,68719476736,137438953472.0,0
srt_h1024,clock_gap,current_review,3,137438953472,274877906944.0,0
srt_h1024,clock_gap,current_review,3,274877906944,549755813888.0,0
srt_h1024,clock_gap,current_review,3,549755813888,1099511627776.0,0
srt_h1024,clock_gap,current_review,3,1099511627776,,0
srt_h1024,clock_gap,current_review,4,0,1.0,0
srt_h1024,clock_gap,current_review,4,1,2.0,0
srt_h1024,clock_gap,current_review,4,2,4.0,0
srt_h1024,clock_gap,current_review,4,4,8.0,0
srt_h1024,clock_gap,current_review,4,8,16.0,1518
srt_h1024,clock_gap,current_review,4,16,32.0,783
srt_h1024,clock_gap,current_review,4,32,64.0,1156
srt_h1024,clock_gap,current_review,4,64,128.0,224
srt_h1024,clock_gap,current_review,4,128,256.0,5
srt_h1024,clock_gap,current_review,4,256,512.0,0
srt_h1024,clock_gap,current_review,4,512,1024.0,0
srt_h1024,clock_gap,current_review,4,1024,2048.0,0
srt_h1024,clock_gap,current_review,4,2048,4096.0,0
srt_h1024,clock_gap,current_review,4,4096,8192.0,0
srt_h1024,clock_gap,current_review,4,8192,16384.0,0
srt_h1024,clock_gap,current_review,4,16384,32768.0,0
srt_h1024,clock_gap,current_review,4,32768,65536.0,0
srt_h1024,clock_gap,current_review,4,65536,131072.0,0
srt_h1024,clock_gap,current_review,4,131072,262144.0,0
srt_h1024,clock_gap,current_review,4,262144,524288.0,0
srt_h1024,clock_gap,current_review,4,524288,1048576.0,0
srt_h1024,clock_gap,current_review,4,1048576,2097152.0,0
srt_h1024,clock_gap,current_review,4,2097152,4194304.0,0
srt_h1024,clock_gap,current_review,4,4194304,8388608.0,0
srt_h1024,clock_gap,current_review,4,8388608,16777216.0,0
srt_h1024,clock_gap,current_review,4,16777216,33554432.0,0
srt_h1024,clock_gap,current_review,4,33554432,67108864.0,0
srt_h1024,clock_gap,current_review,4,67108864,134217728.0,0
srt_h1024,clock_gap,current_review,4,134217728,268435456.0,0
srt_h1024,clock_gap,current_review,4,268435456,536870912.0,0
srt_h1024,clock_gap,current_review,4,536870912,1073741824.0,0
srt_h1024,clock_gap,current_review,4,1073741824,2147483648.0,0
srt_h1024,clock_gap,current_review,4,2147483648,4294967296.0,0
srt_h1024,clock_gap,current_review,4,4294967296,8589934592.0,0
srt_h1024,clock_gap,current_review,4,8589934592,17179869184.0,0
srt_h1024,clock_gap,current_review,4,17179869184,34359738368.0,0
srt_h1024,clock_gap,current_review,4,34359738368,68719476736.0,0
srt_h1024,clock_gap,current_review,4,68719476736,137438953472.0,0
srt_h1024,clock_gap,current_review,4,137438953472,274877906944.0,0
srt_h1024,clock_gap,current_review,4,274877906944,549755813888.0,0
srt_h1024,clock_gap,current_review,4,549755813888,1099511627776.0,0
srt_h1024,clock_gap,current_review,4,1099511627776,,0
srt_h1024,clock_gap,current_review,5,0,1.0,0
srt_h1024,clock_gap,current_review,5,1,2.0,0
srt_h1024,clock_gap,current_review,5,2,4.0,0
srt_h1024,clock_gap,current_review,5,4,8.0,0
srt_h1024,clock_gap,current_review,5,8,16.0,8343
srt_h1024,clock_gap,current_review,5,16,32.0,5715
srt_h1024,clock_gap,current_review,5,32,64.0,9871
srt_h1024,clock_gap,current_review,5,64,128.0,1563
srt_h1024,clock_gap,current_review,5,128,256.0,143
srt_h1024,clock_gap,current_review,5,256,512.0,0
srt_h1024,clock_gap,current_review,5,512,1024.0,0
srt_h1024,clock_gap,current_review,5,1024,2048.0,0
srt_h1024,clock_gap,current_review,5,2048,4096.0,0
srt_h1024,clock_gap,current_review,5,4096,8192.0,0
srt_h1024,clock_gap,current_review,5,8192,16384.0,0
srt_h1024,clock_gap,current_review,5,16384,32768.0,0
srt_h1024,clock_gap,current_review,5,32768,65536.0,0
srt_h1024,clock_gap,current_review,5,65536,131072.0,0
srt_h1024,clock_gap,current_review,5,131072,262144.0,0
srt_h1024,clock_gap,current_review,5,262144,524288.0,0
srt_h1024,clock_gap,current_review,5,524288,1048576.0,0
srt_h1024,clock_gap,current_review,5,1048576,2097152.0,0
srt_h1024,clock_gap,current_review,5,2097152,4194304.0,0
srt_h1024,clock_gap,current_review,5,4194304,8388608.0,0
srt_h1024,clock_gap,current_review,5,8388608,16777216.0,0
srt_h1024,clock_gap,current_review,5,16777216,33554432.0,0
srt_h1024,clock_gap,current_review,5,33554432,67108864.0,0
srt_h1024,clock_gap,current_review,5,67108864,134217728.0,0
srt_h1024,clock_gap,current_review,5,134217728,268435456.0,0
srt_h1024,clock_gap,current_review,5,268435456,536870912.0,0
srt_h1024,clock_gap,current_review,5,536870912,1073741824.0,0
srt_h1024,clock_gap,current_review,5,1073741824,2147483648.0,0
srt_h1024,clock_gap,current_review,5,2147483648,4294967296.0,0
srt_h1024,clock_gap,current_review,5,4294967296,8589934592.0,0
srt_h1024,clock_gap,current_review,5,8589934592,17179869184.0,0
srt_h1024,clock_gap,current_review,5,17179869184,34359738368.0,0
srt_h1024,clock_gap,current_review,5,34359738368,68719476736.0,0
srt_h1024,clock_gap,current_review,5,68719476736,137438953472.0,0
srt_h1024,clock_gap,current_review,5,137438953472,274877906944.0,0
srt_h1024,clock_gap,current_review,5,274877906944,549755813888.0,0
srt_h1024,clock_gap,current_review,5,549755813888,1099511627776.0,0
srt_h1024,clock_gap,current_review,5,1099511627776,,0
srt_h1024,clock_gap,current_review,all,0,1.0,0
srt_h1024,clock_gap,current_review,all,1,2.0,0
srt_h1024,clock_gap,current_review,all,2,4.0,0
srt_h1024,clock_gap,current_review,all,4,8.0,0
srt_h1024,clock_gap,current_review,all,8,16.0,26043
srt_h1024,clock_gap,current_review,all,16,32.0,16457
srt_h1024,clock_gap,current_review,all,32,64.0,18813
srt_h1024,clock_gap,current_review,all,64,128.0,3357
srt_h1024,clock_gap,current_review,all,128,256.0,148
srt_h1024,clock_gap,current_review,all,256,512.0,0
srt_h1024,clock_gap,current_review,all,512,1024.0,0
srt_h1024,clock_gap,current_review,all,1024,2048.0,0
srt_h1024,clock_gap,current_review,all,2048,4096.0,0
srt_h1024,clock_gap,current_review,all,4096,8192.0,0
srt_h1024,clock_gap,current_review,all,8192,16384.0,0
srt_h1024,clock_gap,current_review,all,16384,32768.0,0
srt_h1024,clock_gap,current_review,all,32768,65536.0,0
srt_h1024,clock_gap,current_review,all,65536,131072.0,0
srt_h1024,clock_gap,current_review,all,131072,262144.0,0
srt_h1024,clock_gap,current_review,all,262144,524288.0,0
srt_h1024,clock_gap,current_review,all,524288,1048576.0,0
srt_h1024,clock_gap,current_review,all,1048576,2097152.0,0
srt_h1024,clock_gap,current_review,all,2097152,4194304.0,0
srt_h1024,clock_gap,current_review,all,4194304,8388608.0,0
srt_h1024,clock_gap,current_review,all,8388608,16777216.0,0
srt_h1024,clock_gap,current_review,all,16777216,33554432.0,0
srt_h1024,clock_gap,current_review,all,33554432,67108864.0,0
srt_h1024,clock_gap,current_review,all,67108864,134217728.0,0
srt_h1024,clock_gap,current_review,all,134217728,268435456.0,0
srt_h1024,clock_gap,current_review,all,268435456,536870912.0,0
srt_h1024,clock_gap,current_review,all,536870912,1073741824.0,0
srt_h1024,clock_gap,current_review,all,1073741824,2147483648.0,0
srt_h1024,clock_gap,current_review,all,2147483648,4294967296.0,0
srt_h1024,clock_gap,current_review,all,4294967296,8589934592.0,0
srt_h1024,clock_gap,current_review,all,8589934592,17179869184.0,0
srt_h1024,clock_gap,current_review,all,17179869184,34359738368.0,0
srt_h1024,clock_gap,current_review,all,34359738368,68719476736.0,0
srt_h1024,clock_gap,current_review,all,68719476736,137438953472.0,0
srt_h1024,clock_gap,current_review,all,137438953472,274877906944.0,0
srt_h1024,clock_gap,current_review,all,274877906944,549755813888.0,0
srt_h1024,clock_gap,current_review,all,549755813888,1099511627776.0,0
srt_h1024,clock_gap,current_review,all,1099511627776,,0
srt_h1024,clock_gap,historical,0,0,1.0,0
srt_h1024,clock_gap,historical,0,1,2.0,0
srt_h1024,clock_gap,historical,0,2,4.0,0
srt_h1024,clock_gap,historical,0,4,8.0,0
srt_h1024,clock_gap,historical,0,8,16.0,6214
srt_h1024,clock_gap,historical,0,16,32.0,3842
srt_h1024,clock_gap,historical,0,32,64.0,5021
srt_h1024,clock_gap,historical,0,64,128.0,6042
srt_h1024,clock_gap,historical,0,128,256.0,5948
srt_h1024,clock_gap,historical,0,256,512.0,3803
srt_h1024,clock_gap,historical,0,512,1024.0,1180
srt_h1024,clock_gap,historical,0,1024,2048.0,70
srt_h1024,clock_gap,historical,0,2048,4096.0,0
srt_h1024,clock_gap,historical,0,4096,8192.0,0
srt_h1024,clock_gap,historical,0,8192,16384.0,0
srt_h1024,clock_gap,historical,0,16384,32768.0,0
srt_h1024,clock_gap,historical,0,32768,65536.0,0
srt_h1024,clock_gap,historical,0,65536,131072.0,0
srt_h1024,clock_gap,historical,0,131072,262144.0,0
srt_h1024,clock_gap,historical,0,262144,524288.0,0
srt_h1024,clock_gap,historical,0,524288,1048576.0,0
srt_h1024,clock_gap,historical,0,1048576,2097152.0,0
srt_h1024,clock_gap,historical,0,2097152,4194304.0,0
srt_h1024,clock_gap,historical,0,4194304,8388608.0,0
srt_h1024,clock_gap,historical,0,8388608,16777216.0,0
srt_h1024,clock_gap,historical,0,16777216,33554432.0,0
srt_h1024,clock_gap,historical,0,33554432,67108864.0,0
srt_h1024,clock_gap,historical,0,67108864,134217728.0,0
srt_h1024,clock_gap,historical,0,134217728,268435456.0,0
srt_h1024,clock_gap,historical,0,268435456,536870912.0,0
srt_h1024,clock_gap,historical,0,536870912,1073741824.0,0
srt_h1024,clock_gap,historical,0,1073741824,2147483648.0,0
srt_h1024,clock_gap,historical,0,2147483648,4294967296.0,0
srt_h1024,clock_gap,historical,0,4294967296,8589934592.0,0
srt_h1024,clock_gap,historical,0,8589934592,17179869184.0,0
srt_h1024,clock_gap,historical,0,17179869184,34359738368.0,0
srt_h1024,clock_gap,historical,0,34359738368,68719476736.0,0
srt_h1024,clock_gap,historical,0,68719476736,137438953472.0,0
srt_h1024,clock_gap,historical,0,137438953472,274877906944.0,0
srt_h1024,clock_gap,historical,0,274877906944,549755813888.0,0
srt_h1024,clock_gap,historical,0,549755813888,1099511627776.0,0
srt_h1024,clock_gap,historical,0,1099511627776,,0
srt_h1024,clock_gap,historical,1,0,1.0,0
srt_h1024,clock_gap,historical,1,1,2.0,0
srt_h1024,clock_gap,historical,1,2,4.0,0
srt_h1024,clock_gap,historical,1,4,8.0,0
srt_h1024,clock_gap,historical,1,8,16.0,2950
srt_h1024,clock_gap,historical,1,16,32.0,2070
srt_h1024,clock_gap,historical,1,32,64.0,2634
srt_h1024,clock_gap,historical,1,64,128.0,2993
srt_h1024,clock_gap,historical,1,128,256.0,2781
srt_h1024,clock_gap,historical,1,256,512.0,1789
srt_h1024,clock_gap,historical,1,512,1024.0,524
srt_h1024,clock_gap,historical,1,1024,2048.0,36
srt_h1024,clock_gap,historical,1,2048,4096.0,0
srt_h1024,clock_gap,historical,1,4096,8192.0,0
srt_h1024,clock_gap,historical,1,8192,16384.0,0
srt_h1024,clock_gap,historical,1,16384,32768.0,0
srt_h1024,clock_gap,historical,1,32768,65536.0,0
srt_h1024,clock_gap,historical,1,65536,131072.0,0
srt_h1024,clock_gap,historical,1,131072,262144.0,0
srt_h1024,clock_gap,historical,1,262144,524288.0,0
srt_h1024,clock_gap,historical,1,524288,1048576.0,0
srt_h1024,clock_gap,historical,1,1048576,2097152.0,0
srt_h1024,clock_gap,historical,1,2097152,4194304.0,0
srt_h1024,clock_gap,historical,1,4194304,8388608.0,0
srt_h1024,clock_gap,historical,1,8388608,16777216.0,0
srt_h1024,clock_gap,historical,1,16777216,33554432.0,0
srt_h1024,clock_gap,historical,1,33554432,67108864.0,0
srt_h1024,clock_gap,historical,1,67108864,134217728.0,0
srt_h1024,clock_gap,historical,1,134217728,268435456.0,0
srt_h1024,clock_gap,historical,1,268435456,536870912.0,0
srt_h1024,clock_gap,historical,1,536870912,1073741824.0,0
srt_h1024,clock_gap,historical,1,1073741824,2147483648.0,0
srt_h1024,clock_gap,historical,1,2147483648,4294967296.0,0
srt_h1024,clock_gap,historical,1,4294967296,8589934592.0,0
srt_h1024,clock_gap,historical,1,8589934592,17179869184.0,0
srt_h1024,clock_gap,historical,1,17179869184,34359738368.0,0
srt_h1024,clock_gap,historical,1,34359738368,68719476736.0,0
srt_h1024,clock_gap,historical,1,68719476736,137438953472.0,0
srt_h1024,clock_gap,historical,1,137438953472,274877906944.0,0
srt_h1024,clock_gap,historical,1,274877906944,549755813888.0,0
srt_h1024,clock_gap,historical,1,549755813888,1099511627776.0,0
srt_h1024,clock_gap,historical,1,1099511627776,,0
srt_h1024,clock_gap,historical,2,0,1.0,0
srt_h1024,clock_gap,historical,2,1,2.0,0
srt_h1024,clock_gap,historical,2,2,4.0,0
srt_h1024,clock_gap,historical,2,4,8.0,0
srt_h1024,clock_gap,historical,2,8,16.0,4132
srt_h1024,clock_gap,historical,2,16,32.0,2525
srt_h1024,clock_gap,historical,2,32,64.0,3135
srt_h1024,clock_gap,historical,2,64,128.0,3541
srt_h1024,clock_gap,historical,2,128,256.0,3362
srt_h1024,clock_gap,historical,2,256,512.0,2222
srt_h1024,clock_gap,historical,2,512,1024.0,647
srt_h1024,clock_gap,historical,2,1024,2048.0,36
srt_h1024,clock_gap,historical,2,2048,4096.0,0
srt_h1024,clock_gap,historical,2,4096,8192.0,0
srt_h1024,clock_gap,historical,2,8192,16384.0,0
srt_h1024,clock_gap,historical,2,16384,32768.0,0
srt_h1024,clock_gap,historical,2,32768,65536.0,0
srt_h1024,clock_gap,historical,2,65536,131072.0,0
srt_h1024,clock_gap,historical,2,131072,262144.0,0
srt_h1024,clock_gap,historical,2,262144,524288.0,0
srt_h1024,clock_gap,historical,2,524288,1048576.0,0
srt_h1024,clock_gap,historical,2,1048576,2097152.0,0
srt_h1024,clock_gap,historical,2,2097152,4194304.0,0
srt_h1024,clock_gap,historical,2,4194304,8388608.0,0
srt_h1024,clock_gap,historical,2,8388608,16777216.0,0
srt_h1024,clock_gap,historical,2,16777216,33554432.0,0
srt_h1024,clock_gap,historical,2,33554432,67108864.0,0
srt_h1024,clock_gap,historical,2,67108864,134217728.0,0
srt_h1024,clock_gap,historical,2,134217728,268435456.0,0
srt_h1024,clock_gap,historical,2,268435456,536870912.0,0
srt_h1024,clock_gap,historical,2,536870912,1073741824.0,0
srt_h1024,clock_gap,historical,2,1073741824,2147483648.0,0
srt_h1024,clock_gap,historical,2,2147483648,4294967296.0,0
srt_h1024,clock_gap,historical,2,4294967296,8589934592.0,0
srt_h1024,clock_gap,historical,2,8589934592,17179869184.0,0
srt_h1024,clock_gap,historical,2,17179869184,34359738368.0,0
srt_h1024,clock_gap,historical,2,34359738368,68719476736.0,0
srt_h1024,clock_gap,historical,2,68719476736,137438953472.0,0
srt_h1024,clock_gap,historical,2,137438953472,274877906944.0,0
srt_h1024,clock_gap,historical,2,274877906944,549755813888.0,0
srt_h1024,clock_gap,historical,2,549755813888,1099511627776.0,0
srt_h1024,clock_gap,historical,2,1099511627776,,0
srt_h1024,clock_gap,historical,3,0,1.0,0
srt_h1024,clock_gap,historical,3,1,2.0,0
srt_h1024,clock_gap,historical,3,2,4.0,0
srt_h1024,clock_gap,historical,3,4,8.0,0
srt_h1024,clock_gap,historical,3,8,16.0,1746
srt_h1024,clock_gap,historical,3,16,32.0,1146
srt_h1024,clock_gap,historical,3,32,64.0,3048
srt_h1024,clock_gap,historical,3,64,128.0,5598
srt_h1024,clock_gap,historical,3,128,256.0,5145
srt_h1024,clock_gap,historical,3,256,512.0,3549
srt_h1024,clock_gap,historical,3,512,1024.0,1407
srt_h1024,clock_gap,historical,3,1024,2048.0,299
srt_h1024,clock_gap,historical,3,2048,4096.0,42
srt_h1024,clock_gap,historical,3,4096,8192.0,0
srt_h1024,clock_gap,historical,3,8192,16384.0,0
srt_h1024,clock_gap,historical,3,16384,32768.0,0
srt_h1024,clock_gap,historical,3,32768,65536.0,0
srt_h1024,clock_gap,historical,3,65536,131072.0,0
srt_h1024,clock_gap,historical,3,131072,262144.0,0
srt_h1024,clock_gap,historical,3,262144,524288.0,0
srt_h1024,clock_gap,historical,3,524288,1048576.0,0
srt_h1024,clock_gap,historical,3,1048576,2097152.0,0
srt_h1024,clock_gap,historical,3,2097152,4194304.0,0
srt_h1024,clock_gap,historical,3,4194304,8388608.0,0
srt_h1024,clock_gap,historical,3,8388608,16777216.0,0
srt_h1024,clock_gap,historical,3,16777216,33554432.0,0
srt_h1024,clock_gap,historical,3,33554432,67108864.0,0
srt_h1024,clock_gap,historical,3,67108864,134217728.0,0
srt_h1024,clock_gap,historical,3,134217728,268435456.0,0
srt_h1024,clock_gap,historical,3,268435456,536870912.0,0
srt_h1024,clock_gap,historical,3,536870912,1073741824.0,0
srt_h1024,clock_gap,historical,3,1073741824,2147483648.0,0
srt_h1024,clock_gap,historical,3,2147483648,4294967296.0,0
srt_h1024,clock_gap,historical,3,4294967296,8589934592.0,0
srt_h1024,clock_gap,historical,3,8589934592,17179869184.0,0
srt_h1024,clock_gap,historical,3,17179869184,34359738368.0,0
srt_h1024,clock_gap,historical,3,34359738368,68719476736.0,0
srt_h1024,clock_gap,historical,3,68719476736,137438953472.0,0
srt_h1024,clock_gap,historical,3,137438953472,274877906944.0,0
srt_h1024,clock_gap,historical,3,274877906944,549755813888.0,0
srt_h1024,clock_gap,historical,3,549755813888,1099511627776.0,0
srt_h1024,clock_gap,historical,3,1099511627776,,0
srt_h1024,clock_gap,historical,4,0,1.0,0
srt_h1024,clock_gap,historical,4,1,2.0,0
srt_h1024,clock_gap,historical,4,2,4.0,0
srt_h1024,clock_gap,historical,4,4,8.0,0
srt_h1024,clock_gap,historical,4,8,16.0,1566
srt_h1024,clock_gap,historical,4,16,32.0,960
srt_h1024,clock_gap,historical,4,32,64.0,2647
srt_h1024,clock_gap,historical,4,64,128.0,5207
srt_h1024,clock_gap,historical,4,128,256.0,5055
srt_h1024,clock_gap,historical,4,256,512.0,3584
srt_h1024,clock_gap,historical,4,512,1024.0,1499
srt_h1024,clock_gap,historical,4,1024,2048.0,397
srt_h1024,clock_gap,historical,4,2048,4096.0,59
srt_h1024,clock_gap,historical,4,4096,8192.0,0
srt_h1024,clock_gap,historical,4,8192,16384.0,0
srt_h1024,clock_gap,historical,4,16384,32768.0,0
srt_h1024,clock_gap,historical,4,32768,65536.0,0
srt_h1024,clock_gap,historical,4,65536,131072.0,0
srt_h1024,clock_gap,historical,4,131072,262144.0,0
srt_h1024,clock_gap,historical,4,262144,524288.0,0
srt_h1024,clock_gap,historical,4,524288,1048576.0,0
srt_h1024,clock_gap,historical,4,1048576,2097152.0,0
srt_h1024,clock_gap,historical,4,2097152,4194304.0,0
srt_h1024,clock_gap,historical,4,4194304,8388608.0,0
srt_h1024,clock_gap,historical,4,8388608,16777216.0,0
srt_h1024,clock_gap,historical,4,16777216,33554432.0,0
srt_h1024,clock_gap,historical,4,33554432,67108864.0,0
srt_h1024,clock_gap,historical,4,67108864,134217728.0,0
srt_h1024,clock_gap,historical,4,134217728,268435456.0,0
srt_h1024,clock_gap,historical,4,268435456,536870912.0,0
srt_h1024,clock_gap,historical,4,536870912,1073741824.0,0
srt_h1024,clock_gap,historical,4,1073741824,2147483648.0,0
srt_h1024,clock_gap,historical,4,2147483648,4294967296.0,0
srt_h1024,clock_gap,historical,4,4294967296,8589934592.0,0
srt_h1024,clock_gap,historical,4,8589934592,17179869184.0,0
srt_h1024,clock_gap,historical,4,17179869184,34359738368.0,0
srt_h1024,clock_gap,historical,4,34359738368,68719476736.0,0
srt_h1024,clock_gap,historical,4,68719476736,137438953472.0,0
srt_h1024,clock_gap,historical,4,137438953472,274877906944.0,0
srt_h1024,clock_gap,historical,4,274877906944,549755813888.0,0
srt_h1024,clock_gap,historical,4,549755813888,1099511627776.0,0
srt_h1024,clock_gap,historical,4,1099511627776,,0
srt_h1024,clock_gap,historical,5,0,1.0,0
srt_h1024,clock_gap,historical,5,1,2.0,0
srt_h1024,clock_gap,historical,5,2,4.0,0
srt_h1024,clock_gap,historical,5,4,8.0,0
srt_h1024,clock_gap,historical,5,8,16.0,4365
srt_h1024,clock_gap,historical,5,16,32.0,2386
srt_h1024,clock_gap,historical,5,32,64.0,9225
srt_h1024,clock_gap,historical,5,64,128.0,20339
srt_h1024,clock_gap,historical,5,128,256.0,23977
srt_h1024,clock_gap,historical,5,256,512.0,20339
srt_h1024,clock_gap,historical,5,512,1024.0,9408
srt_h1024,clock_gap,historical,5,1024,2048.0,4376
srt_h1024,clock_gap,historical,5,2048,4096.0,684
srt_h1024,clock_gap,historical,5,4096,8192.0,0
srt_h1024,clock_gap,historical,5,8192,16384.0,0
srt_h1024,clock_gap,historical,5,16384,32768.0,0
srt_h1024,clock_gap,historical,5,32768,65536.0,0
srt_h1024,clock_gap,historical,5,65536,131072.0,0
srt_h1024,clock_gap,historical,5,131072,262144.0,0
srt_h1024,clock_gap,historical,5,262144,524288.0,0
srt_h1024,clock_gap,historical,5,524288,1048576.0,0
srt_h1024,clock_gap,historical,5,1048576,2097152.0,0
srt_h1024,clock_gap,historical,5,2097152,4194304.0,0
srt_h1024,clock_gap,historical,5,4194304,8388608.0,0
srt_h1024,clock_gap,historical,5,8388608,16777216.0,0
srt_h1024,clock_gap,historical,5,16777216,33554432.0,0
srt_h1024,clock_gap,historical,5,33554432,67108864.0,0
srt_h1024,clock_gap,historical,5,67108864,134217728.0,0
srt_h1024,clock_gap,historical,5,134217728,268435456.0,0
srt_h1024,clock_gap,historical,5,268435456,536870912.0,0
srt_h1024,clock_gap,historical,5,536870912,1073741824.0,0
srt_h1024,clock_gap,historical,5,1073741824,2147483648.0,0
srt_h1024,clock_gap,historical,5,2147483648,4294967296.0,0
srt_h1024,clock_gap,historical,5,4294967296,8589934592.0,0
srt_h1024,clock_gap,historical,5,8589934592,17179869184.0,0
srt_h1024,clock_gap,historical,5,17179869184,34359738368.0,0
srt_h1024,clock_gap,historical,5,34359738368,68719476736.0,0
srt_h1024,clock_gap,historical,5,68719476736,137438953472.0,0
srt_h1024,clock_gap,historical,5,137438953472,274877906944.0,0
srt_h1024,clock_gap,historical,5,274877906944,549755813888.0,0
srt_h1024,clock_gap,historical,5,549755813888,1099511627776.0,0
srt_h1024,clock_gap,historical,5,1099511627776,,0
srt_h1024,clock_gap,historical,all,0,1.0,0
srt_h1024,clock_gap,historical,all,1,2.0,0
srt_h1024,clock_gap,historical,all,2,4.0,0
srt_h1024,clock_gap,historical,all,4,8.0,0
srt_h1024,clock_gap,historical,all,8,16.0,20973
srt_h1024,clock_gap,historical,all,16,32.0,12929
srt_h1024,clock_gap,historical,all,32,64.0,25710
srt_h1024,clock_gap,historical,all,64,128.0,43720
srt_h1024,clock_gap,historical,all,128,256.0,46268
srt_h1024,clock_gap,historical,all,256,512.0,35286
srt_h1024,clock_gap,historical,all,512,1024.0,14665
srt_h1024,clock_gap,historical,all,1024,2048.0,5214
srt_h1024,clock_gap,historical,all,2048,4096.0,785
srt_h1024,clock_gap,historical,all,4096,8192.0,0
srt_h1024,clock_gap,historical,all,8192,16384.0,0
srt_h1024,clock_gap,historical,all,16384,32768.0,0
srt_h1024,clock_gap,historical,all,32768,65536.0,0
srt_h1024,clock_gap,historical,all,65536,131072.0,0
srt_h1024,clock_gap,historical,all,131072,262144.0,0
srt_h1024,clock_gap,historical,all,262144,524288.0,0
srt_h1024,clock_gap,historical,all,524288,1048576.0,0
srt_h1024,clock_gap,historical,all,1048576,2097152.0,0
srt_h1024,clock_gap,historical,all,2097152,4194304.0,0
srt_h1024,clock_gap,historical,all,4194304,8388608.0,0
srt_h1024,clock_gap,historical,all,8388608,16777216.0,0
srt_h1024,clock_gap,historical,all,16777216,33554432.0,0
srt_h1024,clock_gap,historical,all,33554432,67108864.0,0
srt_h1024,clock_gap,historical,all,67108864,134217728.0,0
srt_h1024,clock_gap,historical,all,134217728,268435456.0,0
srt_h1024,clock_gap,historical,all,268435456,536870912.0,0
srt_h1024,clock_gap,historical,all,536870912,1073741824.0,0
srt_h1024,clock_gap,historical,all,1073741824,2147483648.0,0
srt_h1024,clock_gap,historical,all,2147483648,4294967296.0,0
srt_h1024,clock_gap,historical,all,4294967296,8589934592.0,0
srt_h1024,clock_gap,historical,all,8589934592,17179869184.0,0
srt_h1024,clock_gap,historical,all,17179869184,34359738368.0,0
srt_h1024,clock_gap,historical,all,34359738368,68719476736.0,0
srt_h1024,clock_gap,historical,all,68719476736,137438953472.0,0
srt_h1024,clock_gap,historical,all,137438953472,274877906944.0,0
srt_h1024,clock_gap,historical,all,274877906944,549755813888.0,0
srt_h1024,clock_gap,historical,all,549755813888,1099511627776.0,0
srt_h1024,clock_gap,historical,all,1099511627776,,0
srt_h1024,interval_before,current_review,0,0,1.0,0
srt_h1024,interval_before,current_review,0,1,2.0,0
srt_h1024,interval_before,current_review,0,2,4.0,0
srt_h1024,interval_before,current_review,0,4,8.0,0
srt_h1024,interval_before,current_review,0,8,16.0,22839
srt_h1024,interval_before,current_review,0,16,32.0,0
srt_h1024,interval_before,current_review,0,32,64.0,0
srt_h1024,interval_before,current_review,0,64,128.0,0
srt_h1024,interval_before,current_review,0,128,256.0,0
srt_h1024,interval_before,current_review,0,256,512.0,0
srt_h1024,interval_before,current_review,0,512,1024.0,0
srt_h1024,interval_before,current_review,0,1024,2048.0,0
srt_h1024,interval_before,current_review,0,2048,4096.0,0
srt_h1024,interval_before,current_review,0,4096,8192.0,0
srt_h1024,interval_before,current_review,0,8192,16384.0,0
srt_h1024,interval_before,current_review,0,16384,32768.0,0
srt_h1024,interval_before,current_review,0,32768,65536.0,0
srt_h1024,interval_before,current_review,0,65536,131072.0,0
srt_h1024,interval_before,current_review,0,131072,262144.0,0
srt_h1024,interval_before,current_review,0,262144,524288.0,0
srt_h1024,interval_before,current_review,0,524288,1048576.0,0
srt_h1024,interval_before,current_review,0,1048576,2097152.0,0
srt_h1024,interval_before,current_review,0,2097152,4194304.0,0
srt_h1024,interval_before,current_review,0,4194304,8388608.0,0
srt_h1024,interval_before,current_review,0,8388608,16777216.0,0
srt_h1024,interval_before,current_review,0,16777216,33554432.0,0
srt_h1024,interval_before,current_review,0,33554432,67108864.0,0
srt_h1024,interval_before,current_review,0,67108864,134217728.0,0
srt_h1024,interval_before,current_review,0,134217728,268435456.0,0
srt_h1024,interval_before,current_review,0,268435456,536870912.0,0
srt_h1024,interval_before,current_review,0,536870912,1073741824.0,0
srt_h1024,interval_before,current_review,0,1073741824,2147483648.0,0
srt_h1024,interval_before,current_review,0,2147483648,4294967296.0,0
srt_h1024,interval_before,current_review,0,4294967296,8589934592.0,0
srt_h1024,interval_before,current_review,0,8589934592,17179869184.0,0
srt_h1024,interval_before,current_review,0,17179869184,34359738368.0,0
srt_h1024,interval_before,current_review,0,34359738368,68719476736.0,0
srt_h1024,interval_before,current_review,0,68719476736,137438953472.0,0
srt_h1024,interval_before,current_review,0,137438953472,274877906944.0,0
srt_h1024,interval_before,current_review,0,274877906944,549755813888.0,0
srt_h1024,interval_before,current_review,0,549755813888,1099511627776.0,0
srt_h1024,interval_before,current_review,0,1099511627776,,0
srt_h1024,interval_before,current_review,1,0,1.0,0
srt_h1024,interval_before,current_review,1,1,2.0,0
srt_h1024,interval_before,current_review,1,2,4.0,0
srt_h1024,interval_before,current_review,1,4,8.0,0
srt_h1024,interval_before,current_review,1,8,16.0,4188
srt_h1024,interval_before,current_review,1,16,32.0,0
srt_h1024,interval_before,current_review,1,32,64.0,0
srt_h1024,interval_before,current_review,1,64,128.0,0
srt_h1024,interval_before,current_review,1,128,256.0,0
srt_h1024,interval_before,current_review,1,256,512.0,0
srt_h1024,interval_before,current_review,1,512,1024.0,0
srt_h1024,interval_before,current_review,1,1024,2048.0,0
srt_h1024,interval_before,current_review,1,2048,4096.0,0
srt_h1024,interval_before,current_review,1,4096,8192.0,0
srt_h1024,interval_before,current_review,1,8192,16384.0,0
srt_h1024,interval_before,current_review,1,16384,32768.0,0
srt_h1024,interval_before,current_review,1,32768,65536.0,0
srt_h1024,interval_before,current_review,1,65536,131072.0,0
srt_h1024,interval_before,current_review,1,131072,262144.0,0
srt_h1024,interval_before,current_review,1,262144,524288.0,0
srt_h1024,interval_before,current_review,1,524288,1048576.0,0
srt_h1024,interval_before,current_review,1,1048576,2097152.0,0
srt_h1024,interval_before,current_review,1,2097152,4194304.0,0
srt_h1024,interval_before,current_review,1,4194304,8388608.0,0
srt_h1024,interval_before,current_review,1,8388608,16777216.0,0
srt_h1024,interval_before,current_review,1,16777216,33554432.0,0
srt_h1024,interval_before,current_review,1,33554432,67108864.0,0
srt_h1024,interval_before,current_review,1,67108864,134217728.0,0
srt_h1024,interval_before,current_review,1,134217728,268435456.0,0
srt_h1024,interval_before,current_review,1,268435456,536870912.0,0
srt_h1024,interval_before,current_review,1,536870912,1073741824.0,0
srt_h1024,interval_before,current_review,1,1073741824,2147483648.0,0
srt_h1024,interval_before,current_review,1,2147483648,4294967296.0,0
srt_h1024,interval_before,current_review,1,4294967296,8589934592.0,0
srt_h1024,interval_before,current_review,1,8589934592,17179869184.0,0
srt_h1024,interval_before,current_review,1,17179869184,34359738368.0,0
srt_h1024,interval_before,current_review,1,34359738368,68719476736.0,0
srt_h1024,interval_before,current_review,1,68719476736,137438953472.0,0
srt_h1024,interval_before,current_review,1,137438953472,274877906944.0,0
srt_h1024,interval_before,current_review,1,274877906944,549755813888.0,0
srt_h1024,interval_before,current_review,1,549755813888,1099511627776.0,0
srt_h1024,interval_before,current_review,1,1099511627776,,0
srt_h1024,interval_before,current_review,2,0,1.0,0
srt_h1024,interval_before,current_review,2,1,2.0,0
srt_h1024,interval_before,current_review,2,2,4.0,0
srt_h1024,interval_before,current_review,2,4,8.0,0
srt_h1024,interval_before,current_review,2,8,16.0,4573
srt_h1024,interval_before,current_review,2,16,32.0,0
srt_h1024,interval_before,current_review,2,32,64.0,0
srt_h1024,interval_before,current_review,2,64,128.0,0
srt_h1024,interval_before,current_review,2,128,256.0,0
srt_h1024,interval_before,current_review,2,256,512.0,0
srt_h1024,interval_before,current_review,2,512,1024.0,0
srt_h1024,interval_before,current_review,2,1024,2048.0,0
srt_h1024,interval_before,current_review,2,2048,4096.0,0
srt_h1024,interval_before,current_review,2,4096,8192.0,0
srt_h1024,interval_before,current_review,2,8192,16384.0,0
srt_h1024,interval_before,current_review,2,16384,32768.0,0
srt_h1024,interval_before,current_review,2,32768,65536.0,0
srt_h1024,interval_before,current_review,2,65536,131072.0,0
srt_h1024,interval_before,current_review,2,131072,262144.0,0
srt_h1024,interval_before,current_review,2,262144,524288.0,0
srt_h1024,interval_before,current_review,2,524288,1048576.0,0
srt_h1024,interval_before,current_review,2,1048576,2097152.0,0
srt_h1024,interval_before,current_review,2,2097152,4194304.0,0
srt_h1024,interval_before,current_review,2,4194304,8388608.0,0
srt_h1024,interval_before,current_review,2,8388608,16777216.0,0
srt_h1024,interval_before,current_review,2,16777216,33554432.0,0
srt_h1024,interval_before,current_review,2,33554432,67108864.0,0
srt_h1024,interval_before,current_review,2,67108864,134217728.0,0
srt_h1024,interval_before,current_review,2,134217728,268435456.0,0
srt_h1024,interval_before,current_review,2,268435456,536870912.0,0
srt_h1024,interval_before,current_review,2,536870912,1073741824.0,0
srt_h1024,interval_before,current_review,2,1073741824,2147483648.0,0
srt_h1024,interval_before,current_review,2,2147483648,4294967296.0,0
srt_h1024,interval_before,current_review,2,4294967296,8589934592.0,0
srt_h1024,interval_before,current_review,2,8589934592,17179869184.0,0
srt_h1024,interval_before,current_review,2,17179869184,34359738368.0,0
srt_h1024,interval_before,current_review,2,34359738368,68719476736.0,0
srt_h1024,interval_before,current_review,2,68719476736,137438953472.0,0
srt_h1024,interval_before,current_review,2,137438953472,274877906944.0,0
srt_h1024,interval_before,current_review,2,274877906944,549755813888.0,0
srt_h1024,interval_before,current_review,2,549755813888,1099511627776.0,0
srt_h1024,interval_before,current_review,2,1099511627776,,0
srt_h1024,interval_before,current_review,3,0,1.0,0
srt_h1024,interval_before,current_review,3,1,2.0,0
srt_h1024,interval_before,current_review,3,2,4.0,0
srt_h1024,interval_before,current_review,3,4,8.0,0
srt_h1024,interval_before,current_review,3,8,16.0,3202
srt_h1024,interval_before,current_review,3,16,32.0,0
srt_h1024,interval_before,current_review,3,32,64.0,586
srt_h1024,interval_before,current_review,3,64,128.0,109
srt_h1024,interval_before,current_review,3,128,256.0,0
srt_h1024,interval_before,current_review,3,256,512.0,0
srt_h1024,interval_before,current_review,3,512,1024.0,0
srt_h1024,interval_before,current_review,3,1024,2048.0,0
srt_h1024,interval_before,current_review,3,2048,4096.0,0
srt_h1024,interval_before,current_review,3,4096,8192.0,0
srt_h1024,interval_before,current_review,3,8192,16384.0,0
srt_h1024,interval_before,current_review,3,16384,32768.0,0
srt_h1024,interval_before,current_review,3,32768,65536.0,0
srt_h1024,interval_before,current_review,3,65536,131072.0,0
srt_h1024,interval_before,current_review,3,131072,262144.0,0
srt_h1024,interval_before,current_review,3,262144,524288.0,0
srt_h1024,interval_before,current_review,3,524288,1048576.0,0
srt_h1024,interval_before,current_review,3,1048576,2097152.0,0
srt_h1024,interval_before,current_review,3,2097152,4194304.0,0
srt_h1024,interval_before,current_review,3,4194304,8388608.0,0
srt_h1024,interval_before,current_review,3,8388608,16777216.0,0
srt_h1024,interval_before,current_review,3,16777216,33554432.0,0
srt_h1024,interval_before,current_review,3,33554432,67108864.0,0
srt_h1024,interval_before,current_review,3,67108864,134217728.0,0
srt_h1024,interval_before,current_review,3,134217728,268435456.0,0
srt_h1024,interval_before,current_review,3,268435456,536870912.0,0
srt_h1024,interval_before,current_review,3,536870912,1073741824.0,0
srt_h1024,interval_before,current_review,3,1073741824,2147483648.0,0
srt_h1024,interval_before,current_review,3,2147483648,4294967296.0,0
srt_h1024,interval_before,current_review,3,4294967296,8589934592.0,0
srt_h1024,interval_before,current_review,3,8589934592,17179869184.0,0
srt_h1024,interval_before,current_review,3,17179869184,34359738368.0,0
srt_h1024,interval_before,current_review,3,34359738368,68719476736.0,0
srt_h1024,interval_before,current_review,3,68719476736,137438953472.0,0
srt_h1024,interval_before,current_review,3,137438953472,274877906944.0,0
srt_h1024,interval_before,current_review,3,274877906944,549755813888.0,0
srt_h1024,interval_before,current_review,3,549755813888,1099511627776.0,0
srt_h1024,interval_before,current_review,3,1099511627776,,0
srt_h1024,interval_before,current_review,4,0,1.0,0
srt_h1024,interval_before,current_review,4,1,2.0,0
srt_h1024,interval_before,current_review,4,2,4.0,0
srt_h1024,interval_before,current_review,4,4,8.0,0
srt_h1024,interval_before,current_review,4,8,16.0,2865
srt_h1024,interval_before,current_review,4,16,32.0,0
srt_h1024,interval_before,current_review,4,32,64.0,663
srt_h1024,interval_before,current_review,4,64,128.0,153
srt_h1024,interval_before,current_review,4,128,256.0,5
srt_h1024,interval_before,current_review,4,256,512.0,0
srt_h1024,interval_before,current_review,4,512,1024.0,0
srt_h1024,interval_before,current_review,4,1024,2048.0,0
srt_h1024,interval_before,current_review,4,2048,4096.0,0
srt_h1024,interval_before,current_review,4,4096,8192.0,0
srt_h1024,interval_before,current_review,4,8192,16384.0,0
srt_h1024,interval_before,current_review,4,16384,32768.0,0
srt_h1024,interval_before,current_review,4,32768,65536.0,0
srt_h1024,interval_before,current_review,4,65536,131072.0,0
srt_h1024,interval_before,current_review,4,131072,262144.0,0
srt_h1024,interval_before,current_review,4,262144,524288.0,0
srt_h1024,interval_before,current_review,4,524288,1048576.0,0
srt_h1024,interval_before,current_review,4,1048576,2097152.0,0
srt_h1024,interval_before,current_review,4,2097152,4194304.0,0
srt_h1024,interval_before,current_review,4,4194304,8388608.0,0
srt_h1024,interval_before,current_review,4,8388608,16777216.0,0
srt_h1024,interval_before,current_review,4,16777216,33554432.0,0
srt_h1024,interval_before,current_review,4,33554432,67108864.0,0
srt_h1024,interval_before,current_review,4,67108864,134217728.0,0
srt_h1024,interval_before,current_review,4,134217728,268435456.0,0
srt_h1024,interval_before,current_review,4,268435456,536870912.0,0
srt_h1024,interval_before,current_review,4,536870912,1073741824.0,0
srt_h1024,interval_before,current_review,4,1073741824,2147483648.0,0
srt_h1024,interval_before,current_review,4,2147483648,4294967296.0,0
srt_h1024,interval_before,current_review,4,4294967296,8589934592.0,0
srt_h1024,interval_before,current_review,4,8589934592,17179869184.0,0
srt_h1024,interval_before,current_review,4,17179869184,34359738368.0,0
srt_h1024,interval_before,current_review,4,34359738368,68719476736.0,0
srt_h1024,interval_before,current_review,4,68719476736,137438953472.0,0
srt_h1024,interval_before,current_review,4,137438953472,274877906944.0,0
srt_h1024,interval_before,current_review,4,274877906944,549755813888.0,0
srt_h1024,interval_before,current_review,4,549755813888,1099511627776.0,0
srt_h1024,interval_before,current_review,4,1099511627776,,0
srt_h1024,interval_before,current_review,5,0,1.0,0
srt_h1024,interval_before,current_review,5,1,2.0,0
srt_h1024,interval_before,current_review,5,2,4.0,0
srt_h1024,interval_before,current_review,5,4,8.0,0
srt_h1024,interval_before,current_review,5,8,16.0,17534
srt_h1024,interval_before,current_review,5,16,32.0,0
srt_h1024,interval_before,current_review,5,32,64.0,6959
srt_h1024,interval_before,current_review,5,64,128.0,999
srt_h1024,interval_before,current_review,5,128,256.0,143
srt_h1024,interval_before,current_review,5,256,512.0,0
srt_h1024,interval_before,current_review,5,512,1024.0,0
srt_h1024,interval_before,current_review,5,1024,2048.0,0
srt_h1024,interval_before,current_review,5,2048,4096.0,0
srt_h1024,interval_before,current_review,5,4096,8192.0,0
srt_h1024,interval_before,current_review,5,8192,16384.0,0
srt_h1024,interval_before,current_review,5,16384,32768.0,0
srt_h1024,interval_before,current_review,5,32768,65536.0,0
srt_h1024,interval_before,current_review,5,65536,131072.0,0
srt_h1024,interval_before,current_review,5,131072,262144.0,0
srt_h1024,interval_before,current_review,5,262144,524288.0,0
srt_h1024,interval_before,current_review,5,524288,1048576.0,0
srt_h1024,interval_before,current_review,5,1048576,2097152.0,0
srt_h1024,interval_before,current_review,5,2097152,4194304.0,0
srt_h1024,interval_before,current_review,5,4194304,8388608.0,0
srt_h1024,interval_before,current_review,5,8388608,16777216.0,0
srt_h1024,interval_before,current_review,5,16777216,33554432.0,0
srt_h1024,interval_before,current_review,5,33554432,67108864.0,0
srt_h1024,interval_before,current_review,5,67108864,134217728.0,0
srt_h1024,interval_before,current_review,5,134217728,268435456.0,0
srt_h1024,interval_before,current_review,5,268435456,536870912.0,0
srt_h1024,interval_before,current_review,5,536870912,1073741824.0,0
srt_h1024,interval_before,current_review,5,1073741824,2147483648.0,0
srt_h1024,interval_before,current_review,5,2147483648,4294967296.0,0
srt_h1024,interval_before,current_review,5,4294967296,8589934592.0,0
srt_h1024,interval_before,current_review,5,8589934592,17179869184.0,0
srt_h1024,interval_before,current_review,5,17179869184,34359738368.0,0
srt_h1024,interval_before,current_review,5,34359738368,68719476736.0,0
srt_h1024,interval_before,current_review,5,68719476736,137438953472.0,0
srt_h1024,interval_before,current_review,5,137438953472,274877906944.0,0
srt_h1024,interval_before,current_review,5,274877906944,549755813888.0,0
srt_h1024,interval_before,current_review,5,549755813888,1099511627776.0,0
srt_h1024,interval_before,current_review,5,1099511627776,,0
srt_h1024,interval_before,current_review,all,0,1.0,0
srt_h1024,interval_before,current_review,all,1,2.0,0
srt_h1024,interval_before,current_review,all,2,4.0,0
srt_h1024,interval_before,current_review,all,4,8.0,0
srt_h1024,interval_before,current_review,all,8,16.0,55201
srt_h1024,interval_before,current_review,all,16,32.0,0
srt_h1024,interval_before,current_review,all,32,64.0,8208
srt_h1024,interval_before,current_review,all,64,128.0,1261
srt_h1024,interval_before,current_review,all,128,256.0,148
srt_h1024,interval_before,current_review,all,256,512.0,0
srt_h1024,interval_before,current_review,all,512,1024.0,0
srt_h1024,interval_before,current_review,all,1024,2048.0,0
srt_h1024,interval_before,current_review,all,2048,4096.0,0
srt_h1024,interval_before,current_review,all,4096,8192.0,0
srt_h1024,interval_before,current_review,all,8192,16384.0,0
srt_h1024,interval_before,current_review,all,16384,32768.0,0
srt_h1024,interval_before,current_review,all,32768,65536.0,0
srt_h1024,interval_before,current_review,all,65536,131072.0,0
srt_h1024,interval_before,current_review,all,131072,262144.0,0
srt_h1024,interval_before,current_review,all,262144,524288.0,0
srt_h1024,interval_before,current_review,all,524288,1048576.0,0
srt_h1024,interval_before,current_review,all,1048576,2097152.0,0
srt_h1024,interval_before,current_review,all,2097152,4194304.0,0
srt_h1024,interval_before,current_review,all,4194304,8388608.0,0
srt_h1024,interval_before,current_review,all,8388608,16777216.0,0
srt_h1024,interval_before,current_review,all,16777216,33554432.0,0
srt_h1024,interval_before,current_review,all,33554432,67108864.0,0
srt_h1024,interval_before,current_review,all,67108864,134217728.0,0
srt_h1024,interval_before,current_review,all,134217728,268435456.0,0
srt_h1024,interval_before,current_review,all,268435456,536870912.0,0
srt_h1024,interval_before,current_review,all,536870912,1073741824.0,0
srt_h1024,interval_before,current_review,all,1073741824,2147483648.0,0
srt_h1024,interval_before,current_review,all,2147483648,4294967296.0,0
srt_h1024,interval_before,current_review,all,4294967296,8589934592.0,0
srt_h1024,interval_before,current_review,all,8589934592,17179869184.0,0
srt_h1024,interval_before,current_review,all,17179869184,34359738368.0,0
srt_h1024,interval_before,current_review,all,34359738368,68719476736.0,0
srt_h1024,interval_before,current_review,all,68719476736,137438953472.0,0
srt_h1024,interval_before,current_review,all,137438953472,274877906944.0,0
srt_h1024,interval_before,current_review,all,274877906944,549755813888.0,0
srt_h1024,interval_before,current_review,all,549755813888,1099511627776.0,0
srt_h1024,interval_before,current_review,all,1099511627776,,0
srt_h1024,interval_before,historical,0,0,1.0,0
srt_h1024,interval_before,historical,0,1,2.0,0
srt_h1024,interval_before,historical,0,2,4.0,0
srt_h1024,interval_before,historical,0,4,8.0,0
srt_h1024,interval_before,historical,0,8,16.0,32120
srt_h1024,interval_before,historical,0,16,32.0,0
srt_h1024,interval_before,historical,0,32,64.0,0
srt_h1024,interval_before,historical,0,64,128.0,0
srt_h1024,interval_before,historical,0,128,256.0,0
srt_h1024,interval_before,historical,0,256,512.0,0
srt_h1024,interval_before,historical,0,512,1024.0,0
srt_h1024,interval_before,historical,0,1024,2048.0,0
srt_h1024,interval_before,historical,0,2048,4096.0,0
srt_h1024,interval_before,historical,0,4096,8192.0,0
srt_h1024,interval_before,historical,0,8192,16384.0,0
srt_h1024,interval_before,historical,0,16384,32768.0,0
srt_h1024,interval_before,historical,0,32768,65536.0,0
srt_h1024,interval_before,historical,0,65536,131072.0,0
srt_h1024,interval_before,historical,0,131072,262144.0,0
srt_h1024,interval_before,historical,0,262144,524288.0,0
srt_h1024,interval_before,historical,0,524288,1048576.0,0
srt_h1024,interval_before,historical,0,1048576,2097152.0,0
srt_h1024,interval_before,historical,0,2097152,4194304.0,0
srt_h1024,interval_before,historical,0,4194304,8388608.0,0
srt_h1024,interval_before,historical,0,8388608,16777216.0,0
srt_h1024,interval_before,historical,0,16777216,33554432.0,0
srt_h1024,interval_before,historical,0,33554432,67108864.0,0
srt_h1024,interval_before,historical,0,67108864,134217728.0,0
srt_h1024,interval_before,historical,0,134217728,268435456.0,0
srt_h1024,interval_before,historical,0,268435456,536870912.0,0
srt_h1024,interval_before,historical,0,536870912,1073741824.0,0
srt_h1024,interval_before,historical,0,1073741824,2147483648.0,0
srt_h1024,interval_before,historical,0,2147483648,4294967296.0,0
srt_h1024,interval_before,historical,0,4294967296,8589934592.0,0
srt_h1024,interval_before,historical,0,8589934592,17179869184.0,0
srt_h1024,interval_before,historical,0,17179869184,34359738368.0,0
srt_h1024,interval_before,historical,0,34359738368,68719476736.0,0
srt_h1024,interval_before,historical,0,68719476736,137438953472.0,0
srt_h1024,interval_before,historical,0,137438953472,274877906944.0,0
srt_h1024,interval_before,historical,0,274877906944,549755813888.0,0
srt_h1024,interval_before,historical,0,549755813888,1099511627776.0,0
srt_h1024,interval_before,historical,0,1099511627776,,0
srt_h1024,interval_before,historical,1,0,1.0,0
srt_h1024,interval_before,historical,1,1,2.0,0
srt_h1024,interval_before,historical,1,2,4.0,0
srt_h1024,interval_before,historical,1,4,8.0,0
srt_h1024,interval_before,historical,1,8,16.0,15777
srt_h1024,interval_before,historical,1,16,32.0,0
srt_h1024,interval_before,historical,1,32,64.0,0
srt_h1024,interval_before,historical,1,64,128.0,0
srt_h1024,interval_before,historical,1,128,256.0,0
srt_h1024,interval_before,historical,1,256,512.0,0
srt_h1024,interval_before,historical,1,512,1024.0,0
srt_h1024,interval_before,historical,1,1024,2048.0,0
srt_h1024,interval_before,historical,1,2048,4096.0,0
srt_h1024,interval_before,historical,1,4096,8192.0,0
srt_h1024,interval_before,historical,1,8192,16384.0,0
srt_h1024,interval_before,historical,1,16384,32768.0,0
srt_h1024,interval_before,historical,1,32768,65536.0,0
srt_h1024,interval_before,historical,1,65536,131072.0,0
srt_h1024,interval_before,historical,1,131072,262144.0,0
srt_h1024,interval_before,historical,1,262144,524288.0,0
srt_h1024,interval_before,historical,1,524288,1048576.0,0
srt_h1024,interval_before,historical,1,1048576,2097152.0,0
srt_h1024,interval_before,historical,1,2097152,4194304.0,0
srt_h1024,interval_before,historical,1,4194304,8388608.0,0
srt_h1024,interval_before,historical,1,8388608,16777216.0,0
srt_h1024,interval_before,historical,1,16777216,33554432.0,0
srt_h1024,interval_before,historical,1,33554432,67108864.0,0
srt_h1024,interval_before,historical,1,67108864,134217728.0,0
srt_h1024,interval_before,historical,1,134217728,268435456.0,0
srt_h1024,interval_before,historical,1,268435456,536870912.0,0
srt_h1024,interval_before,historical,1,536870912,1073741824.0,0
srt_h1024,interval_before,historical,1,1073741824,2147483648.0,0
srt_h1024,interval_before,historical,1,2147483648,4294967296.0,0
srt_h1024,interval_before,historical,1,4294967296,8589934592.0,0
srt_h1024,interval_before,historical,1,8589934592,17179869184.0,0
srt_h1024,interval_before,historical,1,17179869184,34359738368.0,0
srt_h1024,interval_before,historical,1,34359738368,68719476736.0,0
srt_h1024,interval_before,historical,1,68719476736,137438953472.0,0
srt_h1024,interval_before,historical,1,137438953472,274877906944.0,0
srt_h1024,interval_before,historical,1,274877906944,549755813888.0,0
srt_h1024,interval_before,historical,1,549755813888,1099511627776.0,0
srt_h1024,interval_before,historical,1,1099511627776,,0
srt_h1024,interval_before,historical,2,0,1.0,0
srt_h1024,interval_before,historical,2,1,2.0,0
srt_h1024,interval_before,historical,2,2,4.0,0
srt_h1024,interval_before,historical,2,4,8.0,0
srt_h1024,interval_before,historical,2,8,16.0,19600
srt_h1024,interval_before,historical,2,16,32.0,0
srt_h1024,interval_before,historical,2,32,64.0,0
srt_h1024,interval_before,historical,2,64,128.0,0
srt_h1024,interval_before,historical,2,128,256.0,0
srt_h1024,interval_before,historical,2,256,512.0,0
srt_h1024,interval_before,historical,2,512,1024.0,0
srt_h1024,interval_before,historical,2,1024,2048.0,0
srt_h1024,interval_before,historical,2,2048,4096.0,0
srt_h1024,interval_before,historical,2,4096,8192.0,0
srt_h1024,interval_before,historical,2,8192,16384.0,0
srt_h1024,interval_before,historical,2,16384,32768.0,0
srt_h1024,interval_before,historical,2,32768,65536.0,0
srt_h1024,interval_before,historical,2,65536,131072.0,0
srt_h1024,interval_before,historical,2,131072,262144.0,0
srt_h1024,interval_before,historical,2,262144,524288.0,0
srt_h1024,interval_before,historical,2,524288,1048576.0,0
srt_h1024,interval_before,historical,2,1048576,2097152.0,0
srt_h1024,interval_before,historical,2,2097152,4194304.0,0
srt_h1024,interval_before,historical,2,4194304,8388608.0,0
srt_h1024,interval_before,historical,2,8388608,16777216.0,0
srt_h1024,interval_before,historical,2,16777216,33554432.0,0
srt_h1024,interval_before,historical,2,33554432,67108864.0,0
srt_h1024,interval_before,historical,2,67108864,134217728.0,0
srt_h1024,interval_before,historical,2,134217728,268435456.0,0
srt_h1024,interval_before,historical,2,268435456,536870912.0,0
srt_h1024,interval_before,historical,2,536870912,1073741824.0,0
srt_h1024,interval_before,historical,2,1073741824,2147483648.0,0
srt_h1024,interval_before,historical,2,2147483648,4294967296.0,0
srt_h1024,interval_before,historical,2,4294967296,8589934592.0,0
srt_h1024,interval_before,historical,2,8589934592,17179869184.0,0
srt_h1024,interval_before,historical,2,17179869184,34359738368.0,0
srt_h1024,interval_before,historical,2,34359738368,68719476736.0,0
srt_h1024,interval_before,historical,2,68719476736,137438953472.0,0
srt_h1024,interval_before,historical,2,137438953472,274877906944.0,0
srt_h1024,interval_before,historical,2,274877906944,549755813888.0,0
srt_h1024,interval_before,historical,2,549755813888,1099511627776.0,0
srt_h1024,interval_before,historical,2,1099511627776,,0
srt_h1024,interval_before,historical,3,0,1.0,0
srt_h1024,interval_before,historical,3,1,2.0,0
srt_h1024,interval_before,historical,3,2,4.0,0
srt_h1024,interval_before,historical,3,4,8.0,0
srt_h1024,interval_before,historical,3,8,16.0,8780
srt_h1024,interval_before,historical,3,16,32.0,0
srt_h1024,interval_before,historical,3,32,64.0,6840
srt_h1024,interval_before,historical,3,64,128.0,3401
srt_h1024,interval_before,historical,3,128,256.0,1514
srt_h1024,interval_before,historical,3,256,512.0,819
srt_h1024,interval_before,historical,3,512,1024.0,449
srt_h1024,interval_before,historical,3,1024,2048.0,148
srt_h1024,interval_before,historical,3,2048,4096.0,29
srt_h1024,interval_before,historical,3,4096,8192.0,0
srt_h1024,interval_before,historical,3,8192,16384.0,0
srt_h1024,interval_before,historical,3,16384,32768.0,0
srt_h1024,interval_before,historical,3,32768,65536.0,0
srt_h1024,interval_before,historical,3,65536,131072.0,0
srt_h1024,interval_before,historical,3,131072,262144.0,0
srt_h1024,interval_before,historical,3,262144,524288.0,0
srt_h1024,interval_before,historical,3,524288,1048576.0,0
srt_h1024,interval_before,historical,3,1048576,2097152.0,0
srt_h1024,interval_before,historical,3,2097152,4194304.0,0
srt_h1024,interval_before,historical,3,4194304,8388608.0,0
srt_h1024,interval_before,historical,3,8388608,16777216.0,0
srt_h1024,interval_before,historical,3,16777216,33554432.0,0
srt_h1024,interval_before,historical,3,33554432,67108864.0,0
srt_h1024,interval_before,historical,3,67108864,134217728.0,0
srt_h1024,interval_before,historical,3,134217728,268435456.0,0
srt_h1024,interval_before,historical,3,268435456,536870912.0,0
srt_h1024,interval_before,historical,3,536870912,1073741824.0,0
srt_h1024,interval_before,historical,3,1073741824,2147483648.0,0
srt_h1024,interval_before,historical,3,2147483648,4294967296.0,0
srt_h1024,interval_before,historical,3,4294967296,8589934592.0,0
srt_h1024,interval_before,historical,3,8589934592,17179869184.0,0
srt_h1024,interval_before,historical,3,17179869184,34359738368.0,0
srt_h1024,interval_before,historical,3,34359738368,68719476736.0,0
srt_h1024,interval_before,historical,3,68719476736,137438953472.0,0
srt_h1024,interval_before,historical,3,137438953472,274877906944.0,0
srt_h1024,interval_before,historical,3,274877906944,549755813888.0,0
srt_h1024,interval_before,historical,3,549755813888,1099511627776.0,0
srt_h1024,interval_before,historical,3,1099511627776,,0
srt_h1024,interval_before,historical,4,0,1.0,0
srt_h1024,interval_before,historical,4,1,2.0,0
srt_h1024,interval_before,historical,4,2,4.0,0
srt_h1024,interval_before,historical,4,4,8.0,0
srt_h1024,interval_before,historical,4,8,16.0,7226
srt_h1024,interval_before,historical,4,16,32.0,0
srt_h1024,interval_before,historical,4,32,64.0,5894
srt_h1024,interval_before,historical,4,64,128.0,4306
srt_h1024,interval_before,historical,4,128,256.0,1730
srt_h1024,interval_before,historical,4,256,512.0,1028
srt_h1024,interval_before,historical,4,512,1024.0,574
srt_h1024,interval_before,historical,4,1024,2048.0,167
srt_h1024,interval_before,historical,4,2048,4096.0,49
srt_h1024,interval_before,historical,4,4096,8192.0,0
srt_h1024,interval_before,historical,4,8192,16384.0,0
srt_h1024,interval_before,historical,4,16384,32768.0,0
srt_h1024,interval_before,historical,4,32768,65536.0,0
srt_h1024,interval_before,historical,4,65536,131072.0,0
srt_h1024,interval_before,historical,4,131072,262144.0,0
srt_h1024,interval_before,historical,4,262144,524288.0,0
srt_h1024,interval_before,historical,4,524288,1048576.0,0
srt_h1024,interval_before,historical,4,1048576,2097152.0,0
srt_h1024,interval_before,historical,4,2097152,4194304.0,0
srt_h1024,interval_before,historical,4,4194304,8388608.0,0
srt_h1024,interval_before,historical,4,8388608,16777216.0,0
srt_h1024,interval_before,historical,4,16777216,33554432.0,0
srt_h1024,interval_before,historical,4,33554432,67108864.0,0
srt_h1024,interval_before,historical,4,67108864,134217728.0,0
srt_h1024,interval_before,historical,4,134217728,268435456.0,0
srt_h1024,interval_before,historical,4,268435456,536870912.0,0
srt_h1024,interval_before,historical,4,536870912,1073741824.0,0
srt_h1024,interval_before,historical,4,1073741824,2147483648.0,0
srt_h1024,interval_before,historical,4,2147483648,4294967296.0,0
srt_h1024,interval_before,historical,4,4294967296,8589934592.0,0
srt_h1024,interval_before,historical,4,8589934592,17179869184.0,0
srt_h1024,interval_before,historical,4,17179869184,34359738368.0,0
srt_h1024,interval_before,historical,4,34359738368,68719476736.0,0
srt_h1024,interval_before,historical,4,68719476736,137438953472.0,0
srt_h1024,interval_before,historical,4,137438953472,274877906944.0,0
srt_h1024,interval_before,historical,4,274877906944,549755813888.0,0
srt_h1024,interval_before,historical,4,549755813888,1099511627776.0,0
srt_h1024,interval_before,historical,4,1099511627776,,0
srt_h1024,interval_before,historical,5,0,1.0,0
srt_h1024,interval_before,historical,5,1,2.0,0
srt_h1024,interval_before,historical,5,2,4.0,0
srt_h1024,interval_before,historical,5,4,8.0,0
srt_h1024,interval_before,historical,5,8,16.0,19728
srt_h1024,interval_before,historical,5,16,32.0,0
srt_h1024,interval_before,historical,5,32,64.0,22656
srt_h1024,interval_before,historical,5,64,128.0,20905
srt_h1024,interval_before,historical,5,128,256.0,14617
srt_h1024,interval_before,historical,5,256,512.0,9706
srt_h1024,interval_before,historical,5,512,1024.0,3502
srt_h1024,interval_before,historical,5,1024,2048.0,3488
srt_h1024,interval_before,historical,5,2048,4096.0,497
srt_h1024,interval_before,historical,5,4096,8192.0,0
srt_h1024,interval_before,historical,5,8192,16384.0,0
srt_h1024,interval_before,historical,5,16384,32768.0,0
srt_h1024,interval_before,historical,5,32768,65536.0,0
srt_h1024,interval_before,historical,5,65536,131072.0,0
srt_h1024,interval_before,historical,5,131072,262144.0,0
srt_h1024,interval_before,historical,5,262144,524288.0,0
srt_h1024,interval_before,historical,5,524288,1048576.0,0
srt_h1024,interval_before,historical,5,1048576,2097152.0,0
srt_h1024,interval_before,historical,5,2097152,4194304.0,0
srt_h1024,interval_before,historical,5,4194304,8388608.0,0
srt_h1024,interval_before,historical,5,8388608,16777216.0,0
srt_h1024,interval_before,historical,5,16777216,33554432.0,0
srt_h1024,interval_before,historical,5,33554432,67108864.0,0
srt_h1024,interval_before,historical,5,67108864,134217728.0,0
srt_h1024,interval_before,historical,5,134217728,268435456.0,0
srt_h1024,interval_before,historical,5,268435456,536870912.0,0
srt_h1024,interval_before,historical,5,536870912,1073741824.0,0
srt_h1024,interval_before,historical,5,1073741824,2147483648.0,0
srt_h1024,interval_before,historical,5,2147483648,4294967296.0,0
srt_h1024,interval_before,historical,5,4294967296,8589934592.0,0
srt_h1024,interval_before,historical,5,8589934592,17179869184.0,0
srt_h1024,interval_before,historical,5,17179869184,34359738368.0,0
srt_h1024,interval_before,historical,5,34359738368,68719476736.0,0
srt_h1024,interval_before,historical,5,68719476736,137438953472.0,0
srt_h1024,interval_before,historical,5,137438953472,274877906944.0,0
srt_h1024,interval_before,historical,5,274877906944,549755813888.0,0
srt_h1024,interval_before,historical,5,549755813888,1099511627776.0,0
srt_h1024,interval_before,historical,5,1099511627776,,0
srt_h1024,interval_before,historical,all,0,1.0,0
srt_h1024,interval_before,historical,all,1,2.0,0
srt_h1024,interval_before,historical,all,2,4.0,0
srt_h1024,interval_before,historical,all,4,8.0,0
srt_h1024,interval_before,historical,all,8,16.0,103231
srt_h1024,interval_before,historical,all,16,32.0,0
srt_h1024,interval_before,historical,all,32,64.0,35390
srt_h1024,interval_before,historical,all,64,128.0,28612
srt_h1024,interval_before,historical,all,128,256.0,17861
srt_h1024,interval_before,historical,all,256,512.0,11553
srt_h1024,interval_before,historical,all,512,1024.0,4525
srt_h1024,interval_before,historical,all,1024,2048.0,3803
srt_h1024,interval_before,historical,all,2048,4096.0,575
srt_h1024,interval_before,historical,all,4096,8192.0,0
srt_h1024,interval_before,historical,all,8192,16384.0,0
srt_h1024,interval_before,historical,all,16384,32768.0,0
srt_h1024,interval_before,historical,all,32768,65536.0,0
srt_h1024,interval_before,historical,all,65536,131072.0,0
srt_h1024,interval_before,historical,all,131072,262144.0,0
srt_h1024,interval_before,historical,all,262144,524288.0,0
srt_h1024,interval_before,historical,all,524288,1048576.0,0
srt_h1024,interval_before,historical,all,1048576,2097152.0,0
srt_h1024,interval_before,historical,all,2097152,4194304.0,0
srt_h1024,interval_before,historical,all,4194304,8388608.0,0
srt_h1024,interval_before,historical,all,8388608,16777216.0,0
srt_h1024,interval_before,historical,all,16777216,33554432.0,0
srt_h1024,interval_before,historical,all,33554432,67108864.0,0
srt_h1024,interval_before,historical,all,67108864,134217728.0,0
srt_h1024,interval_before,historical,all,134217728,268435456.0,0
srt_h1024,interval_before,historical,all,268435456,536870912.0,0
srt_h1024,interval_before,historical,all,536870912,1073741824.0,0
srt_h1024,interval_before,historical,all,1073741824,2147483648.0,0
srt_h1024,interval_before,historical,all,2147483648,4294967296.0,0
srt_h1024,interval_before,historical,all,4294967296,8589934592.0,0
srt_h1024,interval_before,historical,all,8589934592,17179869184.0,0
srt_h1024,interval_before,historical,all,17179869184,34359738368.0,0
srt_h1024,interval_before,historical,all,34359738368,68719476736.0,0
srt_h1024,interval_before,historical,all,68719476736,137438953472.0,0
srt_h1024,interval_before,historical,all,137438953472,274877906944.0,0
srt_h1024,interval_before,historical,all,274877906944,549755813888.0,0
srt_h1024,interval_before,historical,all,549755813888,1099511627776.0,0
srt_h1024,interval_before,historical,all,1099511627776,,0
srt_h1024,lateness,current_review,0,0,1.0,3000
srt_h1024,lateness,current_review,0,1,2.0,1449
srt_h1024,lateness,current_review,0,2,4.0,2052
srt_h1024,lateness,current_review,0,4,8.0,3006
srt_h1024,lateness,current_review,0,8,16.0,4053
srt_h1024,lateness,current_review,0,16,32.0,4775
srt_h1024,lateness,current_review,0,32,64.0,3885
srt_h1024,lateness,current_review,0,64,128.0,619
srt_h1024,lateness,current_review,0,128,256.0,0
srt_h1024,lateness,current_review,0,256,512.0,0
srt_h1024,lateness,current_review,0,512,1024.0,0
srt_h1024,lateness,current_review,0,1024,2048.0,0
srt_h1024,lateness,current_review,0,2048,4096.0,0
srt_h1024,lateness,current_review,0,4096,8192.0,0
srt_h1024,lateness,current_review,0,8192,16384.0,0
srt_h1024,lateness,current_review,0,16384,32768.0,0
srt_h1024,lateness,current_review,0,32768,65536.0,0
srt_h1024,lateness,current_review,0,65536,131072.0,0
srt_h1024,lateness,current_review,0,131072,262144.0,0
srt_h1024,lateness,current_review,0,262144,524288.0,0
srt_h1024,lateness,current_review,0,524288,1048576.0,0
srt_h1024,lateness,current_review,0,1048576,2097152.0,0
srt_h1024,lateness,current_review,0,2097152,4194304.0,0
srt_h1024,lateness,current_review,0,4194304,8388608.0,0
srt_h1024,lateness,current_review,0,8388608,16777216.0,0
srt_h1024,lateness,current_review,0,16777216,33554432.0,0
srt_h1024,lateness,current_review,0,33554432,67108864.0,0
srt_h1024,lateness,current_review,0,67108864,134217728.0,0
srt_h1024,lateness,current_review,0,134217728,268435456.0,0
srt_h1024,lateness,current_review,0,268435456,536870912.0,0
srt_h1024,lateness,current_review,0,536870912,1073741824.0,0
srt_h1024,lateness,current_review,0,1073741824,2147483648.0,0
srt_h1024,lateness,current_review,0,2147483648,4294967296.0,0
srt_h1024,lateness,current_review,0,4294967296,8589934592.0,0
srt_h1024,lateness,current_review,0,8589934592,17179869184.0,0
srt_h1024,lateness,current_review,0,17179869184,34359738368.0,0
srt_h1024,lateness,current_review,0,34359738368,68719476736.0,0
srt_h1024,lateness,current_review,0,68719476736,137438953472.0,0
srt_h1024,lateness,current_review,0,137438953472,274877906944.0,0
srt_h1024,lateness,current_review,0,274877906944,549755813888.0,0
srt_h1024,lateness,current_review,0,549755813888,1099511627776.0,0
srt_h1024,lateness,current_review,0,1099511627776,,0
srt_h1024,lateness,current_review,1,0,1.0,1049
srt_h1024,lateness,current_review,1,1,2.0,233
srt_h1024,lateness,current_review,1,2,4.0,385
srt_h1024,lateness,current_review,1,4,8.0,598
srt_h1024,lateness,current_review,1,8,16.0,704
srt_h1024,lateness,current_review,1,16,32.0,682
srt_h1024,lateness,current_review,1,32,64.0,487
srt_h1024,lateness,current_review,1,64,128.0,50
srt_h1024,lateness,current_review,1,128,256.0,0
srt_h1024,lateness,current_review,1,256,512.0,0
srt_h1024,lateness,current_review,1,512,1024.0,0
srt_h1024,lateness,current_review,1,1024,2048.0,0
srt_h1024,lateness,current_review,1,2048,4096.0,0
srt_h1024,lateness,current_review,1,4096,8192.0,0
srt_h1024,lateness,current_review,1,8192,16384.0,0
srt_h1024,lateness,current_review,1,16384,32768.0,0
srt_h1024,lateness,current_review,1,32768,65536.0,0
srt_h1024,lateness,current_review,1,65536,131072.0,0
srt_h1024,lateness,current_review,1,131072,262144.0,0
srt_h1024,lateness,current_review,1,262144,524288.0,0
srt_h1024,lateness,current_review,1,524288,1048576.0,0
srt_h1024,lateness,current_review,1,1048576,2097152.0,0
srt_h1024,lateness,current_review,1,2097152,4194304.0,0
srt_h1024,lateness,current_review,1,4194304,8388608.0,0
srt_h1024,lateness,current_review,1,8388608,16777216.0,0
srt_h1024,lateness,current_review,1,16777216,33554432.0,0
srt_h1024,lateness,current_review,1,33554432,67108864.0,0
srt_h1024,lateness,current_review,1,67108864,134217728.0,0
srt_h1024,lateness,current_review,1,134217728,268435456.0,0
srt_h1024,lateness,current_review,1,268435456,536870912.0,0
srt_h1024,lateness,current_review,1,536870912,1073741824.0,0
srt_h1024,lateness,current_review,1,1073741824,2147483648.0,0
srt_h1024,lateness,current_review,1,2147483648,4294967296.0,0
srt_h1024,lateness,current_review,1,4294967296,8589934592.0,0
srt_h1024,lateness,current_review,1,8589934592,17179869184.0,0
srt_h1024,lateness,current_review,1,17179869184,34359738368.0,0
srt_h1024,lateness,current_review,1,34359738368,68719476736.0,0
srt_h1024,lateness,current_review,1,68719476736,137438953472.0,0
srt_h1024,lateness,current_review,1,137438953472,274877906944.0,0
srt_h1024,lateness,current_review,1,274877906944,549755813888.0,0
srt_h1024,lateness,current_review,1,549755813888,1099511627776.0,0
srt_h1024,lateness,current_review,1,1099511627776,,0
srt_h1024,lateness,current_review,2,0,1.0,1385
srt_h1024,lateness,current_review,2,1,2.0,263
srt_h1024,lateness,current_review,2,2,4.0,459
srt_h1024,lateness,current_review,2,4,8.0,592
srt_h1024,lateness,current_review,2,8,16.0,749
srt_h1024,lateness,current_review,2,16,32.0,714
srt_h1024,lateness,current_review,2,32,64.0,355
srt_h1024,lateness,current_review,2,64,128.0,56
srt_h1024,lateness,current_review,2,128,256.0,0
srt_h1024,lateness,current_review,2,256,512.0,0
srt_h1024,lateness,current_review,2,512,1024.0,0
srt_h1024,lateness,current_review,2,1024,2048.0,0
srt_h1024,lateness,current_review,2,2048,4096.0,0
srt_h1024,lateness,current_review,2,4096,8192.0,0
srt_h1024,lateness,current_review,2,8192,16384.0,0
srt_h1024,lateness,current_review,2,16384,32768.0,0
srt_h1024,lateness,current_review,2,32768,65536.0,0
srt_h1024,lateness,current_review,2,65536,131072.0,0
srt_h1024,lateness,current_review,2,131072,262144.0,0
srt_h1024,lateness,current_review,2,262144,524288.0,0
srt_h1024,lateness,current_review,2,524288,1048576.0,0
srt_h1024,lateness,current_review,2,1048576,2097152.0,0
srt_h1024,lateness,current_review,2,2097152,4194304.0,0
srt_h1024,lateness,current_review,2,4194304,8388608.0,0
srt_h1024,lateness,current_review,2,8388608,16777216.0,0
srt_h1024,lateness,current_review,2,16777216,33554432.0,0
srt_h1024,lateness,current_review,2,33554432,67108864.0,0
srt_h1024,lateness,current_review,2,67108864,134217728.0,0
srt_h1024,lateness,current_review,2,134217728,268435456.0,0
srt_h1024,lateness,current_review,2,268435456,536870912.0,0
srt_h1024,lateness,current_review,2,536870912,1073741824.0,0
srt_h1024,lateness,current_review,2,1073741824,2147483648.0,0
srt_h1024,lateness,current_review,2,2147483648,4294967296.0,0
srt_h1024,lateness,current_review,2,4294967296,8589934592.0,0
srt_h1024,lateness,current_review,2,8589934592,17179869184.0,0
srt_h1024,lateness,current_review,2,17179869184,34359738368.0,0
srt_h1024,lateness,current_review,2,34359738368,68719476736.0,0
srt_h1024,lateness,current_review,2,68719476736,137438953472.0,0
srt_h1024,lateness,current_review,2,137438953472,274877906944.0,0
srt_h1024,lateness,current_review,2,274877906944,549755813888.0,0
srt_h1024,lateness,current_review,2,549755813888,1099511627776.0,0
srt_h1024,lateness,current_review,2,1099511627776,,0
srt_h1024,lateness,current_review,3,0,1.0,1366
srt_h1024,lateness,current_review,3,1,2.0,211
srt_h1024,lateness,current_review,3,2,4.0,330
srt_h1024,lateness,current_review,3,4,8.0,475
srt_h1024,lateness,current_review,3,8,16.0,582
srt_h1024,lateness,current_review,3,16,32.0,575
srt_h1024,lateness,current_review,3,32,64.0,327
srt_h1024,lateness,current_review,3,64,128.0,31
srt_h1024,lateness,current_review,3,128,256.0,0
srt_h1024,lateness,current_review,3,256,512.0,0
srt_h1024,lateness,current_review,3,512,1024.0,0
srt_h1024,lateness,current_review,3,1024,2048.0,0
srt_h1024,lateness,current_review,3,2048,4096.0,0
srt_h1024,lateness,current_review,3,4096,8192.0,0
srt_h1024,lateness,current_review,3,8192,16384.0,0
srt_h1024,lateness,current_review,3,16384,32768.0,0
srt_h1024,lateness,current_review,3,32768,65536.0,0
srt_h1024,lateness,current_review,3,65536,131072.0,0
srt_h1024,lateness,current_review,3,131072,262144.0,0
srt_h1024,lateness,current_review,3,262144,524288.0,0
srt_h1024,lateness,current_review,3,524288,1048576.0,0
srt_h1024,lateness,current_review,3,1048576,2097152.0,0
srt_h1024,lateness,current_review,3,2097152,4194304.0,0
srt_h1024,lateness,current_review,3,4194304,8388608.0,0
srt_h1024,lateness,current_review,3,8388608,16777216.0,0
srt_h1024,lateness,current_review,3,16777216,33554432.0,0
srt_h1024,lateness,current_review,3,33554432,67108864.0,0
srt_h1024,lateness,current_review,3,67108864,134217728.0,0
srt_h1024,lateness,current_review,3,134217728,268435456.0,0
srt_h1024,lateness,current_review,3,268435456,536870912.0,0
srt_h1024,lateness,current_review,3,536870912,1073741824.0,0
srt_h1024,lateness,current_review,3,1073741824,2147483648.0,0
srt_h1024,lateness,current_review,3,2147483648,4294967296.0,0
srt_h1024,lateness,current_review,3,4294967296,8589934592.0,0
srt_h1024,lateness,current_review,3,8589934592,17179869184.0,0
srt_h1024,lateness,current_review,3,17179869184,34359738368.0,0
srt_h1024,lateness,current_review,3,34359738368,68719476736.0,0
srt_h1024,lateness,current_review,3,68719476736,137438953472.0,0
srt_h1024,lateness,current_review,3,137438953472,274877906944.0,0
srt_h1024,lateness,current_review,3,274877906944,549755813888.0,0
srt_h1024,lateness,current_review,3,549755813888,1099511627776.0,0
srt_h1024,lateness,current_review,3,1099511627776,,0
srt_h1024,lateness,current_review,4,0,1.0,1361
srt_h1024,lateness,current_review,4,1,2.0,191
srt_h1024,lateness,current_review,4,2,4.0,303
srt_h1024,lateness,current_review,4,4,8.0,443
srt_h1024,lateness,current_review,4,8,16.0,508
srt_h1024,lateness,current_review,4,16,32.0,516
srt_h1024,lateness,current_review,4,32,64.0,336
srt_h1024,lateness,current_review,4,64,128.0,28
srt_h1024,lateness,current_review,4,128,256.0,0
srt_h1024,lateness,current_review,4,256,512.0,0
srt_h1024,lateness,current_review,4,512,1024.0,0
srt_h1024,lateness,current_review,4,1024,2048.0,0
srt_h1024,lateness,current_review,4,2048,4096.0,0
srt_h1024,lateness,current_review,4,4096,8192.0,0
srt_h1024,lateness,current_review,4,8192,16384.0,0
srt_h1024,lateness,current_review,4,16384,32768.0,0
srt_h1024,lateness,current_review,4,32768,65536.0,0
srt_h1024,lateness,current_review,4,65536,131072.0,0
srt_h1024,lateness,current_review,4,131072,262144.0,0
srt_h1024,lateness,current_review,4,262144,524288.0,0
srt_h1024,lateness,current_review,4,524288,1048576.0,0
srt_h1024,lateness,current_review,4,1048576,2097152.0,0
srt_h1024,lateness,current_review,4,2097152,4194304.0,0
srt_h1024,lateness,current_review,4,4194304,8388608.0,0
srt_h1024,lateness,current_review,4,8388608,16777216.0,0
srt_h1024,lateness,current_review,4,16777216,33554432.0,0
srt_h1024,lateness,current_review,4,33554432,67108864.0,0
srt_h1024,lateness,current_review,4,67108864,134217728.0,0
srt_h1024,lateness,current_review,4,134217728,268435456.0,0
srt_h1024,lateness,current_review,4,268435456,536870912.0,0
srt_h1024,lateness,current_review,4,536870912,1073741824.0,0
srt_h1024,lateness,current_review,4,1073741824,2147483648.0,0
srt_h1024,lateness,current_review,4,2147483648,4294967296.0,0
srt_h1024,lateness,current_review,4,4294967296,8589934592.0,0
srt_h1024,lateness,current_review,4,8589934592,17179869184.0,0
srt_h1024,lateness,current_review,4,17179869184,34359738368.0,0
srt_h1024,lateness,current_review,4,34359738368,68719476736.0,0
srt_h1024,lateness,current_review,4,68719476736,137438953472.0,0
srt_h1024,lateness,current_review,4,137438953472,274877906944.0,0
srt_h1024,lateness,current_review,4,274877906944,549755813888.0,0
srt_h1024,lateness,current_review,4,549755813888,1099511627776.0,0
srt_h1024,lateness,current_review,4,1099511627776,,0
srt_h1024,lateness,current_review,5,0,1.0,8681
srt_h1024,lateness,current_review,5,1,2.0,1451
srt_h1024,lateness,current_review,5,2,4.0,2183
srt_h1024,lateness,current_review,5,4,8.0,3282
srt_h1024,lateness,current_review,5,8,16.0,4017
srt_h1024,lateness,current_review,5,16,32.0,3919
srt_h1024,lateness,current_review,5,32,64.0,1961
srt_h1024,lateness,current_review,5,64,128.0,141
srt_h1024,lateness,current_review,5,128,256.0,0
srt_h1024,lateness,current_review,5,256,512.0,0
srt_h1024,lateness,current_review,5,512,1024.0,0
srt_h1024,lateness,current_review,5,1024,2048.0,0
srt_h1024,lateness,current_review,5,2048,4096.0,0
srt_h1024,lateness,current_review,5,4096,8192.0,0
srt_h1024,lateness,current_review,5,8192,16384.0,0
srt_h1024,lateness,current_review,5,16384,32768.0,0
srt_h1024,lateness,current_review,5,32768,65536.0,0
srt_h1024,lateness,current_review,5,65536,131072.0,0
srt_h1024,lateness,current_review,5,131072,262144.0,0
srt_h1024,lateness,current_review,5,262144,524288.0,0
srt_h1024,lateness,current_review,5,524288,1048576.0,0
srt_h1024,lateness,current_review,5,1048576,2097152.0,0
srt_h1024,lateness,current_review,5,2097152,4194304.0,0
srt_h1024,lateness,current_review,5,4194304,8388608.0,0
srt_h1024,lateness,current_review,5,8388608,16777216.0,0
srt_h1024,lateness,current_review,5,16777216,33554432.0,0
srt_h1024,lateness,current_review,5,33554432,67108864.0,0
srt_h1024,lateness,current_review,5,67108864,134217728.0,0
srt_h1024,lateness,current_review,5,134217728,268435456.0,0
srt_h1024,lateness,current_review,5,268435456,536870912.0,0
srt_h1024,lateness,current_review,5,536870912,1073741824.0,0
srt_h1024,lateness,current_review,5,1073741824,2147483648.0,0
srt_h1024,lateness,current_review,5,2147483648,4294967296.0,0
srt_h1024,lateness,current_review,5,4294967296,8589934592.0,0
srt_h1024,lateness,current_review,5,8589934592,17179869184.0,0
srt_h1024,lateness,current_review,5,17179869184,34359738368.0,0
srt_h1024,lateness,current_review,5,34359738368,68719476736.0,0
srt_h1024,lateness,current_review,5,68719476736,137438953472.0,0
srt_h1024,lateness,current_review,5,137438953472,274877906944.0,0
srt_h1024,lateness,current_review,5,274877906944,549755813888.0,0
srt_h1024,lateness,current_review,5,549755813888,1099511627776.0,0
srt_h1024,lateness,current_review,5,1099511627776,,0
srt_h1024,lateness,current_review,all,0,1.0,16842
srt_h1024,lateness,current_review,all,1,2.0,3798
srt_h1024,lateness,current_review,all,2,4.0,5712
srt_h1024,lateness,current_review,all,4,8.0,8396
srt_h1024,lateness,current_review,all,8,16.0,10613
srt_h1024,lateness,current_review,all,16,32.0,11181
srt_h1024,lateness,current_review,all,32,64.0,7351
srt_h1024,lateness,current_review,all,64,128.0,925
srt_h1024,lateness,current_review,all,128,256.0,0
srt_h1024,lateness,current_review,all,256,512.0,0
srt_h1024,lateness,current_review,all,512,1024.0,0
srt_h1024,lateness,current_review,all,1024,2048.0,0
srt_h1024,lateness,current_review,all,2048,4096.0,0
srt_h1024,lateness,current_review,all,4096,8192.0,0
srt_h1024,lateness,current_review,all,8192,16384.0,0
srt_h1024,lateness,current_review,all,16384,32768.0,0
srt_h1024,lateness,current_review,all,32768,65536.0,0
srt_h1024,lateness,current_review,all,65536,131072.0,0
srt_h1024,lateness,current_review,all,131072,262144.0,0
srt_h1024,lateness,current_review,all,262144,524288.0,0
srt_h1024,lateness,current_review,all,524288,1048576.0,0
srt_h1024,lateness,current_review,all,1048576,2097152.0,0
srt_h1024,lateness,current_review,all,2097152,4194304.0,0
srt_h1024,lateness,current_review,all,4194304,8388608.0,0
srt_h1024,lateness,current_review,all,8388608,16777216.0,0
srt_h1024,lateness,current_review,all,16777216,33554432.0,0
srt_h1024,lateness,current_review,all,33554432,67108864.0,0
srt_h1024,lateness,current_review,all,67108864,134217728.0,0
srt_h1024,lateness,current_review,all,134217728,268435456.0,0
srt_h1024,lateness,current_review,all,268435456,536870912.0,0
srt_h1024,lateness,current_review,all,536870912,1073741824.0,0
srt_h1024,lateness,current_review,all,1073741824,2147483648.0,0
srt_h1024,lateness,current_review,all,2147483648,4294967296.0,0
srt_h1024,lateness,current_review,all,4294967296,8589934592.0,0
srt_h1024,lateness,current_review,all,8589934592,17179869184.0,0
srt_h1024,lateness,current_review,all,17179869184,34359738368.0,0
srt_h1024,lateness,current_review,all,34359738368,68719476736.0,0
srt_h1024,lateness,current_review,all,68719476736,137438953472.0,0
srt_h1024,lateness,current_review,all,137438953472,274877906944.0,0
srt_h1024,lateness,current_review,all,274877906944,549755813888.0,0
srt_h1024,lateness,current_review,all,549755813888,1099511627776.0,0
srt_h1024,lateness,current_review,all,1099511627776,,0
srt_h1024,lateness,historical,0,0,1.0,3655
srt_h1024,lateness,historical,0,1,2.0,499
srt_h1024,lateness,historical,0,2,4.0,755
srt_h1024,lateness,historical,0,4,8.0,1305
srt_h1024,lateness,historical,0,8,16.0,2156
srt_h1024,lateness,historical,0,16,32.0,3139
srt_h1024,lateness,historical,0,32,64.0,4553
srt_h1024,lateness,historical,0,64,128.0,5608
srt_h1024,lateness,historical,0,128,256.0,5631
srt_h1024,lateness,historical,0,256,512.0,3629
srt_h1024,lateness,historical,0,512,1024.0,1124
srt_h1024,lateness,historical,0,1024,2048.0,66
srt_h1024,lateness,historical,0,2048,4096.0,0
srt_h1024,lateness,historical,0,4096,8192.0,0
srt_h1024,lateness,historical,0,8192,16384.0,0
srt_h1024,lateness,historical,0,16384,32768.0,0
srt_h1024,lateness,historical,0,32768,65536.0,0
srt_h1024,lateness,historical,0,65536,131072.0,0
srt_h1024,lateness,historical,0,131072,262144.0,0
srt_h1024,lateness,historical,0,262144,524288.0,0
srt_h1024,lateness,historical,0,524288,1048576.0,0
srt_h1024,lateness,historical,0,1048576,2097152.0,0
srt_h1024,lateness,historical,0,2097152,4194304.0,0
srt_h1024,lateness,historical,0,4194304,8388608.0,0
srt_h1024,lateness,historical,0,8388608,16777216.0,0
srt_h1024,lateness,historical,0,16777216,33554432.0,0
srt_h1024,lateness,historical,0,33554432,67108864.0,0
srt_h1024,lateness,historical,0,67108864,134217728.0,0
srt_h1024,lateness,historical,0,134217728,268435456.0,0
srt_h1024,lateness,historical,0,268435456,536870912.0,0
srt_h1024,lateness,historical,0,536870912,1073741824.0,0
srt_h1024,lateness,historical,0,1073741824,2147483648.0,0
srt_h1024,lateness,historical,0,2147483648,4294967296.0,0
srt_h1024,lateness,historical,0,4294967296,8589934592.0,0
srt_h1024,lateness,historical,0,8589934592,17179869184.0,0
srt_h1024,lateness,historical,0,17179869184,34359738368.0,0
srt_h1024,lateness,historical,0,34359738368,68719476736.0,0
srt_h1024,lateness,historical,0,68719476736,137438953472.0,0
srt_h1024,lateness,historical,0,137438953472,274877906944.0,0
srt_h1024,lateness,historical,0,274877906944,549755813888.0,0
srt_h1024,lateness,historical,0,549755813888,1099511627776.0,0
srt_h1024,lateness,historical,0,1099511627776,,0
srt_h1024,lateness,historical,1,0,1.0,1606
srt_h1024,lateness,historical,1,1,2.0,276
srt_h1024,lateness,historical,1,2,4.0,398
srt_h1024,lateness,historical,1,4,8.0,670
srt_h1024,lateness,historical,1,8,16.0,1185
srt_h1024,lateness,historical,1,16,32.0,1669
srt_h1024,lateness,historical,1,32,64.0,2323
srt_h1024,lateness,historical,1,64,128.0,2775
srt_h1024,lateness,historical,1,128,256.0,2623
srt_h1024,lateness,historical,1,256,512.0,1718
srt_h1024,lateness,historical,1,512,1024.0,501
srt_h1024,lateness,historical,1,1024,2048.0,33
srt_h1024,lateness,historical,1,2048,4096.0,0
srt_h1024,lateness,historical,1,4096,8192.0,0
srt_h1024,lateness,historical,1,8192,16384.0,0
srt_h1024,lateness,historical,1,16384,32768.0,0
srt_h1024,lateness,historical,1,32768,65536.0,0
srt_h1024,lateness,historical,1,65536,131072.0,0
srt_h1024,lateness,historical,1,131072,262144.0,0
srt_h1024,lateness,historical,1,262144,524288.0,0
srt_h1024,lateness,historical,1,524288,1048576.0,0
srt_h1024,lateness,historical,1,1048576,2097152.0,0
srt_h1024,lateness,historical,1,2097152,4194304.0,0
srt_h1024,lateness,historical,1,4194304,8388608.0,0
srt_h1024,lateness,historical,1,8388608,16777216.0,0
srt_h1024,lateness,historical,1,16777216,33554432.0,0
srt_h1024,lateness,historical,1,33554432,67108864.0,0
srt_h1024,lateness,historical,1,67108864,134217728.0,0
srt_h1024,lateness,historical,1,134217728,268435456.0,0
srt_h1024,lateness,historical,1,268435456,536870912.0,0
srt_h1024,lateness,historical,1,536870912,1073741824.0,0
srt_h1024,lateness,historical,1,1073741824,2147483648.0,0
srt_h1024,lateness,historical,1,2147483648,4294967296.0,0
srt_h1024,lateness,historical,1,4294967296,8589934592.0,0
srt_h1024,lateness,historical,1,8589934592,17179869184.0,0
srt_h1024,lateness,historical,1,17179869184,34359738368.0,0
srt_h1024,lateness,historical,1,34359738368,68719476736.0,0
srt_h1024,lateness,historical,1,68719476736,137438953472.0,0
srt_h1024,lateness,historical,1,137438953472,274877906944.0,0
srt_h1024,lateness,historical,1,274877906944,549755813888.0,0
srt_h1024,lateness,historical,1,549755813888,1099511627776.0,0
srt_h1024,lateness,historical,1,1099511627776,,0
srt_h1024,lateness,historical,2,0,1.0,2324
srt_h1024,lateness,historical,2,1,2.0,343
srt_h1024,lateness,historical,2,2,4.0,543
srt_h1024,lateness,historical,2,4,8.0,922
srt_h1024,lateness,historical,2,8,16.0,1417
srt_h1024,lateness,historical,2,16,32.0,2013
srt_h1024,lateness,historical,2,32,64.0,2801
srt_h1024,lateness,historical,2,64,128.0,3301
srt_h1024,lateness,historical,2,128,256.0,3152
srt_h1024,lateness,historical,2,256,512.0,2132
srt_h1024,lateness,historical,2,512,1024.0,617
srt_h1024,lateness,historical,2,1024,2048.0,35
srt_h1024,lateness,historical,2,2048,4096.0,0
srt_h1024,lateness,historical,2,4096,8192.0,0
srt_h1024,lateness,historical,2,8192,16384.0,0
srt_h1024,lateness,historical,2,16384,32768.0,0
srt_h1024,lateness,historical,2,32768,65536.0,0
srt_h1024,lateness,historical,2,65536,131072.0,0
srt_h1024,lateness,historical,2,131072,262144.0,0
srt_h1024,lateness,historical,2,262144,524288.0,0
srt_h1024,lateness,historical,2,524288,1048576.0,0
srt_h1024,lateness,historical,2,1048576,2097152.0,0
srt_h1024,lateness,historical,2,2097152,4194304.0,0
srt_h1024,lateness,historical,2,4194304,8388608.0,0
srt_h1024,lateness,historical,2,8388608,16777216.0,0
srt_h1024,lateness,historical,2,16777216,33554432.0,0
srt_h1024,lateness,historical,2,33554432,67108864.0,0
srt_h1024,lateness,historical,2,67108864,134217728.0,0
srt_h1024,lateness,historical,2,134217728,268435456.0,0
srt_h1024,lateness,historical,2,268435456,536870912.0,0
srt_h1024,lateness,historical,2,536870912,1073741824.0,0
srt_h1024,lateness,historical,2,1073741824,2147483648.0,0
srt_h1024,lateness,historical,2,2147483648,4294967296.0,0
srt_h1024,lateness,historical,2,4294967296,8589934592.0,0
srt_h1024,lateness,historical,2,8589934592,17179869184.0,0
srt_h1024,lateness,historical,2,17179869184,34359738368.0,0
srt_h1024,lateness,historical,2,34359738368,68719476736.0,0
srt_h1024,lateness,historical,2,68719476736,137438953472.0,0
srt_h1024,lateness,historical,2,137438953472,274877906944.0,0
srt_h1024,lateness,historical,2,274877906944,549755813888.0,0
srt_h1024,lateness,historical,2,549755813888,1099511627776.0,0
srt_h1024,lateness,historical,2,1099511627776,,0
srt_h1024,lateness,historical,3,0,1.0,2556
srt_h1024,lateness,historical,3,1,2.0,388
srt_h1024,lateness,historical,3,2,4.0,616
srt_h1024,lateness,historical,3,4,8.0,1076
srt_h1024,lateness,historical,3,8,16.0,1696
srt_h1024,lateness,historical,3,16,32.0,2289
srt_h1024,lateness,historical,3,32,64.0,3102
srt_h1024,lateness,historical,3,64,128.0,3776
srt_h1024,lateness,historical,3,128,256.0,3525
srt_h1024,lateness,historical,3,256,512.0,2232
srt_h1024,lateness,historical,3,512,1024.0,680
srt_h1024,lateness,historical,3,1024,2048.0,43
srt_h1024,lateness,historical,3,2048,4096.0,1
srt_h1024,lateness,historical,3,4096,8192.0,0
srt_h1024,lateness,historical,3,8192,16384.0,0
srt_h1024,lateness,historical,3,16384,32768.0,0
srt_h1024,lateness,historical,3,32768,65536.0,0
srt_h1024,lateness,historical,3,65536,131072.0,0
srt_h1024,lateness,historical,3,131072,262144.0,0
srt_h1024,lateness,historical,3,262144,524288.0,0
srt_h1024,lateness,historical,3,524288,1048576.0,0
srt_h1024,lateness,historical,3,1048576,2097152.0,0
srt_h1024,lateness,historical,3,2097152,4194304.0,0
srt_h1024,lateness,historical,3,4194304,8388608.0,0
srt_h1024,lateness,historical,3,8388608,16777216.0,0
srt_h1024,lateness,historical,3,16777216,33554432.0,0
srt_h1024,lateness,historical,3,33554432,67108864.0,0
srt_h1024,lateness,historical,3,67108864,134217728.0,0
srt_h1024,lateness,historical,3,134217728,268435456.0,0
srt_h1024,lateness,historical,3,268435456,536870912.0,0
srt_h1024,lateness,historical,3,536870912,1073741824.0,0
srt_h1024,lateness,historical,3,1073741824,2147483648.0,0
srt_h1024,lateness,historical,3,2147483648,4294967296.0,0
srt_h1024,lateness,historical,3,4294967296,8589934592.0,0
srt_h1024,lateness,historical,3,8589934592,17179869184.0,0
srt_h1024,lateness,historical,3,17179869184,34359738368.0,0
srt_h1024,lateness,historical,3,34359738368,68719476736.0,0
srt_h1024,lateness,historical,3,68719476736,137438953472.0,0
srt_h1024,lateness,historical,3,137438953472,274877906944.0,0
srt_h1024,lateness,historical,3,274877906944,549755813888.0,0
srt_h1024,lateness,historical,3,549755813888,1099511627776.0,0
srt_h1024,lateness,historical,3,1099511627776,,0
srt_h1024,lateness,historical,4,0,1.0,2629
srt_h1024,lateness,historical,4,1,2.0,388
srt_h1024,lateness,historical,4,2,4.0,566
srt_h1024,lateness,historical,4,4,8.0,990
srt_h1024,lateness,historical,4,8,16.0,1582
srt_h1024,lateness,historical,4,16,32.0,2275
srt_h1024,lateness,historical,4,32,64.0,2957
srt_h1024,lateness,historical,4,64,128.0,3445
srt_h1024,lateness,historical,4,128,256.0,3345
srt_h1024,lateness,historical,4,256,512.0,2078
srt_h1024,lateness,historical,4,512,1024.0,677
srt_h1024,lateness,historical,4,1024,2048.0,42
srt_h1024,lateness,historical,4,2048,4096.0,0
srt_h1024,lateness,historical,4,4096,8192.0,0
srt_h1024,lateness,historical,4,8192,16384.0,0
srt_h1024,lateness,historical,4,16384,32768.0,0
srt_h1024,lateness,historical,4,32768,65536.0,0
srt_h1024,lateness,historical,4,65536,131072.0,0
srt_h1024,lateness,historical,4,131072,262144.0,0
srt_h1024,lateness,historical,4,262144,524288.0,0
srt_h1024,lateness,historical,4,524288,1048576.0,0
srt_h1024,lateness,historical,4,1048576,2097152.0,0
srt_h1024,lateness,historical,4,2097152,4194304.0,0
srt_h1024,lateness,historical,4,4194304,8388608.0,0
srt_h1024,lateness,historical,4,8388608,16777216.0,0
srt_h1024,lateness,historical,4,16777216,33554432.0,0
srt_h1024,lateness,historical,4,33554432,67108864.0,0
srt_h1024,lateness,historical,4,67108864,134217728.0,0
srt_h1024,lateness,historical,4,134217728,268435456.0,0
srt_h1024,lateness,historical,4,268435456,536870912.0,0
srt_h1024,lateness,historical,4,536870912,1073741824.0,0
srt_h1024,lateness,historical,4,1073741824,2147483648.0,0
srt_h1024,lateness,historical,4,2147483648,4294967296.0,0
srt_h1024,lateness,historical,4,4294967296,8589934592.0,0
srt_h1024,lateness,historical,4,8589934592,17179869184.0,0
srt_h1024,lateness,historical,4,17179869184,34359738368.0,0
srt_h1024,lateness,historical,4,34359738368,68719476736.0,0
srt_h1024,lateness,historical,4,68719476736,137438953472.0,0
srt_h1024,lateness,historical,4,137438953472,274877906944.0,0
srt_h1024,lateness,historical,4,274877906944,549755813888.0,0
srt_h1024,lateness,historical,4,549755813888,1099511627776.0,0
srt_h1024,lateness,historical,4,1099511627776,,0
srt_h1024,lateness,historical,5,0,1.0,13807
srt_h1024,lateness,historical,5,1,2.0,1577
srt_h1024,lateness,historical,5,2,4.0,2438
srt_h1024,lateness,historical,5,4,8.0,4283
srt_h1024,lateness,historical,5,8,16.0,6841
srt_h1024,lateness,historical,5,16,32.0,9540
srt_h1024,lateness,historical,5,32,64.0,13073
srt_h1024,lateness,historical,5,64,128.0,15645
srt_h1024,lateness,historical,5,128,256.0,15013
srt_h1024,lateness,historical,5,256,512.0,9758
srt_h1024,lateness,historical,5,512,1024.0,2949
srt_h1024,lateness,historical,5,1024,2048.0,175
srt_h1024,lateness,historical,5,2048,4096.0,0
srt_h1024,lateness,historical,5,4096,8192.0,0
srt_h1024,lateness,historical,5,8192,16384.0,0
srt_h1024,lateness,historical,5,16384,32768.0,0
srt_h1024,lateness,historical,5,32768,65536.0,0
srt_h1024,lateness,historical,5,65536,131072.0,0
srt_h1024,lateness,historical,5,131072,262144.0,0
srt_h1024,lateness,historical,5,262144,524288.0,0
srt_h1024,lateness,historical,5,524288,1048576.0,0
srt_h1024,lateness,historical,5,1048576,2097152.0,0
srt_h1024,lateness,historical,5,2097152,4194304.0,0
srt_h1024,lateness,historical,5,4194304,8388608.0,0
srt_h1024,lateness,historical,5,8388608,16777216.0,0
srt_h1024,lateness,historical,5,16777216,33554432.0,0
srt_h1024,lateness,historical,5,33554432,67108864.0,0
srt_h1024,lateness,historical,5,67108864,134217728.0,0
srt_h1024,lateness,historical,5,134217728,268435456.0,0
srt_h1024,lateness,historical,5,268435456,536870912.0,0
srt_h1024,lateness,historical,5,536870912,1073741824.0,0
srt_h1024,lateness,historical,5,1073741824,2147483648.0,0
srt_h1024,lateness,historical,5,2147483648,4294967296.0,0
srt_h1024,lateness,historical,5,4294967296,8589934592.0,0
srt_h1024,lateness,historical,5,8589934592,17179869184.0,0
srt_h1024,lateness,historical,5,17179869184,34359738368.0,0
srt_h1024,lateness,historical,5,34359738368,68719476736.0,0
srt_h1024,lateness,historical,5,68719476736,137438953472.0,0
srt_h1024,lateness,historical,5,137438953472,274877906944.0,0
srt_h1024,lateness,historical,5,274877906944,549755813888.0,0
srt_h1024,lateness,historical,5,549755813888,1099511627776.0,0
srt_h1024,lateness,historical,5,1099511627776,,0
srt_h1024,lateness,historical,all,0,1.0,26577
srt_h1024,lateness,historical,all,1,2.0,3471
srt_h1024,lateness,historical,all,2,4.0,5316
srt_h1024,lateness,historical,all,4,8.0,9246
srt_h1024,lateness,historical,all,8,16.0,14877
srt_h1024,lateness,historical,all,16,32.0,20925
srt_h1024,lateness,historical,all,32,64.0,28809
srt_h1024,lateness,historical,all,64,128.0,34550
srt_h1024,lateness,historical,all,128,256.0,33289
srt_h1024,lateness,historical,all,256,512.0,21547
srt_h1024,lateness,historical,all,512,1024.0,6548
srt_h1024,lateness,historical,all,1024,2048.0,394
srt_h1024,lateness,historical,all,2048,4096.0,1
srt_h1024,lateness,historical,all,4096,8192.0,0
srt_h1024,lateness,historical,all,8192,16384.0,0
srt_h1024,lateness,historical,all,16384,32768.0,0
srt_h1024,lateness,historical,all,32768,65536.0,0
srt_h1024,lateness,historical,all,65536,131072.0,0
srt_h1024,lateness,historical,all,131072,262144.0,0
srt_h1024,lateness,historical,all,262144,524288.0,0
srt_h1024,lateness,historical,all,524288,1048576.0,0
srt_h1024,lateness,historical,all,1048576,2097152.0,0
srt_h1024,lateness,historical,all,2097152,4194304.0,0
srt_h1024,lateness,historical,all,4194304,8388608.0,0
srt_h1024,lateness,historical,all,8388608,16777216.0,0
srt_h1024,lateness,historical,all,16777216,33554432.0,0
srt_h1024,lateness,historical,all,33554432,67108864.0,0
srt_h1024,lateness,historical,all,67108864,134217728.0,0
srt_h1024,lateness,historical,all,134217728,268435456.0,0
srt_h1024,lateness,historical,all,268435456,536870912.0,0
srt_h1024,lateness,historical,all,536870912,1073741824.0,0
srt_h1024,lateness,historical,all,1073741824,2147483648.0,0
srt_h1024,lateness,historical,all,2147483648,4294967296.0,0
srt_h1024,lateness,historical,all,4294967296,8589934592.0,0
srt_h1024,lateness,historical,all,8589934592,17179869184.0,0
srt_h1024,lateness,historical,all,17179869184,34359738368.0,0
srt_h1024,lateness,historical,all,34359738368,68719476736.0,0
srt_h1024,lateness,historical,all,68719476736,137438953472.0,0
srt_h1024,lateness,historical,all,137438953472,274877906944.0,0
srt_h1024,lateness,historical,all,274877906944,549755813888.0,0
srt_h1024,lateness,historical,all,549755813888,1099511627776.0,0
srt_h1024,lateness,historical,all,1099511627776,,0
srt_h1024,presentation_gap,current_review,0,0,1.0,0
srt_h1024,presentation_gap,current_review,0,1,2.0,0
srt_h1024,presentation_gap,current_review,0,2,4.0,0
srt_h1024,presentation_gap,current_review,0,4,8.0,2
srt_h1024,presentation_gap,current_review,0,8,16.0,7
srt_h1024,presentation_gap,current_review,0,16,32.0,6
srt_h1024,presentation_gap,current_review,0,32,64.0,27
srt_h1024,presentation_gap,current_review,0,64,128.0,104
srt_h1024,presentation_gap,current_review,0,128,256.0,271
srt_h1024,presentation_gap,current_review,0,256,512.0,2026
srt_h1024,presentation_gap,current_review,0,512,1024.0,7500
srt_h1024,presentation_gap,current_review,0,1024,2048.0,6577
srt_h1024,presentation_gap,current_review,0,2048,4096.0,5216
srt_h1024,presentation_gap,current_review,0,4096,8192.0,1103
srt_h1024,presentation_gap,current_review,0,8192,16384.0,0
srt_h1024,presentation_gap,current_review,0,16384,32768.0,0
srt_h1024,presentation_gap,current_review,0,32768,65536.0,0
srt_h1024,presentation_gap,current_review,0,65536,131072.0,0
srt_h1024,presentation_gap,current_review,0,131072,262144.0,0
srt_h1024,presentation_gap,current_review,0,262144,524288.0,0
srt_h1024,presentation_gap,current_review,0,524288,1048576.0,0
srt_h1024,presentation_gap,current_review,0,1048576,2097152.0,0
srt_h1024,presentation_gap,current_review,0,2097152,4194304.0,0
srt_h1024,presentation_gap,current_review,0,4194304,8388608.0,0
srt_h1024,presentation_gap,current_review,0,8388608,16777216.0,0
srt_h1024,presentation_gap,current_review,0,16777216,33554432.0,0
srt_h1024,presentation_gap,current_review,0,33554432,67108864.0,0
srt_h1024,presentation_gap,current_review,0,67108864,134217728.0,0
srt_h1024,presentation_gap,current_review,0,134217728,268435456.0,0
srt_h1024,presentation_gap,current_review,0,268435456,536870912.0,0
srt_h1024,presentation_gap,current_review,0,536870912,1073741824.0,0
srt_h1024,presentation_gap,current_review,0,1073741824,2147483648.0,0
srt_h1024,presentation_gap,current_review,0,2147483648,4294967296.0,0
srt_h1024,presentation_gap,current_review,0,4294967296,8589934592.0,0
srt_h1024,presentation_gap,current_review,0,8589934592,17179869184.0,0
srt_h1024,presentation_gap,current_review,0,17179869184,34359738368.0,0
srt_h1024,presentation_gap,current_review,0,34359738368,68719476736.0,0
srt_h1024,presentation_gap,current_review,0,68719476736,137438953472.0,0
srt_h1024,presentation_gap,current_review,0,137438953472,274877906944.0,0
srt_h1024,presentation_gap,current_review,0,274877906944,549755813888.0,0
srt_h1024,presentation_gap,current_review,0,549755813888,1099511627776.0,0
srt_h1024,presentation_gap,current_review,0,1099511627776,,0
srt_h1024,presentation_gap,current_review,1,0,1.0,0
srt_h1024,presentation_gap,current_review,1,1,2.0,0
srt_h1024,presentation_gap,current_review,1,2,4.0,0
srt_h1024,presentation_gap,current_review,1,4,8.0,0
srt_h1024,presentation_gap,current_review,1,8,16.0,1
srt_h1024,presentation_gap,current_review,1,16,32.0,1
srt_h1024,presentation_gap,current_review,1,32,64.0,6
srt_h1024,presentation_gap,current_review,1,64,128.0,39
srt_h1024,presentation_gap,current_review,1,128,256.0,219
srt_h1024,presentation_gap,current_review,1,256,512.0,454
srt_h1024,presentation_gap,current_review,1,512,1024.0,1578
srt_h1024,presentation_gap,current_review,1,1024,2048.0,1092
srt_h1024,presentation_gap,current_review,1,2048,4096.0,689
srt_h1024,presentation_gap,current_review,1,4096,8192.0,109
srt_h1024,presentation_gap,current_review,1,8192,16384.0,0
srt_h1024,presentation_gap,current_review,1,16384,32768.0,0
srt_h1024,presentation_gap,current_review,1,32768,65536.0,0
srt_h1024,presentation_gap,current_review,1,65536,131072.0,0
srt_h1024,presentation_gap,current_review,1,131072,262144.0,0
srt_h1024,presentation_gap,current_review,1,262144,524288.0,0
srt_h1024,presentation_gap,current_review,1,524288,1048576.0,0
srt_h1024,presentation_gap,current_review,1,1048576,2097152.0,0
srt_h1024,presentation_gap,current_review,1,2097152,4194304.0,0
srt_h1024,presentation_gap,current_review,1,4194304,8388608.0,0
srt_h1024,presentation_gap,current_review,1,8388608,16777216.0,0
srt_h1024,presentation_gap,current_review,1,16777216,33554432.0,0
srt_h1024,presentation_gap,current_review,1,33554432,67108864.0,0
srt_h1024,presentation_gap,current_review,1,67108864,134217728.0,0
srt_h1024,presentation_gap,current_review,1,134217728,268435456.0,0
srt_h1024,presentation_gap,current_review,1,268435456,536870912.0,0
srt_h1024,presentation_gap,current_review,1,536870912,1073741824.0,0
srt_h1024,presentation_gap,current_review,1,1073741824,2147483648.0,0
srt_h1024,presentation_gap,current_review,1,2147483648,4294967296.0,0
srt_h1024,presentation_gap,current_review,1,4294967296,8589934592.0,0
srt_h1024,presentation_gap,current_review,1,8589934592,17179869184.0,0
srt_h1024,presentation_gap,current_review,1,17179869184,34359738368.0,0
srt_h1024,presentation_gap,current_review,1,34359738368,68719476736.0,0
srt_h1024,presentation_gap,current_review,1,68719476736,137438953472.0,0
srt_h1024,presentation_gap,current_review,1,137438953472,274877906944.0,0
srt_h1024,presentation_gap,current_review,1,274877906944,549755813888.0,0
srt_h1024,presentation_gap,current_review,1,549755813888,1099511627776.0,0
srt_h1024,presentation_gap,current_review,1,1099511627776,,0
srt_h1024,presentation_gap,current_review,2,0,1.0,0
srt_h1024,presentation_gap,current_review,2,1,2.0,0
srt_h1024,presentation_gap,current_review,2,2,4.0,0
srt_h1024,presentation_gap,current_review,2,4,8.0,0
srt_h1024,presentation_gap,current_review,2,8,16.0,0
srt_h1024,presentation_gap,current_review,2,16,32.0,2
srt_h1024,presentation_gap,current_review,2,32,64.0,17
srt_h1024,presentation_gap,current_review,2,64,128.0,79
srt_h1024,presentation_gap,current_review,2,128,256.0,360
srt_h1024,presentation_gap,current_review,2,256,512.0,600
srt_h1024,presentation_gap,current_review,2,512,1024.0,1668
srt_h1024,presentation_gap,current_review,2,1024,2048.0,1174
srt_h1024,presentation_gap,current_review,2,2048,4096.0,582
srt_h1024,presentation_gap,current_review,2,4096,8192.0,91
srt_h1024,presentation_gap,current_review,2,8192,16384.0,0
srt_h1024,presentation_gap,current_review,2,16384,32768.0,0
srt_h1024,presentation_gap,current_review,2,32768,65536.0,0
srt_h1024,presentation_gap,current_review,2,65536,131072.0,0
srt_h1024,presentation_gap,current_review,2,131072,262144.0,0
srt_h1024,presentation_gap,current_review,2,262144,524288.0,0
srt_h1024,presentation_gap,current_review,2,524288,1048576.0,0
srt_h1024,presentation_gap,current_review,2,1048576,2097152.0,0
srt_h1024,presentation_gap,current_review,2,2097152,4194304.0,0
srt_h1024,presentation_gap,current_review,2,4194304,8388608.0,0
srt_h1024,presentation_gap,current_review,2,8388608,16777216.0,0
srt_h1024,presentation_gap,current_review,2,16777216,33554432.0,0
srt_h1024,presentation_gap,current_review,2,33554432,67108864.0,0
srt_h1024,presentation_gap,current_review,2,67108864,134217728.0,0
srt_h1024,presentation_gap,current_review,2,134217728,268435456.0,0
srt_h1024,presentation_gap,current_review,2,268435456,536870912.0,0
srt_h1024,presentation_gap,current_review,2,536870912,1073741824.0,0
srt_h1024,presentation_gap,current_review,2,1073741824,2147483648.0,0
srt_h1024,presentation_gap,current_review,2,2147483648,4294967296.0,0
srt_h1024,presentation_gap,current_review,2,4294967296,8589934592.0,0
srt_h1024,presentation_gap,current_review,2,8589934592,17179869184.0,0
srt_h1024,presentation_gap,current_review,2,17179869184,34359738368.0,0
srt_h1024,presentation_gap,current_review,2,34359738368,68719476736.0,0
srt_h1024,presentation_gap,current_review,2,68719476736,137438953472.0,0
srt_h1024,presentation_gap,current_review,2,137438953472,274877906944.0,0
srt_h1024,presentation_gap,current_review,2,274877906944,549755813888.0,0
srt_h1024,presentation_gap,current_review,2,549755813888,1099511627776.0,0
srt_h1024,presentation_gap,current_review,2,1099511627776,,0
srt_h1024,presentation_gap,current_review,3,0,1.0,0
srt_h1024,presentation_gap,current_review,3,1,2.0,0
srt_h1024,presentation_gap,current_review,3,2,4.0,0
srt_h1024,presentation_gap,current_review,3,4,8.0,0
srt_h1024,presentation_gap,current_review,3,8,16.0,0
srt_h1024,presentation_gap,current_review,3,16,32.0,1
srt_h1024,presentation_gap,current_review,3,32,64.0,7
srt_h1024,presentation_gap,current_review,3,64,128.0,32
srt_h1024,presentation_gap,current_review,3,128,256.0,164
srt_h1024,presentation_gap,current_review,3,256,512.0,332
srt_h1024,presentation_gap,current_review,3,512,1024.0,1294
srt_h1024,presentation_gap,current_review,3,1024,2048.0,1230
srt_h1024,presentation_gap,current_review,3,2048,4096.0,768
srt_h1024,presentation_gap,current_review,3,4096,8192.0,69
srt_h1024,presentation_gap,current_review,3,8192,16384.0,0
srt_h1024,presentation_gap,current_review,3,16384,32768.0,0
srt_h1024,presentation_gap,current_review,3,32768,65536.0,0
srt_h1024,presentation_gap,current_review,3,65536,131072.0,0
srt_h1024,presentation_gap,current_review,3,131072,262144.0,0
srt_h1024,presentation_gap,current_review,3,262144,524288.0,0
srt_h1024,presentation_gap,current_review,3,524288,1048576.0,0
srt_h1024,presentation_gap,current_review,3,1048576,2097152.0,0
srt_h1024,presentation_gap,current_review,3,2097152,4194304.0,0
srt_h1024,presentation_gap,current_review,3,4194304,8388608.0,0
srt_h1024,presentation_gap,current_review,3,8388608,16777216.0,0
srt_h1024,presentation_gap,current_review,3,16777216,33554432.0,0
srt_h1024,presentation_gap,current_review,3,33554432,67108864.0,0
srt_h1024,presentation_gap,current_review,3,67108864,134217728.0,0
srt_h1024,presentation_gap,current_review,3,134217728,268435456.0,0
srt_h1024,presentation_gap,current_review,3,268435456,536870912.0,0
srt_h1024,presentation_gap,current_review,3,536870912,1073741824.0,0
srt_h1024,presentation_gap,current_review,3,1073741824,2147483648.0,0
srt_h1024,presentation_gap,current_review,3,2147483648,4294967296.0,0
srt_h1024,presentation_gap,current_review,3,4294967296,8589934592.0,0
srt_h1024,presentation_gap,current_review,3,8589934592,17179869184.0,0
srt_h1024,presentation_gap,current_review,3,17179869184,34359738368.0,0
srt_h1024,presentation_gap,current_review,3,34359738368,68719476736.0,0
srt_h1024,presentation_gap,current_review,3,68719476736,137438953472.0,0
srt_h1024,presentation_gap,current_review,3,137438953472,274877906944.0,0
srt_h1024,presentation_gap,current_review,3,274877906944,549755813888.0,0
srt_h1024,presentation_gap,current_review,3,549755813888,1099511627776.0,0
srt_h1024,presentation_gap,current_review,3,1099511627776,,0
srt_h1024,presentation_gap,current_review,4,0,1.0,0
srt_h1024,presentation_gap,current_review,4,1,2.0,0
srt_h1024,presentation_gap,current_review,4,2,4.0,0
srt_h1024,presentation_gap,current_review,4,4,8.0,0
srt_h1024,presentation_gap,current_review,4,8,16.0,0
srt_h1024,presentation_gap,current_review,4,16,32.0,2
srt_h1024,presentation_gap,current_review,4,32,64.0,4
srt_h1024,presentation_gap,current_review,4,64,128.0,35
srt_h1024,presentation_gap,current_review,4,128,256.0,155
srt_h1024,presentation_gap,current_review,4,256,512.0,290
srt_h1024,presentation_gap,current_review,4,512,1024.0,1145
srt_h1024,presentation_gap,current_review,4,1024,2048.0,1132
srt_h1024,presentation_gap,current_review,4,2048,4096.0,853
srt_h1024,presentation_gap,current_review,4,4096,8192.0,70
srt_h1024,presentation_gap,current_review,4,8192,16384.0,0
srt_h1024,presentation_gap,current_review,4,16384,32768.0,0
srt_h1024,presentation_gap,current_review,4,32768,65536.0,0
srt_h1024,presentation_gap,current_review,4,65536,131072.0,0
srt_h1024,presentation_gap,current_review,4,131072,262144.0,0
srt_h1024,presentation_gap,current_review,4,262144,524288.0,0
srt_h1024,presentation_gap,current_review,4,524288,1048576.0,0
srt_h1024,presentation_gap,current_review,4,1048576,2097152.0,0
srt_h1024,presentation_gap,current_review,4,2097152,4194304.0,0
srt_h1024,presentation_gap,current_review,4,4194304,8388608.0,0
srt_h1024,presentation_gap,current_review,4,8388608,16777216.0,0
srt_h1024,presentation_gap,current_review,4,16777216,33554432.0,0
srt_h1024,presentation_gap,current_review,4,33554432,67108864.0,0
srt_h1024,presentation_gap,current_review,4,67108864,134217728.0,0
srt_h1024,presentation_gap,current_review,4,134217728,268435456.0,0
srt_h1024,presentation_gap,current_review,4,268435456,536870912.0,0
srt_h1024,presentation_gap,current_review,4,536870912,1073741824.0,0
srt_h1024,presentation_gap,current_review,4,1073741824,2147483648.0,0
srt_h1024,presentation_gap,current_review,4,2147483648,4294967296.0,0
srt_h1024,presentation_gap,current_review,4,4294967296,8589934592.0,0
srt_h1024,presentation_gap,current_review,4,8589934592,17179869184.0,0
srt_h1024,presentation_gap,current_review,4,17179869184,34359738368.0,0
srt_h1024,presentation_gap,current_review,4,34359738368,68719476736.0,0
srt_h1024,presentation_gap,current_review,4,68719476736,137438953472.0,0
srt_h1024,presentation_gap,current_review,4,137438953472,274877906944.0,0
srt_h1024,presentation_gap,current_review,4,274877906944,549755813888.0,0
srt_h1024,presentation_gap,current_review,4,549755813888,1099511627776.0,0
srt_h1024,presentation_gap,current_review,4,1099511627776,,0
srt_h1024,presentation_gap,current_review,5,0,1.0,0
srt_h1024,presentation_gap,current_review,5,1,2.0,0
srt_h1024,presentation_gap,current_review,5,2,4.0,0
srt_h1024,presentation_gap,current_review,5,4,8.0,1
srt_h1024,presentation_gap,current_review,5,8,16.0,7
srt_h1024,presentation_gap,current_review,5,16,32.0,16
srt_h1024,presentation_gap,current_review,5,32,64.0,60
srt_h1024,presentation_gap,current_review,5,64,128.0,141
srt_h1024,presentation_gap,current_review,5,128,256.0,442
srt_h1024,presentation_gap,current_review,5,256,512.0,1289
srt_h1024,presentation_gap,current_review,5,512,1024.0,7169
srt_h1024,presentation_gap,current_review,5,1024,2048.0,8122
srt_h1024,presentation_gap,current_review,5,2048,4096.0,7830
srt_h1024,presentation_gap,current_review,5,4096,8192.0,558
srt_h1024,presentation_gap,current_review,5,8192,16384.0,0
srt_h1024,presentation_gap,current_review,5,16384,32768.0,0
srt_h1024,presentation_gap,current_review,5,32768,65536.0,0
srt_h1024,presentation_gap,current_review,5,65536,131072.0,0
srt_h1024,presentation_gap,current_review,5,131072,262144.0,0
srt_h1024,presentation_gap,current_review,5,262144,524288.0,0
srt_h1024,presentation_gap,current_review,5,524288,1048576.0,0
srt_h1024,presentation_gap,current_review,5,1048576,2097152.0,0
srt_h1024,presentation_gap,current_review,5,2097152,4194304.0,0
srt_h1024,presentation_gap,current_review,5,4194304,8388608.0,0
srt_h1024,presentation_gap,current_review,5,8388608,16777216.0,0
srt_h1024,presentation_gap,current_review,5,16777216,33554432.0,0
srt_h1024,presentation_gap,current_review,5,33554432,67108864.0,0
srt_h1024,presentation_gap,current_review,5,67108864,134217728.0,0
srt_h1024,presentation_gap,current_review,5,134217728,268435456.0,0
srt_h1024,presentation_gap,current_review,5,268435456,536870912.0,0
srt_h1024,presentation_gap,current_review,5,536870912,1073741824.0,0
srt_h1024,presentation_gap,current_review,5,1073741824,2147483648.0,0
srt_h1024,presentation_gap,current_review,5,2147483648,4294967296.0,0
srt_h1024,presentation_gap,current_review,5,4294967296,8589934592.0,0
srt_h1024,presentation_gap,current_review,5,8589934592,17179869184.0,0
srt_h1024,presentation_gap,current_review,5,17179869184,34359738368.0,0
srt_h1024,presentation_gap,current_review,5,34359738368,68719476736.0,0
srt_h1024,presentation_gap,current_review,5,68719476736,137438953472.0,0
srt_h1024,presentation_gap,current_review,5,137438953472,274877906944.0,0
srt_h1024,presentation_gap,current_review,5,274877906944,549755813888.0,0
srt_h1024,presentation_gap,current_review,5,549755813888,1099511627776.0,0
srt_h1024,presentation_gap,current_review,5,1099511627776,,0
srt_h1024,presentation_gap,current_review,all,0,1.0,0
srt_h1024,presentation_gap,current_review,all,1,2.0,0
srt_h1024,presentation_gap,current_review,all,2,4.0,0
srt_h1024,presentation_gap,current_review,all,4,8.0,3
srt_h1024,presentation_gap,current_review,all,8,16.0,15
srt_h1024,presentation_gap,current_review,all,16,32.0,28
srt_h1024,presentation_gap,current_review,all,32,64.0,121
srt_h1024,presentation_gap,current_review,all,64,128.0,430
srt_h1024,presentation_gap,current_review,all,128,256.0,1611
srt_h1024,presentation_gap,current_review,all,256,512.0,4991
srt_h1024,presentation_gap,current_review,all,512,1024.0,20354
srt_h1024,presentation_gap,current_review,all,1024,2048.0,19327
srt_h1024,presentation_gap,current_review,all,2048,4096.0,15938
srt_h1024,presentation_gap,current_review,all,4096,8192.0,2000
srt_h1024,presentation_gap,current_review,all,8192,16384.0,0
srt_h1024,presentation_gap,current_review,all,16384,32768.0,0
srt_h1024,presentation_gap,current_review,all,32768,65536.0,0
srt_h1024,presentation_gap,current_review,all,65536,131072.0,0
srt_h1024,presentation_gap,current_review,all,131072,262144.0,0
srt_h1024,presentation_gap,current_review,all,262144,524288.0,0
srt_h1024,presentation_gap,current_review,all,524288,1048576.0,0
srt_h1024,presentation_gap,current_review,all,1048576,2097152.0,0
srt_h1024,presentation_gap,current_review,all,2097152,4194304.0,0
srt_h1024,presentation_gap,current_review,all,4194304,8388608.0,0
srt_h1024,presentation_gap,current_review,all,8388608,16777216.0,0
srt_h1024,presentation_gap,current_review,all,16777216,33554432.0,0
srt_h1024,presentation_gap,current_review,all,33554432,67108864.0,0
srt_h1024,presentation_gap,current_review,all,67108864,134217728.0,0
srt_h1024,presentation_gap,current_review,all,134217728,268435456.0,0
srt_h1024,presentation_gap,current_review,all,268435456,536870912.0,0
srt_h1024,presentation_gap,current_review,all,536870912,1073741824.0,0
srt_h1024,presentation_gap,current_review,all,1073741824,2147483648.0,0
srt_h1024,presentation_gap,current_review,all,2147483648,4294967296.0,0
srt_h1024,presentation_gap,current_review,all,4294967296,8589934592.0,0
srt_h1024,presentation_gap,current_review,all,8589934592,17179869184.0,0
srt_h1024,presentation_gap,current_review,all,17179869184,34359738368.0,0
srt_h1024,presentation_gap,current_review,all,34359738368,68719476736.0,0
srt_h1024,presentation_gap,current_review,all,68719476736,137438953472.0,0
srt_h1024,presentation_gap,current_review,all,137438953472,274877906944.0,0
srt_h1024,presentation_gap,current_review,all,274877906944,549755813888.0,0
srt_h1024,presentation_gap,current_review,all,549755813888,1099511627776.0,0
srt_h1024,presentation_gap,current_review,all,1099511627776,,0
srt_h1024,presentation_gap,historical,0,0,1.0,0
srt_h1024,presentation_gap,historical,0,1,2.0,0
srt_h1024,presentation_gap,historical,0,2,4.0,0
srt_h1024,presentation_gap,historical,0,4,8.0,0
srt_h1024,presentation_gap,historical,0,8,16.0,0
srt_h1024,presentation_gap,historical,0,16,32.0,0
srt_h1024,presentation_gap,historical,0,32,64.0,10
srt_h1024,presentation_gap,historical,0,64,128.0,91
srt_h1024,presentation_gap,historical,0,128,256.0,516
srt_h1024,presentation_gap,historical,0,256,512.0,804
srt_h1024,presentation_gap,historical,0,512,1024.0,4888
srt_h1024,presentation_gap,historical,0,1024,2048.0,3836
srt_h1024,presentation_gap,historical,0,2048,4096.0,5063
srt_h1024,presentation_gap,historical,0,4096,8192.0,6037
srt_h1024,presentation_gap,historical,0,8192,16384.0,5905
srt_h1024,presentation_gap,historical,0,16384,32768.0,3763
srt_h1024,presentation_gap,historical,0,32768,65536.0,1142
srt_h1024,presentation_gap,historical,0,65536,131072.0,65
srt_h1024,presentation_gap,historical,0,131072,262144.0,0
srt_h1024,presentation_gap,historical,0,262144,524288.0,0
srt_h1024,presentation_gap,historical,0,524288,1048576.0,0
srt_h1024,presentation_gap,historical,0,1048576,2097152.0,0
srt_h1024,presentation_gap,historical,0,2097152,4194304.0,0
srt_h1024,presentation_gap,historical,0,4194304,8388608.0,0
srt_h1024,presentation_gap,historical,0,8388608,16777216.0,0
srt_h1024,presentation_gap,historical,0,16777216,33554432.0,0
srt_h1024,presentation_gap,historical,0,33554432,67108864.0,0
srt_h1024,presentation_gap,historical,0,67108864,134217728.0,0
srt_h1024,presentation_gap,historical,0,134217728,268435456.0,0
srt_h1024,presentation_gap,historical,0,268435456,536870912.0,0
srt_h1024,presentation_gap,historical,0,536870912,1073741824.0,0
srt_h1024,presentation_gap,historical,0,1073741824,2147483648.0,0
srt_h1024,presentation_gap,historical,0,2147483648,4294967296.0,0
srt_h1024,presentation_gap,historical,0,4294967296,8589934592.0,0
srt_h1024,presentation_gap,historical,0,8589934592,17179869184.0,0
srt_h1024,presentation_gap,historical,0,17179869184,34359738368.0,0
srt_h1024,presentation_gap,historical,0,34359738368,68719476736.0,0
srt_h1024,presentation_gap,historical,0,68719476736,137438953472.0,0
srt_h1024,presentation_gap,historical,0,137438953472,274877906944.0,0
srt_h1024,presentation_gap,historical,0,274877906944,549755813888.0,0
srt_h1024,presentation_gap,historical,0,549755813888,1099511627776.0,0
srt_h1024,presentation_gap,historical,0,1099511627776,,0
srt_h1024,presentation_gap,historical,1,0,1.0,0
srt_h1024,presentation_gap,historical,1,1,2.0,0
srt_h1024,presentation_gap,historical,1,2,4.0,0
srt_h1024,presentation_gap,historical,1,4,8.0,0
srt_h1024,presentation_gap,historical,1,8,16.0,0
srt_h1024,presentation_gap,historical,1,16,32.0,0
srt_h1024,presentation_gap,historical,1,32,64.0,6
srt_h1024,presentation_gap,historical,1,64,128.0,50
srt_h1024,presentation_gap,historical,1,128,256.0,253
srt_h1024,presentation_gap,historical,1,256,512.0,409
srt_h1024,presentation_gap,historical,1,512,1024.0,2274
srt_h1024,presentation_gap,historical,1,1024,2048.0,2084
srt_h1024,presentation_gap,historical,1,2048,4096.0,2651
srt_h1024,presentation_gap,historical,1,4096,8192.0,2965
srt_h1024,presentation_gap,historical,1,8192,16384.0,2770
srt_h1024,presentation_gap,historical,1,16384,32768.0,1770
srt_h1024,presentation_gap,historical,1,32768,65536.0,512
srt_h1024,presentation_gap,historical,1,65536,131072.0,33
srt_h1024,presentation_gap,historical,1,131072,262144.0,0
srt_h1024,presentation_gap,historical,1,262144,524288.0,0
srt_h1024,presentation_gap,historical,1,524288,1048576.0,0
srt_h1024,presentation_gap,historical,1,1048576,2097152.0,0
srt_h1024,presentation_gap,historical,1,2097152,4194304.0,0
srt_h1024,presentation_gap,historical,1,4194304,8388608.0,0
srt_h1024,presentation_gap,historical,1,8388608,16777216.0,0
srt_h1024,presentation_gap,historical,1,16777216,33554432.0,0
srt_h1024,presentation_gap,historical,1,33554432,67108864.0,0
srt_h1024,presentation_gap,historical,1,67108864,134217728.0,0
srt_h1024,presentation_gap,historical,1,134217728,268435456.0,0
srt_h1024,presentation_gap,historical,1,268435456,536870912.0,0
srt_h1024,presentation_gap,historical,1,536870912,1073741824.0,0
srt_h1024,presentation_gap,historical,1,1073741824,2147483648.0,0
srt_h1024,presentation_gap,historical,1,2147483648,4294967296.0,0
srt_h1024,presentation_gap,historical,1,4294967296,8589934592.0,0
srt_h1024,presentation_gap,historical,1,8589934592,17179869184.0,0
srt_h1024,presentation_gap,historical,1,17179869184,34359738368.0,0
srt_h1024,presentation_gap,historical,1,34359738368,68719476736.0,0
srt_h1024,presentation_gap,historical,1,68719476736,137438953472.0,0
srt_h1024,presentation_gap,historical,1,137438953472,274877906944.0,0
srt_h1024,presentation_gap,historical,1,274877906944,549755813888.0,0
srt_h1024,presentation_gap,historical,1,549755813888,1099511627776.0,0
srt_h1024,presentation_gap,historical,1,1099511627776,,0
srt_h1024,presentation_gap,historical,2,0,1.0,0
srt_h1024,presentation_gap,historical,2,1,2.0,0
srt_h1024,presentation_gap,historical,2,2,4.0,0
srt_h1024,presentation_gap,historical,2,4,8.0,0
srt_h1024,presentation_gap,historical,2,8,16.0,0
srt_h1024,presentation_gap,historical,2,16,32.0,0
srt_h1024,presentation_gap,historical,2,32,64.0,6
srt_h1024,presentation_gap,historical,2,64,128.0,64
srt_h1024,presentation_gap,historical,2,128,256.0,359
srt_h1024,presentation_gap,historical,2,256,512.0,660
srt_h1024,presentation_gap,historical,2,512,1024.0,3111
srt_h1024,presentation_gap,historical,2,1024,2048.0,2511
srt_h1024,presentation_gap,historical,2,2048,4096.0,3167
srt_h1024,presentation_gap,historical,2,4096,8192.0,3529
srt_h1024,presentation_gap,historical,2,8192,16384.0,3336
srt_h1024,presentation_gap,historical,2,16384,32768.0,2195
srt_h1024,presentation_gap,historical,2,32768,65536.0,629
srt_h1024,presentation_gap,historical,2,65536,131072.0,33
srt_h1024,presentation_gap,historical,2,131072,262144.0,0
srt_h1024,presentation_gap,historical,2,262144,524288.0,0
srt_h1024,presentation_gap,historical,2,524288,1048576.0,0
srt_h1024,presentation_gap,historical,2,1048576,2097152.0,0
srt_h1024,presentation_gap,historical,2,2097152,4194304.0,0
srt_h1024,presentation_gap,historical,2,4194304,8388608.0,0
srt_h1024,presentation_gap,historical,2,8388608,16777216.0,0
srt_h1024,presentation_gap,historical,2,16777216,33554432.0,0
srt_h1024,presentation_gap,historical,2,33554432,67108864.0,0
srt_h1024,presentation_gap,historical,2,67108864,134217728.0,0
srt_h1024,presentation_gap,historical,2,134217728,268435456.0,0
srt_h1024,presentation_gap,historical,2,268435456,536870912.0,0
srt_h1024,presentation_gap,historical,2,536870912,1073741824.0,0
srt_h1024,presentation_gap,historical,2,1073741824,2147483648.0,0
srt_h1024,presentation_gap,historical,2,2147483648,4294967296.0,0
srt_h1024,presentation_gap,historical,2,4294967296,8589934592.0,0
srt_h1024,presentation_gap,historical,2,8589934592,17179869184.0,0
srt_h1024,presentation_gap,historical,2,17179869184,34359738368.0,0
srt_h1024,presentation_gap,historical,2,34359738368,68719476736.0,0
srt_h1024,presentation_gap,historical,2,68719476736,137438953472.0,0
srt_h1024,presentation_gap,historical,2,137438953472,274877906944.0,0
srt_h1024,presentation_gap,historical,2,274877906944,549755813888.0,0
srt_h1024,presentation_gap,historical,2,549755813888,1099511627776.0,0
srt_h1024,presentation_gap,historical,2,1099511627776,,0
srt_h1024,presentation_gap,historical,3,0,1.0,0
srt_h1024,presentation_gap,historical,3,1,2.0,0
srt_h1024,presentation_gap,historical,3,2,4.0,0
srt_h1024,presentation_gap,historical,3,4,8.0,0
srt_h1024,presentation_gap,historical,3,8,16.0,0
srt_h1024,presentation_gap,historical,3,16,32.0,0
srt_h1024,presentation_gap,historical,3,32,64.0,1
srt_h1024,presentation_gap,historical,3,64,128.0,18
srt_h1024,presentation_gap,historical,3,128,256.0,129
srt_h1024,presentation_gap,historical,3,256,512.0,262
srt_h1024,presentation_gap,historical,3,512,1024.0,1421
srt_h1024,presentation_gap,historical,3,1024,2048.0,1445
srt_h1024,presentation_gap,historical,3,2048,4096.0,3136
srt_h1024,presentation_gap,historical,3,4096,8192.0,5394
srt_h1024,presentation_gap,historical,3,8192,16384.0,5056
srt_h1024,presentation_gap,historical,3,16384,32768.0,3432
srt_h1024,presentation_gap,historical,3,32768,65536.0,1358
srt_h1024,presentation_gap,historical,3,65536,131072.0,288
srt_h1024,presentation_gap,historical,3,131072,262144.0,40
srt_h1024,presentation_gap,historical,3,262144,524288.0,0
srt_h1024,presentation_gap,historical,3,524288,1048576.0,0
srt_h1024,presentation_gap,historical,3,1048576,2097152.0,0
srt_h1024,presentation_gap,historical,3,2097152,4194304.0,0
srt_h1024,presentation_gap,historical,3,4194304,8388608.0,0
srt_h1024,presentation_gap,historical,3,8388608,16777216.0,0
srt_h1024,presentation_gap,historical,3,16777216,33554432.0,0
srt_h1024,presentation_gap,historical,3,33554432,67108864.0,0
srt_h1024,presentation_gap,historical,3,67108864,134217728.0,0
srt_h1024,presentation_gap,historical,3,134217728,268435456.0,0
srt_h1024,presentation_gap,historical,3,268435456,536870912.0,0
srt_h1024,presentation_gap,historical,3,536870912,1073741824.0,0
srt_h1024,presentation_gap,historical,3,1073741824,2147483648.0,0
srt_h1024,presentation_gap,historical,3,2147483648,4294967296.0,0
srt_h1024,presentation_gap,historical,3,4294967296,8589934592.0,0
srt_h1024,presentation_gap,historical,3,8589934592,17179869184.0,0
srt_h1024,presentation_gap,historical,3,17179869184,34359738368.0,0
srt_h1024,presentation_gap,historical,3,34359738368,68719476736.0,0
srt_h1024,presentation_gap,historical,3,68719476736,137438953472.0,0
srt_h1024,presentation_gap,historical,3,137438953472,274877906944.0,0
srt_h1024,presentation_gap,historical,3,274877906944,549755813888.0,0
srt_h1024,presentation_gap,historical,3,549755813888,1099511627776.0,0
srt_h1024,presentation_gap,historical,3,1099511627776,,0
srt_h1024,presentation_gap,historical,4,0,1.0,0
srt_h1024,presentation_gap,historical,4,1,2.0,0
srt_h1024,presentation_gap,historical,4,2,4.0,0
srt_h1024,presentation_gap,historical,4,4,8.0,0
srt_h1024,presentation_gap,historical,4,8,16.0,0
srt_h1024,presentation_gap,historical,4,16,32.0,0
srt_h1024,presentation_gap,historical,4,32,64.0,1
srt_h1024,presentation_gap,historical,4,64,128.0,27
srt_h1024,presentation_gap,historical,4,128,256.0,118
srt_h1024,presentation_gap,historical,4,256,512.0,245
srt_h1024,presentation_gap,historical,4,512,1024.0,1274
srt_h1024,presentation_gap,historical,4,1024,2048.0,1268
srt_h1024,presentation_gap,historical,4,2048,4096.0,2811
srt_h1024,presentation_gap,historical,4,4096,8192.0,4917
srt_h1024,presentation_gap,historical,4,8192,16384.0,4939
srt_h1024,presentation_gap,historical,4,16384,32768.0,3467
srt_h1024,presentation_gap,historical,4,32768,65536.0,1483
srt_h1024,presentation_gap,historical,4,65536,131072.0,366
srt_h1024,presentation_gap,historical,4,131072,262144.0,58
srt_h1024,presentation_gap,historical,4,262144,524288.0,0
srt_h1024,presentation_gap,historical,4,524288,1048576.0,0
srt_h1024,presentation_gap,historical,4,1048576,2097152.0,0
srt_h1024,presentation_gap,historical,4,2097152,4194304.0,0
srt_h1024,presentation_gap,historical,4,4194304,8388608.0,0
srt_h1024,presentation_gap,historical,4,8388608,16777216.0,0
srt_h1024,presentation_gap,historical,4,16777216,33554432.0,0
srt_h1024,presentation_gap,historical,4,33554432,67108864.0,0
srt_h1024,presentation_gap,historical,4,67108864,134217728.0,0
srt_h1024,presentation_gap,historical,4,134217728,268435456.0,0
srt_h1024,presentation_gap,historical,4,268435456,536870912.0,0
srt_h1024,presentation_gap,historical,4,536870912,1073741824.0,0
srt_h1024,presentation_gap,historical,4,1073741824,2147483648.0,0
srt_h1024,presentation_gap,historical,4,2147483648,4294967296.0,0
srt_h1024,presentation_gap,historical,4,4294967296,8589934592.0,0
srt_h1024,presentation_gap,historical,4,8589934592,17179869184.0,0
srt_h1024,presentation_gap,historical,4,17179869184,34359738368.0,0
srt_h1024,presentation_gap,historical,4,34359738368,68719476736.0,0
srt_h1024,presentation_gap,historical,4,68719476736,137438953472.0,0
srt_h1024,presentation_gap,historical,4,137438953472,274877906944.0,0
srt_h1024,presentation_gap,historical,4,274877906944,549755813888.0,0
srt_h1024,presentation_gap,historical,4,549755813888,1099511627776.0,0
srt_h1024,presentation_gap,historical,4,1099511627776,,0
srt_h1024,presentation_gap,historical,5,0,1.0,0
srt_h1024,presentation_gap,historical,5,1,2.0,0
srt_h1024,presentation_gap,historical,5,2,4.0,0
srt_h1024,presentation_gap,historical,5,4,8.0,0
srt_h1024,presentation_gap,historical,5,8,16.0,0
srt_h1024,presentation_gap,historical,5,16,32.0,0
srt_h1024,presentation_gap,historical,5,32,64.0,20
srt_h1024,presentation_gap,historical,5,64,128.0,138
srt_h1024,presentation_gap,historical,5,128,256.0,583
srt_h1024,presentation_gap,historical,5,256,512.0,963
srt_h1024,presentation_gap,historical,5,512,1024.0,3139
srt_h1024,presentation_gap,historical,5,1024,2048.0,3980
srt_h1024,presentation_gap,historical,5,2048,4096.0,10475
srt_h1024,presentation_gap,historical,5,4096,8192.0,19958
srt_h1024,presentation_gap,historical,5,8192,16384.0,22830
srt_h1024,presentation_gap,historical,5,16384,32768.0,18985
srt_h1024,presentation_gap,historical,5,32768,65536.0,9551
srt_h1024,presentation_gap,historical,5,65536,131072.0,3814
srt_h1024,presentation_gap,historical,5,131072,262144.0,663
srt_h1024,presentation_gap,historical,5,262144,524288.0,0
srt_h1024,presentation_gap,historical,5,524288,1048576.0,0
srt_h1024,presentation_gap,historical,5,1048576,2097152.0,0
srt_h1024,presentation_gap,historical,5,2097152,4194304.0,0
srt_h1024,presentation_gap,historical,5,4194304,8388608.0,0
srt_h1024,presentation_gap,historical,5,8388608,16777216.0,0
srt_h1024,presentation_gap,historical,5,16777216,33554432.0,0
srt_h1024,presentation_gap,historical,5,33554432,67108864.0,0
srt_h1024,presentation_gap,historical,5,67108864,134217728.0,0
srt_h1024,presentation_gap,historical,5,134217728,268435456.0,0
srt_h1024,presentation_gap,historical,5,268435456,536870912.0,0
srt_h1024,presentation_gap,historical,5,536870912,1073741824.0,0
srt_h1024,presentation_gap,historical,5,1073741824,2147483648.0,0
srt_h1024,presentation_gap,historical,5,2147483648,4294967296.0,0
srt_h1024,presentation_gap,historical,5,4294967296,8589934592.0,0
srt_h1024,presentation_gap,historical,5,8589934592,17179869184.0,0
srt_h1024,presentation_gap,historical,5,17179869184,34359738368.0,0
srt_h1024,presentation_gap,historical,5,34359738368,68719476736.0,0
srt_h1024,presentation_gap,historical,5,68719476736,137438953472.0,0
srt_h1024,presentation_gap,historical,5,137438953472,274877906944.0,0
srt_h1024,presentation_gap,historical,5,274877906944,549755813888.0,0
srt_h1024,presentation_gap,historical,5,549755813888,1099511627776.0,0
srt_h1024,presentation_gap,historical,5,1099511627776,,0
srt_h1024,presentation_gap,historical,all,0,1.0,0
srt_h1024,presentation_gap,historical,all,1,2.0,0
srt_h1024,presentation_gap,historical,all,2,4.0,0
srt_h1024,presentation_gap,historical,all,4,8.0,0
srt_h1024,presentation_gap,historical,all,8,16.0,0
srt_h1024,presentation_gap,historical,all,16,32.0,0
srt_h1024,presentation_gap,historical,all,32,64.0,44
srt_h1024,presentation_gap,historical,all,64,128.0,388
srt_h1024,presentation_gap,historical,all,128,256.0,1958
srt_h1024,presentation_gap,historical,all,256,512.0,3343
srt_h1024,presentation_gap,historical,all,512,1024.0,16107
srt_h1024,presentation_gap,historical,all,1024,2048.0,15124
srt_h1024,presentation_gap,historical,all,2048,4096.0,27303
srt_h1024,presentation_gap,historical,all,4096,8192.0,42800
srt_h1024,presentation_gap,historical,all,8192,16384.0,44836
srt_h1024,presentation_gap,historical,all,16384,32768.0,33612
srt_h1024,presentation_gap,historical,all,32768,65536.0,14675
srt_h1024,presentation_gap,historical,all,65536,131072.0,4599
srt_h1024,presentation_gap,historical,all,131072,262144.0,761
srt_h1024,presentation_gap,historical,all,262144,524288.0,0
srt_h1024,presentation_gap,historical,all,524288,1048576.0,0
srt_h1024,presentation_gap,historical,all,1048576,2097152.0,0
srt_h1024,presentation_gap,historical,all,2097152,4194304.0,0
srt_h1024,presentation_gap,historical,all,4194304,8388608.0,0
srt_h1024,presentation_gap,historical,all,8388608,16777216.0,0
srt_h1024,presentation_gap,historical,all,16777216,33554432.0,0
srt_h1024,presentation_gap,historical,all,33554432,67108864.0,0
srt_h1024,presentation_gap,historical,all,67108864,134217728.0,0
srt_h1024,presentation_gap,historical,all,134217728,268435456.0,0
srt_h1024,presentation_gap,historical,all,268435456,536870912.0,0
srt_h1024,presentation_gap,historical,all,536870912,1073741824.0,0
srt_h1024,presentation_gap,historical,all,1073741824,2147483648.0,0
srt_h1024,presentation_gap,historical,all,2147483648,4294967296.0,0
srt_h1024,presentation_gap,historical,all,4294967296,8589934592.0,0
srt_h1024,presentation_gap,historical,all,8589934592,17179869184.0,0
srt_h1024,presentation_gap,historical,all,17179869184,34359738368.0,0
srt_h1024,presentation_gap,historical,all,34359738368,68719476736.0,0
srt_h1024,presentation_gap,historical,all,68719476736,137438953472.0,0
srt_h1024,presentation_gap,historical,all,137438953472,274877906944.0,0
srt_h1024,presentation_gap,historical,all,274877906944,549755813888.0,0
srt_h1024,presentation_gap,historical,all,549755813888,1099511627776.0,0
srt_h1024,presentation_gap,historical,all,1099511627776,,0
srt_h1024,stage_gap,current_review,0,0,1.0,22839
srt_h1024,stage_gap,current_review,0,1,2.0,0
srt_h1024,stage_gap,current_review,0,2,4.0,0
srt_h1024,stage_gap,current_review,0,4,8.0,0
srt_h1024,stage_gap,current_review,0,8,16.0,0
srt_h1024,stage_gap,current_review,0,16,32.0,0
srt_h1024,stage_gap,current_review,0,32,64.0,0
srt_h1024,stage_gap,current_review,0,64,128.0,0
srt_h1024,stage_gap,current_review,0,128,256.0,0
srt_h1024,stage_gap,current_review,0,256,512.0,0
srt_h1024,stage_gap,current_review,0,512,1024.0,0
srt_h1024,stage_gap,current_review,0,1024,2048.0,0
srt_h1024,stage_gap,current_review,0,2048,4096.0,0
srt_h1024,stage_gap,current_review,0,4096,8192.0,0
srt_h1024,stage_gap,current_review,0,8192,16384.0,0
srt_h1024,stage_gap,current_review,0,16384,32768.0,0
srt_h1024,stage_gap,current_review,0,32768,65536.0,0
srt_h1024,stage_gap,current_review,0,65536,131072.0,0
srt_h1024,stage_gap,current_review,0,131072,262144.0,0
srt_h1024,stage_gap,current_review,0,262144,524288.0,0
srt_h1024,stage_gap,current_review,0,524288,1048576.0,0
srt_h1024,stage_gap,current_review,0,1048576,2097152.0,0
srt_h1024,stage_gap,current_review,0,2097152,4194304.0,0
srt_h1024,stage_gap,current_review,0,4194304,8388608.0,0
srt_h1024,stage_gap,current_review,0,8388608,16777216.0,0
srt_h1024,stage_gap,current_review,0,16777216,33554432.0,0
srt_h1024,stage_gap,current_review,0,33554432,67108864.0,0
srt_h1024,stage_gap,current_review,0,67108864,134217728.0,0
srt_h1024,stage_gap,current_review,0,134217728,268435456.0,0
srt_h1024,stage_gap,current_review,0,268435456,536870912.0,0
srt_h1024,stage_gap,current_review,0,536870912,1073741824.0,0
srt_h1024,stage_gap,current_review,0,1073741824,2147483648.0,0
srt_h1024,stage_gap,current_review,0,2147483648,4294967296.0,0
srt_h1024,stage_gap,current_review,0,4294967296,8589934592.0,0
srt_h1024,stage_gap,current_review,0,8589934592,17179869184.0,0
srt_h1024,stage_gap,current_review,0,17179869184,34359738368.0,0
srt_h1024,stage_gap,current_review,0,34359738368,68719476736.0,0
srt_h1024,stage_gap,current_review,0,68719476736,137438953472.0,0
srt_h1024,stage_gap,current_review,0,137438953472,274877906944.0,0
srt_h1024,stage_gap,current_review,0,274877906944,549755813888.0,0
srt_h1024,stage_gap,current_review,0,549755813888,1099511627776.0,0
srt_h1024,stage_gap,current_review,0,1099511627776,,0
srt_h1024,stage_gap,current_review,1,0,1.0,4188
srt_h1024,stage_gap,current_review,1,1,2.0,0
srt_h1024,stage_gap,current_review,1,2,4.0,0
srt_h1024,stage_gap,current_review,1,4,8.0,0
srt_h1024,stage_gap,current_review,1,8,16.0,0
srt_h1024,stage_gap,current_review,1,16,32.0,0
srt_h1024,stage_gap,current_review,1,32,64.0,0
srt_h1024,stage_gap,current_review,1,64,128.0,0
srt_h1024,stage_gap,current_review,1,128,256.0,0
srt_h1024,stage_gap,current_review,1,256,512.0,0
srt_h1024,stage_gap,current_review,1,512,1024.0,0
srt_h1024,stage_gap,current_review,1,1024,2048.0,0
srt_h1024,stage_gap,current_review,1,2048,4096.0,0
srt_h1024,stage_gap,current_review,1,4096,8192.0,0
srt_h1024,stage_gap,current_review,1,8192,16384.0,0
srt_h1024,stage_gap,current_review,1,16384,32768.0,0
srt_h1024,stage_gap,current_review,1,32768,65536.0,0
srt_h1024,stage_gap,current_review,1,65536,131072.0,0
srt_h1024,stage_gap,current_review,1,131072,262144.0,0
srt_h1024,stage_gap,current_review,1,262144,524288.0,0
srt_h1024,stage_gap,current_review,1,524288,1048576.0,0
srt_h1024,stage_gap,current_review,1,1048576,2097152.0,0
srt_h1024,stage_gap,current_review,1,2097152,4194304.0,0
srt_h1024,stage_gap,current_review,1,4194304,8388608.0,0
srt_h1024,stage_gap,current_review,1,8388608,16777216.0,0
srt_h1024,stage_gap,current_review,1,16777216,33554432.0,0
srt_h1024,stage_gap,current_review,1,33554432,67108864.0,0
srt_h1024,stage_gap,current_review,1,67108864,134217728.0,0
srt_h1024,stage_gap,current_review,1,134217728,268435456.0,0
srt_h1024,stage_gap,current_review,1,268435456,536870912.0,0
srt_h1024,stage_gap,current_review,1,536870912,1073741824.0,0
srt_h1024,stage_gap,current_review,1,1073741824,2147483648.0,0
srt_h1024,stage_gap,current_review,1,2147483648,4294967296.0,0
srt_h1024,stage_gap,current_review,1,4294967296,8589934592.0,0
srt_h1024,stage_gap,current_review,1,8589934592,17179869184.0,0
srt_h1024,stage_gap,current_review,1,17179869184,34359738368.0,0
srt_h1024,stage_gap,current_review,1,34359738368,68719476736.0,0
srt_h1024,stage_gap,current_review,1,68719476736,137438953472.0,0
srt_h1024,stage_gap,current_review,1,137438953472,274877906944.0,0
srt_h1024,stage_gap,current_review,1,274877906944,549755813888.0,0
srt_h1024,stage_gap,current_review,1,549755813888,1099511627776.0,0
srt_h1024,stage_gap,current_review,1,1099511627776,,0
srt_h1024,stage_gap,current_review,2,0,1.0,4573
srt_h1024,stage_gap,current_review,2,1,2.0,0
srt_h1024,stage_gap,current_review,2,2,4.0,0
srt_h1024,stage_gap,current_review,2,4,8.0,0
srt_h1024,stage_gap,current_review,2,8,16.0,0
srt_h1024,stage_gap,current_review,2,16,32.0,0
srt_h1024,stage_gap,current_review,2,32,64.0,0
srt_h1024,stage_gap,current_review,2,64,128.0,0
srt_h1024,stage_gap,current_review,2,128,256.0,0
srt_h1024,stage_gap,current_review,2,256,512.0,0
srt_h1024,stage_gap,current_review,2,512,1024.0,0
srt_h1024,stage_gap,current_review,2,1024,2048.0,0
srt_h1024,stage_gap,current_review,2,2048,4096.0,0
srt_h1024,stage_gap,current_review,2,4096,8192.0,0
srt_h1024,stage_gap,current_review,2,8192,16384.0,0
srt_h1024,stage_gap,current_review,2,16384,32768.0,0
srt_h1024,stage_gap,current_review,2,32768,65536.0,0
srt_h1024,stage_gap,current_review,2,65536,131072.0,0
srt_h1024,stage_gap,current_review,2,131072,262144.0,0
srt_h1024,stage_gap,current_review,2,262144,524288.0,0
srt_h1024,stage_gap,current_review,2,524288,1048576.0,0
srt_h1024,stage_gap,current_review,2,1048576,2097152.0,0
srt_h1024,stage_gap,current_review,2,2097152,4194304.0,0
srt_h1024,stage_gap,current_review,2,4194304,8388608.0,0
srt_h1024,stage_gap,current_review,2,8388608,16777216.0,0
srt_h1024,stage_gap,current_review,2,16777216,33554432.0,0
srt_h1024,stage_gap,current_review,2,33554432,67108864.0,0
srt_h1024,stage_gap,current_review,2,67108864,134217728.0,0
srt_h1024,stage_gap,current_review,2,134217728,268435456.0,0
srt_h1024,stage_gap,current_review,2,268435456,536870912.0,0
srt_h1024,stage_gap,current_review,2,536870912,1073741824.0,0
srt_h1024,stage_gap,current_review,2,1073741824,2147483648.0,0
srt_h1024,stage_gap,current_review,2,2147483648,4294967296.0,0
srt_h1024,stage_gap,current_review,2,4294967296,8589934592.0,0
srt_h1024,stage_gap,current_review,2,8589934592,17179869184.0,0
srt_h1024,stage_gap,current_review,2,17179869184,34359738368.0,0
srt_h1024,stage_gap,current_review,2,34359738368,68719476736.0,0
srt_h1024,stage_gap,current_review,2,68719476736,137438953472.0,0
srt_h1024,stage_gap,current_review,2,137438953472,274877906944.0,0
srt_h1024,stage_gap,current_review,2,274877906944,549755813888.0,0
srt_h1024,stage_gap,current_review,2,549755813888,1099511627776.0,0
srt_h1024,stage_gap,current_review,2,1099511627776,,0
srt_h1024,stage_gap,current_review,3,0,1.0,3897
srt_h1024,stage_gap,current_review,3,1,2.0,0
srt_h1024,stage_gap,current_review,3,2,4.0,0
srt_h1024,stage_gap,current_review,3,4,8.0,0
srt_h1024,stage_gap,current_review,3,8,16.0,0
srt_h1024,stage_gap,current_review,3,16,32.0,0
srt_h1024,stage_gap,current_review,3,32,64.0,0
srt_h1024,stage_gap,current_review,3,64,128.0,0
srt_h1024,stage_gap,current_review,3,128,256.0,0
srt_h1024,stage_gap,current_review,3,256,512.0,0
srt_h1024,stage_gap,current_review,3,512,1024.0,0
srt_h1024,stage_gap,current_review,3,1024,2048.0,0
srt_h1024,stage_gap,current_review,3,2048,4096.0,0
srt_h1024,stage_gap,current_review,3,4096,8192.0,0
srt_h1024,stage_gap,current_review,3,8192,16384.0,0
srt_h1024,stage_gap,current_review,3,16384,32768.0,0
srt_h1024,stage_gap,current_review,3,32768,65536.0,0
srt_h1024,stage_gap,current_review,3,65536,131072.0,0
srt_h1024,stage_gap,current_review,3,131072,262144.0,0
srt_h1024,stage_gap,current_review,3,262144,524288.0,0
srt_h1024,stage_gap,current_review,3,524288,1048576.0,0
srt_h1024,stage_gap,current_review,3,1048576,2097152.0,0
srt_h1024,stage_gap,current_review,3,2097152,4194304.0,0
srt_h1024,stage_gap,current_review,3,4194304,8388608.0,0
srt_h1024,stage_gap,current_review,3,8388608,16777216.0,0
srt_h1024,stage_gap,current_review,3,16777216,33554432.0,0
srt_h1024,stage_gap,current_review,3,33554432,67108864.0,0
srt_h1024,stage_gap,current_review,3,67108864,134217728.0,0
srt_h1024,stage_gap,current_review,3,134217728,268435456.0,0
srt_h1024,stage_gap,current_review,3,268435456,536870912.0,0
srt_h1024,stage_gap,current_review,3,536870912,1073741824.0,0
srt_h1024,stage_gap,current_review,3,1073741824,2147483648.0,0
srt_h1024,stage_gap,current_review,3,2147483648,4294967296.0,0
srt_h1024,stage_gap,current_review,3,4294967296,8589934592.0,0
srt_h1024,stage_gap,current_review,3,8589934592,17179869184.0,0
srt_h1024,stage_gap,current_review,3,17179869184,34359738368.0,0
srt_h1024,stage_gap,current_review,3,34359738368,68719476736.0,0
srt_h1024,stage_gap,current_review,3,68719476736,137438953472.0,0
srt_h1024,stage_gap,current_review,3,137438953472,274877906944.0,0
srt_h1024,stage_gap,current_review,3,274877906944,549755813888.0,0
srt_h1024,stage_gap,current_review,3,549755813888,1099511627776.0,0
srt_h1024,stage_gap,current_review,3,1099511627776,,0
srt_h1024,stage_gap,current_review,4,0,1.0,3686
srt_h1024,stage_gap,current_review,4,1,2.0,0
srt_h1024,stage_gap,current_review,4,2,4.0,0
srt_h1024,stage_gap,current_review,4,4,8.0,0
srt_h1024,stage_gap,current_review,4,8,16.0,0
srt_h1024,stage_gap,current_review,4,16,32.0,0
srt_h1024,stage_gap,current_review,4,32,64.0,0
srt_h1024,stage_gap,current_review,4,64,128.0,0
srt_h1024,stage_gap,current_review,4,128,256.0,0
srt_h1024,stage_gap,current_review,4,256,512.0,0
srt_h1024,stage_gap,current_review,4,512,1024.0,0
srt_h1024,stage_gap,current_review,4,1024,2048.0,0
srt_h1024,stage_gap,current_review,4,2048,4096.0,0
srt_h1024,stage_gap,current_review,4,4096,8192.0,0
srt_h1024,stage_gap,current_review,4,8192,16384.0,0
srt_h1024,stage_gap,current_review,4,16384,32768.0,0
srt_h1024,stage_gap,current_review,4,32768,65536.0,0
srt_h1024,stage_gap,current_review,4,65536,131072.0,0
srt_h1024,stage_gap,current_review,4,131072,262144.0,0
srt_h1024,stage_gap,current_review,4,262144,524288.0,0
srt_h1024,stage_gap,current_review,4,524288,1048576.0,0
srt_h1024,stage_gap,current_review,4,1048576,2097152.0,0
srt_h1024,stage_gap,current_review,4,2097152,4194304.0,0
srt_h1024,stage_gap,current_review,4,4194304,8388608.0,0
srt_h1024,stage_gap,current_review,4,8388608,16777216.0,0
srt_h1024,stage_gap,current_review,4,16777216,33554432.0,0
srt_h1024,stage_gap,current_review,4,33554432,67108864.0,0
srt_h1024,stage_gap,current_review,4,67108864,134217728.0,0
srt_h1024,stage_gap,current_review,4,134217728,268435456.0,0
srt_h1024,stage_gap,current_review,4,268435456,536870912.0,0
srt_h1024,stage_gap,current_review,4,536870912,1073741824.0,0
srt_h1024,stage_gap,current_review,4,1073741824,2147483648.0,0
srt_h1024,stage_gap,current_review,4,2147483648,4294967296.0,0
srt_h1024,stage_gap,current_review,4,4294967296,8589934592.0,0
srt_h1024,stage_gap,current_review,4,8589934592,17179869184.0,0
srt_h1024,stage_gap,current_review,4,17179869184,34359738368.0,0
srt_h1024,stage_gap,current_review,4,34359738368,68719476736.0,0
srt_h1024,stage_gap,current_review,4,68719476736,137438953472.0,0
srt_h1024,stage_gap,current_review,4,137438953472,274877906944.0,0
srt_h1024,stage_gap,current_review,4,274877906944,549755813888.0,0
srt_h1024,stage_gap,current_review,4,549755813888,1099511627776.0,0
srt_h1024,stage_gap,current_review,4,1099511627776,,0
srt_h1024,stage_gap,current_review,5,0,1.0,25635
srt_h1024,stage_gap,current_review,5,1,2.0,0
srt_h1024,stage_gap,current_review,5,2,4.0,0
srt_h1024,stage_gap,current_review,5,4,8.0,0
srt_h1024,stage_gap,current_review,5,8,16.0,0
srt_h1024,stage_gap,current_review,5,16,32.0,0
srt_h1024,stage_gap,current_review,5,32,64.0,0
srt_h1024,stage_gap,current_review,5,64,128.0,0
srt_h1024,stage_gap,current_review,5,128,256.0,0
srt_h1024,stage_gap,current_review,5,256,512.0,0
srt_h1024,stage_gap,current_review,5,512,1024.0,0
srt_h1024,stage_gap,current_review,5,1024,2048.0,0
srt_h1024,stage_gap,current_review,5,2048,4096.0,0
srt_h1024,stage_gap,current_review,5,4096,8192.0,0
srt_h1024,stage_gap,current_review,5,8192,16384.0,0
srt_h1024,stage_gap,current_review,5,16384,32768.0,0
srt_h1024,stage_gap,current_review,5,32768,65536.0,0
srt_h1024,stage_gap,current_review,5,65536,131072.0,0
srt_h1024,stage_gap,current_review,5,131072,262144.0,0
srt_h1024,stage_gap,current_review,5,262144,524288.0,0
srt_h1024,stage_gap,current_review,5,524288,1048576.0,0
srt_h1024,stage_gap,current_review,5,1048576,2097152.0,0
srt_h1024,stage_gap,current_review,5,2097152,4194304.0,0
srt_h1024,stage_gap,current_review,5,4194304,8388608.0,0
srt_h1024,stage_gap,current_review,5,8388608,16777216.0,0
srt_h1024,stage_gap,current_review,5,16777216,33554432.0,0
srt_h1024,stage_gap,current_review,5,33554432,67108864.0,0
srt_h1024,stage_gap,current_review,5,67108864,134217728.0,0
srt_h1024,stage_gap,current_review,5,134217728,268435456.0,0
srt_h1024,stage_gap,current_review,5,268435456,536870912.0,0
srt_h1024,stage_gap,current_review,5,536870912,1073741824.0,0
srt_h1024,stage_gap,current_review,5,1073741824,2147483648.0,0
srt_h1024,stage_gap,current_review,5,2147483648,4294967296.0,0
srt_h1024,stage_gap,current_review,5,4294967296,8589934592.0,0
srt_h1024,stage_gap,current_review,5,8589934592,17179869184.0,0
srt_h1024,stage_gap,current_review,5,17179869184,34359738368.0,0
srt_h1024,stage_gap,current_review,5,34359738368,68719476736.0,0
srt_h1024,stage_gap,current_review,5,68719476736,137438953472.0,0
srt_h1024,stage_gap,current_review,5,137438953472,274877906944.0,0
srt_h1024,stage_gap,current_review,5,274877906944,549755813888.0,0
srt_h1024,stage_gap,current_review,5,549755813888,1099511627776.0,0
srt_h1024,stage_gap,current_review,5,1099511627776,,0
srt_h1024,stage_gap,current_review,all,0,1.0,64818
srt_h1024,stage_gap,current_review,all,1,2.0,0
srt_h1024,stage_gap,current_review,all,2,4.0,0
srt_h1024,stage_gap,current_review,all,4,8.0,0
srt_h1024,stage_gap,current_review,all,8,16.0,0
srt_h1024,stage_gap,current_review,all,16,32.0,0
srt_h1024,stage_gap,current_review,all,32,64.0,0
srt_h1024,stage_gap,current_review,all,64,128.0,0
srt_h1024,stage_gap,current_review,all,128,256.0,0
srt_h1024,stage_gap,current_review,all,256,512.0,0
srt_h1024,stage_gap,current_review,all,512,1024.0,0
srt_h1024,stage_gap,current_review,all,1024,2048.0,0
srt_h1024,stage_gap,current_review,all,2048,4096.0,0
srt_h1024,stage_gap,current_review,all,4096,8192.0,0
srt_h1024,stage_gap,current_review,all,8192,16384.0,0
srt_h1024,stage_gap,current_review,all,16384,32768.0,0
srt_h1024,stage_gap,current_review,all,32768,65536.0,0
srt_h1024,stage_gap,current_review,all,65536,131072.0,0
srt_h1024,stage_gap,current_review,all,131072,262144.0,0
srt_h1024,stage_gap,current_review,all,262144,524288.0,0
srt_h1024,stage_gap,current_review,all,524288,1048576.0,0
srt_h1024,stage_gap,current_review,all,1048576,2097152.0,0
srt_h1024,stage_gap,current_review,all,2097152,4194304.0,0
srt_h1024,stage_gap,current_review,all,4194304,8388608.0,0
srt_h1024,stage_gap,current_review,all,8388608,16777216.0,0
srt_h1024,stage_gap,current_review,all,16777216,33554432.0,0
srt_h1024,stage_gap,current_review,all,33554432,67108864.0,0
srt_h1024,stage_gap,current_review,all,67108864,134217728.0,0
srt_h1024,stage_gap,current_review,all,134217728,268435456.0,0
srt_h1024,stage_gap,current_review,all,268435456,536870912.0,0
srt_h1024,stage_gap,current_review,all,536870912,1073741824.0,0
srt_h1024,stage_gap,current_review,all,1073741824,2147483648.0,0
srt_h1024,stage_gap,current_review,all,2147483648,4294967296.0,0
srt_h1024,stage_gap,current_review,all,4294967296,8589934592.0,0
srt_h1024,stage_gap,current_review,all,8589934592,17179869184.0,0
srt_h1024,stage_gap,current_review,all,17179869184,34359738368.0,0
srt_h1024,stage_gap,current_review,all,34359738368,68719476736.0,0
srt_h1024,stage_gap,current_review,all,68719476736,137438953472.0,0
srt_h1024,stage_gap,current_review,all,137438953472,274877906944.0,0
srt_h1024,stage_gap,current_review,all,274877906944,549755813888.0,0
srt_h1024,stage_gap,current_review,all,549755813888,1099511627776.0,0
srt_h1024,stage_gap,current_review,all,1099511627776,,0
srt_h1024,stage_gap,historical,0,0,1.0,12376
srt_h1024,stage_gap,historical,0,1,2.0,9741
srt_h1024,stage_gap,historical,0,2,4.0,6724
srt_h1024,stage_gap,historical,0,4,8.0,2839
srt_h1024,stage_gap,historical,0,8,16.0,434
srt_h1024,stage_gap,historical,0,16,32.0,6
srt_h1024,stage_gap,historical,0,32,64.0,0
srt_h1024,stage_gap,historical,0,64,128.0,0
srt_h1024,stage_gap,historical,0,128,256.0,0
srt_h1024,stage_gap,historical,0,256,512.0,0
srt_h1024,stage_gap,historical,0,512,1024.0,0
srt_h1024,stage_gap,historical,0,1024,2048.0,0
srt_h1024,stage_gap,historical,0,2048,4096.0,0
srt_h1024,stage_gap,historical,0,4096,8192.0,0
srt_h1024,stage_gap,historical,0,8192,16384.0,0
srt_h1024,stage_gap,historical,0,16384,32768.0,0
srt_h1024,stage_gap,historical,0,32768,65536.0,0
srt_h1024,stage_gap,historical,0,65536,131072.0,0
srt_h1024,stage_gap,historical,0,131072,262144.0,0
srt_h1024,stage_gap,historical,0,262144,524288.0,0
srt_h1024,stage_gap,historical,0,524288,1048576.0,0
srt_h1024,stage_gap,historical,0,1048576,2097152.0,0
srt_h1024,stage_gap,historical,0,2097152,4194304.0,0
srt_h1024,stage_gap,historical,0,4194304,8388608.0,0
srt_h1024,stage_gap,historical,0,8388608,16777216.0,0
srt_h1024,stage_gap,historical,0,16777216,33554432.0,0
srt_h1024,stage_gap,historical,0,33554432,67108864.0,0
srt_h1024,stage_gap,historical,0,67108864,134217728.0,0
srt_h1024,stage_gap,historical,0,134217728,268435456.0,0
srt_h1024,stage_gap,historical,0,268435456,536870912.0,0
srt_h1024,stage_gap,historical,0,536870912,1073741824.0,0
srt_h1024,stage_gap,historical,0,1073741824,2147483648.0,0
srt_h1024,stage_gap,historical,0,2147483648,4294967296.0,0
srt_h1024,stage_gap,historical,0,4294967296,8589934592.0,0
srt_h1024,stage_gap,historical,0,8589934592,17179869184.0,0
srt_h1024,stage_gap,historical,0,17179869184,34359738368.0,0
srt_h1024,stage_gap,historical,0,34359738368,68719476736.0,0
srt_h1024,stage_gap,historical,0,68719476736,137438953472.0,0
srt_h1024,stage_gap,historical,0,137438953472,274877906944.0,0
srt_h1024,stage_gap,historical,0,274877906944,549755813888.0,0
srt_h1024,stage_gap,historical,0,549755813888,1099511627776.0,0
srt_h1024,stage_gap,historical,0,1099511627776,,0
srt_h1024,stage_gap,historical,1,0,1.0,6203
srt_h1024,stage_gap,historical,1,1,2.0,4865
srt_h1024,stage_gap,historical,1,2,4.0,3197
srt_h1024,stage_gap,historical,1,4,8.0,1314
srt_h1024,stage_gap,historical,1,8,16.0,196
srt_h1024,stage_gap,historical,1,16,32.0,2
srt_h1024,stage_gap,historical,1,32,64.0,0
srt_h1024,stage_gap,historical,1,64,128.0,0
srt_h1024,stage_gap,historical,1,128,256.0,0
srt_h1024,stage_gap,historical,1,256,512.0,0
srt_h1024,stage_gap,historical,1,512,1024.0,0
srt_h1024,stage_gap,historical,1,1024,2048.0,0
srt_h1024,stage_gap,historical,1,2048,4096.0,0
srt_h1024,stage_gap,historical,1,4096,8192.0,0
srt_h1024,stage_gap,historical,1,8192,16384.0,0
srt_h1024,stage_gap,historical,1,16384,32768.0,0
srt_h1024,stage_gap,historical,1,32768,65536.0,0
srt_h1024,stage_gap,historical,1,65536,131072.0,0
srt_h1024,stage_gap,historical,1,131072,262144.0,0
srt_h1024,stage_gap,historical,1,262144,524288.0,0
srt_h1024,stage_gap,historical,1,524288,1048576.0,0
srt_h1024,stage_gap,historical,1,1048576,2097152.0,0
srt_h1024,stage_gap,historical,1,2097152,4194304.0,0
srt_h1024,stage_gap,historical,1,4194304,8388608.0,0
srt_h1024,stage_gap,historical,1,8388608,16777216.0,0
srt_h1024,stage_gap,historical,1,16777216,33554432.0,0
srt_h1024,stage_gap,historical,1,33554432,67108864.0,0
srt_h1024,stage_gap,historical,1,67108864,134217728.0,0
srt_h1024,stage_gap,historical,1,134217728,268435456.0,0
srt_h1024,stage_gap,historical,1,268435456,536870912.0,0
srt_h1024,stage_gap,historical,1,536870912,1073741824.0,0
srt_h1024,stage_gap,historical,1,1073741824,2147483648.0,0
srt_h1024,stage_gap,historical,1,2147483648,4294967296.0,0
srt_h1024,stage_gap,historical,1,4294967296,8589934592.0,0
srt_h1024,stage_gap,historical,1,8589934592,17179869184.0,0
srt_h1024,stage_gap,historical,1,17179869184,34359738368.0,0
srt_h1024,stage_gap,historical,1,34359738368,68719476736.0,0
srt_h1024,stage_gap,historical,1,68719476736,137438953472.0,0
srt_h1024,stage_gap,historical,1,137438953472,274877906944.0,0
srt_h1024,stage_gap,historical,1,274877906944,549755813888.0,0
srt_h1024,stage_gap,historical,1,549755813888,1099511627776.0,0
srt_h1024,stage_gap,historical,1,1099511627776,,0
srt_h1024,stage_gap,historical,2,0,1.0,7974
srt_h1024,stage_gap,historical,2,1,2.0,5872
srt_h1024,stage_gap,historical,2,2,4.0,3854
srt_h1024,stage_gap,historical,2,4,8.0,1664
srt_h1024,stage_gap,historical,2,8,16.0,234
srt_h1024,stage_gap,historical,2,16,32.0,2
srt_h1024,stage_gap,historical,2,32,64.0,0
srt_h1024,stage_gap,historical,2,64,128.0,0
srt_h1024,stage_gap,historical,2,128,256.0,0
srt_h1024,stage_gap,historical,2,256,512.0,0
srt_h1024,stage_gap,historical,2,512,1024.0,0
srt_h1024,stage_gap,historical,2,1024,2048.0,0
srt_h1024,stage_gap,historical,2,2048,4096.0,0
srt_h1024,stage_gap,historical,2,4096,8192.0,0
srt_h1024,stage_gap,historical,2,8192,16384.0,0
srt_h1024,stage_gap,historical,2,16384,32768.0,0
srt_h1024,stage_gap,historical,2,32768,65536.0,0
srt_h1024,stage_gap,historical,2,65536,131072.0,0
srt_h1024,stage_gap,historical,2,131072,262144.0,0
srt_h1024,stage_gap,historical,2,262144,524288.0,0
srt_h1024,stage_gap,historical,2,524288,1048576.0,0
srt_h1024,stage_gap,historical,2,1048576,2097152.0,0
srt_h1024,stage_gap,historical,2,2097152,4194304.0,0
srt_h1024,stage_gap,historical,2,4194304,8388608.0,0
srt_h1024,stage_gap,historical,2,8388608,16777216.0,0
srt_h1024,stage_gap,historical,2,16777216,33554432.0,0
srt_h1024,stage_gap,historical,2,33554432,67108864.0,0
srt_h1024,stage_gap,historical,2,67108864,134217728.0,0
srt_h1024,stage_gap,historical,2,134217728,268435456.0,0
srt_h1024,stage_gap,historical,2,268435456,536870912.0,0
srt_h1024,stage_gap,historical,2,536870912,1073741824.0,0
srt_h1024,stage_gap,historical,2,1073741824,2147483648.0,0
srt_h1024,stage_gap,historical,2,2147483648,4294967296.0,0
srt_h1024,stage_gap,historical,2,4294967296,8589934592.0,0
srt_h1024,stage_gap,historical,2,8589934592,17179869184.0,0
srt_h1024,stage_gap,historical,2,17179869184,34359738368.0,0
srt_h1024,stage_gap,historical,2,34359738368,68719476736.0,0
srt_h1024,stage_gap,historical,2,68719476736,137438953472.0,0
srt_h1024,stage_gap,historical,2,137438953472,274877906944.0,0
srt_h1024,stage_gap,historical,2,274877906944,549755813888.0,0
srt_h1024,stage_gap,historical,2,549755813888,1099511627776.0,0
srt_h1024,stage_gap,historical,2,1099511627776,,0
srt_h1024,stage_gap,historical,3,0,1.0,4517
srt_h1024,stage_gap,historical,3,1,2.0,7911
srt_h1024,stage_gap,historical,3,2,4.0,5886
srt_h1024,stage_gap,historical,3,4,8.0,2771
srt_h1024,stage_gap,historical,3,8,16.0,779
srt_h1024,stage_gap,historical,3,16,32.0,110
srt_h1024,stage_gap,historical,3,32,64.0,6
srt_h1024,stage_gap,historical,3,64,128.0,0
srt_h1024,stage_gap,historical,3,128,256.0,0
srt_h1024,stage_gap,historical,3,256,512.0,0
srt_h1024,stage_gap,historical,3,512,1024.0,0
srt_h1024,stage_gap,historical,3,1024,2048.0,0
srt_h1024,stage_gap,historical,3,2048,4096.0,0
srt_h1024,stage_gap,historical,3,4096,8192.0,0
srt_h1024,stage_gap,historical,3,8192,16384.0,0
srt_h1024,stage_gap,historical,3,16384,32768.0,0
srt_h1024,stage_gap,historical,3,32768,65536.0,0
srt_h1024,stage_gap,historical,3,65536,131072.0,0
srt_h1024,stage_gap,historical,3,131072,262144.0,0
srt_h1024,stage_gap,historical,3,262144,524288.0,0
srt_h1024,stage_gap,historical,3,524288,1048576.0,0
srt_h1024,stage_gap,historical,3,1048576,2097152.0,0
srt_h1024,stage_gap,historical,3,2097152,4194304.0,0
srt_h1024,stage_gap,historical,3,4194304,8388608.0,0
srt_h1024,stage_gap,historical,3,8388608,16777216.0,0
srt_h1024,stage_gap,historical,3,16777216,33554432.0,0
srt_h1024,stage_gap,historical,3,33554432,67108864.0,0
srt_h1024,stage_gap,historical,3,67108864,134217728.0,0
srt_h1024,stage_gap,historical,3,134217728,268435456.0,0
srt_h1024,stage_gap,historical,3,268435456,536870912.0,0
srt_h1024,stage_gap,historical,3,536870912,1073741824.0,0
srt_h1024,stage_gap,historical,3,1073741824,2147483648.0,0
srt_h1024,stage_gap,historical,3,2147483648,4294967296.0,0
srt_h1024,stage_gap,historical,3,4294967296,8589934592.0,0
srt_h1024,stage_gap,historical,3,8589934592,17179869184.0,0
srt_h1024,stage_gap,historical,3,17179869184,34359738368.0,0
srt_h1024,stage_gap,historical,3,34359738368,68719476736.0,0
srt_h1024,stage_gap,historical,3,68719476736,137438953472.0,0
srt_h1024,stage_gap,historical,3,137438953472,274877906944.0,0
srt_h1024,stage_gap,historical,3,274877906944,549755813888.0,0
srt_h1024,stage_gap,historical,3,549755813888,1099511627776.0,0
srt_h1024,stage_gap,historical,3,1099511627776,,0
srt_h1024,stage_gap,historical,4,0,1.0,3837
srt_h1024,stage_gap,historical,4,1,2.0,7311
srt_h1024,stage_gap,historical,4,2,4.0,5857
srt_h1024,stage_gap,historical,4,4,8.0,2914
srt_h1024,stage_gap,historical,4,8,16.0,897
srt_h1024,stage_gap,historical,4,16,32.0,148
srt_h1024,stage_gap,historical,4,32,64.0,10
srt_h1024,stage_gap,historical,4,64,128.0,0
srt_h1024,stage_gap,historical,4,128,256.0,0
srt_h1024,stage_gap,historical,4,256,512.0,0
srt_h1024,stage_gap,historical,4,512,1024.0,0
srt_h1024,stage_gap,historical,4,1024,2048.0,0
srt_h1024,stage_gap,historical,4,2048,4096.0,0
srt_h1024,stage_gap,historical,4,4096,8192.0,0
srt_h1024,stage_gap,historical,4,8192,16384.0,0
srt_h1024,stage_gap,historical,4,16384,32768.0,0
srt_h1024,stage_gap,historical,4,32768,65536.0,0
srt_h1024,stage_gap,historical,4,65536,131072.0,0
srt_h1024,stage_gap,historical,4,131072,262144.0,0
srt_h1024,stage_gap,historical,4,262144,524288.0,0
srt_h1024,stage_gap,historical,4,524288,1048576.0,0
srt_h1024,stage_gap,historical,4,1048576,2097152.0,0
srt_h1024,stage_gap,historical,4,2097152,4194304.0,0
srt_h1024,stage_gap,historical,4,4194304,8388608.0,0
srt_h1024,stage_gap,historical,4,8388608,16777216.0,0
srt_h1024,stage_gap,historical,4,16777216,33554432.0,0
srt_h1024,stage_gap,historical,4,33554432,67108864.0,0
srt_h1024,stage_gap,historical,4,67108864,134217728.0,0
srt_h1024,stage_gap,historical,4,134217728,268435456.0,0
srt_h1024,stage_gap,historical,4,268435456,536870912.0,0
srt_h1024,stage_gap,historical,4,536870912,1073741824.0,0
srt_h1024,stage_gap,historical,4,1073741824,2147483648.0,0
srt_h1024,stage_gap,historical,4,2147483648,4294967296.0,0
srt_h1024,stage_gap,historical,4,4294967296,8589934592.0,0
srt_h1024,stage_gap,historical,4,8589934592,17179869184.0,0
srt_h1024,stage_gap,historical,4,17179869184,34359738368.0,0
srt_h1024,stage_gap,historical,4,34359738368,68719476736.0,0
srt_h1024,stage_gap,historical,4,68719476736,137438953472.0,0
srt_h1024,stage_gap,historical,4,137438953472,274877906944.0,0
srt_h1024,stage_gap,historical,4,274877906944,549755813888.0,0
srt_h1024,stage_gap,historical,4,549755813888,1099511627776.0,0
srt_h1024,stage_gap,historical,4,1099511627776,,0
srt_h1024,stage_gap,historical,5,0,1.0,10669
srt_h1024,stage_gap,historical,5,1,2.0,29981
srt_h1024,stage_gap,historical,5,2,4.0,28106
srt_h1024,stage_gap,historical,5,4,8.0,17429
srt_h1024,stage_gap,historical,5,8,16.0,7366
srt_h1024,stage_gap,historical,5,16,32.0,1491
srt_h1024,stage_gap,historical,5,32,64.0,57
srt_h1024,stage_gap,historical,5,64,128.0,0
srt_h1024,stage_gap,historical,5,128,256.0,0
srt_h1024,stage_gap,historical,5,256,512.0,0
srt_h1024,stage_gap,historical,5,512,1024.0,0
srt_h1024,stage_gap,historical,5,1024,2048.0,0
srt_h1024,stage_gap,historical,5,2048,4096.0,0
srt_h1024,stage_gap,historical,5,4096,8192.0,0
srt_h1024,stage_gap,historical,5,8192,16384.0,0
srt_h1024,stage_gap,historical,5,16384,32768.0,0
srt_h1024,stage_gap,historical,5,32768,65536.0,0
srt_h1024,stage_gap,historical,5,65536,131072.0,0
srt_h1024,stage_gap,historical,5,131072,262144.0,0
srt_h1024,stage_gap,historical,5,262144,524288.0,0
srt_h1024,stage_gap,historical,5,524288,1048576.0,0
srt_h1024,stage_gap,historical,5,1048576,2097152.0,0
srt_h1024,stage_gap,historical,5,2097152,4194304.0,0
srt_h1024,stage_gap,historical,5,4194304,8388608.0,0
srt_h1024,stage_gap,historical,5,8388608,16777216.0,0
srt_h1024,stage_gap,historical,5,16777216,33554432.0,0
srt_h1024,stage_gap,historical,5,33554432,67108864.0,0
srt_h1024,stage_gap,historical,5,67108864,134217728.0,0
srt_h1024,stage_gap,historical,5,134217728,268435456.0,0
srt_h1024,stage_gap,historical,5,268435456,536870912.0,0
srt_h1024,stage_gap,historical,5,536870912,1073741824.0,0
srt_h1024,stage_gap,historical,5,1073741824,2147483648.0,0
srt_h1024,stage_gap,historical,5,2147483648,4294967296.0,0
srt_h1024,stage_gap,historical,5,4294967296,8589934592.0,0
srt_h1024,stage_gap,historical,5,8589934592,17179869184.0,0
srt_h1024,stage_gap,historical,5,17179869184,34359738368.0,0
srt_h1024,stage_gap,historical,5,34359738368,68719476736.0,0
srt_h1024,stage_gap,historical,5,68719476736,137438953472.0,0
srt_h1024,stage_gap,historical,5,137438953472,274877906944.0,0
srt_h1024,stage_gap,historical,5,274877906944,549755813888.0,0
srt_h1024,stage_gap,historical,5,549755813888,1099511627776.0,0
srt_h1024,stage_gap,historical,5,1099511627776,,0
srt_h1024,stage_gap,historical,all,0,1.0,45576
srt_h1024,stage_gap,historical,all,1,2.0,65681
srt_h1024,stage_gap,historical,all,2,4.0,53624
srt_h1024,stage_gap,historical,all,4,8.0,28931
srt_h1024,stage_gap,historical,all,8,16.0,9906
srt_h1024,stage_gap,historical,all,16,32.0,1759
srt_h1024,stage_gap,historical,all,32,64.0,73
srt_h1024,stage_gap,historical,all,64,128.0,0
srt_h1024,stage_gap,historical,all,128,256.0,0
srt_h1024,stage_gap,historical,all,256,512.0,0
srt_h1024,stage_gap,historical,all,512,1024.0,0
srt_h1024,stage_gap,historical,all,1024,2048.0,0
srt_h1024,stage_gap,historical,all,2048,4096.0,0
srt_h1024,stage_gap,historical,all,4096,8192.0,0
srt_h1024,stage_gap,historical,all,8192,16384.0,0
srt_h1024,stage_gap,historical,all,16384,32768.0,0
srt_h1024,stage_gap,historical,all,32768,65536.0,0
srt_h1024,stage_gap,historical,all,65536,131072.0,0
srt_h1024,stage_gap,historical,all,131072,262144.0,0
srt_h1024,stage_gap,historical,all,262144,524288.0,0
srt_h1024,stage_gap,historical,all,524288,1048576.0,0
srt_h1024,stage_gap,historical,all,1048576,2097152.0,0
srt_h1024,stage_gap,historical,all,2097152,4194304.0,0
srt_h1024,stage_gap,historical,all,4194304,8388608.0,0
srt_h1024,stage_gap,historical,all,8388608,16777216.0,0
srt_h1024,stage_gap,historical,all,16777216,33554432.0,0
srt_h1024,stage_gap,historical,all,33554432,67108864.0,0
srt_h1024,stage_gap,historical,all,67108864,134217728.0,0
srt_h1024,stage_gap,historical,all,134217728,268435456.0,0
srt_h1024,stage_gap,historical,all,268435456,536870912.0,0
srt_h1024,stage_gap,historical,all,536870912,1073741824.0,0
srt_h1024,stage_gap,historical,all,1073741824,2147483648.0,0
srt_h1024,stage_gap,historical,all,2147483648,4294967296.0,0
srt_h1024,stage_gap,historical,all,4294967296,8589934592.0,0
srt_h1024,stage_gap,historical,all,8589934592,17179869184.0,0
srt_h1024,stage_gap,historical,all,17179869184,34359738368.0,0
srt_h1024,stage_gap,historical,all,34359738368,68719476736.0,0
srt_h1024,stage_gap,historical,all,68719476736,137438953472.0,0
srt_h1024,stage_gap,historical,all,137438953472,274877906944.0,0
srt_h1024,stage_gap,historical,all,274877906944,549755813888.0,0
srt_h1024,stage_gap,historical,all,549755813888,1099511627776.0,0
srt_h1024,stage_gap,historical,all,1099511627776,,0
srt_h1024,step_gap,current_review,0,0,1.0,0
srt_h1024,step_gap,current_review,0,1,2.0,0
srt_h1024,step_gap,current_review,0,2,4.0,0
srt_h1024,step_gap,current_review,0,4,8.0,20
srt_h1024,step_gap,current_review,0,8,16.0,9487
srt_h1024,step_gap,current_review,0,16,32.0,6767
srt_h1024,step_gap,current_review,0,32,64.0,5387
srt_h1024,step_gap,current_review,0,64,128.0,1178
srt_h1024,step_gap,current_review,0,128,256.0,0
srt_h1024,step_gap,current_review,0,256,512.0,0
srt_h1024,step_gap,current_review,0,512,1024.0,0
srt_h1024,step_gap,current_review,0,1024,2048.0,0
srt_h1024,step_gap,current_review,0,2048,4096.0,0
srt_h1024,step_gap,current_review,0,4096,8192.0,0
srt_h1024,step_gap,current_review,0,8192,16384.0,0
srt_h1024,step_gap,current_review,0,16384,32768.0,0
srt_h1024,step_gap,current_review,0,32768,65536.0,0
srt_h1024,step_gap,current_review,0,65536,131072.0,0
srt_h1024,step_gap,current_review,0,131072,262144.0,0
srt_h1024,step_gap,current_review,0,262144,524288.0,0
srt_h1024,step_gap,current_review,0,524288,1048576.0,0
srt_h1024,step_gap,current_review,0,1048576,2097152.0,0
srt_h1024,step_gap,current_review,0,2097152,4194304.0,0
srt_h1024,step_gap,current_review,0,4194304,8388608.0,0
srt_h1024,step_gap,current_review,0,8388608,16777216.0,0
srt_h1024,step_gap,current_review,0,16777216,33554432.0,0
srt_h1024,step_gap,current_review,0,33554432,67108864.0,0
srt_h1024,step_gap,current_review,0,67108864,134217728.0,0
srt_h1024,step_gap,current_review,0,134217728,268435456.0,0
srt_h1024,step_gap,current_review,0,268435456,536870912.0,0
srt_h1024,step_gap,current_review,0,536870912,1073741824.0,0
srt_h1024,step_gap,current_review,0,1073741824,2147483648.0,0
srt_h1024,step_gap,current_review,0,2147483648,4294967296.0,0
srt_h1024,step_gap,current_review,0,4294967296,8589934592.0,0
srt_h1024,step_gap,current_review,0,8589934592,17179869184.0,0
srt_h1024,step_gap,current_review,0,17179869184,34359738368.0,0
srt_h1024,step_gap,current_review,0,34359738368,68719476736.0,0
srt_h1024,step_gap,current_review,0,68719476736,137438953472.0,0
srt_h1024,step_gap,current_review,0,137438953472,274877906944.0,0
srt_h1024,step_gap,current_review,0,274877906944,549755813888.0,0
srt_h1024,step_gap,current_review,0,549755813888,1099511627776.0,0
srt_h1024,step_gap,current_review,0,1099511627776,,0
srt_h1024,step_gap,current_review,1,0,1.0,0
srt_h1024,step_gap,current_review,1,1,2.0,0
srt_h1024,step_gap,current_review,1,2,4.0,0
srt_h1024,step_gap,current_review,1,4,8.0,4
srt_h1024,step_gap,current_review,1,8,16.0,2261
srt_h1024,step_gap,current_review,1,16,32.0,1111
srt_h1024,step_gap,current_review,1,32,64.0,699
srt_h1024,step_gap,current_review,1,64,128.0,113
srt_h1024,step_gap,current_review,1,128,256.0,0
srt_h1024,step_gap,current_review,1,256,512.0,0
srt_h1024,step_gap,current_review,1,512,1024.0,0
srt_h1024,step_gap,current_review,1,1024,2048.0,0
srt_h1024,step_gap,current_review,1,2048,4096.0,0
srt_h1024,step_gap,current_review,1,4096,8192.0,0
srt_h1024,step_gap,current_review,1,8192,16384.0,0
srt_h1024,step_gap,current_review,1,16384,32768.0,0
srt_h1024,step_gap,current_review,1,32768,65536.0,0
srt_h1024,step_gap,current_review,1,65536,131072.0,0
srt_h1024,step_gap,current_review,1,131072,262144.0,0
srt_h1024,step_gap,current_review,1,262144,524288.0,0
srt_h1024,step_gap,current_review,1,524288,1048576.0,0
srt_h1024,step_gap,current_review,1,1048576,2097152.0,0
srt_h1024,step_gap,current_review,1,2097152,4194304.0,0
srt_h1024,step_gap,current_review,1,4194304,8388608.0,0
srt_h1024,step_gap,current_review,1,8388608,16777216.0,0
srt_h1024,step_gap,current_review,1,16777216,33554432.0,0
srt_h1024,step_gap,current_review,1,33554432,67108864.0,0
srt_h1024,step_gap,current_review,1,67108864,134217728.0,0
srt_h1024,step_gap,current_review,1,134217728,268435456.0,0
srt_h1024,step_gap,current_review,1,268435456,536870912.0,0
srt_h1024,step_gap,current_review,1,536870912,1073741824.0,0
srt_h1024,step_gap,current_review,1,1073741824,2147483648.0,0
srt_h1024,step_gap,current_review,1,2147483648,4294967296.0,0
srt_h1024,step_gap,current_review,1,4294967296,8589934592.0,0
srt_h1024,step_gap,current_review,1,8589934592,17179869184.0,0
srt_h1024,step_gap,current_review,1,17179869184,34359738368.0,0
srt_h1024,step_gap,current_review,1,34359738368,68719476736.0,0
srt_h1024,step_gap,current_review,1,68719476736,137438953472.0,0
srt_h1024,step_gap,current_review,1,137438953472,274877906944.0,0
srt_h1024,step_gap,current_review,1,274877906944,549755813888.0,0
srt_h1024,step_gap,current_review,1,549755813888,1099511627776.0,0
srt_h1024,step_gap,current_review,1,1099511627776,,0
srt_h1024,step_gap,current_review,2,0,1.0,0
srt_h1024,step_gap,current_review,2,1,2.0,0
srt_h1024,step_gap,current_review,2,2,4.0,0
srt_h1024,step_gap,current_review,2,4,8.0,8
srt_h1024,step_gap,current_review,2,8,16.0,2691
srt_h1024,step_gap,current_review,2,16,32.0,1189
srt_h1024,step_gap,current_review,2,32,64.0,588
srt_h1024,step_gap,current_review,2,64,128.0,97
srt_h1024,step_gap,current_review,2,128,256.0,0
srt_h1024,step_gap,current_review,2,256,512.0,0
srt_h1024,step_gap,current_review,2,512,1024.0,0
srt_h1024,step_gap,current_review,2,1024,2048.0,0
srt_h1024,step_gap,current_review,2,2048,4096.0,0
srt_h1024,step_gap,current_review,2,4096,8192.0,0
srt_h1024,step_gap,current_review,2,8192,16384.0,0
srt_h1024,step_gap,current_review,2,16384,32768.0,0
srt_h1024,step_gap,current_review,2,32768,65536.0,0
srt_h1024,step_gap,current_review,2,65536,131072.0,0
srt_h1024,step_gap,current_review,2,131072,262144.0,0
srt_h1024,step_gap,current_review,2,262144,524288.0,0
srt_h1024,step_gap,current_review,2,524288,1048576.0,0
srt_h1024,step_gap,current_review,2,1048576,2097152.0,0
srt_h1024,step_gap,current_review,2,2097152,4194304.0,0
srt_h1024,step_gap,current_review,2,4194304,8388608.0,0
srt_h1024,step_gap,current_review,2,8388608,16777216.0,0
srt_h1024,step_gap,current_review,2,16777216,33554432.0,0
srt_h1024,step_gap,current_review,2,33554432,67108864.0,0
srt_h1024,step_gap,current_review,2,67108864,134217728.0,0
srt_h1024,step_gap,current_review,2,134217728,268435456.0,0
srt_h1024,step_gap,current_review,2,268435456,536870912.0,0
srt_h1024,step_gap,current_review,2,536870912,1073741824.0,0
srt_h1024,step_gap,current_review,2,1073741824,2147483648.0,0
srt_h1024,step_gap,current_review,2,2147483648,4294967296.0,0
srt_h1024,step_gap,current_review,2,4294967296,8589934592.0,0
srt_h1024,step_gap,current_review,2,8589934592,17179869184.0,0
srt_h1024,step_gap,current_review,2,17179869184,34359738368.0,0
srt_h1024,step_gap,current_review,2,34359738368,68719476736.0,0
srt_h1024,step_gap,current_review,2,68719476736,137438953472.0,0
srt_h1024,step_gap,current_review,2,137438953472,274877906944.0,0
srt_h1024,step_gap,current_review,2,274877906944,549755813888.0,0
srt_h1024,step_gap,current_review,2,549755813888,1099511627776.0,0
srt_h1024,step_gap,current_review,2,1099511627776,,0
srt_h1024,step_gap,current_review,3,0,1.0,0
srt_h1024,step_gap,current_review,3,1,2.0,0
srt_h1024,step_gap,current_review,3,2,4.0,0
srt_h1024,step_gap,current_review,3,4,8.0,1
srt_h1024,step_gap,current_review,3,8,16.0,1710
srt_h1024,step_gap,current_review,3,16,32.0,892
srt_h1024,step_gap,current_review,3,32,64.0,1112
srt_h1024,step_gap,current_review,3,64,128.0,182
srt_h1024,step_gap,current_review,3,128,256.0,0
srt_h1024,step_gap,current_review,3,256,512.0,0
srt_h1024,step_gap,current_review,3,512,1024.0,0
srt_h1024,step_gap,current_review,3,1024,2048.0,0
srt_h1024,step_gap,current_review,3,2048,4096.0,0
srt_h1024,step_gap,current_review,3,4096,8192.0,0
srt_h1024,step_gap,current_review,3,8192,16384.0,0
srt_h1024,step_gap,current_review,3,16384,32768.0,0
srt_h1024,step_gap,current_review,3,32768,65536.0,0
srt_h1024,step_gap,current_review,3,65536,131072.0,0
srt_h1024,step_gap,current_review,3,131072,262144.0,0
srt_h1024,step_gap,current_review,3,262144,524288.0,0
srt_h1024,step_gap,current_review,3,524288,1048576.0,0
srt_h1024,step_gap,current_review,3,1048576,2097152.0,0
srt_h1024,step_gap,current_review,3,2097152,4194304.0,0
srt_h1024,step_gap,current_review,3,4194304,8388608.0,0
srt_h1024,step_gap,current_review,3,8388608,16777216.0,0
srt_h1024,step_gap,current_review,3,16777216,33554432.0,0
srt_h1024,step_gap,current_review,3,33554432,67108864.0,0
srt_h1024,step_gap,current_review,3,67108864,134217728.0,0
srt_h1024,step_gap,current_review,3,134217728,268435456.0,0
srt_h1024,step_gap,current_review,3,268435456,536870912.0,0
srt_h1024,step_gap,current_review,3,536870912,1073741824.0,0
srt_h1024,step_gap,current_review,3,1073741824,2147483648.0,0
srt_h1024,step_gap,current_review,3,2147483648,4294967296.0,0
srt_h1024,step_gap,current_review,3,4294967296,8589934592.0,0
srt_h1024,step_gap,current_review,3,8589934592,17179869184.0,0
srt_h1024,step_gap,current_review,3,17179869184,34359738368.0,0
srt_h1024,step_gap,current_review,3,34359738368,68719476736.0,0
srt_h1024,step_gap,current_review,3,68719476736,137438953472.0,0
srt_h1024,step_gap,current_review,3,137438953472,274877906944.0,0
srt_h1024,step_gap,current_review,3,274877906944,549755813888.0,0
srt_h1024,step_gap,current_review,3,549755813888,1099511627776.0,0
srt_h1024,step_gap,current_review,3,1099511627776,,0
srt_h1024,step_gap,current_review,4,0,1.0,0
srt_h1024,step_gap,current_review,4,1,2.0,0
srt_h1024,step_gap,current_review,4,2,4.0,0
srt_h1024,step_gap,current_review,4,4,8.0,1
srt_h1024,step_gap,current_review,4,8,16.0,1517
srt_h1024,step_gap,current_review,4,16,32.0,783
srt_h1024,step_gap,current_review,4,32,64.0,1156
srt_h1024,step_gap,current_review,4,64,128.0,224
srt_h1024,step_gap,current_review,4,128,256.0,5
srt_h1024,step_gap,current_review,4,256,512.0,0
srt_h1024,step_gap,current_review,4,512,1024.0,0
srt_h1024,step_gap,current_review,4,1024,2048.0,0
srt_h1024,step_gap,current_review,4,2048,4096.0,0
srt_h1024,step_gap,current_review,4,4096,8192.0,0
srt_h1024,step_gap,current_review,4,8192,16384.0,0
srt_h1024,step_gap,current_review,4,16384,32768.0,0
srt_h1024,step_gap,current_review,4,32768,65536.0,0
srt_h1024,step_gap,current_review,4,65536,131072.0,0
srt_h1024,step_gap,current_review,4,131072,262144.0,0
srt_h1024,step_gap,current_review,4,262144,524288.0,0
srt_h1024,step_gap,current_review,4,524288,1048576.0,0
srt_h1024,step_gap,current_review,4,1048576,2097152.0,0
srt_h1024,step_gap,current_review,4,2097152,4194304.0,0
srt_h1024,step_gap,current_review,4,4194304,8388608.0,0
srt_h1024,step_gap,current_review,4,8388608,16777216.0,0
srt_h1024,step_gap,current_review,4,16777216,33554432.0,0
srt_h1024,step_gap,current_review,4,33554432,67108864.0,0
srt_h1024,step_gap,current_review,4,67108864,134217728.0,0
srt_h1024,step_gap,current_review,4,134217728,268435456.0,0
srt_h1024,step_gap,current_review,4,268435456,536870912.0,0
srt_h1024,step_gap,current_review,4,536870912,1073741824.0,0
srt_h1024,step_gap,current_review,4,1073741824,2147483648.0,0
srt_h1024,step_gap,current_review,4,2147483648,4294967296.0,0
srt_h1024,step_gap,current_review,4,4294967296,8589934592.0,0
srt_h1024,step_gap,current_review,4,8589934592,17179869184.0,0
srt_h1024,step_gap,current_review,4,17179869184,34359738368.0,0
srt_h1024,step_gap,current_review,4,34359738368,68719476736.0,0
srt_h1024,step_gap,current_review,4,68719476736,137438953472.0,0
srt_h1024,step_gap,current_review,4,137438953472,274877906944.0,0
srt_h1024,step_gap,current_review,4,274877906944,549755813888.0,0
srt_h1024,step_gap,current_review,4,549755813888,1099511627776.0,0
srt_h1024,step_gap,current_review,4,1099511627776,,0
srt_h1024,step_gap,current_review,5,0,1.0,0
srt_h1024,step_gap,current_review,5,1,2.0,0
srt_h1024,step_gap,current_review,5,2,4.0,0
srt_h1024,step_gap,current_review,5,4,8.0,29
srt_h1024,step_gap,current_review,5,8,16.0,8314
srt_h1024,step_gap,current_review,5,16,32.0,5715
srt_h1024,step_gap,current_review,5,32,64.0,9871
srt_h1024,step_gap,current_review,5,64,128.0,1563
srt_h1024,step_gap,current_review,5,128,256.0,143
srt_h1024,step_gap,current_review,5,256,512.0,0
srt_h1024,step_gap,current_review,5,512,1024.0,0
srt_h1024,step_gap,current_review,5,1024,2048.0,0
srt_h1024,step_gap,current_review,5,2048,4096.0,0
srt_h1024,step_gap,current_review,5,4096,8192.0,0
srt_h1024,step_gap,current_review,5,8192,16384.0,0
srt_h1024,step_gap,current_review,5,16384,32768.0,0
srt_h1024,step_gap,current_review,5,32768,65536.0,0
srt_h1024,step_gap,current_review,5,65536,131072.0,0
srt_h1024,step_gap,current_review,5,131072,262144.0,0
srt_h1024,step_gap,current_review,5,262144,524288.0,0
srt_h1024,step_gap,current_review,5,524288,1048576.0,0
srt_h1024,step_gap,current_review,5,1048576,2097152.0,0
srt_h1024,step_gap,current_review,5,2097152,4194304.0,0
srt_h1024,step_gap,current_review,5,4194304,8388608.0,0
srt_h1024,step_gap,current_review,5,8388608,16777216.0,0
srt_h1024,step_gap,current_review,5,16777216,33554432.0,0
srt_h1024,step_gap,current_review,5,33554432,67108864.0,0
srt_h1024,step_gap,current_review,5,67108864,134217728.0,0
srt_h1024,step_gap,current_review,5,134217728,268435456.0,0
srt_h1024,step_gap,current_review,5,268435456,536870912.0,0
srt_h1024,step_gap,current_review,5,536870912,1073741824.0,0
srt_h1024,step_gap,current_review,5,1073741824,2147483648.0,0
srt_h1024,step_gap,current_review,5,2147483648,4294967296.0,0
srt_h1024,step_gap,current_review,5,4294967296,8589934592.0,0
srt_h1024,step_gap,current_review,5,8589934592,17179869184.0,0
srt_h1024,step_gap,current_review,5,17179869184,34359738368.0,0
srt_h1024,step_gap,current_review,5,34359738368,68719476736.0,0
srt_h1024,step_gap,current_review,5,68719476736,137438953472.0,0
srt_h1024,step_gap,current_review,5,137438953472,274877906944.0,0
srt_h1024,step_gap,current_review,5,274877906944,549755813888.0,0
srt_h1024,step_gap,current_review,5,549755813888,1099511627776.0,0
srt_h1024,step_gap,current_review,5,1099511627776,,0
srt_h1024,step_gap,current_review,all,0,1.0,0
srt_h1024,step_gap,current_review,all,1,2.0,0
srt_h1024,step_gap,current_review,all,2,4.0,0
srt_h1024,step_gap,current_review,all,4,8.0,63
srt_h1024,step_gap,current_review,all,8,16.0,25980
srt_h1024,step_gap,current_review,all,16,32.0,16457
srt_h1024,step_gap,current_review,all,32,64.0,18813
srt_h1024,step_gap,current_review,all,64,128.0,3357
srt_h1024,step_gap,current_review,all,128,256.0,148
srt_h1024,step_gap,current_review,all,256,512.0,0
srt_h1024,step_gap,current_review,all,512,1024.0,0
srt_h1024,step_gap,current_review,all,1024,2048.0,0
srt_h1024,step_gap,current_review,all,2048,4096.0,0
srt_h1024,step_gap,current_review,all,4096,8192.0,0
srt_h1024,step_gap,current_review,all,8192,16384.0,0
srt_h1024,step_gap,current_review,all,16384,32768.0,0
srt_h1024,step_gap,current_review,all,32768,65536.0,0
srt_h1024,step_gap,current_review,all,65536,131072.0,0
srt_h1024,step_gap,current_review,all,131072,262144.0,0
srt_h1024,step_gap,current_review,all,262144,524288.0,0
srt_h1024,step_gap,current_review,all,524288,1048576.0,0
srt_h1024,step_gap,current_review,all,1048576,2097152.0,0
srt_h1024,step_gap,current_review,all,2097152,4194304.0,0
srt_h1024,step_gap,current_review,all,4194304,8388608.0,0
srt_h1024,step_gap,current_review,all,8388608,16777216.0,0
srt_h1024,step_gap,current_review,all,16777216,33554432.0,0
srt_h1024,step_gap,current_review,all,33554432,67108864.0,0
srt_h1024,step_gap,current_review,all,67108864,134217728.0,0
srt_h1024,step_gap,current_review,all,134217728,268435456.0,0
srt_h1024,step_gap,current_review,all,268435456,536870912.0,0
srt_h1024,step_gap,current_review,all,536870912,1073741824.0,0
srt_h1024,step_gap,current_review,all,1073741824,2147483648.0,0
srt_h1024,step_gap,current_review,all,2147483648,4294967296.0,0
srt_h1024,step_gap,current_review,all,4294967296,8589934592.0,0
srt_h1024,step_gap,current_review,all,8589934592,17179869184.0,0
srt_h1024,step_gap,current_review,all,17179869184,34359738368.0,0
srt_h1024,step_gap,current_review,all,34359738368,68719476736.0,0
srt_h1024,step_gap,current_review,all,68719476736,137438953472.0,0
srt_h1024,step_gap,current_review,all,137438953472,274877906944.0,0
srt_h1024,step_gap,current_review,all,274877906944,549755813888.0,0
srt_h1024,step_gap,current_review,all,549755813888,1099511627776.0,0
srt_h1024,step_gap,current_review,all,1099511627776,,0
srt_h1024,step_gap,historical,0,0,1.0,0
srt_h1024,step_gap,historical,0,1,2.0,0
srt_h1024,step_gap,historical,0,2,4.0,0
srt_h1024,step_gap,historical,0,4,8.0,1
srt_h1024,step_gap,historical,0,8,16.0,6213
srt_h1024,step_gap,historical,0,16,32.0,3842
srt_h1024,step_gap,historical,0,32,64.0,5021
srt_h1024,step_gap,historical,0,64,128.0,6042
srt_h1024,step_gap,historical,0,128,256.0,5948
srt_h1024,step_gap,historical,0,256,512.0,3803
srt_h1024,step_gap,historical,0,512,1024.0,1180
srt_h1024,step_gap,historical,0,1024,2048.0,70
srt_h1024,step_gap,historical,0,2048,4096.0,0
srt_h1024,step_gap,historical,0,4096,8192.0,0
srt_h1024,step_gap,historical,0,8192,16384.0,0
srt_h1024,step_gap,historical,0,16384,32768.0,0
srt_h1024,step_gap,historical,0,32768,65536.0,0
srt_h1024,step_gap,historical,0,65536,131072.0,0
srt_h1024,step_gap,historical,0,131072,262144.0,0
srt_h1024,step_gap,historical,0,262144,524288.0,0
srt_h1024,step_gap,historical,0,524288,1048576.0,0
srt_h1024,step_gap,historical,0,1048576,2097152.0,0
srt_h1024,step_gap,historical,0,2097152,4194304.0,0
srt_h1024,step_gap,historical,0,4194304,8388608.0,0
srt_h1024,step_gap,historical,0,8388608,16777216.0,0
srt_h1024,step_gap,historical,0,16777216,33554432.0,0
srt_h1024,step_gap,historical,0,33554432,67108864.0,0
srt_h1024,step_gap,historical,0,67108864,134217728.0,0
srt_h1024,step_gap,historical,0,134217728,268435456.0,0
srt_h1024,step_gap,historical,0,268435456,536870912.0,0
srt_h1024,step_gap,historical,0,536870912,1073741824.0,0
srt_h1024,step_gap,historical,0,1073741824,2147483648.0,0
srt_h1024,step_gap,historical,0,2147483648,4294967296.0,0
srt_h1024,step_gap,historical,0,4294967296,8589934592.0,0
srt_h1024,step_gap,historical,0,8589934592,17179869184.0,0
srt_h1024,step_gap,historical,0,17179869184,34359738368.0,0
srt_h1024,step_gap,historical,0,34359738368,68719476736.0,0
srt_h1024,step_gap,historical,0,68719476736,137438953472.0,0
srt_h1024,step_gap,historical,0,137438953472,274877906944.0,0
srt_h1024,step_gap,historical,0,274877906944,549755813888.0,0
srt_h1024,step_gap,historical,0,549755813888,1099511627776.0,0
srt_h1024,step_gap,historical,0,1099511627776,,0
srt_h1024,step_gap,historical,1,0,1.0,0
srt_h1024,step_gap,historical,1,1,2.0,0
srt_h1024,step_gap,historical,1,2,4.0,0
srt_h1024,step_gap,historical,1,4,8.0,1
srt_h1024,step_gap,historical,1,8,16.0,2949
srt_h1024,step_gap,historical,1,16,32.0,2070
srt_h1024,step_gap,historical,1,32,64.0,2634
srt_h1024,step_gap,historical,1,64,128.0,2993
srt_h1024,step_gap,historical,1,128,256.0,2781
srt_h1024,step_gap,historical,1,256,512.0,1789
srt_h1024,step_gap,historical,1,512,1024.0,524
srt_h1024,step_gap,historical,1,1024,2048.0,36
srt_h1024,step_gap,historical,1,2048,4096.0,0
srt_h1024,step_gap,historical,1,4096,8192.0,0
srt_h1024,step_gap,historical,1,8192,16384.0,0
srt_h1024,step_gap,historical,1,16384,32768.0,0
srt_h1024,step_gap,historical,1,32768,65536.0,0
srt_h1024,step_gap,historical,1,65536,131072.0,0
srt_h1024,step_gap,historical,1,131072,262144.0,0
srt_h1024,step_gap,historical,1,262144,524288.0,0
srt_h1024,step_gap,historical,1,524288,1048576.0,0
srt_h1024,step_gap,historical,1,1048576,2097152.0,0
srt_h1024,step_gap,historical,1,2097152,4194304.0,0
srt_h1024,step_gap,historical,1,4194304,8388608.0,0
srt_h1024,step_gap,historical,1,8388608,16777216.0,0
srt_h1024,step_gap,historical,1,16777216,33554432.0,0
srt_h1024,step_gap,historical,1,33554432,67108864.0,0
srt_h1024,step_gap,historical,1,67108864,134217728.0,0
srt_h1024,step_gap,historical,1,134217728,268435456.0,0
srt_h1024,step_gap,historical,1,268435456,536870912.0,0
srt_h1024,step_gap,historical,1,536870912,1073741824.0,0
srt_h1024,step_gap,historical,1,1073741824,2147483648.0,0
srt_h1024,step_gap,historical,1,2147483648,4294967296.0,0
srt_h1024,step_gap,historical,1,4294967296,8589934592.0,0
srt_h1024,step_gap,historical,1,8589934592,17179869184.0,0
srt_h1024,step_gap,historical,1,17179869184,34359738368.0,0
srt_h1024,step_gap,historical,1,34359738368,68719476736.0,0
srt_h1024,step_gap,historical,1,68719476736,137438953472.0,0
srt_h1024,step_gap,historical,1,137438953472,274877906944.0,0
srt_h1024,step_gap,historical,1,274877906944,549755813888.0,0
srt_h1024,step_gap,historical,1,549755813888,1099511627776.0,0
srt_h1024,step_gap,historical,1,1099511627776,,0
srt_h1024,step_gap,historical,2,0,1.0,0
srt_h1024,step_gap,historical,2,1,2.0,0
srt_h1024,step_gap,historical,2,2,4.0,0
srt_h1024,step_gap,historical,2,4,8.0,1
srt_h1024,step_gap,historical,2,8,16.0,4131
srt_h1024,step_gap,historical,2,16,32.0,2525
srt_h1024,step_gap,historical,2,32,64.0,3135
srt_h1024,step_gap,historical,2,64,128.0,3541
srt_h1024,step_gap,historical,2,128,256.0,3362
srt_h1024,step_gap,historical,2,256,512.0,2222
srt_h1024,step_gap,historical,2,512,1024.0,647
srt_h1024,step_gap,historical,2,1024,2048.0,36
srt_h1024,step_gap,historical,2,2048,4096.0,0
srt_h1024,step_gap,historical,2,4096,8192.0,0
srt_h1024,step_gap,historical,2,8192,16384.0,0
srt_h1024,step_gap,historical,2,16384,32768.0,0
srt_h1024,step_gap,historical,2,32768,65536.0,0
srt_h1024,step_gap,historical,2,65536,131072.0,0
srt_h1024,step_gap,historical,2,131072,262144.0,0
srt_h1024,step_gap,historical,2,262144,524288.0,0
srt_h1024,step_gap,historical,2,524288,1048576.0,0
srt_h1024,step_gap,historical,2,1048576,2097152.0,0
srt_h1024,step_gap,historical,2,2097152,4194304.0,0
srt_h1024,step_gap,historical,2,4194304,8388608.0,0
srt_h1024,step_gap,historical,2,8388608,16777216.0,0
srt_h1024,step_gap,historical,2,16777216,33554432.0,0
srt_h1024,step_gap,historical,2,33554432,67108864.0,0
srt_h1024,step_gap,historical,2,67108864,134217728.0,0
srt_h1024,step_gap,historical,2,134217728,268435456.0,0
srt_h1024,step_gap,historical,2,268435456,536870912.0,0
srt_h1024,step_gap,historical,2,536870912,1073741824.0,0
srt_h1024,step_gap,historical,2,1073741824,2147483648.0,0
srt_h1024,step_gap,historical,2,2147483648,4294967296.0,0
srt_h1024,step_gap,historical,2,4294967296,8589934592.0,0
srt_h1024,step_gap,historical,2,8589934592,17179869184.0,0
srt_h1024,step_gap,historical,2,17179869184,34359738368.0,0
srt_h1024,step_gap,historical,2,34359738368,68719476736.0,0
srt_h1024,step_gap,historical,2,68719476736,137438953472.0,0
srt_h1024,step_gap,historical,2,137438953472,274877906944.0,0
srt_h1024,step_gap,historical,2,274877906944,549755813888.0,0
srt_h1024,step_gap,historical,2,549755813888,1099511627776.0,0
srt_h1024,step_gap,historical,2,1099511627776,,0
srt_h1024,step_gap,historical,3,0,1.0,0
srt_h1024,step_gap,historical,3,1,2.0,0
srt_h1024,step_gap,historical,3,2,4.0,0
srt_h1024,step_gap,historical,3,4,8.0,0
srt_h1024,step_gap,historical,3,8,16.0,1746
srt_h1024,step_gap,historical,3,16,32.0,1146
srt_h1024,step_gap,historical,3,32,64.0,3049
srt_h1024,step_gap,historical,3,64,128.0,5597
srt_h1024,step_gap,historical,3,128,256.0,5145
srt_h1024,step_gap,historical,3,256,512.0,3549
srt_h1024,step_gap,historical,3,512,1024.0,1407
srt_h1024,step_gap,historical,3,1024,2048.0,299
srt_h1024,step_gap,historical,3,2048,4096.0,42
srt_h1024,step_gap,historical,3,4096,8192.0,0
srt_h1024,step_gap,historical,3,8192,16384.0,0
srt_h1024,step_gap,historical,3,16384,32768.0,0
srt_h1024,step_gap,historical,3,32768,65536.0,0
srt_h1024,step_gap,historical,3,65536,131072.0,0
srt_h1024,step_gap,historical,3,131072,262144.0,0
srt_h1024,step_gap,historical,3,262144,524288.0,0
srt_h1024,step_gap,historical,3,524288,1048576.0,0
srt_h1024,step_gap,historical,3,1048576,2097152.0,0
srt_h1024,step_gap,historical,3,2097152,4194304.0,0
srt_h1024,step_gap,historical,3,4194304,8388608.0,0
srt_h1024,step_gap,historical,3,8388608,16777216.0,0
srt_h1024,step_gap,historical,3,16777216,33554432.0,0
srt_h1024,step_gap,historical,3,33554432,67108864.0,0
srt_h1024,step_gap,historical,3,67108864,134217728.0,0
srt_h1024,step_gap,historical,3,134217728,268435456.0,0
srt_h1024,step_gap,historical,3,268435456,536870912.0,0
srt_h1024,step_gap,historical,3,536870912,1073741824.0,0
srt_h1024,step_gap,historical,3,1073741824,2147483648.0,0
srt_h1024,step_gap,historical,3,2147483648,4294967296.0,0
srt_h1024,step_gap,historical,3,4294967296,8589934592.0,0
srt_h1024,step_gap,historical,3,8589934592,17179869184.0,0
srt_h1024,step_gap,historical,3,17179869184,34359738368.0,0
srt_h1024,step_gap,historical,3,34359738368,68719476736.0,0
srt_h1024,step_gap,historical,3,68719476736,137438953472.0,0
srt_h1024,step_gap,historical,3,137438953472,274877906944.0,0
srt_h1024,step_gap,historical,3,274877906944,549755813888.0,0
srt_h1024,step_gap,historical,3,549755813888,1099511627776.0,0
srt_h1024,step_gap,historical,3,1099511627776,,0
srt_h1024,step_gap,historical,4,0,1.0,0
srt_h1024,step_gap,historical,4,1,2.0,0
srt_h1024,step_gap,historical,4,2,4.0,0
srt_h1024,step_gap,historical,4,4,8.0,1
srt_h1024,step_gap,historical,4,8,16.0,1565
srt_h1024,step_gap,historical,4,16,32.0,960
srt_h1024,step_gap,historical,4,32,64.0,2649
srt_h1024,step_gap,historical,4,64,128.0,5205
srt_h1024,step_gap,historical,4,128,256.0,5055
srt_h1024,step_gap,historical,4,256,512.0,3584
srt_h1024,step_gap,historical,4,512,1024.0,1499
srt_h1024,step_gap,historical,4,1024,2048.0,397
srt_h1024,step_gap,historical,4,2048,4096.0,59
srt_h1024,step_gap,historical,4,4096,8192.0,0
srt_h1024,step_gap,historical,4,8192,16384.0,0
srt_h1024,step_gap,historical,4,16384,32768.0,0
srt_h1024,step_gap,historical,4,32768,65536.0,0
srt_h1024,step_gap,historical,4,65536,131072.0,0
srt_h1024,step_gap,historical,4,131072,262144.0,0
srt_h1024,step_gap,historical,4,262144,524288.0,0
srt_h1024,step_gap,historical,4,524288,1048576.0,0
srt_h1024,step_gap,historical,4,1048576,2097152.0,0
srt_h1024,step_gap,historical,4,2097152,4194304.0,0
srt_h1024,step_gap,historical,4,4194304,8388608.0,0
srt_h1024,step_gap,historical,4,8388608,16777216.0,0
srt_h1024,step_gap,historical,4,16777216,33554432.0,0
srt_h1024,step_gap,historical,4,33554432,67108864.0,0
srt_h1024,step_gap,historical,4,67108864,134217728.0,0
srt_h1024,step_gap,historical,4,134217728,268435456.0,0
srt_h1024,step_gap,historical,4,268435456,536870912.0,0
srt_h1024,step_gap,historical,4,536870912,1073741824.0,0
srt_h1024,step_gap,historical,4,1073741824,2147483648.0,0
srt_h1024,step_gap,historical,4,2147483648,4294967296.0,0
srt_h1024,step_gap,historical,4,4294967296,8589934592.0,0
srt_h1024,step_gap,historical,4,8589934592,17179869184.0,0
srt_h1024,step_gap,historical,4,17179869184,34359738368.0,0
srt_h1024,step_gap,historical,4,34359738368,68719476736.0,0
srt_h1024,step_gap,historical,4,68719476736,137438953472.0,0
srt_h1024,step_gap,historical,4,137438953472,274877906944.0,0
srt_h1024,step_gap,historical,4,274877906944,549755813888.0,0
srt_h1024,step_gap,historical,4,549755813888,1099511627776.0,0
srt_h1024,step_gap,historical,4,1099511627776,,0
srt_h1024,step_gap,historical,5,0,1.0,0
srt_h1024,step_gap,historical,5,1,2.0,0
srt_h1024,step_gap,historical,5,2,4.0,0
srt_h1024,step_gap,historical,5,4,8.0,4
srt_h1024,step_gap,historical,5,8,16.0,4361
srt_h1024,step_gap,historical,5,16,32.0,2386
srt_h1024,step_gap,historical,5,32,64.0,9228
srt_h1024,step_gap,historical,5,64,128.0,20541
srt_h1024,step_gap,historical,5,128,256.0,23772
srt_h1024,step_gap,historical,5,256,512.0,20339
srt_h1024,step_gap,historical,5,512,1024.0,9408
srt_h1024,step_gap,historical,5,1024,2048.0,4376
srt_h1024,step_gap,historical,5,2048,4096.0,684
srt_h1024,step_gap,historical,5,4096,8192.0,0
srt_h1024,step_gap,historical,5,8192,16384.0,0
srt_h1024,step_gap,historical,5,16384,32768.0,0
srt_h1024,step_gap,historical,5,32768,65536.0,0
srt_h1024,step_gap,historical,5,65536,131072.0,0
srt_h1024,step_gap,historical,5,131072,262144.0,0
srt_h1024,step_gap,historical,5,262144,524288.0,0
srt_h1024,step_gap,historical,5,524288,1048576.0,0
srt_h1024,step_gap,historical,5,1048576,2097152.0,0
srt_h1024,step_gap,historical,5,2097152,4194304.0,0
srt_h1024,step_gap,historical,5,4194304,8388608.0,0
srt_h1024,step_gap,historical,5,8388608,16777216.0,0
srt_h1024,step_gap,historical,5,16777216,33554432.0,0
srt_h1024,step_gap,historical,5,33554432,67108864.0,0
srt_h1024,step_gap,historical,5,67108864,134217728.0,0
srt_h1024,step_gap,historical,5,134217728,268435456.0,0
srt_h1024,step_gap,historical,5,268435456,536870912.0,0
srt_h1024,step_gap,historical,5,536870912,1073741824.0,0
srt_h1024,step_gap,historical,5,1073741824,2147483648.0,0
srt_h1024,step_gap,historical,5,2147483648,4294967296.0,0
srt_h1024,step_gap,historical,5,4294967296,8589934592.0,0
srt_h1024,step_gap,historical,5,8589934592,17179869184.0,0
srt_h1024,step_gap,historical,5,17179869184,34359738368.0,0
srt_h1024,step_gap,historical,5,34359738368,68719476736.0,0
srt_h1024,step_gap,historical,5,68719476736,137438953472.0,0
srt_h1024,step_gap,historical,5,137438953472,274877906944.0,0
srt_h1024,step_gap,historical,5,274877906944,549755813888.0,0
srt_h1024,step_gap,historical,5,549755813888,1099511627776.0,0
srt_h1024,step_gap,historical,5,1099511627776,,0
srt_h1024,step_gap,historical,all,0,1.0,0
srt_h1024,step_gap,historical,all,1,2.0,0
srt_h1024,step_gap,historical,all,2,4.0,0
srt_h1024,step_gap,historical,all,4,8.0,8
srt_h1024,step_gap,historical,all,8,16.0,20965
srt_h1024,step_gap,historical,all,16,32.0,12929
srt_h1024,step_gap,historical,all,32,64.0,25716
srt_h1024,step_gap,historical,all,64,128.0,43919
srt_h1024,step_gap,historical,all,128,256.0,46063
srt_h1024,step_gap,historical,all,256,512.0,35286
srt_h1024,step_gap,historical,all,512,1024.0,14665
srt_h1024,step_gap,historical,all,1024,2048.0,5214
srt_h1024,step_gap,historical,all,2048,4096.0,785
srt_h1024,step_gap,historical,all,4096,8192.0,0
srt_h1024,step_gap,historical,all,8192,16384.0,0
srt_h1024,step_gap,historical,all,16384,32768.0,0
srt_h1024,step_gap,historical,all,32768,65536.0,0
srt_h1024,step_gap,historical,all,65536,131072.0,0
srt_h1024,step_gap,historical,all,131072,262144.0,0
srt_h1024,step_gap,historical,all,262144,524288.0,0
srt_h1024,step_gap,historical,all,524288,1048576.0,0
srt_h1024,step_gap,historical,all,1048576,2097152.0,0
srt_h1024,step_gap,historical,all,2097152,4194304.0,0
srt_h1024,step_gap,historical,all,4194304,8388608.0,0
srt_h1024,step_gap,historical,all,8388608,16777216.0,0
srt_h1024,step_gap,historical,all,16777216,33554432.0,0
srt_h1024,step_gap,historical,all,33554432,67108864.0,0
srt_h1024,step_gap,historical,all,67108864,134217728.0,0
srt_h1024,step_gap,historical,all,134217728,268435456.0,0
srt_h1024,step_gap,historical,all,268435456,536870912.0,0
srt_h1024,step_gap,historical,all,536870912,1073741824.0,0
srt_h1024,step_gap,historical,all,1073741824,2147483648.0,0
srt_h1024,step_gap,historical,all,2147483648,4294967296.0,0
srt_h1024,step_gap,historical,all,4294967296,8589934592.0,0
srt_h1024,step_gap,historical,all,8589934592,17179869184.0,0
srt_h1024,step_gap,historical,all,17179869184,34359738368.0,0
srt_h1024,step_gap,historical,all,34359738368,68719476736.0,0
srt_h1024,step_gap,historical,all,68719476736,137438953472.0,0
srt_h1024,step_gap,historical,all,137438953472,274877906944.0,0
srt_h1024,step_gap,historical,all,274877906944,549755813888.0,0
srt_h1024,step_gap,historical,all,549755813888,1099511627776.0,0
srt_h1024,step_gap,historical,all,1099511627776,,0
uniform_h1024,clock_gap,current_review,all,0,1.0,0
uniform_h1024,clock_gap,current_review,all,1,2.0,2154
uniform_h1024,clock_gap,current_review,all,2,4.0,4166
uniform_h1024,clock_gap,current_review,all,4,8.0,8153
uniform_h1024,clock_gap,current_review,all,8,16.0,14494
uniform_h1024,clock_gap,current_review,all,16,32.0,17353
uniform_h1024,clock_gap,current_review,all,32,64.0,14185
uniform_h1024,clock_gap,current_review,all,64,128.0,4119
uniform_h1024,clock_gap,current_review,all,128,256.0,194
uniform_h1024,clock_gap,current_review,all,256,512.0,0
uniform_h1024,clock_gap,current_review,all,512,1024.0,0
uniform_h1024,clock_gap,current_review,all,1024,2048.0,0
uniform_h1024,clock_gap,current_review,all,2048,4096.0,0
uniform_h1024,clock_gap,current_review,all,4096,8192.0,0
uniform_h1024,clock_gap,current_review,all,8192,16384.0,0
uniform_h1024,clock_gap,current_review,all,16384,32768.0,0
uniform_h1024,clock_gap,current_review,all,32768,65536.0,0
uniform_h1024,clock_gap,current_review,all,65536,131072.0,0
uniform_h1024,clock_gap,current_review,all,131072,262144.0,0
uniform_h1024,clock_gap,current_review,all,262144,524288.0,0
uniform_h1024,clock_gap,current_review,all,524288,1048576.0,0
uniform_h1024,clock_gap,current_review,all,1048576,2097152.0,0
uniform_h1024,clock_gap,current_review,all,2097152,4194304.0,0
uniform_h1024,clock_gap,current_review,all,4194304,8388608.0,0
uniform_h1024,clock_gap,current_review,all,8388608,16777216.0,0
uniform_h1024,clock_gap,current_review,all,16777216,33554432.0,0
uniform_h1024,clock_gap,current_review,all,33554432,67108864.0,0
uniform_h1024,clock_gap,current_review,all,67108864,134217728.0,0
uniform_h1024,clock_gap,current_review,all,134217728,268435456.0,0
uniform_h1024,clock_gap,current_review,all,268435456,536870912.0,0
uniform_h1024,clock_gap,current_review,all,536870912,1073741824.0,0
uniform_h1024,clock_gap,current_review,all,1073741824,2147483648.0,0
uniform_h1024,clock_gap,current_review,all,2147483648,4294967296.0,0
uniform_h1024,clock_gap,current_review,all,4294967296,8589934592.0,0
uniform_h1024,clock_gap,current_review,all,8589934592,17179869184.0,0
uniform_h1024,clock_gap,current_review,all,17179869184,34359738368.0,0
uniform_h1024,clock_gap,current_review,all,34359738368,68719476736.0,0
uniform_h1024,clock_gap,current_review,all,68719476736,137438953472.0,0
uniform_h1024,clock_gap,current_review,all,137438953472,274877906944.0,0
uniform_h1024,clock_gap,current_review,all,274877906944,549755813888.0,0
uniform_h1024,clock_gap,current_review,all,549755813888,1099511627776.0,0
uniform_h1024,clock_gap,current_review,all,1099511627776,,0
uniform_h1024,clock_gap,historical,all,0,1.0,0
uniform_h1024,clock_gap,historical,all,1,2.0,1056
uniform_h1024,clock_gap,historical,all,2,4.0,2045
uniform_h1024,clock_gap,historical,all,4,8.0,3988
uniform_h1024,clock_gap,historical,all,8,16.0,7331
uniform_h1024,clock_gap,historical,all,16,32.0,13619
uniform_h1024,clock_gap,historical,all,32,64.0,24298
uniform_h1024,clock_gap,historical,all,64,128.0,39023
uniform_h1024,clock_gap,historical,all,128,256.0,48137
uniform_h1024,clock_gap,historical,all,256,512.0,41149
uniform_h1024,clock_gap,historical,all,512,1024.0,20937
uniform_h1024,clock_gap,historical,all,1024,2048.0,3889
uniform_h1024,clock_gap,historical,all,2048,4096.0,78
uniform_h1024,clock_gap,historical,all,4096,8192.0,0
uniform_h1024,clock_gap,historical,all,8192,16384.0,0
uniform_h1024,clock_gap,historical,all,16384,32768.0,0
uniform_h1024,clock_gap,historical,all,32768,65536.0,0
uniform_h1024,clock_gap,historical,all,65536,131072.0,0
uniform_h1024,clock_gap,historical,all,131072,262144.0,0
uniform_h1024,clock_gap,historical,all,262144,524288.0,0
uniform_h1024,clock_gap,historical,all,524288,1048576.0,0
uniform_h1024,clock_gap,historical,all,1048576,2097152.0,0
uniform_h1024,clock_gap,historical,all,2097152,4194304.0,0
uniform_h1024,clock_gap,historical,all,4194304,8388608.0,0
uniform_h1024,clock_gap,historical,all,8388608,16777216.0,0
uniform_h1024,clock_gap,historical,all,16777216,33554432.0,0
uniform_h1024,clock_gap,historical,all,33554432,67108864.0,0
uniform_h1024,clock_gap,historical,all,67108864,134217728.0,0
uniform_h1024,clock_gap,historical,all,134217728,268435456.0,0
uniform_h1024,clock_gap,historical,all,268435456,536870912.0,0
uniform_h1024,clock_gap,historical,all,536870912,1073741824.0,0
uniform_h1024,clock_gap,historical,all,1073741824,2147483648.0,0
uniform_h1024,clock_gap,historical,all,2147483648,4294967296.0,0
uniform_h1024,clock_gap,historical,all,4294967296,8589934592.0,0
uniform_h1024,clock_gap,historical,all,8589934592,17179869184.0,0
uniform_h1024,clock_gap,historical,all,17179869184,34359738368.0,0
uniform_h1024,clock_gap,historical,all,34359738368,68719476736.0,0
uniform_h1024,clock_gap,historical,all,68719476736,137438953472.0,0
uniform_h1024,clock_gap,historical,all,137438953472,274877906944.0,0
uniform_h1024,clock_gap,historical,all,274877906944,549755813888.0,0
uniform_h1024,clock_gap,historical,all,549755813888,1099511627776.0,0
uniform_h1024,clock_gap,historical,all,1099511627776,,0
uniform_h1024,presentation_gap,current_review,all,0,1.0,0
uniform_h1024,presentation_gap,current_review,all,1,2.0,0
uniform_h1024,presentation_gap,current_review,all,2,4.0,0
uniform_h1024,presentation_gap,current_review,all,4,8.0,4
uniform_h1024,presentation_gap,current_review,all,8,16.0,15
uniform_h1024,presentation_gap,current_review,all,16,32.0,125
uniform_h1024,presentation_gap,current_review,all,32,64.0,345
uniform_h1024,presentation_gap,current_review,all,64,128.0,2522
uniform_h1024,presentation_gap,current_review,all,128,256.0,4835
uniform_h1024,presentation_gap,current_review,all,256,512.0,9192
uniform_h1024,presentation_gap,current_review,all,512,1024.0,15147
uniform_h1024,presentation_gap,current_review,all,1024,2048.0,17390
uniform_h1024,presentation_gap,current_review,all,2048,4096.0,12489
uniform_h1024,presentation_gap,current_review,all,4096,8192.0,2754
uniform_h1024,presentation_gap,current_review,all,8192,16384.0,0
uniform_h1024,presentation_gap,current_review,all,16384,32768.0,0
uniform_h1024,presentation_gap,current_review,all,32768,65536.0,0
uniform_h1024,presentation_gap,current_review,all,65536,131072.0,0
uniform_h1024,presentation_gap,current_review,all,131072,262144.0,0
uniform_h1024,presentation_gap,current_review,all,262144,524288.0,0
uniform_h1024,presentation_gap,current_review,all,524288,1048576.0,0
uniform_h1024,presentation_gap,current_review,all,1048576,2097152.0,0
uniform_h1024,presentation_gap,current_review,all,2097152,4194304.0,0
uniform_h1024,presentation_gap,current_review,all,4194304,8388608.0,0
uniform_h1024,presentation_gap,current_review,all,8388608,16777216.0,0
uniform_h1024,presentation_gap,current_review,all,16777216,33554432.0,0
uniform_h1024,presentation_gap,current_review,all,33554432,67108864.0,0
uniform_h1024,presentation_gap,current_review,all,67108864,134217728.0,0
uniform_h1024,presentation_gap,current_review,all,134217728,268435456.0,0
uniform_h1024,presentation_gap,current_review,all,268435456,536870912.0,0
uniform_h1024,presentation_gap,current_review,all,536870912,1073741824.0,0
uniform_h1024,presentation_gap,current_review,all,1073741824,2147483648.0,0
uniform_h1024,presentation_gap,current_review,all,2147483648,4294967296.0,0
uniform_h1024,presentation_gap,current_review,all,4294967296,8589934592.0,0
uniform_h1024,presentation_gap,current_review,all,8589934592,17179869184.0,0
uniform_h1024,presentation_gap,current_review,all,17179869184,34359738368.0,0
uniform_h1024,presentation_gap,current_review,all,34359738368,68719476736.0,0
uniform_h1024,presentation_gap,current_review,all,68719476736,137438953472.0,0
uniform_h1024,presentation_gap,current_review,all,137438953472,274877906944.0,0
uniform_h1024,presentation_gap,current_review,all,274877906944,549755813888.0,0
uniform_h1024,presentation_gap,current_review,all,549755813888,1099511627776.0,0
uniform_h1024,presentation_gap,current_review,all,1099511627776,,0
uniform_h1024,presentation_gap,historical,all,0,1.0,0
uniform_h1024,presentation_gap,historical,all,1,2.0,0
uniform_h1024,presentation_gap,historical,all,2,4.0,0
uniform_h1024,presentation_gap,historical,all,4,8.0,1
uniform_h1024,presentation_gap,historical,all,8,16.0,12
uniform_h1024,presentation_gap,historical,all,16,32.0,63
uniform_h1024,presentation_gap,historical,all,32,64.0,161
uniform_h1024,presentation_gap,historical,all,64,128.0,1212
uniform_h1024,presentation_gap,historical,all,128,256.0,2310
uniform_h1024,presentation_gap,historical,all,256,512.0,4416
uniform_h1024,presentation_gap,historical,all,512,1024.0,8279
uniform_h1024,presentation_gap,historical,all,1024,2048.0,15116
uniform_h1024,presentation_gap,historical,all,2048,4096.0,26113
uniform_h1024,presentation_gap,historical,all,4096,8192.0,38641
uniform_h1024,presentation_gap,historical,all,8192,16384.0,45725
uniform_h1024,presentation_gap,historical,all,16384,32768.0,39281
uniform_h1024,presentation_gap,historical,all,32768,65536.0,20395
uniform_h1024,presentation_gap,historical,all,65536,131072.0,3759
uniform_h1024,presentation_gap,historical,all,131072,262144.0,66
uniform_h1024,presentation_gap,historical,all,262144,524288.0,0
uniform_h1024,presentation_gap,historical,all,524288,1048576.0,0
uniform_h1024,presentation_gap,historical,all,1048576,2097152.0,0
uniform_h1024,presentation_gap,historical,all,2097152,4194304.0,0
uniform_h1024,presentation_gap,historical,all,4194304,8388608.0,0
uniform_h1024,presentation_gap,historical,all,8388608,16777216.0,0
uniform_h1024,presentation_gap,historical,all,16777216,33554432.0,0
uniform_h1024,presentation_gap,historical,all,33554432,67108864.0,0
uniform_h1024,presentation_gap,historical,all,67108864,134217728.0,0
uniform_h1024,presentation_gap,historical,all,134217728,268435456.0,0
uniform_h1024,presentation_gap,historical,all,268435456,536870912.0,0
uniform_h1024,presentation_gap,historical,all,536870912,1073741824.0,0
uniform_h1024,presentation_gap,historical,all,1073741824,2147483648.0,0
uniform_h1024,presentation_gap,historical,all,2147483648,4294967296.0,0
uniform_h1024,presentation_gap,historical,all,4294967296,8589934592.0,0
uniform_h1024,presentation_gap,historical,all,8589934592,17179869184.0,0
uniform_h1024,presentation_gap,historical,all,17179869184,34359738368.0,0
uniform_h1024,presentation_gap,historical,all,34359738368,68719476736.0,0
uniform_h1024,presentation_gap,historical,all,68719476736,137438953472.0,0
uniform_h1024,presentation_gap,historical,all,137438953472,274877906944.0,0
uniform_h1024,presentation_gap,historical,all,274877906944,549755813888.0,0
uniform_h1024,presentation_gap,historical,all,549755813888,1099511627776.0,0
uniform_h1024,presentation_gap,historical,all,1099511627776,,0
uniform_h1024,stage_gap,current_review,all,0,1.0,64818
uniform_h1024,stage_gap,current_review,all,1,2.0,0
uniform_h1024,stage_gap,current_review,all,2,4.0,0
uniform_h1024,stage_gap,current_review,all,4,8.0,0
uniform_h1024,stage_gap,current_review,all,8,16.0,0
uniform_h1024,stage_gap,current_review,all,16,32.0,0
uniform_h1024,stage_gap,current_review,all,32,64.0,0
uniform_h1024,stage_gap,current_review,all,64,128.0,0
uniform_h1024,stage_gap,current_review,all,128,256.0,0
uniform_h1024,stage_gap,current_review,all,256,512.0,0
uniform_h1024,stage_gap,current_review,all,512,1024.0,0
uniform_h1024,stage_gap,current_review,all,1024,2048.0,0
uniform_h1024,stage_gap,current_review,all,2048,4096.0,0
uniform_h1024,stage_gap,current_review,all,4096,8192.0,0
uniform_h1024,stage_gap,current_review,all,8192,16384.0,0
uniform_h1024,stage_gap,current_review,all,16384,32768.0,0
uniform_h1024,stage_gap,current_review,all,32768,65536.0,0
uniform_h1024,stage_gap,current_review,all,65536,131072.0,0
uniform_h1024,stage_gap,current_review,all,131072,262144.0,0
uniform_h1024,stage_gap,current_review,all,262144,524288.0,0
uniform_h1024,stage_gap,current_review,all,524288,1048576.0,0
uniform_h1024,stage_gap,current_review,all,1048576,2097152.0,0
uniform_h1024,stage_gap,current_review,all,2097152,4194304.0,0
uniform_h1024,stage_gap,current_review,all,4194304,8388608.0,0
uniform_h1024,stage_gap,current_review,all,8388608,16777216.0,0
uniform_h1024,stage_gap,current_review,all,16777216,33554432.0,0
uniform_h1024,stage_gap,current_review,all,33554432,67108864.0,0
uniform_h1024,stage_gap,current_review,all,67108864,134217728.0,0
uniform_h1024,stage_gap,current_review,all,134217728,268435456.0,0
uniform_h1024,stage_gap,current_review,all,268435456,536870912.0,0
uniform_h1024,stage_gap,current_review,all,536870912,1073741824.0,0
uniform_h1024,stage_gap,current_review,all,1073741824,2147483648.0,0
uniform_h1024,stage_gap,current_review,all,2147483648,4294967296.0,0
uniform_h1024,stage_gap,current_review,all,4294967296,8589934592.0,0
uniform_h1024,stage_gap,current_review,all,8589934592,17179869184.0,0
uniform_h1024,stage_gap,current_review,all,17179869184,34359738368.0,0
uniform_h1024,stage_gap,current_review,all,34359738368,68719476736.0,0
uniform_h1024,stage_gap,current_review,all,68719476736,137438953472.0,0
uniform_h1024,stage_gap,current_review,all,137438953472,274877906944.0,0
uniform_h1024,stage_gap,current_review,all,274877906944,549755813888.0,0
uniform_h1024,stage_gap,current_review,all,549755813888,1099511627776.0,0
uniform_h1024,stage_gap,current_review,all,1099511627776,,0
uniform_h1024,stage_gap,historical,all,0,1.0,40447
uniform_h1024,stage_gap,historical,all,1,2.0,60683
uniform_h1024,stage_gap,historical,all,2,4.0,55896
uniform_h1024,stage_gap,historical,all,4,8.0,36122
uniform_h1024,stage_gap,historical,all,8,16.0,11630
uniform_h1024,stage_gap,historical,all,16,32.0,772
uniform_h1024,stage_gap,historical,all,32,64.0,0
uniform_h1024,stage_gap,historical,all,64,128.0,0
uniform_h1024,stage_gap,historical,all,128,256.0,0
uniform_h1024,stage_gap,historical,all,256,512.0,0
uniform_h1024,stage_gap,historical,all,512,1024.0,0
uniform_h1024,stage_gap,historical,all,1024,2048.0,0
uniform_h1024,stage_gap,historical,all,2048,4096.0,0
uniform_h1024,stage_gap,historical,all,4096,8192.0,0
uniform_h1024,stage_gap,historical,all,8192,16384.0,0
uniform_h1024,stage_gap,historical,all,16384,32768.0,0
uniform_h1024,stage_gap,historical,all,32768,65536.0,0
uniform_h1024,stage_gap,historical,all,65536,131072.0,0
uniform_h1024,stage_gap,historical,all,131072,262144.0,0
uniform_h1024,stage_gap,historical,all,262144,524288.0,0
uniform_h1024,stage_gap,historical,all,524288,1048576.0,0
uniform_h1024,stage_gap,historical,all,1048576,2097152.0,0
uniform_h1024,stage_gap,historical,all,2097152,4194304.0,0
uniform_h1024,stage_gap,historical,all,4194304,8388608.0,0
uniform_h1024,stage_gap,historical,all,8388608,16777216.0,0
uniform_h1024,stage_gap,historical,all,16777216,33554432.0,0
uniform_h1024,stage_gap,historical,all,33554432,67108864.0,0
uniform_h1024,stage_gap,historical,all,67108864,134217728.0,0
uniform_h1024,stage_gap,historical,all,134217728,268435456.0,0
uniform_h1024,stage_gap,historical,all,268435456,536870912.0,0
uniform_h1024,stage_gap,historical,all,536870912,1073741824.0,0
uniform_h1024,stage_gap,historical,all,1073741824,2147483648.0,0
uniform_h1024,stage_gap,historical,all,2147483648,4294967296.0,0
uniform_h1024,stage_gap,historical,all,4294967296,8589934592.0,0
uniform_h1024,stage_gap,historical,all,8589934592,17179869184.0,0
uniform_h1024,stage_gap,historical,all,17179869184,34359738368.0,0
uniform_h1024,stage_gap,historical,all,34359738368,68719476736.0,0
uniform_h1024,stage_gap,historical,all,68719476736,137438953472.0,0
uniform_h1024,stage_gap,historical,all,137438953472,274877906944.0,0
uniform_h1024,stage_gap,historical,all,274877906944,549755813888.0,0
uniform_h1024,stage_gap,historical,all,549755813888,1099511627776.0,0
uniform_h1024,stage_gap,historical,all,1099511627776,,0
uniform_h1024,step_gap,current_review,all,0,1.0,0
uniform_h1024,step_gap,current_review,all,1,2.0,2154
uniform_h1024,step_gap,current_review,all,2,4.0,4166
uniform_h1024,step_gap,current_review,all,4,8.0,8153
uniform_h1024,step_gap,current_review,all,8,16.0,14494
uniform_h1024,step_gap,current_review,all,16,32.0,17353
uniform_h1024,step_gap,current_review,all,32,64.0,14185
uniform_h1024,step_gap,current_review,all,64,128.0,4119
uniform_h1024,step_gap,current_review,all,128,256.0,194
uniform_h1024,step_gap,current_review,all,256,512.0,0
uniform_h1024,step_gap,current_review,all,512,1024.0,0
uniform_h1024,step_gap,current_review,all,1024,2048.0,0
uniform_h1024,step_gap,current_review,all,2048,4096.0,0
uniform_h1024,step_gap,current_review,all,4096,8192.0,0
uniform_h1024,step_gap,current_review,all,8192,16384.0,0
uniform_h1024,step_gap,current_review,all,16384,32768.0,0
uniform_h1024,step_gap,current_review,all,32768,65536.0,0
uniform_h1024,step_gap,current_review,all,65536,131072.0,0
uniform_h1024,step_gap,current_review,all,131072,262144.0,0
uniform_h1024,step_gap,current_review,all,262144,524288.0,0
uniform_h1024,step_gap,current_review,all,524288,1048576.0,0
uniform_h1024,step_gap,current_review,all,1048576,2097152.0,0
uniform_h1024,step_gap,current_review,all,2097152,4194304.0,0
uniform_h1024,step_gap,current_review,all,4194304,8388608.0,0
uniform_h1024,step_gap,current_review,all,8388608,16777216.0,0
uniform_h1024,step_gap,current_review,all,16777216,33554432.0,0
uniform_h1024,step_gap,current_review,all,33554432,67108864.0,0
uniform_h1024,step_gap,current_review,all,67108864,134217728.0,0
uniform_h1024,step_gap,current_review,all,134217728,268435456.0,0
uniform_h1024,step_gap,current_review,all,268435456,536870912.0,0
uniform_h1024,step_gap,current_review,all,536870912,1073741824.0,0
uniform_h1024,step_gap,current_review,all,1073741824,2147483648.0,0
uniform_h1024,step_gap,current_review,all,2147483648,4294967296.0,0
uniform_h1024,step_gap,current_review,all,4294967296,8589934592.0,0
uniform_h1024,step_gap,current_review,all,8589934592,17179869184.0,0
uniform_h1024,step_gap,current_review,all,17179869184,34359738368.0,0
uniform_h1024,step_gap,current_review,all,34359738368,68719476736.0,0
uniform_h1024,step_gap,current_review,all,68719476736,137438953472.0,0
uniform_h1024,step_gap,current_review,all,137438953472,274877906944.0,0
uniform_h1024,step_gap,current_review,all,274877906944,549755813888.0,0
uniform_h1024,step_gap,current_review,all,549755813888,1099511627776.0,0
uniform_h1024,step_gap,current_review,all,1099511627776,,0
uniform_h1024,step_gap,historical,all,0,1.0,0
uniform_h1024,step_gap,historical,all,1,2.0,1056
uniform_h1024,step_gap,historical,all,2,4.0,2045
uniform_h1024,step_gap,historical,all,4,8.0,3988
uniform_h1024,step_gap,historical,all,8,16.0,7331
uniform_h1024,step_gap,historical,all,16,32.0,13619
uniform_h1024,step_gap,historical,all,32,64.0,24298
uniform_h1024,step_gap,historical,all,64,128.0,39023
uniform_h1024,step_gap,historical,all,128,256.0,48137
uniform_h1024,step_gap,historical,all,256,512.0,41149
uniform_h1024,step_gap,historical,all,512,1024.0,20937
uniform_h1024,step_gap,historical,all,1024,2048.0,3889
uniform_h1024,step_gap,historical,all,2048,4096.0,78
uniform_h1024,step_gap,historical,all,4096,8192.0,0
uniform_h1024,step_gap,historical,all,8192,16384.0,0
uniform_h1024,step_gap,historical,all,16384,32768.0,0
uniform_h1024,step_gap,historical,all,32768,65536.0,0
uniform_h1024,step_gap,historical,all,65536,131072.0,0
uniform_h1024,step_gap,historical,all,131072,262144.0,0
uniform_h1024,step_gap,historical,all,262144,524288.0,0
uniform_h1024,step_gap,historical,all,524288,1048576.0,0
uniform_h1024,step_gap,historical,all,1048576,2097152.0,0
uniform_h1024,step_gap,historical,all,2097152,4194304.0,0
uniform_h1024,step_gap,historical,all,4194304,8388608.0,0
uniform_h1024,step_gap,historical,all,8388608,16777216.0,0
uniform_h1024,step_gap,historical,all,16777216,33554432.0,0
uniform_h1024,step_gap,historical,all,33554432,67108864.0,0
uniform_h1024,step_gap,historical,all,67108864,134217728.0,0
uniform_h1024,step_gap,historical,all,134217728,268435456.0,0
uniform_h1024,step_gap,historical,all,268435456,536870912.0,0
uniform_h1024,step_gap,historical,all,536870912,1073741824.0,0
uniform_h1024,step_gap,historical,all,1073741824,2147483648.0,0
uniform_h1024,step_gap,historical,all,2147483648,4294967296.0,0
uniform_h1024,step_gap,historical,all,4294967296,8589934592.0,0
uniform_h1024,step_gap,historical,all,8589934592,17179869184.0,0
uniform_h1024,step_gap,historical,all,17179869184,34359738368.0,0
uniform_h1024,step_gap,historical,all,34359738368,68719476736.0,0
uniform_h1024,step_gap,historical,all,68719476736,137438953472.0,0
uniform_h1024,step_gap,historical,all,137438953472,274877906944.0,0
uniform_h1024,step_gap,historical,all,274877906944,549755813888.0,0
uniform_h1024,step_gap,historical,all,549755813888,1099511627776.0,0
uniform_h1024,step_gap,historical,all,1099511627776,,0
srt_h4096,clock_gap,current_review,0,0,1.0,0
srt_h4096,clock_gap,current_review,0,1,2.0,11324
srt_h4096,clock_gap,current_review,0,2,4.0,3359
srt_h4096,clock_gap,current_review,0,4,8.0,5748
srt_h4096,clock_gap,current_review,0,8,16.0,9115
srt_h4096,clock_gap,current_review,0,16,32.0,7254
srt_h4096,clock_gap,current_review,0,32,64.0,2398
srt_h4096,clock_gap,current_review,0,64,128.0,122
srt_h4096,clock_gap,current_review,0,128,256.0,1
srt_h4096,clock_gap,current_review,0,256,512.0,0
srt_h4096,clock_gap,current_review,0,512,1024.0,0
srt_h4096,clock_gap,current_review,0,1024,2048.0,0
srt_h4096,clock_gap,current_review,0,2048,4096.0,0
srt_h4096,clock_gap,current_review,0,4096,8192.0,0
srt_h4096,clock_gap,current_review,0,8192,16384.0,0
srt_h4096,clock_gap,current_review,0,16384,32768.0,0
srt_h4096,clock_gap,current_review,0,32768,65536.0,0
srt_h4096,clock_gap,current_review,0,65536,131072.0,0
srt_h4096,clock_gap,current_review,0,131072,262144.0,0
srt_h4096,clock_gap,current_review,0,262144,524288.0,0
srt_h4096,clock_gap,current_review,0,524288,1048576.0,0
srt_h4096,clock_gap,current_review,0,1048576,2097152.0,0
srt_h4096,clock_gap,current_review,0,2097152,4194304.0,0
srt_h4096,clock_gap,current_review,0,4194304,8388608.0,0
srt_h4096,clock_gap,current_review,0,8388608,16777216.0,0
srt_h4096,clock_gap,current_review,0,16777216,33554432.0,0
srt_h4096,clock_gap,current_review,0,33554432,67108864.0,0
srt_h4096,clock_gap,current_review,0,67108864,134217728.0,0
srt_h4096,clock_gap,current_review,0,134217728,268435456.0,0
srt_h4096,clock_gap,current_review,0,268435456,536870912.0,0
srt_h4096,clock_gap,current_review,0,536870912,1073741824.0,0
srt_h4096,clock_gap,current_review,0,1073741824,2147483648.0,0
srt_h4096,clock_gap,current_review,0,2147483648,4294967296.0,0
srt_h4096,clock_gap,current_review,0,4294967296,8589934592.0,0
srt_h4096,clock_gap,current_review,0,8589934592,17179869184.0,0
srt_h4096,clock_gap,current_review,0,17179869184,34359738368.0,0
srt_h4096,clock_gap,current_review,0,34359738368,68719476736.0,0
srt_h4096,clock_gap,current_review,0,68719476736,137438953472.0,0
srt_h4096,clock_gap,current_review,0,137438953472,274877906944.0,0
srt_h4096,clock_gap,current_review,0,274877906944,549755813888.0,0
srt_h4096,clock_gap,current_review,0,549755813888,1099511627776.0,0
srt_h4096,clock_gap,current_review,0,1099511627776,,0
srt_h4096,clock_gap,current_review,1,0,1.0,0
srt_h4096,clock_gap,current_review,1,1,2.0,5848
srt_h4096,clock_gap,current_review,1,2,4.0,1363
srt_h4096,clock_gap,current_review,1,4,8.0,1573
srt_h4096,clock_gap,current_review,1,8,16.0,1417
srt_h4096,clock_gap,current_review,1,16,32.0,836
srt_h4096,clock_gap,current_review,1,32,64.0,200
srt_h4096,clock_gap,current_review,1,64,128.0,10
srt_h4096,clock_gap,current_review,1,128,256.0,0
srt_h4096,clock_gap,current_review,1,256,512.0,0
srt_h4096,clock_gap,current_review,1,512,1024.0,0
srt_h4096,clock_gap,current_review,1,1024,2048.0,0
srt_h4096,clock_gap,current_review,1,2048,4096.0,0
srt_h4096,clock_gap,current_review,1,4096,8192.0,0
srt_h4096,clock_gap,current_review,1,8192,16384.0,0
srt_h4096,clock_gap,current_review,1,16384,32768.0,0
srt_h4096,clock_gap,current_review,1,32768,65536.0,0
srt_h4096,clock_gap,current_review,1,65536,131072.0,0
srt_h4096,clock_gap,current_review,1,131072,262144.0,0
srt_h4096,clock_gap,current_review,1,262144,524288.0,0
srt_h4096,clock_gap,current_review,1,524288,1048576.0,0
srt_h4096,clock_gap,current_review,1,1048576,2097152.0,0
srt_h4096,clock_gap,current_review,1,2097152,4194304.0,0
srt_h4096,clock_gap,current_review,1,4194304,8388608.0,0
srt_h4096,clock_gap,current_review,1,8388608,16777216.0,0
srt_h4096,clock_gap,current_review,1,16777216,33554432.0,0
srt_h4096,clock_gap,current_review,1,33554432,67108864.0,0
srt_h4096,clock_gap,current_review,1,67108864,134217728.0,0
srt_h4096,clock_gap,current_review,1,134217728,268435456.0,0
srt_h4096,clock_gap,current_review,1,268435456,536870912.0,0
srt_h4096,clock_gap,current_review,1,536870912,1073741824.0,0
srt_h4096,clock_gap,current_review,1,1073741824,2147483648.0,0
srt_h4096,clock_gap,current_review,1,2147483648,4294967296.0,0
srt_h4096,clock_gap,current_review,1,4294967296,8589934592.0,0
srt_h4096,clock_gap,current_review,1,8589934592,17179869184.0,0
srt_h4096,clock_gap,current_review,1,17179869184,34359738368.0,0
srt_h4096,clock_gap,current_review,1,34359738368,68719476736.0,0
srt_h4096,clock_gap,current_review,1,68719476736,137438953472.0,0
srt_h4096,clock_gap,current_review,1,137438953472,274877906944.0,0
srt_h4096,clock_gap,current_review,1,274877906944,549755813888.0,0
srt_h4096,clock_gap,current_review,1,549755813888,1099511627776.0,0
srt_h4096,clock_gap,current_review,1,1099511627776,,0
srt_h4096,clock_gap,current_review,2,0,1.0,0
srt_h4096,clock_gap,current_review,2,1,2.0,10338
srt_h4096,clock_gap,current_review,2,2,4.0,2151
srt_h4096,clock_gap,current_review,2,4,8.0,2303
srt_h4096,clock_gap,current_review,2,8,16.0,2021
srt_h4096,clock_gap,current_review,2,16,32.0,1208
srt_h4096,clock_gap,current_review,2,32,64.0,274
srt_h4096,clock_gap,current_review,2,64,128.0,14
srt_h4096,clock_gap,current_review,2,128,256.0,0
srt_h4096,clock_gap,current_review,2,256,512.0,0
srt_h4096,clock_gap,current_review,2,512,1024.0,0
srt_h4096,clock_gap,current_review,2,1024,2048.0,0
srt_h4096,clock_gap,current_review,2,2048,4096.0,0
srt_h4096,clock_gap,current_review,2,4096,8192.0,0
srt_h4096,clock_gap,current_review,2,8192,16384.0,0
srt_h4096,clock_gap,current_review,2,16384,32768.0,0
srt_h4096,clock_gap,current_review,2,32768,65536.0,0
srt_h4096,clock_gap,current_review,2,65536,131072.0,0
srt_h4096,clock_gap,current_review,2,131072,262144.0,0
srt_h4096,clock_gap,current_review,2,262144,524288.0,0
srt_h4096,clock_gap,current_review,2,524288,1048576.0,0
srt_h4096,clock_gap,current_review,2,1048576,2097152.0,0
srt_h4096,clock_gap,current_review,2,2097152,4194304.0,0
srt_h4096,clock_gap,current_review,2,4194304,8388608.0,0
srt_h4096,clock_gap,current_review,2,8388608,16777216.0,0
srt_h4096,clock_gap,current_review,2,16777216,33554432.0,0
srt_h4096,clock_gap,current_review,2,33554432,67108864.0,0
srt_h4096,clock_gap,current_review,2,67108864,134217728.0,0
srt_h4096,clock_gap,current_review,2,134217728,268435456.0,0
srt_h4096,clock_gap,current_review,2,268435456,536870912.0,0
srt_h4096,clock_gap,current_review,2,536870912,1073741824.0,0
srt_h4096,clock_gap,current_review,2,1073741824,2147483648.0,0
srt_h4096,clock_gap,current_review,2,2147483648,4294967296.0,0
srt_h4096,clock_gap,current_review,2,4294967296,8589934592.0,0
srt_h4096,clock_gap,current_review,2,8589934592,17179869184.0,0
srt_h4096,clock_gap,current_review,2,17179869184,34359738368.0,0
srt_h4096,clock_gap,current_review,2,34359738368,68719476736.0,0
srt_h4096,clock_gap,current_review,2,68719476736,137438953472.0,0
srt_h4096,clock_gap,current_review,2,137438953472,274877906944.0,0
srt_h4096,clock_gap,current_review,2,274877906944,549755813888.0,0
srt_h4096,clock_gap,current_review,2,549755813888,1099511627776.0,0
srt_h4096,clock_gap,current_review,2,1099511627776,,0
srt_h4096,clock_gap,current_review,3,0,1.0,0
srt_h4096,clock_gap,current_review,3,1,2.0,2605
srt_h4096,clock_gap,current_review,3,2,4.0,698
srt_h4096,clock_gap,current_review,3,4,8.0,2842
srt_h4096,clock_gap,current_review,3,8,16.0,4195
srt_h4096,clock_gap,current_review,3,16,32.0,2531
srt_h4096,clock_gap,current_review,3,32,64.0,1193
srt_h4096,clock_gap,current_review,3,64,128.0,312
srt_h4096,clock_gap,current_review,3,128,256.0,17
srt_h4096,clock_gap,current_review,3,256,512.0,0
srt_h4096,clock_gap,current_review,3,512,1024.0,0
srt_h4096,clock_gap,current_review,3,1024,2048.0,0
srt_h4096,clock_gap,current_review,3,2048,4096.0,0
srt_h4096,clock_gap,current_review,3,4096,8192.0,0
srt_h4096,clock_gap,current_review,3,8192,16384.0,0
srt_h4096,clock_gap,current_review,3,16384,32768.0,0
srt_h4096,clock_gap,current_review,3,32768,65536.0,0
srt_h4096,clock_gap,current_review,3,65536,131072.0,0
srt_h4096,clock_gap,current_review,3,131072,262144.0,0
srt_h4096,clock_gap,current_review,3,262144,524288.0,0
srt_h4096,clock_gap,current_review,3,524288,1048576.0,0
srt_h4096,clock_gap,current_review,3,1048576,2097152.0,0
srt_h4096,clock_gap,current_review,3,2097152,4194304.0,0
srt_h4096,clock_gap,current_review,3,4194304,8388608.0,0
srt_h4096,clock_gap,current_review,3,8388608,16777216.0,0
srt_h4096,clock_gap,current_review,3,16777216,33554432.0,0
srt_h4096,clock_gap,current_review,3,33554432,67108864.0,0
srt_h4096,clock_gap,current_review,3,67108864,134217728.0,0
srt_h4096,clock_gap,current_review,3,134217728,268435456.0,0
srt_h4096,clock_gap,current_review,3,268435456,536870912.0,0
srt_h4096,clock_gap,current_review,3,536870912,1073741824.0,0
srt_h4096,clock_gap,current_review,3,1073741824,2147483648.0,0
srt_h4096,clock_gap,current_review,3,2147483648,4294967296.0,0
srt_h4096,clock_gap,current_review,3,4294967296,8589934592.0,0
srt_h4096,clock_gap,current_review,3,8589934592,17179869184.0,0
srt_h4096,clock_gap,current_review,3,17179869184,34359738368.0,0
srt_h4096,clock_gap,current_review,3,34359738368,68719476736.0,0
srt_h4096,clock_gap,current_review,3,68719476736,137438953472.0,0
srt_h4096,clock_gap,current_review,3,137438953472,274877906944.0,0
srt_h4096,clock_gap,current_review,3,274877906944,549755813888.0,0
srt_h4096,clock_gap,current_review,3,549755813888,1099511627776.0,0
srt_h4096,clock_gap,current_review,3,1099511627776,,0
srt_h4096,clock_gap,current_review,4,0,1.0,0
srt_h4096,clock_gap,current_review,4,1,2.0,3487
srt_h4096,clock_gap,current_review,4,2,4.0,938
srt_h4096,clock_gap,current_review,4,4,8.0,4084
srt_h4096,clock_gap,current_review,4,8,16.0,6011
srt_h4096,clock_gap,current_review,4,16,32.0,4157
srt_h4096,clock_gap,current_review,4,32,64.0,1879
srt_h4096,clock_gap,current_review,4,64,128.0,427
srt_h4096,clock_gap,current_review,4,128,256.0,160
srt_h4096,clock_gap,current_review,4,256,512.0,0
srt_h4096,clock_gap,current_review,4,512,1024.0,0
srt_h4096,clock_gap,current_review,4,1024,2048.0,0
srt_h4096,clock_gap,current_review,4,2048,4096.0,0
srt_h4096,clock_gap,current_review,4,4096,8192.0,0
srt_h4096,clock_gap,current_review,4,8192,16384.0,0
srt_h4096,clock_gap,current_review,4,16384,32768.0,0
srt_h4096,clock_gap,current_review,4,32768,65536.0,0
srt_h4096,clock_gap,current_review,4,65536,131072.0,0
srt_h4096,clock_gap,current_review,4,131072,262144.0,0
srt_h4096,clock_gap,current_review,4,262144,524288.0,0
srt_h4096,clock_gap,current_review,4,524288,1048576.0,0
srt_h4096,clock_gap,current_review,4,1048576,2097152.0,0
srt_h4096,clock_gap,current_review,4,2097152,4194304.0,0
srt_h4096,clock_gap,current_review,4,4194304,8388608.0,0
srt_h4096,clock_gap,current_review,4,8388608,16777216.0,0
srt_h4096,clock_gap,current_review,4,16777216,33554432.0,0
srt_h4096,clock_gap,current_review,4,33554432,67108864.0,0
srt_h4096,clock_gap,current_review,4,67108864,134217728.0,0
srt_h4096,clock_gap,current_review,4,134217728,268435456.0,0
srt_h4096,clock_gap,current_review,4,268435456,536870912.0,0
srt_h4096,clock_gap,current_review,4,536870912,1073741824.0,0
srt_h4096,clock_gap,current_review,4,1073741824,2147483648.0,0
srt_h4096,clock_gap,current_review,4,2147483648,4294967296.0,0
srt_h4096,clock_gap,current_review,4,4294967296,8589934592.0,0
srt_h4096,clock_gap,current_review,4,8589934592,17179869184.0,0
srt_h4096,clock_gap,current_review,4,17179869184,34359738368.0,0
srt_h4096,clock_gap,current_review,4,34359738368,68719476736.0,0
srt_h4096,clock_gap,current_review,4,68719476736,137438953472.0,0
srt_h4096,clock_gap,current_review,4,137438953472,274877906944.0,0
srt_h4096,clock_gap,current_review,4,274877906944,549755813888.0,0
srt_h4096,clock_gap,current_review,4,549755813888,1099511627776.0,0
srt_h4096,clock_gap,current_review,4,1099511627776,,0
srt_h4096,clock_gap,current_review,5,0,1.0,0
srt_h4096,clock_gap,current_review,5,1,2.0,15221
srt_h4096,clock_gap,current_review,5,2,4.0,5176
srt_h4096,clock_gap,current_review,5,4,8.0,23305
srt_h4096,clock_gap,current_review,5,8,16.0,42232
srt_h4096,clock_gap,current_review,5,16,32.0,44911
srt_h4096,clock_gap,current_review,5,32,64.0,24369
srt_h4096,clock_gap,current_review,5,64,128.0,5139
srt_h4096,clock_gap,current_review,5,128,256.0,5304
srt_h4096,clock_gap,current_review,5,256,512.0,0
srt_h4096,clock_gap,current_review,5,512,1024.0,0
srt_h4096,clock_gap,current_review,5,1024,2048.0,0
srt_h4096,clock_gap,current_review,5,2048,4096.0,0
srt_h4096,clock_gap,current_review,5,4096,8192.0,0
srt_h4096,clock_gap,current_review,5,8192,16384.0,0
srt_h4096,clock_gap,current_review,5,16384,32768.0,0
srt_h4096,clock_gap,current_review,5,32768,65536.0,0
srt_h4096,clock_gap,current_review,5,65536,131072.0,0
srt_h4096,clock_gap,current_review,5,131072,262144.0,0
srt_h4096,clock_gap,current_review,5,262144,524288.0,0
srt_h4096,clock_gap,current_review,5,524288,1048576.0,0
srt_h4096,clock_gap,current_review,5,1048576,2097152.0,0
srt_h4096,clock_gap,current_review,5,2097152,4194304.0,0
srt_h4096,clock_gap,current_review,5,4194304,8388608.0,0
srt_h4096,clock_gap,current_review,5,8388608,16777216.0,0
srt_h4096,clock_gap,current_review,5,16777216,33554432.0,0
srt_h4096,clock_gap,current_review,5,33554432,67108864.0,0
srt_h4096,clock_gap,current_review,5,67108864,134217728.0,0
srt_h4096,clock_gap,current_review,5,134217728,268435456.0,0
srt_h4096,clock_gap,current_review,5,268435456,536870912.0,0
srt_h4096,clock_gap,current_review,5,536870912,1073741824.0,0
srt_h4096,clock_gap,current_review,5,1073741824,2147483648.0,0
srt_h4096,clock_gap,current_review,5,2147483648,4294967296.0,0
srt_h4096,clock_gap,current_review,5,4294967296,8589934592.0,0
srt_h4096,clock_gap,current_review,5,8589934592,17179869184.0,0
srt_h4096,clock_gap,current_review,5,17179869184,34359738368.0,0
srt_h4096,clock_gap,current_review,5,34359738368,68719476736.0,0
srt_h4096,clock_gap,current_review,5,68719476736,137438953472.0,0
srt_h4096,clock_gap,current_review,5,137438953472,274877906944.0,0
srt_h4096,clock_gap,current_review,5,274877906944,549755813888.0,0
srt_h4096,clock_gap,current_review,5,549755813888,1099511627776.0,0
srt_h4096,clock_gap,current_review,5,1099511627776,,0
srt_h4096,clock_gap,current_review,all,0,1.0,0
srt_h4096,clock_gap,current_review,all,1,2.0,48823
srt_h4096,clock_gap,current_review,all,2,4.0,13685
srt_h4096,clock_gap,current_review,all,4,8.0,39855
srt_h4096,clock_gap,current_review,all,8,16.0,64991
srt_h4096,clock_gap,current_review,all,16,32.0,60897
srt_h4096,clock_gap,current_review,all,32,64.0,30313
srt_h4096,clock_gap,current_review,all,64,128.0,6024
srt_h4096,clock_gap,current_review,all,128,256.0,5482
srt_h4096,clock_gap,current_review,all,256,512.0,0
srt_h4096,clock_gap,current_review,all,512,1024.0,0
srt_h4096,clock_gap,current_review,all,1024,2048.0,0
srt_h4096,clock_gap,current_review,all,2048,4096.0,0
srt_h4096,clock_gap,current_review,all,4096,8192.0,0
srt_h4096,clock_gap,current_review,all,8192,16384.0,0
srt_h4096,clock_gap,current_review,all,16384,32768.0,0
srt_h4096,clock_gap,current_review,all,32768,65536.0,0
srt_h4096,clock_gap,current_review,all,65536,131072.0,0
srt_h4096,clock_gap,current_review,all,131072,262144.0,0
srt_h4096,clock_gap,current_review,all,262144,524288.0,0
srt_h4096,clock_gap,current_review,all,524288,1048576.0,0
srt_h4096,clock_gap,current_review,all,1048576,2097152.0,0
srt_h4096,clock_gap,current_review,all,2097152,4194304.0,0
srt_h4096,clock_gap,current_review,all,4194304,8388608.0,0
srt_h4096,clock_gap,current_review,all,8388608,16777216.0,0
srt_h4096,clock_gap,current_review,all,16777216,33554432.0,0
srt_h4096,clock_gap,current_review,all,33554432,67108864.0,0
srt_h4096,clock_gap,current_review,all,67108864,134217728.0,0
srt_h4096,clock_gap,current_review,all,134217728,268435456.0,0
srt_h4096,clock_gap,current_review,all,268435456,536870912.0,0
srt_h4096,clock_gap,current_review,all,536870912,1073741824.0,0
srt_h4096,clock_gap,current_review,all,1073741824,2147483648.0,0
srt_h4096,clock_gap,current_review,all,2147483648,4294967296.0,0
srt_h4096,clock_gap,current_review,all,4294967296,8589934592.0,0
srt_h4096,clock_gap,current_review,all,8589934592,17179869184.0,0
srt_h4096,clock_gap,current_review,all,17179869184,34359738368.0,0
srt_h4096,clock_gap,current_review,all,34359738368,68719476736.0,0
srt_h4096,clock_gap,current_review,all,68719476736,137438953472.0,0
srt_h4096,clock_gap,current_review,all,137438953472,274877906944.0,0
srt_h4096,clock_gap,current_review,all,274877906944,549755813888.0,0
srt_h4096,clock_gap,current_review,all,549755813888,1099511627776.0,0
srt_h4096,clock_gap,current_review,all,1099511627776,,0
srt_h4096,clock_gap,historical,0,0,1.0,0
srt_h4096,clock_gap,historical,0,1,2.0,926
srt_h4096,clock_gap,historical,0,2,4.0,1734
srt_h4096,clock_gap,historical,0,4,8.0,3242
srt_h4096,clock_gap,historical,0,8,16.0,5637
srt_h4096,clock_gap,historical,0,16,32.0,8989
srt_h4096,clock_gap,historical,0,32,64.0,12852
srt_h4096,clock_gap,historical,0,64,128.0,15211
srt_h4096,clock_gap,historical,0,128,256.0,15106
srt_h4096,clock_gap,historical,0,256,512.0,10033
srt_h4096,clock_gap,historical,0,512,1024.0,3659
srt_h4096,clock_gap,historical,0,1024,2048.0,423
srt_h4096,clock_gap,historical,0,2048,4096.0,5
srt_h4096,clock_gap,historical,0,4096,8192.0,0
srt_h4096,clock_gap,historical,0,8192,16384.0,0
srt_h4096,clock_gap,historical,0,16384,32768.0,0
srt_h4096,clock_gap,historical,0,32768,65536.0,0
srt_h4096,clock_gap,historical,0,65536,131072.0,0
srt_h4096,clock_gap,historical,0,131072,262144.0,0
srt_h4096,clock_gap,historical,0,262144,524288.0,0
srt_h4096,clock_gap,historical,0,524288,1048576.0,0
srt_h4096,clock_gap,historical,0,1048576,2097152.0,0
srt_h4096,clock_gap,historical,0,2097152,4194304.0,0
srt_h4096,clock_gap,historical,0,4194304,8388608.0,0
srt_h4096,clock_gap,historical,0,8388608,16777216.0,0
srt_h4096,clock_gap,historical,0,16777216,33554432.0,0
srt_h4096,clock_gap,historical,0,33554432,67108864.0,0
srt_h4096,clock_gap,historical,0,67108864,134217728.0,0
srt_h4096,clock_gap,historical,0,134217728,268435456.0,0
srt_h4096,clock_gap,historical,0,268435456,536870912.0,0
srt_h4096,clock_gap,historical,0,536870912,1073741824.0,0
srt_h4096,clock_gap,historical,0,1073741824,2147483648.0,0
srt_h4096,clock_gap,historical,0,2147483648,4294967296.0,0
srt_h4096,clock_gap,historical,0,4294967296,8589934592.0,0
srt_h4096,clock_gap,historical,0,8589934592,17179869184.0,0
srt_h4096,clock_gap,historical,0,17179869184,34359738368.0,0
srt_h4096,clock_gap,historical,0,34359738368,68719476736.0,0
srt_h4096,clock_gap,historical,0,68719476736,137438953472.0,0
srt_h4096,clock_gap,historical,0,137438953472,274877906944.0,0
srt_h4096,clock_gap,historical,0,274877906944,549755813888.0,0
srt_h4096,clock_gap,historical,0,549755813888,1099511627776.0,0
srt_h4096,clock_gap,historical,0,1099511627776,,0
srt_h4096,clock_gap,historical,1,0,1.0,0
srt_h4096,clock_gap,historical,1,1,2.0,390
srt_h4096,clock_gap,historical,1,2,4.0,700
srt_h4096,clock_gap,historical,1,4,8.0,1335
srt_h4096,clock_gap,historical,1,8,16.0,2306
srt_h4096,clock_gap,historical,1,16,32.0,3737
srt_h4096,clock_gap,historical,1,32,64.0,5247
srt_h4096,clock_gap,historical,1,64,128.0,6164
srt_h4096,clock_gap,historical,1,128,256.0,6033
srt_h4096,clock_gap,historical,1,256,512.0,3829
srt_h4096,clock_gap,historical,1,512,1024.0,1312
srt_h4096,clock_gap,historical,1,1024,2048.0,143
srt_h4096,clock_gap,historical,1,2048,4096.0,1
srt_h4096,clock_gap,historical,1,4096,8192.0,0
srt_h4096,clock_gap,historical,1,8192,16384.0,0
srt_h4096,clock_gap,historical,1,16384,32768.0,0
srt_h4096,clock_gap,historical,1,32768,65536.0,0
srt_h4096,clock_gap,historical,1,65536,131072.0,0
srt_h4096,clock_gap,historical,1,131072,262144.0,0
srt_h4096,clock_gap,historical,1,262144,524288.0,0
srt_h4096,clock_gap,historical,1,524288,1048576.0,0
srt_h4096,clock_gap,historical,1,1048576,2097152.0,0
srt_h4096,clock_gap,historical,1,2097152,4194304.0,0
srt_h4096,clock_gap,historical,1,4194304,8388608.0,0
srt_h4096,clock_gap,historical,1,8388608,16777216.0,0
srt_h4096,clock_gap,historical,1,16777216,33554432.0,0
srt_h4096,clock_gap,historical,1,33554432,67108864.0,0
srt_h4096,clock_gap,historical,1,67108864,134217728.0,0
srt_h4096,clock_gap,historical,1,134217728,268435456.0,0
srt_h4096,clock_gap,historical,1,268435456,536870912.0,0
srt_h4096,clock_gap,historical,1,536870912,1073741824.0,0
srt_h4096,clock_gap,historical,1,1073741824,2147483648.0,0
srt_h4096,clock_gap,historical,1,2147483648,4294967296.0,0
srt_h4096,clock_gap,historical,1,4294967296,8589934592.0,0
srt_h4096,clock_gap,historical,1,8589934592,17179869184.0,0
srt_h4096,clock_gap,historical,1,17179869184,34359738368.0,0
srt_h4096,clock_gap,historical,1,34359738368,68719476736.0,0
srt_h4096,clock_gap,historical,1,68719476736,137438953472.0,0
srt_h4096,clock_gap,historical,1,137438953472,274877906944.0,0
srt_h4096,clock_gap,historical,1,274877906944,549755813888.0,0
srt_h4096,clock_gap,historical,1,549755813888,1099511627776.0,0
srt_h4096,clock_gap,historical,1,1099511627776,,0
srt_h4096,clock_gap,historical,2,0,1.0,0
srt_h4096,clock_gap,historical,2,1,2.0,672
srt_h4096,clock_gap,historical,2,2,4.0,1192
srt_h4096,clock_gap,historical,2,4,8.0,2159
srt_h4096,clock_gap,historical,2,8,16.0,3878
srt_h4096,clock_gap,historical,2,16,32.0,6155
srt_h4096,clock_gap,historical,2,32,64.0,8790
srt_h4096,clock_gap,historical,2,64,128.0,10098
srt_h4096,clock_gap,historical,2,128,256.0,9401
srt_h4096,clock_gap,historical,2,256,512.0,6269
srt_h4096,clock_gap,historical,2,512,1024.0,2209
srt_h4096,clock_gap,historical,2,1024,2048.0,216
srt_h4096,clock_gap,historical,2,2048,4096.0,1
srt_h4096,clock_gap,historical,2,4096,8192.0,0
srt_h4096,clock_gap,historical,2,8192,16384.0,0
srt_h4096,clock_gap,historical,2,16384,32768.0,0
srt_h4096,clock_gap,historical,2,32768,65536.0,0
srt_h4096,clock_gap,historical,2,65536,131072.0,0
srt_h4096,clock_gap,historical,2,131072,262144.0,0
srt_h4096,clock_gap,historical,2,262144,524288.0,0
srt_h4096,clock_gap,historical,2,524288,1048576.0,0
srt_h4096,clock_gap,historical,2,1048576,2097152.0,0
srt_h4096,clock_gap,historical,2,2097152,4194304.0,0
srt_h4096,clock_gap,historical,2,4194304,8388608.0,0
srt_h4096,clock_gap,historical,2,8388608,16777216.0,0
srt_h4096,clock_gap,historical,2,16777216,33554432.0,0
srt_h4096,clock_gap,historical,2,33554432,67108864.0,0
srt_h4096,clock_gap,historical,2,67108864,134217728.0,0
srt_h4096,clock_gap,historical,2,134217728,268435456.0,0
srt_h4096,clock_gap,historical,2,268435456,536870912.0,0
srt_h4096,clock_gap,historical,2,536870912,1073741824.0,0
srt_h4096,clock_gap,historical,2,1073741824,2147483648.0,0
srt_h4096,clock_gap,historical,2,2147483648,4294967296.0,0
srt_h4096,clock_gap,historical,2,4294967296,8589934592.0,0
srt_h4096,clock_gap,historical,2,8589934592,17179869184.0,0
srt_h4096,clock_gap,historical,2,17179869184,34359738368.0,0
srt_h4096,clock_gap,historical,2,34359738368,68719476736.0,0
srt_h4096,clock_gap,historical,2,68719476736,137438953472.0,0
srt_h4096,clock_gap,historical,2,137438953472,274877906944.0,0
srt_h4096,clock_gap,historical,2,274877906944,549755813888.0,0
srt_h4096,clock_gap,historical,2,549755813888,1099511627776.0,0
srt_h4096,clock_gap,historical,2,1099511627776,,0
srt_h4096,clock_gap,historical,3,0,1.0,0
srt_h4096,clock_gap,historical,3,1,2.0,213
srt_h4096,clock_gap,historical,3,2,4.0,390
srt_h4096,clock_gap,historical,3,4,8.0,849
srt_h4096,clock_gap,historical,3,8,16.0,2538
srt_h4096,clock_gap,historical,3,16,32.0,4646
srt_h4096,clock_gap,historical,3,32,64.0,7088
srt_h4096,clock_gap,historical,3,64,128.0,8999
srt_h4096,clock_gap,historical,3,128,256.0,8873
srt_h4096,clock_gap,historical,3,256,512.0,6259
srt_h4096,clock_gap,historical,3,512,1024.0,2829
srt_h4096,clock_gap,historical,3,1024,2048.0,802
srt_h4096,clock_gap,historical,3,2048,4096.0,286
srt_h4096,clock_gap,historical,3,4096,8192.0,152
srt_h4096,clock_gap,historical,3,8192,16384.0,0
srt_h4096,clock_gap,historical,3,16384,32768.0,0
srt_h4096,clock_gap,historical,3,32768,65536.0,0
srt_h4096,clock_gap,historical,3,65536,131072.0,0
srt_h4096,clock_gap,historical,3,131072,262144.0,0
srt_h4096,clock_gap,historical,3,262144,524288.0,0
srt_h4096,clock_gap,historical,3,524288,1048576.0,0
srt_h4096,clock_gap,historical,3,1048576,2097152.0,0
srt_h4096,clock_gap,historical,3,2097152,4194304.0,0
srt_h4096,clock_gap,historical,3,4194304,8388608.0,0
srt_h4096,clock_gap,historical,3,8388608,16777216.0,0
srt_h4096,clock_gap,historical,3,16777216,33554432.0,0
srt_h4096,clock_gap,historical,3,33554432,67108864.0,0
srt_h4096,clock_gap,historical,3,67108864,134217728.0,0
srt_h4096,clock_gap,historical,3,134217728,268435456.0,0
srt_h4096,clock_gap,historical,3,268435456,536870912.0,0
srt_h4096,clock_gap,historical,3,536870912,1073741824.0,0
srt_h4096,clock_gap,historical,3,1073741824,2147483648.0,0
srt_h4096,clock_gap,historical,3,2147483648,4294967296.0,0
srt_h4096,clock_gap,historical,3,4294967296,8589934592.0,0
srt_h4096,clock_gap,historical,3,8589934592,17179869184.0,0
srt_h4096,clock_gap,historical,3,17179869184,34359738368.0,0
srt_h4096,clock_gap,historical,3,34359738368,68719476736.0,0
srt_h4096,clock_gap,historical,3,68719476736,137438953472.0,0
srt_h4096,clock_gap,historical,3,137438953472,274877906944.0,0
srt_h4096,clock_gap,historical,3,274877906944,549755813888.0,0
srt_h4096,clock_gap,historical,3,549755813888,1099511627776.0,0
srt_h4096,clock_gap,historical,3,1099511627776,,0
srt_h4096,clock_gap,historical,4,0,1.0,0
srt_h4096,clock_gap,historical,4,1,2.0,301
srt_h4096,clock_gap,historical,4,2,4.0,487
srt_h4096,clock_gap,historical,4,4,8.0,1259
srt_h4096,clock_gap,historical,4,8,16.0,3655
srt_h4096,clock_gap,historical,4,16,32.0,7069
srt_h4096,clock_gap,historical,4,32,64.0,10496
srt_h4096,clock_gap,historical,4,64,128.0,13245
srt_h4096,clock_gap,historical,4,128,256.0,13117
srt_h4096,clock_gap,historical,4,256,512.0,9444
srt_h4096,clock_gap,historical,4,512,1024.0,4337
srt_h4096,clock_gap,historical,4,1024,2048.0,1286
srt_h4096,clock_gap,historical,4,2048,4096.0,545
srt_h4096,clock_gap,historical,4,4096,8192.0,225
srt_h4096,clock_gap,historical,4,8192,16384.0,0
srt_h4096,clock_gap,historical,4,16384,32768.0,0
srt_h4096,clock_gap,historical,4,32768,65536.0,0
srt_h4096,clock_gap,historical,4,65536,131072.0,0
srt_h4096,clock_gap,historical,4,131072,262144.0,0
srt_h4096,clock_gap,historical,4,262144,524288.0,0
srt_h4096,clock_gap,historical,4,524288,1048576.0,0
srt_h4096,clock_gap,historical,4,1048576,2097152.0,0
srt_h4096,clock_gap,historical,4,2097152,4194304.0,0
srt_h4096,clock_gap,historical,4,4194304,8388608.0,0
srt_h4096,clock_gap,historical,4,8388608,16777216.0,0
srt_h4096,clock_gap,historical,4,16777216,33554432.0,0
srt_h4096,clock_gap,historical,4,33554432,67108864.0,0
srt_h4096,clock_gap,historical,4,67108864,134217728.0,0
srt_h4096,clock_gap,historical,4,134217728,268435456.0,0
srt_h4096,clock_gap,historical,4,268435456,536870912.0,0
srt_h4096,clock_gap,historical,4,536870912,1073741824.0,0
srt_h4096,clock_gap,historical,4,1073741824,2147483648.0,0
srt_h4096,clock_gap,historical,4,2147483648,4294967296.0,0
srt_h4096,clock_gap,historical,4,4294967296,8589934592.0,0
srt_h4096,clock_gap,historical,4,8589934592,17179869184.0,0
srt_h4096,clock_gap,historical,4,17179869184,34359738368.0,0
srt_h4096,clock_gap,historical,4,34359738368,68719476736.0,0
srt_h4096,clock_gap,historical,4,68719476736,137438953472.0,0
srt_h4096,clock_gap,historical,4,137438953472,274877906944.0,0
srt_h4096,clock_gap,historical,4,274877906944,549755813888.0,0
srt_h4096,clock_gap,historical,4,549755813888,1099511627776.0,0
srt_h4096,clock_gap,historical,4,1099511627776,,0
srt_h4096,clock_gap,historical,5,0,1.0,0
srt_h4096,clock_gap,historical,5,1,2.0,922
srt_h4096,clock_gap,historical,5,2,4.0,1726
srt_h4096,clock_gap,historical,5,4,8.0,4600
srt_h4096,clock_gap,historical,5,8,16.0,12847
srt_h4096,clock_gap,historical,5,16,32.0,26547
srt_h4096,clock_gap,historical,5,32,64.0,40325
srt_h4096,clock_gap,historical,5,64,128.0,49243
srt_h4096,clock_gap,historical,5,128,256.0,55683
srt_h4096,clock_gap,historical,5,256,512.0,45905
srt_h4096,clock_gap,historical,5,512,1024.0,25208
srt_h4096,clock_gap,historical,5,1024,2048.0,9855
srt_h4096,clock_gap,historical,5,2048,4096.0,5390
srt_h4096,clock_gap,historical,5,4096,8192.0,2862
srt_h4096,clock_gap,historical,5,8192,16384.0,13
srt_h4096,clock_gap,historical,5,16384,32768.0,0
srt_h4096,clock_gap,historical,5,32768,65536.0,0
srt_h4096,clock_gap,historical,5,65536,131072.0,0
srt_h4096,clock_gap,historical,5,131072,262144.0,0
srt_h4096,clock_gap,historical,5,262144,524288.0,0
srt_h4096,clock_gap,historical,5,524288,1048576.0,0
srt_h4096,clock_gap,historical,5,1048576,2097152.0,0
srt_h4096,clock_gap,historical,5,2097152,4194304.0,0
srt_h4096,clock_gap,historical,5,4194304,8388608.0,0
srt_h4096,clock_gap,historical,5,8388608,16777216.0,0
srt_h4096,clock_gap,historical,5,16777216,33554432.0,0
srt_h4096,clock_gap,historical,5,33554432,67108864.0,0
srt_h4096,clock_gap,historical,5,67108864,134217728.0,0
srt_h4096,clock_gap,historical,5,134217728,268435456.0,0
srt_h4096,clock_gap,historical,5,268435456,536870912.0,0
srt_h4096,clock_gap,historical,5,536870912,1073741824.0,0
srt_h4096,clock_gap,historical,5,1073741824,2147483648.0,0
srt_h4096,clock_gap,historical,5,2147483648,4294967296.0,0
srt_h4096,clock_gap,historical,5,4294967296,8589934592.0,0
srt_h4096,clock_gap,historical,5,8589934592,17179869184.0,0
srt_h4096,clock_gap,historical,5,17179869184,34359738368.0,0
srt_h4096,clock_gap,historical,5,34359738368,68719476736.0,0
srt_h4096,clock_gap,historical,5,68719476736,137438953472.0,0
srt_h4096,clock_gap,historical,5,137438953472,274877906944.0,0
srt_h4096,clock_gap,historical,5,274877906944,549755813888.0,0
srt_h4096,clock_gap,historical,5,549755813888,1099511627776.0,0
srt_h4096,clock_gap,historical,5,1099511627776,,0
srt_h4096,clock_gap,historical,all,0,1.0,0
srt_h4096,clock_gap,historical,all,1,2.0,3424
srt_h4096,clock_gap,historical,all,2,4.0,6229
srt_h4096,clock_gap,historical,all,4,8.0,13444
srt_h4096,clock_gap,historical,all,8,16.0,30861
srt_h4096,clock_gap,historical,all,16,32.0,57143
srt_h4096,clock_gap,historical,all,32,64.0,84798
srt_h4096,clock_gap,historical,all,64,128.0,102960
srt_h4096,clock_gap,historical,all,128,256.0,108213
srt_h4096,clock_gap,historical,all,256,512.0,81739
srt_h4096,clock_gap,historical,all,512,1024.0,39554
srt_h4096,clock_gap,historical,all,1024,2048.0,12725
srt_h4096,clock_gap,historical,all,2048,4096.0,6228
srt_h4096,clock_gap,historical,all,4096,8192.0,3239
srt_h4096,clock_gap,historical,all,8192,16384.0,13
srt_h4096,clock_gap,historical,all,16384,32768.0,0
srt_h4096,clock_gap,historical,all,32768,65536.0,0
srt_h4096,clock_gap,historical,all,65536,131072.0,0
srt_h4096,clock_gap,historical,all,131072,262144.0,0
srt_h4096,clock_gap,historical,all,262144,524288.0,0
srt_h4096,clock_gap,historical,all,524288,1048576.0,0
srt_h4096,clock_gap,historical,all,1048576,2097152.0,0
srt_h4096,clock_gap,historical,all,2097152,4194304.0,0
srt_h4096,clock_gap,historical,all,4194304,8388608.0,0
srt_h4096,clock_gap,historical,all,8388608,16777216.0,0
srt_h4096,clock_gap,historical,all,16777216,33554432.0,0
srt_h4096,clock_gap,historical,all,33554432,67108864.0,0
srt_h4096,clock_gap,historical,all,67108864,134217728.0,0
srt_h4096,clock_gap,historical,all,134217728,268435456.0,0
srt_h4096,clock_gap,historical,all,268435456,536870912.0,0
srt_h4096,clock_gap,historical,all,536870912,1073741824.0,0
srt_h4096,clock_gap,historical,all,1073741824,2147483648.0,0
srt_h4096,clock_gap,historical,all,2147483648,4294967296.0,0
srt_h4096,clock_gap,historical,all,4294967296,8589934592.0,0
srt_h4096,clock_gap,historical,all,8589934592,17179869184.0,0
srt_h4096,clock_gap,historical,all,17179869184,34359738368.0,0
srt_h4096,clock_gap,historical,all,34359738368,68719476736.0,0
srt_h4096,clock_gap,historical,all,68719476736,137438953472.0,0
srt_h4096,clock_gap,historical,all,137438953472,274877906944.0,0
srt_h4096,clock_gap,historical,all,274877906944,549755813888.0,0
srt_h4096,clock_gap,historical,all,549755813888,1099511627776.0,0
srt_h4096,clock_gap,historical,all,1099511627776,,0
srt_h4096,interval_before,current_review,0,0,1.0,0
srt_h4096,interval_before,current_review,0,1,2.0,39321
srt_h4096,interval_before,current_review,0,2,4.0,0
srt_h4096,interval_before,current_review,0,4,8.0,0
srt_h4096,interval_before,current_review,0,8,16.0,0
srt_h4096,interval_before,current_review,0,16,32.0,0
srt_h4096,interval_before,current_review,0,32,64.0,0
srt_h4096,interval_before,current_review,0,64,128.0,0
srt_h4096,interval_before,current_review,0,128,256.0,0
srt_h4096,interval_before,current_review,0,256,512.0,0
srt_h4096,interval_before,current_review,0,512,1024.0,0
srt_h4096,interval_before,current_review,0,1024,2048.0,0
srt_h4096,interval_before,current_review,0,2048,4096.0,0
srt_h4096,interval_before,current_review,0,4096,8192.0,0
srt_h4096,interval_before,current_review,0,8192,16384.0,0
srt_h4096,interval_before,current_review,0,16384,32768.0,0
srt_h4096,interval_before,current_review,0,32768,65536.0,0
srt_h4096,interval_before,current_review,0,65536,131072.0,0
srt_h4096,interval_before,current_review,0,131072,262144.0,0
srt_h4096,interval_before,current_review,0,262144,524288.0,0
srt_h4096,interval_before,current_review,0,524288,1048576.0,0
srt_h4096,interval_before,current_review,0,1048576,2097152.0,0
srt_h4096,interval_before,current_review,0,2097152,4194304.0,0
srt_h4096,interval_before,current_review,0,4194304,8388608.0,0
srt_h4096,interval_before,current_review,0,8388608,16777216.0,0
srt_h4096,interval_before,current_review,0,16777216,33554432.0,0
srt_h4096,interval_before,current_review,0,33554432,67108864.0,0
srt_h4096,interval_before,current_review,0,67108864,134217728.0,0
srt_h4096,interval_before,current_review,0,134217728,268435456.0,0
srt_h4096,interval_before,current_review,0,268435456,536870912.0,0
srt_h4096,interval_before,current_review,0,536870912,1073741824.0,0
srt_h4096,interval_before,current_review,0,1073741824,2147483648.0,0
srt_h4096,interval_before,current_review,0,2147483648,4294967296.0,0
srt_h4096,interval_before,current_review,0,4294967296,8589934592.0,0
srt_h4096,interval_before,current_review,0,8589934592,17179869184.0,0
srt_h4096,interval_before,current_review,0,17179869184,34359738368.0,0
srt_h4096,interval_before,current_review,0,34359738368,68719476736.0,0
srt_h4096,interval_before,current_review,0,68719476736,137438953472.0,0
srt_h4096,interval_before,current_review,0,137438953472,274877906944.0,0
srt_h4096,interval_before,current_review,0,274877906944,549755813888.0,0
srt_h4096,interval_before,current_review,0,549755813888,1099511627776.0,0
srt_h4096,interval_before,current_review,0,1099511627776,,0
srt_h4096,interval_before,current_review,1,0,1.0,0
srt_h4096,interval_before,current_review,1,1,2.0,11247
srt_h4096,interval_before,current_review,1,2,4.0,0
srt_h4096,interval_before,current_review,1,4,8.0,0
srt_h4096,interval_before,current_review,1,8,16.0,0
srt_h4096,interval_before,current_review,1,16,32.0,0
srt_h4096,interval_before,current_review,1,32,64.0,0
srt_h4096,interval_before,current_review,1,64,128.0,0
srt_h4096,interval_before,current_review,1,128,256.0,0
srt_h4096,interval_before,current_review,1,256,512.0,0
srt_h4096,interval_before,current_review,1,512,1024.0,0
srt_h4096,interval_before,current_review,1,1024,2048.0,0
srt_h4096,interval_before,current_review,1,2048,4096.0,0
srt_h4096,interval_before,current_review,1,4096,8192.0,0
srt_h4096,interval_before,current_review,1,8192,16384.0,0
srt_h4096,interval_before,current_review,1,16384,32768.0,0
srt_h4096,interval_before,current_review,1,32768,65536.0,0
srt_h4096,interval_before,current_review,1,65536,131072.0,0
srt_h4096,interval_before,current_review,1,131072,262144.0,0
srt_h4096,interval_before,current_review,1,262144,524288.0,0
srt_h4096,interval_before,current_review,1,524288,1048576.0,0
srt_h4096,interval_before,current_review,1,1048576,2097152.0,0
srt_h4096,interval_before,current_review,1,2097152,4194304.0,0
srt_h4096,interval_before,current_review,1,4194304,8388608.0,0
srt_h4096,interval_before,current_review,1,8388608,16777216.0,0
srt_h4096,interval_before,current_review,1,16777216,33554432.0,0
srt_h4096,interval_before,current_review,1,33554432,67108864.0,0
srt_h4096,interval_before,current_review,1,67108864,134217728.0,0
srt_h4096,interval_before,current_review,1,134217728,268435456.0,0
srt_h4096,interval_before,current_review,1,268435456,536870912.0,0
srt_h4096,interval_before,current_review,1,536870912,1073741824.0,0
srt_h4096,interval_before,current_review,1,1073741824,2147483648.0,0
srt_h4096,interval_before,current_review,1,2147483648,4294967296.0,0
srt_h4096,interval_before,current_review,1,4294967296,8589934592.0,0
srt_h4096,interval_before,current_review,1,8589934592,17179869184.0,0
srt_h4096,interval_before,current_review,1,17179869184,34359738368.0,0
srt_h4096,interval_before,current_review,1,34359738368,68719476736.0,0
srt_h4096,interval_before,current_review,1,68719476736,137438953472.0,0
srt_h4096,interval_before,current_review,1,137438953472,274877906944.0,0
srt_h4096,interval_before,current_review,1,274877906944,549755813888.0,0
srt_h4096,interval_before,current_review,1,549755813888,1099511627776.0,0
srt_h4096,interval_before,current_review,1,1099511627776,,0
srt_h4096,interval_before,current_review,2,0,1.0,0
srt_h4096,interval_before,current_review,2,1,2.0,18309
srt_h4096,interval_before,current_review,2,2,4.0,0
srt_h4096,interval_before,current_review,2,4,8.0,0
srt_h4096,interval_before,current_review,2,8,16.0,0
srt_h4096,interval_before,current_review,2,16,32.0,0
srt_h4096,interval_before,current_review,2,32,64.0,0
srt_h4096,interval_before,current_review,2,64,128.0,0
srt_h4096,interval_before,current_review,2,128,256.0,0
srt_h4096,interval_before,current_review,2,256,512.0,0
srt_h4096,interval_before,current_review,2,512,1024.0,0
srt_h4096,interval_before,current_review,2,1024,2048.0,0
srt_h4096,interval_before,current_review,2,2048,4096.0,0
srt_h4096,interval_before,current_review,2,4096,8192.0,0
srt_h4096,interval_before,current_review,2,8192,16384.0,0
srt_h4096,interval_before,current_review,2,16384,32768.0,0
srt_h4096,interval_before,current_review,2,32768,65536.0,0
srt_h4096,interval_before,current_review,2,65536,131072.0,0
srt_h4096,interval_before,current_review,2,131072,262144.0,0
srt_h4096,interval_before,current_review,2,262144,524288.0,0
srt_h4096,interval_before,current_review,2,524288,1048576.0,0
srt_h4096,interval_before,current_review,2,1048576,2097152.0,0
srt_h4096,interval_before,current_review,2,2097152,4194304.0,0
srt_h4096,interval_before,current_review,2,4194304,8388608.0,0
srt_h4096,interval_before,current_review,2,8388608,16777216.0,0
srt_h4096,interval_before,current_review,2,16777216,33554432.0,0
srt_h4096,interval_before,current_review,2,33554432,67108864.0,0
srt_h4096,interval_before,current_review,2,67108864,134217728.0,0
srt_h4096,interval_before,current_review,2,134217728,268435456.0,0
srt_h4096,interval_before,current_review,2,268435456,536870912.0,0
srt_h4096,interval_before,current_review,2,536870912,1073741824.0,0
srt_h4096,interval_before,current_review,2,1073741824,2147483648.0,0
srt_h4096,interval_before,current_review,2,2147483648,4294967296.0,0
srt_h4096,interval_before,current_review,2,4294967296,8589934592.0,0
srt_h4096,interval_before,current_review,2,8589934592,17179869184.0,0
srt_h4096,interval_before,current_review,2,17179869184,34359738368.0,0
srt_h4096,interval_before,current_review,2,34359738368,68719476736.0,0
srt_h4096,interval_before,current_review,2,68719476736,137438953472.0,0
srt_h4096,interval_before,current_review,2,137438953472,274877906944.0,0
srt_h4096,interval_before,current_review,2,274877906944,549755813888.0,0
srt_h4096,interval_before,current_review,2,549755813888,1099511627776.0,0
srt_h4096,interval_before,current_review,2,1099511627776,,0
srt_h4096,interval_before,current_review,3,0,1.0,0
srt_h4096,interval_before,current_review,3,1,2.0,5886
srt_h4096,interval_before,current_review,3,2,4.0,0
srt_h4096,interval_before,current_review,3,4,8.0,2986
srt_h4096,interval_before,current_review,3,8,16.0,2932
srt_h4096,interval_before,current_review,3,16,32.0,1369
srt_h4096,interval_before,current_review,3,32,64.0,900
srt_h4096,interval_before,current_review,3,64,128.0,303
srt_h4096,interval_before,current_review,3,128,256.0,17
srt_h4096,interval_before,current_review,3,256,512.0,0
srt_h4096,interval_before,current_review,3,512,1024.0,0
srt_h4096,interval_before,current_review,3,1024,2048.0,0
srt_h4096,interval_before,current_review,3,2048,4096.0,0
srt_h4096,interval_before,current_review,3,4096,8192.0,0
srt_h4096,interval_before,current_review,3,8192,16384.0,0
srt_h4096,interval_before,current_review,3,16384,32768.0,0
srt_h4096,interval_before,current_review,3,32768,65536.0,0
srt_h4096,interval_before,current_review,3,65536,131072.0,0
srt_h4096,interval_before,current_review,3,131072,262144.0,0
srt_h4096,interval_before,current_review,3,262144,524288.0,0
srt_h4096,interval_before,current_review,3,524288,1048576.0,0
srt_h4096,interval_before,current_review,3,1048576,2097152.0,0
srt_h4096,interval_before,current_review,3,2097152,4194304.0,0
srt_h4096,interval_before,current_review,3,4194304,8388608.0,0
srt_h4096,interval_before,current_review,3,8388608,16777216.0,0
srt_h4096,interval_before,current_review,3,16777216,33554432.0,0
srt_h4096,interval_before,current_review,3,33554432,67108864.0,0
srt_h4096,interval_before,current_review,3,67108864,134217728.0,0
srt_h4096,interval_before,current_review,3,134217728,268435456.0,0
srt_h4096,interval_before,current_review,3,268435456,536870912.0,0
srt_h4096,interval_before,current_review,3,536870912,1073741824.0,0
srt_h4096,interval_before,current_review,3,1073741824,2147483648.0,0
srt_h4096,interval_before,current_review,3,2147483648,4294967296.0,0
srt_h4096,interval_before,current_review,3,4294967296,8589934592.0,0
srt_h4096,interval_before,current_review,3,8589934592,17179869184.0,0
srt_h4096,interval_before,current_review,3,17179869184,34359738368.0,0
srt_h4096,interval_before,current_review,3,34359738368,68719476736.0,0
srt_h4096,interval_before,current_review,3,68719476736,137438953472.0,0
srt_h4096,interval_before,current_review,3,137438953472,274877906944.0,0
srt_h4096,interval_before,current_review,3,274877906944,549755813888.0,0
srt_h4096,interval_before,current_review,3,549755813888,1099511627776.0,0
srt_h4096,interval_before,current_review,3,1099511627776,,0
srt_h4096,interval_before,current_review,4,0,1.0,0
srt_h4096,interval_before,current_review,4,1,2.0,7446
srt_h4096,interval_before,current_review,4,2,4.0,0
srt_h4096,interval_before,current_review,4,4,8.0,4589
srt_h4096,interval_before,current_review,4,8,16.0,4350
srt_h4096,interval_before,current_review,4,16,32.0,2688
srt_h4096,interval_before,current_review,4,32,64.0,1495
srt_h4096,interval_before,current_review,4,64,128.0,415
srt_h4096,interval_before,current_review,4,128,256.0,160
srt_h4096,interval_before,current_review,4,256,512.0,0
srt_h4096,interval_before,current_review,4,512,1024.0,0
srt_h4096,interval_before,current_review,4,1024,2048.0,0
srt_h4096,interval_before,current_review,4,2048,4096.0,0
srt_h4096,interval_before,current_review,4,4096,8192.0,0
srt_h4096,interval_before,current_review,4,8192,16384.0,0
srt_h4096,interval_before,current_review,4,16384,32768.0,0
srt_h4096,interval_before,current_review,4,32768,65536.0,0
srt_h4096,interval_before,current_review,4,65536,131072.0,0
srt_h4096,interval_before,current_review,4,131072,262144.0,0
srt_h4096,interval_before,current_review,4,262144,524288.0,0
srt_h4096,interval_before,current_review,4,524288,1048576.0,0
srt_h4096,interval_before,current_review,4,1048576,2097152.0,0
srt_h4096,interval_before,current_review,4,2097152,4194304.0,0
srt_h4096,interval_before,current_review,4,4194304,8388608.0,0
srt_h4096,interval_before,current_review,4,8388608,16777216.0,0
srt_h4096,interval_before,current_review,4,16777216,33554432.0,0
srt_h4096,interval_before,current_review,4,33554432,67108864.0,0
srt_h4096,interval_before,current_review,4,67108864,134217728.0,0
srt_h4096,interval_before,current_review,4,134217728,268435456.0,0
srt_h4096,interval_before,current_review,4,268435456,536870912.0,0
srt_h4096,interval_before,current_review,4,536870912,1073741824.0,0
srt_h4096,interval_before,current_review,4,1073741824,2147483648.0,0
srt_h4096,interval_before,current_review,4,2147483648,4294967296.0,0
srt_h4096,interval_before,current_review,4,4294967296,8589934592.0,0
srt_h4096,interval_before,current_review,4,8589934592,17179869184.0,0
srt_h4096,interval_before,current_review,4,17179869184,34359738368.0,0
srt_h4096,interval_before,current_review,4,34359738368,68719476736.0,0
srt_h4096,interval_before,current_review,4,68719476736,137438953472.0,0
srt_h4096,interval_before,current_review,4,137438953472,274877906944.0,0
srt_h4096,interval_before,current_review,4,274877906944,549755813888.0,0
srt_h4096,interval_before,current_review,4,549755813888,1099511627776.0,0
srt_h4096,interval_before,current_review,4,1099511627776,,0
srt_h4096,interval_before,current_review,5,0,1.0,0
srt_h4096,interval_before,current_review,5,1,2.0,39703
srt_h4096,interval_before,current_review,5,2,4.0,0
srt_h4096,interval_before,current_review,5,4,8.0,35103
srt_h4096,interval_before,current_review,5,8,16.0,31353
srt_h4096,interval_before,current_review,5,16,32.0,29513
srt_h4096,interval_before,current_review,5,32,64.0,19775
srt_h4096,interval_before,current_review,5,64,128.0,4907
srt_h4096,interval_before,current_review,5,128,256.0,5303
srt_h4096,interval_before,current_review,5,256,512.0,0
srt_h4096,interval_before,current_review,5,512,1024.0,0
srt_h4096,interval_before,current_review,5,1024,2048.0,0
srt_h4096,interval_before,current_review,5,2048,4096.0,0
srt_h4096,interval_before,current_review,5,4096,8192.0,0
srt_h4096,interval_before,current_review,5,8192,16384.0,0
srt_h4096,interval_before,current_review,5,16384,32768.0,0
srt_h4096,interval_before,current_review,5,32768,65536.0,0
srt_h4096,interval_before,current_review,5,65536,131072.0,0
srt_h4096,interval_before,current_review,5,131072,262144.0,0
srt_h4096,interval_before,current_review,5,262144,524288.0,0
srt_h4096,interval_before,current_review,5,524288,1048576.0,0
srt_h4096,interval_before,current_review,5,1048576,2097152.0,0
srt_h4096,interval_before,current_review,5,2097152,4194304.0,0
srt_h4096,interval_before,current_review,5,4194304,8388608.0,0
srt_h4096,interval_before,current_review,5,8388608,16777216.0,0
srt_h4096,interval_before,current_review,5,16777216,33554432.0,0
srt_h4096,interval_before,current_review,5,33554432,67108864.0,0
srt_h4096,interval_before,current_review,5,67108864,134217728.0,0
srt_h4096,interval_before,current_review,5,134217728,268435456.0,0
srt_h4096,interval_before,current_review,5,268435456,536870912.0,0
srt_h4096,interval_before,current_review,5,536870912,1073741824.0,0
srt_h4096,interval_before,current_review,5,1073741824,2147483648.0,0
srt_h4096,interval_before,current_review,5,2147483648,4294967296.0,0
srt_h4096,interval_before,current_review,5,4294967296,8589934592.0,0
srt_h4096,interval_before,current_review,5,8589934592,17179869184.0,0
srt_h4096,interval_before,current_review,5,17179869184,34359738368.0,0
srt_h4096,interval_before,current_review,5,34359738368,68719476736.0,0
srt_h4096,interval_before,current_review,5,68719476736,137438953472.0,0
srt_h4096,interval_before,current_review,5,137438953472,274877906944.0,0
srt_h4096,interval_before,current_review,5,274877906944,549755813888.0,0
srt_h4096,interval_before,current_review,5,549755813888,1099511627776.0,0
srt_h4096,interval_before,current_review,5,1099511627776,,0
srt_h4096,interval_before,current_review,all,0,1.0,0
srt_h4096,interval_before,current_review,all,1,2.0,121912
srt_h4096,interval_before,current_review,all,2,4.0,0
srt_h4096,interval_before,current_review,all,4,8.0,42678
srt_h4096,interval_before,current_review,all,8,16.0,38635
srt_h4096,interval_before,current_review,all,16,32.0,33570
srt_h4096,interval_before,current_review,all,32,64.0,22170
srt_h4096,interval_before,current_review,all,64,128.0,5625
srt_h4096,interval_before,current_review,all,128,256.0,5480
srt_h4096,interval_before,current_review,all,256,512.0,0
srt_h4096,interval_before,current_review,all,512,1024.0,0
srt_h4096,interval_before,current_review,all,1024,2048.0,0
srt_h4096,interval_before,current_review,all,2048,4096.0,0
srt_h4096,interval_before,current_review,all,4096,8192.0,0
srt_h4096,interval_before,current_review,all,8192,16384.0,0
srt_h4096,interval_before,current_review,all,16384,32768.0,0
srt_h4096,interval_before,current_review,all,32768,65536.0,0
srt_h4096,interval_before,current_review,all,65536,131072.0,0
srt_h4096,interval_before,current_review,all,131072,262144.0,0
srt_h4096,interval_before,current_review,all,262144,524288.0,0
srt_h4096,interval_before,current_review,all,524288,1048576.0,0
srt_h4096,interval_before,current_review,all,1048576,2097152.0,0
srt_h4096,interval_before,current_review,all,2097152,4194304.0,0
srt_h4096,interval_before,current_review,all,4194304,8388608.0,0
srt_h4096,interval_before,current_review,all,8388608,16777216.0,0
srt_h4096,interval_before,current_review,all,16777216,33554432.0,0
srt_h4096,interval_before,current_review,all,33554432,67108864.0,0
srt_h4096,interval_before,current_review,all,67108864,134217728.0,0
srt_h4096,interval_before,current_review,all,134217728,268435456.0,0
srt_h4096,interval_before,current_review,all,268435456,536870912.0,0
srt_h4096,interval_before,current_review,all,536870912,1073741824.0,0
srt_h4096,interval_before,current_review,all,1073741824,2147483648.0,0
srt_h4096,interval_before,current_review,all,2147483648,4294967296.0,0
srt_h4096,interval_before,current_review,all,4294967296,8589934592.0,0
srt_h4096,interval_before,current_review,all,8589934592,17179869184.0,0
srt_h4096,interval_before,current_review,all,17179869184,34359738368.0,0
srt_h4096,interval_before,current_review,all,34359738368,68719476736.0,0
srt_h4096,interval_before,current_review,all,68719476736,137438953472.0,0
srt_h4096,interval_before,current_review,all,137438953472,274877906944.0,0
srt_h4096,interval_before,current_review,all,274877906944,549755813888.0,0
srt_h4096,interval_before,current_review,all,549755813888,1099511627776.0,0
srt_h4096,interval_before,current_review,all,1099511627776,,0
srt_h4096,interval_before,historical,0,0,1.0,0
srt_h4096,interval_before,historical,0,1,2.0,77817
srt_h4096,interval_before,historical,0,2,4.0,0
srt_h4096,interval_before,historical,0,4,8.0,0
srt_h4096,interval_before,historical,0,8,16.0,0
srt_h4096,interval_before,historical,0,16,32.0,0
srt_h4096,interval_before,historical,0,32,64.0,0
srt_h4096,interval_before,historical,0,64,128.0,0
srt_h4096,interval_before,historical,0,128,256.0,0
srt_h4096,interval_before,historical,0,256,512.0,0
srt_h4096,interval_before,historical,0,512,1024.0,0
srt_h4096,interval_before,historical,0,1024,2048.0,0
srt_h4096,interval_before,historical,0,2048,4096.0,0
srt_h4096,interval_before,historical,0,4096,8192.0,0
srt_h4096,interval_before,historical,0,8192,16384.0,0
srt_h4096,interval_before,historical,0,16384,32768.0,0
srt_h4096,interval_before,historical,0,32768,65536.0,0
srt_h4096,interval_before,historical,0,65536,131072.0,0
srt_h4096,interval_before,historical,0,131072,262144.0,0
srt_h4096,interval_before,historical,0,262144,524288.0,0
srt_h4096,interval_before,historical,0,524288,1048576.0,0
srt_h4096,interval_before,historical,0,1048576,2097152.0,0
srt_h4096,interval_before,historical,0,2097152,4194304.0,0
srt_h4096,interval_before,historical,0,4194304,8388608.0,0
srt_h4096,interval_before,historical,0,8388608,16777216.0,0
srt_h4096,interval_before,historical,0,16777216,33554432.0,0
srt_h4096,interval_before,historical,0,33554432,67108864.0,0
srt_h4096,interval_before,historical,0,67108864,134217728.0,0
srt_h4096,interval_before,historical,0,134217728,268435456.0,0
srt_h4096,interval_before,historical,0,268435456,536870912.0,0
srt_h4096,interval_before,historical,0,536870912,1073741824.0,0
srt_h4096,interval_before,historical,0,1073741824,2147483648.0,0
srt_h4096,interval_before,historical,0,2147483648,4294967296.0,0
srt_h4096,interval_before,historical,0,4294967296,8589934592.0,0
srt_h4096,interval_before,historical,0,8589934592,17179869184.0,0
srt_h4096,interval_before,historical,0,17179869184,34359738368.0,0
srt_h4096,interval_before,historical,0,34359738368,68719476736.0,0
srt_h4096,interval_before,historical,0,68719476736,137438953472.0,0
srt_h4096,interval_before,historical,0,137438953472,274877906944.0,0
srt_h4096,interval_before,historical,0,274877906944,549755813888.0,0
srt_h4096,interval_before,historical,0,549755813888,1099511627776.0,0
srt_h4096,interval_before,historical,0,1099511627776,,0
srt_h4096,interval_before,historical,1,0,1.0,0
srt_h4096,interval_before,historical,1,1,2.0,31197
srt_h4096,interval_before,historical,1,2,4.0,0
srt_h4096,interval_before,historical,1,4,8.0,0
srt_h4096,interval_before,historical,1,8,16.0,0
srt_h4096,interval_before,historical,1,16,32.0,0
srt_h4096,interval_before,historical,1,32,64.0,0
srt_h4096,interval_before,historical,1,64,128.0,0
srt_h4096,interval_before,historical,1,128,256.0,0
srt_h4096,interval_before,historical,1,256,512.0,0
srt_h4096,interval_before,historical,1,512,1024.0,0
srt_h4096,interval_before,historical,1,1024,2048.0,0
srt_h4096,interval_before,historical,1,2048,4096.0,0
srt_h4096,interval_before,historical,1,4096,8192.0,0
srt_h4096,interval_before,historical,1,8192,16384.0,0
srt_h4096,interval_before,historical,1,16384,32768.0,0
srt_h4096,interval_before,historical,1,32768,65536.0,0
srt_h4096,interval_before,historical,1,65536,131072.0,0
srt_h4096,interval_before,historical,1,131072,262144.0,0
srt_h4096,interval_before,historical,1,262144,524288.0,0
srt_h4096,interval_before,historical,1,524288,1048576.0,0
srt_h4096,interval_before,historical,1,1048576,2097152.0,0
srt_h4096,interval_before,historical,1,2097152,4194304.0,0
srt_h4096,interval_before,historical,1,4194304,8388608.0,0
srt_h4096,interval_before,historical,1,8388608,16777216.0,0
srt_h4096,interval_before,historical,1,16777216,33554432.0,0
srt_h4096,interval_before,historical,1,33554432,67108864.0,0
srt_h4096,interval_before,historical,1,67108864,134217728.0,0
srt_h4096,interval_before,historical,1,134217728,268435456.0,0
srt_h4096,interval_before,historical,1,268435456,536870912.0,0
srt_h4096,interval_before,historical,1,536870912,1073741824.0,0
srt_h4096,interval_before,historical,1,1073741824,2147483648.0,0
srt_h4096,interval_before,historical,1,2147483648,4294967296.0,0
srt_h4096,interval_before,historical,1,4294967296,8589934592.0,0
srt_h4096,interval_before,historical,1,8589934592,17179869184.0,0
srt_h4096,interval_before,historical,1,17179869184,34359738368.0,0
srt_h4096,interval_before,historical,1,34359738368,68719476736.0,0
srt_h4096,interval_before,historical,1,68719476736,137438953472.0,0
srt_h4096,interval_before,historical,1,137438953472,274877906944.0,0
srt_h4096,interval_before,historical,1,274877906944,549755813888.0,0
srt_h4096,interval_before,historical,1,549755813888,1099511627776.0,0
srt_h4096,interval_before,historical,1,1099511627776,,0
srt_h4096,interval_before,historical,2,0,1.0,0
srt_h4096,interval_before,historical,2,1,2.0,51040
srt_h4096,interval_before,historical,2,2,4.0,0
srt_h4096,interval_before,historical,2,4,8.0,0
srt_h4096,interval_before,historical,2,8,16.0,0
srt_h4096,interval_before,historical,2,16,32.0,0
srt_h4096,interval_before,historical,2,32,64.0,0
srt_h4096,interval_before,historical,2,64,128.0,0
srt_h4096,interval_before,historical,2,128,256.0,0
srt_h4096,interval_before,historical,2,256,512.0,0
srt_h4096,interval_before,historical,2,512,1024.0,0
srt_h4096,interval_before,historical,2,1024,2048.0,0
srt_h4096,interval_before,historical,2,2048,4096.0,0
srt_h4096,interval_before,historical,2,4096,8192.0,0
srt_h4096,interval_before,historical,2,8192,16384.0,0
srt_h4096,interval_before,historical,2,16384,32768.0,0
srt_h4096,interval_before,historical,2,32768,65536.0,0
srt_h4096,interval_before,historical,2,65536,131072.0,0
srt_h4096,interval_before,historical,2,131072,262144.0,0
srt_h4096,interval_before,historical,2,262144,524288.0,0
srt_h4096,interval_before,historical,2,524288,1048576.0,0
srt_h4096,interval_before,historical,2,1048576,2097152.0,0
srt_h4096,interval_before,historical,2,2097152,4194304.0,0
srt_h4096,interval_before,historical,2,4194304,8388608.0,0
srt_h4096,interval_before,historical,2,8388608,16777216.0,0
srt_h4096,interval_before,historical,2,16777216,33554432.0,0
srt_h4096,interval_before,historical,2,33554432,67108864.0,0
srt_h4096,interval_before,historical,2,67108864,134217728.0,0
srt_h4096,interval_before,historical,2,134217728,268435456.0,0
srt_h4096,interval_before,historical,2,268435456,536870912.0,0
srt_h4096,interval_before,historical,2,536870912,1073741824.0,0
srt_h4096,interval_before,historical,2,1073741824,2147483648.0,0
srt_h4096,interval_before,historical,2,2147483648,4294967296.0,0
srt_h4096,interval_before,historical,2,4294967296,8589934592.0,0
srt_h4096,interval_before,historical,2,8589934592,17179869184.0,0
srt_h4096,interval_before,historical,2,17179869184,34359738368.0,0
srt_h4096,interval_before,historical,2,34359738368,68719476736.0,0
srt_h4096,interval_before,historical,2,68719476736,137438953472.0,0
srt_h4096,interval_before,historical,2,137438953472,274877906944.0,0
srt_h4096,interval_before,historical,2,274877906944,549755813888.0,0
srt_h4096,interval_before,historical,2,549755813888,1099511627776.0,0
srt_h4096,interval_before,historical,2,1099511627776,,0
srt_h4096,interval_before,historical,3,0,1.0,0
srt_h4096,interval_before,historical,3,1,2.0,14721
srt_h4096,interval_before,historical,3,2,4.0,0
srt_h4096,interval_before,historical,3,4,8.0,8398
srt_h4096,interval_before,historical,3,8,16.0,9302
srt_h4096,interval_before,historical,3,16,32.0,3442
srt_h4096,interval_before,historical,3,32,64.0,2331
srt_h4096,interval_before,historical,3,64,128.0,1758
srt_h4096,interval_before,historical,3,128,256.0,1322
srt_h4096,interval_before,historical,3,256,512.0,1085
srt_h4096,interval_before,historical,3,512,1024.0,670
srt_h4096,interval_before,historical,3,1024,2048.0,526
srt_h4096,interval_before,historical,3,2048,4096.0,238
srt_h4096,interval_before,historical,3,4096,8192.0,131
srt_h4096,interval_before,historical,3,8192,16384.0,0
srt_h4096,interval_before,historical,3,16384,32768.0,0
srt_h4096,interval_before,historical,3,32768,65536.0,0
srt_h4096,interval_before,historical,3,65536,131072.0,0
srt_h4096,interval_before,historical,3,131072,262144.0,0
srt_h4096,interval_before,historical,3,262144,524288.0,0
srt_h4096,interval_before,historical,3,524288,1048576.0,0
srt_h4096,interval_before,historical,3,1048576,2097152.0,0
srt_h4096,interval_before,historical,3,2097152,4194304.0,0
srt_h4096,interval_before,historical,3,4194304,8388608.0,0
srt_h4096,interval_before,historical,3,8388608,16777216.0,0
srt_h4096,interval_before,historical,3,16777216,33554432.0,0
srt_h4096,interval_before,historical,3,33554432,67108864.0,0
srt_h4096,interval_before,historical,3,67108864,134217728.0,0
srt_h4096,interval_before,historical,3,134217728,268435456.0,0
srt_h4096,interval_before,historical,3,268435456,536870912.0,0
srt_h4096,interval_before,historical,3,536870912,1073741824.0,0
srt_h4096,interval_before,historical,3,1073741824,2147483648.0,0
srt_h4096,interval_before,historical,3,2147483648,4294967296.0,0
srt_h4096,interval_before,historical,3,4294967296,8589934592.0,0
srt_h4096,interval_before,historical,3,8589934592,17179869184.0,0
srt_h4096,interval_before,historical,3,17179869184,34359738368.0,0
srt_h4096,interval_before,historical,3,34359738368,68719476736.0,0
srt_h4096,interval_before,historical,3,68719476736,137438953472.0,0
srt_h4096,interval_before,historical,3,137438953472,274877906944.0,0
srt_h4096,interval_before,historical,3,274877906944,549755813888.0,0
srt_h4096,interval_before,historical,3,549755813888,1099511627776.0,0
srt_h4096,interval_before,historical,3,1099511627776,,0
srt_h4096,interval_before,historical,4,0,1.0,0
srt_h4096,interval_before,historical,4,1,2.0,20472
srt_h4096,interval_before,historical,4,2,4.0,0
srt_h4096,interval_before,historical,4,4,8.0,12793
srt_h4096,interval_before,historical,4,8,16.0,12577
srt_h4096,interval_before,historical,4,16,32.0,6751
srt_h4096,interval_before,historical,4,32,64.0,3679
srt_h4096,interval_before,historical,4,64,128.0,2752
srt_h4096,interval_before,historical,4,128,256.0,2194
srt_h4096,interval_before,historical,4,256,512.0,1512
srt_h4096,interval_before,historical,4,512,1024.0,1266
srt_h4096,interval_before,historical,4,1024,2048.0,875
srt_h4096,interval_before,historical,4,2048,4096.0,389
srt_h4096,interval_before,historical,4,4096,8192.0,206
srt_h4096,interval_before,historical,4,8192,16384.0,0
srt_h4096,interval_before,historical,4,16384,32768.0,0
srt_h4096,interval_before,historical,4,32768,65536.0,0
srt_h4096,interval_before,historical,4,65536,131072.0,0
srt_h4096,interval_before,historical,4,131072,262144.0,0
srt_h4096,interval_before,historical,4,262144,524288.0,0
srt_h4096,interval_before,historical,4,524288,1048576.0,0
srt_h4096,interval_before,historical,4,1048576,2097152.0,0
srt_h4096,interval_before,historical,4,2097152,4194304.0,0
srt_h4096,interval_before,historical,4,4194304,8388608.0,0
srt_h4096,interval_before,historical,4,8388608,16777216.0,0
srt_h4096,interval_before,historical,4,16777216,33554432.0,0
srt_h4096,interval_before,historical,4,33554432,67108864.0,0
srt_h4096,interval_before,historical,4,67108864,134217728.0,0
srt_h4096,interval_before,historical,4,134217728,268435456.0,0
srt_h4096,interval_before,historical,4,268435456,536870912.0,0
srt_h4096,interval_before,historical,4,536870912,1073741824.0,0
srt_h4096,interval_before,historical,4,1073741824,2147483648.0,0
srt_h4096,interval_before,historical,4,2147483648,4294967296.0,0
srt_h4096,interval_before,historical,4,4294967296,8589934592.0,0
srt_h4096,interval_before,historical,4,8589934592,17179869184.0,0
srt_h4096,interval_before,historical,4,17179869184,34359738368.0,0
srt_h4096,interval_before,historical,4,34359738368,68719476736.0,0
srt_h4096,interval_before,historical,4,68719476736,137438953472.0,0
srt_h4096,interval_before,historical,4,137438953472,274877906944.0,0
srt_h4096,interval_before,historical,4,274877906944,549755813888.0,0
srt_h4096,interval_before,historical,4,549755813888,1099511627776.0,0
srt_h4096,interval_before,historical,4,1099511627776,,0
srt_h4096,interval_before,historical,5,0,1.0,0
srt_h4096,interval_before,historical,5,1,2.0,65697
srt_h4096,interval_before,historical,5,2,4.0,0
srt_h4096,interval_before,historical,5,4,8.0,48116
srt_h4096,interval_before,historical,5,8,16.0,45978
srt_h4096,interval_before,historical,5,16,32.0,32216
srt_h4096,interval_before,historical,5,32,64.0,17758
srt_h4096,interval_before,historical,5,64,128.0,15558
srt_h4096,interval_before,historical,5,128,256.0,15697
srt_h4096,interval_before,historical,5,256,512.0,14832
srt_h4096,interval_before,historical,5,512,1024.0,10796
srt_h4096,interval_before,historical,5,1024,2048.0,6760
srt_h4096,interval_before,historical,5,2048,4096.0,5030
srt_h4096,interval_before,historical,5,4096,8192.0,2687
srt_h4096,interval_before,historical,5,8192,16384.0,1
srt_h4096,interval_before,historical,5,16384,32768.0,0
srt_h4096,interval_before,historical,5,32768,65536.0,0
srt_h4096,interval_before,historical,5,65536,131072.0,0
srt_h4096,interval_before,historical,5,131072,262144.0,0
srt_h4096,interval_before,historical,5,262144,524288.0,0
srt_h4096,interval_before,historical,5,524288,1048576.0,0
srt_h4096,interval_before,historical,5,1048576,2097152.0,0
srt_h4096,interval_before,historical,5,2097152,4194304.0,0
srt_h4096,interval_before,historical,5,4194304,8388608.0,0
srt_h4096,interval_before,historical,5,8388608,16777216.0,0
srt_h4096,interval_before,historical,5,16777216,33554432.0,0
srt_h4096,interval_before,historical,5,33554432,67108864.0,0
srt_h4096,interval_before,historical,5,67108864,134217728.0,0
srt_h4096,interval_before,historical,5,134217728,268435456.0,0
srt_h4096,interval_before,historical,5,268435456,536870912.0,0
srt_h4096,interval_before,historical,5,536870912,1073741824.0,0
srt_h4096,interval_before,historical,5,1073741824,2147483648.0,0
srt_h4096,interval_before,historical,5,2147483648,4294967296.0,0
srt_h4096,interval_before,historical,5,4294967296,8589934592.0,0
srt_h4096,interval_before,historical,5,8589934592,17179869184.0,0
srt_h4096,interval_before,historical,5,17179869184,34359738368.0,0
srt_h4096,interval_before,historical,5,34359738368,68719476736.0,0
srt_h4096,interval_before,historical,5,68719476736,137438953472.0,0
srt_h4096,interval_before,historical,5,137438953472,274877906944.0,0
srt_h4096,interval_before,historical,5,274877906944,549755813888.0,0
srt_h4096,interval_before,historical,5,549755813888,1099511627776.0,0
srt_h4096,interval_before,historical,5,1099511627776,,0
srt_h4096,interval_before,historical,all,0,1.0,0
srt_h4096,interval_before,historical,all,1,2.0,260944
srt_h4096,interval_before,historical,all,2,4.0,0
srt_h4096,interval_before,historical,all,4,8.0,69307
srt_h4096,interval_before,historical,all,8,16.0,67857
srt_h4096,interval_before,historical,all,16,32.0,42409
srt_h4096,interval_before,historical,all,32,64.0,23768
srt_h4096,interval_before,historical,all,64,128.0,20068
srt_h4096,interval_before,historical,all,128,256.0,19213
srt_h4096,interval_before,historical,all,256,512.0,17429
srt_h4096,interval_before,historical,all,512,1024.0,12732
srt_h4096,interval_before,historical,all,1024,2048.0,8161
srt_h4096,interval_before,historical,all,2048,4096.0,5657
srt_h4096,interval_before,historical,all,4096,8192.0,3024
srt_h4096,interval_before,historical,all,8192,16384.0,1
srt_h4096,interval_before,historical,all,16384,32768.0,0
srt_h4096,interval_before,historical,all,32768,65536.0,0
srt_h4096,interval_before,historical,all,65536,131072.0,0
srt_h4096,interval_before,historical,all,131072,262144.0,0
srt_h4096,interval_before,historical,all,262144,524288.0,0
srt_h4096,interval_before,historical,all,524288,1048576.0,0
srt_h4096,interval_before,historical,all,1048576,2097152.0,0
srt_h4096,interval_before,historical,all,2097152,4194304.0,0
srt_h4096,interval_before,historical,all,4194304,8388608.0,0
srt_h4096,interval_before,historical,all,8388608,16777216.0,0
srt_h4096,interval_before,historical,all,16777216,33554432.0,0
srt_h4096,interval_before,historical,all,33554432,67108864.0,0
srt_h4096,interval_before,historical,all,67108864,134217728.0,0
srt_h4096,interval_before,historical,all,134217728,268435456.0,0
srt_h4096,interval_before,historical,all,268435456,536870912.0,0
srt_h4096,interval_before,historical,all,536870912,1073741824.0,0
srt_h4096,interval_before,historical,all,1073741824,2147483648.0,0
srt_h4096,interval_before,historical,all,2147483648,4294967296.0,0
srt_h4096,interval_before,historical,all,4294967296,8589934592.0,0
srt_h4096,interval_before,historical,all,8589934592,17179869184.0,0
srt_h4096,interval_before,historical,all,17179869184,34359738368.0,0
srt_h4096,interval_before,historical,all,34359738368,68719476736.0,0
srt_h4096,interval_before,historical,all,68719476736,137438953472.0,0
srt_h4096,interval_before,historical,all,137438953472,274877906944.0,0
srt_h4096,interval_before,historical,all,274877906944,549755813888.0,0
srt_h4096,interval_before,historical,all,549755813888,1099511627776.0,0
srt_h4096,interval_before,historical,all,1099511627776,,0
srt_h4096,lateness,current_review,0,0,1.0,11324
srt_h4096,lateness,current_review,0,1,2.0,1828
srt_h4096,lateness,current_review,0,2,4.0,2972
srt_h4096,lateness,current_review,0,4,8.0,5764
srt_h4096,lateness,current_review,0,8,16.0,8464
srt_h4096,lateness,current_review,0,16,32.0,6676
srt_h4096,lateness,current_review,0,32,64.0,2181
srt_h4096,lateness,current_review,0,64,128.0,112
srt_h4096,lateness,current_review,0,128,256.0,0
srt_h4096,lateness,current_review,0,256,512.0,0
srt_h4096,lateness,current_review,0,512,1024.0,0
srt_h4096,lateness,current_review,0,1024,2048.0,0
srt_h4096,lateness,current_review,0,2048,4096.0,0
srt_h4096,lateness,current_review,0,4096,8192.0,0
srt_h4096,lateness,current_review,0,8192,16384.0,0
srt_h4096,lateness,current_review,0,16384,32768.0,0
srt_h4096,lateness,current_review,0,32768,65536.0,0
srt_h4096,lateness,current_review,0,65536,131072.0,0
srt_h4096,lateness,current_review,0,131072,262144.0,0
srt_h4096,lateness,current_review,0,262144,524288.0,0
srt_h4096,lateness,current_review,0,524288,1048576.0,0
srt_h4096,lateness,current_review,0,1048576,2097152.0,0
srt_h4096,lateness,current_review,0,2097152,4194304.0,0
srt_h4096,lateness,current_review,0,4194304,8388608.0,0
srt_h4096,lateness,current_review,0,8388608,16777216.0,0
srt_h4096,lateness,current_review,0,16777216,33554432.0,0
srt_h4096,lateness,current_review,0,33554432,67108864.0,0
srt_h4096,lateness,current_review,0,67108864,134217728.0,0
srt_h4096,lateness,current_review,0,134217728,268435456.0,0
srt_h4096,lateness,current_review,0,268435456,536870912.0,0
srt_h4096,lateness,current_review,0,536870912,1073741824.0,0
srt_h4096,lateness,current_review,0,1073741824,2147483648.0,0
srt_h4096,lateness,current_review,0,2147483648,4294967296.0,0
srt_h4096,lateness,current_review,0,4294967296,8589934592.0,0
srt_h4096,lateness,current_review,0,8589934592,17179869184.0,0
srt_h4096,lateness,current_review,0,17179869184,34359738368.0,0
srt_h4096,lateness,current_review,0,34359738368,68719476736.0,0
srt_h4096,lateness,current_review,0,68719476736,137438953472.0,0
srt_h4096,lateness,current_review,0,137438953472,274877906944.0,0
srt_h4096,lateness,current_review,0,274877906944,549755813888.0,0
srt_h4096,lateness,current_review,0,549755813888,1099511627776.0,0
srt_h4096,lateness,current_review,0,1099511627776,,0
srt_h4096,lateness,current_review,1,0,1.0,5848
srt_h4096,lateness,current_review,1,1,2.0,791
srt_h4096,lateness,current_review,1,2,4.0,1094
srt_h4096,lateness,current_review,1,4,8.0,1280
srt_h4096,lateness,current_review,1,8,16.0,1272
srt_h4096,lateness,current_review,1,16,32.0,770
srt_h4096,lateness,current_review,1,32,64.0,183
srt_h4096,lateness,current_review,1,64,128.0,9
srt_h4096,lateness,current_review,1,128,256.0,0
srt_h4096,lateness,current_review,1,256,512.0,0
srt_h4096,lateness,current_review,1,512,1024.0,0
srt_h4096,lateness,current_review,1,1024,2048.0,0
srt_h4096,lateness,current_review,1,2048,4096.0,0
srt_h4096,lateness,current_review,1,4096,8192.0,0
srt_h4096,lateness,current_review,1,8192,16384.0,0
srt_h4096,lateness,current_review,1,16384,32768.0,0
srt_h4096,lateness,current_review,1,32768,65536.0,0
srt_h4096,lateness,current_review,1,65536,131072.0,0
srt_h4096,lateness,current_review,1,131072,262144.0,0
srt_h4096,lateness,current_review,1,262144,524288.0,0
srt_h4096,lateness,current_review,1,524288,1048576.0,0
srt_h4096,lateness,current_review,1,1048576,2097152.0,0
srt_h4096,lateness,current_review,1,2097152,4194304.0,0
srt_h4096,lateness,current_review,1,4194304,8388608.0,0
srt_h4096,lateness,current_review,1,8388608,16777216.0,0
srt_h4096,lateness,current_review,1,16777216,33554432.0,0
srt_h4096,lateness,current_review,1,33554432,67108864.0,0
srt_h4096,lateness,current_review,1,67108864,134217728.0,0
srt_h4096,lateness,current_review,1,134217728,268435456.0,0
srt_h4096,lateness,current_review,1,268435456,536870912.0,0
srt_h4096,lateness,current_review,1,536870912,1073741824.0,0
srt_h4096,lateness,current_review,1,1073741824,2147483648.0,0
srt_h4096,lateness,current_review,1,2147483648,4294967296.0,0
srt_h4096,lateness,current_review,1,4294967296,8589934592.0,0
srt_h4096,lateness,current_review,1,8589934592,17179869184.0,0
srt_h4096,lateness,current_review,1,17179869184,34359738368.0,0
srt_h4096,lateness,current_review,1,34359738368,68719476736.0,0
srt_h4096,lateness,current_review,1,68719476736,137438953472.0,0
srt_h4096,lateness,current_review,1,137438953472,274877906944.0,0
srt_h4096,lateness,current_review,1,274877906944,549755813888.0,0
srt_h4096,lateness,current_review,1,549755813888,1099511627776.0,0
srt_h4096,lateness,current_review,1,1099511627776,,0
srt_h4096,lateness,current_review,2,0,1.0,10338
srt_h4096,lateness,current_review,2,1,2.0,1190
srt_h4096,lateness,current_review,2,2,4.0,1757
srt_h4096,lateness,current_review,2,4,8.0,1890
srt_h4096,lateness,current_review,2,8,16.0,1791
srt_h4096,lateness,current_review,2,16,32.0,1088
srt_h4096,lateness,current_review,2,32,64.0,242
srt_h4096,lateness,current_review,2,64,128.0,13
srt_h4096,lateness,current_review,2,128,256.0,0
srt_h4096,lateness,current_review,2,256,512.0,0
srt_h4096,lateness,current_review,2,512,1024.0,0
srt_h4096,lateness,current_review,2,1024,2048.0,0
srt_h4096,lateness,current_review,2,2048,4096.0,0
srt_h4096,lateness,current_review,2,4096,8192.0,0
srt_h4096,lateness,current_review,2,8192,16384.0,0
srt_h4096,lateness,current_review,2,16384,32768.0,0
srt_h4096,lateness,current_review,2,32768,65536.0,0
srt_h4096,lateness,current_review,2,65536,131072.0,0
srt_h4096,lateness,current_review,2,131072,262144.0,0
srt_h4096,lateness,current_review,2,262144,524288.0,0
srt_h4096,lateness,current_review,2,524288,1048576.0,0
srt_h4096,lateness,current_review,2,1048576,2097152.0,0
srt_h4096,lateness,current_review,2,2097152,4194304.0,0
srt_h4096,lateness,current_review,2,4194304,8388608.0,0
srt_h4096,lateness,current_review,2,8388608,16777216.0,0
srt_h4096,lateness,current_review,2,16777216,33554432.0,0
srt_h4096,lateness,current_review,2,33554432,67108864.0,0
srt_h4096,lateness,current_review,2,67108864,134217728.0,0
srt_h4096,lateness,current_review,2,134217728,268435456.0,0
srt_h4096,lateness,current_review,2,268435456,536870912.0,0
srt_h4096,lateness,current_review,2,536870912,1073741824.0,0
srt_h4096,lateness,current_review,2,1073741824,2147483648.0,0
srt_h4096,lateness,current_review,2,2147483648,4294967296.0,0
srt_h4096,lateness,current_review,2,4294967296,8589934592.0,0
srt_h4096,lateness,current_review,2,8589934592,17179869184.0,0
srt_h4096,lateness,current_review,2,17179869184,34359738368.0,0
srt_h4096,lateness,current_review,2,34359738368,68719476736.0,0
srt_h4096,lateness,current_review,2,68719476736,137438953472.0,0
srt_h4096,lateness,current_review,2,137438953472,274877906944.0,0
srt_h4096,lateness,current_review,2,274877906944,549755813888.0,0
srt_h4096,lateness,current_review,2,549755813888,1099511627776.0,0
srt_h4096,lateness,current_review,2,1099511627776,,0
srt_h4096,lateness,current_review,3,0,1.0,8647
srt_h4096,lateness,current_review,3,1,2.0,908
srt_h4096,lateness,current_review,3,2,4.0,1212
srt_h4096,lateness,current_review,3,4,8.0,1452
srt_h4096,lateness,current_review,3,8,16.0,1260
srt_h4096,lateness,current_review,3,16,32.0,714
srt_h4096,lateness,current_review,3,32,64.0,193
srt_h4096,lateness,current_review,3,64,128.0,7
srt_h4096,lateness,current_review,3,128,256.0,0
srt_h4096,lateness,current_review,3,256,512.0,0
srt_h4096,lateness,current_review,3,512,1024.0,0
srt_h4096,lateness,current_review,3,1024,2048.0,0
srt_h4096,lateness,current_review,3,2048,4096.0,0
srt_h4096,lateness,current_review,3,4096,8192.0,0
srt_h4096,lateness,current_review,3,8192,16384.0,0
srt_h4096,lateness,current_review,3,16384,32768.0,0
srt_h4096,lateness,current_review,3,32768,65536.0,0
srt_h4096,lateness,current_review,3,65536,131072.0,0
srt_h4096,lateness,current_review,3,131072,262144.0,0
srt_h4096,lateness,current_review,3,262144,524288.0,0
srt_h4096,lateness,current_review,3,524288,1048576.0,0
srt_h4096,lateness,current_review,3,1048576,2097152.0,0
srt_h4096,lateness,current_review,3,2097152,4194304.0,0
srt_h4096,lateness,current_review,3,4194304,8388608.0,0
srt_h4096,lateness,current_review,3,8388608,16777216.0,0
srt_h4096,lateness,current_review,3,16777216,33554432.0,0
srt_h4096,lateness,current_review,3,33554432,67108864.0,0
srt_h4096,lateness,current_review,3,67108864,134217728.0,0
srt_h4096,lateness,current_review,3,134217728,268435456.0,0
srt_h4096,lateness,current_review,3,268435456,536870912.0,0
srt_h4096,lateness,current_review,3,536870912,1073741824.0,0
srt_h4096,lateness,current_review,3,1073741824,2147483648.0,0
srt_h4096,lateness,current_review,3,2147483648,4294967296.0,0
srt_h4096,lateness,current_review,3,4294967296,8589934592.0,0
srt_h4096,lateness,current_review,3,8589934592,17179869184.0,0
srt_h4096,lateness,current_review,3,17179869184,34359738368.0,0
srt_h4096,lateness,current_review,3,34359738368,68719476736.0,0
srt_h4096,lateness,current_review,3,68719476736,137438953472.0,0
srt_h4096,lateness,current_review,3,137438953472,274877906944.0,0
srt_h4096,lateness,current_review,3,274877906944,549755813888.0,0
srt_h4096,lateness,current_review,3,549755813888,1099511627776.0,0
srt_h4096,lateness,current_review,3,1099511627776,,0
srt_h4096,lateness,current_review,4,0,1.0,13416
srt_h4096,lateness,current_review,4,1,2.0,1341
srt_h4096,lateness,current_review,4,2,4.0,1728
srt_h4096,lateness,current_review,4,4,8.0,1929
srt_h4096,lateness,current_review,4,8,16.0,1610
srt_h4096,lateness,current_review,4,16,32.0,876
srt_h4096,lateness,current_review,4,32,64.0,233
srt_h4096,lateness,current_review,4,64,128.0,10
srt_h4096,lateness,current_review,4,128,256.0,0
srt_h4096,lateness,current_review,4,256,512.0,0
srt_h4096,lateness,current_review,4,512,1024.0,0
srt_h4096,lateness,current_review,4,1024,2048.0,0
srt_h4096,lateness,current_review,4,2048,4096.0,0
srt_h4096,lateness,current_review,4,4096,8192.0,0
srt_h4096,lateness,current_review,4,8192,16384.0,0
srt_h4096,lateness,current_review,4,16384,32768.0,0
srt_h4096,lateness,current_review,4,32768,65536.0,0
srt_h4096,lateness,current_review,4,65536,131072.0,0
srt_h4096,lateness,current_review,4,131072,262144.0,0
srt_h4096,lateness,current_review,4,262144,524288.0,0
srt_h4096,lateness,current_review,4,524288,1048576.0,0
srt_h4096,lateness,current_review,4,1048576,2097152.0,0
srt_h4096,lateness,current_review,4,2097152,4194304.0,0
srt_h4096,lateness,current_review,4,4194304,8388608.0,0
srt_h4096,lateness,current_review,4,8388608,16777216.0,0
srt_h4096,lateness,current_review,4,16777216,33554432.0,0
srt_h4096,lateness,current_review,4,33554432,67108864.0,0
srt_h4096,lateness,current_review,4,67108864,134217728.0,0
srt_h4096,lateness,current_review,4,134217728,268435456.0,0
srt_h4096,lateness,current_review,4,268435456,536870912.0,0
srt_h4096,lateness,current_review,4,536870912,1073741824.0,0
srt_h4096,lateness,current_review,4,1073741824,2147483648.0,0
srt_h4096,lateness,current_review,4,2147483648,4294967296.0,0
srt_h4096,lateness,current_review,4,4294967296,8589934592.0,0
srt_h4096,lateness,current_review,4,8589934592,17179869184.0,0
srt_h4096,lateness,current_review,4,17179869184,34359738368.0,0
srt_h4096,lateness,current_review,4,34359738368,68719476736.0,0
srt_h4096,lateness,current_review,4,68719476736,137438953472.0,0
srt_h4096,lateness,current_review,4,137438953472,274877906944.0,0
srt_h4096,lateness,current_review,4,274877906944,549755813888.0,0
srt_h4096,lateness,current_review,4,549755813888,1099511627776.0,0
srt_h4096,lateness,current_review,4,1099511627776,,0
srt_h4096,lateness,current_review,5,0,1.0,95261
srt_h4096,lateness,current_review,5,1,2.0,11207
srt_h4096,lateness,current_review,5,2,4.0,15034
srt_h4096,lateness,current_review,5,4,8.0,17792
srt_h4096,lateness,current_review,5,8,16.0,15641
srt_h4096,lateness,current_review,5,16,32.0,8727
srt_h4096,lateness,current_review,5,32,64.0,1898
srt_h4096,lateness,current_review,5,64,128.0,96
srt_h4096,lateness,current_review,5,128,256.0,1
srt_h4096,lateness,current_review,5,256,512.0,0
srt_h4096,lateness,current_review,5,512,1024.0,0
srt_h4096,lateness,current_review,5,1024,2048.0,0
srt_h4096,lateness,current_review,5,2048,4096.0,0
srt_h4096,lateness,current_review,5,4096,8192.0,0
srt_h4096,lateness,current_review,5,8192,16384.0,0
srt_h4096,lateness,current_review,5,16384,32768.0,0
srt_h4096,lateness,current_review,5,32768,65536.0,0
srt_h4096,lateness,current_review,5,65536,131072.0,0
srt_h4096,lateness,current_review,5,131072,262144.0,0
srt_h4096,lateness,current_review,5,262144,524288.0,0
srt_h4096,lateness,current_review,5,524288,1048576.0,0
srt_h4096,lateness,current_review,5,1048576,2097152.0,0
srt_h4096,lateness,current_review,5,2097152,4194304.0,0
srt_h4096,lateness,current_review,5,4194304,8388608.0,0
srt_h4096,lateness,current_review,5,8388608,16777216.0,0
srt_h4096,lateness,current_review,5,16777216,33554432.0,0
srt_h4096,lateness,current_review,5,33554432,67108864.0,0
srt_h4096,lateness,current_review,5,67108864,134217728.0,0
srt_h4096,lateness,current_review,5,134217728,268435456.0,0
srt_h4096,lateness,current_review,5,268435456,536870912.0,0
srt_h4096,lateness,current_review,5,536870912,1073741824.0,0
srt_h4096,lateness,current_review,5,1073741824,2147483648.0,0
srt_h4096,lateness,current_review,5,2147483648,4294967296.0,0
srt_h4096,lateness,current_review,5,4294967296,8589934592.0,0
srt_h4096,lateness,current_review,5,8589934592,17179869184.0,0
srt_h4096,lateness,current_review,5,17179869184,34359738368.0,0
srt_h4096,lateness,current_review,5,34359738368,68719476736.0,0
srt_h4096,lateness,current_review,5,68719476736,137438953472.0,0
srt_h4096,lateness,current_review,5,137438953472,274877906944.0,0
srt_h4096,lateness,current_review,5,274877906944,549755813888.0,0
srt_h4096,lateness,current_review,5,549755813888,1099511627776.0,0
srt_h4096,lateness,current_review,5,1099511627776,,0
srt_h4096,lateness,current_review,all,0,1.0,144834
srt_h4096,lateness,current_review,all,1,2.0,17265
srt_h4096,lateness,current_review,all,2,4.0,23797
srt_h4096,lateness,current_review,all,4,8.0,30107
srt_h4096,lateness,current_review,all,8,16.0,30038
srt_h4096,lateness,current_review,all,16,32.0,18851
srt_h4096,lateness,current_review,all,32,64.0,4930
srt_h4096,lateness,current_review,all,64,128.0,247
srt_h4096,lateness,current_review,all,128,256.0,1
srt_h4096,lateness,current_review,all,256,512.0,0
srt_h4096,lateness,current_review,all,512,1024.0,0
srt_h4096,lateness,current_review,all,1024,2048.0,0
srt_h4096,lateness,current_review,all,2048,4096.0,0
srt_h4096,lateness,current_review,all,4096,8192.0,0
srt_h4096,lateness,current_review,all,8192,16384.0,0
srt_h4096,lateness,current_review,all,16384,32768.0,0
srt_h4096,lateness,current_review,all,32768,65536.0,0
srt_h4096,lateness,current_review,all,65536,131072.0,0
srt_h4096,lateness,current_review,all,131072,262144.0,0
srt_h4096,lateness,current_review,all,262144,524288.0,0
srt_h4096,lateness,current_review,all,524288,1048576.0,0
srt_h4096,lateness,current_review,all,1048576,2097152.0,0
srt_h4096,lateness,current_review,all,2097152,4194304.0,0
srt_h4096,lateness,current_review,all,4194304,8388608.0,0
srt_h4096,lateness,current_review,all,8388608,16777216.0,0
srt_h4096,lateness,current_review,all,16777216,33554432.0,0
srt_h4096,lateness,current_review,all,33554432,67108864.0,0
srt_h4096,lateness,current_review,all,67108864,134217728.0,0
srt_h4096,lateness,current_review,all,134217728,268435456.0,0
srt_h4096,lateness,current_review,all,268435456,536870912.0,0
srt_h4096,lateness,current_review,all,536870912,1073741824.0,0
srt_h4096,lateness,current_review,all,1073741824,2147483648.0,0
srt_h4096,lateness,current_review,all,2147483648,4294967296.0,0
srt_h4096,lateness,current_review,all,4294967296,8589934592.0,0
srt_h4096,lateness,current_review,all,8589934592,17179869184.0,0
srt_h4096,lateness,current_review,all,17179869184,34359738368.0,0
srt_h4096,lateness,current_review,all,34359738368,68719476736.0,0
srt_h4096,lateness,current_review,all,68719476736,137438953472.0,0
srt_h4096,lateness,current_review,all,137438953472,274877906944.0,0
srt_h4096,lateness,current_review,all,274877906944,549755813888.0,0
srt_h4096,lateness,current_review,all,549755813888,1099511627776.0,0
srt_h4096,lateness,current_review,all,1099511627776,,0
srt_h4096,lateness,historical,0,0,1.0,926
srt_h4096,lateness,historical,0,1,2.0,833
srt_h4096,lateness,historical,0,2,4.0,1756
srt_h4096,lateness,historical,0,4,8.0,3095
srt_h4096,lateness,historical,0,8,16.0,5591
srt_h4096,lateness,historical,0,16,32.0,8826
srt_h4096,lateness,historical,0,32,64.0,12663
srt_h4096,lateness,historical,0,64,128.0,15064
srt_h4096,lateness,historical,0,128,256.0,15027
srt_h4096,lateness,historical,0,256,512.0,9968
srt_h4096,lateness,historical,0,512,1024.0,3640
srt_h4096,lateness,historical,0,1024,2048.0,423
srt_h4096,lateness,historical,0,2048,4096.0,5
srt_h4096,lateness,historical,0,4096,8192.0,0
srt_h4096,lateness,historical,0,8192,16384.0,0
srt_h4096,lateness,historical,0,16384,32768.0,0
srt_h4096,lateness,historical,0,32768,65536.0,0
srt_h4096,lateness,historical,0,65536,131072.0,0
srt_h4096,lateness,historical,0,131072,262144.0,0
srt_h4096,lateness,historical,0,262144,524288.0,0
srt_h4096,lateness,historical,0,524288,1048576.0,0
srt_h4096,lateness,historical,0,1048576,2097152.0,0
srt_h4096,lateness,historical,0,2097152,4194304.0,0
srt_h4096,lateness,historical,0,4194304,8388608.0,0
srt_h4096,lateness,historical,0,8388608,16777216.0,0
srt_h4096,lateness,historical,0,16777216,33554432.0,0
srt_h4096,lateness,historical,0,33554432,67108864.0,0
srt_h4096,lateness,historical,0,67108864,134217728.0,0
srt_h4096,lateness,historical,0,134217728,268435456.0,0
srt_h4096,lateness,historical,0,268435456,536870912.0,0
srt_h4096,lateness,historical,0,536870912,1073741824.0,0
srt_h4096,lateness,historical,0,1073741824,2147483648.0,0
srt_h4096,lateness,historical,0,2147483648,4294967296.0,0
srt_h4096,lateness,historical,0,4294967296,8589934592.0,0
srt_h4096,lateness,historical,0,8589934592,17179869184.0,0
srt_h4096,lateness,historical,0,17179869184,34359738368.0,0
srt_h4096,lateness,historical,0,34359738368,68719476736.0,0
srt_h4096,lateness,historical,0,68719476736,137438953472.0,0
srt_h4096,lateness,historical,0,137438953472,274877906944.0,0
srt_h4096,lateness,historical,0,274877906944,549755813888.0,0
srt_h4096,lateness,historical,0,549755813888,1099511627776.0,0
srt_h4096,lateness,historical,0,1099511627776,,0
srt_h4096,lateness,historical,1,0,1.0,390
srt_h4096,lateness,historical,1,1,2.0,350
srt_h4096,lateness,historical,1,2,4.0,702
srt_h4096,lateness,historical,1,4,8.0,1281
srt_h4096,lateness,historical,1,8,16.0,2255
srt_h4096,lateness,historical,1,16,32.0,3668
srt_h4096,lateness,historical,1,32,64.0,5184
srt_h4096,lateness,historical,1,64,128.0,6110
srt_h4096,lateness,historical,1,128,256.0,5993
srt_h4096,lateness,historical,1,256,512.0,3813
srt_h4096,lateness,historical,1,512,1024.0,1307
srt_h4096,lateness,historical,1,1024,2048.0,143
srt_h4096,lateness,historical,1,2048,4096.0,1
srt_h4096,lateness,historical,1,4096,8192.0,0
srt_h4096,lateness,historical,1,8192,16384.0,0
srt_h4096,lateness,historical,1,16384,32768.0,0
srt_h4096,lateness,historical,1,32768,65536.0,0
srt_h4096,lateness,historical,1,65536,131072.0,0
srt_h4096,lateness,historical,1,131072,262144.0,0
srt_h4096,lateness,historical,1,262144,524288.0,0
srt_h4096,lateness,historical,1,524288,1048576.0,0
srt_h4096,lateness,historical,1,1048576,2097152.0,0
srt_h4096,lateness,historical,1,2097152,4194304.0,0
srt_h4096,lateness,historical,1,4194304,8388608.0,0
srt_h4096,lateness,historical,1,8388608,16777216.0,0
srt_h4096,lateness,historical,1,16777216,33554432.0,0
srt_h4096,lateness,historical,1,33554432,67108864.0,0
srt_h4096,lateness,historical,1,67108864,134217728.0,0
srt_h4096,lateness,historical,1,134217728,268435456.0,0
srt_h4096,lateness,historical,1,268435456,536870912.0,0
srt_h4096,lateness,historical,1,536870912,1073741824.0,0
srt_h4096,lateness,historical,1,1073741824,2147483648.0,0
srt_h4096,lateness,historical,1,2147483648,4294967296.0,0
srt_h4096,lateness,historical,1,4294967296,8589934592.0,0
srt_h4096,lateness,historical,1,8589934592,17179869184.0,0
srt_h4096,lateness,historical,1,17179869184,34359738368.0,0
srt_h4096,lateness,historical,1,34359738368,68719476736.0,0
srt_h4096,lateness,historical,1,68719476736,137438953472.0,0
srt_h4096,lateness,historical,1,137438953472,274877906944.0,0
srt_h4096,lateness,historical,1,274877906944,549755813888.0,0
srt_h4096,lateness,historical,1,549755813888,1099511627776.0,0
srt_h4096,lateness,historical,1,1099511627776,,0
srt_h4096,lateness,historical,2,0,1.0,672
srt_h4096,lateness,historical,2,1,2.0,621
srt_h4096,lateness,historical,2,2,4.0,1127
srt_h4096,lateness,historical,2,4,8.0,2106
srt_h4096,lateness,historical,2,8,16.0,3804
srt_h4096,lateness,historical,2,16,32.0,6083
srt_h4096,lateness,historical,2,32,64.0,8631
srt_h4096,lateness,historical,2,64,128.0,9999
srt_h4096,lateness,historical,2,128,256.0,9338
srt_h4096,lateness,historical,2,256,512.0,6243
srt_h4096,lateness,historical,2,512,1024.0,2199
srt_h4096,lateness,historical,2,1024,2048.0,216
srt_h4096,lateness,historical,2,2048,4096.0,1
srt_h4096,lateness,historical,2,4096,8192.0,0
srt_h4096,lateness,historical,2,8192,16384.0,0
srt_h4096,lateness,historical,2,16384,32768.0,0
srt_h4096,lateness,historical,2,32768,65536.0,0
srt_h4096,lateness,historical,2,65536,131072.0,0
srt_h4096,lateness,historical,2,131072,262144.0,0
srt_h4096,lateness,historical,2,262144,524288.0,0
srt_h4096,lateness,historical,2,524288,1048576.0,0
srt_h4096,lateness,historical,2,1048576,2097152.0,0
srt_h4096,lateness,historical,2,2097152,4194304.0,0
srt_h4096,lateness,historical,2,4194304,8388608.0,0
srt_h4096,lateness,historical,2,8388608,16777216.0,0
srt_h4096,lateness,historical,2,16777216,33554432.0,0
srt_h4096,lateness,historical,2,33554432,67108864.0,0
srt_h4096,lateness,historical,2,67108864,134217728.0,0
srt_h4096,lateness,historical,2,134217728,268435456.0,0
srt_h4096,lateness,historical,2,268435456,536870912.0,0
srt_h4096,lateness,historical,2,536870912,1073741824.0,0
srt_h4096,lateness,historical,2,1073741824,2147483648.0,0
srt_h4096,lateness,historical,2,2147483648,4294967296.0,0
srt_h4096,lateness,historical,2,4294967296,8589934592.0,0
srt_h4096,lateness,historical,2,8589934592,17179869184.0,0
srt_h4096,lateness,historical,2,17179869184,34359738368.0,0
srt_h4096,lateness,historical,2,34359738368,68719476736.0,0
srt_h4096,lateness,historical,2,68719476736,137438953472.0,0
srt_h4096,lateness,historical,2,137438953472,274877906944.0,0
srt_h4096,lateness,historical,2,274877906944,549755813888.0,0
srt_h4096,lateness,historical,2,549755813888,1099511627776.0,0
srt_h4096,lateness,historical,2,1099511627776,,0
srt_h4096,lateness,historical,3,0,1.0,612
srt_h4096,lateness,historical,3,1,2.0,501
srt_h4096,lateness,historical,3,2,4.0,1078
srt_h4096,lateness,historical,3,4,8.0,1903
srt_h4096,lateness,historical,3,8,16.0,3324
srt_h4096,lateness,historical,3,16,32.0,5328
srt_h4096,lateness,historical,3,32,64.0,7319
srt_h4096,lateness,historical,3,64,128.0,8651
srt_h4096,lateness,historical,3,128,256.0,8017
srt_h4096,lateness,historical,3,256,512.0,5181
srt_h4096,lateness,historical,3,512,1024.0,1836
srt_h4096,lateness,historical,3,1024,2048.0,174
srt_h4096,lateness,historical,3,2048,4096.0,0
srt_h4096,lateness,historical,3,4096,8192.0,0
srt_h4096,lateness,historical,3,8192,16384.0,0
srt_h4096,lateness,historical,3,16384,32768.0,0
srt_h4096,lateness,historical,3,32768,65536.0,0
srt_h4096,lateness,historical,3,65536,131072.0,0
srt_h4096,lateness,historical,3,131072,262144.0,0
srt_h4096,lateness,historical,3,262144,524288.0,0
srt_h4096,lateness,historical,3,524288,1048576.0,0
srt_h4096,lateness,historical,3,1048576,2097152.0,0
srt_h4096,lateness,historical,3,2097152,4194304.0,0
srt_h4096,lateness,historical,3,4194304,8388608.0,0
srt_h4096,lateness,historical,3,8388608,16777216.0,0
srt_h4096,lateness,historical,3,16777216,33554432.0,0
srt_h4096,lateness,historical,3,33554432,67108864.0,0
srt_h4096,lateness,historical,3,67108864,134217728.0,0
srt_h4096,lateness,historical,3,134217728,268435456.0,0
srt_h4096,lateness,historical,3,268435456,536870912.0,0
srt_h4096,lateness,historical,3,536870912,1073741824.0,0
srt_h4096,lateness,historical,3,1073741824,2147483648.0,0
srt_h4096,lateness,historical,3,2147483648,4294967296.0,0
srt_h4096,lateness,historical,3,4294967296,8589934592.0,0
srt_h4096,lateness,historical,3,8589934592,17179869184.0,0
srt_h4096,lateness,historical,3,17179869184,34359738368.0,0
srt_h4096,lateness,historical,3,34359738368,68719476736.0,0
srt_h4096,lateness,historical,3,68719476736,137438953472.0,0
srt_h4096,lateness,historical,3,137438953472,274877906944.0,0
srt_h4096,lateness,historical,3,274877906944,549755813888.0,0
srt_h4096,lateness,historical,3,549755813888,1099511627776.0,0
srt_h4096,lateness,historical,3,1099511627776,,0
srt_h4096,lateness,historical,4,0,1.0,892
srt_h4096,lateness,historical,4,1,2.0,814
srt_h4096,lateness,historical,4,2,4.0,1594
srt_h4096,lateness,historical,4,4,8.0,2857
srt_h4096,lateness,historical,4,8,16.0,5090
srt_h4096,lateness,historical,4,16,32.0,8097
srt_h4096,lateness,historical,4,32,64.0,10860
srt_h4096,lateness,historical,4,64,128.0,12777
srt_h4096,lateness,historical,4,128,256.0,11834
srt_h4096,lateness,historical,4,256,512.0,7628
srt_h4096,lateness,historical,4,512,1024.0,2744
srt_h4096,lateness,historical,4,1024,2048.0,276
srt_h4096,lateness,historical,4,2048,4096.0,3
srt_h4096,lateness,historical,4,4096,8192.0,0
srt_h4096,lateness,historical,4,8192,16384.0,0
srt_h4096,lateness,historical,4,16384,32768.0,0
srt_h4096,lateness,historical,4,32768,65536.0,0
srt_h4096,lateness,historical,4,65536,131072.0,0
srt_h4096,lateness,historical,4,131072,262144.0,0
srt_h4096,lateness,historical,4,262144,524288.0,0
srt_h4096,lateness,historical,4,524288,1048576.0,0
srt_h4096,lateness,historical,4,1048576,2097152.0,0
srt_h4096,lateness,historical,4,2097152,4194304.0,0
srt_h4096,lateness,historical,4,4194304,8388608.0,0
srt_h4096,lateness,historical,4,8388608,16777216.0,0
srt_h4096,lateness,historical,4,16777216,33554432.0,0
srt_h4096,lateness,historical,4,33554432,67108864.0,0
srt_h4096,lateness,historical,4,67108864,134217728.0,0
srt_h4096,lateness,historical,4,134217728,268435456.0,0
srt_h4096,lateness,historical,4,268435456,536870912.0,0
srt_h4096,lateness,historical,4,536870912,1073741824.0,0
srt_h4096,lateness,historical,4,1073741824,2147483648.0,0
srt_h4096,lateness,historical,4,2147483648,4294967296.0,0
srt_h4096,lateness,historical,4,4294967296,8589934592.0,0
srt_h4096,lateness,historical,4,8589934592,17179869184.0,0
srt_h4096,lateness,historical,4,17179869184,34359738368.0,0
srt_h4096,lateness,historical,4,34359738368,68719476736.0,0
srt_h4096,lateness,historical,4,68719476736,137438953472.0,0
srt_h4096,lateness,historical,4,137438953472,274877906944.0,0
srt_h4096,lateness,historical,4,274877906944,549755813888.0,0
srt_h4096,lateness,historical,4,549755813888,1099511627776.0,0
srt_h4096,lateness,historical,4,1099511627776,,0
srt_h4096,lateness,historical,5,0,1.0,3853
srt_h4096,lateness,historical,5,1,2.0,3696
srt_h4096,lateness,historical,5,2,4.0,7065
srt_h4096,lateness,historical,5,4,8.0,12926
srt_h4096,lateness,historical,5,8,16.0,22276
srt_h4096,lateness,historical,5,16,32.0,34896
srt_h4096,lateness,historical,5,32,64.0,46326
srt_h4096,lateness,historical,5,64,128.0,53045
srt_h4096,lateness,historical,5,128,256.0,51268
srt_h4096,lateness,historical,5,256,512.0,32856
srt_h4096,lateness,historical,5,512,1024.0,11708
srt_h4096,lateness,historical,5,1024,2048.0,1202
srt_h4096,lateness,historical,5,2048,4096.0,9
srt_h4096,lateness,historical,5,4096,8192.0,0
srt_h4096,lateness,historical,5,8192,16384.0,0
srt_h4096,lateness,historical,5,16384,32768.0,0
srt_h4096,lateness,historical,5,32768,65536.0,0
srt_h4096,lateness,historical,5,65536,131072.0,0
srt_h4096,lateness,historical,5,131072,262144.0,0
srt_h4096,lateness,historical,5,262144,524288.0,0
srt_h4096,lateness,historical,5,524288,1048576.0,0
srt_h4096,lateness,historical,5,1048576,2097152.0,0
srt_h4096,lateness,historical,5,2097152,4194304.0,0
srt_h4096,lateness,historical,5,4194304,8388608.0,0
srt_h4096,lateness,historical,5,8388608,16777216.0,0
srt_h4096,lateness,historical,5,16777216,33554432.0,0
srt_h4096,lateness,historical,5,33554432,67108864.0,0
srt_h4096,lateness,historical,5,67108864,134217728.0,0
srt_h4096,lateness,historical,5,134217728,268435456.0,0
srt_h4096,lateness,historical,5,268435456,536870912.0,0
srt_h4096,lateness,historical,5,536870912,1073741824.0,0
srt_h4096,lateness,historical,5,1073741824,2147483648.0,0
srt_h4096,lateness,historical,5,2147483648,4294967296.0,0
srt_h4096,lateness,historical,5,4294967296,8589934592.0,0
srt_h4096,lateness,historical,5,8589934592,17179869184.0,0
srt_h4096,lateness,historical,5,17179869184,34359738368.0,0
srt_h4096,lateness,historical,5,34359738368,68719476736.0,0
srt_h4096,lateness,historical,5,68719476736,137438953472.0,0
srt_h4096,lateness,historical,5,137438953472,274877906944.0,0
srt_h4096,lateness,historical,5,274877906944,549755813888.0,0
srt_h4096,lateness,historical,5,549755813888,1099511627776.0,0
srt_h4096,lateness,historical,5,1099511627776,,0
srt_h4096,lateness,historical,all,0,1.0,7345
srt_h4096,lateness,historical,all,1,2.0,6815
srt_h4096,lateness,historical,all,2,4.0,13322
srt_h4096,lateness,historical,all,4,8.0,24168
srt_h4096,lateness,historical,all,8,16.0,42340
srt_h4096,lateness,historical,all,16,32.0,66898
srt_h4096,lateness,historical,all,32,64.0,90983
srt_h4096,lateness,historical,all,64,128.0,105646
srt_h4096,lateness,historical,all,128,256.0,101477
srt_h4096,lateness,historical,all,256,512.0,65689
srt_h4096,lateness,historical,all,512,1024.0,23434
srt_h4096,lateness,historical,all,1024,2048.0,2434
srt_h4096,lateness,historical,all,2048,4096.0,19
srt_h4096,lateness,historical,all,4096,8192.0,0
srt_h4096,lateness,historical,all,8192,16384.0,0
srt_h4096,lateness,historical,all,16384,32768.0,0
srt_h4096,lateness,historical,all,32768,65536.0,0
srt_h4096,lateness,historical,all,65536,131072.0,0
srt_h4096,lateness,historical,all,131072,262144.0,0
srt_h4096,lateness,historical,all,262144,524288.0,0
srt_h4096,lateness,historical,all,524288,1048576.0,0
srt_h4096,lateness,historical,all,1048576,2097152.0,0
srt_h4096,lateness,historical,all,2097152,4194304.0,0
srt_h4096,lateness,historical,all,4194304,8388608.0,0
srt_h4096,lateness,historical,all,8388608,16777216.0,0
srt_h4096,lateness,historical,all,16777216,33554432.0,0
srt_h4096,lateness,historical,all,33554432,67108864.0,0
srt_h4096,lateness,historical,all,67108864,134217728.0,0
srt_h4096,lateness,historical,all,134217728,268435456.0,0
srt_h4096,lateness,historical,all,268435456,536870912.0,0
srt_h4096,lateness,historical,all,536870912,1073741824.0,0
srt_h4096,lateness,historical,all,1073741824,2147483648.0,0
srt_h4096,lateness,historical,all,2147483648,4294967296.0,0
srt_h4096,lateness,historical,all,4294967296,8589934592.0,0
srt_h4096,lateness,historical,all,8589934592,17179869184.0,0
srt_h4096,lateness,historical,all,17179869184,34359738368.0,0
srt_h4096,lateness,historical,all,34359738368,68719476736.0,0
srt_h4096,lateness,historical,all,68719476736,137438953472.0,0
srt_h4096,lateness,historical,all,137438953472,274877906944.0,0
srt_h4096,lateness,historical,all,274877906944,549755813888.0,0
srt_h4096,lateness,historical,all,549755813888,1099511627776.0,0
srt_h4096,lateness,historical,all,1099511627776,,0
srt_h4096,presentation_gap,current_review,0,0,1.0,0
srt_h4096,presentation_gap,current_review,0,1,2.0,0
srt_h4096,presentation_gap,current_review,0,2,4.0,1
srt_h4096,presentation_gap,current_review,0,4,8.0,0
srt_h4096,presentation_gap,current_review,0,8,16.0,5
srt_h4096,presentation_gap,current_review,0,16,32.0,11
srt_h4096,presentation_gap,current_review,0,32,64.0,46
srt_h4096,presentation_gap,current_review,0,64,128.0,11412
srt_h4096,presentation_gap,current_review,0,128,256.0,3610
srt_h4096,presentation_gap,current_review,0,256,512.0,6262
srt_h4096,presentation_gap,current_review,0,512,1024.0,8815
srt_h4096,presentation_gap,current_review,0,1024,2048.0,6833
srt_h4096,presentation_gap,current_review,0,2048,4096.0,2211
srt_h4096,presentation_gap,current_review,0,4096,8192.0,115
srt_h4096,presentation_gap,current_review,0,8192,16384.0,0
srt_h4096,presentation_gap,current_review,0,16384,32768.0,0
srt_h4096,presentation_gap,current_review,0,32768,65536.0,0
srt_h4096,presentation_gap,current_review,0,65536,131072.0,0
srt_h4096,presentation_gap,current_review,0,131072,262144.0,0
srt_h4096,presentation_gap,current_review,0,262144,524288.0,0
srt_h4096,presentation_gap,current_review,0,524288,1048576.0,0
srt_h4096,presentation_gap,current_review,0,1048576,2097152.0,0
srt_h4096,presentation_gap,current_review,0,2097152,4194304.0,0
srt_h4096,presentation_gap,current_review,0,4194304,8388608.0,0
srt_h4096,presentation_gap,current_review,0,8388608,16777216.0,0
srt_h4096,presentation_gap,current_review,0,16777216,33554432.0,0
srt_h4096,presentation_gap,current_review,0,33554432,67108864.0,0
srt_h4096,presentation_gap,current_review,0,67108864,134217728.0,0
srt_h4096,presentation_gap,current_review,0,134217728,268435456.0,0
srt_h4096,presentation_gap,current_review,0,268435456,536870912.0,0
srt_h4096,presentation_gap,current_review,0,536870912,1073741824.0,0
srt_h4096,presentation_gap,current_review,0,1073741824,2147483648.0,0
srt_h4096,presentation_gap,current_review,0,2147483648,4294967296.0,0
srt_h4096,presentation_gap,current_review,0,4294967296,8589934592.0,0
srt_h4096,presentation_gap,current_review,0,8589934592,17179869184.0,0
srt_h4096,presentation_gap,current_review,0,17179869184,34359738368.0,0
srt_h4096,presentation_gap,current_review,0,34359738368,68719476736.0,0
srt_h4096,presentation_gap,current_review,0,68719476736,137438953472.0,0
srt_h4096,presentation_gap,current_review,0,137438953472,274877906944.0,0
srt_h4096,presentation_gap,current_review,0,274877906944,549755813888.0,0
srt_h4096,presentation_gap,current_review,0,549755813888,1099511627776.0,0
srt_h4096,presentation_gap,current_review,0,1099511627776,,0
srt_h4096,presentation_gap,current_review,1,0,1.0,0
srt_h4096,presentation_gap,current_review,1,1,2.0,0
srt_h4096,presentation_gap,current_review,1,2,4.0,0
srt_h4096,presentation_gap,current_review,1,4,8.0,0
srt_h4096,presentation_gap,current_review,1,8,16.0,1
srt_h4096,presentation_gap,current_review,1,16,32.0,1
srt_h4096,presentation_gap,current_review,1,32,64.0,11
srt_h4096,presentation_gap,current_review,1,64,128.0,5854
srt_h4096,presentation_gap,current_review,1,128,256.0,1398
srt_h4096,presentation_gap,current_review,1,256,512.0,1561
srt_h4096,presentation_gap,current_review,1,512,1024.0,1394
srt_h4096,presentation_gap,current_review,1,1024,2048.0,823
srt_h4096,presentation_gap,current_review,1,2048,4096.0,195
srt_h4096,presentation_gap,current_review,1,4096,8192.0,9
srt_h4096,presentation_gap,current_review,1,8192,16384.0,0
srt_h4096,presentation_gap,current_review,1,16384,32768.0,0
srt_h4096,presentation_gap,current_review,1,32768,65536.0,0
srt_h4096,presentation_gap,current_review,1,65536,131072.0,0
srt_h4096,presentation_gap,current_review,1,131072,262144.0,0
srt_h4096,presentation_gap,current_review,1,262144,524288.0,0
srt_h4096,presentation_gap,current_review,1,524288,1048576.0,0
srt_h4096,presentation_gap,current_review,1,1048576,2097152.0,0
srt_h4096,presentation_gap,current_review,1,2097152,4194304.0,0
srt_h4096,presentation_gap,current_review,1,4194304,8388608.0,0
srt_h4096,presentation_gap,current_review,1,8388608,16777216.0,0
srt_h4096,presentation_gap,current_review,1,16777216,33554432.0,0
srt_h4096,presentation_gap,current_review,1,33554432,67108864.0,0
srt_h4096,presentation_gap,current_review,1,67108864,134217728.0,0
srt_h4096,presentation_gap,current_review,1,134217728,268435456.0,0
srt_h4096,presentation_gap,current_review,1,268435456,536870912.0,0
srt_h4096,presentation_gap,current_review,1,536870912,1073741824.0,0
srt_h4096,presentation_gap,current_review,1,1073741824,2147483648.0,0
srt_h4096,presentation_gap,current_review,1,2147483648,4294967296.0,0
srt_h4096,presentation_gap,current_review,1,4294967296,8589934592.0,0
srt_h4096,presentation_gap,current_review,1,8589934592,17179869184.0,0
srt_h4096,presentation_gap,current_review,1,17179869184,34359738368.0,0
srt_h4096,presentation_gap,current_review,1,34359738368,68719476736.0,0
srt_h4096,presentation_gap,current_review,1,68719476736,137438953472.0,0
srt_h4096,presentation_gap,current_review,1,137438953472,274877906944.0,0
srt_h4096,presentation_gap,current_review,1,274877906944,549755813888.0,0
srt_h4096,presentation_gap,current_review,1,549755813888,1099511627776.0,0
srt_h4096,presentation_gap,current_review,1,1099511627776,,0
srt_h4096,presentation_gap,current_review,2,0,1.0,0
srt_h4096,presentation_gap,current_review,2,1,2.0,0
srt_h4096,presentation_gap,current_review,2,2,4.0,0
srt_h4096,presentation_gap,current_review,2,4,8.0,0
srt_h4096,presentation_gap,current_review,2,8,16.0,2
srt_h4096,presentation_gap,current_review,2,16,32.0,2
srt_h4096,presentation_gap,current_review,2,32,64.0,15
srt_h4096,presentation_gap,current_review,2,64,128.0,10345
srt_h4096,presentation_gap,current_review,2,128,256.0,2163
srt_h4096,presentation_gap,current_review,2,256,512.0,2306
srt_h4096,presentation_gap,current_review,2,512,1024.0,2001
srt_h4096,presentation_gap,current_review,2,1024,2048.0,1197
srt_h4096,presentation_gap,current_review,2,2048,4096.0,264
srt_h4096,presentation_gap,current_review,2,4096,8192.0,14
srt_h4096,presentation_gap,current_review,2,8192,16384.0,0
srt_h4096,presentation_gap,current_review,2,16384,32768.0,0
srt_h4096,presentation_gap,current_review,2,32768,65536.0,0
srt_h4096,presentation_gap,current_review,2,65536,131072.0,0
srt_h4096,presentation_gap,current_review,2,131072,262144.0,0
srt_h4096,presentation_gap,current_review,2,262144,524288.0,0
srt_h4096,presentation_gap,current_review,2,524288,1048576.0,0
srt_h4096,presentation_gap,current_review,2,1048576,2097152.0,0
srt_h4096,presentation_gap,current_review,2,2097152,4194304.0,0
srt_h4096,presentation_gap,current_review,2,4194304,8388608.0,0
srt_h4096,presentation_gap,current_review,2,8388608,16777216.0,0
srt_h4096,presentation_gap,current_review,2,16777216,33554432.0,0
srt_h4096,presentation_gap,current_review,2,33554432,67108864.0,0
srt_h4096,presentation_gap,current_review,2,67108864,134217728.0,0
srt_h4096,presentation_gap,current_review,2,134217728,268435456.0,0
srt_h4096,presentation_gap,current_review,2,268435456,536870912.0,0
srt_h4096,presentation_gap,current_review,2,536870912,1073741824.0,0
srt_h4096,presentation_gap,current_review,2,1073741824,2147483648.0,0
srt_h4096,presentation_gap,current_review,2,2147483648,4294967296.0,0
srt_h4096,presentation_gap,current_review,2,4294967296,8589934592.0,0
srt_h4096,presentation_gap,current_review,2,8589934592,17179869184.0,0
srt_h4096,presentation_gap,current_review,2,17179869184,34359738368.0,0
srt_h4096,presentation_gap,current_review,2,34359738368,68719476736.0,0
srt_h4096,presentation_gap,current_review,2,68719476736,137438953472.0,0
srt_h4096,presentation_gap,current_review,2,137438953472,274877906944.0,0
srt_h4096,presentation_gap,current_review,2,274877906944,549755813888.0,0
srt_h4096,presentation_gap,current_review,2,549755813888,1099511627776.0,0
srt_h4096,presentation_gap,current_review,2,1099511627776,,0
srt_h4096,presentation_gap,current_review,3,0,1.0,0
srt_h4096,presentation_gap,current_review,3,1,2.0,0
srt_h4096,presentation_gap,current_review,3,2,4.0,0
srt_h4096,presentation_gap,current_review,3,4,8.0,0
srt_h4096,presentation_gap,current_review,3,8,16.0,1
srt_h4096,presentation_gap,current_review,3,16,32.0,5
srt_h4096,presentation_gap,current_review,3,32,64.0,6
srt_h4096,presentation_gap,current_review,3,64,128.0,2605
srt_h4096,presentation_gap,current_review,3,128,256.0,710
srt_h4096,presentation_gap,current_review,3,256,512.0,2851
srt_h4096,presentation_gap,current_review,3,512,1024.0,4182
srt_h4096,presentation_gap,current_review,3,1024,2048.0,2519
srt_h4096,presentation_gap,current_review,3,2048,4096.0,1186
srt_h4096,presentation_gap,current_review,3,4096,8192.0,311
srt_h4096,presentation_gap,current_review,3,8192,16384.0,17
srt_h4096,presentation_gap,current_review,3,16384,32768.0,0
srt_h4096,presentation_gap,current_review,3,32768,65536.0,0
srt_h4096,presentation_gap,current_review,3,65536,131072.0,0
srt_h4096,presentation_gap,current_review,3,131072,262144.0,0
srt_h4096,presentation_gap,current_review,3,262144,524288.0,0
srt_h4096,presentation_gap,current_review,3,524288,1048576.0,0
srt_h4096,presentation_gap,current_review,3,1048576,2097152.0,0
srt_h4096,presentation_gap,current_review,3,2097152,4194304.0,0
srt_h4096,presentation_gap,current_review,3,4194304,8388608.0,0
srt_h4096,presentation_gap,current_review,3,8388608,16777216.0,0
srt_h4096,presentation_gap,current_review,3,16777216,33554432.0,0
srt_h4096,presentation_gap,current_review,3,33554432,67108864.0,0
srt_h4096,presentation_gap,current_review,3,67108864,134217728.0,0
srt_h4096,presentation_gap,current_review,3,134217728,268435456.0,0
srt_h4096,presentation_gap,current_review,3,268435456,536870912.0,0
srt_h4096,presentation_gap,current_review,3,536870912,1073741824.0,0
srt_h4096,presentation_gap,current_review,3,1073741824,2147483648.0,0
srt_h4096,presentation_gap,current_review,3,2147483648,4294967296.0,0
srt_h4096,presentation_gap,current_review,3,4294967296,8589934592.0,0
srt_h4096,presentation_gap,current_review,3,8589934592,17179869184.0,0
srt_h4096,presentation_gap,current_review,3,17179869184,34359738368.0,0
srt_h4096,presentation_gap,current_review,3,34359738368,68719476736.0,0
srt_h4096,presentation_gap,current_review,3,68719476736,137438953472.0,0
srt_h4096,presentation_gap,current_review,3,137438953472,274877906944.0,0
srt_h4096,presentation_gap,current_review,3,274877906944,549755813888.0,0
srt_h4096,presentation_gap,current_review,3,549755813888,1099511627776.0,0
srt_h4096,presentation_gap,current_review,3,1099511627776,,0
srt_h4096,presentation_gap,current_review,4,0,1.0,0
srt_h4096,presentation_gap,current_review,4,1,2.0,0
srt_h4096,presentation_gap,current_review,4,2,4.0,0
srt_h4096,presentation_gap,current_review,4,4,8.0,0
srt_h4096,presentation_gap,current_review,4,8,16.0,0
srt_h4096,presentation_gap,current_review,4,16,32.0,5
srt_h4096,presentation_gap,current_review,4,32,64.0,5
srt_h4096,presentation_gap,current_review,4,64,128.0,3492
srt_h4096,presentation_gap,current_review,4,128,256.0,959
srt_h4096,presentation_gap,current_review,4,256,512.0,4081
srt_h4096,presentation_gap,current_review,4,512,1024.0,5988
srt_h4096,presentation_gap,current_review,4,1024,2048.0,4158
srt_h4096,presentation_gap,current_review,4,2048,4096.0,1868
srt_h4096,presentation_gap,current_review,4,4096,8192.0,427
srt_h4096,presentation_gap,current_review,4,8192,16384.0,160
srt_h4096,presentation_gap,current_review,4,16384,32768.0,0
srt_h4096,presentation_gap,current_review,4,32768,65536.0,0
srt_h4096,presentation_gap,current_review,4,65536,131072.0,0
srt_h4096,presentation_gap,current_review,4,131072,262144.0,0
srt_h4096,presentation_gap,current_review,4,262144,524288.0,0
srt_h4096,presentation_gap,current_review,4,524288,1048576.0,0
srt_h4096,presentation_gap,current_review,4,1048576,2097152.0,0
srt_h4096,presentation_gap,current_review,4,2097152,4194304.0,0
srt_h4096,presentation_gap,current_review,4,4194304,8388608.0,0
srt_h4096,presentation_gap,current_review,4,8388608,16777216.0,0
srt_h4096,presentation_gap,current_review,4,16777216,33554432.0,0
srt_h4096,presentation_gap,current_review,4,33554432,67108864.0,0
srt_h4096,presentation_gap,current_review,4,67108864,134217728.0,0
srt_h4096,presentation_gap,current_review,4,134217728,268435456.0,0
srt_h4096,presentation_gap,current_review,4,268435456,536870912.0,0
srt_h4096,presentation_gap,current_review,4,536870912,1073741824.0,0
srt_h4096,presentation_gap,current_review,4,1073741824,2147483648.0,0
srt_h4096,presentation_gap,current_review,4,2147483648,4294967296.0,0
srt_h4096,presentation_gap,current_review,4,4294967296,8589934592.0,0
srt_h4096,presentation_gap,current_review,4,8589934592,17179869184.0,0
srt_h4096,presentation_gap,current_review,4,17179869184,34359738368.0,0
srt_h4096,presentation_gap,current_review,4,34359738368,68719476736.0,0
srt_h4096,presentation_gap,current_review,4,68719476736,137438953472.0,0
srt_h4096,presentation_gap,current_review,4,137438953472,274877906944.0,0
srt_h4096,presentation_gap,current_review,4,274877906944,549755813888.0,0
srt_h4096,presentation_gap,current_review,4,549755813888,1099511627776.0,0
srt_h4096,presentation_gap,current_review,4,1099511627776,,0
srt_h4096,presentation_gap,current_review,5,0,1.0,0
srt_h4096,presentation_gap,current_review,5,1,2.0,0
srt_h4096,presentation_gap,current_review,5,2,4.0,0
srt_h4096,presentation_gap,current_review,5,4,8.0,0
srt_h4096,presentation_gap,current_review,5,8,16.0,3
srt_h4096,presentation_gap,current_review,5,16,32.0,8
srt_h4096,presentation_gap,current_review,5,32,64.0,47
srt_h4096,presentation_gap,current_review,5,64,128.0,15267
srt_h4096,presentation_gap,current_review,5,128,256.0,5231
srt_h4096,presentation_gap,current_review,5,256,512.0,23281
srt_h4096,presentation_gap,current_review,5,512,1024.0,42188
srt_h4096,presentation_gap,current_review,5,1024,2048.0,44856
srt_h4096,presentation_gap,current_review,5,2048,4096.0,24334
srt_h4096,presentation_gap,current_review,5,4096,8192.0,5138
srt_h4096,presentation_gap,current_review,5,8192,16384.0,5304
srt_h4096,presentation_gap,current_review,5,16384,32768.0,0
srt_h4096,presentation_gap,current_review,5,32768,65536.0,0
srt_h4096,presentation_gap,current_review,5,65536,131072.0,0
srt_h4096,presentation_gap,current_review,5,131072,262144.0,0
srt_h4096,presentation_gap,current_review,5,262144,524288.0,0
srt_h4096,presentation_gap,current_review,5,524288,1048576.0,0
srt_h4096,presentation_gap,current_review,5,1048576,2097152.0,0
srt_h4096,presentation_gap,current_review,5,2097152,4194304.0,0
srt_h4096,presentation_gap,current_review,5,4194304,8388608.0,0
srt_h4096,presentation_gap,current_review,5,8388608,16777216.0,0
srt_h4096,presentation_gap,current_review,5,16777216,33554432.0,0
srt_h4096,presentation_gap,current_review,5,33554432,67108864.0,0
srt_h4096,presentation_gap,current_review,5,67108864,134217728.0,0
srt_h4096,presentation_gap,current_review,5,134217728,268435456.0,0
srt_h4096,presentation_gap,current_review,5,268435456,536870912.0,0
srt_h4096,presentation_gap,current_review,5,536870912,1073741824.0,0
srt_h4096,presentation_gap,current_review,5,1073741824,2147483648.0,0
srt_h4096,presentation_gap,current_review,5,2147483648,4294967296.0,0
srt_h4096,presentation_gap,current_review,5,4294967296,8589934592.0,0
srt_h4096,presentation_gap,current_review,5,8589934592,17179869184.0,0
srt_h4096,presentation_gap,current_review,5,17179869184,34359738368.0,0
srt_h4096,presentation_gap,current_review,5,34359738368,68719476736.0,0
srt_h4096,presentation_gap,current_review,5,68719476736,137438953472.0,0
srt_h4096,presentation_gap,current_review,5,137438953472,274877906944.0,0
srt_h4096,presentation_gap,current_review,5,274877906944,549755813888.0,0
srt_h4096,presentation_gap,current_review,5,549755813888,1099511627776.0,0
srt_h4096,presentation_gap,current_review,5,1099511627776,,0
srt_h4096,presentation_gap,current_review,all,0,1.0,0
srt_h4096,presentation_gap,current_review,all,1,2.0,0
srt_h4096,presentation_gap,current_review,all,2,4.0,1
srt_h4096,presentation_gap,current_review,all,4,8.0,0
srt_h4096,presentation_gap,current_review,all,8,16.0,12
srt_h4096,presentation_gap,current_review,all,16,32.0,32
srt_h4096,presentation_gap,current_review,all,32,64.0,130
srt_h4096,presentation_gap,current_review,all,64,128.0,48975
srt_h4096,presentation_gap,current_review,all,128,256.0,14071
srt_h4096,presentation_gap,current_review,all,256,512.0,40342
srt_h4096,presentation_gap,current_review,all,512,1024.0,64568
srt_h4096,presentation_gap,current_review,all,1024,2048.0,60386
srt_h4096,presentation_gap,current_review,all,2048,4096.0,30058
srt_h4096,presentation_gap,current_review,all,4096,8192.0,6014
srt_h4096,presentation_gap,current_review,all,8192,16384.0,5481
srt_h4096,presentation_gap,current_review,all,16384,32768.0,0
srt_h4096,presentation_gap,current_review,all,32768,65536.0,0
srt_h4096,presentation_gap,current_review,all,65536,131072.0,0
srt_h4096,presentation_gap,current_review,all,131072,262144.0,0
srt_h4096,presentation_gap,current_review,all,262144,524288.0,0
srt_h4096,presentation_gap,current_review,all,524288,1048576.0,0
srt_h4096,presentation_gap,current_review,all,1048576,2097152.0,0
srt_h4096,presentation_gap,current_review,all,2097152,4194304.0,0
srt_h4096,presentation_gap,current_review,all,4194304,8388608.0,0
srt_h4096,presentation_gap,current_review,all,8388608,16777216.0,0
srt_h4096,presentation_gap,current_review,all,16777216,33554432.0,0
srt_h4096,presentation_gap,current_review,all,33554432,67108864.0,0
srt_h4096,presentation_gap,current_review,all,67108864,134217728.0,0
srt_h4096,presentation_gap,current_review,all,134217728,268435456.0,0
srt_h4096,presentation_gap,current_review,all,268435456,536870912.0,0
srt_h4096,presentation_gap,current_review,all,536870912,1073741824.0,0
srt_h4096,presentation_gap,current_review,all,1073741824,2147483648.0,0
srt_h4096,presentation_gap,current_review,all,2147483648,4294967296.0,0
srt_h4096,presentation_gap,current_review,all,4294967296,8589934592.0,0
srt_h4096,presentation_gap,current_review,all,8589934592,17179869184.0,0
srt_h4096,presentation_gap,current_review,all,17179869184,34359738368.0,0
srt_h4096,presentation_gap,current_review,all,34359738368,68719476736.0,0
srt_h4096,presentation_gap,current_review,all,68719476736,137438953472.0,0
srt_h4096,presentation_gap,current_review,all,137438953472,274877906944.0,0
srt_h4096,presentation_gap,current_review,all,274877906944,549755813888.0,0
srt_h4096,presentation_gap,current_review,all,549755813888,1099511627776.0,0
srt_h4096,presentation_gap,current_review,all,1099511627776,,0
srt_h4096,presentation_gap,historical,0,0,1.0,0
srt_h4096,presentation_gap,historical,0,1,2.0,0
srt_h4096,presentation_gap,historical,0,2,4.0,0
srt_h4096,presentation_gap,historical,0,4,8.0,0
srt_h4096,presentation_gap,historical,0,8,16.0,0
srt_h4096,presentation_gap,historical,0,16,32.0,0
srt_h4096,presentation_gap,historical,0,32,64.0,0
srt_h4096,presentation_gap,historical,0,64,128.0,926
srt_h4096,presentation_gap,historical,0,128,256.0,1734
srt_h4096,presentation_gap,historical,0,256,512.0,3242
srt_h4096,presentation_gap,historical,0,512,1024.0,5660
srt_h4096,presentation_gap,historical,0,1024,2048.0,9021
srt_h4096,presentation_gap,historical,0,2048,4096.0,12873
srt_h4096,presentation_gap,historical,0,4096,8192.0,15219
srt_h4096,presentation_gap,historical,0,8192,16384.0,15116
srt_h4096,presentation_gap,historical,0,16384,32768.0,9983
srt_h4096,presentation_gap,historical,0,32768,65536.0,3623
srt_h4096,presentation_gap,historical,0,65536,131072.0,415
srt_h4096,presentation_gap,historical,0,131072,262144.0,5
srt_h4096,presentation_gap,historical,0,262144,524288.0,0
srt_h4096,presentation_gap,historical,0,524288,1048576.0,0
srt_h4096,presentation_gap,historical,0,1048576,2097152.0,0
srt_h4096,presentation_gap,historical,0,2097152,4194304.0,0
srt_h4096,presentation_gap,historical,0,4194304,8388608.0,0
srt_h4096,presentation_gap,historical,0,8388608,16777216.0,0
srt_h4096,presentation_gap,historical,0,16777216,33554432.0,0
srt_h4096,presentation_gap,historical,0,33554432,67108864.0,0
srt_h4096,presentation_gap,historical,0,67108864,134217728.0,0
srt_h4096,presentation_gap,historical,0,134217728,268435456.0,0
srt_h4096,presentation_gap,historical,0,268435456,536870912.0,0
srt_h4096,presentation_gap,historical,0,536870912,1073741824.0,0
srt_h4096,presentation_gap,historical,0,1073741824,2147483648.0,0
srt_h4096,presentation_gap,historical,0,2147483648,4294967296.0,0
srt_h4096,presentation_gap,historical,0,4294967296,8589934592.0,0
srt_h4096,presentation_gap,historical,0,8589934592,17179869184.0,0
srt_h4096,presentation_gap,historical,0,17179869184,34359738368.0,0
srt_h4096,presentation_gap,historical,0,34359738368,68719476736.0,0
srt_h4096,presentation_gap,historical,0,68719476736,137438953472.0,0
srt_h4096,presentation_gap,historical,0,137438953472,274877906944.0,0
srt_h4096,presentation_gap,historical,0,274877906944,549755813888.0,0
srt_h4096,presentation_gap,historical,0,549755813888,1099511627776.0,0
srt_h4096,presentation_gap,historical,0,1099511627776,,0
srt_h4096,presentation_gap,historical,1,0,1.0,0
srt_h4096,presentation_gap,historical,1,1,2.0,0
srt_h4096,presentation_gap,historical,1,2,4.0,0
srt_h4096,presentation_gap,historical,1,4,8.0,0
srt_h4096,presentation_gap,historical,1,8,16.0,0
srt_h4096,presentation_gap,historical,1,16,32.0,0
srt_h4096,presentation_gap,historical,1,32,64.0,0
srt_h4096,presentation_gap,historical,1,64,128.0,390
srt_h4096,presentation_gap,historical,1,128,256.0,700
srt_h4096,presentation_gap,historical,1,256,512.0,1335
srt_h4096,presentation_gap,historical,1,512,1024.0,2321
srt_h4096,presentation_gap,historical,1,1024,2048.0,3743
srt_h4096,presentation_gap,historical,1,2048,4096.0,5250
srt_h4096,presentation_gap,historical,1,4096,8192.0,6168
srt_h4096,presentation_gap,historical,1,8192,16384.0,6029
srt_h4096,presentation_gap,historical,1,16384,32768.0,3812
srt_h4096,presentation_gap,historical,1,32768,65536.0,1306
srt_h4096,presentation_gap,historical,1,65536,131072.0,142
srt_h4096,presentation_gap,historical,1,131072,262144.0,1
srt_h4096,presentation_gap,historical,1,262144,524288.0,0
srt_h4096,presentation_gap,historical,1,524288,1048576.0,0
srt_h4096,presentation_gap,historical,1,1048576,2097152.0,0
srt_h4096,presentation_gap,historical,1,2097152,4194304.0,0
srt_h4096,presentation_gap,historical,1,4194304,8388608.0,0
srt_h4096,presentation_gap,historical,1,8388608,16777216.0,0
srt_h4096,presentation_gap,historical,1,16777216,33554432.0,0
srt_h4096,presentation_gap,historical,1,33554432,67108864.0,0
srt_h4096,presentation_gap,historical,1,67108864,134217728.0,0
srt_h4096,presentation_gap,historical,1,134217728,268435456.0,0
srt_h4096,presentation_gap,historical,1,268435456,536870912.0,0
srt_h4096,presentation_gap,historical,1,536870912,1073741824.0,0
srt_h4096,presentation_gap,historical,1,1073741824,2147483648.0,0
srt_h4096,presentation_gap,historical,1,2147483648,4294967296.0,0
srt_h4096,presentation_gap,historical,1,4294967296,8589934592.0,0
srt_h4096,presentation_gap,historical,1,8589934592,17179869184.0,0
srt_h4096,presentation_gap,historical,1,17179869184,34359738368.0,0
srt_h4096,presentation_gap,historical,1,34359738368,68719476736.0,0
srt_h4096,presentation_gap,historical,1,68719476736,137438953472.0,0
srt_h4096,presentation_gap,historical,1,137438953472,274877906944.0,0
srt_h4096,presentation_gap,historical,1,274877906944,549755813888.0,0
srt_h4096,presentation_gap,historical,1,549755813888,1099511627776.0,0
srt_h4096,presentation_gap,historical,1,1099511627776,,0
srt_h4096,presentation_gap,historical,2,0,1.0,0
srt_h4096,presentation_gap,historical,2,1,2.0,0
srt_h4096,presentation_gap,historical,2,2,4.0,0
srt_h4096,presentation_gap,historical,2,4,8.0,0
srt_h4096,presentation_gap,historical,2,8,16.0,0
srt_h4096,presentation_gap,historical,2,16,32.0,0
srt_h4096,presentation_gap,historical,2,32,64.0,0
srt_h4096,presentation_gap,historical,2,64,128.0,672
srt_h4096,presentation_gap,historical,2,128,256.0,1192
srt_h4096,presentation_gap,historical,2,256,512.0,2159
srt_h4096,presentation_gap,historical,2,512,1024.0,3890
srt_h4096,presentation_gap,historical,2,1024,2048.0,6189
srt_h4096,presentation_gap,historical,2,2048,4096.0,8798
srt_h4096,presentation_gap,historical,2,4096,8192.0,10101
srt_h4096,presentation_gap,historical,2,8192,16384.0,9389
srt_h4096,presentation_gap,historical,2,16384,32768.0,6244
srt_h4096,presentation_gap,historical,2,32768,65536.0,2192
srt_h4096,presentation_gap,historical,2,65536,131072.0,213
srt_h4096,presentation_gap,historical,2,131072,262144.0,1
srt_h4096,presentation_gap,historical,2,262144,524288.0,0
srt_h4096,presentation_gap,historical,2,524288,1048576.0,0
srt_h4096,presentation_gap,historical,2,1048576,2097152.0,0
srt_h4096,presentation_gap,historical,2,2097152,4194304.0,0
srt_h4096,presentation_gap,historical,2,4194304,8388608.0,0
srt_h4096,presentation_gap,historical,2,8388608,16777216.0,0
srt_h4096,presentation_gap,historical,2,16777216,33554432.0,0
srt_h4096,presentation_gap,historical,2,33554432,67108864.0,0
srt_h4096,presentation_gap,historical,2,67108864,134217728.0,0
srt_h4096,presentation_gap,historical,2,134217728,268435456.0,0
srt_h4096,presentation_gap,historical,2,268435456,536870912.0,0
srt_h4096,presentation_gap,historical,2,536870912,1073741824.0,0
srt_h4096,presentation_gap,historical,2,1073741824,2147483648.0,0
srt_h4096,presentation_gap,historical,2,2147483648,4294967296.0,0
srt_h4096,presentation_gap,historical,2,4294967296,8589934592.0,0
srt_h4096,presentation_gap,historical,2,8589934592,17179869184.0,0
srt_h4096,presentation_gap,historical,2,17179869184,34359738368.0,0
srt_h4096,presentation_gap,historical,2,34359738368,68719476736.0,0
srt_h4096,presentation_gap,historical,2,68719476736,137438953472.0,0
srt_h4096,presentation_gap,historical,2,137438953472,274877906944.0,0
srt_h4096,presentation_gap,historical,2,274877906944,549755813888.0,0
srt_h4096,presentation_gap,historical,2,549755813888,1099511627776.0,0
srt_h4096,presentation_gap,historical,2,1099511627776,,0
srt_h4096,presentation_gap,historical,3,0,1.0,0
srt_h4096,presentation_gap,historical,3,1,2.0,0
srt_h4096,presentation_gap,historical,3,2,4.0,0
srt_h4096,presentation_gap,historical,3,4,8.0,0
srt_h4096,presentation_gap,historical,3,8,16.0,0
srt_h4096,presentation_gap,historical,3,16,32.0,0
srt_h4096,presentation_gap,historical,3,32,64.0,0
srt_h4096,presentation_gap,historical,3,64,128.0,213
srt_h4096,presentation_gap,historical,3,128,256.0,390
srt_h4096,presentation_gap,historical,3,256,512.0,850
srt_h4096,presentation_gap,historical,3,512,1024.0,2549
srt_h4096,presentation_gap,historical,3,1024,2048.0,4680
srt_h4096,presentation_gap,historical,3,2048,4096.0,7102
srt_h4096,presentation_gap,historical,3,4096,8192.0,9007
srt_h4096,presentation_gap,historical,3,8192,16384.0,8878
srt_h4096,presentation_gap,historical,3,16384,32768.0,6212
srt_h4096,presentation_gap,historical,3,32768,65536.0,2810
srt_h4096,presentation_gap,historical,3,65536,131072.0,797
srt_h4096,presentation_gap,historical,3,131072,262144.0,284
srt_h4096,presentation_gap,historical,3,262144,524288.0,152
srt_h4096,presentation_gap,historical,3,524288,1048576.0,0
srt_h4096,presentation_gap,historical,3,1048576,2097152.0,0
srt_h4096,presentation_gap,historical,3,2097152,4194304.0,0
srt_h4096,presentation_gap,historical,3,4194304,8388608.0,0
srt_h4096,presentation_gap,historical,3,8388608,16777216.0,0
srt_h4096,presentation_gap,historical,3,16777216,33554432.0,0
srt_h4096,presentation_gap,historical,3,33554432,67108864.0,0
srt_h4096,presentation_gap,historical,3,67108864,134217728.0,0
srt_h4096,presentation_gap,historical,3,134217728,268435456.0,0
srt_h4096,presentation_gap,historical,3,268435456,536870912.0,0
srt_h4096,presentation_gap,historical,3,536870912,1073741824.0,0
srt_h4096,presentation_gap,historical,3,1073741824,2147483648.0,0
srt_h4096,presentation_gap,historical,3,2147483648,4294967296.0,0
srt_h4096,presentation_gap,historical,3,4294967296,8589934592.0,0
srt_h4096,presentation_gap,historical,3,8589934592,17179869184.0,0
srt_h4096,presentation_gap,historical,3,17179869184,34359738368.0,0
srt_h4096,presentation_gap,historical,3,34359738368,68719476736.0,0
srt_h4096,presentation_gap,historical,3,68719476736,137438953472.0,0
srt_h4096,presentation_gap,historical,3,137438953472,274877906944.0,0
srt_h4096,presentation_gap,historical,3,274877906944,549755813888.0,0
srt_h4096,presentation_gap,historical,3,549755813888,1099511627776.0,0
srt_h4096,presentation_gap,historical,3,1099511627776,,0
srt_h4096,presentation_gap,historical,4,0,1.0,0
srt_h4096,presentation_gap,historical,4,1,2.0,0
srt_h4096,presentation_gap,historical,4,2,4.0,0
srt_h4096,presentation_gap,historical,4,4,8.0,0
srt_h4096,presentation_gap,historical,4,8,16.0,0
srt_h4096,presentation_gap,historical,4,16,32.0,0
srt_h4096,presentation_gap,historical,4,32,64.0,0
srt_h4096,presentation_gap,historical,4,64,128.0,301
srt_h4096,presentation_gap,historical,4,128,256.0,487
srt_h4096,presentation_gap,historical,4,256,512.0,1259
srt_h4096,presentation_gap,historical,4,512,1024.0,3680
srt_h4096,presentation_gap,historical,4,1024,2048.0,7111
srt_h4096,presentation_gap,historical,4,2048,4096.0,10519
srt_h4096,presentation_gap,historical,4,4096,8192.0,13275
srt_h4096,presentation_gap,historical,4,8192,16384.0,13111
srt_h4096,presentation_gap,historical,4,16384,32768.0,9381
srt_h4096,presentation_gap,historical,4,32768,65536.0,4294
srt_h4096,presentation_gap,historical,4,65536,131072.0,1285
srt_h4096,presentation_gap,historical,4,131072,262144.0,541
srt_h4096,presentation_gap,historical,4,262144,524288.0,222
srt_h4096,presentation_gap,historical,4,524288,1048576.0,0
srt_h4096,presentation_gap,historical,4,1048576,2097152.0,0
srt_h4096,presentation_gap,historical,4,2097152,4194304.0,0
srt_h4096,presentation_gap,historical,4,4194304,8388608.0,0
srt_h4096,presentation_gap,historical,4,8388608,16777216.0,0
srt_h4096,presentation_gap,historical,4,16777216,33554432.0,0
srt_h4096,presentation_gap,historical,4,33554432,67108864.0,0
srt_h4096,presentation_gap,historical,4,67108864,134217728.0,0
srt_h4096,presentation_gap,historical,4,134217728,268435456.0,0
srt_h4096,presentation_gap,historical,4,268435456,536870912.0,0
srt_h4096,presentation_gap,historical,4,536870912,1073741824.0,0
srt_h4096,presentation_gap,historical,4,1073741824,2147483648.0,0
srt_h4096,presentation_gap,historical,4,2147483648,4294967296.0,0
srt_h4096,presentation_gap,historical,4,4294967296,8589934592.0,0
srt_h4096,presentation_gap,historical,4,8589934592,17179869184.0,0
srt_h4096,presentation_gap,historical,4,17179869184,34359738368.0,0
srt_h4096,presentation_gap,historical,4,34359738368,68719476736.0,0
srt_h4096,presentation_gap,historical,4,68719476736,137438953472.0,0
srt_h4096,presentation_gap,historical,4,137438953472,274877906944.0,0
srt_h4096,presentation_gap,historical,4,274877906944,549755813888.0,0
srt_h4096,presentation_gap,historical,4,549755813888,1099511627776.0,0
srt_h4096,presentation_gap,historical,4,1099511627776,,0
srt_h4096,presentation_gap,historical,5,0,1.0,0
srt_h4096,presentation_gap,historical,5,1,2.0,0
srt_h4096,presentation_gap,historical,5,2,4.0,0
srt_h4096,presentation_gap,historical,5,4,8.0,0
srt_h4096,presentation_gap,historical,5,8,16.0,0
srt_h4096,presentation_gap,historical,5,16,32.0,0
srt_h4096,presentation_gap,historical,5,32,64.0,0
srt_h4096,presentation_gap,historical,5,64,128.0,922
srt_h4096,presentation_gap,historical,5,128,256.0,1726
srt_h4096,presentation_gap,historical,5,256,512.0,4604
srt_h4096,presentation_gap,historical,5,512,1024.0,13010
srt_h4096,presentation_gap,historical,5,1024,2048.0,26721
srt_h4096,presentation_gap,historical,5,2048,4096.0,40406
srt_h4096,presentation_gap,historical,5,4096,8192.0,49344
srt_h4096,presentation_gap,historical,5,8192,16384.0,55619
srt_h4096,presentation_gap,historical,5,16384,32768.0,45680
srt_h4096,presentation_gap,historical,5,32768,65536.0,25049
srt_h4096,presentation_gap,historical,5,65536,131072.0,9799
srt_h4096,presentation_gap,historical,5,131072,262144.0,5388
srt_h4096,presentation_gap,historical,5,262144,524288.0,2846
srt_h4096,presentation_gap,historical,5,524288,1048576.0,12
srt_h4096,presentation_gap,historical,5,1048576,2097152.0,0
srt_h4096,presentation_gap,historical,5,2097152,4194304.0,0
srt_h4096,presentation_gap,historical,5,4194304,8388608.0,0
srt_h4096,presentation_gap,historical,5,8388608,16777216.0,0
srt_h4096,presentation_gap,historical,5,16777216,33554432.0,0
srt_h4096,presentation_gap,historical,5,33554432,67108864.0,0
srt_h4096,presentation_gap,historical,5,67108864,134217728.0,0
srt_h4096,presentation_gap,historical,5,134217728,268435456.0,0
srt_h4096,presentation_gap,historical,5,268435456,536870912.0,0
srt_h4096,presentation_gap,historical,5,536870912,1073741824.0,0
srt_h4096,presentation_gap,historical,5,1073741824,2147483648.0,0
srt_h4096,presentation_gap,historical,5,2147483648,4294967296.0,0
srt_h4096,presentation_gap,historical,5,4294967296,8589934592.0,0
srt_h4096,presentation_gap,historical,5,8589934592,17179869184.0,0
srt_h4096,presentation_gap,historical,5,17179869184,34359738368.0,0
srt_h4096,presentation_gap,historical,5,34359738368,68719476736.0,0
srt_h4096,presentation_gap,historical,5,68719476736,137438953472.0,0
srt_h4096,presentation_gap,historical,5,137438953472,274877906944.0,0
srt_h4096,presentation_gap,historical,5,274877906944,549755813888.0,0
srt_h4096,presentation_gap,historical,5,549755813888,1099511627776.0,0
srt_h4096,presentation_gap,historical,5,1099511627776,,0
srt_h4096,presentation_gap,historical,all,0,1.0,0
srt_h4096,presentation_gap,historical,all,1,2.0,0
srt_h4096,presentation_gap,historical,all,2,4.0,0
srt_h4096,presentation_gap,historical,all,4,8.0,0
srt_h4096,presentation_gap,historical,all,8,16.0,0
srt_h4096,presentation_gap,historical,all,16,32.0,0
srt_h4096,presentation_gap,historical,all,32,64.0,0
srt_h4096,presentation_gap,historical,all,64,128.0,3424
srt_h4096,presentation_gap,historical,all,128,256.0,6229
srt_h4096,presentation_gap,historical,all,256,512.0,13449
srt_h4096,presentation_gap,historical,all,512,1024.0,31110
srt_h4096,presentation_gap,historical,all,1024,2048.0,57465
srt_h4096,presentation_gap,historical,all,2048,4096.0,84948
srt_h4096,presentation_gap,historical,all,4096,8192.0,103114
srt_h4096,presentation_gap,historical,all,8192,16384.0,108142
srt_h4096,presentation_gap,historical,all,16384,32768.0,81312
srt_h4096,presentation_gap,historical,all,32768,65536.0,39274
srt_h4096,presentation_gap,historical,all,65536,131072.0,12651
srt_h4096,presentation_gap,historical,all,131072,262144.0,6220
srt_h4096,presentation_gap,historical,all,262144,524288.0,3220
srt_h4096,presentation_gap,historical,all,524288,1048576.0,12
srt_h4096,presentation_gap,historical,all,1048576,2097152.0,0
srt_h4096,presentation_gap,historical,all,2097152,4194304.0,0
srt_h4096,presentation_gap,historical,all,4194304,8388608.0,0
srt_h4096,presentation_gap,historical,all,8388608,16777216.0,0
srt_h4096,presentation_gap,historical,all,16777216,33554432.0,0
srt_h4096,presentation_gap,historical,all,33554432,67108864.0,0
srt_h4096,presentation_gap,historical,all,67108864,134217728.0,0
srt_h4096,presentation_gap,historical,all,134217728,268435456.0,0
srt_h4096,presentation_gap,historical,all,268435456,536870912.0,0
srt_h4096,presentation_gap,historical,all,536870912,1073741824.0,0
srt_h4096,presentation_gap,historical,all,1073741824,2147483648.0,0
srt_h4096,presentation_gap,historical,all,2147483648,4294967296.0,0
srt_h4096,presentation_gap,historical,all,4294967296,8589934592.0,0
srt_h4096,presentation_gap,historical,all,8589934592,17179869184.0,0
srt_h4096,presentation_gap,historical,all,17179869184,34359738368.0,0
srt_h4096,presentation_gap,historical,all,34359738368,68719476736.0,0
srt_h4096,presentation_gap,historical,all,68719476736,137438953472.0,0
srt_h4096,presentation_gap,historical,all,137438953472,274877906944.0,0
srt_h4096,presentation_gap,historical,all,274877906944,549755813888.0,0
srt_h4096,presentation_gap,historical,all,549755813888,1099511627776.0,0
srt_h4096,presentation_gap,historical,all,1099511627776,,0
srt_h4096,stage_gap,current_review,0,0,1.0,39321
srt_h4096,stage_gap,current_review,0,1,2.0,0
srt_h4096,stage_gap,current_review,0,2,4.0,0
srt_h4096,stage_gap,current_review,0,4,8.0,0
srt_h4096,stage_gap,current_review,0,8,16.0,0
srt_h4096,stage_gap,current_review,0,16,32.0,0
srt_h4096,stage_gap,current_review,0,32,64.0,0
srt_h4096,stage_gap,current_review,0,64,128.0,0
srt_h4096,stage_gap,current_review,0,128,256.0,0
srt_h4096,stage_gap,current_review,0,256,512.0,0
srt_h4096,stage_gap,current_review,0,512,1024.0,0
srt_h4096,stage_gap,current_review,0,1024,2048.0,0
srt_h4096,stage_gap,current_review,0,2048,4096.0,0
srt_h4096,stage_gap,current_review,0,4096,8192.0,0
srt_h4096,stage_gap,current_review,0,8192,16384.0,0
srt_h4096,stage_gap,current_review,0,16384,32768.0,0
srt_h4096,stage_gap,current_review,0,32768,65536.0,0
srt_h4096,stage_gap,current_review,0,65536,131072.0,0
srt_h4096,stage_gap,current_review,0,131072,262144.0,0
srt_h4096,stage_gap,current_review,0,262144,524288.0,0
srt_h4096,stage_gap,current_review,0,524288,1048576.0,0
srt_h4096,stage_gap,current_review,0,1048576,2097152.0,0
srt_h4096,stage_gap,current_review,0,2097152,4194304.0,0
srt_h4096,stage_gap,current_review,0,4194304,8388608.0,0
srt_h4096,stage_gap,current_review,0,8388608,16777216.0,0
srt_h4096,stage_gap,current_review,0,16777216,33554432.0,0
srt_h4096,stage_gap,current_review,0,33554432,67108864.0,0
srt_h4096,stage_gap,current_review,0,67108864,134217728.0,0
srt_h4096,stage_gap,current_review,0,134217728,268435456.0,0
srt_h4096,stage_gap,current_review,0,268435456,536870912.0,0
srt_h4096,stage_gap,current_review,0,536870912,1073741824.0,0
srt_h4096,stage_gap,current_review,0,1073741824,2147483648.0,0
srt_h4096,stage_gap,current_review,0,2147483648,4294967296.0,0
srt_h4096,stage_gap,current_review,0,4294967296,8589934592.0,0
srt_h4096,stage_gap,current_review,0,8589934592,17179869184.0,0
srt_h4096,stage_gap,current_review,0,17179869184,34359738368.0,0
srt_h4096,stage_gap,current_review,0,34359738368,68719476736.0,0
srt_h4096,stage_gap,current_review,0,68719476736,137438953472.0,0
srt_h4096,stage_gap,current_review,0,137438953472,274877906944.0,0
srt_h4096,stage_gap,current_review,0,274877906944,549755813888.0,0
srt_h4096,stage_gap,current_review,0,549755813888,1099511627776.0,0
srt_h4096,stage_gap,current_review,0,1099511627776,,0
srt_h4096,stage_gap,current_review,1,0,1.0,11247
srt_h4096,stage_gap,current_review,1,1,2.0,0
srt_h4096,stage_gap,current_review,1,2,4.0,0
srt_h4096,stage_gap,current_review,1,4,8.0,0
srt_h4096,stage_gap,current_review,1,8,16.0,0
srt_h4096,stage_gap,current_review,1,16,32.0,0
srt_h4096,stage_gap,current_review,1,32,64.0,0
srt_h4096,stage_gap,current_review,1,64,128.0,0
srt_h4096,stage_gap,current_review,1,128,256.0,0
srt_h4096,stage_gap,current_review,1,256,512.0,0
srt_h4096,stage_gap,current_review,1,512,1024.0,0
srt_h4096,stage_gap,current_review,1,1024,2048.0,0
srt_h4096,stage_gap,current_review,1,2048,4096.0,0
srt_h4096,stage_gap,current_review,1,4096,8192.0,0
srt_h4096,stage_gap,current_review,1,8192,16384.0,0
srt_h4096,stage_gap,current_review,1,16384,32768.0,0
srt_h4096,stage_gap,current_review,1,32768,65536.0,0
srt_h4096,stage_gap,current_review,1,65536,131072.0,0
srt_h4096,stage_gap,current_review,1,131072,262144.0,0
srt_h4096,stage_gap,current_review,1,262144,524288.0,0
srt_h4096,stage_gap,current_review,1,524288,1048576.0,0
srt_h4096,stage_gap,current_review,1,1048576,2097152.0,0
srt_h4096,stage_gap,current_review,1,2097152,4194304.0,0
srt_h4096,stage_gap,current_review,1,4194304,8388608.0,0
srt_h4096,stage_gap,current_review,1,8388608,16777216.0,0
srt_h4096,stage_gap,current_review,1,16777216,33554432.0,0
srt_h4096,stage_gap,current_review,1,33554432,67108864.0,0
srt_h4096,stage_gap,current_review,1,67108864,134217728.0,0
srt_h4096,stage_gap,current_review,1,134217728,268435456.0,0
srt_h4096,stage_gap,current_review,1,268435456,536870912.0,0
srt_h4096,stage_gap,current_review,1,536870912,1073741824.0,0
srt_h4096,stage_gap,current_review,1,1073741824,2147483648.0,0
srt_h4096,stage_gap,current_review,1,2147483648,4294967296.0,0
srt_h4096,stage_gap,current_review,1,4294967296,8589934592.0,0
srt_h4096,stage_gap,current_review,1,8589934592,17179869184.0,0
srt_h4096,stage_gap,current_review,1,17179869184,34359738368.0,0
srt_h4096,stage_gap,current_review,1,34359738368,68719476736.0,0
srt_h4096,stage_gap,current_review,1,68719476736,137438953472.0,0
srt_h4096,stage_gap,current_review,1,137438953472,274877906944.0,0
srt_h4096,stage_gap,current_review,1,274877906944,549755813888.0,0
srt_h4096,stage_gap,current_review,1,549755813888,1099511627776.0,0
srt_h4096,stage_gap,current_review,1,1099511627776,,0
srt_h4096,stage_gap,current_review,2,0,1.0,18309
srt_h4096,stage_gap,current_review,2,1,2.0,0
srt_h4096,stage_gap,current_review,2,2,4.0,0
srt_h4096,stage_gap,current_review,2,4,8.0,0
srt_h4096,stage_gap,current_review,2,8,16.0,0
srt_h4096,stage_gap,current_review,2,16,32.0,0
srt_h4096,stage_gap,current_review,2,32,64.0,0
srt_h4096,stage_gap,current_review,2,64,128.0,0
srt_h4096,stage_gap,current_review,2,128,256.0,0
srt_h4096,stage_gap,current_review,2,256,512.0,0
srt_h4096,stage_gap,current_review,2,512,1024.0,0
srt_h4096,stage_gap,current_review,2,1024,2048.0,0
srt_h4096,stage_gap,current_review,2,2048,4096.0,0
srt_h4096,stage_gap,current_review,2,4096,8192.0,0
srt_h4096,stage_gap,current_review,2,8192,16384.0,0
srt_h4096,stage_gap,current_review,2,16384,32768.0,0
srt_h4096,stage_gap,current_review,2,32768,65536.0,0
srt_h4096,stage_gap,current_review,2,65536,131072.0,0
srt_h4096,stage_gap,current_review,2,131072,262144.0,0
srt_h4096,stage_gap,current_review,2,262144,524288.0,0
srt_h4096,stage_gap,current_review,2,524288,1048576.0,0
srt_h4096,stage_gap,current_review,2,1048576,2097152.0,0
srt_h4096,stage_gap,current_review,2,2097152,4194304.0,0
srt_h4096,stage_gap,current_review,2,4194304,8388608.0,0
srt_h4096,stage_gap,current_review,2,8388608,16777216.0,0
srt_h4096,stage_gap,current_review,2,16777216,33554432.0,0
srt_h4096,stage_gap,current_review,2,33554432,67108864.0,0
srt_h4096,stage_gap,current_review,2,67108864,134217728.0,0
srt_h4096,stage_gap,current_review,2,134217728,268435456.0,0
srt_h4096,stage_gap,current_review,2,268435456,536870912.0,0
srt_h4096,stage_gap,current_review,2,536870912,1073741824.0,0
srt_h4096,stage_gap,current_review,2,1073741824,2147483648.0,0
srt_h4096,stage_gap,current_review,2,2147483648,4294967296.0,0
srt_h4096,stage_gap,current_review,2,4294967296,8589934592.0,0
srt_h4096,stage_gap,current_review,2,8589934592,17179869184.0,0
srt_h4096,stage_gap,current_review,2,17179869184,34359738368.0,0
srt_h4096,stage_gap,current_review,2,34359738368,68719476736.0,0
srt_h4096,stage_gap,current_review,2,68719476736,137438953472.0,0
srt_h4096,stage_gap,current_review,2,137438953472,274877906944.0,0
srt_h4096,stage_gap,current_review,2,274877906944,549755813888.0,0
srt_h4096,stage_gap,current_review,2,549755813888,1099511627776.0,0
srt_h4096,stage_gap,current_review,2,1099511627776,,0
srt_h4096,stage_gap,current_review,3,0,1.0,14393
srt_h4096,stage_gap,current_review,3,1,2.0,0
srt_h4096,stage_gap,current_review,3,2,4.0,0
srt_h4096,stage_gap,current_review,3,4,8.0,0
srt_h4096,stage_gap,current_review,3,8,16.0,0
srt_h4096,stage_gap,current_review,3,16,32.0,0
srt_h4096,stage_gap,current_review,3,32,64.0,0
srt_h4096,stage_gap,current_review,3,64,128.0,0
srt_h4096,stage_gap,current_review,3,128,256.0,0
srt_h4096,stage_gap,current_review,3,256,512.0,0
srt_h4096,stage_gap,current_review,3,512,1024.0,0
srt_h4096,stage_gap,current_review,3,1024,2048.0,0
srt_h4096,stage_gap,current_review,3,2048,4096.0,0
srt_h4096,stage_gap,current_review,3,4096,8192.0,0
srt_h4096,stage_gap,current_review,3,8192,16384.0,0
srt_h4096,stage_gap,current_review,3,16384,32768.0,0
srt_h4096,stage_gap,current_review,3,32768,65536.0,0
srt_h4096,stage_gap,current_review,3,65536,131072.0,0
srt_h4096,stage_gap,current_review,3,131072,262144.0,0
srt_h4096,stage_gap,current_review,3,262144,524288.0,0
srt_h4096,stage_gap,current_review,3,524288,1048576.0,0
srt_h4096,stage_gap,current_review,3,1048576,2097152.0,0
srt_h4096,stage_gap,current_review,3,2097152,4194304.0,0
srt_h4096,stage_gap,current_review,3,4194304,8388608.0,0
srt_h4096,stage_gap,current_review,3,8388608,16777216.0,0
srt_h4096,stage_gap,current_review,3,16777216,33554432.0,0
srt_h4096,stage_gap,current_review,3,33554432,67108864.0,0
srt_h4096,stage_gap,current_review,3,67108864,134217728.0,0
srt_h4096,stage_gap,current_review,3,134217728,268435456.0,0
srt_h4096,stage_gap,current_review,3,268435456,536870912.0,0
srt_h4096,stage_gap,current_review,3,536870912,1073741824.0,0
srt_h4096,stage_gap,current_review,3,1073741824,2147483648.0,0
srt_h4096,stage_gap,current_review,3,2147483648,4294967296.0,0
srt_h4096,stage_gap,current_review,3,4294967296,8589934592.0,0
srt_h4096,stage_gap,current_review,3,8589934592,17179869184.0,0
srt_h4096,stage_gap,current_review,3,17179869184,34359738368.0,0
srt_h4096,stage_gap,current_review,3,34359738368,68719476736.0,0
srt_h4096,stage_gap,current_review,3,68719476736,137438953472.0,0
srt_h4096,stage_gap,current_review,3,137438953472,274877906944.0,0
srt_h4096,stage_gap,current_review,3,274877906944,549755813888.0,0
srt_h4096,stage_gap,current_review,3,549755813888,1099511627776.0,0
srt_h4096,stage_gap,current_review,3,1099511627776,,0
srt_h4096,stage_gap,current_review,4,0,1.0,21143
srt_h4096,stage_gap,current_review,4,1,2.0,0
srt_h4096,stage_gap,current_review,4,2,4.0,0
srt_h4096,stage_gap,current_review,4,4,8.0,0
srt_h4096,stage_gap,current_review,4,8,16.0,0
srt_h4096,stage_gap,current_review,4,16,32.0,0
srt_h4096,stage_gap,current_review,4,32,64.0,0
srt_h4096,stage_gap,current_review,4,64,128.0,0
srt_h4096,stage_gap,current_review,4,128,256.0,0
srt_h4096,stage_gap,current_review,4,256,512.0,0
srt_h4096,stage_gap,current_review,4,512,1024.0,0
srt_h4096,stage_gap,current_review,4,1024,2048.0,0
srt_h4096,stage_gap,current_review,4,2048,4096.0,0
srt_h4096,stage_gap,current_review,4,4096,8192.0,0
srt_h4096,stage_gap,current_review,4,8192,16384.0,0
srt_h4096,stage_gap,current_review,4,16384,32768.0,0
srt_h4096,stage_gap,current_review,4,32768,65536.0,0
srt_h4096,stage_gap,current_review,4,65536,131072.0,0
srt_h4096,stage_gap,current_review,4,131072,262144.0,0
srt_h4096,stage_gap,current_review,4,262144,524288.0,0
srt_h4096,stage_gap,current_review,4,524288,1048576.0,0
srt_h4096,stage_gap,current_review,4,1048576,2097152.0,0
srt_h4096,stage_gap,current_review,4,2097152,4194304.0,0
srt_h4096,stage_gap,current_review,4,4194304,8388608.0,0
srt_h4096,stage_gap,current_review,4,8388608,16777216.0,0
srt_h4096,stage_gap,current_review,4,16777216,33554432.0,0
srt_h4096,stage_gap,current_review,4,33554432,67108864.0,0
srt_h4096,stage_gap,current_review,4,67108864,134217728.0,0
srt_h4096,stage_gap,current_review,4,134217728,268435456.0,0
srt_h4096,stage_gap,current_review,4,268435456,536870912.0,0
srt_h4096,stage_gap,current_review,4,536870912,1073741824.0,0
srt_h4096,stage_gap,current_review,4,1073741824,2147483648.0,0
srt_h4096,stage_gap,current_review,4,2147483648,4294967296.0,0
srt_h4096,stage_gap,current_review,4,4294967296,8589934592.0,0
srt_h4096,stage_gap,current_review,4,8589934592,17179869184.0,0
srt_h4096,stage_gap,current_review,4,17179869184,34359738368.0,0
srt_h4096,stage_gap,current_review,4,34359738368,68719476736.0,0
srt_h4096,stage_gap,current_review,4,68719476736,137438953472.0,0
srt_h4096,stage_gap,current_review,4,137438953472,274877906944.0,0
srt_h4096,stage_gap,current_review,4,274877906944,549755813888.0,0
srt_h4096,stage_gap,current_review,4,549755813888,1099511627776.0,0
srt_h4096,stage_gap,current_review,4,1099511627776,,0
srt_h4096,stage_gap,current_review,5,0,1.0,165657
srt_h4096,stage_gap,current_review,5,1,2.0,0
srt_h4096,stage_gap,current_review,5,2,4.0,0
srt_h4096,stage_gap,current_review,5,4,8.0,0
srt_h4096,stage_gap,current_review,5,8,16.0,0
srt_h4096,stage_gap,current_review,5,16,32.0,0
srt_h4096,stage_gap,current_review,5,32,64.0,0
srt_h4096,stage_gap,current_review,5,64,128.0,0
srt_h4096,stage_gap,current_review,5,128,256.0,0
srt_h4096,stage_gap,current_review,5,256,512.0,0
srt_h4096,stage_gap,current_review,5,512,1024.0,0
srt_h4096,stage_gap,current_review,5,1024,2048.0,0
srt_h4096,stage_gap,current_review,5,2048,4096.0,0
srt_h4096,stage_gap,current_review,5,4096,8192.0,0
srt_h4096,stage_gap,current_review,5,8192,16384.0,0
srt_h4096,stage_gap,current_review,5,16384,32768.0,0
srt_h4096,stage_gap,current_review,5,32768,65536.0,0
srt_h4096,stage_gap,current_review,5,65536,131072.0,0
srt_h4096,stage_gap,current_review,5,131072,262144.0,0
srt_h4096,stage_gap,current_review,5,262144,524288.0,0
srt_h4096,stage_gap,current_review,5,524288,1048576.0,0
srt_h4096,stage_gap,current_review,5,1048576,2097152.0,0
srt_h4096,stage_gap,current_review,5,2097152,4194304.0,0
srt_h4096,stage_gap,current_review,5,4194304,8388608.0,0
srt_h4096,stage_gap,current_review,5,8388608,16777216.0,0
srt_h4096,stage_gap,current_review,5,16777216,33554432.0,0
srt_h4096,stage_gap,current_review,5,33554432,67108864.0,0
srt_h4096,stage_gap,current_review,5,67108864,134217728.0,0
srt_h4096,stage_gap,current_review,5,134217728,268435456.0,0
srt_h4096,stage_gap,current_review,5,268435456,536870912.0,0
srt_h4096,stage_gap,current_review,5,536870912,1073741824.0,0
srt_h4096,stage_gap,current_review,5,1073741824,2147483648.0,0
srt_h4096,stage_gap,current_review,5,2147483648,4294967296.0,0
srt_h4096,stage_gap,current_review,5,4294967296,8589934592.0,0
srt_h4096,stage_gap,current_review,5,8589934592,17179869184.0,0
srt_h4096,stage_gap,current_review,5,17179869184,34359738368.0,0
srt_h4096,stage_gap,current_review,5,34359738368,68719476736.0,0
srt_h4096,stage_gap,current_review,5,68719476736,137438953472.0,0
srt_h4096,stage_gap,current_review,5,137438953472,274877906944.0,0
srt_h4096,stage_gap,current_review,5,274877906944,549755813888.0,0
srt_h4096,stage_gap,current_review,5,549755813888,1099511627776.0,0
srt_h4096,stage_gap,current_review,5,1099511627776,,0
srt_h4096,stage_gap,current_review,all,0,1.0,270070
srt_h4096,stage_gap,current_review,all,1,2.0,0
srt_h4096,stage_gap,current_review,all,2,4.0,0
srt_h4096,stage_gap,current_review,all,4,8.0,0
srt_h4096,stage_gap,current_review,all,8,16.0,0
srt_h4096,stage_gap,current_review,all,16,32.0,0
srt_h4096,stage_gap,current_review,all,32,64.0,0
srt_h4096,stage_gap,current_review,all,64,128.0,0
srt_h4096,stage_gap,current_review,all,128,256.0,0
srt_h4096,stage_gap,current_review,all,256,512.0,0
srt_h4096,stage_gap,current_review,all,512,1024.0,0
srt_h4096,stage_gap,current_review,all,1024,2048.0,0
srt_h4096,stage_gap,current_review,all,2048,4096.0,0
srt_h4096,stage_gap,current_review,all,4096,8192.0,0
srt_h4096,stage_gap,current_review,all,8192,16384.0,0
srt_h4096,stage_gap,current_review,all,16384,32768.0,0
srt_h4096,stage_gap,current_review,all,32768,65536.0,0
srt_h4096,stage_gap,current_review,all,65536,131072.0,0
srt_h4096,stage_gap,current_review,all,131072,262144.0,0
srt_h4096,stage_gap,current_review,all,262144,524288.0,0
srt_h4096,stage_gap,current_review,all,524288,1048576.0,0
srt_h4096,stage_gap,current_review,all,1048576,2097152.0,0
srt_h4096,stage_gap,current_review,all,2097152,4194304.0,0
srt_h4096,stage_gap,current_review,all,4194304,8388608.0,0
srt_h4096,stage_gap,current_review,all,8388608,16777216.0,0
srt_h4096,stage_gap,current_review,all,16777216,33554432.0,0
srt_h4096,stage_gap,current_review,all,33554432,67108864.0,0
srt_h4096,stage_gap,current_review,all,67108864,134217728.0,0
srt_h4096,stage_gap,current_review,all,134217728,268435456.0,0
srt_h4096,stage_gap,current_review,all,268435456,536870912.0,0
srt_h4096,stage_gap,current_review,all,536870912,1073741824.0,0
srt_h4096,stage_gap,current_review,all,1073741824,2147483648.0,0
srt_h4096,stage_gap,current_review,all,2147483648,4294967296.0,0
srt_h4096,stage_gap,current_review,all,4294967296,8589934592.0,0
srt_h4096,stage_gap,current_review,all,8589934592,17179869184.0,0
srt_h4096,stage_gap,current_review,all,17179869184,34359738368.0,0
srt_h4096,stage_gap,current_review,all,34359738368,68719476736.0,0
srt_h4096,stage_gap,current_review,all,68719476736,137438953472.0,0
srt_h4096,stage_gap,current_review,all,137438953472,274877906944.0,0
srt_h4096,stage_gap,current_review,all,274877906944,549755813888.0,0
srt_h4096,stage_gap,current_review,all,549755813888,1099511627776.0,0
srt_h4096,stage_gap,current_review,all,1099511627776,,0
srt_h4096,stage_gap,historical,0,0,1.0,49665
srt_h4096,stage_gap,historical,0,1,2.0,22144
srt_h4096,stage_gap,historical,0,2,4.0,5533
srt_h4096,stage_gap,historical,0,4,8.0,472
srt_h4096,stage_gap,historical,0,8,16.0,3
srt_h4096,stage_gap,historical,0,16,32.0,0
srt_h4096,stage_gap,historical,0,32,64.0,0
srt_h4096,stage_gap,historical,0,64,128.0,0
srt_h4096,stage_gap,historical,0,128,256.0,0
srt_h4096,stage_gap,historical,0,256,512.0,0
srt_h4096,stage_gap,historical,0,512,1024.0,0
srt_h4096,stage_gap,historical,0,1024,2048.0,0
srt_h4096,stage_gap,historical,0,2048,4096.0,0
srt_h4096,stage_gap,historical,0,4096,8192.0,0
srt_h4096,stage_gap,historical,0,8192,16384.0,0
srt_h4096,stage_gap,historical,0,16384,32768.0,0
srt_h4096,stage_gap,historical,0,32768,65536.0,0
srt_h4096,stage_gap,historical,0,65536,131072.0,0
srt_h4096,stage_gap,historical,0,131072,262144.0,0
srt_h4096,stage_gap,historical,0,262144,524288.0,0
srt_h4096,stage_gap,historical,0,524288,1048576.0,0
srt_h4096,stage_gap,historical,0,1048576,2097152.0,0
srt_h4096,stage_gap,historical,0,2097152,4194304.0,0
srt_h4096,stage_gap,historical,0,4194304,8388608.0,0
srt_h4096,stage_gap,historical,0,8388608,16777216.0,0
srt_h4096,stage_gap,historical,0,16777216,33554432.0,0
srt_h4096,stage_gap,historical,0,33554432,67108864.0,0
srt_h4096,stage_gap,historical,0,67108864,134217728.0,0
srt_h4096,stage_gap,historical,0,134217728,268435456.0,0
srt_h4096,stage_gap,historical,0,268435456,536870912.0,0
srt_h4096,stage_gap,historical,0,536870912,1073741824.0,0
srt_h4096,stage_gap,historical,0,1073741824,2147483648.0,0
srt_h4096,stage_gap,historical,0,2147483648,4294967296.0,0
srt_h4096,stage_gap,historical,0,4294967296,8589934592.0,0
srt_h4096,stage_gap,historical,0,8589934592,17179869184.0,0
srt_h4096,stage_gap,historical,0,17179869184,34359738368.0,0
srt_h4096,stage_gap,historical,0,34359738368,68719476736.0,0
srt_h4096,stage_gap,historical,0,68719476736,137438953472.0,0
srt_h4096,stage_gap,historical,0,137438953472,274877906944.0,0
srt_h4096,stage_gap,historical,0,274877906944,549755813888.0,0
srt_h4096,stage_gap,historical,0,549755813888,1099511627776.0,0
srt_h4096,stage_gap,historical,0,1099511627776,,0
srt_h4096,stage_gap,historical,1,0,1.0,20392
srt_h4096,stage_gap,historical,1,1,2.0,8647
srt_h4096,stage_gap,historical,1,2,4.0,2000
srt_h4096,stage_gap,historical,1,4,8.0,157
srt_h4096,stage_gap,historical,1,8,16.0,1
srt_h4096,stage_gap,historical,1,16,32.0,0
srt_h4096,stage_gap,historical,1,32,64.0,0
srt_h4096,stage_gap,historical,1,64,128.0,0
srt_h4096,stage_gap,historical,1,128,256.0,0
srt_h4096,stage_gap,historical,1,256,512.0,0
srt_h4096,stage_gap,historical,1,512,1024.0,0
srt_h4096,stage_gap,historical,1,1024,2048.0,0
srt_h4096,stage_gap,historical,1,2048,4096.0,0
srt_h4096,stage_gap,historical,1,4096,8192.0,0
srt_h4096,stage_gap,historical,1,8192,16384.0,0
srt_h4096,stage_gap,historical,1,16384,32768.0,0
srt_h4096,stage_gap,historical,1,32768,65536.0,0
srt_h4096,stage_gap,historical,1,65536,131072.0,0
srt_h4096,stage_gap,historical,1,131072,262144.0,0
srt_h4096,stage_gap,historical,1,262144,524288.0,0
srt_h4096,stage_gap,historical,1,524288,1048576.0,0
srt_h4096,stage_gap,historical,1,1048576,2097152.0,0
srt_h4096,stage_gap,historical,1,2097152,4194304.0,0
srt_h4096,stage_gap,historical,1,4194304,8388608.0,0
srt_h4096,stage_gap,historical,1,8388608,16777216.0,0
srt_h4096,stage_gap,historical,1,16777216,33554432.0,0
srt_h4096,stage_gap,historical,1,33554432,67108864.0,0
srt_h4096,stage_gap,historical,1,67108864,134217728.0,0
srt_h4096,stage_gap,historical,1,134217728,268435456.0,0
srt_h4096,stage_gap,historical,1,268435456,536870912.0,0
srt_h4096,stage_gap,historical,1,536870912,1073741824.0,0
srt_h4096,stage_gap,historical,1,1073741824,2147483648.0,0
srt_h4096,stage_gap,historical,1,2147483648,4294967296.0,0
srt_h4096,stage_gap,historical,1,4294967296,8589934592.0,0
srt_h4096,stage_gap,historical,1,8589934592,17179869184.0,0
srt_h4096,stage_gap,historical,1,17179869184,34359738368.0,0
srt_h4096,stage_gap,historical,1,34359738368,68719476736.0,0
srt_h4096,stage_gap,historical,1,68719476736,137438953472.0,0
srt_h4096,stage_gap,historical,1,137438953472,274877906944.0,0
srt_h4096,stage_gap,historical,1,274877906944,549755813888.0,0
srt_h4096,stage_gap,historical,1,549755813888,1099511627776.0,0
srt_h4096,stage_gap,historical,1,1099511627776,,0
srt_h4096,stage_gap,historical,2,0,1.0,33291
srt_h4096,stage_gap,historical,2,1,2.0,14174
srt_h4096,stage_gap,historical,2,2,4.0,3333
srt_h4096,stage_gap,historical,2,4,8.0,242
srt_h4096,stage_gap,historical,2,8,16.0,0
srt_h4096,stage_gap,historical,2,16,32.0,0
srt_h4096,stage_gap,historical,2,32,64.0,0
srt_h4096,stage_gap,historical,2,64,128.0,0
srt_h4096,stage_gap,historical,2,128,256.0,0
srt_h4096,stage_gap,historical,2,256,512.0,0
srt_h4096,stage_gap,historical,2,512,1024.0,0
srt_h4096,stage_gap,historical,2,1024,2048.0,0
srt_h4096,stage_gap,historical,2,2048,4096.0,0
srt_h4096,stage_gap,historical,2,4096,8192.0,0
srt_h4096,stage_gap,historical,2,8192,16384.0,0
srt_h4096,stage_gap,historical,2,16384,32768.0,0
srt_h4096,stage_gap,historical,2,32768,65536.0,0
srt_h4096,stage_gap,historical,2,65536,131072.0,0
srt_h4096,stage_gap,historical,2,131072,262144.0,0
srt_h4096,stage_gap,historical,2,262144,524288.0,0
srt_h4096,stage_gap,historical,2,524288,1048576.0,0
srt_h4096,stage_gap,historical,2,1048576,2097152.0,0
srt_h4096,stage_gap,historical,2,2097152,4194304.0,0
srt_h4096,stage_gap,historical,2,4194304,8388608.0,0
srt_h4096,stage_gap,historical,2,8388608,16777216.0,0
srt_h4096,stage_gap,historical,2,16777216,33554432.0,0
srt_h4096,stage_gap,historical,2,33554432,67108864.0,0
srt_h4096,stage_gap,historical,2,67108864,134217728.0,0
srt_h4096,stage_gap,historical,2,134217728,268435456.0,0
srt_h4096,stage_gap,historical,2,268435456,536870912.0,0
srt_h4096,stage_gap,historical,2,536870912,1073741824.0,0
srt_h4096,stage_gap,historical,2,1073741824,2147483648.0,0
srt_h4096,stage_gap,historical,2,2147483648,4294967296.0,0
srt_h4096,stage_gap,historical,2,4294967296,8589934592.0,0
srt_h4096,stage_gap,historical,2,8589934592,17179869184.0,0
srt_h4096,stage_gap,historical,2,17179869184,34359738368.0,0
srt_h4096,stage_gap,historical,2,34359738368,68719476736.0,0
srt_h4096,stage_gap,historical,2,68719476736,137438953472.0,0
srt_h4096,stage_gap,historical,2,137438953472,274877906944.0,0
srt_h4096,stage_gap,historical,2,274877906944,549755813888.0,0
srt_h4096,stage_gap,historical,2,549755813888,1099511627776.0,0
srt_h4096,stage_gap,historical,2,1099511627776,,0
srt_h4096,stage_gap,historical,3,0,1.0,24402
srt_h4096,stage_gap,historical,3,1,2.0,14107
srt_h4096,stage_gap,historical,3,2,4.0,4135
srt_h4096,stage_gap,historical,3,4,8.0,869
srt_h4096,stage_gap,historical,3,8,16.0,293
srt_h4096,stage_gap,historical,3,16,32.0,118
srt_h4096,stage_gap,historical,3,32,64.0,0
srt_h4096,stage_gap,historical,3,64,128.0,0
srt_h4096,stage_gap,historical,3,128,256.0,0
srt_h4096,stage_gap,historical,3,256,512.0,0
srt_h4096,stage_gap,historical,3,512,1024.0,0
srt_h4096,stage_gap,historical,3,1024,2048.0,0
srt_h4096,stage_gap,historical,3,2048,4096.0,0
srt_h4096,stage_gap,historical,3,4096,8192.0,0
srt_h4096,stage_gap,historical,3,8192,16384.0,0
srt_h4096,stage_gap,historical,3,16384,32768.0,0
srt_h4096,stage_gap,historical,3,32768,65536.0,0
srt_h4096,stage_gap,historical,3,65536,131072.0,0
srt_h4096,stage_gap,historical,3,131072,262144.0,0
srt_h4096,stage_gap,historical,3,262144,524288.0,0
srt_h4096,stage_gap,historical,3,524288,1048576.0,0
srt_h4096,stage_gap,historical,3,1048576,2097152.0,0
srt_h4096,stage_gap,historical,3,2097152,4194304.0,0
srt_h4096,stage_gap,historical,3,4194304,8388608.0,0
srt_h4096,stage_gap,historical,3,8388608,16777216.0,0
srt_h4096,stage_gap,historical,3,16777216,33554432.0,0
srt_h4096,stage_gap,historical,3,33554432,67108864.0,0
srt_h4096,stage_gap,historical,3,67108864,134217728.0,0
srt_h4096,stage_gap,historical,3,134217728,268435456.0,0
srt_h4096,stage_gap,historical,3,268435456,536870912.0,0
srt_h4096,stage_gap,historical,3,536870912,1073741824.0,0
srt_h4096,stage_gap,historical,3,1073741824,2147483648.0,0
srt_h4096,stage_gap,historical,3,2147483648,4294967296.0,0
srt_h4096,stage_gap,historical,3,4294967296,8589934592.0,0
srt_h4096,stage_gap,historical,3,8589934592,17179869184.0,0
srt_h4096,stage_gap,historical,3,17179869184,34359738368.0,0
srt_h4096,stage_gap,historical,3,34359738368,68719476736.0,0
srt_h4096,stage_gap,historical,3,68719476736,137438953472.0,0
srt_h4096,stage_gap,historical,3,137438953472,274877906944.0,0
srt_h4096,stage_gap,historical,3,274877906944,549755813888.0,0
srt_h4096,stage_gap,historical,3,549755813888,1099511627776.0,0
srt_h4096,stage_gap,historical,3,1099511627776,,0
srt_h4096,stage_gap,historical,4,0,1.0,34974
srt_h4096,stage_gap,historical,4,1,2.0,21926
srt_h4096,stage_gap,historical,4,2,4.0,6445
srt_h4096,stage_gap,historical,4,4,8.0,1449
srt_h4096,stage_gap,historical,4,8,16.0,479
srt_h4096,stage_gap,historical,4,16,32.0,193
srt_h4096,stage_gap,historical,4,32,64.0,0
srt_h4096,stage_gap,historical,4,64,128.0,0
srt_h4096,stage_gap,historical,4,128,256.0,0
srt_h4096,stage_gap,historical,4,256,512.0,0
srt_h4096,stage_gap,historical,4,512,1024.0,0
srt_h4096,stage_gap,historical,4,1024,2048.0,0
srt_h4096,stage_gap,historical,4,2048,4096.0,0
srt_h4096,stage_gap,historical,4,4096,8192.0,0
srt_h4096,stage_gap,historical,4,8192,16384.0,0
srt_h4096,stage_gap,historical,4,16384,32768.0,0
srt_h4096,stage_gap,historical,4,32768,65536.0,0
srt_h4096,stage_gap,historical,4,65536,131072.0,0
srt_h4096,stage_gap,historical,4,131072,262144.0,0
srt_h4096,stage_gap,historical,4,262144,524288.0,0
srt_h4096,stage_gap,historical,4,524288,1048576.0,0
srt_h4096,stage_gap,historical,4,1048576,2097152.0,0
srt_h4096,stage_gap,historical,4,2097152,4194304.0,0
srt_h4096,stage_gap,historical,4,4194304,8388608.0,0
srt_h4096,stage_gap,historical,4,8388608,16777216.0,0
srt_h4096,stage_gap,historical,4,16777216,33554432.0,0
srt_h4096,stage_gap,historical,4,33554432,67108864.0,0
srt_h4096,stage_gap,historical,4,67108864,134217728.0,0
srt_h4096,stage_gap,historical,4,134217728,268435456.0,0
srt_h4096,stage_gap,historical,4,268435456,536870912.0,0
srt_h4096,stage_gap,historical,4,536870912,1073741824.0,0
srt_h4096,stage_gap,historical,4,1073741824,2147483648.0,0
srt_h4096,stage_gap,historical,4,2147483648,4294967296.0,0
srt_h4096,stage_gap,historical,4,4294967296,8589934592.0,0
srt_h4096,stage_gap,historical,4,8589934592,17179869184.0,0
srt_h4096,stage_gap,historical,4,17179869184,34359738368.0,0
srt_h4096,stage_gap,historical,4,34359738368,68719476736.0,0
srt_h4096,stage_gap,historical,4,68719476736,137438953472.0,0
srt_h4096,stage_gap,historical,4,137438953472,274877906944.0,0
srt_h4096,stage_gap,historical,4,274877906944,549755813888.0,0
srt_h4096,stage_gap,historical,4,549755813888,1099511627776.0,0
srt_h4096,stage_gap,historical,4,1099511627776,,0
srt_h4096,stage_gap,historical,5,0,1.0,116240
srt_h4096,stage_gap,historical,5,1,2.0,106507
srt_h4096,stage_gap,historical,5,2,4.0,39550
srt_h4096,stage_gap,historical,5,4,8.0,11388
srt_h4096,stage_gap,historical,5,8,16.0,4948
srt_h4096,stage_gap,historical,5,16,32.0,2493
srt_h4096,stage_gap,historical,5,32,64.0,0
srt_h4096,stage_gap,historical,5,64,128.0,0
srt_h4096,stage_gap,historical,5,128,256.0,0
srt_h4096,stage_gap,historical,5,256,512.0,0
srt_h4096,stage_gap,historical,5,512,1024.0,0
srt_h4096,stage_gap,historical,5,1024,2048.0,0
srt_h4096,stage_gap,historical,5,2048,4096.0,0
srt_h4096,stage_gap,historical,5,4096,8192.0,0
srt_h4096,stage_gap,historical,5,8192,16384.0,0
srt_h4096,stage_gap,historical,5,16384,32768.0,0
srt_h4096,stage_gap,historical,5,32768,65536.0,0
srt_h4096,stage_gap,historical,5,65536,131072.0,0
srt_h4096,stage_gap,historical,5,131072,262144.0,0
srt_h4096,stage_gap,historical,5,262144,524288.0,0
srt_h4096,stage_gap,historical,5,524288,1048576.0,0
srt_h4096,stage_gap,historical,5,1048576,2097152.0,0
srt_h4096,stage_gap,historical,5,2097152,4194304.0,0
srt_h4096,stage_gap,historical,5,4194304,8388608.0,0
srt_h4096,stage_gap,historical,5,8388608,16777216.0,0
srt_h4096,stage_gap,historical,5,16777216,33554432.0,0
srt_h4096,stage_gap,historical,5,33554432,67108864.0,0
srt_h4096,stage_gap,historical,5,67108864,134217728.0,0
srt_h4096,stage_gap,historical,5,134217728,268435456.0,0
srt_h4096,stage_gap,historical,5,268435456,536870912.0,0
srt_h4096,stage_gap,historical,5,536870912,1073741824.0,0
srt_h4096,stage_gap,historical,5,1073741824,2147483648.0,0
srt_h4096,stage_gap,historical,5,2147483648,4294967296.0,0
srt_h4096,stage_gap,historical,5,4294967296,8589934592.0,0
srt_h4096,stage_gap,historical,5,8589934592,17179869184.0,0
srt_h4096,stage_gap,historical,5,17179869184,34359738368.0,0
srt_h4096,stage_gap,historical,5,34359738368,68719476736.0,0
srt_h4096,stage_gap,historical,5,68719476736,137438953472.0,0
srt_h4096,stage_gap,historical,5,137438953472,274877906944.0,0
srt_h4096,stage_gap,historical,5,274877906944,549755813888.0,0
srt_h4096,stage_gap,historical,5,549755813888,1099511627776.0,0
srt_h4096,stage_gap,historical,5,1099511627776,,0
srt_h4096,stage_gap,historical,all,0,1.0,278964
srt_h4096,stage_gap,historical,all,1,2.0,187505
srt_h4096,stage_gap,historical,all,2,4.0,60996
srt_h4096,stage_gap,historical,all,4,8.0,14577
srt_h4096,stage_gap,historical,all,8,16.0,5724
srt_h4096,stage_gap,historical,all,16,32.0,2804
srt_h4096,stage_gap,historical,all,32,64.0,0
srt_h4096,stage_gap,historical,all,64,128.0,0
srt_h4096,stage_gap,historical,all,128,256.0,0
srt_h4096,stage_gap,historical,all,256,512.0,0
srt_h4096,stage_gap,historical,all,512,1024.0,0
srt_h4096,stage_gap,historical,all,1024,2048.0,0
srt_h4096,stage_gap,historical,all,2048,4096.0,0
srt_h4096,stage_gap,historical,all,4096,8192.0,0
srt_h4096,stage_gap,historical,all,8192,16384.0,0
srt_h4096,stage_gap,historical,all,16384,32768.0,0
srt_h4096,stage_gap,historical,all,32768,65536.0,0
srt_h4096,stage_gap,historical,all,65536,131072.0,0
srt_h4096,stage_gap,historical,all,131072,262144.0,0
srt_h4096,stage_gap,historical,all,262144,524288.0,0
srt_h4096,stage_gap,historical,all,524288,1048576.0,0
srt_h4096,stage_gap,historical,all,1048576,2097152.0,0
srt_h4096,stage_gap,historical,all,2097152,4194304.0,0
srt_h4096,stage_gap,historical,all,4194304,8388608.0,0
srt_h4096,stage_gap,historical,all,8388608,16777216.0,0
srt_h4096,stage_gap,historical,all,16777216,33554432.0,0
srt_h4096,stage_gap,historical,all,33554432,67108864.0,0
srt_h4096,stage_gap,historical,all,67108864,134217728.0,0
srt_h4096,stage_gap,historical,all,134217728,268435456.0,0
srt_h4096,stage_gap,historical,all,268435456,536870912.0,0
srt_h4096,stage_gap,historical,all,536870912,1073741824.0,0
srt_h4096,stage_gap,historical,all,1073741824,2147483648.0,0
srt_h4096,stage_gap,historical,all,2147483648,4294967296.0,0
srt_h4096,stage_gap,historical,all,4294967296,8589934592.0,0
srt_h4096,stage_gap,historical,all,8589934592,17179869184.0,0
srt_h4096,stage_gap,historical,all,17179869184,34359738368.0,0
srt_h4096,stage_gap,historical,all,34359738368,68719476736.0,0
srt_h4096,stage_gap,historical,all,68719476736,137438953472.0,0
srt_h4096,stage_gap,historical,all,137438953472,274877906944.0,0
srt_h4096,stage_gap,historical,all,274877906944,549755813888.0,0
srt_h4096,stage_gap,historical,all,549755813888,1099511627776.0,0
srt_h4096,stage_gap,historical,all,1099511627776,,0
srt_h4096,step_gap,current_review,0,0,1.0,0
srt_h4096,step_gap,current_review,0,1,2.0,11324
srt_h4096,step_gap,current_review,0,2,4.0,3359
srt_h4096,step_gap,current_review,0,4,8.0,5748
srt_h4096,step_gap,current_review,0,8,16.0,9115
srt_h4096,step_gap,current_review,0,16,32.0,7254
srt_h4096,step_gap,current_review,0,32,64.0,2398
srt_h4096,step_gap,current_review,0,64,128.0,122
srt_h4096,step_gap,current_review,0,128,256.0,1
srt_h4096,step_gap,current_review,0,256,512.0,0
srt_h4096,step_gap,current_review,0,512,1024.0,0
srt_h4096,step_gap,current_review,0,1024,2048.0,0
srt_h4096,step_gap,current_review,0,2048,4096.0,0
srt_h4096,step_gap,current_review,0,4096,8192.0,0
srt_h4096,step_gap,current_review,0,8192,16384.0,0
srt_h4096,step_gap,current_review,0,16384,32768.0,0
srt_h4096,step_gap,current_review,0,32768,65536.0,0
srt_h4096,step_gap,current_review,0,65536,131072.0,0
srt_h4096,step_gap,current_review,0,131072,262144.0,0
srt_h4096,step_gap,current_review,0,262144,524288.0,0
srt_h4096,step_gap,current_review,0,524288,1048576.0,0
srt_h4096,step_gap,current_review,0,1048576,2097152.0,0
srt_h4096,step_gap,current_review,0,2097152,4194304.0,0
srt_h4096,step_gap,current_review,0,4194304,8388608.0,0
srt_h4096,step_gap,current_review,0,8388608,16777216.0,0
srt_h4096,step_gap,current_review,0,16777216,33554432.0,0
srt_h4096,step_gap,current_review,0,33554432,67108864.0,0
srt_h4096,step_gap,current_review,0,67108864,134217728.0,0
srt_h4096,step_gap,current_review,0,134217728,268435456.0,0
srt_h4096,step_gap,current_review,0,268435456,536870912.0,0
srt_h4096,step_gap,current_review,0,536870912,1073741824.0,0
srt_h4096,step_gap,current_review,0,1073741824,2147483648.0,0
srt_h4096,step_gap,current_review,0,2147483648,4294967296.0,0
srt_h4096,step_gap,current_review,0,4294967296,8589934592.0,0
srt_h4096,step_gap,current_review,0,8589934592,17179869184.0,0
srt_h4096,step_gap,current_review,0,17179869184,34359738368.0,0
srt_h4096,step_gap,current_review,0,34359738368,68719476736.0,0
srt_h4096,step_gap,current_review,0,68719476736,137438953472.0,0
srt_h4096,step_gap,current_review,0,137438953472,274877906944.0,0
srt_h4096,step_gap,current_review,0,274877906944,549755813888.0,0
srt_h4096,step_gap,current_review,0,549755813888,1099511627776.0,0
srt_h4096,step_gap,current_review,0,1099511627776,,0
srt_h4096,step_gap,current_review,1,0,1.0,0
srt_h4096,step_gap,current_review,1,1,2.0,5848
srt_h4096,step_gap,current_review,1,2,4.0,1363
srt_h4096,step_gap,current_review,1,4,8.0,1573
srt_h4096,step_gap,current_review,1,8,16.0,1417
srt_h4096,step_gap,current_review,1,16,32.0,836
srt_h4096,step_gap,current_review,1,32,64.0,200
srt_h4096,step_gap,current_review,1,64,128.0,10
srt_h4096,step_gap,current_review,1,128,256.0,0
srt_h4096,step_gap,current_review,1,256,512.0,0
srt_h4096,step_gap,current_review,1,512,1024.0,0
srt_h4096,step_gap,current_review,1,1024,2048.0,0
srt_h4096,step_gap,current_review,1,2048,4096.0,0
srt_h4096,step_gap,current_review,1,4096,8192.0,0
srt_h4096,step_gap,current_review,1,8192,16384.0,0
srt_h4096,step_gap,current_review,1,16384,32768.0,0
srt_h4096,step_gap,current_review,1,32768,65536.0,0
srt_h4096,step_gap,current_review,1,65536,131072.0,0
srt_h4096,step_gap,current_review,1,131072,262144.0,0
srt_h4096,step_gap,current_review,1,262144,524288.0,0
srt_h4096,step_gap,current_review,1,524288,1048576.0,0
srt_h4096,step_gap,current_review,1,1048576,2097152.0,0
srt_h4096,step_gap,current_review,1,2097152,4194304.0,0
srt_h4096,step_gap,current_review,1,4194304,8388608.0,0
srt_h4096,step_gap,current_review,1,8388608,16777216.0,0
srt_h4096,step_gap,current_review,1,16777216,33554432.0,0
srt_h4096,step_gap,current_review,1,33554432,67108864.0,0
srt_h4096,step_gap,current_review,1,67108864,134217728.0,0
srt_h4096,step_gap,current_review,1,134217728,268435456.0,0
srt_h4096,step_gap,current_review,1,268435456,536870912.0,0
srt_h4096,step_gap,current_review,1,536870912,1073741824.0,0
srt_h4096,step_gap,current_review,1,1073741824,2147483648.0,0
srt_h4096,step_gap,current_review,1,2147483648,4294967296.0,0
srt_h4096,step_gap,current_review,1,4294967296,8589934592.0,0
srt_h4096,step_gap,current_review,1,8589934592,17179869184.0,0
srt_h4096,step_gap,current_review,1,17179869184,34359738368.0,0
srt_h4096,step_gap,current_review,1,34359738368,68719476736.0,0
srt_h4096,step_gap,current_review,1,68719476736,137438953472.0,0
srt_h4096,step_gap,current_review,1,137438953472,274877906944.0,0
srt_h4096,step_gap,current_review,1,274877906944,549755813888.0,0
srt_h4096,step_gap,current_review,1,549755813888,1099511627776.0,0
srt_h4096,step_gap,current_review,1,1099511627776,,0
srt_h4096,step_gap,current_review,2,0,1.0,0
srt_h4096,step_gap,current_review,2,1,2.0,10338
srt_h4096,step_gap,current_review,2,2,4.0,2151
srt_h4096,step_gap,current_review,2,4,8.0,2303
srt_h4096,step_gap,current_review,2,8,16.0,2021
srt_h4096,step_gap,current_review,2,16,32.0,1208
srt_h4096,step_gap,current_review,2,32,64.0,274
srt_h4096,step_gap,current_review,2,64,128.0,14
srt_h4096,step_gap,current_review,2,128,256.0,0
srt_h4096,step_gap,current_review,2,256,512.0,0
srt_h4096,step_gap,current_review,2,512,1024.0,0
srt_h4096,step_gap,current_review,2,1024,2048.0,0
srt_h4096,step_gap,current_review,2,2048,4096.0,0
srt_h4096,step_gap,current_review,2,4096,8192.0,0
srt_h4096,step_gap,current_review,2,8192,16384.0,0
srt_h4096,step_gap,current_review,2,16384,32768.0,0
srt_h4096,step_gap,current_review,2,32768,65536.0,0
srt_h4096,step_gap,current_review,2,65536,131072.0,0
srt_h4096,step_gap,current_review,2,131072,262144.0,0
srt_h4096,step_gap,current_review,2,262144,524288.0,0
srt_h4096,step_gap,current_review,2,524288,1048576.0,0
srt_h4096,step_gap,current_review,2,1048576,2097152.0,0
srt_h4096,step_gap,current_review,2,2097152,4194304.0,0
srt_h4096,step_gap,current_review,2,4194304,8388608.0,0
srt_h4096,step_gap,current_review,2,8388608,16777216.0,0
srt_h4096,step_gap,current_review,2,16777216,33554432.0,0
srt_h4096,step_gap,current_review,2,33554432,67108864.0,0
srt_h4096,step_gap,current_review,2,67108864,134217728.0,0
srt_h4096,step_gap,current_review,2,134217728,268435456.0,0
srt_h4096,step_gap,current_review,2,268435456,536870912.0,0
srt_h4096,step_gap,current_review,2,536870912,1073741824.0,0
srt_h4096,step_gap,current_review,2,1073741824,2147483648.0,0
srt_h4096,step_gap,current_review,2,2147483648,4294967296.0,0
srt_h4096,step_gap,current_review,2,4294967296,8589934592.0,0
srt_h4096,step_gap,current_review,2,8589934592,17179869184.0,0
srt_h4096,step_gap,current_review,2,17179869184,34359738368.0,0
srt_h4096,step_gap,current_review,2,34359738368,68719476736.0,0
srt_h4096,step_gap,current_review,2,68719476736,137438953472.0,0
srt_h4096,step_gap,current_review,2,137438953472,274877906944.0,0
srt_h4096,step_gap,current_review,2,274877906944,549755813888.0,0
srt_h4096,step_gap,current_review,2,549755813888,1099511627776.0,0
srt_h4096,step_gap,current_review,2,1099511627776,,0
srt_h4096,step_gap,current_review,3,0,1.0,0
srt_h4096,step_gap,current_review,3,1,2.0,2605
srt_h4096,step_gap,current_review,3,2,4.0,698
srt_h4096,step_gap,current_review,3,4,8.0,2842
srt_h4096,step_gap,current_review,3,8,16.0,4195
srt_h4096,step_gap,current_review,3,16,32.0,2531
srt_h4096,step_gap,current_review,3,32,64.0,1193
srt_h4096,step_gap,current_review,3,64,128.0,312
srt_h4096,step_gap,current_review,3,128,256.0,17
srt_h4096,step_gap,current_review,3,256,512.0,0
srt_h4096,step_gap,current_review,3,512,1024.0,0
srt_h4096,step_gap,current_review,3,1024,2048.0,0
srt_h4096,step_gap,current_review,3,2048,4096.0,0
srt_h4096,step_gap,current_review,3,4096,8192.0,0
srt_h4096,step_gap,current_review,3,8192,16384.0,0
srt_h4096,step_gap,current_review,3,16384,32768.0,0
srt_h4096,step_gap,current_review,3,32768,65536.0,0
srt_h4096,step_gap,current_review,3,65536,131072.0,0
srt_h4096,step_gap,current_review,3,131072,262144.0,0
srt_h4096,step_gap,current_review,3,262144,524288.0,0
srt_h4096,step_gap,current_review,3,524288,1048576.0,0
srt_h4096,step_gap,current_review,3,1048576,2097152.0,0
srt_h4096,step_gap,current_review,3,2097152,4194304.0,0
srt_h4096,step_gap,current_review,3,4194304,8388608.0,0
srt_h4096,step_gap,current_review,3,8388608,16777216.0,0
srt_h4096,step_gap,current_review,3,16777216,33554432.0,0
srt_h4096,step_gap,current_review,3,33554432,67108864.0,0
srt_h4096,step_gap,current_review,3,67108864,134217728.0,0
srt_h4096,step_gap,current_review,3,134217728,268435456.0,0
srt_h4096,step_gap,current_review,3,268435456,536870912.0,0
srt_h4096,step_gap,current_review,3,536870912,1073741824.0,0
srt_h4096,step_gap,current_review,3,1073741824,2147483648.0,0
srt_h4096,step_gap,current_review,3,2147483648,4294967296.0,0
srt_h4096,step_gap,current_review,3,4294967296,8589934592.0,0
srt_h4096,step_gap,current_review,3,8589934592,17179869184.0,0
srt_h4096,step_gap,current_review,3,17179869184,34359738368.0,0
srt_h4096,step_gap,current_review,3,34359738368,68719476736.0,0
srt_h4096,step_gap,current_review,3,68719476736,137438953472.0,0
srt_h4096,step_gap,current_review,3,137438953472,274877906944.0,0
srt_h4096,step_gap,current_review,3,274877906944,549755813888.0,0
srt_h4096,step_gap,current_review,3,549755813888,1099511627776.0,0
srt_h4096,step_gap,current_review,3,1099511627776,,0
srt_h4096,step_gap,current_review,4,0,1.0,0
srt_h4096,step_gap,current_review,4,1,2.0,3487
srt_h4096,step_gap,current_review,4,2,4.0,938
srt_h4096,step_gap,current_review,4,4,8.0,4084
srt_h4096,step_gap,current_review,4,8,16.0,6011
srt_h4096,step_gap,current_review,4,16,32.0,4157
srt_h4096,step_gap,current_review,4,32,64.0,1879
srt_h4096,step_gap,current_review,4,64,128.0,427
srt_h4096,step_gap,current_review,4,128,256.0,160
srt_h4096,step_gap,current_review,4,256,512.0,0
srt_h4096,step_gap,current_review,4,512,1024.0,0
srt_h4096,step_gap,current_review,4,1024,2048.0,0
srt_h4096,step_gap,current_review,4,2048,4096.0,0
srt_h4096,step_gap,current_review,4,4096,8192.0,0
srt_h4096,step_gap,current_review,4,8192,16384.0,0
srt_h4096,step_gap,current_review,4,16384,32768.0,0
srt_h4096,step_gap,current_review,4,32768,65536.0,0
srt_h4096,step_gap,current_review,4,65536,131072.0,0
srt_h4096,step_gap,current_review,4,131072,262144.0,0
srt_h4096,step_gap,current_review,4,262144,524288.0,0
srt_h4096,step_gap,current_review,4,524288,1048576.0,0
srt_h4096,step_gap,current_review,4,1048576,2097152.0,0
srt_h4096,step_gap,current_review,4,2097152,4194304.0,0
srt_h4096,step_gap,current_review,4,4194304,8388608.0,0
srt_h4096,step_gap,current_review,4,8388608,16777216.0,0
srt_h4096,step_gap,current_review,4,16777216,33554432.0,0
srt_h4096,step_gap,current_review,4,33554432,67108864.0,0
srt_h4096,step_gap,current_review,4,67108864,134217728.0,0
srt_h4096,step_gap,current_review,4,134217728,268435456.0,0
srt_h4096,step_gap,current_review,4,268435456,536870912.0,0
srt_h4096,step_gap,current_review,4,536870912,1073741824.0,0
srt_h4096,step_gap,current_review,4,1073741824,2147483648.0,0
srt_h4096,step_gap,current_review,4,2147483648,4294967296.0,0
srt_h4096,step_gap,current_review,4,4294967296,8589934592.0,0
srt_h4096,step_gap,current_review,4,8589934592,17179869184.0,0
srt_h4096,step_gap,current_review,4,17179869184,34359738368.0,0
srt_h4096,step_gap,current_review,4,34359738368,68719476736.0,0
srt_h4096,step_gap,current_review,4,68719476736,137438953472.0,0
srt_h4096,step_gap,current_review,4,137438953472,274877906944.0,0
srt_h4096,step_gap,current_review,4,274877906944,549755813888.0,0
srt_h4096,step_gap,current_review,4,549755813888,1099511627776.0,0
srt_h4096,step_gap,current_review,4,1099511627776,,0
srt_h4096,step_gap,current_review,5,0,1.0,0
srt_h4096,step_gap,current_review,5,1,2.0,15221
srt_h4096,step_gap,current_review,5,2,4.0,5176
srt_h4096,step_gap,current_review,5,4,8.0,23305
srt_h4096,step_gap,current_review,5,8,16.0,42232
srt_h4096,step_gap,current_review,5,16,32.0,44911
srt_h4096,step_gap,current_review,5,32,64.0,24369
srt_h4096,step_gap,current_review,5,64,128.0,5139
srt_h4096,step_gap,current_review,5,128,256.0,5304
srt_h4096,step_gap,current_review,5,256,512.0,0
srt_h4096,step_gap,current_review,5,512,1024.0,0
srt_h4096,step_gap,current_review,5,1024,2048.0,0
srt_h4096,step_gap,current_review,5,2048,4096.0,0
srt_h4096,step_gap,current_review,5,4096,8192.0,0
srt_h4096,step_gap,current_review,5,8192,16384.0,0
srt_h4096,step_gap,current_review,5,16384,32768.0,0
srt_h4096,step_gap,current_review,5,32768,65536.0,0
srt_h4096,step_gap,current_review,5,65536,131072.0,0
srt_h4096,step_gap,current_review,5,131072,262144.0,0
srt_h4096,step_gap,current_review,5,262144,524288.0,0
srt_h4096,step_gap,current_review,5,524288,1048576.0,0
srt_h4096,step_gap,current_review,5,1048576,2097152.0,0
srt_h4096,step_gap,current_review,5,2097152,4194304.0,0
srt_h4096,step_gap,current_review,5,4194304,8388608.0,0
srt_h4096,step_gap,current_review,5,8388608,16777216.0,0
srt_h4096,step_gap,current_review,5,16777216,33554432.0,0
srt_h4096,step_gap,current_review,5,33554432,67108864.0,0
srt_h4096,step_gap,current_review,5,67108864,134217728.0,0
srt_h4096,step_gap,current_review,5,134217728,268435456.0,0
srt_h4096,step_gap,current_review,5,268435456,536870912.0,0
srt_h4096,step_gap,current_review,5,536870912,1073741824.0,0
srt_h4096,step_gap,current_review,5,1073741824,2147483648.0,0
srt_h4096,step_gap,current_review,5,2147483648,4294967296.0,0
srt_h4096,step_gap,current_review,5,4294967296,8589934592.0,0
srt_h4096,step_gap,current_review,5,8589934592,17179869184.0,0
srt_h4096,step_gap,current_review,5,17179869184,34359738368.0,0
srt_h4096,step_gap,current_review,5,34359738368,68719476736.0,0
srt_h4096,step_gap,current_review,5,68719476736,137438953472.0,0
srt_h4096,step_gap,current_review,5,137438953472,274877906944.0,0
srt_h4096,step_gap,current_review,5,274877906944,549755813888.0,0
srt_h4096,step_gap,current_review,5,549755813888,1099511627776.0,0
srt_h4096,step_gap,current_review,5,1099511627776,,0
srt_h4096,step_gap,current_review,all,0,1.0,0
srt_h4096,step_gap,current_review,all,1,2.0,48823
srt_h4096,step_gap,current_review,all,2,4.0,13685
srt_h4096,step_gap,current_review,all,4,8.0,39855
srt_h4096,step_gap,current_review,all,8,16.0,64991
srt_h4096,step_gap,current_review,all,16,32.0,60897
srt_h4096,step_gap,current_review,all,32,64.0,30313
srt_h4096,step_gap,current_review,all,64,128.0,6024
srt_h4096,step_gap,current_review,all,128,256.0,5482
srt_h4096,step_gap,current_review,all,256,512.0,0
srt_h4096,step_gap,current_review,all,512,1024.0,0
srt_h4096,step_gap,current_review,all,1024,2048.0,0
srt_h4096,step_gap,current_review,all,2048,4096.0,0
srt_h4096,step_gap,current_review,all,4096,8192.0,0
srt_h4096,step_gap,current_review,all,8192,16384.0,0
srt_h4096,step_gap,current_review,all,16384,32768.0,0
srt_h4096,step_gap,current_review,all,32768,65536.0,0
srt_h4096,step_gap,current_review,all,65536,131072.0,0
srt_h4096,step_gap,current_review,all,131072,262144.0,0
srt_h4096,step_gap,current_review,all,262144,524288.0,0
srt_h4096,step_gap,current_review,all,524288,1048576.0,0
srt_h4096,step_gap,current_review,all,1048576,2097152.0,0
srt_h4096,step_gap,current_review,all,2097152,4194304.0,0
srt_h4096,step_gap,current_review,all,4194304,8388608.0,0
srt_h4096,step_gap,current_review,all,8388608,16777216.0,0
srt_h4096,step_gap,current_review,all,16777216,33554432.0,0
srt_h4096,step_gap,current_review,all,33554432,67108864.0,0
srt_h4096,step_gap,current_review,all,67108864,134217728.0,0
srt_h4096,step_gap,current_review,all,134217728,268435456.0,0
srt_h4096,step_gap,current_review,all,268435456,536870912.0,0
srt_h4096,step_gap,current_review,all,536870912,1073741824.0,0
srt_h4096,step_gap,current_review,all,1073741824,2147483648.0,0
srt_h4096,step_gap,current_review,all,2147483648,4294967296.0,0
srt_h4096,step_gap,current_review,all,4294967296,8589934592.0,0
srt_h4096,step_gap,current_review,all,8589934592,17179869184.0,0
srt_h4096,step_gap,current_review,all,17179869184,34359738368.0,0
srt_h4096,step_gap,current_review,all,34359738368,68719476736.0,0
srt_h4096,step_gap,current_review,all,68719476736,137438953472.0,0
srt_h4096,step_gap,current_review,all,137438953472,274877906944.0,0
srt_h4096,step_gap,current_review,all,274877906944,549755813888.0,0
srt_h4096,step_gap,current_review,all,549755813888,1099511627776.0,0
srt_h4096,step_gap,current_review,all,1099511627776,,0
srt_h4096,step_gap,historical,0,0,1.0,0
srt_h4096,step_gap,historical,0,1,2.0,926
srt_h4096,step_gap,historical,0,2,4.0,1734
srt_h4096,step_gap,historical,0,4,8.0,3242
srt_h4096,step_gap,historical,0,8,16.0,5637
srt_h4096,step_gap,historical,0,16,32.0,8989
srt_h4096,step_gap,historical,0,32,64.0,12852
srt_h4096,step_gap,historical,0,64,128.0,15211
srt_h4096,step_gap,historical,0,128,256.0,15106
srt_h4096,step_gap,historical,0,256,512.0,10033
srt_h4096,step_gap,historical,0,512,1024.0,3659
srt_h4096,step_gap,historical,0,1024,2048.0,423
srt_h4096,step_gap,historical,0,2048,4096.0,5
srt_h4096,step_gap,historical,0,4096,8192.0,0
srt_h4096,step_gap,historical,0,8192,16384.0,0
srt_h4096,step_gap,historical,0,16384,32768.0,0
srt_h4096,step_gap,historical,0,32768,65536.0,0
srt_h4096,step_gap,historical,0,65536,131072.0,0
srt_h4096,step_gap,historical,0,131072,262144.0,0
srt_h4096,step_gap,historical,0,262144,524288.0,0
srt_h4096,step_gap,historical,0,524288,1048576.0,0
srt_h4096,step_gap,historical,0,1048576,2097152.0,0
srt_h4096,step_gap,historical,0,2097152,4194304.0,0
srt_h4096,step_gap,historical,0,4194304,8388608.0,0
srt_h4096,step_gap,historical,0,8388608,16777216.0,0
srt_h4096,step_gap,historical,0,16777216,33554432.0,0
srt_h4096,step_gap,historical,0,33554432,67108864.0,0
srt_h4096,step_gap,historical,0,67108864,134217728.0,0
srt_h4096,step_gap,historical,0,134217728,268435456.0,0
srt_h4096,step_gap,historical,0,268435456,536870912.0,0
srt_h4096,step_gap,historical,0,536870912,1073741824.0,0
srt_h4096,step_gap,historical,0,1073741824,2147483648.0,0
srt_h4096,step_gap,historical,0,2147483648,4294967296.0,0
srt_h4096,step_gap,historical,0,4294967296,8589934592.0,0
srt_h4096,step_gap,historical,0,8589934592,17179869184.0,0
srt_h4096,step_gap,historical,0,17179869184,34359738368.0,0
srt_h4096,step_gap,historical,0,34359738368,68719476736.0,0
srt_h4096,step_gap,historical,0,68719476736,137438953472.0,0
srt_h4096,step_gap,historical,0,137438953472,274877906944.0,0
srt_h4096,step_gap,historical,0,274877906944,549755813888.0,0
srt_h4096,step_gap,historical,0,549755813888,1099511627776.0,0
srt_h4096,step_gap,historical,0,1099511627776,,0
srt_h4096,step_gap,historical,1,0,1.0,0
srt_h4096,step_gap,historical,1,1,2.0,390
srt_h4096,step_gap,historical,1,2,4.0,700
srt_h4096,step_gap,historical,1,4,8.0,1335
srt_h4096,step_gap,historical,1,8,16.0,2306
srt_h4096,step_gap,historical,1,16,32.0,3737
srt_h4096,step_gap,historical,1,32,64.0,5247
srt_h4096,step_gap,historical,1,64,128.0,6164
srt_h4096,step_gap,historical,1,128,256.0,6033
srt_h4096,step_gap,historical,1,256,512.0,3829
srt_h4096,step_gap,historical,1,512,1024.0,1312
srt_h4096,step_gap,historical,1,1024,2048.0,143
srt_h4096,step_gap,historical,1,2048,4096.0,1
srt_h4096,step_gap,historical,1,4096,8192.0,0
srt_h4096,step_gap,historical,1,8192,16384.0,0
srt_h4096,step_gap,historical,1,16384,32768.0,0
srt_h4096,step_gap,historical,1,32768,65536.0,0
srt_h4096,step_gap,historical,1,65536,131072.0,0
srt_h4096,step_gap,historical,1,131072,262144.0,0
srt_h4096,step_gap,historical,1,262144,524288.0,0
srt_h4096,step_gap,historical,1,524288,1048576.0,0
srt_h4096,step_gap,historical,1,1048576,2097152.0,0
srt_h4096,step_gap,historical,1,2097152,4194304.0,0
srt_h4096,step_gap,historical,1,4194304,8388608.0,0
srt_h4096,step_gap,historical,1,8388608,16777216.0,0
srt_h4096,step_gap,historical,1,16777216,33554432.0,0
srt_h4096,step_gap,historical,1,33554432,67108864.0,0
srt_h4096,step_gap,historical,1,67108864,134217728.0,0
srt_h4096,step_gap,historical,1,134217728,268435456.0,0
srt_h4096,step_gap,historical,1,268435456,536870912.0,0
srt_h4096,step_gap,historical,1,536870912,1073741824.0,0
srt_h4096,step_gap,historical,1,1073741824,2147483648.0,0
srt_h4096,step_gap,historical,1,2147483648,4294967296.0,0
srt_h4096,step_gap,historical,1,4294967296,8589934592.0,0
srt_h4096,step_gap,historical,1,8589934592,17179869184.0,0
srt_h4096,step_gap,historical,1,17179869184,34359738368.0,0
srt_h4096,step_gap,historical,1,34359738368,68719476736.0,0
srt_h4096,step_gap,historical,1,68719476736,137438953472.0,0
srt_h4096,step_gap,historical,1,137438953472,274877906944.0,0
srt_h4096,step_gap,historical,1,274877906944,549755813888.0,0
srt_h4096,step_gap,historical,1,549755813888,1099511627776.0,0
srt_h4096,step_gap,historical,1,1099511627776,,0
srt_h4096,step_gap,historical,2,0,1.0,0
srt_h4096,step_gap,historical,2,1,2.0,672
srt_h4096,step_gap,historical,2,2,4.0,1192
srt_h4096,step_gap,historical,2,4,8.0,2159
srt_h4096,step_gap,historical,2,8,16.0,3878
srt_h4096,step_gap,historical,2,16,32.0,6155
srt_h4096,step_gap,historical,2,32,64.0,8790
srt_h4096,step_gap,historical,2,64,128.0,10098
srt_h4096,step_gap,historical,2,128,256.0,9401
srt_h4096,step_gap,historical,2,256,512.0,6269
srt_h4096,step_gap,historical,2,512,1024.0,2209
srt_h4096,step_gap,historical,2,1024,2048.0,216
srt_h4096,step_gap,historical,2,2048,4096.0,1
srt_h4096,step_gap,historical,2,4096,8192.0,0
srt_h4096,step_gap,historical,2,8192,16384.0,0
srt_h4096,step_gap,historical,2,16384,32768.0,0
srt_h4096,step_gap,historical,2,32768,65536.0,0
srt_h4096,step_gap,historical,2,65536,131072.0,0
srt_h4096,step_gap,historical,2,131072,262144.0,0
srt_h4096,step_gap,historical,2,262144,524288.0,0
srt_h4096,step_gap,historical,2,524288,1048576.0,0
srt_h4096,step_gap,historical,2,1048576,2097152.0,0
srt_h4096,step_gap,historical,2,2097152,4194304.0,0
srt_h4096,step_gap,historical,2,4194304,8388608.0,0
srt_h4096,step_gap,historical,2,8388608,16777216.0,0
srt_h4096,step_gap,historical,2,16777216,33554432.0,0
srt_h4096,step_gap,historical,2,33554432,67108864.0,0
srt_h4096,step_gap,historical,2,67108864,134217728.0,0
srt_h4096,step_gap,historical,2,134217728,268435456.0,0
srt_h4096,step_gap,historical,2,268435456,536870912.0,0
srt_h4096,step_gap,historical,2,536870912,1073741824.0,0
srt_h4096,step_gap,historical,2,1073741824,2147483648.0,0
srt_h4096,step_gap,historical,2,2147483648,4294967296.0,0
srt_h4096,step_gap,historical,2,4294967296,8589934592.0,0
srt_h4096,step_gap,historical,2,8589934592,17179869184.0,0
srt_h4096,step_gap,historical,2,17179869184,34359738368.0,0
srt_h4096,step_gap,historical,2,34359738368,68719476736.0,0
srt_h4096,step_gap,historical,2,68719476736,137438953472.0,0
srt_h4096,step_gap,historical,2,137438953472,274877906944.0,0
srt_h4096,step_gap,historical,2,274877906944,549755813888.0,0
srt_h4096,step_gap,historical,2,549755813888,1099511627776.0,0
srt_h4096,step_gap,historical,2,1099511627776,,0
srt_h4096,step_gap,historical,3,0,1.0,0
srt_h4096,step_gap,historical,3,1,2.0,213
srt_h4096,step_gap,historical,3,2,4.0,390
srt_h4096,step_gap,historical,3,4,8.0,849
srt_h4096,step_gap,historical,3,8,16.0,2538
srt_h4096,step_gap,historical,3,16,32.0,4646
srt_h4096,step_gap,historical,3,32,64.0,7088
srt_h4096,step_gap,historical,3,64,128.0,8999
srt_h4096,step_gap,historical,3,128,256.0,8873
srt_h4096,step_gap,historical,3,256,512.0,6259
srt_h4096,step_gap,historical,3,512,1024.0,2829
srt_h4096,step_gap,historical,3,1024,2048.0,802
srt_h4096,step_gap,historical,3,2048,4096.0,286
srt_h4096,step_gap,historical,3,4096,8192.0,152
srt_h4096,step_gap,historical,3,8192,16384.0,0
srt_h4096,step_gap,historical,3,16384,32768.0,0
srt_h4096,step_gap,historical,3,32768,65536.0,0
srt_h4096,step_gap,historical,3,65536,131072.0,0
srt_h4096,step_gap,historical,3,131072,262144.0,0
srt_h4096,step_gap,historical,3,262144,524288.0,0
srt_h4096,step_gap,historical,3,524288,1048576.0,0
srt_h4096,step_gap,historical,3,1048576,2097152.0,0
srt_h4096,step_gap,historical,3,2097152,4194304.0,0
srt_h4096,step_gap,historical,3,4194304,8388608.0,0
srt_h4096,step_gap,historical,3,8388608,16777216.0,0
srt_h4096,step_gap,historical,3,16777216,33554432.0,0
srt_h4096,step_gap,historical,3,33554432,67108864.0,0
srt_h4096,step_gap,historical,3,67108864,134217728.0,0
srt_h4096,step_gap,historical,3,134217728,268435456.0,0
srt_h4096,step_gap,historical,3,268435456,536870912.0,0
srt_h4096,step_gap,historical,3,536870912,1073741824.0,0
srt_h4096,step_gap,historical,3,1073741824,2147483648.0,0
srt_h4096,step_gap,historical,3,2147483648,4294967296.0,0
srt_h4096,step_gap,historical,3,4294967296,8589934592.0,0
srt_h4096,step_gap,historical,3,8589934592,17179869184.0,0
srt_h4096,step_gap,historical,3,17179869184,34359738368.0,0
srt_h4096,step_gap,historical,3,34359738368,68719476736.0,0
srt_h4096,step_gap,historical,3,68719476736,137438953472.0,0
srt_h4096,step_gap,historical,3,137438953472,274877906944.0,0
srt_h4096,step_gap,historical,3,274877906944,549755813888.0,0
srt_h4096,step_gap,historical,3,549755813888,1099511627776.0,0
srt_h4096,step_gap,historical,3,1099511627776,,0
srt_h4096,step_gap,historical,4,0,1.0,0
srt_h4096,step_gap,historical,4,1,2.0,301
srt_h4096,step_gap,historical,4,2,4.0,487
srt_h4096,step_gap,historical,4,4,8.0,1259
srt_h4096,step_gap,historical,4,8,16.0,3655
srt_h4096,step_gap,historical,4,16,32.0,7069
srt_h4096,step_gap,historical,4,32,64.0,10496
srt_h4096,step_gap,historical,4,64,128.0,13245
srt_h4096,step_gap,historical,4,128,256.0,13117
srt_h4096,step_gap,historical,4,256,512.0,9444
srt_h4096,step_gap,historical,4,512,1024.0,4337
srt_h4096,step_gap,historical,4,1024,2048.0,1286
srt_h4096,step_gap,historical,4,2048,4096.0,545
srt_h4096,step_gap,historical,4,4096,8192.0,225
srt_h4096,step_gap,historical,4,8192,16384.0,0
srt_h4096,step_gap,historical,4,16384,32768.0,0
srt_h4096,step_gap,historical,4,32768,65536.0,0
srt_h4096,step_gap,historical,4,65536,131072.0,0
srt_h4096,step_gap,historical,4,131072,262144.0,0
srt_h4096,step_gap,historical,4,262144,524288.0,0
srt_h4096,step_gap,historical,4,524288,1048576.0,0
srt_h4096,step_gap,historical,4,1048576,2097152.0,0
srt_h4096,step_gap,historical,4,2097152,4194304.0,0
srt_h4096,step_gap,historical,4,4194304,8388608.0,0
srt_h4096,step_gap,historical,4,8388608,16777216.0,0
srt_h4096,step_gap,historical,4,16777216,33554432.0,0
srt_h4096,step_gap,historical,4,33554432,67108864.0,0
srt_h4096,step_gap,historical,4,67108864,134217728.0,0
srt_h4096,step_gap,historical,4,134217728,268435456.0,0
srt_h4096,step_gap,historical,4,268435456,536870912.0,0
srt_h4096,step_gap,historical,4,536870912,1073741824.0,0
srt_h4096,step_gap,historical,4,1073741824,2147483648.0,0
srt_h4096,step_gap,historical,4,2147483648,4294967296.0,0
srt_h4096,step_gap,historical,4,4294967296,8589934592.0,0
srt_h4096,step_gap,historical,4,8589934592,17179869184.0,0
srt_h4096,step_gap,historical,4,17179869184,34359738368.0,0
srt_h4096,step_gap,historical,4,34359738368,68719476736.0,0
srt_h4096,step_gap,historical,4,68719476736,137438953472.0,0
srt_h4096,step_gap,historical,4,137438953472,274877906944.0,0
srt_h4096,step_gap,historical,4,274877906944,549755813888.0,0
srt_h4096,step_gap,historical,4,549755813888,1099511627776.0,0
srt_h4096,step_gap,historical,4,1099511627776,,0
srt_h4096,step_gap,historical,5,0,1.0,0
srt_h4096,step_gap,historical,5,1,2.0,922
srt_h4096,step_gap,historical,5,2,4.0,1726
srt_h4096,step_gap,historical,5,4,8.0,4600
srt_h4096,step_gap,historical,5,8,16.0,12847
srt_h4096,step_gap,historical,5,16,32.0,26547
srt_h4096,step_gap,historical,5,32,64.0,40325
srt_h4096,step_gap,historical,5,64,128.0,49243
srt_h4096,step_gap,historical,5,128,256.0,55683
srt_h4096,step_gap,historical,5,256,512.0,45905
srt_h4096,step_gap,historical,5,512,1024.0,25208
srt_h4096,step_gap,historical,5,1024,2048.0,9855
srt_h4096,step_gap,historical,5,2048,4096.0,5390
srt_h4096,step_gap,historical,5,4096,8192.0,2862
srt_h4096,step_gap,historical,5,8192,16384.0,13
srt_h4096,step_gap,historical,5,16384,32768.0,0
srt_h4096,step_gap,historical,5,32768,65536.0,0
srt_h4096,step_gap,historical,5,65536,131072.0,0
srt_h4096,step_gap,historical,5,131072,262144.0,0
srt_h4096,step_gap,historical,5,262144,524288.0,0
srt_h4096,step_gap,historical,5,524288,1048576.0,0
srt_h4096,step_gap,historical,5,1048576,2097152.0,0
srt_h4096,step_gap,historical,5,2097152,4194304.0,0
srt_h4096,step_gap,historical,5,4194304,8388608.0,0
srt_h4096,step_gap,historical,5,8388608,16777216.0,0
srt_h4096,step_gap,historical,5,16777216,33554432.0,0
srt_h4096,step_gap,historical,5,33554432,67108864.0,0
srt_h4096,step_gap,historical,5,67108864,134217728.0,0
srt_h4096,step_gap,historical,5,134217728,268435456.0,0
srt_h4096,step_gap,historical,5,268435456,536870912.0,0
srt_h4096,step_gap,historical,5,536870912,1073741824.0,0
srt_h4096,step_gap,historical,5,1073741824,2147483648.0,0
srt_h4096,step_gap,historical,5,2147483648,4294967296.0,0
srt_h4096,step_gap,historical,5,4294967296,8589934592.0,0
srt_h4096,step_gap,historical,5,8589934592,17179869184.0,0
srt_h4096,step_gap,historical,5,17179869184,34359738368.0,0
srt_h4096,step_gap,historical,5,34359738368,68719476736.0,0
srt_h4096,step_gap,historical,5,68719476736,137438953472.0,0
srt_h4096,step_gap,historical,5,137438953472,274877906944.0,0
srt_h4096,step_gap,historical,5,274877906944,549755813888.0,0
srt_h4096,step_gap,historical,5,549755813888,1099511627776.0,0
srt_h4096,step_gap,historical,5,1099511627776,,0
srt_h4096,step_gap,historical,all,0,1.0,0
srt_h4096,step_gap,historical,all,1,2.0,3424
srt_h4096,step_gap,historical,all,2,4.0,6229
srt_h4096,step_gap,historical,all,4,8.0,13444
srt_h4096,step_gap,historical,all,8,16.0,30861
srt_h4096,step_gap,historical,all,16,32.0,57143
srt_h4096,step_gap,historical,all,32,64.0,84798
srt_h4096,step_gap,historical,all,64,128.0,102960
srt_h4096,step_gap,historical,all,128,256.0,108213
srt_h4096,step_gap,historical,all,256,512.0,81739
srt_h4096,step_gap,historical,all,512,1024.0,39554
srt_h4096,step_gap,historical,all,1024,2048.0,12725
srt_h4096,step_gap,historical,all,2048,4096.0,6228
srt_h4096,step_gap,historical,all,4096,8192.0,3239
srt_h4096,step_gap,historical,all,8192,16384.0,13
srt_h4096,step_gap,historical,all,16384,32768.0,0
srt_h4096,step_gap,historical,all,32768,65536.0,0
srt_h4096,step_gap,historical,all,65536,131072.0,0
srt_h4096,step_gap,historical,all,131072,262144.0,0
srt_h4096,step_gap,historical,all,262144,524288.0,0
srt_h4096,step_gap,historical,all,524288,1048576.0,0
srt_h4096,step_gap,historical,all,1048576,2097152.0,0
srt_h4096,step_gap,historical,all,2097152,4194304.0,0
srt_h4096,step_gap,historical,all,4194304,8388608.0,0
srt_h4096,step_gap,historical,all,8388608,16777216.0,0
srt_h4096,step_gap,historical,all,16777216,33554432.0,0
srt_h4096,step_gap,historical,all,33554432,67108864.0,0
srt_h4096,step_gap,historical,all,67108864,134217728.0,0
srt_h4096,step_gap,historical,all,134217728,268435456.0,0
srt_h4096,step_gap,historical,all,268435456,536870912.0,0
srt_h4096,step_gap,historical,all,536870912,1073741824.0,0
srt_h4096,step_gap,historical,all,1073741824,2147483648.0,0
srt_h4096,step_gap,historical,all,2147483648,4294967296.0,0
srt_h4096,step_gap,historical,all,4294967296,8589934592.0,0
srt_h4096,step_gap,historical,all,8589934592,17179869184.0,0
srt_h4096,step_gap,historical,all,17179869184,34359738368.0,0
srt_h4096,step_gap,historical,all,34359738368,68719476736.0,0
srt_h4096,step_gap,historical,all,68719476736,137438953472.0,0
srt_h4096,step_gap,historical,all,137438953472,274877906944.0,0
srt_h4096,step_gap,historical,all,274877906944,549755813888.0,0
srt_h4096,step_gap,historical,all,549755813888,1099511627776.0,0
srt_h4096,step_gap,historical,all,1099511627776,,0
uniform_h4096,clock_gap,current_review,all,0,1.0,0
uniform_h4096,clock_gap,current_review,all,1,2.0,14357
uniform_h4096,clock_gap,current_review,all,2,4.0,26625
uniform_h4096,clock_gap,current_review,all,4,8.0,45604
uniform_h4096,clock_gap,current_review,all,8,16.0,65408
uniform_h4096,clock_gap,current_review,all,16,32.0,65220
uniform_h4096,clock_gap,current_review,all,32,64.0,39486
uniform_h4096,clock_gap,current_review,all,64,128.0,12406
uniform_h4096,clock_gap,current_review,all,128,256.0,964
uniform_h4096,clock_gap,current_review,all,256,512.0,0
uniform_h4096,clock_gap,current_review,all,512,1024.0,0
uniform_h4096,clock_gap,current_review,all,1024,2048.0,0
uniform_h4096,clock_gap,current_review,all,2048,4096.0,0
uniform_h4096,clock_gap,current_review,all,4096,8192.0,0
uniform_h4096,clock_gap,current_review,all,8192,16384.0,0
uniform_h4096,clock_gap,current_review,all,16384,32768.0,0
uniform_h4096,clock_gap,current_review,all,32768,65536.0,0
uniform_h4096,clock_gap,current_review,all,65536,131072.0,0
uniform_h4096,clock_gap,current_review,all,131072,262144.0,0
uniform_h4096,clock_gap,current_review,all,262144,524288.0,0
uniform_h4096,clock_gap,current_review,all,524288,1048576.0,0
uniform_h4096,clock_gap,current_review,all,1048576,2097152.0,0
uniform_h4096,clock_gap,current_review,all,2097152,4194304.0,0
uniform_h4096,clock_gap,current_review,all,4194304,8388608.0,0
uniform_h4096,clock_gap,current_review,all,8388608,16777216.0,0
uniform_h4096,clock_gap,current_review,all,16777216,33554432.0,0
uniform_h4096,clock_gap,current_review,all,33554432,67108864.0,0
uniform_h4096,clock_gap,current_review,all,67108864,134217728.0,0
uniform_h4096,clock_gap,current_review,all,134217728,268435456.0,0
uniform_h4096,clock_gap,current_review,all,268435456,536870912.0,0
uniform_h4096,clock_gap,current_review,all,536870912,1073741824.0,0
uniform_h4096,clock_gap,current_review,all,1073741824,2147483648.0,0
uniform_h4096,clock_gap,current_review,all,2147483648,4294967296.0,0
uniform_h4096,clock_gap,current_review,all,4294967296,8589934592.0,0
uniform_h4096,clock_gap,current_review,all,8589934592,17179869184.0,0
uniform_h4096,clock_gap,current_review,all,17179869184,34359738368.0,0
uniform_h4096,clock_gap,current_review,all,34359738368,68719476736.0,0
uniform_h4096,clock_gap,current_review,all,68719476736,137438953472.0,0
uniform_h4096,clock_gap,current_review,all,137438953472,274877906944.0,0
uniform_h4096,clock_gap,current_review,all,274877906944,549755813888.0,0
uniform_h4096,clock_gap,current_review,all,549755813888,1099511627776.0,0
uniform_h4096,clock_gap,current_review,all,1099511627776,,0
uniform_h4096,clock_gap,historical,all,0,1.0,0
uniform_h4096,clock_gap,historical,all,1,2.0,2711
uniform_h4096,clock_gap,historical,all,2,4.0,5367
uniform_h4096,clock_gap,historical,all,4,8.0,10154
uniform_h4096,clock_gap,historical,all,8,16.0,19129
uniform_h4096,clock_gap,historical,all,16,32.0,35371
uniform_h4096,clock_gap,historical,all,32,64.0,59510
uniform_h4096,clock_gap,historical,all,64,128.0,89175
uniform_h4096,clock_gap,historical,all,128,256.0,117241
uniform_h4096,clock_gap,historical,all,256,512.0,114736
uniform_h4096,clock_gap,historical,all,512,1024.0,73480
uniform_h4096,clock_gap,historical,all,1024,2048.0,22061
uniform_h4096,clock_gap,historical,all,2048,4096.0,1626
uniform_h4096,clock_gap,historical,all,4096,8192.0,9
uniform_h4096,clock_gap,historical,all,8192,16384.0,0
uniform_h4096,clock_gap,historical,all,16384,32768.0,0
uniform_h4096,clock_gap,historical,all,32768,65536.0,0
uniform_h4096,clock_gap,historical,all,65536,131072.0,0
uniform_h4096,clock_gap,historical,all,131072,262144.0,0
uniform_h4096,clock_gap,historical,all,262144,524288.0,0
uniform_h4096,clock_gap,historical,all,524288,1048576.0,0
uniform_h4096,clock_gap,historical,all,1048576,2097152.0,0
uniform_h4096,clock_gap,historical,all,2097152,4194304.0,0
uniform_h4096,clock_gap,historical,all,4194304,8388608.0,0
uniform_h4096,clock_gap,historical,all,8388608,16777216.0,0
uniform_h4096,clock_gap,historical,all,16777216,33554432.0,0
uniform_h4096,clock_gap,historical,all,33554432,67108864.0,0
uniform_h4096,clock_gap,historical,all,67108864,134217728.0,0
uniform_h4096,clock_gap,historical,all,134217728,268435456.0,0
uniform_h4096,clock_gap,historical,all,268435456,536870912.0,0
uniform_h4096,clock_gap,historical,all,536870912,1073741824.0,0
uniform_h4096,clock_gap,historical,all,1073741824,2147483648.0,0
uniform_h4096,clock_gap,historical,all,2147483648,4294967296.0,0
uniform_h4096,clock_gap,historical,all,4294967296,8589934592.0,0
uniform_h4096,clock_gap,historical,all,8589934592,17179869184.0,0
uniform_h4096,clock_gap,historical,all,17179869184,34359738368.0,0
uniform_h4096,clock_gap,historical,all,34359738368,68719476736.0,0
uniform_h4096,clock_gap,historical,all,68719476736,137438953472.0,0
uniform_h4096,clock_gap,historical,all,137438953472,274877906944.0,0
uniform_h4096,clock_gap,historical,all,274877906944,549755813888.0,0
uniform_h4096,clock_gap,historical,all,549755813888,1099511627776.0,0
uniform_h4096,clock_gap,historical,all,1099511627776,,0
uniform_h4096,presentation_gap,current_review,all,0,1.0,0
uniform_h4096,presentation_gap,current_review,all,1,2.0,0
uniform_h4096,presentation_gap,current_review,all,2,4.0,2
uniform_h4096,presentation_gap,current_review,all,4,8.0,0
uniform_h4096,presentation_gap,current_review,all,8,16.0,5
uniform_h4096,presentation_gap,current_review,all,16,32.0,20
uniform_h4096,presentation_gap,current_review,all,32,64.0,74
uniform_h4096,presentation_gap,current_review,all,64,128.0,14603
uniform_h4096,presentation_gap,current_review,all,128,256.0,27017
uniform_h4096,presentation_gap,current_review,all,256,512.0,46056
uniform_h4096,presentation_gap,current_review,all,512,1024.0,64929
uniform_h4096,presentation_gap,current_review,all,1024,2048.0,64727
uniform_h4096,presentation_gap,current_review,all,2048,4096.0,39294
uniform_h4096,presentation_gap,current_review,all,4096,8192.0,12379
uniform_h4096,presentation_gap,current_review,all,8192,16384.0,964
uniform_h4096,presentation_gap,current_review,all,16384,32768.0,0
uniform_h4096,presentation_gap,current_review,all,32768,65536.0,0
uniform_h4096,presentation_gap,current_review,all,65536,131072.0,0
uniform_h4096,presentation_gap,current_review,all,131072,262144.0,0
uniform_h4096,presentation_gap,current_review,all,262144,524288.0,0
uniform_h4096,presentation_gap,current_review,all,524288,1048576.0,0
uniform_h4096,presentation_gap,current_review,all,1048576,2097152.0,0
uniform_h4096,presentation_gap,current_review,all,2097152,4194304.0,0
uniform_h4096,presentation_gap,current_review,all,4194304,8388608.0,0
uniform_h4096,presentation_gap,current_review,all,8388608,16777216.0,0
uniform_h4096,presentation_gap,current_review,all,16777216,33554432.0,0
uniform_h4096,presentation_gap,current_review,all,33554432,67108864.0,0
uniform_h4096,presentation_gap,current_review,all,67108864,134217728.0,0
uniform_h4096,presentation_gap,current_review,all,134217728,268435456.0,0
uniform_h4096,presentation_gap,current_review,all,268435456,536870912.0,0
uniform_h4096,presentation_gap,current_review,all,536870912,1073741824.0,0
uniform_h4096,presentation_gap,current_review,all,1073741824,2147483648.0,0
uniform_h4096,presentation_gap,current_review,all,2147483648,4294967296.0,0
uniform_h4096,presentation_gap,current_review,all,4294967296,8589934592.0,0
uniform_h4096,presentation_gap,current_review,all,8589934592,17179869184.0,0
uniform_h4096,presentation_gap,current_review,all,17179869184,34359738368.0,0
uniform_h4096,presentation_gap,current_review,all,34359738368,68719476736.0,0
uniform_h4096,presentation_gap,current_review,all,68719476736,137438953472.0,0
uniform_h4096,presentation_gap,current_review,all,137438953472,274877906944.0,0
uniform_h4096,presentation_gap,current_review,all,274877906944,549755813888.0,0
uniform_h4096,presentation_gap,current_review,all,549755813888,1099511627776.0,0
uniform_h4096,presentation_gap,current_review,all,1099511627776,,0
uniform_h4096,presentation_gap,historical,all,0,1.0,0
uniform_h4096,presentation_gap,historical,all,1,2.0,0
uniform_h4096,presentation_gap,historical,all,2,4.0,0
uniform_h4096,presentation_gap,historical,all,4,8.0,0
uniform_h4096,presentation_gap,historical,all,8,16.0,0
uniform_h4096,presentation_gap,historical,all,16,32.0,0
uniform_h4096,presentation_gap,historical,all,32,64.0,0
uniform_h4096,presentation_gap,historical,all,64,128.0,2711
uniform_h4096,presentation_gap,historical,all,128,256.0,5367
uniform_h4096,presentation_gap,historical,all,256,512.0,10165
uniform_h4096,presentation_gap,historical,all,512,1024.0,19324
uniform_h4096,presentation_gap,historical,all,1024,2048.0,35558
uniform_h4096,presentation_gap,historical,all,2048,4096.0,59732
uniform_h4096,presentation_gap,historical,all,4096,8192.0,89373
uniform_h4096,presentation_gap,historical,all,8192,16384.0,117428
uniform_h4096,presentation_gap,historical,all,16384,32768.0,114374
uniform_h4096,presentation_gap,historical,all,32768,65536.0,73067
uniform_h4096,presentation_gap,historical,all,65536,131072.0,21865
uniform_h4096,presentation_gap,historical,all,131072,262144.0,1597
uniform_h4096,presentation_gap,historical,all,262144,524288.0,9
uniform_h4096,presentation_gap,historical,all,524288,1048576.0,0
uniform_h4096,presentation_gap,historical,all,1048576,2097152.0,0
uniform_h4096,presentation_gap,historical,all,2097152,4194304.0,0
uniform_h4096,presentation_gap,historical,all,4194304,8388608.0,0
uniform_h4096,presentation_gap,historical,all,8388608,16777216.0,0
uniform_h4096,presentation_gap,historical,all,16777216,33554432.0,0
uniform_h4096,presentation_gap,historical,all,33554432,67108864.0,0
uniform_h4096,presentation_gap,historical,all,67108864,134217728.0,0
uniform_h4096,presentation_gap,historical,all,134217728,268435456.0,0
uniform_h4096,presentation_gap,historical,all,268435456,536870912.0,0
uniform_h4096,presentation_gap,historical,all,536870912,1073741824.0,0
uniform_h4096,presentation_gap,historical,all,1073741824,2147483648.0,0
uniform_h4096,presentation_gap,historical,all,2147483648,4294967296.0,0
uniform_h4096,presentation_gap,historical,all,4294967296,8589934592.0,0
uniform_h4096,presentation_gap,historical,all,8589934592,17179869184.0,0
uniform_h4096,presentation_gap,historical,all,17179869184,34359738368.0,0
uniform_h4096,presentation_gap,historical,all,34359738368,68719476736.0,0
uniform_h4096,presentation_gap,historical,all,68719476736,137438953472.0,0
uniform_h4096,presentation_gap,historical,all,137438953472,274877906944.0,0
uniform_h4096,presentation_gap,historical,all,274877906944,549755813888.0,0
uniform_h4096,presentation_gap,historical,all,549755813888,1099511627776.0,0
uniform_h4096,presentation_gap,historical,all,1099511627776,,0
uniform_h4096,stage_gap,current_review,all,0,1.0,270070
uniform_h4096,stage_gap,current_review,all,1,2.0,0
uniform_h4096,stage_gap,current_review,all,2,4.0,0
uniform_h4096,stage_gap,current_review,all,4,8.0,0
uniform_h4096,stage_gap,current_review,all,8,16.0,0
uniform_h4096,stage_gap,current_review,all,16,32.0,0
uniform_h4096,stage_gap,current_review,all,32,64.0,0
uniform_h4096,stage_gap,current_review,all,64,128.0,0
uniform_h4096,stage_gap,current_review,all,128,256.0,0
uniform_h4096,stage_gap,current_review,all,256,512.0,0
uniform_h4096,stage_gap,current_review,all,512,1024.0,0
uniform_h4096,stage_gap,current_review,all,1024,2048.0,0
uniform_h4096,stage_gap,current_review,all,2048,4096.0,0
uniform_h4096,stage_gap,current_review,all,4096,8192.0,0
uniform_h4096,stage_gap,current_review,all,8192,16384.0,0
uniform_h4096,stage_gap,current_review,all,16384,32768.0,0
uniform_h4096,stage_gap,current_review,all,32768,65536.0,0
uniform_h4096,stage_gap,current_review,all,65536,131072.0,0
uniform_h4096,stage_gap,current_review,all,131072,262144.0,0
uniform_h4096,stage_gap,current_review,all,262144,524288.0,0
uniform_h4096,stage_gap,current_review,all,524288,1048576.0,0
uniform_h4096,stage_gap,current_review,all,1048576,2097152.0,0
uniform_h4096,stage_gap,current_review,all,2097152,4194304.0,0
uniform_h4096,stage_gap,current_review,all,4194304,8388608.0,0
uniform_h4096,stage_gap,current_review,all,8388608,16777216.0,0
uniform_h4096,stage_gap,current_review,all,16777216,33554432.0,0
uniform_h4096,stage_gap,current_review,all,33554432,67108864.0,0
uniform_h4096,stage_gap,current_review,all,67108864,134217728.0,0
uniform_h4096,stage_gap,current_review,all,134217728,268435456.0,0
uniform_h4096,stage_gap,current_review,all,268435456,536870912.0,0
uniform_h4096,stage_gap,current_review,all,536870912,1073741824.0,0
uniform_h4096,stage_gap,current_review,all,1073741824,2147483648.0,0
uniform_h4096,stage_gap,current_review,all,2147483648,4294967296.0,0
uniform_h4096,stage_gap,current_review,all,4294967296,8589934592.0,0
uniform_h4096,stage_gap,current_review,all,8589934592,17179869184.0,0
uniform_h4096,stage_gap,current_review,all,17179869184,34359738368.0,0
uniform_h4096,stage_gap,current_review,all,34359738368,68719476736.0,0
uniform_h4096,stage_gap,current_review,all,68719476736,137438953472.0,0
uniform_h4096,stage_gap,current_review,all,137438953472,274877906944.0,0
uniform_h4096,stage_gap,current_review,all,274877906944,549755813888.0,0
uniform_h4096,stage_gap,current_review,all,549755813888,1099511627776.0,0
uniform_h4096,stage_gap,current_review,all,1099511627776,,0
uniform_h4096,stage_gap,historical,all,0,1.0,211840
uniform_h4096,stage_gap,historical,all,1,2.0,209987
uniform_h4096,stage_gap,historical,all,2,4.0,102966
uniform_h4096,stage_gap,historical,all,4,8.0,24467
uniform_h4096,stage_gap,historical,all,8,16.0,1305
uniform_h4096,stage_gap,historical,all,16,32.0,5
uniform_h4096,stage_gap,historical,all,32,64.0,0
uniform_h4096,stage_gap,historical,all,64,128.0,0
uniform_h4096,stage_gap,historical,all,128,256.0,0
uniform_h4096,stage_gap,historical,all,256,512.0,0
uniform_h4096,stage_gap,historical,all,512,1024.0,0
uniform_h4096,stage_gap,historical,all,1024,2048.0,0
uniform_h4096,stage_gap,historical,all,2048,4096.0,0
uniform_h4096,stage_gap,historical,all,4096,8192.0,0
uniform_h4096,stage_gap,historical,all,8192,16384.0,0
uniform_h4096,stage_gap,historical,all,16384,32768.0,0
uniform_h4096,stage_gap,historical,all,32768,65536.0,0
uniform_h4096,stage_gap,historical,all,65536,131072.0,0
uniform_h4096,stage_gap,historical,all,131072,262144.0,0
uniform_h4096,stage_gap,historical,all,262144,524288.0,0
uniform_h4096,stage_gap,historical,all,524288,1048576.0,0
uniform_h4096,stage_gap,historical,all,1048576,2097152.0,0
uniform_h4096,stage_gap,historical,all,2097152,4194304.0,0
uniform_h4096,stage_gap,historical,all,4194304,8388608.0,0
uniform_h4096,stage_gap,historical,all,8388608,16777216.0,0
uniform_h4096,stage_gap,historical,all,16777216,33554432.0,0
uniform_h4096,stage_gap,historical,all,33554432,67108864.0,0
uniform_h4096,stage_gap,historical,all,67108864,134217728.0,0
uniform_h4096,stage_gap,historical,all,134217728,268435456.0,0
uniform_h4096,stage_gap,historical,all,268435456,536870912.0,0
uniform_h4096,stage_gap,historical,all,536870912,1073741824.0,0
uniform_h4096,stage_gap,historical,all,1073741824,2147483648.0,0
uniform_h4096,stage_gap,historical,all,2147483648,4294967296.0,0
uniform_h4096,stage_gap,historical,all,4294967296,8589934592.0,0
uniform_h4096,stage_gap,historical,all,8589934592,17179869184.0,0
uniform_h4096,stage_gap,historical,all,17179869184,34359738368.0,0
uniform_h4096,stage_gap,historical,all,34359738368,68719476736.0,0
uniform_h4096,stage_gap,historical,all,68719476736,137438953472.0,0
uniform_h4096,stage_gap,historical,all,137438953472,274877906944.0,0
uniform_h4096,stage_gap,historical,all,274877906944,549755813888.0,0
uniform_h4096,stage_gap,historical,all,549755813888,1099511627776.0,0
uniform_h4096,stage_gap,historical,all,1099511627776,,0
uniform_h4096,step_gap,current_review,all,0,1.0,0
uniform_h4096,step_gap,current_review,all,1,2.0,14357
uniform_h4096,step_gap,current_review,all,2,4.0,26625
uniform_h4096,step_gap,current_review,all,4,8.0,45604
uniform_h4096,step_gap,current_review,all,8,16.0,65408
uniform_h4096,step_gap,current_review,all,16,32.0,65220
uniform_h4096,step_gap,current_review,all,32,64.0,39486
uniform_h4096,step_gap,current_review,all,64,128.0,12406
uniform_h4096,step_gap,current_review,all,128,256.0,964
uniform_h4096,step_gap,current_review,all,256,512.0,0
uniform_h4096,step_gap,current_review,all,512,1024.0,0
uniform_h4096,step_gap,current_review,all,1024,2048.0,0
uniform_h4096,step_gap,current_review,all,2048,4096.0,0
uniform_h4096,step_gap,current_review,all,4096,8192.0,0
uniform_h4096,step_gap,current_review,all,8192,16384.0,0
uniform_h4096,step_gap,current_review,all,16384,32768.0,0
uniform_h4096,step_gap,current_review,all,32768,65536.0,0
uniform_h4096,step_gap,current_review,all,65536,131072.0,0
uniform_h4096,step_gap,current_review,all,131072,262144.0,0
uniform_h4096,step_gap,current_review,all,262144,524288.0,0
uniform_h4096,step_gap,current_review,all,524288,1048576.0,0
uniform_h4096,step_gap,current_review,all,1048576,2097152.0,0
uniform_h4096,step_gap,current_review,all,2097152,4194304.0,0
uniform_h4096,step_gap,current_review,all,4194304,8388608.0,0
uniform_h4096,step_gap,current_review,all,8388608,16777216.0,0
uniform_h4096,step_gap,current_review,all,16777216,33554432.0,0
uniform_h4096,step_gap,current_review,all,33554432,67108864.0,0
uniform_h4096,step_gap,current_review,all,67108864,134217728.0,0
uniform_h4096,step_gap,current_review,all,134217728,268435456.0,0
uniform_h4096,step_gap,current_review,all,268435456,536870912.0,0
uniform_h4096,step_gap,current_review,all,536870912,1073741824.0,0
uniform_h4096,step_gap,current_review,all,1073741824,2147483648.0,0
uniform_h4096,step_gap,current_review,all,2147483648,4294967296.0,0
uniform_h4096,step_gap,current_review,all,4294967296,8589934592.0,0
uniform_h4096,step_gap,current_review,all,8589934592,17179869184.0,0
uniform_h4096,step_gap,current_review,all,17179869184,34359738368.0,0
uniform_h4096,step_gap,current_review,all,34359738368,68719476736.0,0
uniform_h4096,step_gap,current_review,all,68719476736,137438953472.0,0
uniform_h4096,step_gap,current_review,all,137438953472,274877906944.0,0
uniform_h4096,step_gap,current_review,all,274877906944,549755813888.0,0
uniform_h4096,step_gap,current_review,all,549755813888,1099511627776.0,0
uniform_h4096,step_gap,current_review,all,1099511627776,,0
uniform_h4096,step_gap,historical,all,0,1.0,0
uniform_h4096,step_gap,historical,all,1,2.0,2711
uniform_h4096,step_gap,historical,all,2,4.0,5367
uniform_h4096,step_gap,historical,all,4,8.0,10154
uniform_h4096,step_gap,historical,all,8,16.0,19129
uniform_h4096,step_gap,historical,all,16,32.0,35371
uniform_h4096,step_gap,historical,all,32,64.0,59510
uniform_h4096,step_gap,historical,all,64,128.0,89175
uniform_h4096,step_gap,historical,all,128,256.0,117241
uniform_h4096,step_gap,historical,all,256,512.0,114736
uniform_h4096,step_gap,historical,all,512,1024.0,73480
uniform_h4096,step_gap,historical,all,1024,2048.0,22061
uniform_h4096,step_gap,historical,all,2048,4096.0,1626
uniform_h4096,step_gap,historical,all,4096,8192.0,9
uniform_h4096,step_gap,historical,all,8192,16384.0,0
uniform_h4096,step_gap,historical,all,16384,32768.0,0
uniform_h4096,step_gap,historical,all,32768,65536.0,0
uniform_h4096,step_gap,historical,all,65536,131072.0,0
uniform_h4096,step_gap,historical,all,131072,262144.0,0
uniform_h4096,step_gap,historical,all,262144,524288.0,0
uniform_h4096,step_gap,historical,all,524288,1048576.0,0
uniform_h4096,step_gap,historical,all,1048576,2097152.0,0
uniform_h4096,step_gap,historical,all,2097152,4194304.0,0
uniform_h4096,step_gap,historical,all,4194304,8388608.0,0
uniform_h4096,step_gap,historical,all,8388608,16777216.0,0
uniform_h4096,step_gap,historical,all,16777216,33554432.0,0
uniform_h4096,step_gap,historical,all,33554432,67108864.0,0
uniform_h4096,step_gap,historical,all,67108864,134217728.0,0
uniform_h4096,step_gap,historical,all,134217728,268435456.0,0
uniform_h4096,step_gap,historical,all,268435456,536870912.0,0
uniform_h4096,step_gap,historical,all,536870912,1073741824.0,0
uniform_h4096,step_gap,historical,all,1073741824,2147483648.0,0
uniform_h4096,step_gap,historical,all,2147483648,4294967296.0,0
uniform_h4096,step_gap,historical,all,4294967296,8589934592.0,0
uniform_h4096,step_gap,historical,all,8589934592,17179869184.0,0
uniform_h4096,step_gap,historical,all,17179869184,34359738368.0,0
uniform_h4096,step_gap,historical,all,34359738368,68719476736.0,0
uniform_h4096,step_gap,historical,all,68719476736,137438953472.0,0
uniform_h4096,step_gap,historical,all,137438953472,274877906944.0,0
uniform_h4096,step_gap,historical,all,274877906944,549755813888.0,0
uniform_h4096,step_gap,historical,all,549755813888,1099511627776.0,0
uniform_h4096,step_gap,historical,all,1099511627776,,0
