condition,stage,training_forwards,training_backwards,recompute_forwards,training_wall_seconds,cumulative_training_wall_seconds,evaluation_forwards,evaluation_wall_seconds,cumulative_training_forwards,cumulative_training_backwards,cumulative_recompute_forwards,cost_source
srt_h1024,1,1900,1900,0,6.922067493200302,6.922067493200302,118,0.42831197567284107,1900,1900,0,audited committed SRT presentation and batch ledger
srt_h1024,2,3956,3956,0,12.846510380506516,19.768577873706818,248,0.6820942722260952,5856,5856,0,audited committed SRT presentation and batch ledger
srt_h1024,3,6300,6300,0,20.283359145745635,40.05193701945245,394,1.068689914420247,12156,12156,0,audited committed SRT presentation and batch ledger
srt_h1024,4,6912,6912,0,20.903366236016154,60.95530325546861,570,1.4786777887493372,19068,19068,0,audited committed SRT presentation and batch ledger
srt_h1024,5,6160,6160,0,18.167671026661992,79.1229742821306,698,1.5843553263694048,25228,25228,0,audited committed SRT presentation and batch ledger
srt_h1024,6,6024,6024,0,18.00634402036667,97.12931830249727,818,1.9067934453487396,31252,31252,0,audited committed SRT presentation and batch ledger
srt_h1024,7,5940,5940,0,16.602100398391485,113.73141870088875,933,2.1663181744515896,37192,37192,0,audited committed SRT presentation and batch ledger
srt_h1024,8,6236,6236,0,17.826242428272963,131.55766112916172,1066,2.439771890640259,43428,43428,0,audited committed SRT presentation and batch ledger
srt_h1024,9,6212,6212,0,17.191482478752732,148.74914360791445,1200,2.705460963770747,49640,49640,0,audited committed SRT presentation and batch ledger
srt_h1024,10,6284,6284,0,17.03294891677797,165.78209252469242,1338,2.931412238627672,55924,55924,0,audited committed SRT presentation and batch ledger
srt_h1024,11,5676,5676,0,15.833477061241865,181.61556958593428,1438,3.172057304531336,61600,61600,0,audited committed SRT presentation and batch ledger
srt_h1024,12,5940,5940,0,16.293021839112043,197.90859142504632,1554,3.4100835900753736,67540,67540,0,audited committed SRT presentation and batch ledger
srt_h1024,13,6140,6140,0,16.66535857319832,214.57394999824464,1681,3.733069784939289,73680,73680,0,audited committed SRT presentation and batch ledger
srt_h1024,14,6200,6200,0,17.739640783518553,232.3135907817632,1813,3.9729041643440723,79880,79880,0,audited committed SRT presentation and batch ledger
srt_h1024,15,5956,5956,0,16.60995996929705,248.92355075106025,1929,4.176819169893861,85836,85836,0,audited committed SRT presentation and batch ledger
srt_h1024,16,6212,6212,0,17.27090271934867,266.1944534704089,2062,4.5824312921613455,92048,92048,0,audited committed SRT presentation and batch ledger
srt_h1024,17,6088,6088,0,17.076789306476712,283.27124277688563,2188,4.779617980122566,98136,98136,0,audited committed SRT presentation and batch ledger
srt_h1024,18,5788,5788,0,16.297568084672093,299.5688108615577,2294,5.032070770859718,103924,103924,0,audited committed SRT presentation and batch ledger
srt_h1024,19,5828,5828,0,16.524980131536722,316.09379099309444,2403,5.124303622171283,109752,109752,0,audited committed SRT presentation and batch ledger
srt_h1024,20,5720,5720,0,16.31028325855732,332.40407425165176,2504,5.411628821864724,115472,115472,0,audited committed SRT presentation and batch ledger
srt_h1024,21,6412,6412,0,17.749073261395097,350.15314751304686,2648,5.741739263758063,121884,121884,0,audited committed SRT presentation and batch ledger
srt_h1024,22,6016,6016,0,17.235904432833195,367.38905194588006,2768,6.032283591106534,127900,127900,0,audited committed SRT presentation and batch ledger
srt_h1024,23,5968,5968,0,16.58716824837029,383.97622019425035,2885,6.45915899425745,133868,133868,0,audited committed SRT presentation and batch ledger
srt_h1024,24,5472,5472,0,16.004640204831958,399.9808603990823,2971,6.604713823646307,139340,139340,0,audited committed SRT presentation and batch ledger
srt_h1024,25,5132,5132,0,14.681601157411933,414.66246155649424,3036,6.756954859942198,144472,144472,0,audited committed SRT presentation and batch ledger
srt_h1024,26,6068,6068,0,17.715452829375863,432.3779143858701,3159,7.163881016895175,150540,150540,0,audited committed SRT presentation and batch ledger
srt_h1024,27,5896,5896,0,17.38048168644309,449.7583960723132,3272,7.362009653821588,156436,156436,0,audited committed SRT presentation and batch ledger
srt_h1024,28,5712,5712,0,17.089804073795676,466.84820014610887,3374,7.95890536531806,162148,162148,0,audited committed SRT presentation and batch ledger
srt_h1024,29,5920,5920,0,17.63407113775611,484.482271283865,3488,8.32038914784789,168068,168068,0,audited committed SRT presentation and batch ledger
srt_h1024,30,7520,7520,0,21.820445699617267,506.30271698348224,3702,8.770527265965939,175588,175588,0,audited committed SRT presentation and batch ledger
srt_h1024,31,5928,5928,0,17.82605730742216,524.1287742909044,3816,8.958331683650613,181516,181516,0,audited committed SRT presentation and batch ledger
srt_h1024,32,5728,5728,0,17.137105960398912,541.2658802513033,3919,9.38521240092814,187244,187244,0,audited committed SRT presentation and batch ledger
srt_h1024,33,5868,5868,0,17.521840050816536,558.7877203021199,4030,9.628009056672454,193112,193112,0,audited committed SRT presentation and batch ledger
srt_h1024,34,5224,5224,0,15.661598198115826,574.4493185002357,4100,9.564451927319169,198336,198336,0,audited committed SRT presentation and batch ledger
srt_h1024,35,6348,6348,0,18.919760113582015,593.3690786138177,4241,10.261177847161889,204684,204684,0,audited committed SRT presentation and batch ledger
srt_h1024,36,6572,6572,0,19.7810813523829,613.1501599662006,4395,10.509167177602649,211256,211256,0,audited committed SRT presentation and batch ledger
srt_h1024,37,6624,6624,0,19.787640646100044,632.9378006123006,4552,10.682127073407173,217880,217880,0,audited committed SRT presentation and batch ledger
srt_h1024,38,6396,6396,0,19.56121906079352,652.4990196730942,4695,10.998876668512821,224276,224276,0,audited committed SRT presentation and batch ledger
srt_h1024,39,5932,5932,0,18.851677898317575,671.3506975714117,4809,11.308496689423919,230208,230208,0,audited committed SRT presentation and batch ledger
srt_h1024,40,6312,6312,0,19.07453863695264,690.4252362083644,4947,11.586510675027966,236520,236520,0,audited committed SRT presentation and batch ledger
srt_h1024,41,5284,5284,0,16.465684367343783,706.8909205757082,5021,11.864527912810445,241804,241804,0,audited committed SRT presentation and batch ledger
srt_h1024,42,6288,6288,0,19.09092908166349,725.9818496573716,5157,12.201503939926624,248092,248092,0,audited committed SRT presentation and batch ledger
srt_h1024,43,5624,5624,0,18.12370307557285,744.1055527329445,5253,12.607087029144168,253716,253716,0,audited committed SRT presentation and batch ledger
srt_h1024,44,5268,5268,0,16.235271215438843,760.3408239483833,5326,12.73888879455626,258984,258984,0,audited committed SRT presentation and batch ledger
srt_h1024,45,5784,5784,0,18.175957676023245,778.5167816244066,5431,13.132315956056118,264768,264768,0,audited committed SRT presentation and batch ledger
srt_h1024,46,6132,6132,0,19.090720638632774,797.6075022630394,5558,13.187955712899566,270900,270900,0,audited committed SRT presentation and batch ledger
srt_h1024,47,5900,5900,0,18.41321170143783,816.0207139644772,5671,13.640236843377352,276800,276800,0,audited committed SRT presentation and batch ledger
srt_h1024,48,5928,5928,0,18.67070815525949,834.6914221197367,5786,14.032904468476772,282728,282728,0,audited committed SRT presentation and batch ledger
srt_h1024,49,5768,5768,0,18.146616084501147,852.8380382042378,5890,14.15882115997374,288496,288496,0,audited committed SRT presentation and batch ledger
srt_h1024,50,5872,5872,0,18.2069988027215,871.0450370069593,6000,14.403145471587777,294368,294368,0,audited committed SRT presentation and batch ledger
uniform_h1024,1,1900,1900,0,6.890303108841181,6.890303108841181,118,0.48271308094263077,1900,1900,0,audited committed SRT presentation and batch ledger
uniform_h1024,2,3956,3956,0,13.516056885942817,20.406359994783998,248,0.7007821574807167,5856,5856,0,audited committed SRT presentation and batch ledger
uniform_h1024,3,6300,6300,0,20.02391937188804,40.43027936667204,394,0.9766041971743107,12156,12156,0,audited committed SRT presentation and batch ledger
uniform_h1024,4,6912,6912,0,20.89964297041297,61.32992233708501,570,1.4122696332633495,19068,19068,0,audited committed SRT presentation and batch ledger
uniform_h1024,5,6160,6160,0,17.804759915918112,79.13468225300312,698,1.6350490301847458,25228,25228,0,audited committed SRT presentation and batch ledger
uniform_h1024,6,6024,6024,0,17.629539081826806,96.76422133482993,818,1.9299407061189413,31252,31252,0,audited committed SRT presentation and batch ledger
uniform_h1024,7,5940,5940,0,16.618155183270574,113.3823765181005,933,2.1071312818676233,37192,37192,0,audited committed SRT presentation and batch ledger
uniform_h1024,8,6236,6236,0,17.331679550930858,130.71405606903136,1066,2.4212312269955873,43428,43428,0,audited committed SRT presentation and batch ledger
uniform_h1024,9,6212,6212,0,16.989281302317977,147.70333737134933,1200,2.676609616726637,49640,49640,0,audited committed SRT presentation and batch ledger
uniform_h1024,10,6284,6284,0,17.411579005420208,165.11491637676954,1338,2.8832060415297747,55924,55924,0,audited committed SRT presentation and batch ledger
uniform_h1024,11,5676,5676,0,15.858384622260928,180.97330099903047,1438,3.126320380717516,61600,61600,0,audited committed SRT presentation and batch ledger
uniform_h1024,12,5940,5940,0,16.59615129418671,197.56945229321718,1554,3.4679720643907785,67540,67540,0,audited committed SRT presentation and batch ledger
uniform_h1024,13,6140,6140,0,16.968030678108335,214.53748297132552,1681,3.719811847433448,73680,73680,0,audited committed SRT presentation and batch ledger
uniform_h1024,14,6200,6200,0,17.709237890318036,232.24672086164355,1813,3.944344613701105,79880,79880,0,audited committed SRT presentation and batch ledger
uniform_h1024,15,5956,5956,0,16.61544270813465,248.8621635697782,1929,4.190260356292129,85836,85836,0,audited committed SRT presentation and batch ledger
uniform_h1024,16,6212,6212,0,17.3925248272717,266.2546883970499,2062,4.510504083707929,92048,92048,0,audited committed SRT presentation and batch ledger
uniform_h1024,17,6088,6088,0,16.91489573009312,283.169584127143,2188,4.715126052498817,98136,98136,0,audited committed SRT presentation and batch ledger
uniform_h1024,18,5788,5788,0,16.352701880037785,299.5222860071808,2294,4.907278111204505,103924,103924,0,audited committed SRT presentation and batch ledger
uniform_h1024,19,5828,5828,0,16.535888457670808,316.0581744648516,2403,5.1935138534754515,109752,109752,0,audited committed SRT presentation and batch ledger
uniform_h1024,20,5720,5720,0,16.25793801806867,332.3161124829203,2504,5.374517317861319,115472,115472,0,audited committed SRT presentation and batch ledger
uniform_h1024,21,6412,6412,0,17.98032071813941,350.2964332010597,2648,5.754395695403218,121884,121884,0,audited committed SRT presentation and batch ledger
uniform_h1024,22,6016,6016,0,16.95639005303383,367.2528232540935,2768,5.985707521438599,127900,127900,0,audited committed SRT presentation and batch ledger
uniform_h1024,23,5968,5968,0,16.731847770512104,383.98467102460563,2885,6.1917641796171665,133868,133868,0,audited committed SRT presentation and batch ledger
uniform_h1024,24,5472,5472,0,15.482721941545606,399.46739296615124,2971,6.4565043691545725,139340,139340,0,audited committed SRT presentation and batch ledger
uniform_h1024,25,5132,5132,0,14.504985192790627,413.97237815894186,3036,6.547013422474265,144472,144472,0,audited committed SRT presentation and batch ledger
uniform_h1024,26,6068,6068,0,17.044488556683064,431.01686671562493,3159,6.719603482633829,150540,150540,0,audited committed SRT presentation and batch ledger
uniform_h1024,27,5896,5896,0,17.114695055410266,448.1315617710352,3272,7.14708087220788,156436,156436,0,audited committed SRT presentation and batch ledger
uniform_h1024,28,5712,5712,0,16.097656290978193,464.2292180620134,3374,7.659446509554982,162148,162148,0,audited committed SRT presentation and batch ledger
uniform_h1024,29,5920,5920,0,16.67367536202073,480.9028934240341,3488,7.830203136429191,168068,168068,0,audited committed SRT presentation and batch ledger
uniform_h1024,30,7520,7520,0,20.760311603546143,501.66320502758026,3702,8.394897695630789,175588,175588,0,audited committed SRT presentation and batch ledger
uniform_h1024,31,5928,5928,0,17.167765064164996,518.8309700917453,3816,8.509127644822001,181516,181516,0,audited committed SRT presentation and batch ledger
uniform_h1024,32,5728,5728,0,16.782989790663123,535.6139598824084,3919,8.732597621157765,187244,187244,0,audited committed SRT presentation and batch ledger
uniform_h1024,33,5868,5868,0,16.17761442810297,551.7915743105114,4030,8.988662978634238,193112,193112,0,audited committed SRT presentation and batch ledger
uniform_h1024,34,5224,5224,0,14.554163934662938,566.3457382451743,4100,9.06841586343944,198336,198336,0,audited committed SRT presentation and batch ledger
uniform_h1024,35,6348,6348,0,18.1678460072726,584.5135842524469,4241,9.581121027469635,204684,204684,0,audited committed SRT presentation and batch ledger
uniform_h1024,36,6572,6572,0,18.716818936169147,603.230403188616,4395,9.857518957927823,211256,211256,0,audited committed SRT presentation and batch ledger
uniform_h1024,37,6624,6624,0,18.624306704849005,621.854709893465,4552,10.260206678882241,217880,217880,0,audited committed SRT presentation and batch ledger
uniform_h1024,38,6396,6396,0,18.337526910007,640.192236803472,4695,10.216484028846025,224276,224276,0,audited committed SRT presentation and batch ledger
uniform_h1024,39,5932,5932,0,17.80963114090264,658.0018679443747,4809,10.608162708580494,230208,230208,0,audited committed SRT presentation and batch ledger
uniform_h1024,40,6312,6312,0,17.85580595768988,675.8576739020646,4947,11.110591027885675,236520,236520,0,audited committed SRT presentation and batch ledger
uniform_h1024,41,5284,5284,0,15.202154226601124,691.0598281286657,5021,11.285078208893538,241804,241804,0,audited committed SRT presentation and batch ledger
uniform_h1024,42,6288,6288,0,18.047313529998064,709.1071416586637,5157,11.678509969264269,248092,248092,0,audited committed SRT presentation and batch ledger
uniform_h1024,43,5624,5624,0,16.491110300645232,725.598251959309,5253,11.826089357957244,253716,253716,0,audited committed SRT presentation and batch ledger
uniform_h1024,44,5268,5268,0,14.475167213007808,740.0734191723168,5326,12.100204948335886,258984,258984,0,audited committed SRT presentation and batch ledger
uniform_h1024,45,5784,5784,0,17.008006662130356,757.0814258344471,5431,12.306464288383722,264768,264768,0,audited committed SRT presentation and batch ledger
uniform_h1024,46,6132,6132,0,18.05764154344797,775.1390673778951,5558,12.741382107138634,270900,270900,0,audited committed SRT presentation and batch ledger
uniform_h1024,47,5900,5900,0,16.72968972660601,791.8687571045011,5671,12.948571084067225,276800,276800,0,audited committed SRT presentation and batch ledger
uniform_h1024,48,5928,5928,0,17.702060958370566,809.5708180628717,5786,13.047900004312396,282728,282728,0,audited committed SRT presentation and batch ledger
uniform_h1024,49,5768,5768,0,16.429376685991883,826.0001947488636,5890,13.39562113955617,288496,288496,0,audited committed SRT presentation and batch ledger
uniform_h1024,50,5872,5872,0,17.07448250427842,843.074677253142,6000,13.552001975476742,294368,294368,0,audited committed SRT presentation and batch ledger
srt_h4096,1,1900,1900,0,4.944551311433315,4.944551311433315,118,0.4340039100497961,1900,1900,0,audited committed SRT presentation and batch ledger
srt_h4096,2,3956,3956,0,10.661008195951581,15.605559507384896,248,0.6752048376947641,5856,5856,0,audited committed SRT presentation and batch ledger
srt_h4096,3,6300,6300,0,17.831340806558728,33.436900313943624,394,0.9899220913648605,12156,12156,0,audited committed SRT presentation and batch ledger
srt_h4096,4,9116,9116,0,25.47550850175321,58.912408815696836,570,1.3531075902283192,21272,21272,0,audited committed SRT presentation and batch ledger
srt_h4096,5,11180,11180,0,30.39332920871675,89.30573802441359,698,1.5517717693001032,32452,32452,0,audited committed SRT presentation and batch ledger
srt_h4096,6,13108,13108,0,36.77877312153578,126.08451114594936,818,1.9448239840567112,45560,45560,0,audited committed SRT presentation and batch ledger
srt_h4096,7,14952,14952,0,42.2118119020015,168.29632304795086,933,2.118377922102809,60512,60512,0,audited committed SRT presentation and batch ledger
srt_h4096,8,17092,17092,0,48.14065814949572,216.43698119744658,1066,2.4034424126148224,77604,77604,0,audited committed SRT presentation and batch ledger
srt_h4096,9,18500,18500,0,50.821285892277956,267.25826708972454,1200,2.7356527354568243,96104,96104,0,audited committed SRT presentation and batch ledger
srt_h4096,10,18572,18572,0,51.79643324390054,319.0547003336251,1338,2.9643218088895082,114676,114676,0,audited committed SRT presentation and batch ledger
srt_h4096,11,17964,17964,0,49.55221218243241,368.6069125160575,1438,3.1213882826268673,132640,132640,0,audited committed SRT presentation and batch ledger
srt_h4096,12,18228,18228,0,50.59197613969445,419.19888865575194,1554,3.297756649553776,150868,150868,0,audited committed SRT presentation and batch ledger
srt_h4096,13,18428,18428,0,50.71743688173592,469.91632553748786,1681,3.756133383139968,169296,169296,0,audited committed SRT presentation and batch ledger
srt_h4096,14,18488,18488,0,52.66826939582825,522.5845949333161,1813,4.001286031678319,187784,187784,0,audited committed SRT presentation and batch ledger
srt_h4096,15,18244,18244,0,49.7668473739177,572.3514423072338,1929,4.2111734841018915,206028,206028,0,audited committed SRT presentation and batch ledger
srt_h4096,16,18500,18500,0,52.49254511669278,624.8439874239266,2062,4.42293475009501,224528,224528,0,audited committed SRT presentation and batch ledger
srt_h4096,17,18376,18376,0,50.91310687176883,675.7570942956954,2188,4.8687758427113295,242904,242904,0,audited committed SRT presentation and batch ledger
srt_h4096,18,18076,18076,0,51.10970493964851,726.8667992353439,2294,4.909489685669541,260980,260980,0,audited committed SRT presentation and batch ledger
srt_h4096,19,18116,18116,0,50.48750133626163,777.3543005716056,2403,5.111040376126766,279096,279096,0,audited committed SRT presentation and batch ledger
srt_h4096,20,18008,18008,0,50.466262022033334,827.8205625936389,2504,5.497423719614744,297104,297104,0,audited committed SRT presentation and batch ledger
srt_h4096,21,18700,18700,0,52.11834577657282,879.9389083702117,2648,5.704819383099675,315804,315804,0,audited committed SRT presentation and batch ledger
srt_h4096,22,18304,18304,0,51.08260685019195,931.0215152204037,2768,5.918362695723772,334108,334108,0,audited committed SRT presentation and batch ledger
srt_h4096,23,18256,18256,0,50.62219994328916,981.6437151636928,2885,6.225687548518181,352364,352364,0,audited committed SRT presentation and batch ledger
srt_h4096,24,17760,17760,0,49.60071434639394,1031.2444295100868,2971,6.4940155148506165,370124,370124,0,audited committed SRT presentation and batch ledger
srt_h4096,25,17420,17420,0,49.33270204626024,1080.577131556347,3036,6.539577960968018,387544,387544,0,audited committed SRT presentation and batch ledger
srt_h4096,26,18356,18356,0,52.73638659156859,1133.3135181479156,3159,6.595184024423361,405900,405900,0,audited committed SRT presentation and batch ledger
srt_h4096,27,18184,18184,0,51.66016698256135,1184.973685130477,3272,6.985022829845548,424084,424084,0,audited committed SRT presentation and batch ledger
srt_h4096,28,18000,18000,0,50.75390188023448,1235.7275870107114,3374,7.617126764729619,442084,442084,0,audited committed SRT presentation and batch ledger
srt_h4096,29,18208,18208,0,52.74476467259228,1288.4723516833037,3488,7.892697546631098,460292,460292,0,audited committed SRT presentation and batch ledger
srt_h4096,30,19808,19808,0,55.38623066805303,1343.8585823513567,3702,8.23458831012249,480100,480100,0,audited committed SRT presentation and batch ledger
srt_h4096,31,18216,18216,0,52.35689719952643,1396.2154795508832,3816,8.59438270330429,498316,498316,0,audited committed SRT presentation and batch ledger
srt_h4096,32,18016,18016,0,52.56875624880195,1448.7842357996851,3919,8.8048255443573,516332,516332,0,audited committed SRT presentation and batch ledger
srt_h4096,33,18156,18156,0,51.45160233601928,1500.2358381357044,4030,9.013313218951225,534488,534488,0,audited committed SRT presentation and batch ledger
srt_h4096,34,17512,17512,0,50.66877386905253,1550.904612004757,4100,9.054463602602482,552000,552000,0,audited committed SRT presentation and batch ledger
srt_h4096,35,18636,18636,0,53.66304142586887,1604.5676534306258,4241,9.670703139156103,570636,570636,0,audited committed SRT presentation and batch ledger
srt_h4096,36,18860,18860,0,53.902466053143144,1658.470119483769,4395,9.692687720060349,589496,589496,0,audited committed SRT presentation and batch ledger
srt_h4096,37,18912,18912,0,53.47642022930086,1711.9465397130698,4552,9.960199486464262,608408,608408,0,audited committed SRT presentation and batch ledger
srt_h4096,38,18684,18684,0,55.46016949042678,1767.4067092034966,4695,10.291615480557084,627092,627092,0,audited committed SRT presentation and batch ledger
srt_h4096,39,18220,18220,0,55.164750745519996,1822.5714599490166,4809,10.622935364022851,645312,645312,0,audited committed SRT presentation and batch ledger
srt_h4096,40,18600,18600,0,52.21606966853142,1874.787529617548,4947,11.113061713054776,663912,663912,0,audited committed SRT presentation and batch ledger
srt_h4096,41,17572,17572,0,50.90569385513663,1925.6932234726846,5021,11.248624995350838,681484,681484,0,audited committed SRT presentation and batch ledger
srt_h4096,42,18576,18576,0,53.70345427468419,1979.3966777473688,5157,11.694893071427941,700060,700060,0,audited committed SRT presentation and batch ledger
srt_h4096,43,17912,17912,0,53.41281398572028,2032.809491733089,5253,11.906941495835781,717972,717972,0,audited committed SRT presentation and batch ledger
srt_h4096,44,17556,17556,0,50.997117690742016,2083.806609423831,5326,12.002036806195974,735528,735528,0,audited committed SRT presentation and batch ledger
srt_h4096,45,18072,18072,0,54.4617885556072,2138.2683979794383,5431,12.212699519470334,753600,753600,0,audited committed SRT presentation and batch ledger
srt_h4096,46,18420,18420,0,53.62383485212922,2191.8922328315675,5558,12.683603314682841,772020,772020,0,audited committed SRT presentation and batch ledger
srt_h4096,47,18188,18188,0,52.95592260360718,2244.8481554351747,5671,12.993638265877962,790208,790208,0,audited committed SRT presentation and batch ledger
srt_h4096,48,18216,18216,0,54.532934388145804,2299.3810898233205,5786,13.21351121738553,808424,808424,0,audited committed SRT presentation and batch ledger
srt_h4096,49,18056,18056,0,53.88226821832359,2353.263358041644,5890,13.426889663562179,826480,826480,0,audited committed SRT presentation and batch ledger
srt_h4096,50,18160,18160,0,53.39155186340213,2406.654909905046,6000,13.641733020544052,844640,844640,0,audited committed SRT presentation and batch ledger
uniform_h4096,1,1900,1900,0,5.101318560540676,5.101318560540676,118,0.4742278400808573,1900,1900,0,audited committed SRT presentation and batch ledger
uniform_h4096,2,3956,3956,0,10.85054693557322,15.951865496113896,248,0.6825454663485289,5856,5856,0,audited committed SRT presentation and batch ledger
uniform_h4096,3,6300,6300,0,17.805490490049124,33.75735598616302,394,0.9838839806616306,12156,12156,0,audited committed SRT presentation and batch ledger
uniform_h4096,4,9116,9116,0,25.78294115141034,59.54029713757336,570,1.4049770347774029,21272,21272,0,audited committed SRT presentation and batch ledger
uniform_h4096,5,11180,11180,0,30.328025633469224,89.86832277104259,698,1.6496718768030405,32452,32452,0,audited committed SRT presentation and batch ledger
uniform_h4096,6,13108,13108,0,37.70936654135585,127.57768931239843,818,2.0459605008363724,45560,45560,0,audited committed SRT presentation and batch ledger
uniform_h4096,7,14952,14952,0,42.48672543466091,170.06441474705935,933,2.372024353593588,60512,60512,0,audited committed SRT presentation and batch ledger
uniform_h4096,8,17092,17092,0,47.95600360259414,218.02041834965348,1066,2.6742464806884527,77604,77604,0,audited committed SRT presentation and batch ledger
uniform_h4096,9,18500,18500,0,53.47747736610472,271.4978957157582,1200,2.9367560651153326,96104,96104,0,audited committed SRT presentation and batch ledger
uniform_h4096,10,18572,18572,0,52.813790291547775,324.311686007306,1338,3.10733599960804,114676,114676,0,audited committed SRT presentation and batch ledger
uniform_h4096,11,17964,17964,0,49.69863555021584,374.0103215575218,1438,3.3076348453760147,132640,132640,0,audited committed SRT presentation and batch ledger
uniform_h4096,12,18228,18228,0,51.55193245597184,425.56225401349366,1554,3.622456129640341,150868,150868,0,audited committed SRT presentation and batch ledger
uniform_h4096,13,18428,18428,0,50.99069190770388,476.55294592119753,1681,3.7811144702136517,169296,169296,0,audited committed SRT presentation and batch ledger
uniform_h4096,14,18488,18488,0,55.04996125586331,531.6029071770608,1813,4.1634927447885275,187784,187784,0,audited committed SRT presentation and batch ledger
uniform_h4096,15,18244,18244,0,50.24145625717938,581.8443634342402,1929,4.6280079539865255,206028,206028,0,audited committed SRT presentation and batch ledger
uniform_h4096,16,18500,18500,0,55.70921844430268,637.5535818785429,2062,4.7016660887748,224528,224528,0,audited committed SRT presentation and batch ledger
uniform_h4096,17,18376,18376,0,53.86623901128769,691.4198208898306,2188,5.217304736375809,242904,242904,0,audited committed SRT presentation and batch ledger
uniform_h4096,18,18076,18076,0,51.275648199021816,742.6954690888524,2294,5.13067133538425,260980,260980,0,audited committed SRT presentation and batch ledger
uniform_h4096,19,18116,18116,0,51.72050799429417,794.4159770831466,2403,5.752418722957373,279096,279096,0,audited committed SRT presentation and batch ledger
uniform_h4096,20,18008,18008,0,50.83648953400552,845.2524666171521,2504,5.878341091796756,297104,297104,0,audited committed SRT presentation and batch ledger
uniform_h4096,21,18700,18700,0,54.085816556587815,899.3382831737399,2648,6.058236548677087,315804,315804,0,audited committed SRT presentation and batch ledger
uniform_h4096,22,18304,18304,0,51.81543776765466,951.1537209413946,2768,6.543716287240386,334108,334108,0,audited committed SRT presentation and batch ledger
uniform_h4096,23,18256,18256,0,54.11653724312782,1005.2702581845224,2885,6.4645775724202394,352364,352364,0,audited committed SRT presentation and batch ledger
uniform_h4096,24,17760,17760,0,50.94274495355785,1056.2130031380802,2971,7.048602240160108,370124,370124,0,audited committed SRT presentation and batch ledger
uniform_h4096,25,17420,17420,0,51.07990234903991,1107.2929054871202,3036,6.914569778367877,387544,387544,0,audited committed SRT presentation and batch ledger
uniform_h4096,26,18356,18356,0,52.273002257570624,1159.5659077446908,3159,7.038817843422294,405900,405900,0,audited committed SRT presentation and batch ledger
uniform_h4096,27,18184,18184,0,51.754953334107995,1211.3208610787988,3272,7.28461929038167,424084,424084,0,audited committed SRT presentation and batch ledger
uniform_h4096,28,18000,18000,0,50.52350028604269,1261.8443613648415,3374,7.725297313183546,442084,442084,0,audited committed SRT presentation and batch ledger
uniform_h4096,29,18208,18208,0,51.984484024345875,1313.8288453891873,3488,8.494140593335032,460292,460292,0,audited committed SRT presentation and batch ledger
uniform_h4096,30,19808,19808,0,55.66728063300252,1369.4961260221899,3702,9.1180291287601,480100,480100,0,audited committed SRT presentation and batch ledger
uniform_h4096,31,18216,18216,0,51.7804939635098,1421.2766199856997,3816,9.217092843726277,498316,498316,0,audited committed SRT presentation and batch ledger
uniform_h4096,32,18016,18016,0,52.1808109190315,1473.4574309047312,3919,9.567754432559013,516332,516332,0,audited committed SRT presentation and batch ledger
uniform_h4096,33,18156,18156,0,52.807317081838846,1526.26474798657,4030,9.911238428205252,534488,534488,0,audited committed SRT presentation and batch ledger
uniform_h4096,34,17512,17512,0,51.58216171711683,1577.8469097036868,4100,9.791341437026858,552000,552000,0,audited committed SRT presentation and batch ledger
uniform_h4096,35,18636,18636,0,52.897971296682954,1630.7448810003698,4241,10.47507001273334,570636,570636,0,audited committed SRT presentation and batch ledger
uniform_h4096,36,18860,18860,0,53.17782110720873,1683.9227021075785,4395,10.46034100651741,589496,589496,0,audited committed SRT presentation and batch ledger
uniform_h4096,37,18912,18912,0,53.04034001938999,1736.9630421269685,4552,10.543077444657683,608408,608408,0,audited committed SRT presentation and batch ledger
uniform_h4096,38,18684,18684,0,53.8796949274838,1790.8427370544523,4695,10.776397693902254,627092,627092,0,audited committed SRT presentation and batch ledger
uniform_h4096,39,18220,18220,0,55.80323954299092,1846.6459765974432,4809,11.26445946097374,645312,645312,0,audited committed SRT presentation and batch ledger
uniform_h4096,40,18600,18600,0,53.526618694886565,1900.1725952923298,4947,11.483986282721162,663912,663912,0,audited committed SRT presentation and batch ledger
uniform_h4096,41,17572,17572,0,50.60464250296354,1950.7772377952933,5021,11.73907065950334,681484,681484,0,audited committed SRT presentation and batch ledger
uniform_h4096,42,18576,18576,0,52.73471225053072,2003.511950045824,5157,12.101745640859008,700060,700060,0,audited committed SRT presentation and batch ledger
uniform_h4096,43,17912,17912,0,53.45490762963891,2056.966857675463,5253,12.268225625157356,717972,717972,0,audited committed SRT presentation and batch ledger
uniform_h4096,44,17556,17556,0,50.17727140150964,2107.1441290769726,5326,12.70143972709775,735528,735528,0,audited committed SRT presentation and batch ledger
uniform_h4096,45,18072,18072,0,53.932072047144175,2161.076201124117,5431,13.722240706905723,753600,753600,0,audited committed SRT presentation and batch ledger
uniform_h4096,46,18420,18420,0,55.91748708114028,2216.993688205257,5558,14.00470638461411,772020,772020,0,audited committed SRT presentation and batch ledger
uniform_h4096,47,18188,18188,0,51.973109893500805,2268.966798098758,5671,14.111109543591738,790208,790208,0,audited committed SRT presentation and batch ledger
uniform_h4096,48,18216,18216,0,52.76348314061761,2321.7302812393755,5786,14.238586543127894,808424,808424,0,audited committed SRT presentation and batch ledger
uniform_h4096,49,18056,18056,0,53.63400431908667,2375.364285558462,5890,14.19073454849422,826480,826480,0,audited committed SRT presentation and batch ledger
uniform_h4096,50,18160,18160,0,52.139044132083654,2427.503329690546,6000,14.05237996764481,844640,844640,0,audited committed SRT presentation and batch ledger
srt_h4096_standard_rho80_unit8,1,1900,1900,0,9.581340998411179,9.581340998411179,118,0.5505904164165258,1900,1900,0,audited committed SRT presentation and batch ledger
srt_h4096_standard_rho80_unit8,2,3956,3956,0,13.787601767107844,23.368942765519023,248,0.7901755422353745,5856,5856,0,audited committed SRT presentation and batch ledger
srt_h4096_standard_rho80_unit8,3,6300,6300,0,21.522173112258315,44.89111587777734,394,1.12985435500741,12156,12156,0,audited committed SRT presentation and batch ledger
srt_h4096_standard_rho80_unit8,4,9116,9116,0,31.689616978168488,76.58073285594583,570,1.6281818971037865,21272,21272,0,audited committed SRT presentation and batch ledger
srt_h4096_standard_rho80_unit8,5,11180,11180,0,41.23942003026605,117.82015288621187,698,1.66078176535666,32452,32452,0,audited committed SRT presentation and batch ledger
srt_h4096_standard_rho80_unit8,6,13108,13108,0,54.51257338933647,172.33272627554834,818,2.044008143246174,45560,45560,0,audited committed SRT presentation and batch ledger
srt_h4096_standard_rho80_unit8,7,14952,14952,0,75.70038590207696,248.0331121776253,933,2.2503201104700565,60512,60512,0,audited committed SRT presentation and batch ledger
srt_h4096_standard_rho80_unit8,8,17092,17092,0,91.4218844436109,339.4549966212362,1066,2.6692124865949154,77604,77604,0,audited committed SRT presentation and batch ledger
srt_h4096_standard_rho80_unit8,9,18500,18500,0,112.72871676832438,452.1837133895606,1200,2.817626029253006,96104,96104,0,audited committed SRT presentation and batch ledger
srt_h4096_standard_rho80_unit8,10,18572,18572,0,113.09599076211452,565.2797041516751,1338,3.189882142469287,114676,114676,0,audited committed SRT presentation and batch ledger
srt_h4096_standard_rho80_unit8,11,17964,17964,0,124.49726121686399,689.7769653685391,1438,3.309478722512722,132640,132640,0,audited committed SRT presentation and batch ledger
srt_h4096_standard_rho80_unit8,12,18228,18228,0,117.51719055883586,807.294155927375,1554,3.7473807875066996,150868,150868,0,audited committed SRT presentation and batch ledger
srt_h4096_standard_rho80_unit8,13,18428,18428,0,118.90634281374514,926.2004987411201,1681,3.810668222606182,169296,169296,0,audited committed SRT presentation and batch ledger
srt_h4096_standard_rho80_unit8,14,18488,18488,0,114.19124231114984,1040.39174105227,1813,4.133853081613779,187784,187784,0,audited committed SRT presentation and batch ledger
srt_h4096_standard_rho80_unit8,15,18244,18244,0,114.91406552866101,1155.305806580931,1929,4.352534972131252,206028,206028,0,audited committed SRT presentation and batch ledger
srt_h4096_standard_rho80_unit8,16,18500,18500,0,118.5218896009028,1273.8276961818337,2062,4.8875726237893105,224528,224528,0,audited committed SRT presentation and batch ledger
srt_h4096_standard_rho80_unit8,17,18376,18376,0,96.61353432573378,1370.4412305075675,2188,5.056331362575293,242904,242904,0,audited committed SRT presentation and batch ledger
srt_h4096_standard_rho80_unit8,18,18076,18076,0,101.65360447019339,1472.094834977761,2294,5.213656209409237,260980,260980,0,audited committed SRT presentation and batch ledger
srt_h4096_standard_rho80_unit8,19,18116,18116,0,101.02691553533077,1573.1217505130917,2403,5.4470805283635855,279096,279096,0,audited committed SRT presentation and batch ledger
srt_h4096_standard_rho80_unit8,20,18008,18008,0,94.63014909252524,1667.751899605617,2504,5.710454802960157,297104,297104,0,audited committed SRT presentation and batch ledger
srt_h4096_standard_rho80_unit8,21,18700,18700,0,85.28513631783426,1753.0370359234512,2648,6.13091840967536,315804,315804,0,audited committed SRT presentation and batch ledger
srt_h4096_standard_rho80_unit8,22,18304,18304,0,78.1655303183943,1831.2025662418455,2768,6.179185474291444,334108,334108,0,audited committed SRT presentation and batch ledger
srt_h4096_standard_rho80_unit8,23,18256,18256,0,72.21543281339109,1903.4179990552366,2885,6.661114625632763,352364,352364,0,audited committed SRT presentation and batch ledger
srt_h4096_standard_rho80_unit8,24,17760,17760,0,76.83404791913927,1980.2520469743758,2971,6.555100047960877,370124,370124,0,audited committed SRT presentation and batch ledger
srt_h4096_standard_rho80_unit8,25,17420,17420,0,82.92616769298911,2063.178214667365,3036,6.7060950715094805,387544,387544,0,audited committed SRT presentation and batch ledger
srt_h4096_standard_rho80_unit8,26,18356,18356,0,79.44371743686497,2142.62193210423,3159,7.252953145653009,405900,405900,0,audited committed SRT presentation and batch ledger
srt_h4096_standard_rho80_unit8,27,18184,18184,0,77.59384833462536,2220.2157804388553,3272,7.20915656350553,424084,424084,0,audited committed SRT presentation and batch ledger
srt_h4096_standard_rho80_unit8,28,18000,18000,0,77.79372076876462,2298.00950120762,3374,7.7614006996154785,442084,442084,0,audited committed SRT presentation and batch ledger
srt_h4096_standard_rho80_unit8,29,18208,18208,0,71.58852247335017,2369.59802368097,3488,8.123305873945355,460292,460292,0,audited committed SRT presentation and batch ledger
srt_h4096_standard_rho80_unit8,30,19808,19808,0,68.35367074608803,2437.951694427058,3702,8.905431037768722,480100,480100,0,audited committed SRT presentation and batch ledger
srt_h4096_standard_rho80_unit8,31,18216,18216,0,67.29657850787044,2505.2482729349285,3816,8.949707482010126,498316,498316,0,audited committed SRT presentation and batch ledger
srt_h4096_standard_rho80_unit8,32,18016,18016,0,62.17335135303438,2567.421624287963,3919,9.163229282945395,516332,516332,0,audited committed SRT presentation and batch ledger
srt_h4096_standard_rho80_unit8,33,18156,18156,0,65.44991868920624,2632.871542977169,4030,9.654957789927721,534488,534488,0,audited committed SRT presentation and batch ledger
srt_h4096_standard_rho80_unit8,34,17512,17512,0,67.39841353334486,2700.269956510514,4100,9.316462732851505,552000,552000,0,audited committed SRT presentation and batch ledger
srt_h4096_standard_rho80_unit8,35,18636,18636,0,65.51017059013247,2765.7801271006465,4241,9.988553231582046,570636,570636,0,audited committed SRT presentation and batch ledger
srt_h4096_standard_rho80_unit8,36,18860,18860,0,65.44442447833717,2831.2245515789837,4395,10.025778559967875,589496,589496,0,audited committed SRT presentation and batch ledger
srt_h4096_standard_rho80_unit8,37,18912,18912,0,62.69300493225455,2893.917556511238,4552,10.623689774423838,608408,608408,0,audited committed SRT presentation and batch ledger
srt_h4096_standard_rho80_unit8,38,18684,18684,0,59.170006573200226,2953.0875630844384,4695,11.221424411982298,627092,627092,0,audited committed SRT presentation and batch ledger
srt_h4096_standard_rho80_unit8,39,18220,18220,0,60.179893121123314,3013.2674562055618,4809,11.320632252842188,645312,645312,0,audited committed SRT presentation and batch ledger
srt_h4096_standard_rho80_unit8,40,18600,18600,0,58.12197000160813,3071.38942620717,4947,12.04910808429122,663912,663912,0,audited committed SRT presentation and batch ledger
srt_h4096_standard_rho80_unit8,41,17572,17572,0,55.06756509654224,3126.456991303712,5021,12.274566056206822,681484,681484,0,audited committed SRT presentation and batch ledger
srt_h4096_standard_rho80_unit8,42,18576,18576,0,57.23545052856207,3183.692441832274,5157,12.69985419139266,700060,700060,0,audited committed SRT presentation and batch ledger
srt_h4096_standard_rho80_unit8,43,17912,17912,0,55.90208447165787,3239.594526303932,5253,12.951484553515911,717972,717972,0,audited committed SRT presentation and batch ledger
srt_h4096_standard_rho80_unit8,44,17556,17556,0,54.72107697837055,3294.3156032823026,5326,12.746756015345454,735528,735528,0,audited committed SRT presentation and batch ledger
srt_h4096_standard_rho80_unit8,45,18072,18072,0,55.35431761294603,3349.6699208952487,5431,13.289185335859656,753600,753600,0,audited committed SRT presentation and batch ledger
srt_h4096_standard_rho80_unit8,46,18420,18420,0,55.67416535131633,3405.344086246565,5558,13.504736453294754,772020,772020,0,audited committed SRT presentation and batch ledger
srt_h4096_standard_rho80_unit8,47,18188,18188,0,55.07868233323097,3460.422768579796,5671,13.700028507038951,790208,790208,0,audited committed SRT presentation and batch ledger
srt_h4096_standard_rho80_unit8,48,18216,18216,0,54.757922522723675,3515.1806911025196,5786,14.186447456479073,808424,808424,0,audited committed SRT presentation and batch ledger
srt_h4096_standard_rho80_unit8,49,18056,18056,0,54.94826151803136,3570.128952620551,5890,14.56366110406816,826480,826480,0,audited committed SRT presentation and batch ledger
srt_h4096_standard_rho80_unit8,50,18160,18160,0,54.705987548455596,3624.8349401690066,6000,14.617581965401769,844640,844640,0,audited committed SRT presentation and batch ledger
uniform_h4096_standard_rho80_unit8,1,1900,1900,0,7.633680611848831,7.633680611848831,118,0.49099367298185825,1900,1900,0,audited committed SRT presentation and batch ledger
uniform_h4096_standard_rho80_unit8,2,3956,3956,0,14.015927210450172,21.649607822299004,248,0.77724221162498,5856,5856,0,audited committed SRT presentation and batch ledger
uniform_h4096_standard_rho80_unit8,3,6300,6300,0,20.718106808140874,42.36771463043988,394,1.0672097690403461,12156,12156,0,audited committed SRT presentation and batch ledger
uniform_h4096_standard_rho80_unit8,4,9116,9116,0,31.92397483251989,74.29168946295977,570,1.5004689767956734,21272,21272,0,audited committed SRT presentation and batch ledger
uniform_h4096_standard_rho80_unit8,5,11180,11180,0,43.45684767141938,117.74853713437915,698,1.7730654664337635,32452,32452,0,audited committed SRT presentation and batch ledger
uniform_h4096_standard_rho80_unit8,6,13108,13108,0,61.17740488238633,178.92594201676548,818,1.9613455794751644,45560,45560,0,audited committed SRT presentation and batch ledger
uniform_h4096_standard_rho80_unit8,7,14952,14952,0,79.2736304346472,258.1995724514127,933,2.3725995998829603,60512,60512,0,audited committed SRT presentation and batch ledger
uniform_h4096_standard_rho80_unit8,8,17092,17092,0,100.70177512988448,358.90134758129716,1066,2.5034817960113287,77604,77604,0,audited committed SRT presentation and batch ledger
uniform_h4096_standard_rho80_unit8,9,18500,18500,0,122.16212049499154,481.0634680762887,1200,2.7368351109325886,96104,96104,0,audited committed SRT presentation and batch ledger
uniform_h4096_standard_rho80_unit8,10,18572,18572,0,115.6730029899627,596.7364710662514,1338,3.0585783272981644,114676,114676,0,audited committed SRT presentation and batch ledger
uniform_h4096_standard_rho80_unit8,11,17964,17964,0,120.80499122291803,717.5414622891694,1438,3.263882363215089,132640,132640,0,audited committed SRT presentation and batch ledger
uniform_h4096_standard_rho80_unit8,12,18228,18228,0,126.22034633345902,843.7618086226285,1554,3.7144371923059225,150868,150868,0,audited committed SRT presentation and batch ledger
uniform_h4096_standard_rho80_unit8,13,18428,18428,0,120.99529579095542,964.7571044135839,1681,3.759888883680105,169296,169296,0,audited committed SRT presentation and batch ledger
uniform_h4096_standard_rho80_unit8,14,18488,18488,0,119.83483747206628,1084.5919418856502,1813,4.16245474293828,187784,187784,0,audited committed SRT presentation and batch ledger
uniform_h4096_standard_rho80_unit8,15,18244,18244,0,114.97092144005,1199.5628633257002,1929,4.707453513517976,206028,206028,0,audited committed SRT presentation and batch ledger
uniform_h4096_standard_rho80_unit8,16,18500,18500,0,119.0397577509284,1318.6026210766286,2062,4.969010753557086,224528,224528,0,audited committed SRT presentation and batch ledger
uniform_h4096_standard_rho80_unit8,17,18376,18376,0,101.06138671934605,1419.6640077959746,2188,4.998687857761979,242904,242904,0,audited committed SRT presentation and batch ledger
uniform_h4096_standard_rho80_unit8,18,18076,18076,0,110.55628428608179,1530.2202920820564,2294,5.161883872002363,260980,260980,0,audited committed SRT presentation and batch ledger
uniform_h4096_standard_rho80_unit8,19,18116,18116,0,112.970608798787,1643.1909008808434,2403,5.458015764132142,279096,279096,0,audited committed SRT presentation and batch ledger
uniform_h4096_standard_rho80_unit8,20,18008,18008,0,105.27560944855213,1748.4665103293955,2504,5.6408102214336395,297104,297104,0,audited committed SRT presentation and batch ledger
uniform_h4096_standard_rho80_unit8,21,18700,18700,0,94.68025127239525,1843.1467616017908,2648,5.929666066542268,315804,315804,0,audited committed SRT presentation and batch ledger
uniform_h4096_standard_rho80_unit8,22,18304,18304,0,89.98894759640098,1933.1357091981918,2768,6.084037227556109,334108,334108,0,audited committed SRT presentation and batch ledger
uniform_h4096_standard_rho80_unit8,23,18256,18256,0,76.09061441011727,2009.226323608309,2885,6.2629690151661634,352364,352364,0,audited committed SRT presentation and batch ledger
uniform_h4096_standard_rho80_unit8,24,17760,17760,0,77.81712703220546,2087.0434506405145,2971,6.651034215465188,370124,370124,0,audited committed SRT presentation and batch ledger
uniform_h4096_standard_rho80_unit8,25,17420,17420,0,85.21521812677383,2172.2586687672883,3036,6.706712581217289,387544,387544,0,audited committed SRT presentation and batch ledger
uniform_h4096_standard_rho80_unit8,26,18356,18356,0,78.98914055153728,2251.2478093188256,3159,6.886177707463503,405900,405900,0,audited committed SRT presentation and batch ledger
uniform_h4096_standard_rho80_unit8,27,18184,18184,0,78.39469112455845,2329.642500443384,3272,7.195025462657213,424084,424084,0,audited committed SRT presentation and batch ledger
uniform_h4096_standard_rho80_unit8,28,18000,18000,0,81.49337754398584,2411.13587798737,3374,8.057628253474832,442084,442084,0,audited committed SRT presentation and batch ledger
uniform_h4096_standard_rho80_unit8,29,18208,18208,0,81.98957577720284,2493.1254537645727,3488,8.094833128154278,460292,460292,0,audited committed SRT presentation and batch ledger
uniform_h4096_standard_rho80_unit8,30,19808,19808,0,70.41372367180884,2563.5391774363816,3702,8.766479076817632,480100,480100,0,audited committed SRT presentation and batch ledger
uniform_h4096_standard_rho80_unit8,31,18216,18216,0,70.07980344630778,2633.6189808826894,3816,9.003591019660234,498316,498316,0,audited committed SRT presentation and batch ledger
uniform_h4096_standard_rho80_unit8,32,18016,18016,0,67.97547964006662,2701.594460522756,3919,9.142295651137829,516332,516332,0,audited committed SRT presentation and batch ledger
uniform_h4096_standard_rho80_unit8,33,18156,18156,0,66.58768084459007,2768.182141367346,4030,9.468298440799117,534488,534488,0,audited committed SRT presentation and batch ledger
uniform_h4096_standard_rho80_unit8,34,17512,17512,0,70.86399727500975,2839.046138642356,4100,9.444372162222862,552000,552000,0,audited committed SRT presentation and batch ledger
uniform_h4096_standard_rho80_unit8,35,18636,18636,0,66.80358901806176,2905.8497276604176,4241,9.958869349211454,570636,570636,0,audited committed SRT presentation and batch ledger
uniform_h4096_standard_rho80_unit8,36,18860,18860,0,66.03122523985803,2971.8809529002756,4395,10.454859858378768,589496,589496,0,audited committed SRT presentation and batch ledger
uniform_h4096_standard_rho80_unit8,37,18912,18912,0,62.556031469255686,3034.4369843695313,4552,10.578757828101516,608408,608408,0,audited committed SRT presentation and batch ledger
uniform_h4096_standard_rho80_unit8,38,18684,18684,0,60.12363191321492,3094.560616282746,4695,10.647662648931146,627092,627092,0,audited committed SRT presentation and batch ledger
uniform_h4096_standard_rho80_unit8,39,18220,18220,0,60.832314817234874,3155.392931099981,4809,11.040465500205755,645312,645312,0,audited committed SRT presentation and batch ledger
uniform_h4096_standard_rho80_unit8,40,18600,18600,0,58.35759464837611,3213.750525748357,4947,12.109640412032604,663912,663912,0,audited committed SRT presentation and batch ledger
uniform_h4096_standard_rho80_unit8,41,17572,17572,0,56.09337634406984,3269.843902092427,5021,12.113895630463958,681484,681484,0,audited committed SRT presentation and batch ledger
uniform_h4096_standard_rho80_unit8,42,18576,18576,0,58.02141868509352,3327.8653207775205,5157,12.041342241689563,700060,700060,0,audited committed SRT presentation and batch ledger
uniform_h4096_standard_rho80_unit8,43,17912,17912,0,55.28920508734882,3383.1545258648694,5253,12.172294188290834,717972,717972,0,audited committed SRT presentation and batch ledger
uniform_h4096_standard_rho80_unit8,44,17556,17556,0,54.88886676542461,3438.043392630294,5326,13.035002725198865,735528,735528,0,audited committed SRT presentation and batch ledger
uniform_h4096_standard_rho80_unit8,45,18072,18072,0,56.37162368558347,3494.4150163158774,5431,13.423136975616217,753600,753600,0,audited committed SRT presentation and batch ledger
uniform_h4096_standard_rho80_unit8,46,18420,18420,0,55.04254027456045,3549.457556590438,5558,13.406608602032065,772020,772020,0,audited committed SRT presentation and batch ledger
uniform_h4096_standard_rho80_unit8,47,18188,18188,0,54.53916357643902,3603.996720166877,5671,14.011392233893275,790208,790208,0,audited committed SRT presentation and batch ledger
uniform_h4096_standard_rho80_unit8,48,18216,18216,0,53.14213392324746,3657.1388540901244,5786,14.117226764559746,808424,808424,0,audited committed SRT presentation and batch ledger
uniform_h4096_standard_rho80_unit8,49,18056,18056,0,54.290985682979226,3711.4298397731036,5890,14.399908348917961,826480,826480,0,audited committed SRT presentation and batch ledger
uniform_h4096_standard_rho80_unit8,50,18160,18160,0,54.57305525057018,3766.002895023674,6000,14.75394581258297,844640,844640,0,audited committed SRT presentation and batch ledger
srt_h4096_strict_rho80_unit8,1,1900,1900,0,6.071895943954587,6.071895943954587,118,0.4805348254740238,1900,1900,0,audited committed SRT presentation and batch ledger
srt_h4096_strict_rho80_unit8,2,3956,3956,0,13.237037640064955,19.30893358401954,248,0.7663641460239887,5856,5856,0,audited committed SRT presentation and batch ledger
srt_h4096_strict_rho80_unit8,3,6300,6300,0,19.14807590842247,38.45700949244201,394,0.9842347409576178,12156,12156,0,audited committed SRT presentation and batch ledger
srt_h4096_strict_rho80_unit8,4,9116,9116,0,26.9314207136631,65.38843020610511,570,1.4937496315687895,21272,21272,0,audited committed SRT presentation and batch ledger
srt_h4096_strict_rho80_unit8,5,11180,11180,0,35.56031804718077,100.94874825328588,698,1.6446737367659807,32452,32452,0,audited committed SRT presentation and batch ledger
srt_h4096_strict_rho80_unit8,6,13108,13108,0,42.3142450992018,143.26299335248768,818,2.0075607374310493,45560,45560,0,audited committed SRT presentation and batch ledger
srt_h4096_strict_rho80_unit8,7,14952,14952,0,51.53138083778322,194.7943741902709,933,2.2262695133686066,60512,60512,0,audited committed SRT presentation and batch ledger
srt_h4096_strict_rho80_unit8,8,17092,17092,0,65.97825817018747,260.7726323604584,1066,2.480381039902568,77604,77604,0,audited committed SRT presentation and batch ledger
srt_h4096_strict_rho80_unit8,9,18500,18500,0,70.77676196023822,331.5493943206966,1200,2.755874576047063,96104,96104,0,audited committed SRT presentation and batch ledger
srt_h4096_strict_rho80_unit8,10,18572,18572,0,64.90560436062515,396.45499868132174,1338,3.035148248076439,114676,114676,0,audited committed SRT presentation and batch ledger
srt_h4096_strict_rho80_unit8,11,17964,17964,0,69.69108262658119,466.14608130790293,1438,3.297781052067876,132640,132640,0,audited committed SRT presentation and batch ledger
srt_h4096_strict_rho80_unit8,12,18228,18228,0,66.42725440487266,532.5733357127756,1554,3.524869415909052,150868,150868,0,audited committed SRT presentation and batch ledger
srt_h4096_strict_rho80_unit8,13,18428,18428,0,67.58977642841637,600.163112141192,1681,3.7567428555339575,169296,169296,0,audited committed SRT presentation and batch ledger
srt_h4096_strict_rho80_unit8,14,18488,18488,0,66.71146027557552,666.8745724167675,1813,4.07976290024817,187784,187784,0,audited committed SRT presentation and batch ledger
srt_h4096_strict_rho80_unit8,15,18244,18244,0,60.00339239090681,726.8779648076743,1929,4.366284431889653,206028,206028,0,audited committed SRT presentation and batch ledger
srt_h4096_strict_rho80_unit8,16,18500,18500,0,61.85897644050419,788.7369412481785,2062,4.549893647432327,224528,224528,0,audited committed SRT presentation and batch ledger
srt_h4096_strict_rho80_unit8,17,18376,18376,0,56.88976355828345,845.6267048064619,2188,4.833847146481276,242904,242904,0,audited committed SRT presentation and batch ledger
srt_h4096_strict_rho80_unit8,18,18076,18076,0,57.267005333676934,902.8937101401389,2294,5.048441058024764,260980,260980,0,audited committed SRT presentation and batch ledger
srt_h4096_strict_rho80_unit8,19,18116,18116,0,59.52329404652119,962.41700418666,2403,5.359026422724128,279096,279096,0,audited committed SRT presentation and batch ledger
srt_h4096_strict_rho80_unit8,20,18008,18008,0,57.362414229661226,1019.7794184163213,2504,5.559995919466019,297104,297104,0,audited committed SRT presentation and batch ledger
srt_h4096_strict_rho80_unit8,21,18700,18700,0,53.40843844041228,1073.1878568567336,2648,6.367861818522215,315804,315804,0,audited committed SRT presentation and batch ledger
srt_h4096_strict_rho80_unit8,22,18304,18304,0,53.65554352104664,1126.8434003777802,2768,6.462479135021567,334108,334108,0,audited committed SRT presentation and batch ledger
srt_h4096_strict_rho80_unit8,23,18256,18256,0,52.29488445818424,1179.1382848359644,2885,6.3934144508093596,352364,352364,0,audited committed SRT presentation and batch ledger
srt_h4096_strict_rho80_unit8,24,17760,17760,0,50.79424427449703,1229.9325291104615,2971,6.879325436428189,370124,370124,0,audited committed SRT presentation and batch ledger
srt_h4096_strict_rho80_unit8,25,17420,17420,0,51.25955330207944,1281.192082412541,3036,7.050868192687631,387544,387544,0,audited committed SRT presentation and batch ledger
srt_h4096_strict_rho80_unit8,26,18356,18356,0,52.418334901332855,1333.6104173138738,3159,7.27175092510879,405900,405900,0,audited committed SRT presentation and batch ledger
srt_h4096_strict_rho80_unit8,27,18184,18184,0,52.02478483505547,1385.6352021489292,3272,7.638498164713383,424084,424084,0,audited committed SRT presentation and batch ledger
srt_h4096_strict_rho80_unit8,28,18000,18000,0,51.236461794003844,1436.871663942933,3374,8.01475895382464,442084,442084,0,audited committed SRT presentation and batch ledger
srt_h4096_strict_rho80_unit8,29,18208,18208,0,51.704801961779594,1488.5764659047127,3488,8.504446567967534,460292,460292,0,audited committed SRT presentation and batch ledger
srt_h4096_strict_rho80_unit8,30,19808,19808,0,56.01003687828779,1544.5865027830005,3702,8.461313528940082,480100,480100,0,audited committed SRT presentation and batch ledger
srt_h4096_strict_rho80_unit8,31,18216,18216,0,50.74893027730286,1595.3354330603033,3816,9.13421618565917,498316,498316,0,audited committed SRT presentation and batch ledger
srt_h4096_strict_rho80_unit8,32,18016,18016,0,51.998258566483855,1647.3336916267872,3919,9.045867040753365,516332,516332,0,audited committed SRT presentation and batch ledger
srt_h4096_strict_rho80_unit8,33,18156,18156,0,51.83203485235572,1699.165726479143,4030,9.003036990761757,534488,534488,0,audited committed SRT presentation and batch ledger
srt_h4096_strict_rho80_unit8,34,17512,17512,0,49.65594947710633,1748.8216759562492,4100,9.349057141691446,552000,552000,0,audited committed SRT presentation and batch ledger
srt_h4096_strict_rho80_unit8,35,18636,18636,0,52.846298007294536,1801.6679739635438,4241,9.579127324745059,570636,570636,0,audited committed SRT presentation and batch ledger
srt_h4096_strict_rho80_unit8,36,18860,18860,0,53.45531976595521,1855.123293729499,4395,10.118763092905283,589496,589496,0,audited committed SRT presentation and batch ledger
srt_h4096_strict_rho80_unit8,37,18912,18912,0,53.95296145230532,1909.0762551818043,4552,10.306921994313598,608408,608408,0,audited committed SRT presentation and batch ledger
srt_h4096_strict_rho80_unit8,38,18684,18684,0,54.48143282160163,1963.557688003406,4695,10.45401786826551,627092,627092,0,audited committed SRT presentation and batch ledger
srt_h4096_strict_rho80_unit8,39,18220,18220,0,53.506388034671545,2017.0640760380775,4809,10.91233092918992,645312,645312,0,audited committed SRT presentation and batch ledger
srt_h4096_strict_rho80_unit8,40,18600,18600,0,52.7680982965976,2069.832174334675,4947,11.226537907496095,663912,663912,0,audited committed SRT presentation and batch ledger
srt_h4096_strict_rho80_unit8,41,17572,17572,0,51.18873684667051,2121.0209111813456,5021,11.419381074607372,681484,681484,0,audited committed SRT presentation and batch ledger
srt_h4096_strict_rho80_unit8,42,18576,18576,0,53.736643090844154,2174.7575542721897,5157,11.96552082337439,700060,700060,0,audited committed SRT presentation and batch ledger
srt_h4096_strict_rho80_unit8,43,17912,17912,0,52.45904137380421,2227.216595645994,5253,12.088149474933743,717972,717972,0,audited committed SRT presentation and batch ledger
srt_h4096_strict_rho80_unit8,44,17556,17556,0,51.00808558985591,2278.22468123585,5326,12.086005067452788,735528,735528,0,audited committed SRT presentation and batch ledger
srt_h4096_strict_rho80_unit8,45,18072,18072,0,52.74096636660397,2330.965647602454,5431,12.493941316381097,753600,753600,0,audited committed SRT presentation and batch ledger
srt_h4096_strict_rho80_unit8,46,18420,18420,0,55.67130334302783,2386.6369509454817,5558,13.43758892454207,772020,772020,0,audited committed SRT presentation and batch ledger
srt_h4096_strict_rho80_unit8,47,18188,18188,0,53.198242865502834,2439.8351938109845,5671,13.123148327693343,790208,790208,0,audited committed SRT presentation and batch ledger
srt_h4096_strict_rho80_unit8,48,18216,18216,0,53.22805324755609,2493.0632470585406,5786,13.374020487070084,808424,808424,0,audited committed SRT presentation and batch ledger
srt_h4096_strict_rho80_unit8,49,18056,18056,0,53.233445052057505,2546.296692110598,5890,13.412295868620276,826480,826480,0,audited committed SRT presentation and batch ledger
srt_h4096_strict_rho80_unit8,50,18160,18160,0,52.906271032989025,2599.202963143587,6000,13.829167963936925,844640,844640,0,audited committed SRT presentation and batch ledger
uniform_h4096_strict_rho80_unit8,1,1900,1900,0,6.430350078269839,6.430350078269839,118,0.4536088164895773,1900,1900,0,audited committed SRT presentation and batch ledger
uniform_h4096_strict_rho80_unit8,2,3956,3956,0,13.322179324924946,19.752529403194785,248,0.7323720194399357,5856,5856,0,audited committed SRT presentation and batch ledger
uniform_h4096_strict_rho80_unit8,3,6300,6300,0,18.608071440830827,38.36060084402561,394,1.005678778514266,12156,12156,0,audited committed SRT presentation and batch ledger
uniform_h4096_strict_rho80_unit8,4,9116,9116,0,26.4072194006294,64.76782024465501,570,1.4585549589246511,21272,21272,0,audited committed SRT presentation and batch ledger
uniform_h4096_strict_rho80_unit8,5,11180,11180,0,35.08733749203384,99.85515773668885,698,1.6237178705632687,32452,32452,0,audited committed SRT presentation and batch ledger
uniform_h4096_strict_rho80_unit8,6,13108,13108,0,44.06388097628951,143.91903871297836,818,1.9523461889475584,45560,45560,0,audited committed SRT presentation and batch ledger
uniform_h4096_strict_rho80_unit8,7,14952,14952,0,50.69931951537728,194.61835822835565,933,2.2409367617219687,60512,60512,0,audited committed SRT presentation and batch ledger
uniform_h4096_strict_rho80_unit8,8,17092,17092,0,65.70034721679986,260.3187054451555,1066,2.4668863117694855,77604,77604,0,audited committed SRT presentation and batch ledger
uniform_h4096_strict_rho80_unit8,9,18500,18500,0,73.62146770767868,333.9401731528342,1200,2.7724854685366154,96104,96104,0,audited committed SRT presentation and batch ledger
uniform_h4096_strict_rho80_unit8,10,18572,18572,0,66.4025418497622,400.3427150025964,1338,3.0116590298712254,114676,114676,0,audited committed SRT presentation and batch ledger
uniform_h4096_strict_rho80_unit8,11,17964,17964,0,67.8975136037916,468.240228606388,1438,3.2695816569030285,132640,132640,0,audited committed SRT presentation and batch ledger
uniform_h4096_strict_rho80_unit8,12,18228,18228,0,69.79870415106416,538.0389327574521,1554,3.487808605656028,150868,150868,0,audited committed SRT presentation and batch ledger
uniform_h4096_strict_rho80_unit8,13,18428,18428,0,69.35636934638023,607.3953021038324,1681,3.7989256996661425,169296,169296,0,audited committed SRT presentation and batch ledger
uniform_h4096_strict_rho80_unit8,14,18488,18488,0,67.1334315277636,674.528733631596,1813,4.127041760832071,187784,187784,0,audited committed SRT presentation and batch ledger
uniform_h4096_strict_rho80_unit8,15,18244,18244,0,62.6114904563874,737.1402240879834,1929,4.347024759277701,206028,206028,0,audited committed SRT presentation and batch ledger
uniform_h4096_strict_rho80_unit8,16,18500,18500,0,62.965608559548855,800.1058326475322,2062,4.701434215530753,224528,224528,0,audited committed SRT presentation and batch ledger
uniform_h4096_strict_rho80_unit8,17,18376,18376,0,58.426451893523335,858.5322845410556,2188,5.022158460691571,242904,242904,0,audited committed SRT presentation and batch ledger
uniform_h4096_strict_rho80_unit8,18,18076,18076,0,60.50975851714611,919.0420430582017,2294,4.987172689288855,260980,260980,0,audited committed SRT presentation and batch ledger
uniform_h4096_strict_rho80_unit8,19,18116,18116,0,59.16117953322828,978.20322259143,2403,5.37249119207263,279096,279096,0,audited committed SRT presentation and batch ledger
uniform_h4096_strict_rho80_unit8,20,18008,18008,0,56.42012234404683,1034.6233449354768,2504,5.5468391738832,297104,297104,0,audited committed SRT presentation and batch ledger
uniform_h4096_strict_rho80_unit8,21,18700,18700,0,56.578783486038446,1091.2021284215152,2648,6.172773549333215,315804,315804,0,audited committed SRT presentation and batch ledger
uniform_h4096_strict_rho80_unit8,22,18304,18304,0,52.57274780981243,1143.7748762313277,2768,6.216317251324654,334108,334108,0,audited committed SRT presentation and batch ledger
uniform_h4096_strict_rho80_unit8,23,18256,18256,0,52.08813391439617,1195.8630101457238,2885,6.734414042904973,352364,352364,0,audited committed SRT presentation and batch ledger
uniform_h4096_strict_rho80_unit8,24,17760,17760,0,51.40146947465837,1247.2644796203822,2971,6.885591518133879,370124,370124,0,audited committed SRT presentation and batch ledger
uniform_h4096_strict_rho80_unit8,25,17420,17420,0,49.47739444486797,1296.7418740652502,3036,6.9150295071303844,387544,387544,0,audited committed SRT presentation and batch ledger
uniform_h4096_strict_rho80_unit8,26,18356,18356,0,53.37755550816655,1350.1194295734167,3159,7.247105497866869,405900,405900,0,audited committed SRT presentation and batch ledger
uniform_h4096_strict_rho80_unit8,27,18184,18184,0,52.980514695867896,1403.0999442692846,3272,7.470041325315833,424084,424084,0,audited committed SRT presentation and batch ledger
uniform_h4096_strict_rho80_unit8,28,18000,18000,0,51.385431203991175,1454.4853754732758,3374,8.024300634860992,442084,442084,0,audited committed SRT presentation and batch ledger
uniform_h4096_strict_rho80_unit8,29,18208,18208,0,51.965041894465685,1506.4504173677415,3488,8.388772869482636,460292,460292,0,audited committed SRT presentation and batch ledger
uniform_h4096_strict_rho80_unit8,30,19808,19808,0,55.00113955326378,1561.4515569210052,3702,8.435280427336693,480100,480100,0,audited committed SRT presentation and batch ledger
uniform_h4096_strict_rho80_unit8,31,18216,18216,0,50.98961081169546,1612.4411677327007,3816,8.80696128681302,498316,498316,0,audited committed SRT presentation and batch ledger
uniform_h4096_strict_rho80_unit8,32,18016,18016,0,52.16483993828297,1664.6060076709837,3919,9.394980303943157,516332,516332,0,audited committed SRT presentation and batch ledger
uniform_h4096_strict_rho80_unit8,33,18156,18156,0,53.194005435332656,1717.8000131063163,4030,9.095136502757668,534488,534488,0,audited committed SRT presentation and batch ledger
uniform_h4096_strict_rho80_unit8,34,17512,17512,0,49.45416915230453,1767.2541822586209,4100,9.234435580670834,552000,552000,0,audited committed SRT presentation and batch ledger
uniform_h4096_strict_rho80_unit8,35,18636,18636,0,52.51158653385937,1819.7657687924802,4241,9.712443051859736,570636,570636,0,audited committed SRT presentation and batch ledger
uniform_h4096_strict_rho80_unit8,36,18860,18860,0,52.686855141073465,1872.4526239335537,4395,9.944892069324851,589496,589496,0,audited committed SRT presentation and batch ledger
uniform_h4096_strict_rho80_unit8,37,18912,18912,0,52.739102233201265,1925.191726166755,4552,10.748840669170022,608408,608408,0,audited committed SRT presentation and batch ledger
uniform_h4096_strict_rho80_unit8,38,18684,18684,0,54.06883980706334,1979.2605659738183,4695,10.42791897058487,627092,627092,0,audited committed SRT presentation and batch ledger
uniform_h4096_strict_rho80_unit8,39,18220,18220,0,53.13423597998917,2032.3948019538075,4809,10.790838016197085,645312,645312,0,audited committed SRT presentation and batch ledger
uniform_h4096_strict_rho80_unit8,40,18600,18600,0,52.18964024633169,2084.584442200139,4947,11.114047700539231,663912,663912,0,audited committed SRT presentation and batch ledger
uniform_h4096_strict_rho80_unit8,41,17572,17572,0,49.444170750677586,2134.0286129508168,5021,11.310518089681864,681484,681484,0,audited committed SRT presentation and batch ledger
uniform_h4096_strict_rho80_unit8,42,18576,18576,0,53.52795881032944,2187.556571761146,5157,12.195954842492938,700060,700060,0,audited committed SRT presentation and batch ledger
uniform_h4096_strict_rho80_unit8,43,17912,17912,0,51.29236730001867,2238.848939061165,5253,12.276112908497453,717972,717972,0,audited committed SRT presentation and batch ledger
uniform_h4096_strict_rho80_unit8,44,17556,17556,0,51.18158758431673,2290.0305266454816,5326,12.590731335803866,735528,735528,0,audited committed SRT presentation and batch ledger
uniform_h4096_strict_rho80_unit8,45,18072,18072,0,52.95170089416206,2342.9822275396436,5431,12.796560604125261,753600,753600,0,audited committed SRT presentation and batch ledger
uniform_h4096_strict_rho80_unit8,46,18420,18420,0,54.59908163361251,2397.581309173256,5558,13.744855020195246,772020,772020,0,audited committed SRT presentation and batch ledger
uniform_h4096_strict_rho80_unit8,47,18188,18188,0,52.87175435386598,2450.453063527122,5671,13.279852036386728,790208,790208,0,audited committed SRT presentation and batch ledger
uniform_h4096_strict_rho80_unit8,48,18216,18216,0,53.43461651355028,2503.8876800406724,5786,13.571390509605408,808424,808424,0,audited committed SRT presentation and batch ledger
uniform_h4096_strict_rho80_unit8,49,18056,18056,0,52.02820856124163,2555.915888601914,5890,13.78582801297307,826480,826480,0,audited committed SRT presentation and batch ledger
uniform_h4096_strict_rho80_unit8,50,18160,18160,0,51.698352843523026,2607.614241445437,6000,13.817018527537584,844640,844640,0,audited committed SRT presentation and batch ledger
srt_h128_standard_rho80_unit8,1,1900,1900,0,9.78829301148653,9.78829301148653,118,0.5026237405836582,1900,1900,0,audited committed SRT presentation and batch ledger
srt_h128_standard_rho80_unit8,2,2568,2568,0,8.362749874591827,18.151042886078358,248,0.7357002403587103,4468,4468,0,audited committed SRT presentation and batch ledger
srt_h128_standard_rho80_unit8,3,2856,2856,0,8.360880015417933,26.51192290149629,394,1.0546706449240446,7324,7324,0,audited committed SRT presentation and batch ledger
srt_h128_standard_rho80_unit8,4,3328,3328,0,9.739551877602935,36.251474779099226,570,1.4713939763605595,10652,10652,0,audited committed SRT presentation and batch ledger
srt_h128_standard_rho80_unit8,5,2576,2576,0,7.3340318109840155,43.58550659008324,698,1.6075737588107586,13228,13228,0,audited committed SRT presentation and batch ledger
srt_h128_standard_rho80_unit8,6,2440,2440,0,6.992496998980641,50.57800358906388,818,1.9591715652495623,15668,15668,0,audited committed SRT presentation and batch ledger
srt_h128_standard_rho80_unit8,7,2356,2356,0,6.518418546766043,57.096422135829926,933,2.1741676423698664,18024,18024,0,audited committed SRT presentation and batch ledger
srt_h128_standard_rho80_unit8,8,2652,2652,0,7.717657038941979,64.8140791747719,1066,2.524286450818181,20676,20676,0,audited committed SRT presentation and batch ledger
srt_h128_standard_rho80_unit8,9,2628,2628,0,7.7176744267344475,72.53175360150635,1200,2.729556493461132,23304,23304,0,audited committed SRT presentation and batch ledger
srt_h128_standard_rho80_unit8,10,2700,2700,0,7.7682866510003805,80.30004025250673,1338,2.9932240657508373,26004,26004,0,audited committed SRT presentation and batch ledger
srt_h128_standard_rho80_unit8,11,2092,2092,0,6.049995886161923,86.35003613866866,1438,3.3095013592392206,28096,28096,0,audited committed SRT presentation and batch ledger
srt_h128_standard_rho80_unit8,12,2356,2356,0,6.853958036750555,93.20399417541921,1554,3.4241362046450377,30452,30452,0,audited committed SRT presentation and batch ledger
srt_h128_standard_rho80_unit8,13,2556,2556,0,7.4204131960868835,100.6244073715061,1681,3.7264694813638926,33008,33008,0,audited committed SRT presentation and batch ledger
srt_h128_standard_rho80_unit8,14,2616,2616,0,8.395274884998798,109.0196822565049,1813,4.080026255920529,35624,35624,0,audited committed SRT presentation and batch ledger
srt_h128_standard_rho80_unit8,15,2372,2372,0,6.9235532358288765,115.94323549233377,1929,4.301367051899433,37996,37996,0,audited committed SRT presentation and batch ledger
srt_h128_standard_rho80_unit8,16,2628,2628,0,7.812458366155624,123.7556938584894,2062,4.659588033333421,40624,40624,0,audited committed SRT presentation and batch ledger
srt_h128_standard_rho80_unit8,17,2504,2504,0,7.4912468530237675,131.24694071151316,2188,5.027858998626471,43128,43128,0,audited committed SRT presentation and batch ledger
srt_h128_standard_rho80_unit8,18,2204,2204,0,6.791963344439864,138.03890405595303,2294,5.088490771129727,45332,45332,0,audited committed SRT presentation and batch ledger
srt_h128_standard_rho80_unit8,19,2244,2244,0,7.077157253399491,145.11606130935252,2403,5.296548739075661,47576,47576,0,audited committed SRT presentation and batch ledger
srt_h128_standard_rho80_unit8,20,2136,2136,0,6.556128906086087,151.6721902154386,2504,5.558113316074014,49712,49712,0,audited committed SRT presentation and batch ledger
srt_h128_standard_rho80_unit8,21,2828,2828,0,8.283962219953537,159.95615243539214,2648,5.920863941311836,52540,52540,0,audited committed SRT presentation and batch ledger
srt_h128_standard_rho80_unit8,22,2432,2432,0,7.444238398224115,167.40039083361626,2768,6.202270181849599,54972,54972,0,audited committed SRT presentation and batch ledger
srt_h128_standard_rho80_unit8,23,2384,2384,0,7.048107761889696,174.44849859550595,2885,6.457361236214638,57356,57356,0,audited committed SRT presentation and batch ledger
srt_h128_standard_rho80_unit8,24,1888,1888,0,5.798980014398694,180.24747860990465,2971,6.671886336058378,59244,59244,0,audited committed SRT presentation and batch ledger
srt_h128_standard_rho80_unit8,25,1548,1548,0,4.904785303398967,185.1522639133036,3036,6.6370636615902185,60792,60792,0,audited committed SRT presentation and batch ledger
srt_h128_standard_rho80_unit8,26,2484,2484,0,7.707619918510318,192.85988383181393,3159,7.11587630957365,63276,63276,0,audited committed SRT presentation and batch ledger
srt_h128_standard_rho80_unit8,27,2312,2312,0,7.214205892756581,200.0740897245705,3272,7.271920228376985,65588,65588,0,audited committed SRT presentation and batch ledger
srt_h128_standard_rho80_unit8,28,2128,2128,0,6.444660823792219,206.51875054836273,3374,7.7666682805866,67716,67716,0,audited committed SRT presentation and batch ledger
srt_h128_standard_rho80_unit8,29,2336,2336,0,7.272554522380233,213.79130507074296,3488,7.986417420208454,70052,70052,0,audited committed SRT presentation and batch ledger
srt_h128_standard_rho80_unit8,30,3936,3936,0,12.038194434717298,225.82949950546026,3702,8.626137390732765,73988,73988,0,audited committed SRT presentation and batch ledger
srt_h128_standard_rho80_unit8,31,2344,2344,0,7.46557504311204,233.2950745485723,3816,9.37620729394257,76332,76332,0,audited committed SRT presentation and batch ledger
srt_h128_standard_rho80_unit8,32,2144,2144,0,6.747675830498338,240.04275037907064,3919,9.592301830649376,78476,78476,0,audited committed SRT presentation and batch ledger
srt_h128_standard_rho80_unit8,33,2284,2284,0,7.126939430832863,247.1696898099035,4030,9.33044833689928,80760,80760,0,audited committed SRT presentation and batch ledger
srt_h128_standard_rho80_unit8,34,1640,1640,0,5.126692820340395,252.2963826302439,4100,9.516396703198552,82400,82400,0,audited committed SRT presentation and batch ledger
srt_h128_standard_rho80_unit8,35,2764,2764,0,8.487197577953339,260.78358020819724,4241,10.150782812386751,85164,85164,0,audited committed SRT presentation and batch ledger
srt_h128_standard_rho80_unit8,36,2988,2988,0,9.602854570373893,270.38643477857113,4395,10.258745208382607,88152,88152,0,audited committed SRT presentation and batch ledger
srt_h128_standard_rho80_unit8,37,3040,3040,0,9.238378211855888,279.624812990427,4552,10.386575747281313,91192,91192,0,audited committed SRT presentation and batch ledger
srt_h128_standard_rho80_unit8,38,2812,2812,0,9.045062698423862,288.6698756888509,4695,10.770799091085792,94004,94004,0,audited committed SRT presentation and batch ledger
srt_h128_standard_rho80_unit8,39,2348,2348,0,8.155763560906053,296.82563924975693,4809,11.058042956516147,96352,96352,0,audited committed SRT presentation and batch ledger
srt_h128_standard_rho80_unit8,40,2728,2728,0,8.238045262172818,305.06368451192975,4947,11.398602440953255,99080,99080,0,audited committed SRT presentation and batch ledger
srt_h128_standard_rho80_unit8,41,1700,1700,0,5.440726609900594,310.50441112183034,5021,11.540552435442805,100780,100780,0,audited committed SRT presentation and batch ledger
srt_h128_standard_rho80_unit8,42,2704,2704,0,8.730851400643587,319.23526252247393,5157,11.954080505296588,103484,103484,0,audited committed SRT presentation and batch ledger
srt_h128_standard_rho80_unit8,43,2040,2040,0,6.642007183283567,325.8772697057575,5253,12.234701301902533,105524,105524,0,audited committed SRT presentation and batch ledger
srt_h128_standard_rho80_unit8,44,1684,1684,0,5.614886958152056,331.49215666390955,5326,12.841404687613249,107208,107208,0,audited committed SRT presentation and batch ledger
srt_h128_standard_rho80_unit8,45,2200,2200,0,7.314015503972769,338.8061721678823,5431,13.046483747661114,109408,109408,0,audited committed SRT presentation and batch ledger
srt_h128_standard_rho80_unit8,46,2548,2548,0,7.860179059207439,346.66635122708976,5558,13.989021487534046,111956,111956,0,audited committed SRT presentation and batch ledger
srt_h128_standard_rho80_unit8,47,2316,2316,0,7.833836693316698,354.50018792040646,5671,13.453830612823367,114272,114272,0,audited committed SRT presentation and batch ledger
srt_h128_standard_rho80_unit8,48,2344,2344,0,7.5586499366909266,362.0588378570974,5786,14.257803119719028,116616,116616,0,audited committed SRT presentation and batch ledger
srt_h128_standard_rho80_unit8,49,2184,2184,0,7.578111520037055,369.63694937713444,5890,13.908109355717897,118800,118800,0,audited committed SRT presentation and batch ledger
srt_h128_standard_rho80_unit8,50,2288,2288,0,7.0992796160280704,376.7362289931625,6000,14.219017604365945,121088,121088,0,audited committed SRT presentation and batch ledger
uniform_h128_standard_rho80_unit8,1,1900,1900,0,7.194892155006528,7.194892155006528,118,0.49061560817062855,1900,1900,0,audited committed SRT presentation and batch ledger
uniform_h128_standard_rho80_unit8,2,2568,2568,0,8.03744343854487,15.232335593551397,248,0.7145733963698149,4468,4468,0,audited committed SRT presentation and batch ledger
uniform_h128_standard_rho80_unit8,3,2856,2856,0,8.036778343841434,23.26911393739283,394,0.9607990048825741,7324,7324,0,audited committed SRT presentation and batch ledger
uniform_h128_standard_rho80_unit8,4,3328,3328,0,9.074118943884969,32.3432328812778,570,1.3462881799787283,10652,10652,0,audited committed SRT presentation and batch ledger
uniform_h128_standard_rho80_unit8,5,2576,2576,0,7.2364999540150166,39.579732835292816,698,1.5774920862168074,13228,13228,0,audited committed SRT presentation and batch ledger
uniform_h128_standard_rho80_unit8,6,2440,2440,0,6.938079584389925,46.51781241968274,818,1.9215668383985758,15668,15668,0,audited committed SRT presentation and batch ledger
uniform_h128_standard_rho80_unit8,7,2356,2356,0,6.397356986999512,52.91516940668225,933,2.1058546025305986,18024,18024,0,audited committed SRT presentation and batch ledger
uniform_h128_standard_rho80_unit8,8,2652,2652,0,7.320179050788283,60.235348457470536,1066,2.356209108605981,20676,20676,0,audited committed SRT presentation and batch ledger
uniform_h128_standard_rho80_unit8,9,2628,2628,0,7.082036720588803,67.31738517805934,1200,2.669890582561493,23304,23304,0,audited committed SRT presentation and batch ledger
uniform_h128_standard_rho80_unit8,10,2700,2700,0,7.646731184795499,74.96411636285484,1338,2.989242894575,26004,26004,0,audited committed SRT presentation and batch ledger
uniform_h128_standard_rho80_unit8,11,2092,2092,0,5.805576104670763,80.7696924675256,1438,3.140201959758997,28096,28096,0,audited committed SRT presentation and batch ledger
uniform_h128_standard_rho80_unit8,12,2356,2356,0,6.7265503611415625,87.49624282866716,1554,3.3178687170147896,30452,30452,0,audited committed SRT presentation and batch ledger
uniform_h128_standard_rho80_unit8,13,2556,2556,0,7.131322920322418,94.62756574898958,1681,3.605346105992794,33008,33008,0,audited committed SRT presentation and batch ledger
uniform_h128_standard_rho80_unit8,14,2616,2616,0,7.693567205220461,102.32113295421004,1813,3.9581859949976206,35624,35624,0,audited committed SRT presentation and batch ledger
uniform_h128_standard_rho80_unit8,15,2372,2372,0,6.881289195269346,109.20242214947939,1929,4.18007099814713,37996,37996,0,audited committed SRT presentation and batch ledger
uniform_h128_standard_rho80_unit8,16,2628,2628,0,7.684567615389824,116.88698976486921,2062,4.4783106949180365,40624,40624,0,audited committed SRT presentation and batch ledger
uniform_h128_standard_rho80_unit8,17,2504,2504,0,6.963384959846735,123.85037472471595,2188,4.722124136984348,43128,43128,0,audited committed SRT presentation and batch ledger
uniform_h128_standard_rho80_unit8,18,2204,2204,0,6.360176056623459,130.2105507813394,2294,4.892621463164687,45332,45332,0,audited committed SRT presentation and batch ledger
uniform_h128_standard_rho80_unit8,19,2244,2244,0,6.277933422476053,136.48848420381546,2403,5.188312077894807,47576,47576,0,audited committed SRT presentation and batch ledger
uniform_h128_standard_rho80_unit8,20,2136,2136,0,6.23827301338315,142.7267572171986,2504,5.318894747644663,49712,49712,0,audited committed SRT presentation and batch ledger
uniform_h128_standard_rho80_unit8,21,2828,2828,0,8.055878480896354,150.78263569809496,2648,5.671103907749057,52540,52540,0,audited committed SRT presentation and batch ledger
uniform_h128_standard_rho80_unit8,22,2432,2432,0,6.991745019331574,157.77438071742654,2768,5.929773600772023,54972,54972,0,audited committed SRT presentation and batch ledger
uniform_h128_standard_rho80_unit8,23,2384,2384,0,6.819715898483992,164.59409661591053,2885,6.170522622764111,57356,57356,0,audited committed SRT presentation and batch ledger
uniform_h128_standard_rho80_unit8,24,1888,1888,0,5.3743170984089375,169.96841371431947,2971,6.286442430689931,59244,59244,0,audited committed SRT presentation and batch ledger
uniform_h128_standard_rho80_unit8,25,1548,1548,0,4.372316434979439,174.3407301492989,3036,6.359865037724376,60792,60792,0,audited committed SRT presentation and batch ledger
uniform_h128_standard_rho80_unit8,26,2484,2484,0,7.301455030217767,181.64218517951667,3159,6.597055850550532,63276,63276,0,audited committed SRT presentation and batch ledger
uniform_h128_standard_rho80_unit8,27,2312,2312,0,6.549122761934996,188.19130794145167,3272,6.881538301706314,65588,65588,0,audited committed SRT presentation and batch ledger
uniform_h128_standard_rho80_unit8,28,2128,2128,0,5.774604396894574,193.96591233834624,3374,7.439808715134859,67716,67716,0,audited committed SRT presentation and batch ledger
uniform_h128_standard_rho80_unit8,29,2336,2336,0,6.7377045173197985,200.70361685566604,3488,7.6551365330815315,70052,70052,0,audited committed SRT presentation and batch ledger
uniform_h128_standard_rho80_unit8,30,3936,3936,0,11.318699803203344,212.02231665886939,3702,8.178078908473253,73988,73988,0,audited committed SRT presentation and batch ledger
uniform_h128_standard_rho80_unit8,31,2344,2344,0,6.619676807895303,218.6419934667647,3816,8.636163674294949,76332,76332,0,audited committed SRT presentation and batch ledger
uniform_h128_standard_rho80_unit8,32,2144,2144,0,6.357423614710569,224.99941708147526,3919,8.571574870496988,78476,78476,0,audited committed SRT presentation and batch ledger
uniform_h128_standard_rho80_unit8,33,2284,2284,0,6.405615666881204,231.40503274835646,4030,8.691882012411952,80760,80760,0,audited committed SRT presentation and batch ledger
uniform_h128_standard_rho80_unit8,34,1640,1640,0,4.751235356554389,236.15626810491085,4100,9.062503138557076,82400,82400,0,audited committed SRT presentation and batch ledger
uniform_h128_standard_rho80_unit8,35,2764,2764,0,7.882979393005371,244.03924749791622,4241,9.530617412179708,85164,85164,0,audited committed SRT presentation and batch ledger
uniform_h128_standard_rho80_unit8,36,2988,2988,0,8.496571943163872,252.5358194410801,4395,9.912663526833057,88152,88152,0,audited committed SRT presentation and batch ledger
uniform_h128_standard_rho80_unit8,37,3040,3040,0,9.423702271655202,261.9595217127353,4552,10.173829559236765,91192,91192,0,audited committed SRT presentation and batch ledger
uniform_h128_standard_rho80_unit8,38,2812,2812,0,8.402126282453537,270.36164799518883,4695,10.89441023208201,94004,94004,0,audited committed SRT presentation and batch ledger
uniform_h128_standard_rho80_unit8,39,2348,2348,0,7.273845095187426,277.63549309037626,4809,10.779722960665822,96352,96352,0,audited committed SRT presentation and batch ledger
uniform_h128_standard_rho80_unit8,40,2728,2728,0,7.514236591756344,285.1497296821326,4947,10.950160779058933,99080,99080,0,audited committed SRT presentation and batch ledger
uniform_h128_standard_rho80_unit8,41,1700,1700,0,5.1949322782456875,290.3446619603783,5021,11.097979199141264,100780,100780,0,audited committed SRT presentation and batch ledger
uniform_h128_standard_rho80_unit8,42,2704,2704,0,8.270234625786543,298.61489658616483,5157,11.631107855588198,103484,103484,0,audited committed SRT presentation and batch ledger
uniform_h128_standard_rho80_unit8,43,2040,2040,0,5.813315346837044,304.4282119330019,5253,11.841554021462798,105524,105524,0,audited committed SRT presentation and batch ledger
uniform_h128_standard_rho80_unit8,44,1684,1684,0,5.393810212612152,309.822022145614,5326,12.01027637720108,107208,107208,0,audited committed SRT presentation and batch ledger
uniform_h128_standard_rho80_unit8,45,2200,2200,0,6.722870418801904,316.54489256441593,5431,12.347271144390106,109408,109408,0,audited committed SRT presentation and batch ledger
uniform_h128_standard_rho80_unit8,46,2548,2548,0,7.566300339996815,324.11119290441275,5558,12.533984184265137,111956,111956,0,audited committed SRT presentation and batch ledger
uniform_h128_standard_rho80_unit8,47,2316,2316,0,6.986191052943468,331.0973839573562,5671,12.73826395906508,114272,114272,0,audited committed SRT presentation and batch ledger
uniform_h128_standard_rho80_unit8,48,2344,2344,0,7.684547521173954,338.78193147853017,5786,13.268191762268543,116616,116616,0,audited committed SRT presentation and batch ledger
uniform_h128_standard_rho80_unit8,49,2184,2184,0,6.487886803224683,345.26981828175485,5890,13.200222348794341,118800,118800,0,audited committed SRT presentation and batch ledger
uniform_h128_standard_rho80_unit8,50,2288,2288,0,6.475417731329799,351.74523601308465,6000,13.528397228568792,121088,121088,0,audited committed SRT presentation and batch ledger
srt_h256_standard_rho80_unit8,1,1900,1900,0,9.671184714883566,9.671184714883566,118,0.48470364324748516,1900,1900,0,audited committed SRT presentation and batch ledger
srt_h256_standard_rho80_unit8,2,3080,3080,0,9.658559795469046,19.32974451035261,248,0.7768309284001589,4980,4980,0,audited committed SRT presentation and batch ledger
srt_h256_standard_rho80_unit8,3,3368,3368,0,10.518094260245562,29.847838770598173,394,1.078147143125534,8348,8348,0,audited committed SRT presentation and batch ledger
srt_h256_standard_rho80_unit8,4,3840,3840,0,11.481157219037414,41.32899598963559,570,1.4481846783310175,12188,12188,0,audited committed SRT presentation and batch ledger
srt_h256_standard_rho80_unit8,5,3088,3088,0,9.057091653347015,50.3860876429826,698,1.7486820351332426,15276,15276,0,audited committed SRT presentation and batch ledger
srt_h256_standard_rho80_unit8,6,2952,2952,0,9.021231334656477,59.40731897763908,818,2.1169792991131544,18228,18228,0,audited committed SRT presentation and batch ledger
srt_h256_standard_rho80_unit8,7,2868,2868,0,8.33835525251925,67.74567423015833,933,2.208039654418826,21096,21096,0,audited committed SRT presentation and batch ledger
srt_h256_standard_rho80_unit8,8,3164,3164,0,9.483821040019393,77.22949527017772,1066,2.512288823723793,24260,24260,0,audited committed SRT presentation and batch ledger
srt_h256_standard_rho80_unit8,9,3140,3140,0,9.466043358668685,86.6955386288464,1200,2.8115881327539682,27400,27400,0,audited committed SRT presentation and batch ledger
srt_h256_standard_rho80_unit8,10,3212,3212,0,9.537212023511529,96.23275065235794,1338,3.103278426453471,30612,30612,0,audited committed SRT presentation and batch ledger
srt_h256_standard_rho80_unit8,11,2604,2604,0,7.847874129191041,104.08062478154898,1438,3.3398462273180485,33216,33216,0,audited committed SRT presentation and batch ledger
srt_h256_standard_rho80_unit8,12,2868,2868,0,8.730238804593682,112.81086358614266,1554,3.5848855171352625,36084,36084,0,audited committed SRT presentation and batch ledger
srt_h256_standard_rho80_unit8,13,3068,3068,0,9.191800715401769,122.00266430154443,1681,3.8256046269088984,39152,39152,0,audited committed SRT presentation and batch ledger
srt_h256_standard_rho80_unit8,14,3128,3128,0,10.087737653404474,132.0904019549489,1813,4.125414170324802,42280,42280,0,audited committed SRT presentation and batch ledger
srt_h256_standard_rho80_unit8,15,2884,2884,0,8.501605216413736,140.59200717136264,1929,4.3972163032740355,45164,45164,0,audited committed SRT presentation and batch ledger
srt_h256_standard_rho80_unit8,16,3140,3140,0,9.732582565397024,150.32458973675966,2062,4.698945978656411,48304,48304,0,audited committed SRT presentation and batch ledger
srt_h256_standard_rho80_unit8,17,3016,3016,0,9.131790220737457,159.45637995749712,2188,5.030389999970794,51320,51320,0,audited committed SRT presentation and batch ledger
srt_h256_standard_rho80_unit8,18,2716,2716,0,8.223361985757947,167.67974194325507,2294,5.136671071872115,54036,54036,0,audited committed SRT presentation and batch ledger
srt_h256_standard_rho80_unit8,19,2756,2756,0,8.3800740391016,176.05981598235667,2403,5.513136005029082,56792,56792,0,audited committed SRT presentation and batch ledger
srt_h256_standard_rho80_unit8,20,2648,2648,0,8.313729751855135,184.3735457342118,2504,5.723452040925622,59440,59440,0,audited committed SRT presentation and batch ledger
srt_h256_standard_rho80_unit8,21,3340,3340,0,10.379370972514153,194.75291670672596,2648,6.102474519982934,62780,62780,0,audited committed SRT presentation and batch ledger
srt_h256_standard_rho80_unit8,22,2944,2944,0,9.043775970116258,203.7966926768422,2768,6.133555395528674,65724,65724,0,audited committed SRT presentation and batch ledger
srt_h256_standard_rho80_unit8,23,2896,2896,0,8.848091596737504,212.64478427357972,2885,6.519430886954069,68620,68620,0,audited committed SRT presentation and batch ledger
srt_h256_standard_rho80_unit8,24,2400,2400,0,7.603756217285991,220.2485404908657,2971,6.757028639316559,71020,71020,0,audited committed SRT presentation and batch ledger
srt_h256_standard_rho80_unit8,25,2060,2060,0,6.4527894500643015,226.70132994093,3036,6.865839598700404,73080,73080,0,audited committed SRT presentation and batch ledger
srt_h256_standard_rho80_unit8,26,2996,2996,0,9.415939243510365,236.11726918444037,3159,7.004753166809678,76076,76076,0,audited committed SRT presentation and batch ledger
srt_h256_standard_rho80_unit8,27,2824,2824,0,8.686099467799067,244.80336865223944,3272,7.349308058619499,78900,78900,0,audited committed SRT presentation and batch ledger
srt_h256_standard_rho80_unit8,28,2640,2640,0,8.195108562707901,252.99847721494734,3374,7.7570033762604,81540,81540,0,audited committed SRT presentation and batch ledger
srt_h256_standard_rho80_unit8,29,2848,2848,0,8.748939760029316,261.74741697497666,3488,8.113906934857368,84388,84388,0,audited committed SRT presentation and batch ledger
srt_h256_standard_rho80_unit8,30,4448,4448,0,13.231604957953095,274.97902193292975,3702,8.8125941157341,88836,88836,0,audited committed SRT presentation and batch ledger
srt_h256_standard_rho80_unit8,31,2856,2856,0,8.90612662769854,283.8851485606283,3816,9.493329687044024,91692,91692,0,audited committed SRT presentation and batch ledger
srt_h256_standard_rho80_unit8,32,2656,2656,0,8.678838523104787,292.5639870837331,3919,9.186106655746698,94348,94348,0,audited committed SRT presentation and batch ledger
srt_h256_standard_rho80_unit8,33,2796,2796,0,8.666427286341786,301.23041437007487,4030,9.408391382545233,97144,97144,0,audited committed SRT presentation and batch ledger
srt_h256_standard_rho80_unit8,34,2152,2152,0,6.961351798847318,308.1917661689222,4100,9.550395814701915,99296,99296,0,audited committed SRT presentation and batch ledger
srt_h256_standard_rho80_unit8,35,3276,3276,0,10.371670296415687,318.5634364653379,4241,9.999909792095423,102572,102572,0,audited committed SRT presentation and batch ledger
srt_h256_standard_rho80_unit8,36,3500,3500,0,11.238343050703406,329.8017795160413,4395,10.353909388184547,106072,106072,0,audited committed SRT presentation and batch ledger
srt_h256_standard_rho80_unit8,37,3552,3552,0,11.181399149820209,340.9831786658615,4552,10.739340851083398,109624,109624,0,audited committed SRT presentation and batch ledger
srt_h256_standard_rho80_unit8,38,3324,3324,0,10.86243575066328,351.84561441652477,4695,10.871901448816061,112948,112948,0,audited committed SRT presentation and batch ledger
srt_h256_standard_rho80_unit8,39,2860,2860,0,9.83277041092515,361.6783848274499,4809,11.170312644913793,115808,115808,0,audited committed SRT presentation and batch ledger
srt_h256_standard_rho80_unit8,40,3240,3240,0,10.149736113846302,371.8281209412962,4947,11.726236831396818,119048,119048,0,audited committed SRT presentation and batch ledger
srt_h256_standard_rho80_unit8,41,2212,2212,0,7.285545941442251,379.11366688273847,5021,11.946424212306738,121260,121260,0,audited committed SRT presentation and batch ledger
srt_h256_standard_rho80_unit8,42,3216,3216,0,10.47945274412632,389.5931196268648,5157,12.114379663020372,124476,124476,0,audited committed SRT presentation and batch ledger
srt_h256_standard_rho80_unit8,43,2552,2552,0,8.580811927095056,398.17393155395985,5253,12.31998347491026,127028,127028,0,audited committed SRT presentation and batch ledger
srt_h256_standard_rho80_unit8,44,2196,2196,0,6.955328211188316,405.12925976514816,5326,12.64867196045816,129224,129224,0,audited committed SRT presentation and batch ledger
srt_h256_standard_rho80_unit8,45,2712,2712,0,8.893261140212417,414.0225209053606,5431,12.789140043780208,131936,131936,0,audited committed SRT presentation and batch ledger
srt_h256_standard_rho80_unit8,46,3060,3060,0,9.821292547509074,423.84381345286965,5558,13.786813970655203,134996,134996,0,audited committed SRT presentation and batch ledger
srt_h256_standard_rho80_unit8,47,2828,2828,0,9.868905257433653,433.7127187103033,5671,13.839583061635494,137824,137824,0,audited committed SRT presentation and batch ledger
srt_h256_standard_rho80_unit8,48,2856,2856,0,9.17688611522317,442.8896048255265,5786,13.389133904129267,140680,140680,0,audited committed SRT presentation and batch ledger
srt_h256_standard_rho80_unit8,49,2696,2696,0,9.051560828462243,451.9411656539887,5890,13.79650771804154,143376,143376,0,audited committed SRT presentation and batch ledger
srt_h256_standard_rho80_unit8,50,2800,2800,0,9.12340641580522,461.06457206979394,6000,14.083738345652819,146176,146176,0,audited committed SRT presentation and batch ledger
uniform_h256_standard_rho80_unit8,1,1900,1900,0,7.091005150228739,7.091005150228739,118,0.4563053082674742,1900,1900,0,audited committed SRT presentation and batch ledger
uniform_h256_standard_rho80_unit8,2,3080,3080,0,8.926569120958447,16.017574271187186,248,0.6947157941758633,4980,4980,0,audited committed SRT presentation and batch ledger
uniform_h256_standard_rho80_unit8,3,3368,3368,0,10.115174138918519,26.132748410105705,394,1.0224017146974802,8348,8348,0,audited committed SRT presentation and batch ledger
uniform_h256_standard_rho80_unit8,4,3840,3840,0,10.741067154332995,36.8738155644387,570,1.3449725769460201,12188,12188,0,audited committed SRT presentation and batch ledger
uniform_h256_standard_rho80_unit8,5,3088,3088,0,8.659538449719548,45.53335401415825,698,1.5719471871852875,15276,15276,0,audited committed SRT presentation and batch ledger
uniform_h256_standard_rho80_unit8,6,2952,2952,0,8.219721611589193,53.75307562574744,818,1.8890530448406935,18228,18228,0,audited committed SRT presentation and batch ledger
uniform_h256_standard_rho80_unit8,7,2868,2868,0,8.231222914531827,61.98429854027927,933,2.1443668212741613,21096,21096,0,audited committed SRT presentation and batch ledger
uniform_h256_standard_rho80_unit8,8,3164,3164,0,8.983896620571613,70.96819516085088,1066,2.3611731939017773,24260,24260,0,audited committed SRT presentation and batch ledger
uniform_h256_standard_rho80_unit8,9,3140,3140,0,8.609900865703821,79.5780960265547,1200,2.6635294407606125,27400,27400,0,audited committed SRT presentation and batch ledger
uniform_h256_standard_rho80_unit8,10,3212,3212,0,9.121029481291771,88.69912550784647,1338,2.9076896477490664,30612,30612,0,audited committed SRT presentation and batch ledger
uniform_h256_standard_rho80_unit8,11,2604,2604,0,7.441172149032354,96.14029765687883,1438,3.1830948013812304,33216,33216,0,audited committed SRT presentation and batch ledger
uniform_h256_standard_rho80_unit8,12,2868,2868,0,8.276599939912558,104.41689759679139,1554,3.3554722405970097,36084,36084,0,audited committed SRT presentation and batch ledger
uniform_h256_standard_rho80_unit8,13,3068,3068,0,8.713477700948715,113.1303752977401,1681,3.6827994287014008,39152,39152,0,audited committed SRT presentation and batch ledger
uniform_h256_standard_rho80_unit8,14,3128,3128,0,9.4731077644974,122.6034830622375,1813,3.940103566274047,42280,42280,0,audited committed SRT presentation and batch ledger
uniform_h256_standard_rho80_unit8,15,2884,2884,0,7.912973795086145,130.51645685732365,1929,4.222441576421261,45164,45164,0,audited committed SRT presentation and batch ledger
uniform_h256_standard_rho80_unit8,16,3140,3140,0,9.113290017470717,139.62974687479436,2062,4.466034144163132,48304,48304,0,audited committed SRT presentation and batch ledger
uniform_h256_standard_rho80_unit8,17,3016,3016,0,8.470605226233602,148.10035210102797,2188,4.7449876964092255,51320,51320,0,audited committed SRT presentation and batch ledger
uniform_h256_standard_rho80_unit8,18,2716,2716,0,7.865160666406155,155.96551276743412,2294,4.844622302800417,54036,54036,0,audited committed SRT presentation and batch ledger
uniform_h256_standard_rho80_unit8,19,2756,2756,0,8.083258168771863,164.04877093620598,2403,5.205067967996001,56792,56792,0,audited committed SRT presentation and batch ledger
uniform_h256_standard_rho80_unit8,20,2648,2648,0,7.79759094491601,171.846361881122,2504,5.298727983608842,59440,59440,0,audited committed SRT presentation and batch ledger
uniform_h256_standard_rho80_unit8,21,3340,3340,0,9.532918320968747,181.37928020209074,2648,5.686460649594665,62780,62780,0,audited committed SRT presentation and batch ledger
uniform_h256_standard_rho80_unit8,22,2944,2944,0,8.33094341121614,189.71022361330688,2768,5.7963424902409315,65724,65724,0,audited committed SRT presentation and batch ledger
uniform_h256_standard_rho80_unit8,23,2896,2896,0,8.291329016909003,198.00155263021588,2885,6.299105525016785,68620,68620,0,audited committed SRT presentation and batch ledger
uniform_h256_standard_rho80_unit8,24,2400,2400,0,7.0071761552244425,205.00872878544033,2971,6.3958899565041065,71020,71020,0,audited committed SRT presentation and batch ledger
uniform_h256_standard_rho80_unit8,25,2060,2060,0,5.9280138071626425,210.93674259260297,3036,6.550465747714043,73080,73080,0,audited committed SRT presentation and batch ledger
uniform_h256_standard_rho80_unit8,26,2996,2996,0,9.015302604064345,219.9520451966673,3159,6.75417322665453,76076,76076,0,audited committed SRT presentation and batch ledger
uniform_h256_standard_rho80_unit8,27,2824,2824,0,8.650601929053664,228.60264712572098,3272,7.050155557692051,78900,78900,0,audited committed SRT presentation and batch ledger
uniform_h256_standard_rho80_unit8,28,2640,2640,0,7.7824042569845915,236.38505138270557,3374,7.46238168515265,81540,81540,0,audited committed SRT presentation and batch ledger
uniform_h256_standard_rho80_unit8,29,2848,2848,0,8.5504180341959,244.93546941690147,3488,7.671496173366904,84388,84388,0,audited committed SRT presentation and batch ledger
uniform_h256_standard_rho80_unit8,30,4448,4448,0,12.542154923081398,257.47762433998287,3702,8.271880427375436,88836,88836,0,audited committed SRT presentation and batch ledger
uniform_h256_standard_rho80_unit8,31,2856,2856,0,8.28457029350102,265.7621946334839,3816,8.711493074893951,91692,91692,0,audited committed SRT presentation and batch ledger
uniform_h256_standard_rho80_unit8,32,2656,2656,0,7.86850461922586,273.63069925270975,3919,8.706015329807997,94348,94348,0,audited committed SRT presentation and batch ledger
uniform_h256_standard_rho80_unit8,33,2796,2796,0,8.064736522734165,281.6954357754439,4030,8.913948131725192,97144,97144,0,audited committed SRT presentation and batch ledger
uniform_h256_standard_rho80_unit8,34,2152,2152,0,6.518384611234069,288.213820386678,4100,9.044678386300802,99296,99296,0,audited committed SRT presentation and batch ledger
uniform_h256_standard_rho80_unit8,35,3276,3276,0,9.478373799473047,297.692194186151,4241,9.505250364542007,102572,102572,0,audited committed SRT presentation and batch ledger
uniform_h256_standard_rho80_unit8,36,3500,3500,0,10.21048559807241,307.90267978422344,4395,9.704462287947536,106072,106072,0,audited committed SRT presentation and batch ledger
uniform_h256_standard_rho80_unit8,37,3552,3552,0,10.30209482461214,318.2047746088356,4552,10.126294599846005,109624,109624,0,audited committed SRT presentation and batch ledger
uniform_h256_standard_rho80_unit8,38,3324,3324,0,10.472840005531907,328.6776146143675,4695,10.492844976484776,112948,112948,0,audited committed SRT presentation and batch ledger
uniform_h256_standard_rho80_unit8,39,2860,2860,0,9.323760785162449,338.00137539952993,4809,10.594699064269662,115808,115808,0,audited committed SRT presentation and batch ledger
uniform_h256_standard_rho80_unit8,40,3240,3240,0,9.712860379368067,347.714235778898,4947,10.975884269922972,119048,119048,0,audited committed SRT presentation and batch ledger
uniform_h256_standard_rho80_unit8,41,2212,2212,0,6.8012131955474615,354.51544897444546,5021,11.236031772568822,121260,121260,0,audited committed SRT presentation and batch ledger
uniform_h256_standard_rho80_unit8,42,3216,3216,0,9.918857537209988,364.43430651165545,5157,11.439191250130534,124476,124476,0,audited committed SRT presentation and batch ledger
uniform_h256_standard_rho80_unit8,43,2552,2552,0,7.982219848781824,372.4165263604373,5253,11.818887993693352,127028,127028,0,audited committed SRT presentation and batch ledger
uniform_h256_standard_rho80_unit8,44,2196,2196,0,6.480644065886736,378.897170426324,5326,12.099822424352169,129224,129224,0,audited committed SRT presentation and batch ledger
uniform_h256_standard_rho80_unit8,45,2712,2712,0,8.252036038786173,387.1492064651102,5431,12.416610036045313,131936,131936,0,audited committed SRT presentation and batch ledger
uniform_h256_standard_rho80_unit8,46,3060,3060,0,9.351584928110242,396.5007913932204,5558,12.69636069610715,134996,134996,0,audited committed SRT presentation and batch ledger
uniform_h256_standard_rho80_unit8,47,2828,2828,0,8.512167658656836,405.01295905187726,5671,12.895175347104669,137824,137824,0,audited committed SRT presentation and batch ledger
uniform_h256_standard_rho80_unit8,48,2856,2856,0,8.40869851410389,413.42165756598115,5786,12.960221316665411,140680,140680,0,audited committed SRT presentation and batch ledger
uniform_h256_standard_rho80_unit8,49,2696,2696,0,8.285077635198832,421.70673520118,5890,13.64172794856131,143376,143376,0,audited committed SRT presentation and batch ledger
uniform_h256_standard_rho80_unit8,50,2800,2800,0,8.640575682744384,430.34731088392437,6000,13.714322688058019,146176,146176,0,audited committed SRT presentation and batch ledger
srt_h512_standard_rho80_unit8,1,1900,1900,0,10.030214646831155,10.030214646831155,118,0.5035028494894505,1900,1900,0,audited committed SRT presentation and batch ledger
srt_h512_standard_rho80_unit8,2,3956,3956,0,13.840317171067,23.870531817898154,248,0.8120552953332663,5856,5856,0,audited committed SRT presentation and batch ledger
srt_h512_standard_rho80_unit8,3,4392,4392,0,13.881695276126266,37.75222709402442,394,1.0543474983423948,10248,10248,0,audited committed SRT presentation and batch ledger
srt_h512_standard_rho80_unit8,4,4864,4864,0,14.47707100585103,52.22929809987545,570,1.474481150507927,15112,15112,0,audited committed SRT presentation and batch ledger
srt_h512_standard_rho80_unit8,5,4112,4112,0,11.804104320704937,64.03340242058039,698,1.6812347434461117,19224,19224,0,audited committed SRT presentation and batch ledger
srt_h512_standard_rho80_unit8,6,3976,3976,0,11.682291828095913,75.7156942486763,818,2.0241412445902824,23200,23200,0,audited committed SRT presentation and batch ledger
srt_h512_standard_rho80_unit8,7,3892,3892,0,12.200909418985248,87.91660366766155,933,2.195479655638337,27092,27092,0,audited committed SRT presentation and batch ledger
srt_h512_standard_rho80_unit8,8,4188,4188,0,12.725370841100812,100.64197450876236,1066,2.571753880009055,31280,31280,0,audited committed SRT presentation and batch ledger
srt_h512_standard_rho80_unit8,9,4164,4164,0,12.594337964430451,113.23631247319281,1200,2.8872491158545017,35444,35444,0,audited committed SRT presentation and batch ledger
srt_h512_standard_rho80_unit8,10,4236,4236,0,12.519443104043603,125.75575557723641,1338,3.1071265898644924,39680,39680,0,audited committed SRT presentation and batch ledger
srt_h512_standard_rho80_unit8,11,3628,3628,0,10.981246059760451,136.73700163699687,1438,3.33408666215837,43308,43308,0,audited committed SRT presentation and batch ledger
srt_h512_standard_rho80_unit8,12,3892,3892,0,11.440985146909952,148.17798678390682,1554,3.55672749504447,47200,47200,0,audited committed SRT presentation and batch ledger
srt_h512_standard_rho80_unit8,13,4092,4092,0,11.853925701230764,160.03191248513758,1681,3.832258176058531,51292,51292,0,audited committed SRT presentation and batch ledger
srt_h512_standard_rho80_unit8,14,4152,4152,0,12.631729930639267,172.66364241577685,1813,4.247752882540226,55444,55444,0,audited committed SRT presentation and batch ledger
srt_h512_standard_rho80_unit8,15,3908,3908,0,11.421807074919343,184.0854494906962,1929,4.651144491508603,59352,59352,0,audited committed SRT presentation and batch ledger
srt_h512_standard_rho80_unit8,16,4164,4164,0,13.580721620470285,197.66617111116648,2062,4.862280352041125,63516,63516,0,audited committed SRT presentation and batch ledger
srt_h512_standard_rho80_unit8,17,4040,4040,0,12.143682999536395,209.80985411070287,2188,5.041346237063408,67556,67556,0,audited committed SRT presentation and batch ledger
srt_h512_standard_rho80_unit8,18,3740,3740,0,11.357199516147375,221.16705362685025,2294,5.218742283061147,71296,71296,0,audited committed SRT presentation and batch ledger
srt_h512_standard_rho80_unit8,19,3780,3780,0,11.715046122670174,232.88209974952042,2403,5.518014911562204,75076,75076,0,audited committed SRT presentation and batch ledger
srt_h512_standard_rho80_unit8,20,3672,3672,0,11.35472515784204,244.23682490736246,2504,5.754007281735539,78748,78748,0,audited committed SRT presentation and batch ledger
srt_h512_standard_rho80_unit8,21,4364,4364,0,13.418333007022738,257.6551579143852,2648,6.035423697903752,83112,83112,0,audited committed SRT presentation and batch ledger
srt_h512_standard_rho80_unit8,22,3968,3968,0,11.762412946671247,269.41757086105645,2768,6.1914415769279,87080,87080,0,audited committed SRT presentation and batch ledger
srt_h512_standard_rho80_unit8,23,3920,3920,0,11.872169004753232,281.2897398658097,2885,6.467512771487236,91000,91000,0,audited committed SRT presentation and batch ledger
srt_h512_standard_rho80_unit8,24,3424,3424,0,10.334449971094728,291.6241898369044,2971,6.750689897686243,94424,94424,0,audited committed SRT presentation and batch ledger
srt_h512_standard_rho80_unit8,25,3084,3084,0,9.56913124397397,301.1933210808784,3036,6.6995326690375805,97508,97508,0,audited committed SRT presentation and batch ledger
srt_h512_standard_rho80_unit8,26,4020,4020,0,12.420349763706326,313.6136708445847,3159,6.961491491645575,101528,101528,0,audited committed SRT presentation and batch ledger
srt_h512_standard_rho80_unit8,27,3848,3848,0,11.583423698320985,325.1970945429057,3272,7.289587240666151,105376,105376,0,audited committed SRT presentation and batch ledger
srt_h512_standard_rho80_unit8,28,3664,3664,0,11.053987804800272,336.25108234770596,3374,7.828117668628693,109040,109040,0,audited committed SRT presentation and batch ledger
srt_h512_standard_rho80_unit8,29,3872,3872,0,12.123574571684003,348.37465691938996,3488,8.2328613512218,112912,112912,0,audited committed SRT presentation and batch ledger
srt_h512_standard_rho80_unit8,30,5472,5472,0,16.068727761507034,364.443384680897,3702,8.617925435304642,118384,118384,0,audited committed SRT presentation and batch ledger
srt_h512_standard_rho80_unit8,31,3880,3880,0,11.953410414978862,376.39679509587586,3816,9.260954579338431,122264,122264,0,audited committed SRT presentation and batch ledger
srt_h512_standard_rho80_unit8,32,3680,3680,0,11.050346966832876,387.44714206270874,3919,9.504197500646114,125944,125944,0,audited committed SRT presentation and batch ledger
srt_h512_standard_rho80_unit8,33,3820,3820,0,11.899190308526158,399.3463323712349,4030,9.466029327362776,129764,129764,0,audited committed SRT presentation and batch ledger
srt_h512_standard_rho80_unit8,34,3176,3176,0,10.108350794762373,409.45468316599727,4100,9.672242321074009,132940,132940,0,audited committed SRT presentation and batch ledger
srt_h512_standard_rho80_unit8,35,4300,4300,0,13.475578075274825,422.9302612412721,4241,10.158463979139924,137240,137240,0,audited committed SRT presentation and batch ledger
srt_h512_standard_rho80_unit8,36,4524,4524,0,14.362217504531145,437.29247874580324,4395,10.326382325962186,141764,141764,0,audited committed SRT presentation and batch ledger
srt_h512_standard_rho80_unit8,37,4576,4576,0,14.443500556051731,451.73597930185497,4552,10.563815729692578,146340,146340,0,audited committed SRT presentation and batch ledger
srt_h512_standard_rho80_unit8,38,4348,4348,0,13.883835634216666,465.61981493607163,4695,10.861164590343833,150688,150688,0,audited committed SRT presentation and batch ledger
srt_h512_standard_rho80_unit8,39,3884,3884,0,13.424947025254369,479.044761961326,4809,11.103138851001859,154572,154572,0,audited committed SRT presentation and batch ledger
srt_h512_standard_rho80_unit8,40,4264,4264,0,13.252462269738317,492.2972242310643,4947,11.499992910772562,158836,158836,0,audited committed SRT presentation and batch ledger
srt_h512_standard_rho80_unit8,41,3236,3236,0,10.410291198641062,502.7075154297054,5021,11.657263232395053,162072,162072,0,audited committed SRT presentation and batch ledger
srt_h512_standard_rho80_unit8,42,4240,4240,0,12.951213708147407,515.6587291378528,5157,12.038732286542654,166312,166312,0,audited committed SRT presentation and batch ledger
srt_h512_standard_rho80_unit8,43,3576,3576,0,11.56948133930564,527.2282104771584,5253,12.16281545907259,169888,169888,0,audited committed SRT presentation and batch ledger
srt_h512_standard_rho80_unit8,44,3220,3220,0,10.35702564753592,537.5852361246943,5326,12.349250137805939,173108,173108,0,audited committed SRT presentation and batch ledger
srt_h512_standard_rho80_unit8,45,3736,3736,0,12.302495662122965,549.8877317868173,5431,12.776306075975299,176844,176844,0,audited committed SRT presentation and batch ledger
srt_h512_standard_rho80_unit8,46,4084,4084,0,13.256274240091443,563.1440060269088,5558,13.566392812877893,180928,180928,0,audited committed SRT presentation and batch ledger
srt_h512_standard_rho80_unit8,47,3852,3852,0,12.133691797032952,575.2776978239417,5671,13.440250901505351,184780,184780,0,audited committed SRT presentation and batch ledger
srt_h512_standard_rho80_unit8,48,3880,3880,0,12.633197251707315,587.910895075649,5786,13.552939860150218,188660,188660,0,audited committed SRT presentation and batch ledger
srt_h512_standard_rho80_unit8,49,3720,3720,0,12.004320073872805,599.9152151495218,5890,13.763519581407309,192380,192380,0,audited committed SRT presentation and batch ledger
srt_h512_standard_rho80_unit8,50,3824,3824,0,12.56883273087442,612.4840478803962,6000,13.90696849860251,196204,196204,0,audited committed SRT presentation and batch ledger
uniform_h512_standard_rho80_unit8,1,1900,1900,0,7.20932731218636,7.20932731218636,118,0.4326952323317528,1900,1900,0,audited committed SRT presentation and batch ledger
uniform_h512_standard_rho80_unit8,2,3956,3956,0,13.227439984679222,20.436767296865582,248,0.7133300323039293,5856,5856,0,audited committed SRT presentation and batch ledger
uniform_h512_standard_rho80_unit8,3,4392,4392,0,13.433623747900128,33.87039104476571,394,1.0622841399163008,10248,10248,0,audited committed SRT presentation and batch ledger
uniform_h512_standard_rho80_unit8,4,4864,4864,0,13.584160756319761,47.45455180108547,570,1.3563514593988657,15112,15112,0,audited committed SRT presentation and batch ledger
uniform_h512_standard_rho80_unit8,5,4112,4112,0,10.957910129800439,58.41246193088591,698,1.6213215719908476,19224,19224,0,audited committed SRT presentation and batch ledger
uniform_h512_standard_rho80_unit8,6,3976,3976,0,11.325439061969519,69.73790099285543,818,1.9732409454882145,23200,23200,0,audited committed SRT presentation and batch ledger
uniform_h512_standard_rho80_unit8,7,3892,3892,0,10.719282563775778,80.45718355663121,933,2.1112401112914085,27092,27092,0,audited committed SRT presentation and batch ledger
uniform_h512_standard_rho80_unit8,8,4188,4188,0,11.80368254519999,92.2608661018312,1066,2.392225408926606,31280,31280,0,audited committed SRT presentation and batch ledger
uniform_h512_standard_rho80_unit8,9,4164,4164,0,11.608986597508192,103.86985269933939,1200,2.5846830401569605,35444,35444,0,audited committed SRT presentation and batch ledger
uniform_h512_standard_rho80_unit8,10,4236,4236,0,11.812520375475287,115.68237307481468,1338,2.8943398147821426,39680,39680,0,audited committed SRT presentation and batch ledger
uniform_h512_standard_rho80_unit8,11,3628,3628,0,10.009966960176826,125.6923400349915,1438,3.124274978414178,43308,43308,0,audited committed SRT presentation and batch ledger
uniform_h512_standard_rho80_unit8,12,3892,3892,0,10.701235299929976,136.39357533492148,1554,3.295977307483554,47200,47200,0,audited committed SRT presentation and batch ledger
uniform_h512_standard_rho80_unit8,13,4092,4092,0,11.247469229623675,147.64104456454515,1681,3.552084857597947,51292,51292,0,audited committed SRT presentation and batch ledger
uniform_h512_standard_rho80_unit8,14,4152,4152,0,12.299194006249309,159.94023857079446,1813,3.8862267807126045,55444,55444,0,audited committed SRT presentation and batch ledger
uniform_h512_standard_rho80_unit8,15,3908,3908,0,10.83546138368547,170.77569995447993,1929,4.1269748993217945,59352,59352,0,audited committed SRT presentation and batch ledger
uniform_h512_standard_rho80_unit8,16,4164,4164,0,12.246791325509548,183.02249127998948,2062,4.424990998581052,63516,63516,0,audited committed SRT presentation and batch ledger
uniform_h512_standard_rho80_unit8,17,4040,4040,0,11.334674855694175,194.35716613568366,2188,4.722571386024356,67556,67556,0,audited committed SRT presentation and batch ledger
uniform_h512_standard_rho80_unit8,18,3740,3740,0,10.601359855383635,204.9585259910673,2294,4.92609104514122,71296,71296,0,audited committed SRT presentation and batch ledger
uniform_h512_standard_rho80_unit8,19,3780,3780,0,10.6792519018054,215.6377778928727,2403,5.163062417879701,75076,75076,0,audited committed SRT presentation and batch ledger
uniform_h512_standard_rho80_unit8,20,3672,3672,0,10.158188501372933,225.79596639424562,2504,5.297092052176595,78748,78748,0,audited committed SRT presentation and batch ledger
uniform_h512_standard_rho80_unit8,21,4364,4364,0,12.041265642270446,237.83723203651607,2648,5.62377499602735,83112,83112,0,audited committed SRT presentation and batch ledger
uniform_h512_standard_rho80_unit8,22,3968,3968,0,11.010501908138394,248.84773394465446,2768,5.720450801774859,87080,87080,0,audited committed SRT presentation and batch ledger
uniform_h512_standard_rho80_unit8,23,3920,3920,0,11.257172284647822,260.1049062293023,2885,6.160866029560566,91000,91000,0,audited committed SRT presentation and batch ledger
uniform_h512_standard_rho80_unit8,24,3424,3424,0,9.324970858171582,269.42987708747387,2971,6.320066671818495,94424,94424,0,audited committed SRT presentation and batch ledger
uniform_h512_standard_rho80_unit8,25,3084,3084,0,8.803113559260964,278.23299064673483,3036,6.478521753102541,97508,97508,0,audited committed SRT presentation and batch ledger
uniform_h512_standard_rho80_unit8,26,4020,4020,0,12.003616714850068,290.2366073615849,3159,6.641836192458868,101528,101528,0,audited committed SRT presentation and batch ledger
uniform_h512_standard_rho80_unit8,27,3848,3848,0,10.845710061490536,301.08231742307544,3272,6.876376332715154,105376,105376,0,audited committed SRT presentation and batch ledger
uniform_h512_standard_rho80_unit8,28,3664,3664,0,10.183486755937338,311.2658041790128,3374,7.257847435772419,109040,109040,0,audited committed SRT presentation and batch ledger
uniform_h512_standard_rho80_unit8,29,3872,3872,0,11.001430770382285,322.26723494939506,3488,7.73696817830205,112912,112912,0,audited committed SRT presentation and batch ledger
uniform_h512_standard_rho80_unit8,30,5472,5472,0,15.35693516395986,337.6241701133549,3702,8.117965759709477,118384,118384,0,audited committed SRT presentation and batch ledger
uniform_h512_standard_rho80_unit8,31,3880,3880,0,10.715341350063682,348.3395114634186,3816,8.623163219541311,122264,122264,0,audited committed SRT presentation and batch ledger
uniform_h512_standard_rho80_unit8,32,3680,3680,0,10.467324273660779,358.8068357370794,3919,8.703270064666867,125944,125944,0,audited committed SRT presentation and batch ledger
uniform_h512_standard_rho80_unit8,33,3820,3820,0,11.050768706947565,369.85760444402695,4030,8.904383042827249,129764,129764,0,audited committed SRT presentation and batch ledger
uniform_h512_standard_rho80_unit8,34,3176,3176,0,9.06184277124703,378.919447215274,4100,9.011539429426193,132940,132940,0,audited committed SRT presentation and batch ledger
uniform_h512_standard_rho80_unit8,35,4300,4300,0,12.033298037946224,390.9527452532202,4241,9.319015800952911,137240,137240,0,audited committed SRT presentation and batch ledger
uniform_h512_standard_rho80_unit8,36,4524,4524,0,13.069887878373265,404.02263313159347,4395,9.540108582004905,141764,141764,0,audited committed SRT presentation and batch ledger
uniform_h512_standard_rho80_unit8,37,4576,4576,0,13.093833340331912,417.1164664719254,4552,9.934632828459144,146340,146340,0,audited committed SRT presentation and batch ledger
uniform_h512_standard_rho80_unit8,38,4348,4348,0,12.47756164520979,429.59402811713517,4695,10.349369527772069,150688,150688,0,audited committed SRT presentation and batch ledger
uniform_h512_standard_rho80_unit8,39,3884,3884,0,11.194364508613944,440.7883926257491,4809,10.41483585909009,154572,154572,0,audited committed SRT presentation and batch ledger
uniform_h512_standard_rho80_unit8,40,4264,4264,0,11.99575874581933,452.78415137156844,4947,10.925648963078856,158836,158836,0,audited committed SRT presentation and batch ledger
uniform_h512_standard_rho80_unit8,41,3236,3236,0,9.434985073283315,462.21913644485176,5021,11.00941727310419,162072,162072,0,audited committed SRT presentation and batch ledger
uniform_h512_standard_rho80_unit8,42,4240,4240,0,11.745246473699808,473.96438291855156,5157,11.377112412825227,166312,166312,0,audited committed SRT presentation and batch ledger
uniform_h512_standard_rho80_unit8,43,3576,3576,0,10.5558189060539,484.52020182460546,5253,11.609430957585573,169888,169888,0,audited committed SRT presentation and batch ledger
uniform_h512_standard_rho80_unit8,44,3220,3220,0,9.31888666935265,493.8390884939581,5326,11.68746142834425,173108,173108,0,audited committed SRT presentation and batch ledger
uniform_h512_standard_rho80_unit8,45,3736,3736,0,11.28805542550981,505.1271439194679,5431,12.073965411633253,176844,176844,0,audited committed SRT presentation and batch ledger
uniform_h512_standard_rho80_unit8,46,4084,4084,0,11.722194600850344,516.8493385203183,5558,12.48938312754035,180928,180928,0,audited committed SRT presentation and batch ledger
uniform_h512_standard_rho80_unit8,47,3852,3852,0,11.020679833367467,527.8700183536857,5671,12.76015242934227,184780,184780,0,audited committed SRT presentation and batch ledger
uniform_h512_standard_rho80_unit8,48,3880,3880,0,11.098013317212462,538.9680316708982,5786,12.87102117575705,188660,188660,0,audited committed SRT presentation and batch ledger
uniform_h512_standard_rho80_unit8,49,3720,3720,0,11.204767590388656,550.1727992612869,5890,13.326263235881925,192380,192380,0,audited committed SRT presentation and batch ledger
uniform_h512_standard_rho80_unit8,50,3824,3824,0,11.179759584367275,561.3525588456541,6000,13.494996834546328,196204,196204,0,audited committed SRT presentation and batch ledger
persistent_h4096,1,4275,4275,1900,14.152426920831203,14.152426920831203,118,0.8386616539210081,4275,4275,1900,authenticated prior resource ledger; hierarchy charged where applicable
persistent_h4096,2,11471,11471,3956,29.17544141598046,43.32786833681166,248,0.9559630192816257,15746,15746,5856,authenticated prior resource ledger; hierarchy charged where applicable
persistent_h4096,3,15530,15530,12600,36.485637644305825,79.81350598111749,788,1.4931346103549004,31276,31276,18456,authenticated prior resource ledger; hierarchy charged where applicable
persistent_h4096,4,30481,30481,9116,64.14298410527408,143.95649008639157,570,1.301714600995183,61757,61757,27572,authenticated prior resource ledger; hierarchy charged where applicable
persistent_h4096,5,24940,24940,22360,55.53412274830043,199.490612834692,1396,1.8305958937853575,86697,86697,49932,authenticated prior resource ledger; hierarchy charged where applicable
persistent_h4096,6,33616,33616,26216,73.89788902178407,273.38850185647607,1636,2.005859475582838,120313,120313,76148,authenticated prior resource ledger; hierarchy charged where applicable
persistent_h4096,7,47161,47161,44856,100.49577340297401,373.8842752594501,2799,2.83922297693789,167474,167474,121004,authenticated prior resource ledger; hierarchy charged where applicable
persistent_h4096,8,56082,56082,17092,110.2223019786179,484.106577238068,1066,1.8979551512748003,223556,223556,138096,authenticated prior resource ledger; hierarchy charged where applicable
persistent_h4096,9,39645,39645,37000,85.90728956274688,570.0138668008149,2400,2.5521558094769716,263201,263201,175096,authenticated prior resource ledger; hierarchy charged where applicable
persistent_h4096,10,45259,45259,37144,97.0598214622587,667.0736882630736,2676,2.7185673601925373,308460,308460,212240,authenticated prior resource ledger; hierarchy charged where applicable
persistent_h4096,11,55867,55867,53892,117.40461782552302,784.4783060885966,4314,3.7448480427265167,364327,364327,266132,authenticated prior resource ledger; hierarchy charged where applicable
persistent_h4096,12,52701,52701,36456,110.71380163542926,895.1921077240258,3108,3.114931223914027,417028,417028,302588,authenticated prior resource ledger; hierarchy charged where applicable
persistent_h4096,13,57839,57839,55284,120.61137207783759,1015.8034798018634,5043,4.1153440568596125,474867,474867,357872,authenticated prior resource ledger; hierarchy charged where applicable
persistent_h4096,14,63279,63279,55464,132.12009559385478,1147.9235753957182,5439,4.5145566165447235,538146,538146,413336,authenticated prior resource ledger; hierarchy charged where applicable
persistent_h4096,15,75301,75301,72976,154.65897261723876,1302.582548012957,7716,6.115490542724729,613447,613447,486312,authenticated prior resource ledger; hierarchy charged where applicable
persistent_h4096,16,97265,97265,18500,174.95392851904035,1477.5364765319973,2062,2.6160513442009687,710712,710712,504812,authenticated prior resource ledger; hierarchy charged where applicable
persistent_h4096,17,39242,39242,36752,84.82884464971721,1562.3653211817145,4376,4.2043008748441935,749954,749954,541564,authenticated prior resource ledger; hierarchy charged where applicable
persistent_h4096,18,42872,42872,36152,92.52522814832628,1654.8905493300408,4588,4.14328227750957,792826,792826,577716,authenticated prior resource ledger; hierarchy charged where applicable
persistent_h4096,19,56513,56513,54348,118.5404121670872,1773.430961497128,7209,5.6936354245990515,849339,849339,632064,authenticated prior resource ledger; hierarchy charged where applicable
persistent_h4096,20,51041,51041,36016,107.97524308040738,1881.4062045775354,5008,4.347984302788973,900380,900380,668080,authenticated prior resource ledger; hierarchy charged where applicable
persistent_h4096,21,58995,58995,56100,123.22896832413971,2004.635172901675,7944,6.174414627254009,959375,959375,724180,authenticated prior resource ledger; hierarchy charged where applicable
persistent_h4096,22,62607,62607,54912,129.96692865900695,2134.602101560682,8304,6.477624401450157,1021982,1021982,779092,authenticated prior resource ledger; hierarchy charged where applicable
persistent_h4096,23,75364,75364,73024,155.26782473362982,2289.869926294312,11540,8.558144649490714,1097346,1097346,852116,authenticated prior resource ledger; hierarchy charged where applicable
persistent_h4096,24,68810,68810,35520,139.86642703972757,2429.7363533340394,5942,5.095721984282136,1166156,1166156,887636,authenticated prior resource ledger; hierarchy charged where applicable
persistent_h4096,25,53555,53555,52260,113.1047391332686,2542.841092467308,9108,7.038814891129732,1219711,1219711,939896,authenticated prior resource ledger; hierarchy charged where applicable
persistent_h4096,26,61293,61293,55068,128.6263139769435,2671.4674064442515,9477,7.271942300722003,1281004,1281004,994964,authenticated prior resource ledger; hierarchy charged where applicable
persistent_h4096,27,74986,74986,72736,155.1472327951342,2826.6146392393857,13088,9.67999692261219,1355990,1355990,1067700,authenticated prior resource ledger; hierarchy charged where applicable
persistent_h4096,28,68320,68320,54000,142.48730233311653,2969.1019415725023,10122,7.809688992798328,1424310,1424310,1121700,authenticated prior resource ledger; hierarchy charged where applicable
persistent_h4096,29,75112,75112,72832,153.7916391622275,3122.8935807347298,13952,9.904939319938421,1499422,1499422,1194532,authenticated prior resource ledger; hierarchy charged where applicable
persistent_h4096,30,90072,90072,79232,182.26362960971892,3305.1572103444487,14808,10.63865520618856,1589494,1589494,1273764,authenticated prior resource ledger; hierarchy charged where applicable
persistent_h4096,31,93370,93370,91080,190.0679414831102,3495.225151827559,19080,13.255647050216794,1682864,1682864,1364844,authenticated prior resource ledger; hierarchy charged where applicable
persistent_h4096,32,169526,169526,18016,285.3575259782374,3780.5826778057963,3919,4.387664120644331,1852390,1852390,1382860,authenticated prior resource ledger; hierarchy charged where applicable
persistent_h4096,33,38527,38527,36312,83.634740723297,3864.2174185290933,8060,6.629818972200155,1890917,1890917,1419172,authenticated prior resource ledger; hierarchy charged where applicable
persistent_h4096,34,40059,40059,35024,88.06653068214655,3952.28394921124,8200,6.744684111326933,1930976,1930976,1454196,authenticated prior resource ledger; hierarchy charged where applicable
persistent_h4096,35,58723,58723,55908,123.38293728604913,4075.666886497289,12723,9.39690949395299,1989699,1989699,1510104,authenticated prior resource ledger; hierarchy charged where applicable
persistent_h4096,36,56260,56260,37720,117.2572125531733,4192.924099050462,8790,7.180732037872076,2045959,2045959,1547824,authenticated prior resource ledger; hierarchy charged where applicable
persistent_h4096,37,59896,59896,56736,125.69897464476526,4318.6230736952275,13656,10.273669179528952,2105855,2105855,1604560,authenticated prior resource ledger; hierarchy charged where applicable
persistent_h4096,38,64962,64962,56052,137.07696082256734,4455.700034517795,14085,10.308067517355084,2170817,2170817,1660612,authenticated prior resource ledger; hierarchy charged where applicable
persistent_h4096,39,75175,75175,72880,155.23438192531466,4610.9344164431095,19236,13.48699057660997,2245992,2245992,1733492,authenticated prior resource ledger; hierarchy charged where applicable
persistent_h4096,40,76770,76770,37200,151.01998369954526,4761.954400142655,9894,7.872929925099015,2322762,2322762,1770692,authenticated prior resource ledger; hierarchy charged where applicable
persistent_h4096,41,54201,54201,52716,115.22045716270804,4877.174857305363,15063,10.91850727237761,2376963,2376963,1823408,authenticated prior resource ledger; hierarchy charged where applicable
persistent_h4096,42,62693,62693,55728,130.68902728147805,5007.863884586841,15471,11.450270988047123,2439656,2439656,1879136,authenticated prior resource ledger; hierarchy charged where applicable
persistent_h4096,43,73558,73558,71648,152.7434167228639,5160.607301309705,21012,14.964365404099226,2513214,2513214,1950784,authenticated prior resource ledger; hierarchy charged where applicable
persistent_h4096,44,65108,65108,52668,139.21430277824402,5299.821604087949,15978,11.955262955278158,2578322,2578322,2003452,authenticated prior resource ledger; hierarchy charged where applicable
persistent_h4096,45,74398,74398,72288,153.07587496005,5452.897479047999,21724,15.301282994449139,2652720,2652720,2075740,authenticated prior resource ledger; hierarchy charged where applicable
persistent_h4096,46,80880,80880,73680,166.12389582395554,5619.021374871954,22232,15.351880626752973,2733600,2733600,2149420,authenticated prior resource ledger; hierarchy charged where applicable
persistent_h4096,47,93195,93195,90940,189.64260582998395,5808.663980701938,28355,19.047160604968667,2826795,2826795,2240360,authenticated prior resource ledger; hierarchy charged where applicable
persistent_h4096,48,106702,106702,36432,200.2252697441727,6008.889250446111,11572,9.745238890871406,2933497,2933497,2276792,authenticated prior resource ledger; hierarchy charged where applicable
persistent_h4096,49,56258,56258,54168,117.6422120667994,6126.53146251291,17670,12.830452185124159,2989755,2989755,2330960,authenticated prior resource ledger; hierarchy charged where applicable
persistent_h4096,50,61010,61010,54480,127.46475807391107,6253.996220586821,18000,12.84538209810853,3050765,3050765,2385440,authenticated prior resource ledger; hierarchy charged where applicable
joint_rank16,1,2375,2375,0,6.857791546732187,6.857791546732187,118,0.6497753914445639,2375,2375,0,authenticated prior resource ledger; hierarchy charged where applicable
joint_rank16,2,4945,4945,0,10.86786257661879,17.725654123350978,248,0.8703635800629854,7320,7320,0,authenticated prior resource ledger; hierarchy charged where applicable
joint_rank16,3,7875,7875,0,15.308720514178276,33.034374637529254,394,1.0953590907156467,15195,15195,0,authenticated prior resource ledger; hierarchy charged where applicable
joint_rank16,4,11395,11395,0,20.091236690059304,53.12561132758856,570,1.1626132633537054,26590,26590,0,authenticated prior resource ledger; hierarchy charged where applicable
joint_rank16,5,13975,13975,0,24.347267163917422,77.47287849150598,698,1.1333934869617224,40565,40565,0,authenticated prior resource ledger; hierarchy charged where applicable
joint_rank16,6,16385,16385,0,28.07911811955273,105.55199661105871,818,1.3732607141137123,56950,56950,0,authenticated prior resource ledger; hierarchy charged where applicable
joint_rank16,7,18690,18690,0,31.56959551386535,137.12159212492406,933,1.4100378677248955,75640,75640,0,authenticated prior resource ledger; hierarchy charged where applicable
joint_rank16,8,21365,21365,0,35.116376746445894,172.23796887136996,1066,1.777692312374711,97005,97005,0,authenticated prior resource ledger; hierarchy charged where applicable
joint_rank16,9,24010,24010,0,39.51856745779514,211.7565363291651,1200,1.5993804577738047,121015,121015,0,authenticated prior resource ledger; hierarchy charged where applicable
joint_rank16,10,26745,26745,0,43.39195272512734,255.14848905429244,1338,1.6395679153501987,147760,147760,0,authenticated prior resource ledger; hierarchy charged where applicable
joint_rank16,11,28720,28720,0,46.31965976022184,301.4681488145143,1438,1.7216480616480112,176480,176480,0,authenticated prior resource ledger; hierarchy charged where applicable
joint_rank16,12,31025,31025,0,49.51456359773874,350.982712412253,1554,1.9159007277339697,207505,207505,0,authenticated prior resource ledger; hierarchy charged where applicable
joint_rank16,13,33580,33580,0,53.06998783163726,404.0527002438903,1681,1.8886935263872147,241085,241085,0,authenticated prior resource ledger; hierarchy charged where applicable
joint_rank16,14,36210,36210,0,56.880565026775,460.9332652706653,1813,2.1061867587268353,277295,277295,0,authenticated prior resource ledger; hierarchy charged where applicable
joint_rank16,15,38535,38535,0,60.48129279538989,521.4145580660552,1929,2.1235454361885786,315830,315830,0,authenticated prior resource ledger; hierarchy charged where applicable
joint_rank16,16,41180,41180,0,64.2783048376441,585.6928629036993,2062,2.1702196914702654,357010,357010,0,authenticated prior resource ledger; hierarchy charged where applicable
joint_rank16,17,43670,43670,0,68.28034013137221,653.9732030350715,2188,2.3636456709355116,400680,400680,0,authenticated prior resource ledger; hierarchy charged where applicable
joint_rank16,18,45785,45785,0,72.2456449624151,726.2188479974866,2294,2.389273911714554,446465,446465,0,authenticated prior resource ledger; hierarchy charged where applicable
joint_rank16,19,47950,47950,0,74.5017861444503,800.7206341419369,2403,2.459040639922023,494415,494415,0,authenticated prior resource ledger; hierarchy charged where applicable
joint_rank16,20,49980,49980,0,77.60843987949193,878.3290740214288,2504,2.56061883084476,544395,544395,0,authenticated prior resource ledger; hierarchy charged where applicable
joint_rank16,21,52875,52875,0,81.50206172093749,959.8311357423663,2648,2.5792745780199766,597270,597270,0,authenticated prior resource ledger; hierarchy charged where applicable
joint_rank16,22,55275,55275,0,85.61742690950632,1045.4485626518726,2768,2.7759635783731937,652545,652545,0,authenticated prior resource ledger; hierarchy charged where applicable
joint_rank16,23,57615,57615,0,88.81756975315511,1134.2661324050277,2885,2.825633192434907,710160,710160,0,authenticated prior resource ledger; hierarchy charged where applicable
joint_rank16,24,59335,59335,0,91.44223830848932,1225.708370713517,2971,3.044751610606909,769495,769495,0,authenticated prior resource ledger; hierarchy charged where applicable
joint_rank16,25,60630,60630,0,93.07170157507062,1318.7800722885877,3036,2.8577511068433523,830125,830125,0,authenticated prior resource ledger; hierarchy charged where applicable
joint_rank16,26,63095,63095,0,97.24079676158726,1416.020869050175,3159,3.049538576975465,893220,893220,0,authenticated prior resource ledger; hierarchy charged where applicable
joint_rank16,27,65345,65345,0,100.23693118803203,1516.257800238207,3272,3.0922530591487885,958565,958565,0,authenticated prior resource ledger; hierarchy charged where applicable
joint_rank16,28,67365,67365,0,103.60999157652259,1619.8677918147296,3374,3.2168802358210087,1025930,1025930,0,authenticated prior resource ledger; hierarchy charged where applicable
joint_rank16,29,69645,69645,0,106.53223455697298,1726.4000263717026,3488,3.325484985485673,1095575,1095575,0,authenticated prior resource ledger; hierarchy charged where applicable
joint_rank16,30,73925,73925,0,112.8237010538578,1839.2237274255604,3702,3.3907996974885464,1169500,1169500,0,authenticated prior resource ledger; hierarchy charged where applicable
joint_rank16,31,76215,76215,0,116.1536130644381,1955.3773404899985,3816,3.5550560764968395,1245715,1245715,0,authenticated prior resource ledger; hierarchy charged where applicable
joint_rank16,32,78255,78255,0,119.55654499866068,2074.933885488659,3919,3.6388135459274054,1323970,1323970,0,authenticated prior resource ledger; hierarchy charged where applicable
joint_rank16,33,80470,80470,0,122.11992674507201,2197.053812233731,4030,3.7164314221590757,1404440,1404440,0,authenticated prior resource ledger; hierarchy charged where applicable
joint_rank16,34,81880,81880,0,124.57996667176485,2321.633778905496,4100,3.771636340767145,1486320,1486320,0,authenticated prior resource ledger; hierarchy charged where applicable
joint_rank16,35,84695,84695,0,128.5000163950026,2450.1337953004986,4241,3.815913425758481,1571015,1571015,0,authenticated prior resource ledger; hierarchy charged where applicable
joint_rank16,36,87790,87790,0,133.281729510054,2583.4155248105526,4395,3.990037551149726,1658805,1658805,0,authenticated prior resource ledger; hierarchy charged where applicable
joint_rank16,37,90950,90950,0,137.83551143668592,2721.2510362472385,4552,4.2724585216492414,1749755,1749755,0,authenticated prior resource ledger; hierarchy charged where applicable
joint_rank16,38,93825,93825,0,143.30235488526523,2864.5533911325037,4695,4.221231155097485,1843580,1843580,0,authenticated prior resource ledger; hierarchy charged where applicable
joint_rank16,39,96120,96120,0,151.18210585042834,3015.735496982932,4809,4.350499669089913,1939700,1939700,0,authenticated prior resource ledger; hierarchy charged where applicable
joint_rank16,40,98890,98890,0,152.565605731681,3168.301102714613,4947,4.447919923812151,2038590,2038590,0,authenticated prior resource ledger; hierarchy charged where applicable
joint_rank16,41,100375,100375,0,152.9422462899238,3321.243349004537,5021,4.611962091177702,2138965,2138965,0,authenticated prior resource ledger; hierarchy charged where applicable
joint_rank16,42,103115,103115,0,156.27395252138376,3477.5173015259206,5157,4.544763771817088,2242080,2242080,0,authenticated prior resource ledger; hierarchy charged where applicable
joint_rank16,43,105025,105025,0,159.21357230469584,3636.7308738306165,5253,4.638840347528458,2347105,2347105,0,authenticated prior resource ledger; hierarchy charged where applicable
joint_rank16,44,106490,106490,0,161.5036907121539,3798.2345645427704,5326,4.631601182743907,2453595,2453595,0,authenticated prior resource ledger; hierarchy charged where applicable
joint_rank16,45,108600,108600,0,164.52051167935133,3962.7550762221217,5431,4.771156549453735,2562195,2562195,0,authenticated prior resource ledger; hierarchy charged where applicable
joint_rank16,46,111145,111145,0,167.72942730598152,4130.484503528103,5558,4.797331376001239,2673340,2673340,0,authenticated prior resource ledger; hierarchy charged where applicable
joint_rank16,47,113400,113400,0,172.34035969898105,4302.824863227084,5671,4.9311233796179295,2786740,2786740,0,authenticated prior resource ledger; hierarchy charged where applicable
joint_rank16,48,115690,115690,0,176.04833485931158,4478.873198086396,5786,5.009136360138655,2902430,2902430,0,authenticated prior resource ledger; hierarchy charged where applicable
joint_rank16,49,117780,117780,0,177.85772121697664,4656.7309193033725,5890,5.2795101813972,3020210,3020210,0,authenticated prior resource ledger; hierarchy charged where applicable
joint_rank16,50,120000,120000,0,186.58916907943785,4843.32008838281,6000,5.220132440328598,3140210,3140210,0,authenticated prior resource ledger; hierarchy charged where applicable
joint_rank_matched,1,2375,2375,0,6.857791546732187,6.857791546732187,118,0.6497753914445639,2375,2375,0,authenticated prior resource ledger; hierarchy charged where applicable
joint_rank_matched,2,4945,4945,0,10.86786257661879,17.725654123350978,248,0.8703635800629854,7320,7320,0,authenticated prior resource ledger; hierarchy charged where applicable
joint_rank_matched,3,7875,7875,0,17.034040030092,34.75969415344298,394,,15195,15195,0,authenticated prior resource ledger; hierarchy charged where applicable
joint_rank_matched,4,11395,11395,0,20.091236690059304,54.85093084350228,570,1.1626132633537054,26590,26590,0,authenticated prior resource ledger; hierarchy charged where applicable
joint_rank_matched,5,13975,13975,0,26.623278396204114,81.4742092397064,698,,40565,40565,0,authenticated prior resource ledger; hierarchy charged where applicable
joint_rank_matched,6,16385,16385,0,30.837325571104884,112.31153481081128,818,,56950,56950,0,authenticated prior resource ledger; hierarchy charged where applicable
joint_rank_matched,7,18690,18690,0,33.97998100332916,146.29151581414044,933,,75640,75640,0,authenticated prior resource ledger; hierarchy charged where applicable
joint_rank_matched,8,21365,21365,0,35.116376746445894,181.40789256058633,1066,1.777692312374711,97005,97005,0,authenticated prior resource ledger; hierarchy charged where applicable
joint_rank_matched,9,24010,24010,0,43.90404195897281,225.31193451955914,1200,,121015,121015,0,authenticated prior resource ledger; hierarchy charged where applicable
joint_rank_matched,10,26745,26745,0,46.492511216551065,271.8044457361102,1338,,147760,147760,0,authenticated prior resource ledger; hierarchy charged where applicable
joint_rank_matched,11,28720,28720,0,50.04805979691446,321.85250553302467,1438,,176480,176480,0,authenticated prior resource ledger; hierarchy charged where applicable
joint_rank_matched,12,31025,31025,0,53.30045202560723,375.1529575586319,1554,,207505,207505,0,authenticated prior resource ledger; hierarchy charged where applicable
joint_rank_matched,13,33580,33580,0,57.23646454885602,432.3894221074879,1681,,241085,241085,0,authenticated prior resource ledger; hierarchy charged where applicable
joint_rank_matched,14,36210,36210,0,61.72765733860433,494.11707944609225,1813,,277295,277295,0,authenticated prior resource ledger; hierarchy charged where applicable
joint_rank_matched,15,38535,38535,0,65.621974946931,559.7390543930233,1929,,315830,315830,0,authenticated prior resource ledger; hierarchy charged where applicable
joint_rank_matched,16,41180,41180,0,64.2783048376441,624.0173592306674,2062,2.1702196914702654,357010,357010,0,authenticated prior resource ledger; hierarchy charged where applicable
joint_rank_matched,17,43670,43670,0,72.66072146780789,696.6780806984752,2188,,400680,400680,0,authenticated prior resource ledger; hierarchy charged where applicable
joint_rank_matched,18,45785,45785,0,76.32719464600086,773.0052753444761,2294,,446465,446465,0,authenticated prior resource ledger; hierarchy charged where applicable
joint_rank_matched,19,47950,47950,0,79.58306211978197,852.5883374642581,2403,,494415,494415,0,authenticated prior resource ledger; hierarchy charged where applicable
joint_rank_matched,20,49980,49980,0,82.81940406560898,935.407741529867,2504,,544395,544395,0,authenticated prior resource ledger; hierarchy charged where applicable
joint_rank_matched,21,52875,52875,0,88.35304303653538,1023.7607845664024,2648,,597270,597270,0,authenticated prior resource ledger; hierarchy charged where applicable
joint_rank_matched,22,55275,55275,0,94.32386123761535,1118.0846458040178,2768,,652545,652545,0,authenticated prior resource ledger; hierarchy charged where applicable
joint_rank_matched,23,57615,57615,0,96.11158396862447,1214.1962297726423,2885,,710160,710160,0,authenticated prior resource ledger; hierarchy charged where applicable
joint_rank_matched,24,59335,59335,0,97.29439752362669,1311.490627296269,2971,,769495,769495,0,authenticated prior resource ledger; hierarchy charged where applicable
joint_rank_matched,25,60630,60630,0,100.0741106197238,1411.5647379159927,3036,,830125,830125,0,authenticated prior resource ledger; hierarchy charged where applicable
joint_rank_matched,26,63095,63095,0,103.89157342165709,1515.4563113376498,3159,,893220,893220,0,authenticated prior resource ledger; hierarchy charged where applicable
joint_rank_matched,27,65345,65345,0,107.89638759195805,1623.3526989296079,3272,,958565,958565,0,authenticated prior resource ledger; hierarchy charged where applicable
joint_rank_matched,28,67365,67365,0,110.82075793296099,1734.1734568625689,3374,,1025930,1025930,0,authenticated prior resource ledger; hierarchy charged where applicable
joint_rank_matched,29,69645,69645,0,114.35307994671166,1848.5265368092805,3488,,1095575,1095575,0,authenticated prior resource ledger; hierarchy charged where applicable
joint_rank_matched,30,73925,73925,0,121.50998382270336,1970.0365206319839,3702,,1169500,1169500,0,authenticated prior resource ledger; hierarchy charged where applicable
joint_rank_matched,31,76215,76215,0,126.41718954592943,2096.4537101779133,3816,,1245715,1245715,0,authenticated prior resource ledger; hierarchy charged where applicable
joint_rank_matched,32,78255,78255,0,119.55654499866068,2216.010255176574,3919,3.6388135459274054,1323970,1323970,0,authenticated prior resource ledger; hierarchy charged where applicable
joint_rank_matched,33,80470,80470,0,130.14933767914772,2346.1595928557217,4030,,1404440,1404440,0,authenticated prior resource ledger; hierarchy charged where applicable
joint_rank_matched,34,81880,81880,0,132.09233378991485,2478.2519266456366,4100,,1486320,1486320,0,authenticated prior resource ledger; hierarchy charged where applicable
joint_rank_matched,35,84695,84695,0,136.47160190716386,2614.7235285528004,4241,,1571015,1571015,0,authenticated prior resource ledger; hierarchy charged where applicable
joint_rank_matched,36,87790,87790,0,140.16709127277136,2754.890619825572,4395,,1658805,1658805,0,authenticated prior resource ledger; hierarchy charged where applicable
joint_rank_matched,37,90950,90950,0,146.77567257918417,2901.666292404756,4552,,1749755,1749755,0,authenticated prior resource ledger; hierarchy charged where applicable
joint_rank_matched,38,93825,93825,0,152.29149500653148,3053.9577874112874,4695,,1843580,1843580,0,authenticated prior resource ledger; hierarchy charged where applicable
joint_rank_matched,39,96120,96120,0,157.19853646494448,3211.156323876232,4809,,1939700,1939700,0,authenticated prior resource ledger; hierarchy charged where applicable
joint_rank_matched,40,98890,98890,0,159.15199902281165,3370.3083228990436,4947,,2038590,2038590,0,authenticated prior resource ledger; hierarchy charged where applicable
joint_rank_matched,41,100375,100375,0,161.94860789738595,3532.2569307964295,5021,,2138965,2138965,0,authenticated prior resource ledger; hierarchy charged where applicable
joint_rank_matched,42,103115,103115,0,166.52844784781337,3698.785378644243,5157,,2242080,2242080,0,authenticated prior resource ledger; hierarchy charged where applicable
joint_rank_matched,43,105025,105025,0,169.33495835587382,3868.1203370001167,5253,,2347105,2347105,0,authenticated prior resource ledger; hierarchy charged where applicable
joint_rank_matched,44,106490,106490,0,171.5138238724321,4039.634160872549,5326,,2453595,2453595,0,authenticated prior resource ledger; hierarchy charged where applicable
joint_rank_matched,45,108600,108600,0,175.36452494747937,4214.998685820028,5431,,2562195,2562195,0,authenticated prior resource ledger; hierarchy charged where applicable
joint_rank_matched,46,111145,111145,0,179.2261047065258,4394.224790526554,5558,,2673340,2673340,0,authenticated prior resource ledger; hierarchy charged where applicable
joint_rank_matched,47,113400,113400,0,186.5011116452515,4580.7259021718055,5671,,2786740,2786740,0,authenticated prior resource ledger; hierarchy charged where applicable
joint_rank_matched,48,115690,115690,0,188.07413282617927,4768.800034997985,5786,,2902430,2902430,0,authenticated prior resource ledger; hierarchy charged where applicable
joint_rank_matched,49,117780,117780,0,190.06067706272006,4958.860712060705,5890,,3020210,3020210,0,authenticated prior resource ledger; hierarchy charged where applicable
joint_rank_matched,50,120000,120000,0,193.79482599161565,5152.6555380523205,6000,,3140210,3140210,0,authenticated prior resource ledger; hierarchy charged where applicable
persistent_mlp_h4096,1,4275,4275,1900,12.57349594309926,12.57349594309926,118,0.6722564604133368,4275,4275,1900,authenticated prior resource ledger; hierarchy charged where applicable
persistent_mlp_h4096,2,11471,11471,3956,27.994010912254453,40.56750685535371,248,0.830042639747262,15746,15746,5856,authenticated prior resource ledger; hierarchy charged where applicable
persistent_mlp_h4096,3,15530,15530,12600,36.213871305808425,76.78137816116214,788,1.2451789192855358,31276,31276,18456,authenticated prior resource ledger; hierarchy charged where applicable
persistent_mlp_h4096,4,30481,30481,9116,63.55520465224981,140.33658281341195,570,1.2026845887303352,61757,61757,27572,authenticated prior resource ledger; hierarchy charged where applicable
persistent_mlp_h4096,5,24940,24940,22360,55.98904334567487,196.32562615908682,1396,1.6668515969067812,86697,86697,49932,authenticated prior resource ledger; hierarchy charged where applicable
persistent_mlp_h4096,6,33616,33616,26216,74.66362285800278,270.9892490170896,1636,1.8483670316636562,120313,120313,76148,authenticated prior resource ledger; hierarchy charged where applicable
persistent_mlp_h4096,7,47161,47161,44856,102.71256955526769,373.7018185723573,2799,2.710949942469597,167474,167474,121004,authenticated prior resource ledger; hierarchy charged where applicable
persistent_mlp_h4096,8,56082,56082,17092,111.75244434177876,485.45426291413605,1066,1.6763675436377525,223556,223556,138096,authenticated prior resource ledger; hierarchy charged where applicable
persistent_mlp_h4096,9,39645,39645,37000,87.65889769606292,573.113160610199,2400,2.527591237798333,263201,263201,175096,authenticated prior resource ledger; hierarchy charged where applicable
persistent_mlp_h4096,10,45259,45259,37144,98.43508844822645,671.5482490584254,2676,2.5613774731755257,308460,308460,212240,authenticated prior resource ledger; hierarchy charged where applicable
persistent_mlp_h4096,11,55867,55867,53892,118.23100401088595,789.7792530693114,4314,3.773466072976589,364327,364327,266132,authenticated prior resource ledger; hierarchy charged where applicable
persistent_mlp_h4096,12,52701,52701,36456,115.18281808309257,904.962071152404,3108,3.082211038097739,417028,417028,302588,authenticated prior resource ledger; hierarchy charged where applicable
persistent_mlp_h4096,13,57839,57839,55284,126.21404261700809,1031.176113769412,5043,4.295789996162057,474867,474867,357872,authenticated prior resource ledger; hierarchy charged where applicable
persistent_mlp_h4096,14,63279,63279,55464,137.69719193130732,1168.8733057007194,5439,4.549065811559558,538146,538146,413336,authenticated prior resource ledger; hierarchy charged where applicable
persistent_mlp_h4096,15,75301,75301,72976,162.96742113493383,1331.8407268356532,7716,6.213713843375444,613447,613447,486312,authenticated prior resource ledger; hierarchy charged where applicable
persistent_mlp_h4096,16,97265,97265,18500,176.63643436692655,1508.4771612025797,2062,2.6676534321159124,710712,710712,504812,authenticated prior resource ledger; hierarchy charged where applicable
persistent_mlp_h4096,17,39242,39242,36752,87.72795975394547,1596.2051209565252,4376,4.096232566982508,749954,749954,541564,authenticated prior resource ledger; hierarchy charged where applicable
persistent_mlp_h4096,18,42872,42872,36152,95.53319923765957,1691.7383201941848,4588,4.213813468813896,792826,792826,577716,authenticated prior resource ledger; hierarchy charged where applicable
persistent_mlp_h4096,19,56513,56513,54348,122.84824332036078,1814.5865635145456,7209,5.831347754225135,849339,849339,632064,authenticated prior resource ledger; hierarchy charged where applicable
persistent_mlp_h4096,20,51041,51041,36016,111.27797638624907,1925.8645399007946,5008,4.4549485966563225,900380,900380,668080,authenticated prior resource ledger; hierarchy charged where applicable
persistent_mlp_h4096,21,58995,58995,56100,129.87167155370116,2055.736211454496,7944,6.527663215994835,959375,959375,724180,authenticated prior resource ledger; hierarchy charged where applicable
persistent_mlp_h4096,22,62607,62607,54912,136.2844097688794,2192.020621223375,8304,6.676450988277793,1021982,1021982,779092,authenticated prior resource ledger; hierarchy charged where applicable
persistent_mlp_h4096,23,75364,75364,73024,159.66289379820228,2351.6835150215775,11540,8.557232704013586,1097346,1097346,852116,authenticated prior resource ledger; hierarchy charged where applicable
persistent_mlp_h4096,24,68810,68810,35520,141.23392731882632,2492.917442340404,5942,5.024686988443136,1166156,1166156,887636,authenticated prior resource ledger; hierarchy charged where applicable
persistent_mlp_h4096,25,53555,53555,52260,113.00826905108988,2605.9257113914937,9108,6.926379816606641,1219711,1219711,939896,authenticated prior resource ledger; hierarchy charged where applicable
persistent_mlp_h4096,26,61293,61293,55068,129.4445152580738,2735.3702266495675,9477,7.208317656069994,1281004,1281004,994964,authenticated prior resource ledger; hierarchy charged where applicable
persistent_mlp_h4096,27,74986,74986,72736,158.14930200763047,2893.519528657198,13088,9.65013918839395,1355990,1355990,1067700,authenticated prior resource ledger; hierarchy charged where applicable
persistent_mlp_h4096,28,68320,68320,54000,146.3442006278783,3039.8637292850763,10122,7.859508143737912,1424310,1424310,1121700,authenticated prior resource ledger; hierarchy charged where applicable
persistent_mlp_h4096,29,75112,75112,72832,159.86117402091622,3199.7249033059925,13952,10.326949728652835,1499422,1499422,1194532,authenticated prior resource ledger; hierarchy charged where applicable
persistent_mlp_h4096,30,90072,90072,79232,188.6811644230038,3388.4060677289963,14808,10.85048470273614,1589494,1589494,1273764,authenticated prior resource ledger; hierarchy charged where applicable
persistent_mlp_h4096,31,93370,93370,91080,196.77604129724205,3585.1821090262383,19080,13.491049658507109,1682864,1682864,1364844,authenticated prior resource ledger; hierarchy charged where applicable
persistent_mlp_h4096,32,169526,169526,18016,287.0897405408323,3872.2718495670706,3919,4.238322250545025,1852390,1852390,1382860,authenticated prior resource ledger; hierarchy charged where applicable
persistent_mlp_h4096,33,38527,38527,36312,86.63887335732579,3958.9107229243964,8060,6.9310292061418295,1890917,1890917,1419172,authenticated prior resource ledger; hierarchy charged where applicable
persistent_mlp_h4096,34,40059,40059,35024,94.1486601922661,4053.0593831166625,8200,7.1053948644548655,1930976,1930976,1454196,authenticated prior resource ledger; hierarchy charged where applicable
persistent_mlp_h4096,35,58723,58723,55908,128.31807006709278,4181.377453183755,12723,9.837238987907767,1989699,1989699,1510104,authenticated prior resource ledger; hierarchy charged where applicable
persistent_mlp_h4096,36,56260,56260,37720,120.36094024032354,4301.738393424079,8790,7.285195177420974,2045959,2045959,1547824,authenticated prior resource ledger; hierarchy charged where applicable
persistent_mlp_h4096,37,59896,59896,56736,129.4786278102547,4431.2170212343335,13656,10.696143200621009,2105855,2105855,1604560,authenticated prior resource ledger; hierarchy charged where applicable
persistent_mlp_h4096,38,64962,64962,56052,141.2073333710432,4572.424354605377,14085,10.79706591181457,2170817,2170817,1660612,authenticated prior resource ledger; hierarchy charged where applicable
persistent_mlp_h4096,39,75175,75175,72880,161.38189657591283,4733.80625118129,19236,13.976656233891845,2245992,2245992,1733492,authenticated prior resource ledger; hierarchy charged where applicable
persistent_mlp_h4096,40,76770,76770,37200,152.33470429480076,4886.14095547609,9894,7.988633397966623,2322762,2322762,1770692,authenticated prior resource ledger; hierarchy charged where applicable
persistent_mlp_h4096,41,54201,54201,52716,116.78061020933092,5002.921565685421,15063,11.50043666176498,2376963,2376963,1823408,authenticated prior resource ledger; hierarchy charged where applicable
persistent_mlp_h4096,42,62693,62693,55728,133.30889803171158,5136.230463717133,15471,11.400235725566745,2439656,2439656,1879136,authenticated prior resource ledger; hierarchy charged where applicable
persistent_mlp_h4096,43,73558,73558,71648,157.51867132261395,5293.749135039747,21012,15.237424030900002,2513214,2513214,1950784,authenticated prior resource ledger; hierarchy charged where applicable
persistent_mlp_h4096,44,65108,65108,52668,141.6253441106528,5435.3744791504,15978,12.299531308934093,2578322,2578322,2003452,authenticated prior resource ledger; hierarchy charged where applicable
persistent_mlp_h4096,45,74398,74398,72288,154.0528207179159,5589.4272998683155,21724,15.909244211390615,2652720,2652720,2075740,authenticated prior resource ledger; hierarchy charged where applicable
persistent_mlp_h4096,46,80880,80880,73680,173.29706011153758,5762.724359979853,22232,16.566825032234192,2733600,2733600,2149420,authenticated prior resource ledger; hierarchy charged where applicable
persistent_mlp_h4096,47,93195,93195,90940,193.82274705916643,5956.5471070390195,28355,19.72958384640515,2826795,2826795,2240360,authenticated prior resource ledger; hierarchy charged where applicable
persistent_mlp_h4096,48,106702,106702,36432,202.10684332437813,6158.653950363398,11572,9.529840391129255,2933497,2933497,2276792,authenticated prior resource ledger; hierarchy charged where applicable
persistent_mlp_h4096,49,56258,56258,54168,126.91781923919916,6285.571769602597,17670,13.995066571980715,2989755,2989755,2330960,authenticated prior resource ledger; hierarchy charged where applicable
persistent_mlp_h4096,50,61010,61010,54480,146.05561074241996,6431.627380345017,18000,14.790002817288041,3050765,3050765,2385440,authenticated prior resource ledger; hierarchy charged where applicable
