condition,method,capacity,stage,accuracy,nll,current_examples,historical_available,introductions,current_reviews,historical_reviews,actual_historical_fraction,actual_historical_fraction_after_introduction,target_historical_fraction_after_introduction,training_forwards,training_backwards,quality_forwards,recompute_forwards,optimizer_steps,mean_batch_size,minimum_batch_size,full_batch_fraction,cumulative_presentations,cumulative_optimizer_steps,training_wall_seconds,cumulative_training_wall_seconds,evaluation_forwards,evaluation_wall_seconds,cumulative_evaluation_wall_seconds,loader_wall_seconds,scheduler_wall_seconds,checkpoint_wall_seconds,peak_vram_bytes,clock_advance,final_clock,historical_due,current_due,never_historically_replayed,quality_0_count,quality_1_count,quality_2_count,quality_3_count,quality_4_count,quality_5_count
srt_h1024,srt,1024,1,89.83050847457628,1.4865359499110669,475,0,475,1425,0,0.0,0.0,0.8,1900,1900,0,0,106,17.92452830188679,1,0.1320754716981132,1900,106,6.922067493200302,6.922067493200302,118,0.42831197567284107,0.42831197567284107,2.1078883912414312,0.08104171976447105,0.188633281737566,4194422272,19,126,0.0,2.0,475,233.0,63.0,73.0,53.0,80.0,1398.0
srt_h1024,srt,1024,2,88.70967741935483,0.45934300355455954,514,475,514,2244,1198,0.3028311425682508,0.34805345729227194,0.8,3956,3956,0,0,166,23.83132530120482,1,0.16265060240963855,5856,272,12.846510380506516,19.768577873706818,248,0.6820942722260952,1.1104062478989363,4.682961029931903,0.16418419778347015,0.233550813049078,4194446848,1,293,12.0,27.0,514,783.0,154.0,171.0,204.0,211.0,2433.0
srt_h1024,srt,1024,3,90.60913705583756,0.40298721944874644,586,989,586,3258,2456,0.3898412698412698,0.42982149107455375,0.8,6300,6300,0,0,231,27.272727272727273,2,0.17316017316017315,12156,503,20.283359145745635,40.05193701945245,394,1.068689914420247,2.1790961623191833,7.974899102002382,0.27504894509911537,0.6418594196438789,4194471424,0,524,1.0,2.0,586,880.0,366.0,538.0,653.0,599.0,3264.0
srt_h1024,srt,1024,4,92.10526315789474,0.3688002675342371,704,1575,704,3288,2920,0.4224537037037037,0.47036082474226804,0.8,6912,6912,0,0,205,33.71707317073171,8,0.2146341463414634,19068,708,20.903366236016154,60.95530325546861,570,1.4786777887493372,3.6577739510685205,8.861279778182507,0.2835411597043276,0.5241020172834396,4194496000,0,729,13.0,11.0,864,864.0,335.0,538.0,672.0,768.0,3735.0
srt_h1024,srt,1024,5,90.68767908309455,0.39285377401989235,516,2279,516,2295,3349,0.5436688311688311,0.5933734939759037,0.8,6160,6160,0,0,177,34.80225988700565,4,0.20903954802259886,25228,885,18.167671026661992,79.1229742821306,698,1.5843553263694048,5.242129277437925,7.613043524324894,0.24176537804305553,0.4879889003932476,4194520576,0,906,36.0,21.0,790,858.0,372.0,530.0,614.0,600.0,3186.0
srt_h1024,srt,1024,6,90.2200488997555,0.4114599197668407,482,2795,482,1939,3603,0.5981075697211156,0.6501263081919885,0.8,6024,6024,0,0,164,36.73170731707317,10,0.25,31252,1049,18.00634402036667,97.12931830249727,818,1.9067934453487396,7.148922722786665,7.452153341844678,0.24194094352424145,0.5482899881899357,4194545152,0,1070,30.0,9.0,658,832.0,330.0,439.0,523.0,556.0,3344.0
srt_h1024,srt,1024,7,88.53161843515541,0.46960767131209413,461,3277,461,1802,3677,0.619023569023569,0.6711078663989779,0.8,5940,5940,0,0,120,49.5,13,0.4666666666666667,37192,1169,16.602100398391485,113.73141870088875,933,2.1663181744515896,9.315240897238255,6.533640827983618,0.23165532015264034,0.45916446670889854,4194569728,0,1190,28.0,12.0,476,950.0,422.0,500.0,583.0,589.0,2896.0
srt_h1024,srt,1024,8,89.58724202626642,0.4496071837696266,535,3738,535,1844,3857,0.618505452212957,0.6765479740396422,0.8,6236,6236,0,0,117,53.2991452991453,1,0.452991452991453,43428,1286,17.826242428272963,131.55766112916172,1066,2.439771890640259,11.755012787878513,7.267804631963372,0.2373944204300642,0.4507801737636328,4194594304,0,1307,46.0,3.0,537,927.0,345.0,507.0,530.0,558.0,3369.0
srt_h1024,srt,1024,9,89.0,0.4650844140546753,529,4273,529,1653,4030,0.6487443657437219,0.7091325004399085,0.8,6212,6212,0,0,103,60.310679611650485,8,0.7378640776699029,49640,1389,17.191482478752732,148.74914360791445,1200,2.705460963770747,14.46047375164926,6.363815110176802,0.23620793037116528,0.6278450135141611,4194618880,0,1410,58.0,29.0,544,1036.0,402.0,549.0,599.0,584.0,3042.0
srt_h1024,srt,1024,10,87.66816143497758,0.505043458801836,547,4802,547,1166,4571,0.7274029280712921,0.7967578873975946,0.8,6284,6284,0,0,99,63.474747474747474,35,0.9797979797979798,55924,1488,17.03294891677797,165.78209252469242,1338,2.931412238627672,17.391885990276933,6.2608618307858706,0.2503882981836796,0.45037380792200565,4194643456,0,1509,93.0,238.0,605,1145.0,519.0,699.0,762.0,703.0,2456.0
srt_h1024,srt,1024,11,86.85674547983311,0.5469616277316895,395,5349,395,1060,4221,0.7436575052854123,0.7992804393107366,0.8,5676,5676,0,0,90,63.06666666666667,11,0.9777777777777777,61600,1578,15.833477061241865,181.61556958593428,1438,3.172057304531336,20.56394329480827,5.847178217023611,0.2525217365473509,0.5605663135647774,4194668032,0,1599,349.0,83.0,449,981.0,453.0,522.0,587.0,608.0,2525.0
srt_h1024,srt,1024,12,87.06563706563706,0.5498174154875525,461,5744,461,1113,4366,0.735016835016835,0.7968607410111335,0.8,5940,5940,0,0,94,63.191489361702125,13,0.9787234042553191,67540,1672,16.293021839112043,197.90859142504632,1554,3.4100835900753736,23.974026884883642,6.015930840745568,0.2705968376249075,0.46601814217865467,4194692608,0,1693,520.0,147.0,499,1075.0,444.0,534.0,671.0,602.0,2614.0
srt_h1024,srt,1024,13,87.68590124925639,0.5336295976939912,511,6205,511,1144,4485,0.7304560260586319,0.7967667436489607,0.8,6140,6140,0,0,96,63.958333333333336,61,0.9791666666666666,73680,1768,16.66535857319832,214.57394999824464,1681,3.733069784939289,27.70709666982293,5.943515183404088,0.2922089658677578,0.5404244344681501,4194717184,0,1789,858.0,169.0,556,1040.0,413.0,547.0,631.0,628.0,2881.0
srt_h1024,srt,1024,14,86.81742967457254,0.5602771675651593,526,6716,526,1153,4521,0.7291935483870968,0.7967923863235813,0.8,6200,6200,0,0,98,63.265306122448976,14,0.9795918367346939,79880,1866,17.739640783518553,232.3135907817632,1813,3.9729041643440723,31.680000834167004,6.872104816138744,0.3006086237728596,0.5924979001283646,4194741760,0,1887,1189.0,185.0,612,1173.0,439.0,520.0,661.0,640.0,2767.0
srt_h1024,srt,1024,15,86.15863141524106,0.5745518734568313,465,7242,465,1116,4375,0.734553391537945,0.7967583318156984,0.8,5956,5956,0,0,94,63.361702127659576,17,0.9787234042553191,85836,1960,16.60995996929705,248.92355075106025,1929,4.176819169893861,35.856820004060864,6.117197835817933,0.31266056187450886,0.5680027939379215,4194766336,0,1981,1742.0,144.0,585,1077.0,450.0,576.0,631.0,585.0,2637.0
srt_h1024,srt,1024,16,85.0145489815713,0.608927388080561,529,7707,529,1155,4528,0.7289117836445589,0.796762273447123,0.8,6212,6212,0,0,98,63.38775510204081,17,0.9795918367346939,92048,2058,17.27090271934867,266.1944534704089,2062,4.5824312921613455,40.43925129622221,6.38094586879015,0.3356139753013849,0.5443481598049402,4194790912,0,2079,2078.0,202.0,660,1137.0,457.0,573.0,646.0,597.0,2802.0
srt_h1024,srt,1024,17,85.6946983546618,0.6038145553480405,498,8236,498,1136,4454,0.7316031537450722,0.7967799642218247,0.8,6088,6088,0,0,96,63.416666666666664,22,0.9791666666666666,98136,2154,17.076789306476712,283.27124277688563,2188,4.779617980122566,45.218869276344776,6.316135596483946,0.3428943157196045,0.6070421207696199,4194815488,0,2175,2489.0,204.0,657,1188.0,505.0,614.0,645.0,599.0,2537.0
srt_h1024,srt,1024,18,85.17872711421099,0.6358304936859854,423,8734,423,1077,4288,0.7408431237042156,0.7992544268406337,0.8,5788,5788,0,0,91,63.604395604395606,39,0.978021978021978,103924,2245,16.297568084672093,299.5688108615577,2294,5.032070770859718,50.250940047204494,6.184812294319272,0.35979413613677025,0.4307637047022581,4194840064,0,2266,2842.0,42.0,635,1060.0,413.0,538.0,616.0,503.0,2658.0
srt_h1024,srt,1024,19,84.93549729504785,0.6342918921640279,433,9157,433,1083,4312,0.7398764584763212,0.7992585727525486,0.8,5828,5828,0,0,92,63.34782608695652,19,0.9782608695652174,109752,2337,16.524980131536722,316.09379099309444,2403,5.124303622171283,55.37524366937578,6.128209363669157,0.3816516697406769,0.6248022634536028,4194864640,0,2358,3132.0,80.0,692,1088.0,430.0,519.0,555.0,536.0,2700.0
srt_h1024,srt,1024,20,83.98562300319489,0.7089668522268188,406,9590,406,1067,4247,0.7424825174825175,0.7992096349266089,0.8,5720,5720,0,0,91,62.857142857142854,2,0.978021978021978,115472,2428,16.31028325855732,332.40407425165176,2504,5.411628821864724,60.7868724912405,5.8131350595504045,0.4909964110702276,0.7844341546297073,4194889216,0,2449,3395.0,83.0,684,1131.0,433.0,509.0,586.0,563.0,2498.0
srt_h1024,srt,1024,21,84.59214501510574,0.6517672903191755,579,9996,579,1185,4648,0.7248908296943232,0.7968455340305161,0.8,6412,6412,0,0,102,62.86274509803921,3,0.9803921568627451,121884,2530,17.749073261395097,350.15314751304686,2648,5.741739263758063,66.52861175499856,6.252941286191344,0.42665078304708004,0.7394677735865116,4194913792,0,2551,3666.0,202.0,837,1244.0,489.0,536.0,610.0,630.0,2903.0
srt_h1024,srt,1024,22,83.5621387283237,0.7027124091078027,480,10575,480,1125,4411,0.7332114361702128,0.7967846820809249,0.8,6016,6016,0,0,95,63.32631578947368,32,0.9789473684210527,127900,2625,17.235904432833195,367.38905194588006,2768,6.032283591106534,72.5608953461051,6.225533122196794,0.574197193607688,0.75658686645329,4194938368,0,2646,4177.0,142.0,860,1230.0,478.0,557.0,575.0,519.0,2657.0
srt_h1024,srt,1024,23,83.95147313691508,0.7022689182284153,468,11055,468,1117,4383,0.734416890080429,0.7969090909090909,0.8,5968,5968,0,0,94,63.48936170212766,20,0.9787234042553191,133868,2719,16.58716824837029,383.97622019425035,2885,6.45915899425745,79.02005434036255,5.739544719457626,0.43469421938061714,0.8065891154110432,4194962944,0,2740,4446.0,207.0,877,1290.0,453.0,584.0,578.0,520.0,2543.0
srt_h1024,srt,1024,24,82.66576910131269,0.7822754362812836,344,11523,344,1016,4112,0.7514619883040936,0.8018720748829953,0.8,5472,5472,0,0,87,62.89655172413793,8,0.9770114942528736,139340,2806,16.004640204831958,399.9808603990823,2971,6.604713823646307,85.62476816400886,5.994610475376248,0.42610206454992294,0.7718728687614202,4194987520,0,2827,4869.0,41.0,765,1088.0,433.0,531.0,575.0,552.0,2293.0
srt_h1024,srt,1024,25,82.74044795783927,0.7412582539887935,259,11867,259,815,4058,0.7907248636009353,0.8327518982146521,0.8,5132,5132,0,0,82,62.58536585365854,3,0.975609756097561,144472,2888,14.681601157411933,414.66246155649424,3036,6.756954859942198,92.38172302395105,5.414688270539045,0.4134824648499489,0.5505088251084089,4195012096,0,2909,4972.0,15.0,622,1015.0,412.0,483.0,503.0,509.0,2210.0
srt_h1024,srt,1024,26,82.52611585944919,0.754397189195137,493,12126,493,1133,4442,0.7320369149637442,0.7967713004484305,0.8,6068,6068,0,0,96,63.208333333333336,7,0.9791666666666666,150540,2984,17.715452829375863,432.3779143858701,3159,7.163881016895175,99.54560404084623,6.704881662502885,0.49964916706085205,0.7393296454101801,4195036672,0,3005,5263.0,131.0,784,1268.0,475.0,498.0,559.0,549.0,2719.0
srt_h1024,srt,1024,27,82.42665036674816,0.7652918355504926,450,12619,450,1107,4339,0.7359226594301221,0.7967315460888725,0.8,5896,5896,0,0,94,62.723404255319146,2,0.9787234042553191,156436,3078,17.38048168644309,449.7583960723132,3272,7.362009653821588,106.90761369466782,6.470607411116362,0.49365957267582417,0.889141608029604,4195061248,0,3099,5640.0,111.0,865,1270.0,421.0,524.0,519.0,504.0,2658.0
srt_h1024,srt,1024,28,81.97984588026081,0.7763431762318803,404,13069,404,1065,4243,0.7428221288515406,0.799359457422758,0.8,5712,5712,0,0,90,63.46666666666667,20,0.9777777777777777,162148,3168,17.089804073795676,466.84820014610887,3374,7.95890536531806,114.86651905998588,6.408766338601708,0.5005188006907701,0.9955809824168682,4195085824,0,3189,5971.0,37.0,873,1176.0,468.0,524.0,558.0,505.0,2481.0
srt_h1024,srt,1024,29,81.39334862385321,0.8053118034313705,456,13473,456,1110,4354,0.735472972972973,0.7968521229868228,0.8,5920,5920,0,0,94,62.97872340425532,8,0.9787234042553191,168068,3262,17.63407113775611,484.482271283865,3488,8.32038914784789,123.18690820783377,6.681304240599275,0.541124751791358,0.8666314799338579,4195110400,0,3283,6252.0,115.0,935,1268.0,470.0,493.0,564.0,552.0,2573.0
srt_h1024,srt,1024,30,81.01026472177202,0.7940614199122077,856,13929,856,1354,5310,0.7061170212765957,0.7968187274909964,0.8,7520,7520,0,0,119,63.19327731092437,8,0.9831932773109243,175588,3381,21.820445699617267,506.30271698348224,3702,8.770527265965939,131.9574354737997,8.04850771278143,0.7024076413363218,0.8510445430874825,4195134976,0,3402,6688.0,491.0,1313,1531.0,603.0,619.0,699.0,617.0,3451.0
srt_h1024,srt,1024,31,81.21069182389937,0.7868969470562162,458,14785,458,1111,4359,0.7353238866396761,0.7968921389396709,0.8,5928,5928,0,0,94,63.06382978723404,10,0.9787234042553191,181516,3475,17.82605730742216,524.1287742909044,3816,8.958331683650613,140.91576715745032,6.678321605548263,0.6054325345903635,0.9963930547237396,4195159552,0,3496,7363.0,104.0,1246,1267.0,435.0,538.0,571.0,506.0,2611.0
srt_h1024,srt,1024,32,81.19418218933401,0.8062550615984714,408,15243,408,1068,4252,0.74231843575419,0.7992481203007519,0.8,5728,5728,0,0,91,62.94505494505494,8,0.978021978021978,187244,3566,17.137105960398912,541.2658802513033,3919,9.38521240092814,150.30097955837846,6.326430289074779,0.6125903092324734,0.9591465294361115,4195184128,0,3587,7811.0,95.0,1191,1291.0,450.0,511.0,542.0,517.0,2417.0
srt_h1024,srt,1024,33,81.6377171215881,0.7940107375047207,443,15651,443,1089,4336,0.7389229720518065,0.7992626728110599,0.8,5868,5868,0,0,92,63.78260869565217,49,0.9782608695652174,193112,3658,17.521840050816536,558.7877203021199,4030,9.628009056672454,159.9289886150509,6.465425943955779,0.6415020376443863,0.9553885236382484,4195209728,0,3679,8035.0,65.0,1200,1186.0,390.0,491.0,556.0,504.0,2741.0
srt_h1024,srt,1024,34,82.04878048780488,0.7959240075682172,282,16094,282,858,4084,0.7817764165390505,0.8263860785107244,0.8,5224,5224,0,0,83,62.93975903614458,14,0.9759036144578314,198336,3741,15.661598198115826,574.4493185002357,4100,9.564451927319169,169.49344054237008,6.010158114135265,0.5844628699123859,0.6486912220716476,4195234304,0,3762,8264.0,20.0,1087,1083.0,405.0,470.0,517.0,495.0,2254.0
srt_h1024,srt,1024,35,81.56095260551757,0.8093563708122437,563,16376,563,1175,4610,0.7262129804662886,0.7968885047536733,0.8,6348,6348,0,0,100,63.48,25,0.98,204684,3841,18.919760113582015,593.3690786138177,4241,10.261177847161889,179.75461838953197,6.904043244197965,0.6835649218410254,0.9749926794320345,4195258880,0,3862,8590.0,203.0,1240,1333.0,443.0,533.0,595.0,568.0,2876.0
srt_h1024,srt,1024,36,81.61547212741752,0.8015028010999891,619,16939,619,1210,4743,0.7216981132075472,0.7967411389215522,0.8,6572,6572,0,0,104,63.19230769230769,1,0.9807692307692307,211256,3945,19.7810813523829,613.1501599662006,4395,10.509167177602649,190.26378556713462,7.461929744109511,0.7725023198872805,0.9518893528729677,4195283456,0,3966,9031.0,244.0,1436,1294.0,466.0,536.0,575.0,555.0,3146.0
srt_h1024,srt,1024,37,80.64586994727593,0.8523886098691712,632,17558,632,1217,4775,0.7208635265700483,0.7968958611481975,0.8,6624,6624,0,0,104,63.69230769230769,40,0.9807692307692307,217880,4049,19.787640646100044,632.9378006123006,4552,10.682127073407173,200.9459126405418,7.3501637522131205,0.7562671657651663,1.011668086051941,4195308032,0,4070,9641.0,289.0,1567,1513.0,485.0,626.0,574.0,591.0,2835.0
srt_h1024,srt,1024,38,80.83067092651757,0.8215293942344436,575,18190,575,1183,4638,0.725140712945591,0.7967703143789727,0.8,6396,6396,0,0,100,63.96,61,0.98,224276,4149,19.56121906079352,652.4990196730942,4695,10.998876668512821,211.9447893090546,7.429260268807411,0.7928966581821442,1.0732046011835337,4195332608,0,4170,10267.0,206.0,1616,1420.0,442.0,565.0,579.0,556.0,2834.0
srt_h1024,srt,1024,39,81.16032439176544,0.8242651584485194,459,18765,459,1112,4361,0.7351652056641942,0.7968207564407089,0.8,5932,5932,0,0,94,63.1063829787234,11,0.9787234042553191,230208,4243,18.851677898317575,671.3506975714117,4809,11.308496689423919,223.25328599847853,7.300590563565493,0.9090968128293753,1.0821749437600374,4195357184,0,4264,10786.0,138.0,1591,1353.0,428.0,513.0,559.0,532.0,2547.0
srt_h1024,srt,1024,40,81.05922781483727,0.8305037457628852,554,19224,554,1170,4588,0.7268694550063372,0.7968044459881903,0.8,6312,6312,0,0,99,63.75757575757576,42,0.9797979797979798,236520,4342,19.07453863695264,690.4252362083644,4947,11.586510675027966,234.8397966735065,6.967384377494454,0.8437151815742254,1.0893079731613398,4195381760,0,4363,11141.0,228.0,1657,1422.0,493.0,571.0,552.0,542.0,2732.0
srt_h1024,srt,1024,41,80.62139016132245,0.8319808734884276,297,19778,297,930,4057,0.7677895533686601,0.8135151393623421,0.8,5284,5284,0,0,83,63.66265060240964,41,0.9759036144578314,241804,4425,16.465684367343783,706.8909205757082,5021,11.864527912810445,246.70432458631694,5.918777588754892,0.8855754975229502,1.1694826651364565,4195406336,0,4446,11551.0,11.0,1491,1068.0,396.0,476.0,548.0,509.0,2287.0
srt_h1024,srt,1024,42,80.99670350979251,0.8421782570971751,548,20075,548,1166,4574,0.7274173027989822,0.7968641114982579,0.8,6288,6288,0,0,99,63.515151515151516,36,0.9797979797979798,248092,4524,19.09092908166349,725.9818496573716,5157,12.201503939926624,258.90582852624357,6.782495878636837,0.8838397022336721,1.2945854533463717,4195430912,0,4545,11835.0,229.0,1589,1420.0,487.0,557.0,590.0,551.0,2683.0
srt_h1024,srt,1024,43,80.52541404911479,0.8375126214745326,382,20623,382,1039,4203,0.7473328591749644,0.8017932086989699,0.8,5624,5624,0,0,88,63.90909090909091,58,0.9772727272727273,253716,4612,18.12370307557285,744.1055527329445,5253,12.607087029144168,271.51291555538774,6.84099043533206,0.9632356073707342,1.2529615834355354,4195455488,0,4633,12230.0,20.0,1518,1135.0,405.0,434.0,489.0,486.0,2675.0
srt_h1024,srt,1024,44,80.60458129928652,0.8611051242362798,293,21005,293,845,4130,0.7839787395596052,0.8301507537688442,0.8,5268,5268,0,0,83,63.46987951807229,37,0.9759036144578314,258984,4695,16.235271215438843,760.3408239483833,5326,12.73888879455626,284.251804349944,6.125964131206274,0.8023935873061419,0.7947357054799795,4195480064,0,4716,12341.0,8.0,1424,1085.0,387.0,427.0,526.0,451.0,2392.0
srt_h1024,srt,1024,45,79.93003130178604,0.8881259056643097,422,21298,422,1076,4286,0.7410096818810512,0.7993286087280865,0.8,5784,5784,0,0,91,63.56043956043956,38,0.978021978021978,264768,4786,18.175957676023245,778.5167816244066,5431,13.132315956056118,297.3841203060001,6.64232287183404,0.8650904223322868,1.3840256854891777,4195504640,0,4807,12604.0,61.0,1443,1235.0,457.0,491.0,521.0,512.0,2568.0
srt_h1024,srt,1024,46,80.08276358402303,0.8873136348138346,509,21720,509,1142,4481,0.7307566862361383,0.7969055664236173,0.8,6132,6132,0,0,96,63.875,55,0.9791666666666666,270900,4882,19.090720638632774,797.6075022630394,5558,13.187955712899566,310.5720760188997,7.012720117345452,0.9392377231270075,1.2508951239287853,4195529216,0,4903,12975.0,188.0,1532,1413.0,442.0,570.0,576.0,555.0,2576.0
srt_h1024,srt,1024,47,79.52742020807618,0.944558405167314,451,22229,451,1107,4342,0.7359322033898306,0.7968434575151404,0.8,5900,5900,0,0,94,62.765957446808514,3,0.9787234042553191,276800,4976,18.41321170143783,816.0207139644772,5671,13.640236843377352,324.21231286227703,6.7123715076595545,0.9222912583500147,1.2607185188680887,4195553792,0,4997,13454.0,100.0,1580,1358.0,408.0,461.0,483.0,521.0,2669.0
srt_h1024,srt,1024,48,79.03560318008988,0.9803205716025979,458,22680,458,1111,4359,0.7353238866396761,0.7968921389396709,0.8,5928,5928,0,0,94,63.06382978723404,10,0.9787234042553191,282728,5070,18.67070815525949,834.6914221197367,5786,14.032904468476772,338.2452173307538,6.606559069827199,0.9391658902168274,1.5701707173138857,4195578368,0,5091,13887.0,113.0,1623,1413.0,463.0,508.0,514.0,536.0,2494.0
srt_h1024,srt,1024,49,79.06621392190152,0.9433418426221157,418,23138,418,1074,4276,0.7413314840499307,0.7992523364485982,0.8,5768,5768,0,0,91,63.38461538461539,34,0.978021978021978,288496,5161,18.146616084501147,852.8380382042378,5890,14.15882115997374,352.40403849072754,6.5642670430243015,0.9662733636796474,1.3324380852282047,4195602944,0,5182,14269.0,82.0,1674,1352.0,401.0,477.0,566.0,483.0,2489.0
srt_h1024,srt,1024,50,79.26666666666667,0.9585131540874331,444,23556,444,1090,4338,0.7387602179836512,0.7991893883566691,0.8,5872,5872,0,0,92,63.82608695652174,52,0.9782608695652174,294368,5253,18.2069988027215,871.0450370069593,6000,14.403145471587777,366.8071839623153,6.39856481552124,0.958028469234705,1.4131603688001633,4195627520,0,5274,14507.0,44.0,1707,1236.0,407.0,480.0,525.0,504.0,2720.0
uniform_h1024,uniform,1024,1,91.52542372881356,1.5257900142999998,475,0,475,1425,0,0.0,0.0,0.8,1900,1900,0,0,106,17.92452830188679,1,0.1320754716981132,1900,106,6.890303108841181,6.890303108841181,118,0.48271308094263077,0.48271308094263077,2.2164912279695272,0.052411410957574844,0.21911220252513885,4194422272,0,107,,,475,,,,,,
uniform_h1024,uniform,1024,2,89.91935483870968,0.5367430637338231,514,475,514,2244,1198,0.3028311425682508,0.34805345729227194,0.8,3956,3956,0,0,166,23.83132530120482,1,0.16265060240963855,5856,272,13.516056885942817,20.406359994783998,248,0.7007821574807167,1.1834952384233475,5.056336985900998,0.10248616524040699,0.2901557795703411,4194446848,0,273,,,548,,,,,,
uniform_h1024,uniform,1024,3,88.57868020304568,0.4049065267225625,586,989,586,3258,2456,0.3898412698412698,0.42982149107455375,0.8,6300,6300,0,0,231,27.272727272727273,2,0.17316017316017315,12156,503,20.02391937188804,40.43027936667204,394,0.9766041971743107,2.160099435597658,8.369685443118215,0.15196595340967178,0.5723416078835726,4194471424,0,504,,,620,,,,,,
uniform_h1024,uniform,1024,4,91.57894736842105,0.3616080608992547,704,1575,704,3288,2920,0.4224537037037037,0.47036082474226804,0.8,6912,6912,0,0,205,33.71707317073171,8,0.2146341463414634,19068,708,20.89964297041297,61.32992233708501,570,1.4122696332633495,3.5723690688610077,8.879566451534629,0.15375854820013046,0.5118091404438019,4194496000,0,709,,,787,,,,,,
uniform_h1024,uniform,1024,5,91.54727793696276,0.3299717778225913,516,2279,516,2295,3349,0.5436688311688311,0.5933734939759037,0.8,6160,6160,0,0,177,34.80225988700565,4,0.20903954802259886,25228,885,17.804759915918112,79.13468225300312,698,1.6350490301847458,5.2074180990457535,7.10201832652092,0.1376982033252716,0.4691680856049061,4194520576,0,886,,,703,,,,,,
uniform_h1024,uniform,1024,6,91.0757946210269,0.3511652854294381,482,2795,482,1939,3603,0.5981075697211156,0.6501263081919885,0.8,6024,6024,0,0,164,36.73170731707317,10,0.25,31252,1049,17.629539081826806,96.76422133482993,818,1.9299407061189413,7.137358805164695,7.227960053831339,0.13025319576263428,0.44355651922523975,4194545152,0,1050,,,666,,,,,,
uniform_h1024,uniform,1024,7,89.60342979635584,0.39280533525635375,461,3277,461,1802,3677,0.619023569023569,0.6711078663989779,0.8,5940,5940,0,0,120,49.5,13,0.4666666666666667,37192,1169,16.618155183270574,113.3823765181005,933,2.1071312818676233,9.244490087032318,6.719557134434581,0.1166073177009821,0.44141288846731186,4194569728,0,1170,,,665,,,,,,
uniform_h1024,uniform,1024,8,90.33771106941839,0.3681097945087327,535,3738,535,1844,3857,0.618505452212957,0.6765479740396422,0.8,6236,6236,0,0,117,53.2991452991453,1,0.452991452991453,43428,1286,17.331679550930858,130.71405606903136,1066,2.4212312269955873,11.665721314027905,7.037010310217738,0.11654490791261196,0.33412459306418896,4194594304,0,1287,,,798,,,,,,
uniform_h1024,uniform,1024,9,89.91666666666667,0.391434862407569,529,4273,529,1653,4030,0.6487443657437219,0.7091325004399085,0.8,6212,6212,0,0,103,60.310679611650485,8,0.7378640776699029,49640,1389,16.989281302317977,147.70333737134933,1200,2.676609616726637,14.342330930754542,6.508326418697834,0.11658590845763683,0.392370680347085,4194618880,0,1390,,,837,,,,,,
uniform_h1024,uniform,1024,10,88.49028400597908,0.46169807511277255,547,4802,547,1166,4571,0.7274029280712921,0.7967578873975946,0.8,6284,6284,0,0,99,63.474747474747474,35,0.9797979797979798,55924,1488,17.411579005420208,165.11491637676954,1338,2.8832060415297747,17.225536972284317,6.807210234925151,0.11867175064980984,0.37161641009151936,4194643456,0,1489,,,855,,,,,,
uniform_h1024,uniform,1024,11,88.03894297635605,0.4513652878724144,395,5349,395,1060,4221,0.7436575052854123,0.7992804393107366,0.8,5676,5676,0,0,90,63.06666666666667,11,0.9777777777777777,61600,1578,15.858384622260928,180.97330099903047,1438,3.126320380717516,20.351857353001833,6.038410035893321,0.10545627027750015,0.5508297644555569,4194668032,0,1579,,,746,,,,,,
uniform_h1024,uniform,1024,12,87.64478764478764,0.46305056105246567,461,5744,461,1113,4366,0.735016835016835,0.7968607410111335,0.8,5940,5940,0,0,94,63.191489361702125,13,0.9787234042553191,67540,1672,16.59615129418671,197.56945229321718,1554,3.4679720643907785,23.81982941739261,6.443619158118963,0.11152342520654202,0.4848416931927204,4194692608,0,1673,,,787,,,,,,
uniform_h1024,uniform,1024,13,88.3402736466389,0.45151108656814815,511,6205,511,1144,4485,0.7304560260586319,0.7967667436489607,0.8,6140,6140,0,0,96,63.958333333333336,61,0.9791666666666666,73680,1768,16.968030678108335,214.53748297132552,1681,3.719811847433448,27.53964126482606,6.397003974765539,0.11528865806758404,0.5471423640847206,4194717184,0,1769,,,882,,,,,,
uniform_h1024,uniform,1024,14,87.42415885273029,0.4855191414607636,526,6716,526,1153,4521,0.7291935483870968,0.7967923863235813,0.8,6200,6200,0,0,98,63.265306122448976,14,0.9795918367346939,79880,1866,17.709237890318036,232.24672086164355,1813,3.944344613701105,31.483985878527164,6.9969742726534605,0.11773538775742054,0.6402647458016872,4194741760,0,1867,,,970,,,,,,
uniform_h1024,uniform,1024,15,86.72887506480042,0.49171818151427116,465,7242,465,1116,4375,0.734553391537945,0.7967583318156984,0.8,5956,5956,0,0,94,63.361702127659576,17,0.9787234042553191,85836,1960,16.61544270813465,248.8621635697782,1929,4.190260356292129,35.67424623481929,6.350484596565366,0.11183834262192249,0.5309689678251743,4194766336,0,1961,,,1015,,,,,,
uniform_h1024,uniform,1024,16,85.88748787584869,0.5500100131101471,529,7707,529,1155,4528,0.7289117836445589,0.796762273447123,0.8,6212,6212,0,0,98,63.38775510204081,17,0.9795918367346939,92048,2058,17.3925248272717,266.2546883970499,2062,4.510504083707929,40.18475031852722,6.817434215918183,0.11783555522561073,0.48940364457666874,4194790912,0,2059,,,1080,,,,,,
uniform_h1024,uniform,1024,17,85.74040219378428,0.549536327957788,498,8236,498,1136,4454,0.7316031537450722,0.7967799642218247,0.8,6088,6088,0,0,96,63.416666666666664,22,0.9791666666666666,98136,2154,16.91489573009312,283.169584127143,2188,4.715126052498817,44.89987637102604,6.488565444946289,0.11558482050895691,0.4951770883053541,4194815488,0,2155,,,1175,,,,,,
uniform_h1024,uniform,1024,18,86.53007846556234,0.5442628372424363,423,8734,423,1077,4288,0.7408431237042156,0.7992544268406337,0.8,5788,5788,0,0,91,63.604395604395606,39,0.978021978021978,103924,2245,16.352701880037785,299.5222860071808,2294,4.907278111204505,49.807154482230544,6.496372889727354,0.11231793276965618,0.4179809670895338,4194840064,0,2246,,,1119,,,,,,
uniform_h1024,uniform,1024,19,86.93300041614648,0.5483438215890089,433,9157,433,1083,4312,0.7398764584763212,0.7992585727525486,0.8,5828,5828,0,0,92,63.34782608695652,19,0.9782608695652174,109752,2337,16.535888457670808,316.0581744648516,2403,5.1935138534754515,55.000668335705996,6.4151388220489025,0.11607996001839638,0.6219735462218523,4194864640,0,2338,,,1133,,,,,,
uniform_h1024,uniform,1024,20,85.3035143769968,0.5982073174551207,406,9590,406,1067,4247,0.7424825174825175,0.7992096349266089,0.8,5720,5720,0,0,91,62.857142857142854,2,0.978021978021978,115472,2428,16.25793801806867,332.3161124829203,2504,5.374517317861319,60.375185653567314,6.359937151893973,0.10794774070382118,0.5424824208021164,4194889216,0,2429,,,1105,,,,,,
uniform_h1024,uniform,1024,21,85.98942598187311,0.5701079694147072,579,9996,579,1185,4648,0.7248908296943232,0.7968455340305161,0.8,6412,6412,0,0,102,62.86274509803921,3,0.9803921568627451,121884,2530,17.98032071813941,350.2964332010597,2648,5.754395695403218,66.12958134897053,6.683297300711274,0.1198788434267044,0.795287961140275,4194913792,0,2531,,,1283,,,,,,
uniform_h1024,uniform,1024,22,85.80202312138728,0.5915779195216014,480,10575,480,1125,4411,0.7332114361702128,0.7967846820809249,0.8,6016,6016,0,0,95,63.32631578947368,32,0.9789473684210527,127900,2625,16.95639005303383,367.2528232540935,2768,5.985707521438599,72.11528887040913,6.529056120663881,0.11355293169617653,0.640858480706811,4194938368,0,2626,,,1324,,,,,,
uniform_h1024,uniform,1024,23,85.37261698440209,0.6262395303863931,468,11055,468,1117,4383,0.734416890080429,0.7969090909090909,0.8,5968,5968,0,0,94,63.48936170212766,20,0.9787234042553191,133868,2719,16.731847770512104,383.98467102460563,2885,6.1917641796171665,78.3070530500263,6.2751850467175245,0.11579991318285465,0.7384597677737474,4194962944,0,2720,,,1366,,,,,,
uniform_h1024,uniform,1024,24,84.31504543924605,0.6346428127808249,344,11523,344,1016,4112,0.7514619883040936,0.8018720748829953,0.8,5472,5472,0,0,87,62.89655172413793,8,0.9770114942528736,139340,2806,15.482721941545606,399.46739296615124,2971,6.4565043691545725,84.76355741918087,5.7905072551220655,0.11009379290044308,0.7167255338281393,4194987520,0,2807,,,1297,,,,,,
uniform_h1024,uniform,1024,25,84.51910408432147,0.6256865898872798,259,11867,259,815,4058,0.7907248636009353,0.8327518982146521,0.8,5132,5132,0,0,82,62.58536585365854,3,0.975609756097561,144472,2888,14.504985192790627,413.97237815894186,3036,6.547013422474265,91.31057084165514,5.461791543290019,0.09869341179728508,0.6518344525247812,4195012096,0,2889,,,1178,,,,,,
uniform_h1024,uniform,1024,26,84.14055080721748,0.6785335837838209,493,12126,493,1133,4442,0.7320369149637442,0.7967713004484305,0.8,6068,6068,0,0,96,63.208333333333336,7,0.9791666666666666,150540,2984,17.044488556683064,431.01686671562493,3159,6.719603482633829,98.03017432428896,6.498355029150844,0.11881723999977112,0.6931966710835695,4195036672,0,2985,,,1341,,,,,,
uniform_h1024,uniform,1024,27,83.9242053789731,0.6688037436376736,450,12619,450,1107,4339,0.7359226594301221,0.7967315460888725,0.8,5896,5896,0,0,94,62.723404255319146,2,0.9787234042553191,156436,3078,17.114695055410266,448.1315617710352,3272,7.14708087220788,105.17725519649684,6.644250301644206,0.12312210537493229,0.8021499942988157,4195061248,0,3079,,,1373,,,,,,
uniform_h1024,uniform,1024,28,82.63189093064612,0.6931024124042913,404,13069,404,1065,4243,0.7428221288515406,0.799359457422758,0.8,5712,5712,0,0,90,63.46666666666667,20,0.9777777777777777,162148,3168,16.097656290978193,464.2292180620134,3374,7.659446509554982,112.83670170605183,6.069591462612152,0.11282976903021336,0.7485661543905735,4195085824,0,3169,,,1402,,,,,,
uniform_h1024,uniform,1024,29,83.02752293577981,0.7166010752806564,456,13473,456,1110,4354,0.735472972972973,0.7968521229868228,0.8,5920,5920,0,0,94,62.97872340425532,8,0.9787234042553191,168068,3262,16.67367536202073,480.9028934240341,3488,7.830203136429191,120.66690484248102,6.28745611011982,0.12168221361935139,0.7311352714896202,4195110400,0,3263,,,1476,,,,,,
uniform_h1024,uniform,1024,30,82.90113452188007,0.6959416845174019,856,13929,856,1354,5310,0.7061170212765957,0.7968187274909964,0.8,7520,7520,0,0,119,63.19327731092437,8,0.9831932773109243,175588,3381,20.760311603546143,501.66320502758026,3702,8.394897695630789,129.0618025381118,7.663723351433873,0.1469013337045908,0.8106803242117167,4195134976,0,3382,,,1867,,,,,,
uniform_h1024,uniform,1024,31,83.38574423480084,0.6849256602266308,458,14785,458,1111,4359,0.7353238866396761,0.7968921389396709,0.8,5928,5928,0,0,94,63.06382978723404,10,0.9787234042553191,181516,3475,17.167765064164996,518.8309700917453,3816,8.509127644822001,137.5709301829338,6.608062703162432,0.12213022261857986,0.8717709332704544,4195159552,0,3476,,,1857,,,,,,
uniform_h1024,uniform,1024,32,83.08241898443481,0.7109450457020888,408,15243,408,1068,4252,0.74231843575419,0.7992481203007519,0.8,5728,5728,0,0,91,62.94505494505494,8,0.978021978021978,187244,3566,16.782989790663123,535.6139598824084,3919,8.732597621157765,146.30352780409157,6.5738810654729605,0.11293123103678226,0.8807916473597288,4195184128,0,3567,,,1803,,,,,,
uniform_h1024,uniform,1024,33,83.151364764268,0.6870791492182041,443,15651,443,1089,4336,0.7389229720518065,0.7992626728110599,0.8,5868,5868,0,0,92,63.78260869565217,49,0.9782608695652174,193112,3658,16.17761442810297,551.7915743105114,4030,8.988662978634238,155.2921907827258,5.823468254879117,0.11773623712360859,0.820790184661746,4195209728,0,3659,,,1813,,,,,,
uniform_h1024,uniform,1024,34,83.48780487804878,0.6906675117559382,282,16094,282,858,4084,0.7817764165390505,0.8263860785107244,0.8,5224,5224,0,0,83,62.93975903614458,14,0.9759036144578314,198336,3741,14.554163934662938,566.3457382451743,4100,9.06841586343944,164.36060664616525,5.473425826057792,0.10934844240546227,0.5527360960841179,4195234304,0,3742,,,1680,,,,,,
uniform_h1024,uniform,1024,35,83.02287196415939,0.7148697383055906,563,16376,563,1175,4610,0.7262129804662886,0.7968885047536733,0.8,6348,6348,0,0,100,63.48,25,0.98,204684,3841,18.1678460072726,584.5135842524469,4241,9.581121027469635,173.9417276736349,6.745004050433636,0.2675773575901985,0.9197729378938675,4195258880,0,3842,,,1805,,,,,,
uniform_h1024,uniform,1024,36,83.29920364050056,0.6966808110088623,619,16939,619,1210,4743,0.7216981132075472,0.7967411389215522,0.8,6572,6572,0,0,104,63.19230769230769,1,0.9807692307692307,211256,3945,18.716818936169147,603.230403188616,4395,9.857518957927823,183.7992466315627,7.021384000778198,0.13068837486207485,0.9799734782427549,4195283456,0,3946,,,1930,,,,,,
uniform_h1024,uniform,1024,37,82.44727592267135,0.7541860512442264,632,17558,632,1217,4775,0.7208635265700483,0.7968958611481975,0.8,6624,6624,0,0,104,63.69230769230769,40,0.9807692307692307,217880,4049,18.624306704849005,621.854709893465,4552,10.260206678882241,194.05945331044495,6.888061203062534,0.1351217795163393,0.9394669663161039,4195308032,0,4050,,,2105,,,,,,
uniform_h1024,uniform,1024,38,82.40681576144834,0.7382934572830853,575,18190,575,1183,4638,0.725140712945591,0.7967703143789727,0.8,6396,6396,0,0,100,63.96,61,0.98,224276,4149,18.337526910007,640.192236803472,4695,10.216484028846025,204.27593733929098,6.852001745253801,0.13906570337712765,1.059199383482337,4195332608,0,4150,,,2234,,,,,,
uniform_h1024,uniform,1024,39,82.5951341235184,0.7382565454821313,459,18765,459,1112,4361,0.7351652056641942,0.7968207564407089,0.8,5932,5932,0,0,94,63.1063829787234,11,0.9787234042553191,230208,4243,17.80963114090264,658.0018679443747,4809,10.608162708580494,214.88410004787147,6.998311523348093,0.11480365134775639,1.0277141202241182,4195357184,0,4244,,,2244,,,,,,
uniform_h1024,uniform,1024,40,82.19122700626643,0.7575513233309545,554,19224,554,1170,4588,0.7268694550063372,0.7968044459881903,0.8,6312,6312,0,0,99,63.75757575757576,42,0.9797979797979798,236520,4342,17.85580595768988,675.8576739020646,4947,11.110591027885675,225.99469107575715,6.590501306578517,0.12942042760550976,0.9753485806286335,4195381760,0,4343,,,2303,,,,,,
uniform_h1024,uniform,1024,41,82.27444732125075,0.7561203078943438,297,19778,297,930,4057,0.7677895533686601,0.8135151393623421,0.8,5284,5284,0,0,83,63.66265060240964,41,0.9759036144578314,241804,4425,15.202154226601124,691.0598281286657,5021,11.285078208893538,237.27976928465068,5.566685484722257,0.11208937875926495,1.0471586640924215,4195406336,0,4426,,,2199,,,,,,
uniform_h1024,uniform,1024,42,81.88869497770021,0.7758710668331201,548,20075,548,1166,4574,0.7274173027989822,0.7968641114982579,0.8,6288,6288,0,0,99,63.515151515151516,36,0.9797979797979798,248092,4524,18.047313529998064,709.1071416586637,5157,11.678509969264269,248.95827925391495,6.60873537696898,0.13541043177247047,1.1960246562957764,4195430912,0,4525,,,2339,,,,,,
uniform_h1024,uniform,1024,43,81.70569198553207,0.7642518755159708,382,20623,382,1039,4203,0.7473328591749644,0.8017932086989699,0.8,5624,5624,0,0,88,63.90909090909091,58,0.9772727272727273,253716,4612,16.491110300645232,725.598251959309,5253,11.826089357957244,260.7843686118722,6.245336834341288,0.11530711501836777,1.057675426825881,4195455488,0,4613,,,2301,,,,,,
uniform_h1024,uniform,1024,44,81.88133683815246,0.7857234370027006,293,21005,293,845,4130,0.7839787395596052,0.8301507537688442,0.8,5268,5268,0,0,83,63.46987951807229,37,0.9759036144578314,258984,4695,14.475167213007808,740.0734191723168,5326,12.100204948335886,272.8845735602081,5.2062212489545345,0.11740128882229328,0.6822626478970051,4195480064,0,4696,,,2180,,,,,,
uniform_h1024,uniform,1024,45,81.38464371202357,0.8102331175634574,422,21298,422,1076,4286,0.7410096818810512,0.7993286087280865,0.8,5784,5784,0,0,91,63.56043956043956,38,0.978021978021978,264768,4786,17.008006662130356,757.0814258344471,5431,12.306464288383722,285.1910378485918,6.532803675159812,0.11857855319976807,1.0716361235827208,4195504640,0,4787,,,2205,,,,,,
uniform_h1024,uniform,1024,46,80.19071608492263,0.8271737329127627,509,21720,509,1142,4481,0.7307566862361383,0.7969055664236173,0.8,6132,6132,0,0,96,63.875,55,0.9791666666666666,270900,4882,18.05764154344797,775.1390673778951,5558,12.741382107138634,297.93241995573044,6.747762344777584,0.13127910532057285,1.3041630387306213,4195529216,0,4883,,,2269,,,,,,
uniform_h1024,uniform,1024,47,80.3385646270499,0.8548065675245516,451,22229,451,1107,4342,0.7359322033898306,0.7968434575151404,0.8,5900,5900,0,0,94,62.765957446808514,3,0.9787234042553191,276800,4976,16.72968972660601,791.8687571045011,5671,12.948571084067225,310.88099103979766,6.061407003551722,0.12065575644373894,1.061836589127779,4195553792,0,4977,,,2332,,,,,,
uniform_h1024,uniform,1024,48,80.0034566194262,0.8804370780423838,458,22680,458,1111,4359,0.7353238866396761,0.7968921389396709,0.8,5928,5928,0,0,94,63.06382978723404,10,0.9787234042553191,282728,5070,17.702060958370566,809.5708180628717,5786,13.047900004312396,323.92889104411006,6.806858763098717,0.121218616142869,1.2215095311403275,4195578368,0,5071,,,2395,,,,,,
uniform_h1024,uniform,1024,49,79.8981324278438,0.8561812831065287,418,23138,418,1074,4276,0.7413314840499307,0.7992523364485982,0.8,5768,5768,0,0,91,63.38461538461539,34,0.978021978021978,288496,5161,16.429376685991883,826.0001947488636,5890,13.39562113955617,337.32451218366623,5.894288454204798,0.12071724981069565,1.1956185661256313,4195602944,0,5162,,,2382,,,,,,
uniform_h1024,uniform,1024,50,80.53333333333333,0.8591808775791642,444,23556,444,1090,4338,0.7387602179836512,0.7991893883566691,0.8,5872,5872,0,0,92,63.82608695652174,52,0.9782608695652174,294368,5253,17.07448250427842,843.074677253142,6000,13.552001975476742,350.87651415914297,6.094405120238662,0.11774089932441711,1.4079801365733147,4195627520,0,5254,,,2411,,,,,,
srt_h4096,srt,4096,1,94.91525423728814,0.09335506355762131,475,0,475,1425,0,0.0,0.0,0.5,1900,1900,0,0,33,57.57575757575758,12,0.7878787878787878,1900,33,4.944551311433315,4.944551311433315,118,0.4340039100497961,0.4340039100497961,1.7719811890274286,0.056541889905929565,0.05421503819525242,4194422272,0,34,0.0,58.0,475,233.0,66.0,90.0,66.0,103.0,1342.0
srt_h4096,srt,4096,2,90.7258064516129,0.38303315786330966,514,475,514,1735,1707,0.4314964610717897,0.4959325973271354,0.5,3956,3956,0,0,63,62.79365079365079,2,0.9682539682539683,5856,96,10.661008195951581,15.605559507384896,248,0.6752048376947641,1.1092087477445602,3.992726707831025,0.13346191495656967,0.16965999640524387,4194446848,0,97,30.0,280.0,514,850.0,164.0,183.0,114.0,180.0,2465.0
srt_h4096,srt,4096,3,88.07106598984771,0.5106734020143723,586,989,586,2857,2857,0.4534920634920635,0.5,0.5,6300,6300,0,0,100,63.0,10,0.98,12156,196,17.831340806558728,33.436900313943624,394,0.9899220913648605,2.0991308391094208,7.212416665628552,0.22812963277101517,0.2582389172166586,4194471424,0,197,308.0,209.0,586,1159.0,238.0,338.0,256.0,404.0,3905.0
srt_h4096,srt,4096,4,89.47368421052632,0.4328328312175986,704,1575,704,4206,4206,0.46138657305835895,0.5,0.5,9116,9116,0,0,143,63.74825174825175,28,0.993006993006993,21272,339,25.47550850175321,58.912408815696836,570,1.3531075902283192,3.45223842933774,9.928645119071007,0.34739987924695015,0.5333303865045309,4194496000,0,340,624.0,140.0,713,1247.0,398.0,734.0,618.0,914.0,5205.0
srt_h4096,srt,4096,5,88.39541547277938,0.43967121867970826,516,2279,516,4577,6087,0.5444543828264758,0.5707989497374344,0.5,11180,11180,0,0,176,63.52272727272727,4,0.9886363636363636,32452,515,30.39332920871675,89.30573802441359,698,1.5517717693001032,5.004010198637843,11.352933691814542,0.4391897823661566,0.6114259660243988,4194520576,0,516,741.0,10.0,530,1431.0,588.0,1000.0,837.0,1210.0,6114.0
srt_h4096,srt,4096,6,88.99755501222494,0.44122130375488106,482,2795,482,4940,7686,0.5863594751296918,0.608743861872327,0.5,13108,13108,0,0,206,63.63106796116505,18,0.9902912621359223,45560,721,36.77877312153578,126.08451114594936,818,1.9448239840567112,6.948834182694554,14.314378995448351,0.5554950870573521,0.6951950881630182,4194545152,0,722,718.0,9.0,482,1590.0,682.0,1153.0,1155.0,1508.0,7020.0
srt_h4096,srt,4096,7,88.10289389067525,0.49441246626705015,461,3277,461,5550,8941,0.597980203317282,0.6170036574425506,0.5,14952,14952,0,0,235,63.625531914893614,13,0.9914893617021276,60512,956,42.2118119020015,168.29632304795086,933,2.118377922102809,9.067212104797363,16.660809569060802,0.6291295029222965,0.8373162504285574,4194569728,0,957,936.0,8.0,472,1878.0,783.0,1370.0,1216.0,1770.0,7935.0
srt_h4096,srt,4096,8,87.71106941838649,0.5228301359851897,535,3738,535,5443,11114,0.6502457289960215,0.6712568702059551,0.5,17092,17092,0,0,268,63.776119402985074,23,0.9925373134328358,77604,1224,48.14065814949572,216.43698119744658,1066,2.4034424126148224,11.470654517412186,18.99972841888666,0.7327218763530254,0.8598811849951744,4194594304,0,1225,804.0,14.0,552,1867.0,757.0,1268.0,1250.0,1800.0,10150.0
srt_h4096,srt,4096,9,87.58333333333333,0.5504424435490152,529,4273,529,6592,11379,0.6150810810810811,0.6331868009570976,0.5,18500,18500,0,0,290,63.793103448275865,17,0.993103448275862,96104,1514,50.821285892277956,267.25826708972454,1200,2.7356527354568243,14.20630725286901,18.982149558141828,0.9077394939959049,1.162085585296154,4194618880,0,1515,914.0,14.0,620,2144.0,925.0,1554.0,1365.0,2104.0,10408.0
srt_h4096,srt,4096,10,86.02391629297459,0.5743262458648588,547,4802,547,6652,11373,0.6123734654318329,0.6309570041608876,0.5,18572,18572,0,0,291,63.8213058419244,35,0.993127147766323,114676,1805,51.79643324390054,319.0547003336251,1338,2.9643218088895082,17.170629061758518,19.78601591847837,0.8429198712110519,1.2869493141770363,4194643456,0,1806,1286.0,14.0,680,2317.0,1012.0,1811.0,1534.0,2296.0,9602.0
srt_h4096,srt,4096,11,85.53546592489569,0.6032391600158612,395,5349,395,5300,12269,0.6829770652415943,0.6983322898286755,0.5,17964,17964,0,0,282,63.702127659574465,11,0.9929078014184397,132640,2087,49.55221218243241,368.6069125160575,1438,3.1213882826268673,20.292017344385386,18.76582159847021,0.8257019091397524,1.0317669697105885,4194668032,0,2088,1283.0,7.0,538,2087.0,866.0,1482.0,1337.0,2090.0,10102.0
srt_h4096,srt,4096,12,84.62033462033462,0.626390555952728,461,5744,461,6110,11657,0.6395106429668642,0.6561040130579163,0.5,18228,18228,0,0,286,63.73426573426573,13,0.993006993006993,150868,2373,50.59197613969445,419.19888865575194,1554,3.297756649553776,23.58977399393916,18.979722999036312,0.8826839197427034,1.331817651167512,4194692608,0,2374,1523.0,12.0,558,2095.0,931.0,1614.0,1487.0,2169.0,9932.0
srt_h4096,srt,4096,13,85.18738845925044,0.6180104183011671,511,6205,511,5813,12104,0.6568265682656826,0.6755595244739633,0.5,18428,18428,0,0,288,63.986111111111114,61,0.9930555555555556,169296,2661,50.71743688173592,469.91632553748786,1681,3.756133383139968,27.34590737707913,18.81978525966406,0.9142138697206974,1.2945190835744143,4194717184,0,2662,1578.0,13.0,623,2060.0,810.0,1357.0,1259.0,1850.0,11092.0
srt_h4096,srt,4096,14,83.56315499172642,0.682061707541173,526,6716,526,6782,11180,0.6047165729121592,0.6224251196971384,0.5,18488,18488,0,0,290,63.751724137931035,14,0.993103448275862,187784,2951,52.66826939582825,522.5845949333161,1813,4.001286031678319,31.347193408757448,20.40312103740871,0.9416378922760487,1.495125062763691,4194741760,0,2952,1948.0,21.0,675,2437.0,953.0,1681.0,1482.0,2139.0,9796.0
srt_h4096,srt,4096,15,83.98133748055987,0.6940408007110594,465,7242,465,5966,11813,0.6475005481254111,0.6644355700545588,0.5,18244,18244,0,0,286,63.79020979020979,17,0.993006993006993,206028,3237,49.7668473739177,572.3514423072338,1929,4.2111734841018915,35.55836689285934,18.15485990047455,0.9650789704173803,1.3073146492242813,4194766336,0,3238,2196.0,6.0,601,2303.0,922.0,1526.0,1349.0,2068.0,10076.0
srt_h4096,srt,4096,16,83.31716779825412,0.7315269765529819,529,7707,529,6538,11433,0.618,0.636191642090034,0.5,18500,18500,0,0,290,63.793103448275865,17,0.993103448275862,224528,3527,52.49254511669278,624.8439874239266,2062,4.42293475009501,39.98130164295435,20.230625113472342,1.0046563781797886,1.4980323743075132,4194790912,0,3528,2497.0,10.0,644,2357.0,952.0,1558.0,1353.0,2107.0,10173.0
srt_h4096,srt,4096,17,83.08957952468008,0.7414609758922666,498,8236,498,6622,11256,0.6125380931649979,0.6296006264682851,0.5,18376,18376,0,0,288,63.80555555555556,22,0.9930555555555556,242904,3815,50.91310687176883,675.7570942956954,2188,4.8687758427113295,44.85007748566568,18.783821431919932,1.0279855467379093,1.525764174759388,4194815488,0,3816,2862.0,20.0,632,2381.0,1016.0,1713.0,1338.0,2000.0,9928.0
srt_h4096,srt,4096,18,82.86835222319094,0.7664056029984299,423,8734,423,4794,12859,0.7113852622261563,0.7284314280858778,0.5,18076,18076,0,0,283,63.87279151943463,39,0.9929328621908127,260980,4098,51.10970493964851,726.8667992353439,2294,4.909489685669541,49.75956717133522,19.53868044167757,1.2291271947324276,1.2715471293777227,4194840064,0,4099,3064.0,16.0,540,2268.0,880.0,1412.0,1196.0,1820.0,10500.0
srt_h4096,srt,4096,19,82.72992093216813,0.7779038840844287,433,9157,433,5406,12277,0.6776882313976595,0.6942826443476786,0.5,18116,18116,0,0,284,63.7887323943662,19,0.9929577464788732,279096,4382,50.48750133626163,777.3543005716056,2403,5.111040376126766,54.87060754746199,18.6129788197577,1.1132265012711287,1.5288805905729532,4194864640,0,4383,3157.0,5.0,622,2308.0,850.0,1478.0,1282.0,1947.0,10251.0
srt_h4096,srt,4096,20,81.46964856230032,0.8372317839101565,406,9590,406,5334,12268,0.6812527765437584,0.6969662538347915,0.5,18008,18008,0,0,283,63.63250883392226,2,0.9929328621908127,297104,4665,50.466262022033334,827.8205625936389,2504,5.497423719614744,60.36803126707673,18.531802428886294,1.1168960966169834,1.7794905807822943,4194889216,0,4666,3374.0,22.0,588,2376.0,921.0,1588.0,1374.0,2035.0,9714.0
srt_h4096,srt,4096,21,82.3262839879154,0.8143982947720275,579,9996,579,6627,11494,0.6146524064171123,0.634291705755753,0.5,18700,18700,0,0,294,63.605442176870746,3,0.9931972789115646,315804,4959,52.11834577657282,879.9389083702117,2648,5.704819383099675,66.0728506501764,18.90114107914269,1.291659103706479,1.7335758153349161,4194913792,0,4960,3731.0,27.0,744,2468.0,957.0,1573.0,1314.0,2016.0,10372.0
srt_h4096,srt,4096,22,81.57514450867052,0.8300399612811106,480,10575,480,5876,11948,0.6527534965034965,0.6703321364452424,0.5,18304,18304,0,0,287,63.77700348432056,32,0.9930313588850174,334108,5246,51.08260685019195,931.0215152204037,2768,5.918362695723772,71.99121334590018,18.76794209331274,1.339650969952345,1.4471722599118948,4194938368,0,5247,4007.0,9.0,706,2545.0,914.0,1517.0,1275.0,1918.0,10135.0
srt_h4096,srt,4096,23,80.69324090121317,0.8774484334365743,468,11055,468,7306,10482,0.5741673970201577,0.5892736676411063,0.5,18256,18256,0,0,286,63.83216783216783,20,0.993006993006993,352364,5532,50.62219994328916,981.6437151636928,2885,6.225687548518181,78.21690089441836,18.012827657163143,1.3090328834950924,1.8403584603220224,4194962944,0,5533,4455.0,25.0,701,2679.0,1093.0,1624.0,1442.0,2014.0,9404.0
srt_h4096,srt,4096,24,80.84819925950859,0.8897645431894958,344,11523,344,4927,12489,0.7032094594594595,0.7170992191088654,0.5,17760,17760,0,0,279,63.655913978494624,8,0.992831541218638,370124,5811,49.60071434639394,1031.2444295100868,2971,6.4940155148506165,84.71091640926898,17.785791005939245,1.241273568943143,1.8871363960206509,4194987520,0,5812,4678.0,14.0,467,2545.0,911.0,1486.0,1311.0,1979.0,9528.0
srt_h4096,srt,4096,25,80.00658761528327,0.9508245501147677,259,11867,259,3697,13464,0.7729047072330655,0.7845696637725075,0.5,17420,17420,0,0,274,63.57664233576642,3,0.9927007299270073,387544,6085,49.33270204626024,1080.577131556347,3036,6.539577960968018,91.25049437023699,18.224340453743935,1.4574626348912716,1.5534481778740883,4195012096,0,6086,4744.0,7.0,383,2449.0,895.0,1560.0,1214.0,1899.0,9403.0
srt_h4096,srt,4096,26,79.32890155112378,0.9376083104570422,493,12126,493,5795,12068,0.6574417084332098,0.675586407658288,0.5,18356,18356,0,0,288,63.736111111111114,7,0.9930555555555556,405900,6373,52.73638659156859,1133.3135181479156,3159,6.595184024423361,97.84567839466035,19.72762511484325,1.53702849522233,1.8859221804887056,4195036672,0,6374,5016.0,28.0,626,2658.0,919.0,1512.0,1249.0,1902.0,10116.0
srt_h4096,srt,4096,27,79.46210268948656,0.9659112556558272,450,12619,450,5340,12394,0.6815882094148702,0.6988835006202775,0.5,18184,18184,0,0,286,63.58041958041958,2,0.993006993006993,424084,6659,51.66016698256135,1184.973685130477,3272,6.985022829845548,104.8307012245059,18.67831722088158,1.5947466809302568,2.0902516171336174,4195061248,0,6660,5263.0,22.0,683,2658.0,959.0,1496.0,1254.0,1874.0,9943.0
srt_h4096,srt,4096,28,79.72732661529342,0.9624374251771375,404,13069,404,4538,13058,0.7254444444444444,0.742100477381223,0.5,18000,18000,0,0,282,63.829787234042556,20,0.9929078014184397,442084,6941,50.75390188023448,1235.7275870107114,3374,7.617126764729619,112.44782798923552,18.41170357912779,1.6289883963763714,1.715539701282978,4195085824,0,6942,5482.0,3.0,608,2521.0,838.0,1476.0,1233.0,1877.0,10055.0
srt_h4096,srt,4096,29,78.6697247706422,1.0279722369153474,456,13473,456,5579,12173,0.6685522847100176,0.6857255520504731,0.5,18208,18208,0,0,286,63.66433566433567,8,0.993006993006993,460292,7227,52.74476467259228,1288.4723516833037,3488,7.892697546631098,120.34052553586662,19.60841481015086,1.6405224911868572,2.102684097364545,4195110400,0,7228,5886.0,14.0,699,2621.0,913.0,1541.0,1292.0,2006.0,9835.0
srt_h4096,srt,4096,30,79.38951917882225,0.9744066028493398,856,13929,856,8797,10155,0.512671647819063,0.5358273533136344,0.5,19808,19808,0,0,311,63.69131832797428,8,0.9935691318327974,480100,7538,55.38623066805303,1343.8585823513567,3702,8.23458831012249,128.5751138459891,19.83886854723096,1.5489131230860949,2.037048429250717,4195134976,0,7539,6695.0,36.0,1110,2880.0,1033.0,1671.0,1340.0,1934.0,10950.0
srt_h4096,srt,4096,31,79.69077568134172,0.969033957307337,458,14785,458,5259,12499,0.6861550285463329,0.7038517851109359,0.5,18216,18216,0,0,286,63.69230769230769,10,0.993006993006993,498316,7824,52.35689719952643,1396.2154795508832,3816,8.59438270330429,137.1694965492934,19.02929979749024,1.6713829394429922,2.295205906033516,4195159552,0,7825,6799.0,12.0,844,2668.0,876.0,1491.0,1234.0,1815.0,10132.0
srt_h4096,srt,4096,32,79.51007910181168,0.9685409996674227,408,15243,408,5242,12366,0.6863898756660746,0.7022944116310768,0.5,18016,18016,0,0,283,63.66077738515901,8,0.9929328621908127,516332,8107,52.56875624880195,1448.7842357996851,3919,8.8048255443573,145.9743220936507,19.499273782595992,1.8473778273910284,2.2338417265564203,4195184128,0,8108,7140.0,20.0,723,2740.0,1002.0,1513.0,1274.0,1886.0,9601.0
srt_h4096,srt,4096,33,79.72704714640199,0.9923961275441965,443,15651,443,4706,13007,0.7164022912535801,0.7343194264099814,0.5,18156,18156,0,0,284,63.929577464788736,49,0.9929577464788732,534488,8391,51.45160233601928,1500.2358381357044,4030,9.013313218951225,154.98763531260192,18.328690269961953,1.9186829030513763,1.9304380901157856,4195209728,0,8392,7319.0,10.0,676,2515.0,876.0,1470.0,1228.0,1852.0,10215.0
srt_h4096,srt,4096,34,78.73170731707317,0.9942443166738419,282,16094,282,3468,13762,0.7858611238008223,0.7987231572838073,0.5,17512,17512,0,0,275,63.68,14,0.9927272727272727,552000,8666,50.66877386905253,1550.904612004757,4100,9.054463602602482,164.0420989152044,18.12116764485836,1.786052843555808,2.5366939771920443,4195234304,0,8667,7344.0,1.0,543,2496.0,925.0,1464.0,1253.0,1790.0,9584.0
srt_h4096,srt,4096,35,78.04763027587833,1.0085689998464755,563,16376,563,6367,11706,0.6281390856406954,0.6477065235434073,0.5,18636,18636,0,0,292,63.821917808219176,25,0.9931506849315068,570636,8958,53.66304142586887,1604.5676534306258,4241,9.670703139156103,173.7128020543605,19.316497407853603,1.7781684808433056,2.6033465061336756,4195258880,0,8959,7684.0,17.0,791,2745.0,923.0,1565.0,1278.0,1875.0,10250.0
srt_h4096,srt,4096,36,78.38452787258248,1.0036356414236989,619,16939,619,6336,11905,0.6312301166489925,0.6526506222246587,0.5,18860,18860,0,0,296,63.71621621621622,1,0.9932432432432432,589496,9254,53.902466053143144,1658.470119483769,4395,9.692687720060349,183.40548977442086,19.2064817994833,1.8695249874144793,2.426971947774291,4195283456,0,9255,8052.0,27.0,963,2664.0,936.0,1416.0,1194.0,1882.0,10768.0
srt_h4096,srt,4096,37,78.09753954305799,1.0284094297602853,632,17558,632,7064,11216,0.5930626057529611,0.613566739606127,0.5,18912,18912,0,0,296,63.891891891891895,40,0.9932432432432432,608408,9550,53.47642022930086,1711.9465397130698,4552,9.960199486464262,193.36568926088512,18.957738682627678,1.9165530893951654,2.13782243616879,4195308032,0,9551,8675.0,19.0,1087,2938.0,1026.0,1513.0,1236.0,1852.0,10347.0
srt_h4096,srt,4096,38,79.02023429179978,0.968332006108857,575,18190,575,6112,11997,0.6421001926782274,0.6624882655033408,0.5,18684,18684,0,0,292,63.986301369863014,61,0.9931506849315068,627092,9842,55.46016949042678,1767.4067092034966,4695,10.291615480557084,203.6573047414422,21.054208379238844,2.0398834608495235,2.3110543936491013,4195332608,0,9843,9181.0,15.0,1016,2870.0,984.0,1470.0,1237.0,1837.0,10286.0
srt_h4096,srt,4096,39,78.83135787065918,0.9958629205559286,459,18765,459,5874,11887,0.6524149286498353,0.6692753786385902,0.5,18220,18220,0,0,286,63.70629370629371,11,0.993006993006993,645312,10128,55.164750745519996,1822.5714599490166,4809,10.622935364022851,214.28024010546505,21.30022001452744,1.9587748777121305,2.5714535657316446,4195357184,0,10129,9443.0,17.0,930,2774.0,958.0,1507.0,1288.0,1923.0,9770.0
srt_h4096,srt,4096,40,78.53244390539722,1.007777222015556,554,19224,554,6615,11431,0.6145698924731183,0.6334367726920093,0.5,18600,18600,0,0,291,63.91752577319588,42,0.993127147766323,663912,10419,52.21606966853142,1874.787529617548,4947,11.113061713054776,225.39330181851983,17.71871428191662,1.9839048124849796,2.6149122454226017,4195381760,0,10420,9903.0,10.0,964,2887.0,994.0,1603.0,1329.0,1959.0,9828.0
srt_h4096,srt,4096,41,78.76916948814977,1.0006754408157976,297,19778,297,4273,13002,0.739927156840428,0.7526483357452967,0.5,17572,17572,0,0,275,63.89818181818182,41,0.9927272727272727,681484,10694,50.90569385513663,1925.6932234726846,5021,11.248624995350838,236.64192681387067,17.959485599771142,2.132765321061015,2.350838292390108,4195406336,0,10695,10031.0,13.0,707,2676.0,956.0,1486.0,1226.0,1859.0,9369.0
srt_h4096,srt,4096,42,78.20438239286406,1.0384075959107428,548,20075,548,7038,10990,0.5916236003445305,0.6096072775682272,0.5,18576,18576,0,0,291,63.83505154639175,36,0.993127147766323,700060,10985,53.70345427468419,1979.3966777473688,5157,11.694893071427941,248.3368198852986,18.952624225988984,2.0565793085843325,2.744529467076063,4195430912,0,10986,10502.0,14.0,883,2975.0,1006.0,1657.0,1329.0,1909.0,9700.0
srt_h4096,srt,4096,43,78.03160098991053,1.0497931549883095,382,20623,382,4673,12857,0.7177869584635999,0.7334284084426697,0.5,17912,17912,0,0,280,63.97142857142857,58,0.9928571428571429,717972,11265,53.41281398572028,2032.809491733089,5253,11.906941495835781,260.2437613811344,19.211894208565354,2.2033447436988354,3.1687158718705177,4195455488,0,11266,10693.0,16.0,765,2654.0,946.0,1428.0,1265.0,1865.0,9754.0
srt_h4096,srt,4096,44,78.06984603830267,1.0489774856620737,293,21005,293,3776,13487,0.7682273866484393,0.7812662920697445,0.5,17556,17556,0,0,275,63.84,37,0.9927272727272727,735528,11540,50.997117690742016,2083.806609423831,5326,12.002036806195974,272.24579818733037,18.01843257434666,2.238751359283924,2.487155195325613,4195480064,0,11541,10843.0,8.0,636,2756.0,916.0,1496.0,1169.0,1801.0,9418.0
srt_h4096,srt,4096,45,78.30970355367336,1.0856180357196206,422,21298,422,5032,12618,0.6982071713147411,0.7149008498583569,0.5,18072,18072,0,0,283,63.85865724381625,38,0.9929328621908127,753600,11823,54.4617885556072,2138.2683979794383,5431,12.212699519470334,284.4584977068007,19.950094118714333,2.2675600592046976,3.1928728874772787,4195504640,0,11824,11078.0,13.0,719,2780.0,913.0,1517.0,1197.0,1775.0,9890.0
srt_h4096,srt,4096,46,77.92371356603094,1.0559208791164458,509,21720,509,6351,11560,0.6275787187839305,0.6454134330858132,0.5,18420,18420,0,0,288,63.958333333333336,55,0.9930555555555556,772020,12111,53.62383485212922,2191.8922328315675,5558,12.683603314682841,297.14210102148354,18.77282501384616,2.2495642360299826,2.932656826451421,4195529216,0,12112,11494.0,15.0,883,3052.0,973.0,1565.0,1397.0,1997.0,9436.0
srt_h4096,srt,4096,47,77.74642920119908,1.0875086743381428,451,22229,451,5226,12511,0.6878711238179019,0.7053616733382195,0.5,18188,18188,0,0,286,63.59440559440559,3,0.993006993006993,790208,12397,52.95592260360718,2244.8481554351747,5671,12.993638265877962,310.1357392873615,18.75861981138587,2.3901692256331444,2.447331005707383,4195553792,0,12398,11851.0,14.0,857,2857.0,967.0,1521.0,1237.0,1803.0,9803.0
srt_h4096,srt,4096,48,76.82336674732112,1.1316491281214265,458,22680,458,5135,12623,0.6929622310057093,0.7108345534407028,0.5,18216,18216,0,0,286,63.69230769230769,10,0.993006993006993,808424,12683,54.532934388145804,2299.3810898233205,5786,13.21351121738553,323.34925050474703,19.571708533912897,2.6519360207021236,2.9629112612456083,4195578368,0,12684,12076.0,14.0,874,2950.0,989.0,1429.0,1312.0,1799.0,9737.0
srt_h4096,srt,4096,49,77.24957555178268,1.1112207121126654,418,23138,418,5617,12021,0.6657620735489588,0.6815398571266583,0.5,18056,18056,0,0,283,63.802120141342755,34,0.9929328621908127,826480,12966,53.88226821832359,2353.263358041644,5890,13.426889663562179,336.7761401683092,19.18169030919671,2.4091810286045074,3.24497202411294,4195602944,0,12967,12411.0,23.0,907,2975.0,972.0,1538.0,1321.0,1929.0,9321.0
srt_h4096,srt,4096,50,77.33333333333333,1.1099681412612878,444,23556,444,4782,12934,0.7122246696035243,0.7300745089184918,0.5,18160,18160,0,0,284,63.943661971830984,52,0.9929577464788732,844640,13250,53.39155186340213,2406.654909905046,6000,13.641733020544052,350.41787318885326,19.00111024826765,2.5286253336817026,2.6652624625712633,4195627520,0,13251,12615.0,12.0,867,2778.0,915.0,1457.0,1204.0,1793.0,10013.0
uniform_h4096,uniform,4096,1,94.91525423728814,0.12431325828295314,475,0,475,1425,0,0.0,0.0,0.5,1900,1900,0,0,33,57.57575757575758,12,0.7878787878787878,1900,33,5.101318560540676,5.101318560540676,118,0.4742278400808573,0.4742278400808573,1.9504259005188942,0.030985819175839424,0.051092036068439484,4194422272,0,34,,,475,,,,,,
uniform_h4096,uniform,4096,2,90.3225806451613,0.3937208803300608,514,475,514,1735,1707,0.4314964610717897,0.4959325973271354,0.5,3956,3956,0,0,63,62.79365079365079,2,0.9682539682539683,5856,96,10.85054693557322,15.951865496113896,248,0.6825454663485289,1.1567733064293861,4.312268305569887,0.06625554524362087,0.11715049296617508,4194446848,0,97,,,523,,,,,,
uniform_h4096,uniform,4096,3,87.30964467005076,0.4727884686344679,586,989,586,2857,2857,0.4534920634920635,0.5,0.5,6300,6300,0,0,100,63.0,10,0.98,12156,196,17.805490490049124,33.75735598616302,394,0.9838839806616306,2.1406572870910168,7.241389447823167,0.1122713852673769,0.3023565374314785,4194471424,0,197,,,620,,,,,,
uniform_h4096,uniform,4096,4,88.24561403508773,0.4450697914261334,704,1575,704,4206,4206,0.46138657305835895,0.5,0.5,9116,9116,0,0,143,63.74825174825175,28,0.993006993006993,21272,339,25.78294115141034,59.54029713757336,570,1.4049770347774029,3.5456343218684196,10.593674331903458,0.16729388944804668,0.32556820288300514,4194496000,0,340,,,743,,,,,,
uniform_h4096,uniform,4096,5,88.82521489971347,0.41468444486428535,516,2279,516,4577,6087,0.5444543828264758,0.5707989497374344,0.5,11180,11180,0,0,176,63.52272727272727,4,0.9886363636363636,32452,515,30.328025633469224,89.86832277104259,698,1.6496718768030405,5.19530619867146,11.639582067728043,0.20031650736927986,0.43888166174292564,4194520576,0,516,,,565,,,,,,
uniform_h4096,uniform,4096,6,88.99755501222494,0.45253998008650914,482,2795,482,4940,7686,0.5863594751296918,0.608743861872327,0.5,13108,13108,0,0,206,63.63106796116505,18,0.9902912621359223,45560,721,37.70936654135585,127.57768931239843,818,2.0459605008363724,7.2412666995078325,15.718299694359303,0.24656774662435055,0.620473712682724,4194545152,0,722,,,524,,,,,,
uniform_h4096,uniform,4096,7,88.7459807073955,0.4448569920945089,461,3277,461,5550,8941,0.597980203317282,0.6170036574425506,0.5,14952,14952,0,0,235,63.625531914893614,13,0.9914893617021276,60512,956,42.48672543466091,170.06441474705935,933,2.372024353593588,9.61329105310142,17.348718306049705,0.28152476996183395,0.7429507523775101,4194569728,0,957,,,494,,,,,,
uniform_h4096,uniform,4096,8,89.02439024390245,0.43912942310689995,535,3738,535,5443,11114,0.6502457289960215,0.6712568702059551,0.5,17092,17092,0,0,268,63.776119402985074,23,0.9925373134328358,77604,1224,47.95600360259414,218.02041834965348,1066,2.6742464806884527,12.287537533789873,19.220110537484288,0.3192864302545786,0.881582697853446,4194594304,0,1225,,,564,,,,,,
uniform_h4096,uniform,4096,9,88.58333333333333,0.45718246792569545,529,4273,529,6592,11379,0.6150810810810811,0.6331868009570976,0.5,18500,18500,0,0,290,63.793103448275865,17,0.993103448275862,96104,1514,53.47747736610472,271.4978957157582,1200,2.9367560651153326,15.224293598905206,22.317181266844273,0.3464585803449154,1.006757240742445,4194618880,0,1515,,,570,,,,,,
uniform_h4096,uniform,4096,10,88.41554559043348,0.47916037500769365,547,4802,547,6652,11373,0.6123734654318329,0.6309570041608876,0.5,18572,18572,0,0,291,63.8213058419244,35,0.993127147766323,114676,1805,52.813790291547775,324.311686007306,1338,3.10733599960804,18.331629598513246,21.300887443125248,0.350395567715168,1.1998882945626974,4194643456,0,1806,,,598,,,,,,
uniform_h4096,uniform,4096,11,87.20445062586926,0.5114966943104007,395,5349,395,5300,12269,0.6829770652415943,0.6983322898286755,0.5,17964,17964,0,0,282,63.702127659574465,11,0.9929078014184397,132640,2087,49.69863555021584,374.0103215575218,1438,3.3076348453760147,21.63926444388926,19.305811489000916,0.331897372379899,1.097193030640483,4194668032,0,2088,,,458,,,,,,
uniform_h4096,uniform,4096,12,86.93693693693693,0.5089944797182903,461,5744,461,6110,11657,0.6395106429668642,0.6561040130579163,0.5,18228,18228,0,0,286,63.73426573426573,13,0.993006993006993,150868,2373,51.55193245597184,425.56225401349366,1554,3.622456129640341,25.2617205735296,20.456382766366005,0.4699475076049566,1.1921217814087868,4194692608,0,2374,,,519,,,,,,
uniform_h4096,uniform,4096,13,87.03152885187389,0.5099352097311701,511,6205,511,5813,12104,0.6568265682656826,0.6755595244739633,0.5,18428,18428,0,0,288,63.986111111111114,61,0.9930555555555556,169296,2661,50.99069190770388,476.55294592119753,1681,3.7811144702136517,29.042835043743253,19.802991520613432,0.3361300192773342,1.1921577546745539,4194717184,0,2662,,,594,,,,,,
uniform_h4096,uniform,4096,14,86.81742967457254,0.5300792710402692,526,6716,526,6782,11180,0.6047165729121592,0.6224251196971384,0.5,18488,18488,0,0,290,63.751724137931035,14,0.993103448275862,187784,2951,55.04996125586331,531.6029071770608,1813,4.1634927447885275,33.20632778853178,23.523912640288472,0.3372031394392252,1.2654307503253222,4194741760,0,2952,,,634,,,,,,
uniform_h4096,uniform,4096,15,86.83255572835667,0.5548531717346935,465,7242,465,5966,11813,0.6475005481254111,0.6644355700545588,0.5,18244,18244,0,0,286,63.79020979020979,17,0.993006993006993,206028,3237,50.24145625717938,581.8443634342402,1929,4.6280079539865255,37.834335742518306,19.234008062630892,0.3358967788517475,1.1364893056452274,4194766336,0,3238,,,587,,,,,,
uniform_h4096,uniform,4096,16,86.17846750727449,0.5876796374071381,529,7707,529,6538,11433,0.618,0.636191642090034,0.5,18500,18500,0,0,290,63.793103448275865,17,0.993103448275862,224528,3527,55.70921844430268,637.5535818785429,2062,4.7016660887748,42.536001831293106,24.08212928287685,0.33869900181889534,1.4695469662547112,4194790912,0,3528,,,655,,,,,,
uniform_h4096,uniform,4096,17,85.00914076782449,0.5944708693677674,498,8236,498,6622,11256,0.6125380931649979,0.6296006264682851,0.5,18376,18376,0,0,288,63.80555555555556,22,0.9930555555555556,242904,3815,53.86623901128769,691.4198208898306,2188,5.217304736375809,47.753306567668915,22.524478625506163,0.3359132818877697,1.4113791566342115,4194815488,0,3816,,,666,,,,,,
uniform_h4096,uniform,4096,18,85.44027898866608,0.6120277818457636,423,8734,423,4794,12859,0.7113852622261563,0.7284314280858778,0.5,18076,18076,0,0,283,63.87279151943463,39,0.9929328621908127,260980,4098,51.275648199021816,742.6954690888524,2294,5.13067133538425,52.883977903053164,20.707145551219583,0.333696523681283,1.1118487920612097,4194840064,0,4099,,,585,,,,,,
uniform_h4096,uniform,4096,19,85.35164377861007,0.6068964113682046,433,9157,433,5406,12277,0.6776882313976595,0.6942826443476786,0.5,18116,18116,0,0,284,63.7887323943662,19,0.9929577464788732,279096,4382,51.72050799429417,794.4159770831466,2403,5.752418722957373,58.63639662601054,20.612098155543208,0.33973686769604683,1.5313360001891851,4194864640,0,4383,,,588,,,,,,
uniform_h4096,uniform,4096,20,85.10383386581469,0.6394167961276311,406,9590,406,5334,12268,0.6812527765437584,0.6969662538347915,0.5,18008,18008,0,0,283,63.63250883392226,2,0.9929328621908127,297104,4665,50.83648953400552,845.2524666171521,2504,5.878341091796756,64.5147377178073,19.967379290610552,0.3411877974867821,1.4232278876006603,4194889216,0,4666,,,579,,,,,,
uniform_h4096,uniform,4096,21,85.00755287009063,0.6474061252070837,579,9996,579,6627,11494,0.6146524064171123,0.634291705755753,0.5,18700,18700,0,0,294,63.605442176870746,3,0.9931972789115646,315804,4959,54.085816556587815,899.3382831737399,2648,6.058236548677087,70.57297426648438,22.03840835765004,0.3477932717651129,1.505626030266285,4194913792,0,4960,,,754,,,,,,
uniform_h4096,uniform,4096,22,84.6820809248555,0.662904207784512,480,10575,480,5876,11948,0.6527534965034965,0.6703321364452424,0.5,18304,18304,0,0,287,63.77700348432056,32,0.9930313588850174,334108,5246,51.81543776765466,951.1537209413946,2768,6.543716287240386,77.11669055372477,20.50573972798884,0.3401554450392723,1.4058369286358356,4194938368,0,5247,,,721,,,,,,
uniform_h4096,uniform,4096,23,83.77816291161179,0.7072670732588215,468,11055,468,7306,10482,0.5741673970201577,0.5892736676411063,0.5,18256,18256,0,0,286,63.83216783216783,20,0.993006993006993,352364,5532,54.11653724312782,1005.2702581845224,2885,6.4645775724202394,83.581268126145,22.441499983891845,0.3403270300477743,1.8682293705642223,4194962944,0,5533,,,746,,,,,,
uniform_h4096,uniform,4096,24,83.9447997307304,0.697522946615901,344,11523,344,4927,12489,0.7032094594594595,0.7170992191088654,0.5,17760,17760,0,0,279,63.655913978494624,8,0.992831541218638,370124,5811,50.94274495355785,1056.2130031380802,2971,7.048602240160108,90.62987036630511,20.10710059478879,0.3343691322952509,1.7254457622766495,4194987520,0,5812,,,626,,,,,,
uniform_h4096,uniform,4096,25,83.69565217391305,0.722335788162654,259,11867,259,3697,13464,0.7729047072330655,0.7845696637725075,0.5,17420,17420,0,0,274,63.57664233576642,3,0.9927007299270073,387544,6085,51.07990234903991,1107.2929054871202,3036,6.914569778367877,97.54444014467299,21.03364971652627,0.3294228967279196,1.5770279485732317,4195012096,0,6086,,,488,,,,,,
uniform_h4096,uniform,4096,26,82.39949351060463,0.7376701565012157,493,12126,493,5795,12068,0.6574417084332098,0.675586407658288,0.5,18356,18356,0,0,288,63.736111111111114,7,0.9930555555555556,405900,6373,52.273002257570624,1159.5659077446908,3159,7.038817843422294,104.58325798809528,20.41322356648743,0.4848876316100359,1.8127646520733833,4195036672,0,6374,,,688,,,,,,
uniform_h4096,uniform,4096,27,82.97677261613691,0.744357326868459,450,12619,450,5340,12394,0.6815882094148702,0.6988835006202775,0.5,18184,18184,0,0,286,63.58041958041958,2,0.993006993006993,424084,6659,51.754953334107995,1211.3208610787988,3272,7.28461929038167,111.86787727847695,20.21214330755174,0.34065437875688076,1.8733518309891224,4195061248,0,6660,,,712,,,,,,
uniform_h4096,uniform,4096,28,82.42442205097807,0.7687342380318714,404,13069,404,4538,13058,0.7254444444444444,0.742100477381223,0.5,18000,18000,0,0,282,63.829787234042556,20,0.9929078014184397,442084,6941,50.52350028604269,1261.8443613648415,3374,7.725297313183546,119.5931745916605,19.625802032649517,0.3479309342801571,1.5305042993277311,4195085824,0,6942,,,678,,,,,,
uniform_h4096,uniform,4096,29,82.1387614678899,0.7983575590035502,456,13473,456,5579,12173,0.6685522847100176,0.6857255520504731,0.5,18208,18208,0,0,286,63.66433566433567,8,0.993006993006993,460292,7227,51.984484024345875,1313.8288453891873,3488,8.494140593335032,128.08731518499553,20.481085527688265,0.33863624185323715,1.8619055580347776,4195110400,0,7228,,,718,,,,,,
uniform_h4096,uniform,4096,30,81.95569962182604,0.7918289906033307,856,13929,856,8797,10155,0.512671647819063,0.5358273533136344,0.5,19808,19808,0,0,311,63.69131832797428,8,0.9935691318327974,480100,7538,55.66728063300252,1369.4961260221899,3702,9.1180291287601,137.20534431375563,21.22806027904153,0.3610654901713133,2.088537683710456,4195134976,0,7539,,,1181,,,,,,
uniform_h4096,uniform,4096,31,82.36373165618448,0.7834064345021429,458,14785,458,5259,12499,0.6861550285463329,0.7038517851109359,0.5,18216,18216,0,0,286,63.69230769230769,10,0.993006993006993,498316,7824,51.7804939635098,1421.2766199856997,3816,9.217092843726277,146.4224371574819,20.01799779944122,0.3361082971096039,2.1024789959192276,4195159552,0,7825,,,938,,,,,,
uniform_h4096,uniform,4096,32,81.4493493238071,0.7862157387701344,408,15243,408,5242,12366,0.6863898756660746,0.7022944116310768,0.5,18016,18016,0,0,283,63.66077738515901,8,0.9929328621908127,516332,8107,52.1808109190315,1473.4574309047312,3919,9.567754432559013,155.99019159004092,20.699228700250387,0.34073440358042717,2.132796123623848,4195184128,0,8108,,,857,,,,,,
uniform_h4096,uniform,4096,33,81.58808933002481,0.7894258670474364,443,15651,443,4706,13007,0.7164022912535801,0.7343194264099814,0.5,18156,18156,0,0,284,63.929577464788736,49,0.9929577464788732,534488,8391,52.807317081838846,1526.26474798657,4030,9.911238428205252,165.90143001824617,21.478844804689288,0.35321445763111115,1.7888758927583694,4195209728,0,8392,,,827,,,,,,
uniform_h4096,uniform,4096,34,81.78048780487805,0.8000038773940633,282,16094,282,3468,13762,0.7858611238008223,0.7987231572838073,0.5,17512,17512,0,0,275,63.68,14,0.9927272727272727,552000,8666,51.58216171711683,1577.8469097036868,4100,9.791341437026858,175.69277145527303,20.834258262068033,0.34801248274743557,2.2658828869462013,4195234304,0,8667,,,630,,,,,,
uniform_h4096,uniform,4096,35,81.60811129450602,0.8132000876301047,563,16376,563,6367,11706,0.6281390856406954,0.6477065235434073,0.5,18636,18636,0,0,292,63.821917808219176,25,0.9931506849315068,570636,8958,52.897971296682954,1630.7448810003698,4241,10.47507001273334,186.16784146800637,20.4456904605031,0.34657068364322186,2.138144578784704,4195258880,0,8959,,,851,,,,,,
uniform_h4096,uniform,4096,36,81.38794084186576,0.8040945940283446,619,16939,619,6336,11905,0.6312301166489925,0.6526506222246587,0.5,18860,18860,0,0,296,63.71621621621622,1,0.9932432432432432,589496,9254,53.17782110720873,1683.9227021075785,4395,10.46034100651741,196.62818247452378,20.147647090256214,0.34834204241633415,2.239662356674671,4195283456,0,9255,,,1051,,,,,,
uniform_h4096,uniform,4096,37,81.15114235500879,0.8260817481227373,632,17558,632,7064,11216,0.5930626057529611,0.613566739606127,0.5,18912,18912,0,0,296,63.891891891891895,40,0.9932432432432432,608408,9550,53.04034001938999,1736.9630421269685,4552,10.543077444657683,207.17125991918147,20.23248542845249,0.35426502116024494,2.033819690346718,4195308032,0,9551,,,1146,,,,,,
uniform_h4096,uniform,4096,38,81.55484558040469,0.8201950824665901,575,18190,575,6112,11997,0.6421001926782274,0.6624882655033408,0.5,18684,18684,0,0,292,63.986301369863014,61,0.9931506849315068,627092,9842,53.8796949274838,1790.8427370544523,4695,10.776397693902254,217.94765761308372,21.417392496019602,0.3493600096553564,2.0390468444675207,4195332608,0,9843,,,1155,,,,,,
uniform_h4096,uniform,4096,39,81.34747348721147,0.8309452361777387,459,18765,459,5874,11887,0.6524149286498353,0.6692753786385902,0.5,18220,18220,0,0,286,63.70629370629371,11,0.993006993006993,645312,10128,55.80323954299092,1846.6459765974432,4809,11.26445946097374,229.21211707405746,23.692973975092173,0.350555244833231,2.459355415776372,4195357184,0,10129,,,1070,,,,,,
uniform_h4096,uniform,4096,40,81.5847988680008,0.8342294177429161,554,19224,554,6615,11431,0.6145698924731183,0.6334367726920093,0.5,18600,18600,0,0,291,63.91752577319588,42,0.993127147766323,663912,10419,53.526618694886565,1900.1725952923298,4947,11.483986282721162,240.69610335677862,20.764684911817312,0.35299608297646046,2.4655208438634872,4195381760,0,10420,,,1129,,,,,,
uniform_h4096,uniform,4096,41,81.41804421429994,0.8499295968253996,297,19778,297,4273,13002,0.739927156840428,0.7526483357452967,0.5,17572,17572,0,0,275,63.89818181818182,41,0.9927272727272727,681484,10694,50.60464250296354,1950.7772377952933,5021,11.73907065950334,252.43517401628196,19.794492781162262,0.35385294631123543,2.230011098086834,4195406336,0,10695,,,870,,,,,,
uniform_h4096,uniform,4096,42,80.78340120224937,0.8626560072496774,548,20075,548,7038,10990,0.5916236003445305,0.6096072775682272,0.5,18576,18576,0,0,291,63.83505154639175,36,0.993127147766323,700060,10985,52.73471225053072,2003.511950045824,5157,12.101745640859008,264.53691965714097,19.823297824710608,0.34803118370473385,2.695887127891183,4195430912,0,10986,,,1053,,,,,,
uniform_h4096,uniform,4096,43,80.67770797639444,0.8462209682914491,382,20623,382,4673,12857,0.7177869584635999,0.7334284084426697,0.5,17912,17912,0,0,280,63.97142857142857,58,0.9928571428571429,717972,11265,53.45490762963891,2056.966857675463,5253,12.268225625157356,276.8051452822983,21.66240868717432,0.35895904898643494,2.5551188327372074,4195455488,0,11266,,,950,,,,,,
uniform_h4096,uniform,4096,44,80.75478783327075,0.8813476407041211,293,21005,293,3776,13487,0.7682273866484393,0.7812662920697445,0.5,17556,17556,0,0,275,63.84,37,0.9927272727272727,735528,11540,50.17727140150964,2107.1441290769726,5326,12.70143972709775,289.5065850093961,19.39000815153122,0.3727316949516535,2.1896007731556892,4195480064,0,11541,,,772,,,,,,
uniform_h4096,uniform,4096,45,80.66654391456454,0.8802579094697367,422,21298,422,5032,12618,0.6982071713147411,0.7149008498583569,0.5,18072,18072,0,0,283,63.85865724381625,38,0.9929328621908127,753600,11823,53.932072047144175,2161.076201124117,5431,13.722240706905723,303.2288257163018,21.89903207309544,0.35665212757885456,2.6402057986706495,4195504640,0,11824,,,849,,,,,,
uniform_h4096,uniform,4096,46,80.76646275638718,0.8778315332697796,509,21720,509,6351,11560,0.6275787187839305,0.6454134330858132,0.5,18420,18420,0,0,288,63.958333333333336,55,0.9930555555555556,772020,12111,55.91748708114028,2216.993688205257,5558,14.00470638461411,317.2335321009159,23.303298795595765,0.35053569078445435,2.700542040169239,4195529216,0,12112,,,1033,,,,,,
uniform_h4096,uniform,4096,47,80.35619820137542,0.8950692402909837,451,22229,451,5226,12511,0.6878711238179019,0.7053616733382195,0.5,18188,18188,0,0,286,63.59440559440559,3,0.993006993006993,790208,12397,51.973109893500805,2268.966798098758,5671,14.111109543591738,331.34464164450765,19.97121106646955,0.3590153679251671,2.407158451154828,4195553792,0,12398,,,1065,,,,,,
uniform_h4096,uniform,4096,48,79.98617352229519,0.9115159382306532,458,22680,458,5135,12623,0.6929622310057093,0.7108345534407028,0.5,18216,18216,0,0,286,63.69230769230769,10,0.993006993006993,808424,12683,52.76348314061761,2321.7302812393755,5786,14.238586543127894,345.58322818763554,20.152190564200282,0.5226039234548807,2.7896768655627966,4195578368,0,12684,,,1090,,,,,,
uniform_h4096,uniform,4096,49,79.9490662139219,0.8999172876051302,418,23138,418,5617,12021,0.6657620735489588,0.6815398571266583,0.5,18056,18056,0,0,283,63.802120141342755,34,0.9929328621908127,826480,12966,53.63400431908667,2375.364285558462,5890,14.19073454849422,359.77396273612976,21.433244101703167,0.366862203925848,2.815293103456497,4195602944,0,12967,,,1055,,,,,,
uniform_h4096,uniform,4096,50,80.4,0.9122915708193154,444,23556,444,4782,12934,0.7122246696035243,0.7300745089184918,0.5,18160,18160,0,0,284,63.943661971830984,52,0.9929577464788732,844640,13250,52.139044132083654,2427.503329690546,6000,14.05237996764481,373.82634270377457,20.106098679825664,0.3681686706840992,2.463758435100317,4195627520,0,13251,,,1065,,,,,,
srt_h4096_standard_rho80_unit8,srt,4096,1,89.83050847457628,1.4865359499110669,475,0,475,1425,0,0.0,0.0,0.8,1900,1900,0,0,106,17.92452830188679,1,0.1320754716981132,1900,106,9.581340998411179,9.581340998411179,118,0.5505904164165258,0.5505904164165258,4.429083604365587,0.08104481734335423,0.3197074420750141,4190162432,19,126,0.0,2.0,475,233.0,63.0,73.0,53.0,80.0,1398.0
srt_h4096_standard_rho80_unit8,srt,4096,2,88.70967741935483,0.45934300355455954,514,475,514,2244,1198,0.3028311425682508,0.34805345729227194,0.8,3956,3956,0,0,166,23.83132530120482,1,0.16265060240963855,5856,272,13.787601767107844,23.368942765519023,248,0.7901755422353745,1.3407659586519003,5.285102905705571,0.2702764216810465,0.32062541134655476,4190187008,1,293,12.0,27.0,514,783.0,154.0,171.0,204.0,211.0,2433.0
srt_h4096_standard_rho80_unit8,srt,4096,3,90.60913705583756,0.40298721944874644,586,989,586,3258,2456,0.3898412698412698,0.42982149107455375,0.8,6300,6300,0,0,231,27.272727272727273,2,0.17316017316017315,12156,503,21.522173112258315,44.89111587777734,394,1.12985435500741,2.4706203136593103,9.151357872411609,0.27701706252992153,0.496325945481658,4190211584,0,524,1.0,2.0,586,880.0,366.0,538.0,653.0,599.0,3264.0
srt_h4096_standard_rho80_unit8,srt,4096,4,90.52631578947368,0.40664748621745334,704,1575,704,3998,4414,0.48420359806932867,0.5247265810746553,0.8,9116,9116,0,0,375,24.309333333333335,2,0.11733333333333333,21272,878,31.689616978168488,76.58073285594583,570,1.6281818971037865,4.098802210763097,13.316373666748405,0.42164798825979233,0.7764284256845713,4190236160,0,899,12.0,17.0,709,975.0,409.0,646.0,838.0,978.0,5270.0
srt_h4096_standard_rho80_unit8,srt,4096,5,88.68194842406876,0.45829000524136243,516,2279,516,3887,6777,0.6061717352415027,0.6355026256564141,0.8,11180,11180,0,0,634,17.634069400630914,1,0.052050473186119876,32452,1512,41.23942003026605,117.82015288621187,698,1.66078176535666,5.759583976119757,14.736302131786942,0.5809365306049585,1.5243691205978394,4190260736,0,1533,14.0,6.0,516,1090.0,510.0,692.0,872.0,1002.0,7014.0
srt_h4096_standard_rho80_unit8,srt,4096,6,88.01955990220048,0.5562115146058028,482,2795,482,4300,8326,0.6351846200793408,0.659432916204657,0.8,13108,13108,0,0,983,13.334689725330621,1,0.024415055951169887,45560,2495,54.51257338933647,172.33272627554834,818,2.044008143246174,7.803592119365931,18.953246103599668,0.7609121724963188,2.3122205585241318,4190285312,0,2516,9.0,0.0,538,1173.0,501.0,657.0,784.0,909.0,9084.0
srt_h4096_standard_rho80_unit8,srt,4096,7,85.31618435155413,0.6328452671183987,461,3277,461,5205,9286,0.6210540395933655,0.6408115381961217,0.8,14952,14952,0,0,1511,9.895433487756453,1,0.013898080741230973,60512,4006,75.70038590207696,248.0331121776253,933,2.2503201104700565,10.053912229835987,22.962818272411823,1.0276874005794525,3.6442137993872166,4190309888,0,4027,7.0,1.0,461,1370.0,590.0,746.0,906.0,1029.0,10311.0
srt_h4096_standard_rho80_unit8,srt,4096,8,85.55347091932458,0.6774118206503966,535,3738,535,5619,10938,0.6399485139246431,0.6606269251676028,0.8,17092,17092,0,0,1920,8.902083333333334,1,0.013020833333333334,77604,5926,91.4218844436109,339.4549966212362,1066,2.6692124865949154,12.723124716430902,27.183405976742506,1.224991211667657,4.840971373021603,4190334464,6,5953,5.0,1.0,556,1385.0,564.0,725.0,861.0,1015.0,12542.0
srt_h4096_standard_rho80_unit8,srt,4096,9,84.33333333333333,0.7396480999634739,529,4273,529,6767,11204,0.6056216216216216,0.623448889878137,0.8,18500,18500,0,0,2440,7.581967213114754,1,0.010655737704918032,96104,8366,112.72871676832438,452.1837133895606,1200,2.817626029253006,15.540750745683908,30.071549352258444,1.4902900662273169,6.44539843685925,4190359040,7,8400,6.0,4.0,575,1578.0,643.0,911.0,1090.0,1174.0,13104.0
srt_h4096_standard_rho80_unit8,srt,4096,10,83.85650224215247,0.7539359496457304,547,4802,547,7015,11010,0.5928279129872926,0.6108183079056866,0.8,18572,18572,0,0,2259,8.22133687472333,1,0.011509517485613104,114676,10625,113.09599076211452,565.2797041516751,1338,3.189882142469287,18.730632888153195,32.024383045732975,1.4791916217654943,6.658463340252638,4190383616,8,10667,2.0,2.0,572,1661.0,719.0,1004.0,1183.0,1291.0,12714.0
srt_h4096_standard_rho80_unit8,srt,4096,11,80.94575799721837,0.9147432953187068,395,5349,395,5873,11696,0.6510799376530839,0.6657180260686436,0.8,17964,17964,0,0,2549,7.047469595919969,1,0.007061592781482934,132640,13174,124.49726121686399,689.7769653685391,1438,3.309478722512722,22.040111610665917,32.67117719352245,1.571036597713828,7.071297030895948,4190408192,8,13224,1.0,0.0,420,1489.0,680.0,924.0,1055.0,1190.0,12626.0
srt_h4096_standard_rho80_unit8,srt,4096,12,81.08108108108108,1.1245447826646966,461,5744,461,6537,11230,0.6160851437349133,0.6320706928575449,0.8,18228,18228,0,0,2442,7.464373464373464,1,0.009009009009009009,150868,15616,117.51719055883586,807.294155927375,1554,3.7473807875066996,25.787492398172617,31.58345816656947,1.6127139050513506,7.261099385097623,4190432768,6,15672,3.0,2.0,462,1592.0,672.0,982.0,1146.0,1257.0,12579.0
srt_h4096_standard_rho80_unit8,srt,4096,13,84.3545508625818,0.8133110019758217,511,6205,511,6841,11076,0.6010418927718689,0.6181838477423676,0.8,18428,18428,0,0,2406,7.659185369908562,1,0.010390689941812137,169296,18022,118.90634281374514,926.2004987411201,1681,3.810668222606182,29.5981606207788,31.72862601093948,1.5454195905476809,7.513219069689512,4190457344,11,18089,4.0,3.0,513,1639.0,645.0,864.0,989.0,1197.0,13094.0
srt_h4096_standard_rho80_unit8,srt,4096,14,83.61831218974076,0.8189785941132632,526,6716,526,6787,11175,0.6044461272176547,0.6221467542589912,0.8,18488,18488,0,0,2152,8.591078066914498,1,0.01254646840148699,187784,20174,114.19124231114984,1040.39174105227,1813,4.133853081613779,33.73201370239258,32.71726001240313,1.4664583913981915,7.586574198678136,4190481920,5,20246,7.0,2.0,549,1710.0,746.0,990.0,1160.0,1245.0,12637.0
srt_h4096_standard_rho80_unit8,srt,4096,15,83.10005184033177,0.936867498442192,465,7242,465,6316,11463,0.6283161587371191,0.6447494234771359,0.8,18244,18244,0,0,2216,8.232851985559567,1,0.009025270758122744,206028,22390,114.91406552866101,1155.305806580931,1929,4.352534972131252,38.08454867452383,30.64458828791976,1.4830613546073437,8.298395406454802,4190506496,7,22469,6.0,1.0,473,1610.0,688.0,912.0,1040.0,1105.0,12889.0
srt_h4096_standard_rho80_unit8,srt,4096,16,78.80698351115421,0.9845327495376114,529,7707,529,6690,11281,0.6097837837837838,0.6277335707528796,0.8,18500,18500,0,0,2181,8.48234754699679,1,0.012379642365887207,224528,24571,118.5218896009028,1273.8276961818337,2062,4.8875726237893105,42.97212129831314,33.866311088204384,1.5348041858524084,8.872376563027501,4190531072,6,24656,7.0,0.0,538,1676.0,691.0,873.0,1070.0,1203.0,12987.0
srt_h4096_standard_rho80_unit8,srt,4096,17,82.12979890310785,0.9286606964196028,498,8236,498,6776,11102,0.6041575968654767,0.6209866875489428,0.8,18376,18376,0,0,1908,9.631027253668764,1,0.01310272536687631,242904,26479,96.61353432573378,1370.4412305075675,2188,5.056331362575293,48.02845266088843,28.45959354005754,1.289712619036436,7.883862487971783,4190555648,2,26566,14.0,4.0,642,1741.0,660.0,1011.0,1228.0,1386.0,12350.0
srt_h4096_standard_rho80_unit8,srt,4096,18,81.73496076721884,0.906853586564807,423,8734,423,4871,12782,0.7071254702367781,0.7240695632470402,0.8,18076,18076,0,0,2010,8.993034825870646,1,0.009950248756218905,260980,28489,101.65360447019339,1472.094834977761,2294,5.213656209409237,53.24210887029767,30.085934925824404,1.3483913652598858,8.5677874609828,4190580224,3,28579,3.0,2.0,492,1592.0,660.0,819.0,946.0,1036.0,13023.0
srt_h4096_standard_rho80_unit8,srt,4096,19,81.5230961298377,0.8688270778628104,433,9157,433,5352,12331,0.68066902185913,0.6973364248147939,0.8,18116,18116,0,0,2082,8.701248799231507,1,0.008165225744476465,279096,30571,101.02691553533077,1573.1217505130917,2403,5.4470805283635855,58.689189398661256,28.63232340849936,1.3287574537098408,8.881452202796936,4190604800,4,30665,10.0,2.0,547,1631.0,663.0,789.0,941.0,1127.0,12965.0
srt_h4096_standard_rho80_unit8,srt,4096,20,81.70926517571885,0.8391596423366943,406,9590,406,5540,12062,0.6698134162594402,0.6852630382911032,0.8,18008,18008,0,0,1897,9.492883500263574,1,0.010542962572482868,297104,32468,94.63014909252524,1667.751899605617,2504,5.710454802960157,64.39964420162141,27.38821493461728,1.2626826260238886,8.818582184612751,4190629376,0,32562,7.0,4.0,526,1829.0,721.0,971.0,1181.0,1277.0,12029.0
srt_h4096_standard_rho80_unit8,srt,4096,21,79.83383685800604,0.9424347600462077,579,9996,579,6049,12072,0.6455614973262032,0.6661884001986645,0.8,18700,18700,0,0,1558,12.002567394094994,1,0.01989730423620026,315804,34026,85.28513631783426,1753.0370359234512,2648,6.13091840967536,70.53056261129677,26.6017674934119,1.182468580082059,7.544528175145388,4190653952,0,34120,10.0,4.0,713,1993.0,831.0,1048.0,1234.0,1440.0,12154.0
srt_h4096_standard_rho80_unit8,srt,4096,22,81.5028901734104,0.9307851349164777,480,10575,480,5042,12782,0.6983173076923077,0.7171229802513465,0.8,18304,18304,0,0,1413,12.953998584571833,2,0.017692852087756547,334108,35439,78.1655303183943,1831.2025662418455,2768,6.179185474291444,76.70974808558822,23.874691048637033,1.1170406769961119,6.86245540343225,4190678528,0,35533,8.0,1.0,513,2003.0,822.0,1060.0,1209.0,1346.0,11864.0
srt_h4096_standard_rho80_unit8,srt,4096,23,79.5840554592721,1.0114814042697604,468,11055,468,6124,11664,0.6389132340052586,0.6557229592984034,0.8,18256,18256,0,0,1117,16.343777976723366,1,0.022381378692927483,352364,36556,72.21543281339109,1903.4179990552366,2885,6.661114625632763,83.37086271122098,24.560470167547464,1.0450579468160868,5.296408500522375,4190703104,0,36650,19.0,5.0,508,2049.0,993.0,1320.0,1477.0,1546.0,10871.0
srt_h4096_standard_rho80_unit8,srt,4096,24,77.14574217435207,1.1409832454916375,344,11523,344,4027,13389,0.7538851351351351,0.7687758383096004,0.8,17760,17760,0,0,1167,15.218508997429305,4,0.015424164524421594,370124,37723,76.83404791913927,1980.2520469743758,2971,6.555100047960877,89.92596275918186,27.052437333390117,1.1169032957404852,5.5156453009694815,4190727680,0,37817,17.0,1.0,352,1848.0,934.0,1103.0,1337.0,1490.0,11048.0
srt_h4096_standard_rho80_unit8,srt,4096,25,76.91040843214756,1.1832228857633138,259,11867,259,3072,14089,0.8087830080367394,0.8209894528290892,0.8,17420,17420,0,0,1310,13.297709923664122,1,0.009923664122137405,387544,39033,82.92616769298911,2063.178214667365,3036,6.7060950715094805,96.63205783069134,28.287519676610827,1.1862681284546852,6.33979375846684,4190752256,0,39127,27.0,0.0,259,1817.0,786.0,987.0,1162.0,1275.0,11393.0
srt_h4096_standard_rho80_unit8,srt,4096,26,76.47989870212092,1.1117688929137977,493,12126,493,4730,13133,0.7154608847243408,0.7352068521524939,0.8,18356,18356,0,0,1155,15.892640692640693,2,0.023376623376623377,405900,40188,79.44371743686497,2142.62193210423,3159,7.252953145653009,103.88501097634435,28.494149088859558,1.1689774580299854,5.875843200832605,4190776832,0,40282,8.0,1.0,499,2059.0,830.0,1042.0,1240.0,1474.0,11711.0
srt_h4096_standard_rho80_unit8,srt,4096,27,76.22249388753056,1.199212942051931,450,12619,450,4541,13193,0.7255279366476023,0.7439381978121123,0.8,18184,18184,0,0,1143,15.909011373578302,2,0.021872265966754154,424084,41331,77.59384833462536,2220.2157804388553,3272,7.20915656350553,111.09416753984988,26.51540097221732,1.1536563951522112,6.011600412428379,4190801408,0,41425,12.0,0.0,468,1950.0,853.0,1049.0,1190.0,1357.0,11785.0
srt_h4096_standard_rho80_unit8,srt,4096,28,76.64493183165382,1.1209607222318585,404,13069,404,3935,13661,0.7589444444444444,0.7763696294612412,0.8,18000,18000,0,0,1198,15.025041736227045,2,0.019198664440734557,442084,42529,77.79372076876462,2298.00950120762,3374,7.7614006996154785,118.85556823946536,26.22931580245495,1.1104169301688671,6.482385789975524,4190825984,0,42623,12.0,2.0,414,1867.0,786.0,1025.0,1129.0,1314.0,11879.0
srt_h4096_standard_rho80_unit8,srt,4096,29,76.23279816513761,1.1709639507401877,456,13473,456,4422,13330,0.7320957820738138,0.7509013068949978,0.8,18208,18208,0,0,1100,16.55272727272727,3,0.023636363636363636,460292,43629,71.58852247335017,2369.59802368097,3488,8.123305873945355,126.97887411341071,24.62733276002109,1.0161425489932299,6.116830689832568,4190850560,0,43723,25.0,1.0,466,1965.0,869.0,964.0,1237.0,1360.0,11813.0
srt_h4096_standard_rho80_unit8,srt,4096,30,75.87790383576446,1.205053640699102,856,13929,856,7043,11909,0.6012217285945073,0.6283769523005488,0.8,19808,19808,0,0,844,23.46919431279621,7,0.061611374407582936,480100,44473,68.35367074608803,2437.951694427058,3702,8.905431037768722,135.88430515117943,25.652979692444205,1.0249984338879585,5.123712418600917,4190875136,0,44567,20.0,6.0,878,2072.0,990.0,1216.0,1457.0,1546.0,12527.0
srt_h4096_standard_rho80_unit8,srt,4096,31,75.47169811320755,1.2146401196426055,458,14785,458,4053,13705,0.7523605621431708,0.7717648383827007,0.8,18216,18216,0,0,865,21.058959537572253,5,0.03930635838150289,498316,45338,67.29657850787044,2505.2482729349285,3816,8.949707482010126,144.83401263318956,25.09343307092786,1.0206983927637339,5.1988932602107525,4190899712,0,45432,20.0,0.0,722,1904.0,886.0,1088.0,1264.0,1384.0,11690.0
srt_h4096_standard_rho80_unit8,srt,4096,32,75.91222250574125,1.1815781379611114,408,15243,408,4012,13596,0.7546625222024866,0.7721490231712858,0.8,18016,18016,0,0,800,22.52,7,0.0325,516332,46138,62.17335135303438,2567.421624287963,3919,9.163229282945395,153.99724191613495,23.736163845285773,0.9350360799580812,5.030374672263861,4190924288,0,46232,21.0,4.0,581,1940.0,894.0,1152.0,1333.0,1475.0,11222.0
srt_h4096_standard_rho80_unit8,srt,4096,33,75.60794044665012,1.1648868436408146,443,15651,443,3777,13936,0.7675699493280458,0.7867667814599447,0.8,18156,18156,0,0,829,21.90108564535585,5,0.032569360675512665,534488,46967,65.44991868920624,2632.871542977169,4030,9.654957789927721,163.65219970606267,25.14850550889969,0.9547551795840263,5.443461216986179,4190949888,0,47061,15.0,3.0,449,1851.0,852.0,1086.0,1301.0,1421.0,11645.0
srt_h4096_standard_rho80_unit8,srt,4096,34,76.34146341463415,1.159783727576794,282,16094,282,2720,14510,0.8285746916400183,0.8421358096343586,0.8,17512,17512,0,0,917,19.097055616139585,5,0.015267175572519083,552000,47884,67.39841353334486,2700.269956510514,4100,9.316462732851505,172.96866243891418,25.45985784009099,1.0213140305131674,5.702420365065336,4190974464,0,47978,11.0,2.0,442,1805.0,837.0,998.0,1194.0,1449.0,11229.0
srt_h4096_standard_rho80_unit8,srt,4096,35,76.1848620608347,1.2149890944947355,563,16376,563,4597,13476,0.7231165486155827,0.7456426713882587,0.8,18636,18636,0,0,782,23.831202046035806,5,0.03964194373401535,570636,48666,65.51017059013247,2765.7801271006465,4241,9.988553231582046,182.95721567049623,25.80743672326207,1.098664052784443,5.224337708204985,4190999040,0,48760,21.0,4.0,635,1969.0,898.0,1119.0,1321.0,1498.0,11831.0
srt_h4096_standard_rho80_unit8,srt,4096,36,75.56313993174061,1.1617128872013434,619,16939,619,4558,13683,0.7255037115588547,0.7501233485006304,0.8,18860,18860,0,0,744,25.349462365591396,5,0.051075268817204304,589496,49410,65.44442447833717,2831.2245515789837,4395,10.025778559967875,192.9829942304641,25.87664582580328,0.9964350517839193,5.142011987045407,4191023616,0,49504,30.0,0.0,717,1870.0,890.0,1132.0,1301.0,1416.0,12251.0
srt_h4096_standard_rho80_unit8,srt,4096,37,75.98857644991213,1.1525341670568277,632,17558,632,4833,13447,0.7110300338409475,0.7356126914660831,0.8,18912,18912,0,0,644,29.366459627329192,8,0.07453416149068323,608408,50054,62.69300493225455,2893.917556511238,4552,10.623689774423838,203.60668400488794,25.115958876907825,1.048346620053053,4.6590401493012905,4191048192,0,50148,31.0,7.0,776,1995.0,970.0,1222.0,1469.0,1484.0,11772.0
srt_h4096_standard_rho80_unit8,srt,4096,38,75.07987220447285,1.2096513046625952,575,18190,575,4213,13896,0.74373795761079,0.76735324976531,0.8,18684,18684,0,0,588,31.775510204081634,11,0.07142857142857142,627092,50642,59.170006573200226,2953.0875630844384,4695,11.221424411982298,214.82810841687024,24.150271167978644,0.8661726005375385,4.231217930093408,4191072768,0,50736,28.0,3.0,671,2112.0,933.0,1166.0,1372.0,1485.0,11616.0
srt_h4096_standard_rho80_unit8,srt,4096,39,75.10917030567686,1.2153960778251227,459,18765,459,3785,13976,0.7670691547749725,0.7868926299194865,0.8,18220,18220,0,0,595,30.6218487394958,11,0.06890756302521009,645312,51237,60.179893121123314,3013.2674562055618,4809,11.320632252842188,226.14874066971242,25.389412185177207,0.8795161060988903,4.482052180916071,4191097344,0,51331,19.0,3.0,500,1970.0,910.0,1184.0,1488.0,1473.0,11195.0
srt_h4096_standard_rho80_unit8,srt,4096,40,75.01516070345664,1.2029782542769518,554,19224,554,4154,13892,0.7468817204301075,0.7698104843178544,0.8,18600,18600,0,0,538,34.572490706319705,8,0.10408921933085502,663912,51775,58.12197000160813,3071.38942620717,4947,12.04910808429122,238.19784875400364,23.400512563064694,0.8540241401642561,4.355326669290662,4191121920,0,51869,25.0,1.0,578,2047.0,973.0,1342.0,1540.0,1679.0,11019.0
srt_h4096_standard_rho80_unit8,srt,4096,41,74.90539733120892,1.2236597317700921,297,19778,297,2681,14594,0.8305258365581607,0.8448046309696092,0.8,17572,17572,0,0,558,31.491039426523297,7,0.03942652329749104,681484,52333,55.06756509654224,3126.456991303712,5021,12.274566056206822,250.47241481021047,22.008716380223632,0.825803542509675,4.60181375965476,4191146496,0,52427,33.0,0.0,325,1819.0,977.0,1207.0,1388.0,1532.0,10649.0
srt_h4096_standard_rho80_unit8,srt,4096,42,75.72231917781656,1.2105412233919144,548,20075,548,4322,13706,0.7378337639965546,0.7602618149545152,0.8,18576,18576,0,0,504,36.857142857142854,15,0.11507936507936507,700060,52837,57.23545052856207,3183.692441832274,5157,12.69985419139266,263.1722690016031,23.031729938462377,0.8518150206655264,4.272623842582107,4191171072,0,52931,35.0,6.0,550,2108.0,1028.0,1373.0,1612.0,1725.0,10730.0
srt_h4096_standard_rho80_unit8,srt,4096,43,76.03274319436512,1.1856845378083902,382,20623,382,2909,14621,0.8162684234033051,0.8340559041642898,0.8,17912,17912,0,0,479,37.39457202505219,16,0.07515657620041753,717972,53316,55.90208447165787,3239.594526303932,5253,12.951484553515911,276.12375355511904,23.193875962868333,0.8034358881413937,4.261346198618412,4191195648,0,53410,27.0,1.0,394,1927.0,955.0,1206.0,1407.0,1578.0,10839.0
srt_h4096_standard_rho80_unit8,srt,4096,44,74.61509575666541,1.2136854089445777,293,21005,293,2301,14962,0.8522442469810891,0.8667091467300005,0.8,17556,17556,0,0,502,34.97211155378486,8,0.049800796812749,735528,53818,54.72107697837055,3294.3156032823026,5326,12.746756015345454,288.8705095704645,22.836423819884658,0.7853604909032583,4.272993586957455,4191220224,0,53912,24.0,2.0,301,1845.0,893.0,1204.0,1372.0,1545.0,10697.0
srt_h4096_standard_rho80_unit8,srt,4096,45,75.6030197017124,1.222951884871081,422,21298,422,3095,14555,0.8053895528995131,0.8246458923512748,0.8,18072,18072,0,0,461,39.20173535791757,4,0.1019522776572668,753600,54279,55.35431761294603,3349.6699208952487,5431,13.289185335859656,302.15969490632415,23.250467661768198,0.777848755940795,3.9392493665218353,4191244800,0,54373,41.0,2.0,429,2055.0,974.0,1185.0,1397.0,1541.0,10920.0
srt_h4096_standard_rho80_unit8,srt,4096,46,74.95501979129183,1.2231056254529562,509,21720,509,3621,14290,0.7757871878393051,0.797833733459885,0.8,18420,18420,0,0,414,44.492753623188406,12,0.2028985507246377,772020,54693,55.67416535131633,3405.344086246565,5558,13.504736453294754,315.6644313596189,22.418921899050474,0.7802875768393278,3.7489665057510138,4191269376,0,54787,51.0,5.0,517,2144.0,1107.0,1334.0,1653.0,1808.0,10374.0
srt_h4096_standard_rho80_unit8,srt,4096,47,73.8494092752601,1.3227058679138974,451,22229,451,3082,14655,0.8057510446448207,0.8262389355584372,0.8,18188,18188,0,0,410,44.360975609756096,3,0.17073170731707318,790208,55103,55.07868233323097,3460.422768579796,5671,13.700028507038951,329.36445986665785,22.48436868004501,0.7794495765119791,4.07667182199657,4191293952,0,55197,60.0,3.0,565,2088.0,1013.0,1238.0,1495.0,1608.0,10746.0
srt_h4096_standard_rho80_unit8,srt,4096,48,74.12720359488421,1.2828530294568021,458,22680,458,2907,14851,0.815272288098375,0.8362991327852236,0.8,18216,18216,0,0,395,46.11645569620253,10,0.22278481012658227,808424,55498,54.757922522723675,3515.1806911025196,5786,14.186447456479073,343.5509073231369,21.70848031528294,0.936839023604989,3.330104399472475,4191318528,0,55592,51.0,7.0,611,2060.0,1001.0,1351.0,1565.0,1707.0,10532.0
srt_h4096_standard_rho80_unit8,srt,4096,49,73.58234295415959,1.330241578562919,418,23138,418,2745,14893,0.8248227735932654,0.8443701099897948,0.8,18056,18056,0,0,372,48.53763440860215,24,0.25,826480,55870,54.94826151803136,3570.128952620551,5890,14.56366110406816,358.1145684272051,21.989482454955578,0.8084158431738615,3.770742893218994,4191343104,0,55964,32.0,5.0,474,2050.0,977.0,1357.0,1587.0,1791.0,10294.0
srt_h4096_standard_rho80_unit8,srt,4096,50,73.96666666666667,1.2682141565151754,444,23556,444,2603,15113,0.8322136563876652,0.8530706705802664,0.8,18160,18160,0,0,373,48.68632707774799,23,0.2386058981233244,844640,56243,54.705987548455596,3624.8349401690066,6000,14.617581965401769,372.73215039260685,22.304123483598232,0.7974366042762995,3.6800822969526052,4191367680,0,56337,39.0,8.0,454,2104.0,996.0,1238.0,1529.0,1690.0,10603.0
uniform_h4096_standard_rho80_unit8,uniform,4096,1,91.52542372881356,1.5257900142999998,475,0,475,1425,0,0.0,0.0,0.8,1900,1900,0,0,106,17.92452830188679,1,0.1320754716981132,1900,106,7.633680611848831,7.633680611848831,118,0.49099367298185825,0.49099367298185825,2.670870190486312,0.05877879820764065,0.15157361328601837,4194422272,0,107,,,475,,,,,,
uniform_h4096_standard_rho80_unit8,uniform,4096,2,89.91935483870968,0.5367430637338231,514,475,514,2244,1198,0.3028311425682508,0.34805345729227194,0.8,3956,3956,0,0,166,23.83132530120482,1,0.16265060240963855,5856,272,14.015927210450172,21.649607822299004,248,0.77724221162498,1.2682358846068382,5.557354982942343,0.10789732448756695,0.2290101107209921,4194446848,0,273,,,548,,,,,,
uniform_h4096_standard_rho80_unit8,uniform,4096,3,88.57868020304568,0.4049065267225625,586,989,586,3258,2456,0.3898412698412698,0.42982149107455375,0.8,6300,6300,0,0,231,27.272727272727273,2,0.17316017316017315,12156,503,20.718106808140874,42.36771463043988,394,1.0672097690403461,2.3354456536471844,8.998695151880383,0.15594871155917645,0.4448445290327072,4194471424,0,504,,,620,,,,,,
uniform_h4096_standard_rho80_unit8,uniform,4096,4,91.75438596491227,0.32119805872443846,704,1575,704,3998,4414,0.48420359806932867,0.5247265810746553,0.8,9116,9116,0,0,375,24.309333333333335,2,0.11733333333333333,21272,878,31.92397483251989,74.29168946295977,570,1.5004689767956734,3.8359146304428577,13.42069472745061,0.2504237946122885,0.7689022161066532,4194496000,0,879,,,741,,,,,,
uniform_h4096_standard_rho80_unit8,uniform,4096,5,91.26074498567336,0.3121110050334914,516,2279,516,3887,6777,0.6061717352415027,0.6355026256564141,0.8,11180,11180,0,0,634,17.634069400630914,1,0.052050473186119876,32452,1512,43.45684767141938,117.74853713437915,698,1.7730654664337635,5.608980096876621,16.676032902672887,0.36846712604165077,1.5507535859942436,4194520576,0,1513,,,556,,,,,,
uniform_h4096_standard_rho80_unit8,uniform,4096,6,88.99755501222494,0.4023784665057436,482,2795,482,4300,8326,0.6351846200793408,0.659432916204657,0.8,13108,13108,0,0,983,13.334689725330621,1,0.024415055951169887,45560,2495,61.17740488238633,178.92594201676548,818,1.9613455794751644,7.570325676351786,22.104663928970695,0.5327833127230406,2.5711799170821905,4194545152,0,2496,,,506,,,,,,
uniform_h4096_standard_rho80_unit8,uniform,4096,7,88.85316184351554,0.4073825841514526,461,3277,461,5205,9286,0.6210540395933655,0.6408115381961217,0.8,14952,14952,0,0,1511,9.895433487756453,1,0.013898080741230973,60512,4006,79.2736304346472,258.1995724514127,933,2.3725995998829603,9.942925276234746,25.091772543266416,0.6990078296512365,3.8305966164916754,4194569728,0,4007,,,489,,,,,,
uniform_h4096_standard_rho80_unit8,uniform,4096,8,89.58724202626642,0.42130604048496306,535,3738,535,5619,10938,0.6399485139246431,0.6606269251676028,0.8,17092,17092,0,0,1920,8.902083333333334,1,0.013020833333333334,77604,5926,100.70177512988448,358.90134758129716,1066,2.5034817960113287,12.446407072246075,30.48786406032741,0.9020764417946339,4.152164438739419,4194594304,0,5927,,,564,,,,,,
uniform_h4096_standard_rho80_unit8,uniform,4096,9,89.08333333333333,0.48052971550007867,529,4273,529,6767,11204,0.6056216216216216,0.623448889878137,0.8,18500,18500,0,0,2440,7.581967213114754,1,0.010655737704918032,96104,8366,122.16212049499154,481.0634680762887,1200,2.7368351109325886,15.183242183178663,33.696873186156154,1.0650459229946136,5.4883372113108635,4194618880,0,8367,,,571,,,,,,
uniform_h4096_standard_rho80_unit8,uniform,4096,10,87.5186846038864,0.5571365538794687,547,4802,547,7015,11010,0.5928279129872926,0.6108183079056866,0.8,18572,18572,0,0,2259,8.22133687472333,1,0.011509517485613104,114676,10625,115.6730029899627,596.7364710662514,1338,3.0585783272981644,18.241820510476828,33.70792920142412,1.0098443422466516,5.602418040856719,4194643456,0,10626,,,614,,,,,,
uniform_h4096_standard_rho80_unit8,uniform,4096,11,86.23087621696801,0.6633846229435051,395,5349,395,5873,11696,0.6510799376530839,0.6657180260686436,0.8,17964,17964,0,0,2549,7.047469595919969,1,0.007061592781482934,132640,13174,120.80499122291803,717.5414622891694,1438,3.263882363215089,21.505702873691916,32.459460033103824,1.0837120339274406,6.195095174014568,4194668032,0,13175,,,467,,,,,,
uniform_h4096_standard_rho80_unit8,uniform,4096,12,87.12998712998713,0.5707094158073629,461,5744,461,6537,11230,0.6160851437349133,0.6320706928575449,0.8,18228,18228,0,0,2442,7.464373464373464,1,0.009009009009009009,150868,15616,126.22034633345902,843.7618086226285,1554,3.7144371923059225,25.22014006599784,34.63748566620052,1.1089153103530407,6.2125516422092915,4194692608,0,15617,,,530,,,,,,
uniform_h4096_standard_rho80_unit8,uniform,4096,13,88.459250446163,0.5674766269232903,511,6205,511,6841,11076,0.6010418927718689,0.6181838477423676,0.8,18428,18428,0,0,2406,7.659185369908562,1,0.010390689941812137,169296,18022,120.99529579095542,964.7571044135839,1681,3.759888883680105,28.980028949677944,33.5422446411103,1.0445481780916452,6.5327364057302475,4194717184,0,18023,,,591,,,,,,
uniform_h4096_standard_rho80_unit8,uniform,4096,14,86.98290126861555,0.5588224719253782,526,6716,526,6787,11175,0.6044461272176547,0.6221467542589912,0.8,18488,18488,0,0,2152,8.591078066914498,1,0.01254646840148699,187784,20174,119.83483747206628,1084.5919418856502,1813,4.16245474293828,33.142483692616224,36.76891812682152,1.009576614946127,6.841818222776055,4194741760,0,20175,,,637,,,,,,
uniform_h4096_standard_rho80_unit8,uniform,4096,15,86.36599274235355,0.5977581670952541,465,7242,465,6316,11463,0.6283161587371191,0.6447494234771359,0.8,18244,18244,0,0,2216,8.232851985559567,1,0.009025270758122744,206028,22390,114.97092144005,1199.5628633257002,1929,4.707453513517976,37.8499372061342,33.04786894842982,0.9923648238182068,7.249801654368639,4194766336,0,22391,,,597,,,,,,
uniform_h4096_standard_rho80_unit8,uniform,4096,16,85.74199806013578,0.6203213779092284,529,7707,529,6690,11281,0.6097837837837838,0.6277335707528796,0.8,18500,18500,0,0,2181,8.48234754699679,1,0.012379642365887207,224528,24571,119.0397577509284,1318.6026210766286,2062,4.969010753557086,42.818947959691286,35.80062695592642,1.1027523111552,6.933611722663045,4194790912,0,24572,,,667,,,,,,
uniform_h4096_standard_rho80_unit8,uniform,4096,17,86.92870201096892,0.6154956460337662,498,8236,498,6776,11102,0.6041575968654767,0.6209866875489428,0.8,18376,18376,0,0,1908,9.631027253668764,1,0.01310272536687631,242904,26479,101.06138671934605,1419.6640077959746,2188,4.998687857761979,47.817635817453265,31.063897335901856,0.8733270596712828,6.28406691737473,4194815488,0,26480,,,686,,,,,,
uniform_h4096_standard_rho80_unit8,uniform,4096,18,86.35571054925893,0.6329458753689204,423,8734,423,4871,12782,0.7071254702367781,0.7240695632470402,0.8,18076,18076,0,0,2010,8.993034825870646,1,0.009950248756218905,260980,28489,110.55628428608179,1530.2202920820564,2294,5.161883872002363,52.97951968945563,32.889817140996456,0.9505090117454529,7.222970049828291,4194840064,0,28490,,,583,,,,,,
uniform_h4096_standard_rho80_unit8,uniform,4096,19,85.6013316687474,0.6222712037401374,433,9157,433,5352,12331,0.68066902185913,0.6973364248147939,0.8,18116,18116,0,0,2082,8.701248799231507,1,0.008165225744476465,279096,30571,112.970608798787,1643.1909008808434,2403,5.458015764132142,58.43753545358777,34.50407779030502,0.9722456969320774,7.467688757926226,4194864640,0,30572,,,601,,,,,,
uniform_h4096_standard_rho80_unit8,uniform,4096,20,84.94408945686901,0.7039416500247199,406,9590,406,5540,12062,0.6698134162594402,0.6852630382911032,0.8,18008,18008,0,0,1897,9.492883500263574,1,0.010542962572482868,297104,32468,105.27560944855213,1748.4665103293955,2504,5.6408102214336395,64.07834567502141,31.95914201065898,0.9051882419735193,7.144222356379032,4194889216,0,32469,,,576,,,,,,
uniform_h4096_standard_rho80_unit8,uniform,4096,21,86.10271903323263,0.6551556938859511,579,9996,579,6049,12072,0.6455614973262032,0.6661884001986645,0.8,18700,18700,0,0,1558,12.002567394094994,1,0.01989730423620026,315804,34026,94.68025127239525,1843.1467616017908,2648,5.929666066542268,70.00801174156368,31.064577789977193,0.8199677933007479,6.1368291564285755,4194913792,0,34027,,,755,,,,,,
uniform_h4096_standard_rho80_unit8,uniform,4096,22,85.33236994219654,0.708041442804851,480,10575,480,5042,12782,0.6983173076923077,0.7171229802513465,0.8,18304,18304,0,0,1413,12.953998584571833,2,0.017692852087756547,334108,35439,89.98894759640098,1933.1357091981918,2768,6.084037227556109,76.09204896911979,30.19478663802147,0.7909675315022469,5.8789476454257965,4194938368,0,35440,,,703,,,,,,
uniform_h4096_standard_rho80_unit8,uniform,4096,23,84.99133448873484,0.664579939087584,468,11055,468,6124,11664,0.6389132340052586,0.6557229592984034,0.8,18256,18256,0,0,1117,16.343777976723366,1,0.022381378692927483,352364,36556,76.09061441011727,2009.226323608309,2885,6.2629690151661634,82.35501798428595,27.828195091336966,0.6645469777286053,5.135589964687824,4194962944,0,36557,,,731,,,,,,
uniform_h4096_standard_rho80_unit8,uniform,4096,24,84.9545607539549,0.7136803229697959,344,11523,344,4027,13389,0.7538851351351351,0.7687758383096004,0.8,17760,17760,0,0,1167,15.218508997429305,4,0.015424164524421594,370124,37723,77.81712703220546,2087.0434506405145,2971,6.651034215465188,89.00605219975114,28.430020820349455,0.6792761329561472,5.698146477341652,4194987520,0,37724,,,564,,,,,,
uniform_h4096_standard_rho80_unit8,uniform,4096,25,84.0909090909091,0.7661401157152877,259,11867,259,3072,14089,0.8087830080367394,0.8209894528290892,0.8,17420,17420,0,0,1310,13.297709923664122,1,0.009923664122137405,387544,39033,85.21521812677383,2172.2586687672883,3036,6.706712581217289,95.71276478096843,28.67050902917981,0.7466696184128523,6.695079602301121,4195012096,0,39034,,,426,,,,,,
uniform_h4096_standard_rho80_unit8,uniform,4096,26,83.69737258626148,0.7104795351268819,493,12126,493,4730,13133,0.7154608847243408,0.7352068521524939,0.8,18356,18356,0,0,1155,15.892640692640693,2,0.023376623376623377,405900,40188,78.98914055153728,2251.2478093188256,3159,6.886177707463503,102.59894248843193,28.968497164547443,0.672670116648078,6.076144117861986,4195036672,0,40189,,,643,,,,,,
uniform_h4096_standard_rho80_unit8,uniform,4096,27,83.52689486552568,0.7798157963687816,450,12619,450,4541,13193,0.7255279366476023,0.7439381978121123,0.8,18184,18184,0,0,1143,15.909011373578302,2,0.021872265966754154,424084,41331,78.39469112455845,2329.642500443384,3272,7.195025462657213,109.79396795108914,28.201715901494026,0.6669387258589268,6.1971069518476725,4195061248,0,41332,,,661,,,,,,
uniform_h4096_standard_rho80_unit8,uniform,4096,28,82.42442205097807,0.8558319853865617,404,13069,404,3935,13661,0.7589444444444444,0.7763696294612412,0.8,18000,18000,0,0,1198,15.025041736227045,2,0.019198664440734557,442084,42529,81.49337754398584,2411.13587798737,3374,8.057628253474832,117.85159620456398,29.174027113243937,0.6978586316108704,6.878436058759689,4195085824,0,42530,,,649,,,,,,
uniform_h4096_standard_rho80_unit8,uniform,4096,29,82.28211009174312,0.8406441187842555,456,13473,456,4422,13330,0.7320957820738138,0.7509013068949978,0.8,18208,18208,0,0,1100,16.55272727272727,3,0.023636363636363636,460292,43629,81.98957577720284,2493.1254537645727,3488,8.094833128154278,125.94642933271825,30.721822924911976,0.6947426330298185,6.349306009709835,4195110400,0,43630,,,689,,,,,,
uniform_h4096_standard_rho80_unit8,uniform,4096,30,82.60399783900594,0.8209591778992238,856,13929,856,7043,11909,0.6012217285945073,0.6283769523005488,0.8,19808,19808,0,0,844,23.46919431279621,7,0.061611374407582936,480100,44473,70.41372367180884,2563.5391774363816,3702,8.766479076817632,134.71290840953588,27.55490586347878,0.5699905883520842,5.2588255032896996,4195134976,0,44474,,,1160,,,,,,
uniform_h4096_standard_rho80_unit8,uniform,4096,31,82.9664570230608,0.8019283897295754,458,14785,458,4053,13705,0.7523605621431708,0.7717648383827007,0.8,18216,18216,0,0,865,21.058959537572253,5,0.03930635838150289,498316,45338,70.07980344630778,2633.6189808826894,3816,9.003591019660234,143.71649942919612,27.742742404341698,0.5849159583449364,5.276044899597764,4195159552,0,45339,,,916,,,,,,
uniform_h4096_standard_rho80_unit8,uniform,4096,32,82.34243429446288,0.8106682606948383,408,15243,408,4012,13596,0.7546625222024866,0.7721490231712858,0.8,18016,18016,0,0,800,22.52,7,0.0325,516332,46138,67.97547964006662,2701.594460522756,3919,9.142295651137829,152.85879508033395,28.415069848299026,0.5628548935055733,5.091352831572294,4195184128,0,46139,,,791,,,,,,
uniform_h4096_standard_rho80_unit8,uniform,4096,33,82.43176178660049,0.8284644942581085,443,15651,443,3777,13936,0.7675699493280458,0.7867667814599447,0.8,18156,18156,0,0,829,21.90108564535585,5,0.032569360675512665,534488,46967,66.58768084459007,2768.182141367346,4030,9.468298440799117,162.32709352113307,26.077548583969474,0.5606548842042685,5.533089840784669,4195209728,0,46968,,,775,,,,,,
uniform_h4096_standard_rho80_unit8,uniform,4096,34,82.7560975609756,0.8077771541178559,282,16094,282,2720,14510,0.8285746916400183,0.8421358096343586,0.8,17512,17512,0,0,917,19.097055616139585,5,0.015267175572519083,552000,47884,70.86399727500975,2839.046138642356,4100,9.444372162222862,171.77146568335593,27.692828552797437,0.6117896642535925,5.6826135739684105,4195234304,0,47885,,,601,,,,,,
uniform_h4096_standard_rho80_unit8,uniform,4096,35,82.66918179674605,0.8221249774552406,563,16376,563,4597,13476,0.7231165486155827,0.7456426713882587,0.8,18636,18636,0,0,782,23.831202046035806,5,0.03964194373401535,570636,48666,66.80358901806176,2905.8497276604176,4241,9.958869349211454,181.73033503256738,27.57241202890873,0.5484979264438152,4.778877563774586,4195258880,0,48667,,,830,,,,,,
uniform_h4096_standard_rho80_unit8,uniform,4096,36,82.77588168373151,0.8173226937175697,619,16939,619,4558,13683,0.7255037115588547,0.7501233485006304,0.8,18860,18860,0,0,744,25.349462365591396,5,0.051075268817204304,589496,49410,66.03122523985803,2971.8809529002756,4395,10.454859858378768,192.18519489094615,27.37212541885674,0.5428245477378368,4.818255577236414,4195283456,0,49411,,,999,,,,,,
uniform_h4096_standard_rho80_unit8,uniform,4096,37,82.16168717047452,0.8590629384752329,632,17558,632,4833,13447,0.7110300338409475,0.7356126914660831,0.8,18912,18912,0,0,644,29.366459627329192,8,0.07453416149068323,608408,50054,62.556031469255686,3034.4369843695313,4552,10.578757828101516,202.76395271904767,25.844901271164417,0.5008970350027084,4.420898772776127,4195308032,0,50055,,,1109,,,,,,
uniform_h4096_standard_rho80_unit8,uniform,4096,38,82.47071352502662,0.8060005849013937,575,18190,575,4213,13896,0.74373795761079,0.76735324976531,0.8,18684,18684,0,0,588,31.775510204081634,11,0.07142857142857142,627092,50642,60.12363191321492,3094.560616282746,4695,10.647662648931146,213.4116153679788,26.061587501317263,0.44266186095774174,3.9748424123972654,4195332608,0,50643,,,1085,,,,,,
uniform_h4096_standard_rho80_unit8,uniform,4096,39,82.53275109170306,0.81209369454918,459,18765,459,3785,13976,0.7670691547749725,0.7868926299194865,0.8,18220,18220,0,0,595,30.6218487394958,11,0.06890756302521009,645312,51237,60.832314817234874,3155.392931099981,4809,11.040465500205755,224.45208086818457,26.54355795122683,0.45970054529607296,4.394770743325353,4195357184,0,51238,,,994,,,,,,
uniform_h4096_standard_rho80_unit8,uniform,4096,40,82.49444107539924,0.816245856558578,554,19224,554,4154,13892,0.7468817204301075,0.7698104843178544,0.8,18600,18600,0,0,538,34.572490706319705,8,0.10408921933085502,663912,51775,58.35759464837611,3213.750525748357,4947,12.109640412032604,236.56172128021717,24.843187732622027,0.43234928138554096,4.121001100167632,4195381760,0,51776,,,1024,,,,,,
uniform_h4096_standard_rho80_unit8,uniform,4096,41,82.513443537144,0.8358921724155973,297,19778,297,2681,14594,0.8305258365581607,0.8448046309696092,0.8,17572,17572,0,0,558,31.491039426523297,7,0.03942652329749104,681484,52333,56.09337634406984,3269.843902092427,5021,12.113895630463958,248.67561691068113,24.03830142132938,0.4219983387738466,4.171311467885971,4195406336,0,52334,,,790,,,,,,
uniform_h4096_standard_rho80_unit8,uniform,4096,42,82.10199728524336,0.8761052670911958,548,20075,548,4322,13706,0.7378337639965546,0.7602618149545152,0.8,18576,18576,0,0,504,36.857142857142854,15,0.11507936507936507,700060,52837,58.02141868509352,3327.8653207775205,5157,12.041342241689563,260.7169591523707,25.20847175642848,0.4079159162938595,3.7862571105360985,4195430912,0,52838,,,942,,,,,,
uniform_h4096_standard_rho80_unit8,uniform,4096,43,81.87702265372168,0.871518618725648,382,20623,382,2909,14621,0.8162684234033051,0.8340559041642898,0.8,17912,17912,0,0,479,37.39457202505219,16,0.07515657620041753,717972,53316,55.28920508734882,3383.1545258648694,5253,12.172294188290834,272.8892533406615,23.87391499057412,0.385805306956172,3.737427154555917,4195455488,0,53317,,,840,,,,,,
uniform_h4096_standard_rho80_unit8,uniform,4096,44,81.90011265490048,0.8639039486099165,293,21005,293,2301,14962,0.8522442469810891,0.8667091467300005,0.8,17556,17556,0,0,502,34.97211155378486,8,0.049800796812749,735528,53818,54.88886676542461,3438.043392630294,5326,13.035002725198865,285.9242560658604,23.96856315806508,0.3935339469462633,3.8655213862657547,4195480064,0,53819,,,743,,,,,,
uniform_h4096_standard_rho80_unit8,uniform,4096,45,81.88178972564906,0.8690479568256393,422,21298,422,3095,14555,0.8053895528995131,0.8246458923512748,0.8,18072,18072,0,0,461,39.20173535791757,4,0.1019522776572668,753600,54279,56.37162368558347,3494.4150163158774,5431,13.423136975616217,299.3473930414766,25.309924874454737,0.3847916703671217,3.443792048841715,4195504640,0,54280,,,811,,,,,,
uniform_h4096_standard_rho80_unit8,uniform,4096,46,80.51457358762144,0.8926963993522082,509,21720,509,3621,14290,0.7757871878393051,0.797833733459885,0.8,18420,18420,0,0,414,44.492753623188406,12,0.2028985507246377,772020,54693,55.04254027456045,3549.457556590438,5558,13.406608602032065,312.7540016435087,23.355893602594733,0.37560959346592426,3.3283934257924557,4195529216,0,54694,,,953,,,,,,
uniform_h4096_standard_rho80_unit8,uniform,4096,47,81.07917474872157,0.8847722285647183,451,22229,451,3082,14655,0.8057510446448207,0.8262389355584372,0.8,18188,18188,0,0,410,44.360975609756096,3,0.17073170731707318,790208,55103,54.53916357643902,3603.996720166877,5671,14.011392233893275,326.76539387740195,22.836372192949057,0.370554156601429,3.778963040560484,4195553792,0,55104,,,962,,,,,,
uniform_h4096_standard_rho80_unit8,uniform,4096,48,80.36640165917733,0.9063539435185968,458,22680,458,2907,14851,0.815272288098375,0.8362991327852236,0.8,18216,18216,0,0,395,46.11645569620253,10,0.22278481012658227,808424,55498,53.14213392324746,3657.1388540901244,5786,14.117226764559746,340.8826206419617,22.095929296687245,0.37070635333657265,3.0255216993391514,4195578368,0,55499,,,955,,,,,,
uniform_h4096_standard_rho80_unit8,uniform,4096,49,80.4074702886248,0.8975428808435224,418,23138,418,2745,14893,0.8248227735932654,0.8443701099897948,0.8,18056,18056,0,0,372,48.53763440860215,24,0.25,826480,55870,54.290985682979226,3711.4298397731036,5890,14.399908348917961,355.28252899087965,22.90939898788929,0.3658530842512846,3.5020111966878176,4195602944,0,55871,,,931,,,,,,
uniform_h4096_standard_rho80_unit8,uniform,4096,50,80.91666666666667,0.8950697641152366,444,23556,444,2603,15113,0.8322136563876652,0.8530706705802664,0.8,18160,18160,0,0,373,48.68632707774799,23,0.2386058981233244,844640,56243,54.57305525057018,3766.002895023674,6000,14.75394581258297,370.0364748034626,23.344931166619062,0.3707235548645258,3.1487409342080355,4195627520,0,56244,,,941,,,,,,
srt_h4096_strict_rho80_unit8,srt,4096,1,90.67796610169492,1.0408108346084453,475,0,475,1425,0,0.0,0.0,0.8,1900,1900,0,0,76,25.0,1,0.18421052631578946,1900,76,6.071895943954587,6.071895943954587,118,0.4805348254740238,0.4805348254740238,2.1209400966763496,0.07060731016099453,0.09202175587415695,4194422272,3,80,0.0,9.0,475,298.0,69.0,81.0,58.0,69.0,1325.0
srt_h4096_strict_rho80_unit8,srt,4096,2,90.7258064516129,0.3627022793819418,514,475,514,2226,1216,0.30738119312436807,0.35328297501452643,0.8,3956,3956,0,0,159,24.88050314465409,2,0.1320754716981132,5856,235,13.237037640064955,19.30893358401954,248,0.7663641460239887,1.2468989714980125,4.962975900620222,0.1675078421831131,0.2889445126056671,4194446848,0,239,14.0,17.0,514,825.0,143.0,284.0,218.0,311.0,2175.0
srt_h4096_strict_rho80_unit8,srt,4096,3,90.86294416243655,0.3787177473856801,586,989,586,3064,2650,0.42063492063492064,0.46377318865943296,0.8,6300,6300,0,0,172,36.627906976744185,7,0.26744186046511625,12156,407,19.14807590842247,38.45700949244201,394,0.9842347409576178,2.2311337124556303,8.213705973699689,0.24365993216633797,0.42791452817618847,4194471424,0,411,9.0,31.0,588,1197.0,432.0,716.0,515.0,632.0,2808.0
srt_h4096_strict_rho80_unit8,srt,4096,4,90.70175438596492,0.36451336907631626,704,1575,704,3742,4670,0.5122860903905222,0.5551592962434617,0.8,9116,9116,0,0,223,40.87892376681614,9,0.26905829596412556,21272,630,26.9314207136631,65.38843020610511,570,1.4937496315687895,3.72488334402442,11.794671127572656,0.3506811875849962,0.5323258303105831,4194496000,0,634,19.0,17.0,704,1395.0,478.0,871.0,704.0,966.0,4702.0
srt_h4096_strict_rho80_unit8,srt,4096,5,89.68481375358166,0.4191047763391971,516,2279,516,3437,7227,0.6464221824686941,0.6777006751687922,0.8,11180,11180,0,0,366,30.546448087431695,4,0.13387978142076504,32452,996,35.56031804718077,100.94874825328588,698,1.6446737367659807,5.3695570807904005,15.179395992308855,0.5112728346139193,0.9677554722875357,4194520576,0,1000,23.0,6.0,541,1454.0,563.0,998.0,933.0,1285.0,5947.0
srt_h4096_strict_rho80_unit8,srt,4096,6,88.50855745721272,0.4629087355003732,482,2795,482,3918,8708,0.6643271284711626,0.6896879455092666,0.8,13108,13108,0,0,509,25.7524557956778,2,0.08447937131630648,45560,1505,42.3142450992018,143.26299335248768,818,2.0075607374310493,7.37711781822145,17.526271568611264,0.6049228813499212,1.5438995957374573,4194545152,0,1509,21.0,7.0,482,1548.0,638.0,1081.0,957.0,1458.0,7426.0
srt_h4096_strict_rho80_unit8,srt,4096,7,89.49624866023579,0.45983170685625596,461,3277,461,4399,10092,0.6749598715890851,0.6964322683044648,0.8,14952,14952,0,0,620,24.116129032258065,3,0.0532258064516129,60512,2125,51.53138083778322,194.7943741902709,933,2.2262695133686066,9.603387331590056,21.722480975091457,0.7409576419740915,1.711755558848381,4194569728,0,2129,24.0,1.0,468,1786.0,718.0,1181.0,1084.0,1544.0,8639.0
srt_h4096_strict_rho80_unit8,srt,4096,8,85.74108818011257,0.600379868002229,535,3738,535,4774,11783,0.6893868476480225,0.7116627408346923,0.8,17092,17092,0,0,879,19.444823663253697,4,0.034129692832764506,77604,3004,65.97825817018747,260.7726323604584,1066,2.480381039902568,12.083768371492624,25.966067207977176,0.954038692638278,2.7766272965818644,4194594304,0,3008,9.0,3.0,555,1769.0,675.0,1073.0,973.0,1510.0,11092.0
srt_h4096_strict_rho80_unit8,srt,4096,9,86.58333333333333,0.5879493567450091,529,4273,529,5747,12224,0.6607567567567567,0.6802070001669356,0.8,18500,18500,0,0,1006,18.389662027833,3,0.030815109343936383,96104,4010,70.77676196023822,331.5493943206966,1200,2.755874576047063,14.839642947539687,26.831435337662697,1.025845842435956,3.236693825572729,4194618880,0,4014,19.0,3.0,531,1954.0,788.0,1319.0,1081.0,1576.0,11782.0
srt_h4096_strict_rho80_unit8,srt,4096,10,85.05231689088191,0.6658297738388317,547,4802,547,5827,12198,0.6567951755330605,0.6767267683772538,0.8,18572,18572,0,0,851,21.82373678025852,3,0.0399529964747356,114676,4861,64.90560436062515,396.45499868132174,1338,3.035148248076439,17.874791195616126,25.78846302255988,0.9646068811416626,2.8177814166992903,4194643456,0,4865,23.0,4.0,558,2218.0,930.0,1526.0,1210.0,1807.0,10881.0
srt_h4096_strict_rho80_unit8,srt,4096,11,84.84005563282336,0.7218498383019065,395,5349,395,4695,12874,0.7166555332887998,0.7327679435369117,0.8,17964,17964,0,0,971,18.500514933058703,3,0.02265705458290422,132640,5832,69.69108262658119,466.14608130790293,1438,3.297781052067876,21.172572247684002,25.889564096927643,1.0518787372857332,3.4118756894022226,4194668032,0,5836,15.0,2.0,501,1899.0,750.0,1288.0,1082.0,1678.0,11267.0
srt_h4096_strict_rho80_unit8,srt,4096,12,83.52638352638353,0.7591702071156122,461,5744,461,5404,12363,0.6782422646477946,0.6958406033657905,0.8,18228,18228,0,0,918,19.856209150326798,4,0.037037037037037035,150868,6750,66.42725440487266,532.5733357127756,1554,3.524869415909052,24.697441663593054,24.972565725445747,1.0362988412380219,3.1958421375602484,4194692608,0,6754,10.0,6.0,461,2062.0,808.0,1329.0,1161.0,1642.0,11226.0
srt_h4096_strict_rho80_unit8,srt,4096,13,83.64069006543724,0.7500067449106281,511,6205,511,5402,12515,0.6791295854135012,0.6984986325835798,0.8,18428,18428,0,0,936,19.688034188034187,3,0.03205128205128205,169296,7686,67.58977642841637,600.163112141192,1681,3.7567428555339575,28.45418451912701,25.19391799904406,1.0308152865618467,3.391675556078553,4194717184,0,7690,22.0,3.0,511,2031.0,746.0,1255.0,1006.0,1647.0,11743.0
srt_h4096_strict_rho80_unit8,srt,4096,14,82.68063982349696,0.8116949935198832,526,6716,526,5403,12559,0.6793054954565123,0.699198307538136,0.8,18488,18488,0,0,810,22.82469135802469,7,0.044444444444444446,187784,8496,66.71146027557552,666.8745724167675,1813,4.07976290024817,32.53394741937518,27.369729282334447,1.0066867154091597,3.0821228455752134,4194741760,0,8500,17.0,7.0,649,2232.0,820.0,1478.0,1198.0,1728.0,11032.0
srt_h4096_strict_rho80_unit8,srt,4096,15,82.58164852255054,0.8275101687015496,465,7242,465,4801,12978,0.7113571585178688,0.7299623150908375,0.8,18244,18244,0,0,752,24.26063829787234,8,0.05452127659574468,206028,9248,60.00339239090681,726.8779648076743,1929,4.366284431889653,36.900231851264834,24.32117924466729,0.8915455397218466,2.789624460041523,4194766336,0,9252,21.0,2.0,519,2128.0,875.0,1424.0,1117.0,1676.0,11024.0
srt_h4096_strict_rho80_unit8,srt,4096,16,82.25024248302618,0.8281515147068991,529,7707,529,5159,12812,0.6925405405405406,0.7129263813922431,0.8,18500,18500,0,0,704,26.27840909090909,6,0.061079545454545456,224528,9952,61.85897644050419,788.7369412481785,2062,4.549893647432327,41.45012549869716,26.072919907048345,0.912015562877059,3.059932282194495,4194790912,0,9956,21.0,2.0,560,2225.0,850.0,1338.0,1227.0,1818.0,11042.0
srt_h4096_strict_rho80_unit8,srt,4096,17,82.6782449725777,0.8592024013075201,498,8236,498,5128,12750,0.6938397910317806,0.713167020919566,0.8,18376,18376,0,0,620,29.638709677419357,7,0.06612903225806452,242904,10572,56.88976355828345,845.6267048064619,2188,4.833847146481276,46.28397264517844,23.794581826776266,0.8471264876425266,2.70835105702281,4194815488,0,10576,20.0,3.0,563,2228.0,895.0,1495.0,1230.0,1852.0,10676.0
srt_h4096_strict_rho80_unit8,srt,4096,18,81.99651264167393,0.8914443942970595,423,8734,423,3537,14116,0.7809249834034079,0.7996374553900187,0.8,18076,18076,0,0,654,27.63914373088685,10,0.047400611620795105,260980,11226,57.267005333676934,902.8937101401389,2294,5.048441058024764,51.3324137032032,23.97479804418981,0.9301826152950525,2.859096745029092,4194840064,0,11230,22.0,1.0,443,2017.0,749.0,1267.0,1066.0,1585.0,11392.0
srt_h4096_strict_rho80_unit8,srt,4096,19,82.56346233874324,0.8552871093698594,433,9157,433,3881,13802,0.7618679620225215,0.7805236667986202,0.8,18116,18116,0,0,669,27.079222720478327,6,0.043348281016442454,279096,11895,59.52329404652119,962.41700418666,2403,5.359026422724128,56.69144012592733,25.16450715623796,0.8801993615925312,3.0979945808649063,4194864640,0,11899,18.0,2.0,461,2069.0,734.0,1288.0,1062.0,1611.0,11352.0
srt_h4096_strict_rho80_unit8,srt,4096,20,82.02875399361022,0.8886716632050446,406,9590,406,4096,13506,0.75,0.7672991705488013,0.8,18008,18008,0,0,589,30.573853989813244,11,0.05432937181663837,297104,12484,57.362414229661226,1019.7794184163213,2504,5.559995919466019,62.25143604539335,24.765720335766673,0.8288753032684326,2.8914708122611046,4194889216,0,12488,17.0,6.0,466,2238.0,865.0,1468.0,1209.0,1817.0,10411.0
srt_h4096_strict_rho80_unit8,srt,4096,21,81.98640483383686,0.8819142001929123,579,9996,579,4533,13588,0.7266310160427808,0.7498482423707301,0.8,18700,18700,0,0,509,36.73870333988212,3,0.11394891944990176,315804,12993,53.40843844041228,1073.1878568567336,2648,6.367861818522215,68.61929786391556,21.17745330557227,0.8026947434991598,2.7660730108618736,4194913792,0,12997,26.0,4.0,616,2401.0,1008.0,1624.0,1254.0,1851.0,10562.0
srt_h4096_strict_rho80_unit8,srt,4096,22,81.28612716763006,0.9142479277738143,480,10575,480,3852,13972,0.7633304195804196,0.7838868940754039,0.8,18304,18304,0,0,446,41.04035874439462,6,0.15246636771300448,334108,13439,53.65554352104664,1126.8434003777802,2768,6.462479135021567,75.08177699893713,22.247486874461174,0.8729170355945826,2.3814530707895756,4194938368,0,13443,43.0,8.0,511,2481.0,1051.0,1777.0,1334.0,1924.0,9737.0
srt_h4096_strict_rho80_unit8,srt,4096,23,80.8318890814558,0.9692689493682163,468,11055,468,4251,13537,0.7415096406660824,0.7610186642680459,0.8,18256,18256,0,0,375,48.68266666666667,20,0.296,352364,13814,52.29488445818424,1179.1382848359644,2885,6.3934144508093596,81.47519144974649,21.32003697939217,0.7197792734950781,2.2826918438076973,4194962944,0,13818,33.0,7.0,551,2761.0,1091.0,1823.0,1507.0,2026.0,9048.0
srt_h4096_strict_rho80_unit8,srt,4096,24,78.96331201615618,1.025553297346435,344,11523,344,2793,14623,0.8233671171171171,0.8396302250803859,0.8,17760,17760,0,0,384,46.25,22,0.22395833333333334,370124,14198,50.79424427449703,1229.9325291104615,2971,6.879325436428189,88.35451688617468,20.976342814043164,0.7287769448012114,1.992513483390212,4194987520,0,14202,35.0,5.0,347,2397.0,1060.0,1712.0,1485.0,2046.0,9060.0
srt_h4096_strict_rho80_unit8,srt,4096,25,78.85375494071147,1.0476017545789955,259,11867,259,2233,14928,0.8569460390355913,0.8698793776586446,0.8,17420,17420,0,0,395,44.10126582278481,3,0.1189873417721519,387544,14593,51.25955330207944,1281.192082412541,3036,7.050868192687631,95.40538507886231,21.77063274383545,0.7189083136618137,2.2838221937417984,4195012096,0,14597,59.0,3.0,291,2202.0,956.0,1568.0,1343.0,1862.0,9489.0
srt_h4096_strict_rho80_unit8,srt,4096,26,79.04400126622349,1.0637482953737323,493,12126,493,3139,14724,0.802135541512312,0.8242736382466551,0.8,18356,18356,0,0,350,52.44571428571429,13,0.37142857142857144,405900,14943,52.418334901332855,1333.6104173138738,3159,7.27175092510879,102.6771360039711,21.233976487070322,0.9091161154210567,2.0059529542922974,4195036672,0,14947,50.0,3.0,577,2504.0,1057.0,1700.0,1497.0,2054.0,9544.0
srt_h4096_strict_rho80_unit8,srt,4096,27,78.17848410757946,1.116059506072071,450,12619,450,2809,14925,0.8207765068191817,0.8416036991090561,0.8,18184,18184,0,0,338,53.798816568047336,2,0.4349112426035503,424084,15281,52.02478483505547,1385.6352021489292,3272,7.638498164713383,110.31563416868448,20.935133893042803,0.7531677596271038,2.0160134229809046,4195061248,0,15285,63.0,3.0,450,2457.0,1074.0,1814.0,1431.0,2088.0,9320.0
srt_h4096_strict_rho80_unit8,srt,4096,28,77.77119146413752,1.1099336409388458,404,13069,404,2428,15168,0.8426666666666667,0.8620140941122982,0.8,18000,18000,0,0,312,57.69230769230769,13,0.5769230769230769,442084,15593,51.236461794003844,1436.871663942933,3374,8.01475895382464,118.33039312250912,20.16262621805072,0.9044609107077122,2.0127641167491674,4195085824,0,15597,70.0,4.0,406,2397.0,1115.0,1803.0,1417.0,2098.0,9170.0
srt_h4096_strict_rho80_unit8,srt,4096,29,77.80963302752293,1.1236661313559775,456,13473,456,2851,14901,0.8183765377855887,0.839398377647589,0.8,18208,18208,0,0,310,58.73548387096774,8,0.6451612903225806,460292,15903,51.704801961779594,1488.5764659047127,3488,8.504446567967534,126.83483969047666,20.082786839455366,0.9117778893560171,2.1971877105534077,4195110400,0,15907,66.0,3.0,456,2492.0,1047.0,1716.0,1435.0,2155.0,9363.0
srt_h4096_strict_rho80_unit8,srt,4096,30,78.09292274446246,1.1154459811546715,856,13929,856,3850,15102,0.7624192245557351,0.796855213170114,0.8,19808,19808,0,0,311,63.69131832797428,8,0.9935691318327974,480100,16214,56.01003687828779,1544.5865027830005,3702,8.461313528940082,135.29615321941674,21.449011757969856,0.9104289878159761,2.3107342962175608,4195134976,0,16218,225.0,124.0,862,2724.0,1141.0,1910.0,1467.0,2162.0,10404.0
srt_h4096_strict_rho80_unit8,srt,4096,31,78.51153039832285,1.0884723062899153,458,14785,458,2679,15079,0.8277887571365832,0.8491384164883433,0.8,18216,18216,0,0,286,63.69230769230769,10,0.993006993006993,498316,16500,50.74893027730286,1595.3354330603033,3816,9.13421618565917,144.4303694050759,19.02166278474033,0.9903840981423855,1.82592205516994,4195159552,0,16504,391.0,5.0,588,2532.0,976.0,1686.0,1483.0,2021.0,9518.0
srt_h4096_strict_rho80_unit8,srt,4096,32,78.31079356978822,1.1005653015562276,408,15243,408,2652,14956,0.8301509769094139,0.8493866424352567,0.8,18016,18016,0,0,283,63.66077738515901,8,0.9929328621908127,516332,16783,51.998258566483855,1647.3336916267872,3919,9.045867040753365,153.47623644582927,20.28490880317986,0.9042080882936716,2.032821850851178,4195184128,0,16787,544.0,5.0,420,2555.0,963.0,1706.0,1446.0,2085.0,9261.0
srt_h4096_strict_rho80_unit8,srt,4096,33,77.76674937965261,1.1058879012912375,443,15651,443,2487,15226,0.838620841595065,0.859594647998645,0.8,18156,18156,0,0,284,63.929577464788736,49,0.9929577464788732,534488,17067,51.83203485235572,1699.165726479143,4030,9.003036990761757,162.47927343659103,19.78205087222159,0.9083753451704979,2.19267619214952,4195209728,0,17071,562.0,1.0,447,2483.0,928.0,1514.0,1387.0,2069.0,9775.0
srt_h4096_strict_rho80_unit8,srt,4096,34,77.90243902439025,1.1202815614760924,282,16094,282,1780,15450,0.8822521699406122,0.8966918165989554,0.8,17512,17512,0,0,275,63.68,14,0.9927272727272727,552000,17342,49.65594947710633,1748.8216759562492,4100,9.349057141691446,171.82833057828248,18.938730603083968,0.8943087756633759,1.9757978301495314,4195234304,0,17346,606.0,2.0,329,2211.0,916.0,1543.0,1389.0,2021.0,9432.0
srt_h4096_strict_rho80_unit8,srt,4096,35,77.52888469700542,1.084289256168259,563,16376,563,3195,14878,0.7983472848250698,0.823216953466497,0.8,18636,18636,0,0,292,63.821917808219176,25,0.9931506849315068,570636,17634,52.846298007294536,1801.6679739635438,4241,9.579127324745059,181.40745790302753,19.860685132443905,0.9984809774905443,2.4183108508586884,4195258880,0,17638,1064.0,4.0,563,2627.0,983.0,1685.0,1471.0,2267.0,9603.0
srt_h4096_strict_rho80_unit8,srt,4096,36,77.99772468714448,1.090088424248885,619,16939,619,3202,15039,0.7974019088016967,0.8244613782139137,0.8,18860,18860,0,0,296,63.71621621621622,1,0.9932432432432432,589496,17930,53.45531976595521,1855.123293729499,4395,10.118763092905283,191.52622099593282,19.941882647573948,1.165795624256134,2.4199788607656956,4195283456,0,17934,1501.0,13.0,717,2537.0,931.0,1603.0,1351.0,2034.0,10404.0
srt_h4096_strict_rho80_unit8,srt,4096,37,77.70210896309315,1.1018660436729562,632,17558,632,3467,14813,0.7832593062605753,0.8103391684901532,0.8,18912,18912,0,0,296,63.891891891891895,40,0.9932432432432432,608408,18226,53.95296145230532,1909.0762551818043,4552,10.306921994313598,201.83314299024642,20.098144192248583,1.1298053581267595,2.8102699872106314,4195308032,0,18230,2065.0,7.0,775,2832.0,1022.0,1791.0,1470.0,2210.0,9587.0
srt_h4096_strict_rho80_unit8,srt,4096,38,77.33759318423856,1.0864152803227023,575,18190,575,3145,14964,0.8008991650610148,0.8263294494450273,0.8,18684,18684,0,0,292,63.986301369863014,61,0.9931506849315068,627092,18518,54.48143282160163,1963.557688003406,4695,10.45401786826551,212.28716085851192,20.90644329600036,1.182994095608592,2.79457769356668,4195332608,0,18522,2366.0,7.0,663,2800.0,1000.0,1619.0,1363.0,2181.0,9721.0
srt_h4096_strict_rho80_unit8,srt,4096,39,77.33416510709087,1.0962954612173115,459,18765,459,2798,14963,0.8212403951701427,0.8424638252350656,0.8,18220,18220,0,0,286,63.70629370629371,11,0.993006993006993,645312,18804,53.506388034671545,2017.0640760380775,4809,10.91233092918992,223.19949178770185,20.94972619228065,1.1604563482105732,2.6146633978933096,4195357184,0,18808,2584.0,6.0,554,2703.0,911.0,1650.0,1417.0,2066.0,9473.0
srt_h4096_strict_rho80_unit8,srt,4096,40,77.90580149585607,1.083591543440814,554,19224,554,3263,14783,0.7947849462365592,0.8191843067715837,0.8,18600,18600,0,0,291,63.91752577319588,42,0.993127147766323,663912,19095,52.7680982965976,2069.832174334675,4947,11.226537907496095,234.42602969519794,19.666163882240653,1.280162874609232,2.4138209000229836,4195381760,0,19099,3196.0,2.0,606,2890.0,1026.0,1809.0,1502.0,2133.0,9240.0
srt_h4096_strict_rho80_unit8,srt,4096,41,77.79326827325234,1.1152826984123803,297,19778,297,2058,15217,0.8659799681311177,0.8808683068017367,0.8,17572,17572,0,0,275,63.89818181818182,41,0.9927272727272727,681484,19370,51.18873684667051,2121.0209111813456,5021,11.419381074607372,245.8454107698053,19.391901805996895,1.294807244092226,2.7095544077455997,4195406336,0,19374,3212.0,7.0,404,2559.0,945.0,1593.0,1304.0,2090.0,9081.0
srt_h4096_strict_rho80_unit8,srt,4096,42,76.67248400232694,1.1219995451929403,548,20075,548,3367,14661,0.7892441860465116,0.8132349678278233,0.8,18576,18576,0,0,291,63.83505154639175,36,0.993127147766323,700060,19661,53.736643090844154,2174.7575542721897,5157,11.96552082337439,257.8109315931797,20.147934142500162,1.487507926300168,2.699184125289321,4195430912,0,19665,3843.0,6.0,580,3056.0,1029.0,1683.0,1457.0,2196.0,9155.0
srt_h4096_strict_rho80_unit8,srt,4096,43,76.94650675804303,1.1482034272501997,382,20623,382,2293,15237,0.8506587762393926,0.8691956645750143,0.8,17912,17912,0,0,280,63.97142857142857,58,0.9928571428571429,717972,19941,52.45904137380421,2227.216595645994,5253,12.088149474933743,269.89908106811345,20.214146779850125,1.3772093262523413,2.5066223181784153,4195455488,0,19945,3840.0,3.0,454,2668.0,938.0,1542.0,1258.0,2092.0,9414.0
srt_h4096_strict_rho80_unit8,srt,4096,44,75.92940292902742,1.1668138731898066,293,21005,293,1816,15447,0.8798701298701299,0.8948039158894746,0.8,17556,17556,0,0,275,63.84,37,0.9927272727272727,735528,20216,51.00808558985591,2278.22468123585,5326,12.086005067452788,281.98508613556623,19.18282954208553,1.3843310493975878,2.621184054762125,4195480064,0,20220,3933.0,1.0,353,2673.0,928.0,1489.0,1310.0,2096.0,9060.0
srt_h4096_strict_rho80_unit8,srt,4096,45,76.19222979193519,1.1768331846253586,422,21298,422,2463,15187,0.840360779105799,0.8604532577903683,0.8,18072,18072,0,0,283,63.85865724381625,38,0.9929328621908127,753600,20499,52.74096636660397,2330.965647602454,5431,12.493941316381097,294.47902745194733,20.30874495021999,1.5862108636647463,2.3165805339813232,4195504640,0,20503,4323.0,3.0,454,2806.0,953.0,1559.0,1305.0,1988.0,9461.0
srt_h4096_strict_rho80_unit8,srt,4096,46,76.25044980208708,1.2090102383153183,509,21720,509,3134,14777,0.8022258414766558,0.8250237284350399,0.8,18420,18420,0,0,288,63.958333333333336,55,0.9930555555555556,772020,20787,55.67130334302783,2386.6369509454817,5558,13.43758892454207,307.9166163764894,22.20403424464166,1.6441267486661673,2.710734412074089,4195529216,0,20791,5016.0,7.0,604,3080.0,1054.0,1750.0,1388.0,2135.0,9013.0
srt_h4096_strict_rho80_unit8,srt,4096,47,76.12414036325163,1.2101907786511004,451,22229,451,2643,15094,0.8298878381350341,0.8509894570671478,0.8,18188,18188,0,0,286,63.59440559440559,3,0.993006993006993,790208,21073,53.198242865502834,2439.8351938109845,5671,13.123148327693343,321.03976470418274,19.896004071459174,1.705478386953473,2.8897970616817474,4195553792,0,21077,5312.0,4.0,567,2991.0,1008.0,1633.0,1393.0,2165.0,8998.0
srt_h4096_strict_rho80_unit8,srt,4096,48,75.64811614241272,1.2316211243651978,458,22680,458,2629,15129,0.8305335968379447,0.8519540488793783,0.8,18216,18216,0,0,286,63.69230769230769,10,0.993006993006993,808424,21359,53.22805324755609,2493.0632470585406,5786,13.374020487070084,334.4137851912528,19.669756406918168,1.77608447894454,3.016229208558798,4195578368,0,21363,5656.0,1.0,583,2997.0,1048.0,1734.0,1446.0,2051.0,8940.0
srt_h4096_strict_rho80_unit8,srt,4096,49,75.50084889643463,1.2277786510157143,418,23138,418,2612,15026,0.8321887461231724,0.8519106474656991,0.8,18056,18056,0,0,283,63.802120141342755,34,0.9929328621908127,826480,21642,53.233445052057505,2546.296692110598,5890,13.412295868620276,347.8260810598731,20.331841070204973,1.7793750800192356,2.6105744875967503,4195602944,0,21646,5918.0,4.0,568,2892.0,995.0,1688.0,1395.0,2097.0,8989.0
srt_h4096_strict_rho80_unit8,srt,4096,50,75.71666666666667,1.2217310583271288,444,23556,444,2433,15283,0.8415748898678415,0.862666516143599,0.8,18160,18160,0,0,284,63.943661971830984,52,0.9929577464788732,844640,21926,52.906271032989025,2599.202963143587,6000,13.829167963936925,361.65524902381003,19.251373790204525,1.8959498405456543,3.052364856004715,4195627520,0,21930,6136.0,0.0,557,2817.0,985.0,1559.0,1441.0,2074.0,9284.0
uniform_h4096_strict_rho80_unit8,uniform,4096,1,91.52542372881356,0.37576217722766175,475,0,475,1425,0,0.0,0.0,0.8,1900,1900,0,0,76,25.0,1,0.18421052631578946,1900,76,6.430350078269839,6.430350078269839,118,0.4536088164895773,0.4536088164895773,2.2598593533039093,0.04469386488199234,0.0928632877767086,4194422272,0,77,,,475,,,,,,
uniform_h4096_strict_rho80_unit8,uniform,4096,2,88.30645161290323,0.4908993534181909,514,475,514,2226,1216,0.30738119312436807,0.35328297501452643,0.8,3956,3956,0,0,159,24.88050314465409,2,0.1320754716981132,5856,235,13.322179324924946,19.752529403194785,248,0.7323720194399357,1.185980835929513,5.371958678588271,0.10060866549611092,0.2597305439412594,4194446848,0,236,,,555,,,,,,
uniform_h4096_strict_rho80_unit8,uniform,4096,3,88.07106598984771,0.521141329868471,586,989,586,3064,2650,0.42063492063492064,0.46377318865943296,0.8,6300,6300,0,0,172,36.627906976744185,7,0.26744186046511625,12156,407,18.608071440830827,38.36060084402561,394,1.005678778514266,2.191659614443779,8.027336096391082,0.12932430766522884,0.39430582895874977,4194471424,0,408,,,622,,,,,,
uniform_h4096_strict_rho80_unit8,uniform,4096,4,90.70175438596492,0.41455191602303504,704,1575,704,3742,4670,0.5122860903905222,0.5551592962434617,0.8,9116,9116,0,0,223,40.87892376681614,9,0.26905829596412556,21272,630,26.4072194006294,64.76782024465501,570,1.4585549589246511,3.65021457336843,11.428977387025952,0.18596390448510647,0.43993654288351536,4194496000,0,631,,,729,,,,,,
uniform_h4096_strict_rho80_unit8,uniform,4096,5,89.97134670487107,0.377919445786958,516,2279,516,3437,7227,0.6464221824686941,0.6777006751687922,0.8,11180,11180,0,0,366,30.546448087431695,4,0.13387978142076504,32452,996,35.08733749203384,99.85515773668885,698,1.6237178705632687,5.273932443931699,14.955910492688417,0.26718646101653576,0.8601196017116308,4194520576,0,997,,,551,,,,,,
uniform_h4096_strict_rho80_unit8,uniform,4096,6,88.50855745721272,0.42714261068116793,482,2795,482,3918,8708,0.6643271284711626,0.6896879455092666,0.8,13108,13108,0,0,509,25.7524557956778,2,0.08447937131630648,45560,1505,44.06388097628951,143.91903871297836,818,1.9523461889475584,7.226278632879257,19.044063813984394,0.35317232459783554,1.3064110707491636,4194545152,0,1506,,,507,,,,,,
uniform_h4096_strict_rho80_unit8,uniform,4096,7,89.49624866023579,0.41805342281504976,461,3277,461,4399,10092,0.6749598715890851,0.6964322683044648,0.8,14952,14952,0,0,620,24.116129032258065,3,0.0532258064516129,60512,2125,50.69931951537728,194.61835822835565,933,2.2409367617219687,9.467215394601226,21.014856616035104,0.414628641679883,1.6786783821880817,4194569728,0,2126,,,486,,,,,,
uniform_h4096_strict_rho80_unit8,uniform,4096,8,88.36772983114446,0.45952114122672677,535,3738,535,4774,11783,0.6893868476480225,0.7116627408346923,0.8,17092,17092,0,0,879,19.444823663253697,4,0.034129692832764506,77604,3004,65.70034721679986,260.3187054451555,1066,2.4668863117694855,11.934101706370711,26.33959210291505,0.5759813264012337,2.578891957178712,4194594304,0,3005,,,552,,,,,,
uniform_h4096_strict_rho80_unit8,uniform,4096,9,89.0,0.4455320558896444,529,4273,529,5747,12224,0.6607567567567567,0.6802070001669356,0.8,18500,18500,0,0,1006,18.389662027833,3,0.030815109343936383,96104,4010,73.62146770767868,333.9401731528342,1200,2.7724854685366154,14.706587174907327,29.258120898157358,0.649496141821146,2.747702209278941,4194618880,0,4011,,,560,,,,,,
uniform_h4096_strict_rho80_unit8,uniform,4096,10,88.93871449925261,0.4893194279592899,547,4802,547,5827,12198,0.6567951755330605,0.6767267683772538,0.8,18572,18572,0,0,851,21.82373678025852,3,0.0399529964747356,114676,4861,66.4025418497622,400.3427150025964,1338,3.0116590298712254,17.718246204778552,27.779931711032987,0.5557902678847313,2.4949549585580826,4194643456,0,4862,,,595,,,,,,
uniform_h4096_strict_rho80_unit8,uniform,4096,11,87.83031988873435,0.48037622441993094,395,5349,395,4695,12874,0.7166555332887998,0.7327679435369117,0.8,17964,17964,0,0,971,18.500514933058703,3,0.02265705458290422,132640,5832,67.8975136037916,468.240228606388,1438,3.2695816569030285,20.98782786168158,26.66864801198244,0.5892432313412428,2.7676040790975094,4194668032,0,5833,,,454,,,,,,
uniform_h4096_strict_rho80_unit8,uniform,4096,12,88.54568854568855,0.49782843984059183,461,5744,461,5404,12363,0.6782422646477946,0.6958406033657905,0.8,18228,18228,0,0,918,19.856209150326798,4,0.037037037037037035,150868,6750,69.79870415106416,538.0389327574521,1554,3.487808605656028,24.47563646733761,27.445001097396016,0.6021432094275951,2.987996267154813,4194692608,0,6751,,,510,,,,,,
uniform_h4096_strict_rho80_unit8,uniform,4096,13,88.22129684711481,0.5302212297071212,511,6205,511,5402,12515,0.6791295854135012,0.6984986325835798,0.8,18428,18428,0,0,936,19.688034188034187,3,0.03205128205128205,169296,7686,69.35636934638023,607.3953021038324,1681,3.7989256996661425,28.27456216700375,27.80925695411861,0.5981135498732328,3.2471201084554195,4194717184,0,7687,,,578,,,,,,
uniform_h4096_strict_rho80_unit8,uniform,4096,14,87.14837286265858,0.5727747043656389,526,6716,526,5403,12559,0.6793054954565123,0.699198307538136,0.8,18488,18488,0,0,810,22.82469135802469,7,0.044444444444444446,187784,8496,67.1334315277636,674.528733631596,1813,4.127041760832071,32.40160392783582,28.000436766073108,0.5491148922592402,2.953737923875451,4194741760,0,8497,,,619,,,,,,
uniform_h4096_strict_rho80_unit8,uniform,4096,15,87.45463970969415,0.5785212474149596,465,7242,465,4801,12978,0.7113571585178688,0.7299623150908375,0.8,18244,18244,0,0,752,24.26063829787234,8,0.05452127659574468,206028,9248,62.6114904563874,737.1402240879834,1929,4.347024759277701,36.74862868711352,25.549908839166164,0.6246121786534786,2.8335645385086536,4194766336,0,9249,,,575,,,,,,
uniform_h4096_strict_rho80_unit8,uniform,4096,16,87.00290979631426,0.5908101680539483,529,7707,529,5159,12812,0.6925405405405406,0.7129263813922431,0.8,18500,18500,0,0,704,26.27840909090909,6,0.061079545454545456,224528,9952,62.965608559548855,800.1058326475322,2062,4.701434215530753,41.45006290264428,27.124888461083174,0.5021027456969023,3.0627930387854576,4194790912,0,9953,,,620,,,,,,
uniform_h4096_strict_rho80_unit8,uniform,4096,17,85.92321755027422,0.6128711713855128,498,8236,498,5128,12750,0.6938397910317806,0.713167020919566,0.8,18376,18376,0,0,620,29.638709677419357,7,0.06612903225806452,242904,10572,58.426451893523335,858.5322845410556,2188,5.022158460691571,46.47222136333585,25.218945322558284,0.4703543744981289,2.4363145735114813,4194815488,0,10573,,,631,,,,,,
uniform_h4096_strict_rho80_unit8,uniform,4096,18,85.96338273757628,0.6061469916952918,423,8734,423,3537,14116,0.7809249834034079,0.7996374553900187,0.8,18076,18076,0,0,654,27.63914373088685,10,0.047400611620795105,260980,11226,60.50975851714611,919.0420430582017,2294,4.987172689288855,51.4593940526247,26.85543743893504,0.4794094543904066,2.854616282507777,4194840064,0,11227,,,547,,,,,,
uniform_h4096_strict_rho80_unit8,uniform,4096,19,85.64294631710362,0.6624557097505586,433,9157,433,3881,13802,0.7618679620225215,0.7805236667986202,0.8,18116,18116,0,0,669,27.079222720478327,6,0.043348281016442454,279096,11895,59.16117953322828,978.20322259143,2403,5.37249119207263,56.83188524469733,25.53692812845111,0.4728497229516506,2.8904703110456467,4194864640,0,11896,,,567,,,,,,
uniform_h4096_strict_rho80_unit8,uniform,4096,20,85.06389776357827,0.6634817530966506,406,9590,406,4096,13506,0.75,0.7672991705488013,0.8,18008,18008,0,0,589,30.573853989813244,11,0.05432937181663837,297104,12484,56.42012234404683,1034.6233449354768,2504,5.5468391738832,62.37872441858053,24.451312828809023,0.43922979570925236,2.7253896333277225,4194889216,0,12485,,,546,,,,,,
uniform_h4096_strict_rho80_unit8,uniform,4096,21,85.64954682779457,0.6412275633317055,579,9996,579,4533,13588,0.7266310160427808,0.7498482423707301,0.8,18700,18700,0,0,509,36.73870333988212,3,0.11394891944990176,315804,12993,56.578783486038446,1091.2021284215152,2648,6.172773549333215,68.55149796791375,24.56194706261158,0.4209880940616131,2.495779063552618,4194913792,0,12994,,,721,,,,,,
uniform_h4096_strict_rho80_unit8,uniform,4096,22,85.07947976878613,0.6416621842036779,480,10575,480,3852,13972,0.7633304195804196,0.7838868940754039,0.8,18304,18304,0,0,446,41.04035874439462,6,0.15246636771300448,334108,13439,52.57274780981243,1143.7748762313277,2768,6.216317251324654,74.7678152192384,22.01296110637486,0.382187157869339,2.1782193034887314,4194938368,0,13440,,,687,,,,,,
uniform_h4096_strict_rho80_unit8,uniform,4096,23,84.78336221837088,0.6665617427433095,468,11055,468,4251,13537,0.7415096406660824,0.7610186642680459,0.8,18256,18256,0,0,375,48.68266666666667,20,0.296,352364,13814,52.08813391439617,1195.8630101457238,2885,6.734414042904973,81.50222926214337,21.74041067250073,0.3533374723047018,1.933460021391511,4194962944,0,13815,,,667,,,,,,
uniform_h4096_strict_rho80_unit8,uniform,4096,24,83.67553012453719,0.708072828359106,344,11523,344,2793,14623,0.8233671171171171,0.8396302250803859,0.8,17760,17760,0,0,384,46.25,22,0.22395833333333334,370124,14198,51.40146947465837,1247.2644796203822,2971,6.885591518133879,88.38782078027725,22.078623993322253,0.3595722485333681,1.8606081996113062,4194987520,0,14199,,,540,,,,,,
uniform_h4096_strict_rho80_unit8,uniform,4096,25,83.56389986824769,0.7243410961057983,259,11867,259,2233,14928,0.8569460390355913,0.8698793776586446,0.8,17420,17420,0,0,395,44.10126582278481,3,0.1189873417721519,387544,14593,49.47739444486797,1296.7418740652502,3036,6.9150295071303844,95.30285028740764,20.6399951800704,0.35711867175996304,2.0753736458718777,4195012096,0,14594,,,414,,,,,,
uniform_h4096_strict_rho80_unit8,uniform,4096,26,83.47578347578347,0.7170367703881847,493,12126,493,3139,14724,0.802135541512312,0.8242736382466551,0.8,18356,18356,0,0,350,52.44571428571429,13,0.37142857142857144,405900,14943,53.37755550816655,1350.1194295734167,3159,7.247105497866869,102.5499557852745,22.670977598056197,0.38578692451119423,1.876005295664072,4195036672,0,14944,,,609,,,,,,
uniform_h4096_strict_rho80_unit8,uniform,4096,27,83.83251833740832,0.7216015979973447,450,12619,450,2809,14925,0.8207765068191817,0.8416036991090561,0.8,18184,18184,0,0,338,53.798816568047336,2,0.4349112426035503,424084,15281,52.980514695867896,1403.0999442692846,3272,7.470041325315833,110.01999711059034,22.465038876980543,0.465686721727252,1.9063371885567904,4195061248,0,15282,,,638,,,,,,
uniform_h4096_strict_rho80_unit8,uniform,4096,28,83.58032009484292,0.7349626053789231,404,13069,404,2428,15168,0.8426666666666667,0.8620140941122982,0.8,18000,18000,0,0,312,57.69230769230769,13,0.5769230769230769,442084,15593,51.385431203991175,1454.4853754732758,3374,8.024300634860992,118.04429774545133,20.90228831768036,0.34547552466392517,1.9707058053463697,4195085824,0,15594,,,602,,,,,,
uniform_h4096_strict_rho80_unit8,uniform,4096,29,82.76949541284404,0.7512520853424186,456,13473,456,2851,14901,0.8183765377855887,0.839398377647589,0.8,18208,18208,0,0,310,58.73548387096774,8,0.6451612903225806,460292,15903,51.965041894465685,1506.4504173677415,3488,8.388772869482636,126.43307061493397,21.103713683784008,0.36172784119844437,1.9538440089672804,4195110400,0,15904,,,652,,,,,,
uniform_h4096_strict_rho80_unit8,uniform,4096,30,83.27930848190168,0.7714122524343556,856,13929,856,3850,15102,0.7624192245557351,0.796855213170114,0.8,19808,19808,0,0,311,63.69131832797428,8,0.9935691318327974,480100,16214,55.00113955326378,1561.4515569210052,3702,8.435280427336693,134.86835104227066,21.30052524060011,0.3693871181458235,2.0024931468069553,4195134976,0,16215,,,1077,,,,,,
uniform_h4096_strict_rho80_unit8,uniform,4096,31,83.25471698113208,0.7564892906861832,458,14785,458,2679,15079,0.8277887571365832,0.8491384164883433,0.8,18216,18216,0,0,286,63.69230769230769,10,0.993006993006993,498316,16500,50.98961081169546,1612.4411677327007,3816,8.80696128681302,143.67531232908368,20.0839193277061,0.34767165035009384,1.6274020299315453,4195159552,0,16501,,,872,,,,,,
uniform_h4096_strict_rho80_unit8,uniform,4096,32,83.08241898443481,0.7723629395504061,408,15243,408,2652,14956,0.8301509769094139,0.8493866424352567,0.8,18016,18016,0,0,283,63.66077738515901,8,0.9929328621908127,516332,16783,52.16483993828297,1664.6060076709837,3919,9.394980303943157,153.07029263302684,21.647969061508775,0.34545096941292286,1.6859946101903915,4195184128,0,16784,,,719,,,,,,
uniform_h4096_strict_rho80_unit8,uniform,4096,33,83.0272952853598,0.7580486912613333,443,15651,443,2487,15226,0.838620841595065,0.859594647998645,0.8,18156,18156,0,0,284,63.929577464788736,49,0.9929577464788732,534488,17067,53.194005435332656,1717.8000131063163,4030,9.095136502757668,162.1654291357845,22.21085001900792,0.34575388953089714,1.9561449643224478,4195209728,0,17068,,,715,,,,,,
uniform_h4096_strict_rho80_unit8,uniform,4096,34,83.29268292682927,0.7710039102713605,282,16094,282,1780,15450,0.8822521699406122,0.8966918165989554,0.8,17512,17512,0,0,275,63.68,14,0.9927272727272727,552000,17342,49.45416915230453,1767.2541822586209,4100,9.234435580670834,171.39986471645534,19.606900526210666,0.34394536912441254,1.7897266000509262,4195234304,0,17343,,,557,,,,,,
uniform_h4096_strict_rho80_unit8,uniform,4096,35,82.6220231077576,0.7874363616937927,563,16376,563,3195,14878,0.7983472848250698,0.823216953466497,0.8,18636,18636,0,0,292,63.821917808219176,25,0.9931506849315068,570636,17634,52.51158653385937,1819.7657687924802,4241,9.712443051859736,181.11230776831508,20.46340619213879,0.3569220881909132,2.2391985245049,4195258880,0,17635,,,792,,,,,,
uniform_h4096_strict_rho80_unit8,uniform,4096,36,83.41296928327645,0.7694985880755614,619,16939,619,3202,15039,0.7974019088016967,0.8244613782139137,0.8,18860,18860,0,0,296,63.71621621621622,1,0.9932432432432432,589496,17930,52.686855141073465,1872.4526239335537,4395,9.944892069324851,191.05719983763993,20.39100433140993,0.35575688257813454,2.1108726542443037,4195283456,0,17931,,,949,,,,,,
uniform_h4096_strict_rho80_unit8,uniform,4096,37,82.35940246045695,0.8011740574683357,632,17558,632,3467,14813,0.7832593062605753,0.8103391684901532,0.8,18912,18912,0,0,296,63.891891891891895,40,0.9932432432432432,608408,18226,52.739102233201265,1925.191726166755,4552,10.748840669170022,201.80604050680995,20.295977611094713,0.3601951450109482,2.134672947227955,4195308032,0,18227,,,1028,,,,,,
uniform_h4096_strict_rho80_unit8,uniform,4096,38,82.40681576144834,0.7676826333977693,575,18190,575,3145,14964,0.8008991650610148,0.8263294494450273,0.8,18684,18684,0,0,292,63.986301369863014,61,0.9931506849315068,627092,18518,54.06883980706334,1979.2605659738183,4695,10.42791897058487,212.23395947739482,21.8697005584836,0.347896384075284,2.23722524382174,4195332608,0,18519,,,1032,,,,,,
uniform_h4096_strict_rho80_unit8,uniform,4096,39,82.4703680598877,0.7839957315254806,459,18765,459,2798,14963,0.8212403951701427,0.8424638252350656,0.8,18220,18220,0,0,286,63.70629370629371,11,0.993006993006993,645312,18804,53.13423597998917,2032.3948019538075,4809,10.790838016197085,223.0247974935919,21.6951000764966,0.35240580700337887,2.3002320304512978,4195357184,0,18805,,,908,,,,,,
uniform_h4096_strict_rho80_unit8,uniform,4096,40,82.51465534667476,0.7901891961090594,554,19224,554,3263,14783,0.7947849462365592,0.8191843067715837,0.8,18600,18600,0,0,291,63.91752577319588,42,0.993127147766323,663912,19095,52.18964024633169,2084.584442200139,4947,11.114047700539231,234.13884519413114,20.389353277161717,0.4664895609021187,2.0064912103116512,4195381760,0,19096,,,986,,,,,,
uniform_h4096_strict_rho80_unit8,uniform,4096,41,81.69687313284206,0.8186995738224112,297,19778,297,2058,15217,0.8659799681311177,0.8808683068017367,0.8,17572,17572,0,0,275,63.89818181818182,41,0.9927272727272727,681484,19370,49.444170750677586,2134.0286129508168,5021,11.310518089681864,245.449363283813,19.146148020401597,0.32763744704425335,2.2689807396382093,4195406336,0,19371,,,730,,,,,,
uniform_h4096_strict_rho80_unit8,uniform,4096,42,81.26817917393834,0.8322764931152398,548,20075,548,3367,14661,0.7892441860465116,0.8132349678278233,0.8,18576,18576,0,0,291,63.83505154639175,36,0.993127147766323,700060,19661,53.52795881032944,2187.556571761146,5157,12.195954842492938,257.64531812630594,20.97747934423387,0.35556493885815144,2.402928976342082,4195430912,0,19662,,,909,,,,,,
uniform_h4096_strict_rho80_unit8,uniform,4096,43,81.1726632400533,0.8401391130527996,382,20623,382,2293,15237,0.8506587762393926,0.8691956645750143,0.8,17912,17912,0,0,280,63.97142857142857,58,0.9928571428571429,717972,19941,51.29236730001867,2238.848939061165,5253,12.276112908497453,269.9214310348034,20.282967906445265,0.3447731286287308,2.280186766758561,4195455488,0,19942,,,817,,,,,,
uniform_h4096_strict_rho80_unit8,uniform,4096,44,81.29928651896357,0.8550169547617795,293,21005,293,1816,15447,0.8798701298701299,0.8948039158894746,0.8,17556,17556,0,0,275,63.84,37,0.9927272727272727,735528,20216,51.18158758431673,2290.0305266454816,5326,12.590731335803866,282.51216237060726,19.911821514368057,0.3431007135659456,2.525168275460601,4195480064,0,20217,,,692,,,,,,
uniform_h4096_strict_rho80_unit8,uniform,4096,45,81.5135334192598,0.8597384844573431,422,21298,422,2463,15187,0.840360779105799,0.8604532577903683,0.8,18072,18072,0,0,283,63.85865724381625,38,0.9929328621908127,753600,20499,52.95170089416206,2342.9822275396436,5431,12.796560604125261,295.3087229747325,21.58961401693523,0.358930179849267,2.199223555624485,4195504640,0,20500,,,788,,,,,,
uniform_h4096_strict_rho80_unit8,uniform,4096,46,81.01835192515293,0.8687880514093231,509,21720,509,3134,14777,0.8022258414766558,0.8250237284350399,0.8,18420,18420,0,0,288,63.958333333333336,55,0.9930555555555556,772020,20787,54.59908163361251,2397.581309173256,5558,13.744855020195246,309.05357799492776,22.076092226430774,0.36388750560581684,2.6307621095329523,4195529216,0,20788,,,900,,,,,,
uniform_h4096_strict_rho80_unit8,uniform,4096,47,81.22024334332569,0.8706380975518115,451,22229,451,2643,15094,0.8298878381350341,0.8509894570671478,0.8,18188,18188,0,0,286,63.59440559440559,3,0.993006993006993,790208,21073,52.87175435386598,2450.453063527122,5671,13.279852036386728,322.3334300313145,20.408805027604103,0.35394997894763947,2.803501231595874,4195553792,0,21074,,,908,,,,,,
uniform_h4096_strict_rho80_unit8,uniform,4096,48,80.43553404770135,0.8959345106384831,458,22680,458,2629,15129,0.8305335968379447,0.8519540488793783,0.8,18216,18216,0,0,286,63.69230769230769,10,0.993006993006993,808424,21359,53.43461651355028,2503.8876800406724,5786,13.571390509605408,335.9048205409199,21.1655508056283,0.361893005669117,2.6970649268478155,4195578368,0,21360,,,923,,,,,,
uniform_h4096_strict_rho80_unit8,uniform,4096,49,80.62818336162988,0.8949163272045962,418,23138,418,2612,15026,0.8321887461231724,0.8519106474656991,0.8,18056,18056,0,0,283,63.802120141342755,34,0.9929328621908127,826480,21642,52.02820856124163,2555.915888601914,5890,13.78582801297307,349.69064855389297,20.6202733181417,0.35867039300501347,2.3255952280014753,4195602944,0,21643,,,889,,,,,,
uniform_h4096_strict_rho80_unit8,uniform,4096,50,80.75,0.8974023976992044,444,23556,444,2433,15283,0.8415748898678415,0.862666516143599,0.8,18160,18160,0,0,284,63.943661971830984,52,0.9929577464788732,844640,21926,51.698352843523026,2607.614241445437,6000,13.817018527537584,363.50766708143055,19.878506438806653,0.3473699390888214,2.7598980087786913,4195627520,0,21927,,,915,,,,,,
srt_h128_standard_rho80_unit8,srt,128,1,89.83050847457628,1.4865359499110669,475,0,475,1425,0,0.0,0.0,0.8,1900,1900,0,0,106,17.92452830188679,1,0.1320754716981132,1900,106,9.78829301148653,9.78829301148653,118,0.5026237405836582,0.5026237405836582,4.078270865604281,0.08511714451014996,0.23354395292699337,4190162432,19,126,0.0,2.0,475,233.0,63.0,73.0,53.0,80.0,1398.0
srt_h128_standard_rho80_unit8,srt,128,2,89.11290322580645,0.4629455019673952,514,475,514,1408,646,0.2515576323987539,0.314508276533593,0.8,2568,2568,0,0,70,36.68571428571428,2,0.3142857142857143,4468,176,8.362749874591827,18.151042886078358,248,0.7357002403587103,1.2383239809423685,3.3148244880139828,0.09114457294344902,0.2595205008983612,4190187008,0,196,42.0,68.0,655,659.0,92.0,83.0,105.0,99.0,1530.0
srt_h128_standard_rho80_unit8,srt,128,3,86.04060913705584,0.6213369024101029,586,989,586,974,1296,0.453781512605042,0.5709251101321586,0.8,2856,2856,0,0,46,62.08695652173913,10,0.9565217391304348,7324,222,8.360880015417933,26.51192290149629,394,1.0546706449240446,2.292994625866413,3.339926604181528,0.09161297604441643,0.16977550648152828,4190211584,0,242,15.0,88.0,839,817.0,215.0,210.0,247.0,219.0,1148.0
srt_h128_standard_rho80_unit8,srt,128,4,88.0701754385965,0.4843826073464345,704,1575,704,607,2017,0.6060697115384616,0.7686737804878049,0.8,3328,3328,0,0,52,64.0,64,1.0,10652,274,9.739551877602935,36.251474779099226,570,1.4713939763605595,3.7643886022269726,3.9457149747759104,0.11756074614822865,0.14172597788274288,4190236160,0,294,122.0,445.0,870,861.0,233.0,276.0,294.0,306.0,1358.0
srt_h128_standard_rho80_unit8,srt,128,5,87.39255014326648,0.5406603141974796,516,2279,516,419,1641,0.6370341614906833,0.7966019417475728,0.8,2576,2576,0,0,42,61.333333333333336,4,0.9523809523809523,13228,316,7.3340318109840155,43.58550659008324,698,1.6075737588107586,5.371962361037731,2.7838465739041567,0.09672785364091396,0.15266053564846516,4190260736,0,336,590.0,350.0,664,713.0,182.0,171.0,178.0,166.0,1166.0
srt_h128_standard_rho80_unit8,srt,128,6,87.77506112469437,0.5169650030069244,482,2795,482,398,1560,0.639344262295082,0.7967313585291114,0.8,2440,2440,0,0,39,62.56410256410256,34,0.9487179487179487,15668,355,6.992496998980641,50.57800358906388,818,1.9591715652495623,7.331133926287293,2.7078702114522457,0.09867871925234795,0.1749533023685217,4190285312,0,375,938.0,332.0,667,695.0,177.0,189.0,176.0,176.0,1027.0
srt_h128_standard_rho80_unit8,srt,128,7,87.45980707395498,0.49974867598130923,461,3277,461,385,1510,0.6409168081494058,0.7968337730870713,0.8,2356,2356,0,0,38,62.0,13,0.9473684210526315,18024,393,6.518418546766043,57.096422135829926,933,2.1741676423698664,9.50530156865716,2.405580263584852,0.1018044538795948,0.1088594850152731,4190309888,0,413,1418.0,313.0,743,749.0,196.0,201.0,179.0,161.0,870.0
srt_h128_standard_rho80_unit8,srt,128,8,88.46153846153847,0.4918709508749981,535,3738,535,430,1687,0.6361236802413273,0.7968823807274446,0.8,2652,2652,0,0,43,61.674418604651166,5,0.9534883720930233,20676,436,7.717657038941979,64.8140791747719,1066,2.524286450818181,12.02958801947534,2.9952114801853895,0.12182635627686977,0.20607450976967812,4190334464,0,456,1838.0,364.0,886,725.0,242.0,212.0,193.0,191.0,1089.0
srt_h128_standard_rho80_unit8,srt,128,9,87.41666666666667,0.5248390434300951,529,4273,529,427,1672,0.6362252663622526,0.7965697951405432,0.8,2628,2628,0,0,42,62.57142857142857,17,0.9523809523809523,23304,478,7.7176744267344475,72.53175360150635,1200,2.729556493461132,14.759144512936473,2.918438244611025,0.22963380627334118,0.21807460486888885,4190359040,0,498,2283.0,375.0,997,754.0,207.0,236.0,213.0,183.0,1035.0
srt_h128_standard_rho80_unit8,srt,128,10,85.65022421524664,0.6355537951534584,547,4802,547,438,1715,0.6351851851851852,0.7965629354389224,0.8,2700,2700,0,0,43,62.7906976744186,35,0.9534883720930233,26004,521,7.7682866510003805,80.30004025250673,1338,2.9932240657508373,17.75236857868731,2.894309688359499,0.1403572242707014,0.2751880306750536,4190383616,0,541,2762.0,378.0,1128,849.0,221.0,219.0,208.0,188.0,1015.0
srt_h128_standard_rho80_unit8,srt,128,11,84.07510431154381,0.6320138516276205,395,5349,395,332,1365,0.6524856596558317,0.8043606364172068,0.8,2092,2092,0,0,34,61.529411764705884,11,0.9411764705882353,28096,555,6.049995886161923,86.35003613866866,1438,3.3095013592392206,21.06186993792653,2.229364588856697,0.11693784780800343,0.2434948869049549,4190408192,0,575,3179.0,290.0,1156,710.0,216.0,154.0,176.0,127.0,709.0
srt_h128_standard_rho80_unit8,srt,128,12,85.52123552123552,0.5981514261901582,461,5744,461,385,1510,0.6409168081494058,0.7968337730870713,0.8,2356,2356,0,0,38,62.0,13,0.9473684210526315,30452,593,6.853958036750555,93.20399417541921,1554,3.4241362046450377,24.48600614257157,2.6675596181303263,0.1419231928884983,0.14675248600542545,4190432768,0,613,3611.0,335.0,1212,814.0,211.0,213.0,172.0,169.0,777.0
srt_h128_standard_rho80_unit8,srt,128,13,84.77096966091612,0.6139231082293645,511,6205,511,416,1629,0.6373239436619719,0.7965770171149145,0.8,2556,2556,0,0,40,63.9,61,0.95,33008,633,7.4204131960868835,100.6244073715061,1681,3.7264694813638926,28.21247562393546,2.641154596582055,0.15990673750638962,0.3904983587563038,4190457344,0,653,3953.0,370.0,1330,781.0,216.0,230.0,188.0,157.0,984.0
srt_h128_standard_rho80_unit8,srt,128,14,84.22504136789851,0.64432500244101,526,6716,526,425,1665,0.6364678899082569,0.7966507177033493,0.8,2616,2616,0,0,42,62.285714285714285,14,0.9523809523809523,35624,675,8.395274884998798,109.0196822565049,1813,4.080026255920529,32.29250187985599,3.4853208288550377,0.16454706527292728,0.42483863420784473,4190481920,0,695,4420.0,370.0,1476,894.0,231.0,221.0,189.0,194.0,887.0
srt_h128_standard_rho80_unit8,srt,128,15,83.35925349922239,0.6377441294403912,465,7242,465,388,1519,0.6403878583473862,0.7965390665967488,0.8,2372,2372,0,0,38,62.421052631578945,17,0.9473684210526315,37996,713,6.9235532358288765,115.94323549233377,1929,4.301367051899433,36.59386893175542,2.4207157157361507,0.15235715731978416,0.4103073365986347,4190506496,0,733,4974.0,325.0,1570,821.0,215.0,209.0,176.0,173.0,778.0
srt_h128_standard_rho80_unit8,srt,128,16,82.63821532492726,0.7320228198596179,529,7707,529,427,1672,0.6362252663622526,0.7965697951405432,0.8,2628,2628,0,0,42,62.57142857142857,17,0.9523809523809523,40624,755,7.812458366155624,123.7556938584894,2062,4.659588033333421,41.253456965088844,2.9300784952938557,0.18439528718590736,0.31829713471233845,4190531072,0,775,5402.0,388.0,1708,865.0,249.0,237.0,217.0,163.0,897.0
srt_h128_standard_rho80_unit8,srt,128,17,82.6782449725777,0.6935881180261364,498,8236,498,408,1598,0.6381789137380192,0.7966101694915254,0.8,2504,2504,0,0,40,62.6,22,0.95,43128,795,7.4912468530237675,131.24694071151316,2188,5.027858998626471,46.281315963715315,2.954933686181903,0.17683200910687447,0.22002464160323143,4190555648,0,815,5871.0,367.0,1798,823.0,226.0,241.0,212.0,164.0,838.0
srt_h128_standard_rho80_unit8,srt,128,18,81.47340889276373,0.7567250623563502,423,8734,423,349,1432,0.6497277676950998,0.8040426726558113,0.8,2204,2204,0,0,35,62.97142857142857,39,0.9428571428571428,45332,830,6.791963344439864,138.03890405595303,2294,5.088490771129727,51.36980673484504,2.59652179479599,0.16737166047096252,0.3830628376454115,4190580224,0,850,6301.0,303.0,1874,748.0,177.0,165.0,156.0,151.0,807.0
srt_h128_standard_rho80_unit8,srt,128,19,81.93924261339991,0.7220748569151528,433,9157,433,355,1456,0.6488413547237076,0.8039757040309221,0.8,2244,2244,0,0,36,62.333333333333336,19,0.9444444444444444,47576,866,7.077157253399491,145.11606130935252,2403,5.296548739075661,56.6663554739207,2.6469023153185844,0.1768286544829607,0.5557626560330391,4190604800,0,886,6716.0,309.0,1967,738.0,191.0,181.0,181.0,146.0,807.0
srt_h128_standard_rho80_unit8,srt,128,20,80.83067092651757,0.8347394066200446,406,9590,406,339,1391,0.6512172284644194,0.8040462427745665,0.8,2136,2136,0,0,35,61.02857142857143,2,0.9428571428571428,49712,901,6.556128906086087,151.6721902154386,2504,5.558113316074014,62.22446878999472,2.464455710723996,0.1733252163976431,0.3599951807409525,4190629376,0,921,7133.0,306.0,2039,762.0,186.0,189.0,153.0,136.0,710.0
srt_h128_standard_rho80_unit8,srt,128,21,83.11933534743203,0.6933035932995295,579,9996,579,457,1792,0.6336633663366337,0.7967985771453979,0.8,2828,2828,0,0,46,61.47826086956522,3,0.9565217391304348,52540,947,8.283962219953537,159.95615243539214,2648,5.920863941311836,68.14533273130655,3.0669824331998825,0.24241666682064533,0.2658077534288168,4190653952,0,967,7567.0,428.0,2215,928.0,242.0,236.0,193.0,187.0,1042.0
srt_h128_standard_rho80_unit8,srt,128,22,81.97254335260115,0.7901764577945225,480,10575,480,397,1555,0.639391447368421,0.7966188524590164,0.8,2432,2432,0,0,39,62.35897435897436,32,0.9487179487179487,54972,986,7.444238398224115,167.40039083361626,2768,6.202270181849599,74.34760291315615,2.7853684835135937,0.22040897607803345,0.3985700849443674,4190678528,0,1006,8070.0,333.0,2317,838.0,164.0,195.0,156.0,153.0,926.0
srt_h128_standard_rho80_unit8,srt,128,23,82.53032928942808,0.744830652878473,468,11055,468,389,1527,0.6405201342281879,0.7969728601252609,0.8,2384,2384,0,0,38,62.73684210526316,20,0.9473684210526315,57356,1024,7.048107761889696,174.44849859550595,2885,6.457361236214638,80.80496414937079,2.3844862896949053,0.21722816303372383,0.5005782786756754,4190703104,0,1044,8520.0,357.0,2409,934.0,215.0,171.0,178.0,158.0,728.0
srt_h128_standard_rho80_unit8,srt,128,24,79.53550992931673,0.901231365501273,344,11523,344,288,1256,0.6652542372881356,0.8134715025906736,0.8,1888,1888,0,0,31,60.903225806451616,8,0.9354838709677419,59244,1055,5.798980014398694,180.24747860990465,2971,6.671886336058378,87.47685048542917,2.024247808381915,0.175319354981184,0.45873674005270004,4190727680,0,1075,8922.0,253.0,2450,668.0,141.0,170.0,135.0,155.0,619.0
srt_h128_standard_rho80_unit8,srt,128,25,77.733860342556,0.9663001182813189,259,11867,259,223,1066,0.6886304909560723,0.8269976726144298,0.8,1548,1548,0,0,26,59.53846153846154,3,0.9230769230769231,60792,1081,4.904785303398967,185.1522639133036,3036,6.6370636615902185,94.11391414701939,1.7480205800384283,0.15932013280689716,0.3915220610797405,4190752256,0,1101,9251.0,176.0,2443,548.0,124.0,118.0,116.0,126.0,516.0
srt_h128_standard_rho80_unit8,srt,128,26,79.80373535929091,0.8500290523198789,493,12126,493,405,1586,0.6384863123993558,0.7965846308387745,0.8,2484,2484,0,0,40,62.1,7,0.95,63276,1121,7.707619918510318,192.85988383181393,3159,7.11587630957365,101.22979045659304,2.863731926307082,0.2388659417629242,0.475986460223794,4190776832,0,1141,9522.0,363.0,2555,890.0,228.0,188.0,168.0,146.0,864.0
srt_h128_standard_rho80_unit8,srt,128,27,79.03422982885085,0.8853254963000564,450,12619,450,379,1483,0.6414359861591695,0.7964554242749732,0.8,2312,2312,0,0,38,60.8421052631579,2,0.9473684210526315,65588,1159,7.214205892756581,200.0740897245705,3272,7.271920228376985,108.50171068497002,2.6270521581172943,0.23964733630418777,0.4753855876624584,4190801408,0,1179,9998.0,338.0,2655,849.0,172.0,188.0,137.0,164.0,802.0
srt_h128_standard_rho80_unit8,srt,128,28,77.50444576170717,0.9856040869095408,404,13069,404,337,1387,0.6517857142857143,0.8045243619489559,0.8,2128,2128,0,0,34,62.588235294117645,20,0.9411764705882353,67716,1193,6.444660823792219,206.51875054836273,3374,7.7666682805866,116.26837896555662,2.4695518482476473,0.23510746099054813,0.2367198709398508,4190825984,0,1213,10370.0,287.0,2710,788.0,173.0,173.0,140.0,136.0,718.0
srt_h128_standard_rho80_unit8,srt,128,29,78.26834862385321,0.9322200424330584,456,13473,456,382,1498,0.6412671232876712,0.7968085106382978,0.8,2336,2336,0,0,38,61.473684210526315,8,0.9473684210526315,70052,1231,7.272554522380233,213.79130507074296,3488,7.986417420208454,124.25479638576508,2.6735016498714685,0.24863510206341743,0.46675438061356544,4190850560,0,1251,10815.0,340.0,2815,890.0,192.0,169.0,180.0,162.0,743.0
srt_h128_standard_rho80_unit8,srt,128,30,80.09184224743382,0.8158797029078222,856,13929,856,626,2454,0.6234756097560976,0.7967532467532468,0.8,3936,3936,0,0,63,62.476190476190474,8,0.9682539682539683,73988,1294,12.038194434717298,225.82949950546026,3702,8.626137390732765,132.88093377649784,4.379032092168927,0.5639460310339928,0.5761952959001064,4190875136,0,1314,11156.0,616.0,3127,1211.0,322.0,311.0,295.0,287.0,1510.0
srt_h128_standard_rho80_unit8,srt,128,31,78.03983228511531,0.8938754490695497,458,14785,458,383,1503,0.6412116040955631,0.7969247083775186,0.8,2344,2344,0,0,38,61.68421052631579,10,0.9473684210526315,76332,1332,7.46557504311204,233.2950745485723,3816,9.37620729394257,142.2571410704404,2.7398221883922815,0.2880884539335966,0.5593039281666279,4190899712,0,1352,11976.0,333.0,3251,879.0,168.0,194.0,170.0,162.0,771.0
srt_h128_standard_rho80_unit8,srt,128,32,78.43837713702474,0.9015532633165064,408,15243,408,340,1396,0.6511194029850746,0.804147465437788,0.8,2144,2144,0,0,35,61.25714285714286,8,0.9428571428571428,78476,1367,6.747675830498338,240.04275037907064,3919,9.592301830649376,151.8494429010898,2.3582948725670576,0.2624867148697376,0.5723144002258778,4190924288,0,1387,12428.0,301.0,3324,834.0,181.0,168.0,161.0,131.0,669.0
srt_h128_standard_rho80_unit8,srt,128,33,79.05707196029776,0.8658223408819966,443,15651,443,361,1480,0.647985989492119,0.8039109179793591,0.8,2284,2284,0,0,36,63.44444444444444,49,0.9444444444444444,80760,1403,7.126939430832863,247.1696898099035,4030,9.33044833689928,161.17989123798907,2.509981105104089,0.28833343274891376,0.5485888291150331,4190949888,0,1423,12727.0,305.0,3406,777.0,198.0,183.0,171.0,149.0,806.0
srt_h128_standard_rho80_unit8,srt,128,34,78.1951219512195,0.923545739758842,282,16094,282,237,1121,0.6835365853658537,0.8254786450662739,0.8,1640,1640,0,0,27,60.74074074074074,14,0.9259259259259259,82400,1430,5.126692820340395,252.2963826302439,4100,9.516396703198552,170.69628794118762,1.8324675746262074,0.2302180752158165,0.33333395421504974,4190974464,0,1450,13117.0,199.0,3400,594.0,130.0,129.0,114.0,100.0,573.0
srt_h128_standard_rho80_unit8,srt,128,35,79.29733553407215,0.9173202211329093,563,16376,563,447,1754,0.6345875542691751,0.7969104952294411,0.8,2764,2764,0,0,44,62.81818181818182,25,0.9545454545454546,85164,1474,8.487197577953339,260.78358020819724,4241,10.150782812386751,180.84707075357437,2.929876569658518,0.3529558628797531,0.6515485476702452,4190999040,0,1494,13452.0,395.0,3544,951.0,223.0,219.0,197.0,191.0,983.0
srt_h128_standard_rho80_unit8,srt,128,36,79.40841865756542,0.896784654905414,619,16939,619,482,1887,0.6315261044176707,0.7965386238919375,0.8,2988,2988,0,0,48,62.25,1,0.9583333333333334,88152,1522,9.602854570373893,270.38643477857113,4395,10.258745208382607,191.10581596195698,3.370095405727625,0.4251178130507469,0.8262493684887886,4191023616,0,1542,14074.0,421.0,3685,937.0,229.0,230.0,203.0,197.0,1192.0
srt_h128_standard_rho80_unit8,srt,128,37,78.38312829525483,0.9745751023391724,632,17558,632,489,1919,0.63125,0.7969269102990033,0.8,3040,3040,0,0,48,63.333333333333336,40,0.9583333333333334,91192,1570,9.238378211855888,279.624812990427,4552,10.386575747281313,201.4923917092383,3.1150276120752096,0.41403384134173393,0.6908186133950949,4191048192,0,1590,14651.0,469.0,3859,1076.0,259.0,237.0,217.0,229.0,1022.0
srt_h128_standard_rho80_unit8,srt,128,38,78.4877529286475,0.9401500775445121,575,18190,575,455,1782,0.6337126600284495,0.7966025927581583,0.8,2812,2812,0,0,44,63.90909090909091,61,0.9545454545454546,94004,1614,9.045062698423862,288.6698756888509,4695,10.770799091085792,212.26319080032408,3.3246994614601135,0.3922876585274935,0.6785530038177967,4191072768,0,1634,15286.0,416.0,3992,1039.0,225.0,220.0,235.0,173.0,920.0
srt_h128_standard_rho80_unit8,srt,128,39,78.43626533582865,0.9289208003748421,459,18765,459,384,1505,0.6409710391822828,0.7967178401270514,0.8,2348,2348,0,0,38,61.78947368421053,11,0.9473684210526315,96352,1652,8.155763560906053,296.82563924975693,4809,11.058042956516147,223.32123375684023,3.2262216545641422,0.34549133852124214,0.6721712537109852,4191097344,0,1672,15790.0,340.0,4087,875.0,184.0,186.0,187.0,169.0,747.0
srt_h128_standard_rho80_unit8,srt,128,40,78.47180109157065,0.9189910407477231,554,19224,554,442,1732,0.6348973607038123,0.796688132474701,0.8,2728,2728,0,0,43,63.44186046511628,42,0.9534883720930233,99080,1695,8.238045262172818,305.06368451192975,4947,11.398602440953255,234.71983619779348,2.975529396906495,0.40233074501156807,0.37605734914541245,4191121920,0,1715,16210.0,388.0,4252,968.0,214.0,216.0,200.0,181.0,949.0
srt_h128_standard_rho80_unit8,srt,128,41,76.79745070703048,0.9936683101203588,297,19778,297,246,1157,0.6805882352941176,0.8246614397719173,0.8,1700,1700,0,0,27,62.96296296296296,41,0.9259259259259259,100780,1722,5.440726609900594,310.50441112183034,5021,11.540552435442805,246.2603886332363,1.6805802676826715,0.26518832333385944,0.6829115208238363,4191146496,0,1742,16607.0,206.0,4297,652.0,147.0,128.0,136.0,141.0,496.0
srt_h128_standard_rho80_unit8,srt,128,42,78.1462090362614,0.9208915168377956,548,20075,548,438,1718,0.6353550295857988,0.7968460111317254,0.8,2704,2704,0,0,43,62.883720930232556,36,0.9534883720930233,103484,1765,8.730851400643587,319.23526252247393,5157,11.954080505296588,258.2144691385329,2.938001323491335,0.41570132598280907,0.9053548034280539,4191171072,0,1785,17017.0,428.0,4422,1024.0,236.0,218.0,178.0,170.0,878.0
srt_h128_standard_rho80_unit8,srt,128,43,78.12678469446031,0.9295875430328936,382,20623,382,311,1347,0.6602941176470588,0.8124246079613993,0.8,2040,2040,0,0,32,63.75,58,0.9375,105524,1797,6.642007183283567,325.8772697057575,5253,12.234701301902533,270.4491704404354,2.5787413623183966,0.32600882463157177,0.34050112776458263,4191195648,0,1817,17492.0,269.0,4481,700.0,160.0,159.0,131.0,131.0,759.0
srt_h128_standard_rho80_unit8,srt,128,44,76.49267743146827,1.031063789079579,293,21005,293,244,1147,0.6811163895486936,0.8245866283249461,0.8,1684,1684,0,0,27,62.370370370370374,37,0.9259259259259259,107208,1824,5.614886958152056,331.49215666390955,5326,12.841404687613249,283.29057512804866,1.8953423108905554,0.2789632398635149,0.6737513411790133,4191220224,0,1844,17816.0,203.0,4494,608.0,127.0,128.0,104.0,128.0,589.0
srt_h128_standard_rho80_unit8,srt,128,45,76.72620143619959,1.01993537053474,422,21298,422,348,1430,0.65,0.8042744656917885,0.8,2200,2200,0,0,35,62.857142857142854,38,0.9428571428571428,109408,1859,7.314015503972769,338.8061721678823,5431,13.046483747661114,296.3370588757098,2.5970534160733223,0.35140518099069595,0.7397689055651426,4191244800,0,1879,18179.0,297.0,4581,825.0,175.0,151.0,144.0,154.0,751.0
srt_h128_standard_rho80_unit8,srt,128,46,77.18603814321699,0.998663722003778,509,21720,509,414,1625,0.6377551020408163,0.7969592937714566,0.8,2548,2548,0,0,40,63.7,55,0.95,111956,1899,7.860179059207439,346.66635122708976,5558,13.989021487534046,310.3260803632438,2.80698668025434,0.42406368628144264,0.40427205339074135,4191269376,0,1919,18623.0,394.0,4740,1016.0,214.0,198.0,165.0,155.0,800.0
srt_h128_standard_rho80_unit8,srt,128,47,75.10139305237172,1.186188486271648,451,22229,451,379,1486,0.6416234887737479,0.7967828418230563,0.8,2316,2316,0,0,38,60.94736842105263,3,0.9473684210526315,114272,1937,7.833836693316698,354.50018792040646,5671,13.453830612823367,323.7799109760672,2.795866671949625,0.3923180680721998,0.7668530568480492,4191293952,0,1957,19141.0,331.0,4817,899.0,154.0,176.0,125.0,135.0,827.0
srt_h128_standard_rho80_unit8,srt,128,48,74.50743173176633,1.1793773423404108,458,22680,458,383,1503,0.6412116040955631,0.7969247083775186,0.8,2344,2344,0,0,38,61.68421052631579,10,0.9473684210526315,116616,1975,7.5586499366909266,362.0588378570974,5786,14.257803119719028,338.0377140957862,2.523281430825591,0.415049035102129,0.7329770661890507,4191318528,0,1995,19633.0,333.0,4927,929.0,193.0,183.0,168.0,161.0,710.0
srt_h128_standard_rho80_unit8,srt,128,49,75.50084889643463,1.098293689534108,418,23138,418,346,1420,0.6501831501831502,0.8040770101925255,0.8,2184,2184,0,0,35,62.4,34,0.9428571428571428,118800,2010,7.578111520037055,369.63694937713444,5890,13.908109355717897,351.9458234515041,2.647462647408247,0.4065290801227093,0.93398667126894,4191343104,0,2030,20087.0,304.0,5000,848.0,176.0,152.0,164.0,150.0,694.0
srt_h128_standard_rho80_unit8,srt,128,50,75.1,1.1399537951660312,444,23556,444,362,1482,0.6477272727272727,0.8036876355748374,0.8,2288,2288,0,0,36,63.55555555555556,52,0.9444444444444444,121088,2046,7.0992796160280704,376.7362289931625,6000,14.219017604365945,366.16484105587006,2.4571683201938868,0.4262111783027649,0.45038288459181786,4191367680,0,2066,20495.0,320.0,5111,860.0,163.0,182.0,161.0,128.0,794.0
uniform_h128_standard_rho80_unit8,uniform,128,1,91.52542372881356,1.5257900142999998,475,0,475,1425,0,0.0,0.0,0.8,1900,1900,0,0,106,17.92452830188679,1,0.1320754716981132,1900,106,7.194892155006528,7.194892155006528,118,0.49061560817062855,0.49061560817062855,2.2029291298240423,0.05110519751906395,0.2172757238149643,4194422272,0,107,,,475,,,,,,
uniform_h128_standard_rho80_unit8,uniform,128,2,89.51612903225806,0.4815536845765178,514,475,514,1408,646,0.2515576323987539,0.314508276533593,0.8,2568,2568,0,0,70,36.68571428571428,2,0.3142857142857143,4468,176,8.03744343854487,15.232335593551397,248,0.7145733963698149,1.2051890045404434,2.916114505380392,0.05116962641477585,0.16623152419924736,4194446848,0,177,,,641,,,,,,
uniform_h128_standard_rho80_unit8,uniform,128,3,87.81725888324873,0.6531479310652497,586,989,586,974,1296,0.453781512605042,0.5709251101321586,0.8,2856,2856,0,0,46,62.08695652173913,10,0.9565217391304348,7324,222,8.036778343841434,23.26911393739283,394,0.9607990048825741,2.1659880094230175,3.0145156420767307,0.04570111818611622,0.20769701525568962,4194471424,0,223,,,751,,,,,,
uniform_h128_standard_rho80_unit8,uniform,128,4,88.7719298245614,0.4372811374248864,704,1575,704,607,2017,0.6060697115384616,0.7686737804878049,0.8,3328,3328,0,0,52,64.0,64,1.0,10652,274,9.074118943884969,32.3432328812778,570,1.3462881799787283,3.512276189401746,3.294166559353471,0.053260562941432,0.23172874003648758,4194496000,0,275,,,901,,,,,,
uniform_h128_standard_rho80_unit8,uniform,128,5,88.82521489971347,0.47107887294642276,516,2279,516,419,1641,0.6370341614906833,0.7966019417475728,0.8,2576,2576,0,0,42,61.333333333333336,4,0.9523809523809523,13228,316,7.2364999540150166,39.579732835292816,698,1.5774920862168074,5.089768275618553,2.664585791528225,0.040999772027134895,0.23793206550180912,4194520576,0,317,,,966,,,,,,
uniform_h128_standard_rho80_unit8,uniform,128,6,88.26405867970661,0.46866223298381043,482,2795,482,398,1560,0.639344262295082,0.7967313585291114,0.8,2440,2440,0,0,39,62.56410256410256,34,0.9487179487179487,15668,355,6.938079584389925,46.51781241968274,818,1.9215668383985758,7.011335114017129,2.7019915357232094,0.0419501718133688,0.16874464601278305,4194545152,0,356,,,1049,,,,,,
uniform_h128_standard_rho80_unit8,uniform,128,7,86.92390139335477,0.5079164718900094,461,3277,461,385,1510,0.6409168081494058,0.7968337730870713,0.8,2356,2356,0,0,38,62.0,13,0.9473684210526315,18024,393,6.397356986999512,52.91516940668225,933,2.1058546025305986,9.117189716547728,2.3736962266266346,0.04044914059340954,0.09895694814622402,4194569728,0,394,,,1106,,,,,,
uniform_h128_standard_rho80_unit8,uniform,128,8,89.39962476547842,0.4679290118871892,535,3738,535,430,1687,0.6361236802413273,0.7968823807274446,0.8,2652,2652,0,0,43,61.674418604651166,5,0.9534883720930233,20676,436,7.320179050788283,60.235348457470536,1066,2.356209108605981,11.473398825153708,2.63871256262064,0.04641883447766304,0.2389910202473402,4194594304,0,437,,,1229,,,,,,
uniform_h128_standard_rho80_unit8,uniform,128,9,87.08333333333333,0.5708437611946491,529,4273,529,427,1672,0.6362252663622526,0.7965697951405432,0.8,2628,2628,0,0,42,62.57142857142857,17,0.9523809523809523,23304,478,7.082036720588803,67.31738517805934,1200,2.669890582561493,14.143289407715201,2.4321507960557938,0.04325269162654877,0.29534486308693886,4194618880,0,479,,,1346,,,,,,
uniform_h128_standard_rho80_unit8,uniform,128,10,85.79970104633782,0.6580018448715794,547,4802,547,438,1715,0.6351851851851852,0.7965629354389224,0.8,2700,2700,0,0,43,62.7906976744186,35,0.9534883720930233,26004,521,7.646731184795499,74.96411636285484,1338,2.989242894575,17.1325323022902,2.8847213219851255,0.0447163712233305,0.2664760798215866,4194643456,0,522,,,1483,,,,,,
uniform_h128_standard_rho80_unit8,uniform,128,11,83.93602225312935,0.7349379146555381,395,5349,395,332,1365,0.6524856596558317,0.8043606364172068,0.8,2092,2092,0,0,34,61.529411764705884,11,0.9411764705882353,28096,555,5.805576104670763,80.7696924675256,1438,3.140201959758997,20.272734262049198,2.034746017307043,0.03600674122571945,0.2767739128321409,4194668032,0,556,,,1526,,,,,,
uniform_h128_standard_rho80_unit8,uniform,128,12,85.1994851994852,0.6396200411688633,461,5744,461,385,1510,0.6409168081494058,0.7968337730870713,0.8,2356,2356,0,0,38,62.0,13,0.9473684210526315,30452,593,6.7265503611415625,87.49624282866716,1554,3.3178687170147896,23.590602979063988,2.547893550246954,0.041532693430781364,0.132640203461051,4194692608,0,594,,,1624,,,,,,
uniform_h128_standard_rho80_unit8,uniform,128,13,85.48483045806069,0.6097367878283089,511,6205,511,416,1629,0.6373239436619719,0.7965770171149145,0.8,2556,2556,0,0,40,63.9,61,0.95,33008,633,7.131322920322418,94.62756574898958,1681,3.605346105992794,27.19594908505678,2.5270013995468616,0.04488883167505264,0.3108639270067215,4194717184,0,634,,,1740,,,,,,
uniform_h128_standard_rho80_unit8,uniform,128,14,83.89409817981246,0.674558860717165,526,6716,526,425,1665,0.6364678899082569,0.7966507177033493,0.8,2616,2616,0,0,42,62.285714285714285,14,0.9523809523809523,35624,675,7.693567205220461,102.32113295421004,1813,3.9581859949976206,31.154135080054402,2.9594705682247877,0.0436309352517128,0.3275895342230797,4194741760,0,676,,,1895,,,,,,
uniform_h128_standard_rho80_unit8,uniform,128,15,83.8258164852255,0.6510168507433102,465,7242,465,388,1519,0.6403878583473862,0.7965390665967488,0.8,2372,2372,0,0,38,62.421052631578945,17,0.9473684210526315,37996,713,6.881289195269346,109.20242214947939,1929,4.18007099814713,35.33420607820153,2.5516872741281986,0.0411797259002924,0.3761376291513443,4194766336,0,714,,,2014,,,,,,
uniform_h128_standard_rho80_unit8,uniform,128,16,82.05625606207566,0.7819193316829831,529,7707,529,427,1672,0.6362252663622526,0.7965697951405432,0.8,2628,2628,0,0,42,62.57142857142857,17,0.9523809523809523,40624,755,7.684567615389824,116.88698976486921,2062,4.4783106949180365,39.81251677311957,2.9867022670805454,0.04409929737448692,0.3151205237954855,4194790912,0,756,,,2134,,,,,,
uniform_h128_standard_rho80_unit8,uniform,128,17,82.44972577696527,0.7125462667518777,498,8236,498,408,1598,0.6381789137380192,0.7966101694915254,0.8,2504,2504,0,0,40,62.6,22,0.95,43128,795,6.963384959846735,123.85037472471595,2188,4.722124136984348,44.53464091010392,2.6206686422228813,0.04271856136620045,0.16421163454651833,4194815488,0,796,,,2244,,,,,,
uniform_h128_standard_rho80_unit8,uniform,128,18,81.56059285091543,0.7459835422056481,423,8734,423,349,1432,0.6497277676950998,0.8040426726558113,0.8,2204,2204,0,0,35,62.97142857142857,39,0.9428571428571428,45332,830,6.360176056623459,130.2105507813394,2294,4.892621463164687,49.427262373268604,2.3374342396855354,0.0369170717895031,0.3632061090320349,4194840064,0,831,,,2332,,,,,,
uniform_h128_standard_rho80_unit8,uniform,128,19,82.896379525593,0.7141110044697845,433,9157,433,355,1456,0.6488413547237076,0.8039757040309221,0.8,2244,2244,0,0,36,62.333333333333336,19,0.9444444444444444,47576,866,6.277933422476053,136.48848420381546,2403,5.188312077894807,54.61557445116341,2.2170129977166653,0.037943679839372635,0.33608636260032654,4194864640,0,867,,,2436,,,,,,
uniform_h128_standard_rho80_unit8,uniform,128,20,80.43130990415335,0.8252644839910291,406,9590,406,339,1391,0.6512172284644194,0.8040462427745665,0.8,2136,2136,0,0,35,61.02857142857143,2,0.9428571428571428,49712,901,6.23827301338315,142.7267572171986,2504,5.318894747644663,59.934469198808074,2.2975438125431538,0.036672113463282585,0.34100026078522205,4194889216,0,902,,,2498,,,,,,
uniform_h128_standard_rho80_unit8,uniform,128,21,82.36404833836858,0.7269299864844144,579,9996,579,457,1792,0.6336633663366337,0.7967985771453979,0.8,2828,2828,0,0,46,61.47826086956522,3,0.9565217391304348,52540,947,8.055878480896354,150.78263569809496,2648,5.671103907749057,65.60557310655713,3.0773680079728365,0.04753801412880421,0.2355845794081688,4194913792,0,948,,,2671,,,,,,
uniform_h128_standard_rho80_unit8,uniform,128,22,81.53901734104046,0.8038172924547857,480,10575,480,397,1555,0.639391447368421,0.7966188524590164,0.8,2432,2432,0,0,39,62.35897435897436,32,0.9487179487179487,54972,986,6.991745019331574,157.77438071742654,2768,5.929773600772023,71.53534670732915,2.561744252219796,0.042557913810014725,0.37363077886402607,4194938368,0,987,,,2787,,,,,,
uniform_h128_standard_rho80_unit8,uniform,128,23,81.07452339688042,0.7900691768137419,468,11055,468,389,1527,0.6405201342281879,0.7969728601252609,0.8,2384,2384,0,0,38,62.73684210526316,20,0.9473684210526315,57356,1024,6.819715898483992,164.59409661591053,2885,6.170522622764111,77.70586933009326,2.19556818716228,0.0407999437302351,0.5887510906904936,4194962944,0,1025,,,2899,,,,,,
uniform_h128_standard_rho80_unit8,uniform,128,24,78.18916189835072,0.9397998349383246,344,11523,344,288,1256,0.6652542372881356,0.8134715025906736,0.8,1888,1888,0,0,31,60.903225806451616,8,0.9354838709677419,59244,1055,5.3743170984089375,169.96841371431947,2971,6.286442430689931,83.9923117607832,1.7735840417444706,0.03211013600230217,0.42998517863452435,4194987520,0,1056,,,2965,,,,,,
uniform_h128_standard_rho80_unit8,uniform,128,25,77.1080368906456,0.9603939753939981,259,11867,259,223,1066,0.6886304909560723,0.8269976726144298,0.8,1548,1548,0,0,26,59.53846153846154,3,0.9230769230769231,60792,1081,4.372316434979439,174.3407301492989,3036,6.359865037724376,90.35217679850757,1.5494555961340666,0.02654162421822548,0.20708018355071545,4195012096,0,1082,,,2997,,,,,,
uniform_h128_standard_rho80_unit8,uniform,128,26,79.83539094650206,0.8415062796315499,493,12126,493,405,1586,0.6384863123993558,0.7965846308387745,0.8,2484,2484,0,0,40,62.1,7,0.95,63276,1121,7.301455030217767,181.64218517951667,3159,6.597055850550532,96.9492326490581,2.6902975123375654,0.04818294197320938,0.4580443073064089,4195036672,0,1122,,,3132,,,,,,
uniform_h128_standard_rho80_unit8,uniform,128,27,79.21760391198045,0.9102348720091397,450,12619,450,379,1483,0.6414359861591695,0.7964554242749732,0.8,2312,2312,0,0,38,60.8421052631579,2,0.9473684210526315,65588,1159,6.549122761934996,188.19130794145167,3272,6.881538301706314,103.83077095076442,2.1987137757241726,0.03715207986533642,0.46979294903576374,4195061248,0,1160,,,3239,,,,,,
uniform_h128_standard_rho80_unit8,uniform,128,28,78.33432128037937,0.9674450318143984,404,13069,404,337,1387,0.6517857142857143,0.8045243619489559,0.8,2128,2128,0,0,34,62.588235294117645,20,0.9411764705882353,67716,1193,5.774604396894574,193.96591233834624,3374,7.439808715134859,111.27057966589928,2.0294743590056896,0.03632163256406784,0.22592243924736977,4195085824,0,1194,,,3301,,,,,,
uniform_h128_standard_rho80_unit8,uniform,128,29,77.69495412844037,0.9691822807491024,456,13473,456,382,1498,0.6412671232876712,0.7968085106382978,0.8,2336,2336,0,0,38,61.473684210526315,8,0.9473684210526315,70052,1231,6.7377045173197985,200.70361685566604,3488,7.6551365330815315,118.92571619898081,2.361330207437277,0.04038100689649582,0.49540271423757076,4195110400,0,1232,,,3398,,,,,,
uniform_h128_standard_rho80_unit8,uniform,128,30,79.60561858454889,0.8370504366285577,856,13929,856,626,2454,0.6234756097560976,0.7967532467532468,0.8,3936,3936,0,0,63,62.476190476190474,8,0.9682539682539683,73988,1294,11.318699803203344,212.02231665886939,3702,8.178078908473253,127.10379510745406,4.2600373681634665,0.06619649194180965,0.49246436171233654,4195134976,0,1295,,,3721,,,,,,
uniform_h128_standard_rho80_unit8,uniform,128,31,77.541928721174,0.899703872333029,458,14785,458,383,1503,0.6412116040955631,0.7969247083775186,0.8,2344,2344,0,0,38,61.68421052631579,10,0.9473684210526315,76332,1332,6.619676807895303,218.6419934667647,3816,8.636163674294949,135.739958781749,2.155248075723648,0.04153541289269924,0.5321618318557739,4195159552,0,1333,,,3802,,,,,,
uniform_h128_standard_rho80_unit8,uniform,128,32,77.90252615463129,0.9223897617724506,408,15243,408,340,1396,0.6511194029850746,0.804147465437788,0.8,2144,2144,0,0,35,61.25714285714286,8,0.9428571428571428,78476,1367,6.357423614710569,224.99941708147526,3919,8.571574870496988,144.311533652246,2.134075451642275,0.03635052964091301,0.6159886624664068,4195184128,0,1368,,,3873,,,,,,
uniform_h128_standard_rho80_unit8,uniform,128,33,78.93300248138958,0.8911143319942124,443,15651,443,361,1480,0.647985989492119,0.8039109179793591,0.8,2284,2284,0,0,36,63.44444444444444,49,0.9444444444444444,80760,1403,6.405615666881204,231.40503274835646,4030,8.691882012411952,153.00341566465795,2.0632000975310802,0.03720017150044441,0.5189243089407682,4195209728,0,1404,,,3952,,,,,,
uniform_h128_standard_rho80_unit8,uniform,128,34,77.51219512195122,0.946001573352562,282,16094,282,237,1121,0.6835365853658537,0.8254786450662739,0.8,1640,1640,0,0,27,60.74074074074074,14,0.9259259259259259,82400,1430,4.751235356554389,236.15626810491085,4100,9.062503138557076,162.06591880321503,1.7058319691568613,0.0293403510004282,0.3046098295599222,4195234304,0,1431,,,3966,,,,,,
uniform_h128_standard_rho80_unit8,uniform,128,35,78.66069323272814,0.9428192766787815,563,16376,563,447,1754,0.6345875542691751,0.7969104952294411,0.8,2764,2764,0,0,44,62.81818181818182,25,0.9545454545454546,85164,1474,7.882979393005371,244.03924749791622,4241,9.530617412179708,171.59653621539474,2.7480417415499687,0.04776930995285511,0.539571376517415,4195258880,0,1475,,,4126,,,,,,
uniform_h128_standard_rho80_unit8,uniform,128,36,78.86234357224119,0.8980762978406331,619,16939,619,482,1887,0.6315261044176707,0.7965386238919375,0.8,2988,2988,0,0,48,62.25,1,0.9583333333333334,88152,1522,8.496571943163872,252.5358194410801,4395,9.912663526833057,181.5091997422278,2.836265066638589,0.05213119089603424,0.6557865981012583,4195283456,0,1523,,,4332,,,,,,
uniform_h128_standard_rho80_unit8,uniform,128,37,77.50439367311073,0.99324514007171,632,17558,632,489,1919,0.63125,0.7969269102990033,0.8,3040,3040,0,0,48,63.333333333333336,40,0.9583333333333334,91192,1570,9.423702271655202,261.9595217127353,4552,10.173829559236765,191.68302930146456,3.1214745808392763,0.057471465319395065,0.6814456712454557,4195308032,0,1571,,,4549,,,,,,
uniform_h128_standard_rho80_unit8,uniform,128,38,76.61341853035144,0.9794636267413026,575,18190,575,455,1782,0.6337126600284495,0.7966025927581583,0.8,2812,2812,0,0,44,63.90909090909091,61,0.9545454545454546,94004,1614,8.402126282453537,270.36164799518883,4695,10.89441023208201,202.57743953354657,2.9715544302016497,0.05323316529393196,0.6416939906775951,4195332608,0,1615,,,4733,,,,,,
uniform_h128_standard_rho80_unit8,uniform,128,39,77.62528592222915,0.9456979943047396,459,18765,459,384,1505,0.6409710391822828,0.7967178401270514,0.8,2348,2348,0,0,38,61.78947368421053,11,0.9473684210526315,96352,1652,7.273845095187426,277.63549309037626,4809,10.779722960665822,213.3571624942124,2.7540490459650755,0.04240171238780022,0.6142016630619764,4195357184,0,1653,,,4818,,,,,,
uniform_h128_standard_rho80_unit8,uniform,128,40,78.08772993733577,0.9390140758318889,554,19224,554,442,1732,0.6348973607038123,0.796688132474701,0.8,2728,2728,0,0,43,63.44186046511628,42,0.9534883720930233,99080,1695,7.514236591756344,285.1497296821326,4947,10.950160779058933,224.30732327327132,2.6373941227793694,0.050161877647042274,0.3233033511787653,4195381760,0,1696,,,4941,,,,,,
uniform_h128_standard_rho80_unit8,uniform,128,41,76.29954192391953,1.0205353729319295,297,19778,297,246,1157,0.6805882352941176,0.8246614397719173,0.8,1700,1700,0,0,27,62.96296296296296,41,0.9259259259259259,100780,1722,5.1949322782456875,290.3446619603783,5021,11.097979199141264,235.4053024724126,1.759299946948886,0.03037569485604763,0.6223025098443031,4195406336,0,1723,,,4962,,,,,,
uniform_h128_standard_rho80_unit8,uniform,128,42,78.20438239286406,0.9410879805664654,548,20075,548,438,1718,0.6353550295857988,0.7968460111317254,0.8,2704,2704,0,0,43,62.883720930232556,36,0.9534883720930233,103484,1765,8.270234625786543,298.61489658616483,5157,11.631107855588198,247.03641032800078,3.073796970769763,0.04733502119779587,0.7076812162995338,4195430912,0,1766,,,5123,,,,,,
uniform_h128_standard_rho80_unit8,uniform,128,43,77.38435179897202,0.9603950661981252,382,20623,382,311,1347,0.6602941176470588,0.8124246079613993,0.8,2040,2040,0,0,32,63.75,58,0.9375,105524,1797,5.813315346837044,304.4282119330019,5253,11.841554021462798,258.8779643494636,2.051881590858102,0.036790499463677406,0.36838986724615097,4195455488,0,1798,,,5180,,,,,,
uniform_h128_standard_rho80_unit8,uniform,128,44,76.49267743146827,1.0710732702528494,293,21005,293,244,1147,0.6811163895486936,0.8245866283249461,0.8,1684,1684,0,0,27,62.370370370370374,37,0.9259259259259259,107208,1824,5.393810212612152,309.822022145614,5326,12.01027637720108,270.88824072666466,1.8946339674293995,0.03272424452006817,0.7042408101260662,4195480064,0,1825,,,5186,,,,,,
uniform_h128_standard_rho80_unit8,uniform,128,45,76.61572454428283,1.0472304472133798,422,21298,422,348,1430,0.65,0.8042744656917885,0.8,2200,2200,0,0,35,62.857142857142854,38,0.9428571428571428,109408,1859,6.722870418801904,316.54489256441593,5431,12.347271144390106,283.23551187105477,2.3586938567459583,0.038983337581157684,0.7083401065319777,4195504640,0,1860,,,5271,,,,,,
uniform_h128_standard_rho80_unit8,uniform,128,46,76.82619647355163,1.0267828617450991,509,21720,509,414,1625,0.6377551020408163,0.7969592937714566,0.8,2548,2548,0,0,40,63.7,55,0.95,111956,1899,7.566300339996815,324.11119290441275,5558,12.533984184265137,295.7694960553199,2.9705867674201727,0.04477418586611748,0.3511049095541239,4195529216,0,1900,,,5377,,,,,,
uniform_h128_standard_rho80_unit8,uniform,128,47,74.39605007935108,1.2021415993775386,451,22229,451,379,1486,0.6416234887737479,0.7967828418230563,0.8,2316,2316,0,0,38,60.94736842105263,3,0.9473684210526315,114272,1937,6.986191052943468,331.0973839573562,5671,12.73826395906508,308.507760014385,2.4071335215121508,0.039716823026537895,0.6852944567799568,4195553792,0,1938,,,5502,,,,,,
uniform_h128_standard_rho80_unit8,uniform,128,48,73.91980642931213,1.223597542212905,458,22680,458,383,1503,0.6412116040955631,0.7969247083775186,0.8,2344,2344,0,0,38,61.68421052631579,10,0.9473684210526315,116616,1975,7.684547521173954,338.78193147853017,5786,13.268191762268543,321.7759517766535,2.9612143505364656,0.04116393066942692,0.761047936975956,4195578368,0,1976,,,5616,,,,,,
uniform_h128_standard_rho80_unit8,uniform,128,49,75.39898132427844,1.1511461841387194,418,23138,418,346,1420,0.6501831501831502,0.8040770101925255,0.8,2184,2184,0,0,35,62.4,34,0.9428571428571428,118800,2010,6.487886803224683,345.26981828175485,5890,13.200222348794341,334.97617412544787,2.106336111202836,0.03697922267019749,0.7650995720177889,4195602944,0,2011,,,5692,,,,,,
uniform_h128_standard_rho80_unit8,uniform,128,50,74.33333333333333,1.1770522621510735,444,23556,444,362,1482,0.6477272727272727,0.8036876355748374,0.8,2288,2288,0,0,36,63.55555555555556,52,0.9444444444444444,121088,2046,6.475417731329799,351.74523601308465,6000,13.528397228568792,348.50457135401666,2.189642233774066,0.04035155847668648,0.37442222610116005,4195627520,0,2047,,,5799,,,,,,
srt_h256_standard_rho80_unit8,srt,256,1,89.83050847457628,1.4865359499110669,475,0,475,1425,0,0.0,0.0,0.8,1900,1900,0,0,106,17.92452830188679,1,0.1320754716981132,1900,106,9.671184714883566,9.671184714883566,118,0.48470364324748516,0.48470364324748516,4.097636628895998,0.0839228630065918,0.2503107488155365,4190162432,19,126,0.0,2.0,475,233.0,63.0,73.0,53.0,80.0,1398.0
srt_h256_standard_rho80_unit8,srt,256,2,89.11290322580645,0.5510023941725845,514,475,514,1699,867,0.2814935064935065,0.3378799688230709,0.8,3080,3080,0,0,84,36.666666666666664,2,0.32142857142857145,4980,190,9.658559795469046,19.32974451035261,248,0.7768309284001589,1.261534571647644,3.940848708152771,0.20047597400844097,0.12351556681096554,4190187008,0,210,9.0,29.0,520,715.0,117.0,107.0,141.0,146.0,1854.0
srt_h256_standard_rho80_unit8,srt,256,3,87.05583756345177,0.45929815050975364,586,989,586,1737,1045,0.3102731591448931,0.3756290438533429,0.8,3368,3368,0,0,72,46.77777777777778,10,0.5138888888888888,8348,262,10.518094260245562,29.847838770598173,394,1.078147143125534,2.339681714773178,4.549948900938034,0.11574076674878597,0.19762933067977428,4190211584,0,282,9.0,42.0,923,809.0,273.0,389.0,421.0,353.0,1123.0
srt_h256_standard_rho80_unit8,srt,256,4,88.94736842105263,0.45496882741076733,704,1575,704,1020,2116,0.5510416666666667,0.6747448979591837,0.8,3840,3840,0,0,60,64.0,64,1.0,12188,322,11.481157219037414,41.32899598963559,570,1.4481846783310175,3.7878663931041956,4.79107172973454,0.13185416534543037,0.19913543947041035,4190236160,0,342,21.0,144.0,824,768.0,272.0,342.0,352.0,375.0,1731.0
srt_h256_standard_rho80_unit8,srt,256,5,88.10888252148997,0.4562068212552237,516,2279,516,523,2049,0.6635362694300518,0.7966562986003111,0.8,3088,3088,0,0,50,61.76,4,0.96,15276,372,9.057091653347015,50.3860876429826,698,1.7486820351332426,5.536548428237438,3.6103520803153515,0.11374500580132008,0.19440781138837337,4190260736,0,392,359.0,310.0,697,746.0,202.0,236.0,268.0,259.0,1377.0
srt_h256_standard_rho80_unit8,srt,256,6,87.89731051344744,0.4736465256130619,482,2795,482,502,1968,0.6666666666666666,0.7967611336032389,0.8,2952,2952,0,0,47,62.808510638297875,34,0.9574468085106383,18228,419,9.021231334656477,59.40731897763908,818,2.1169792991131544,7.653527727350593,3.8226178586483,0.1169622652232647,0.1789397858083248,4190285312,0,439,576.0,282.0,566,743.0,205.0,224.0,229.0,212.0,1339.0
srt_h256_standard_rho80_unit8,srt,256,7,87.45980707395498,0.4747662271135119,461,3277,461,489,1918,0.6687587168758717,0.7968425425841297,0.8,2868,2868,0,0,46,62.34782608695652,13,0.9565217391304348,21096,465,8.33835525251925,67.74567423015833,933,2.208039654418826,9.861567381769419,3.212601702660322,0.11572604067623615,0.19073114730417728,4190309888,0,485,987.0,293.0,601,853.0,256.0,248.0,262.0,215.0,1034.0
srt_h256_standard_rho80_unit8,srt,256,8,89.11819887429644,0.4659482278572873,535,3738,535,534,2095,0.6621365360303414,0.796880943324458,0.8,3164,3164,0,0,51,62.03921568627451,5,0.9607843137254902,24260,516,9.483821040019393,77.22949527017772,1066,2.512288823723793,12.373856205493212,3.630622098222375,0.23930255882441998,0.2064041756093502,4190334464,0,536,1452.0,320.0,711,764.0,238.0,247.0,268.0,218.0,1429.0
srt_h256_standard_rho80_unit8,srt,256,9,87.83333333333333,0.5025853457454462,529,4273,529,531,2080,0.6624203821656051,0.7966296438146304,0.8,3140,3140,0,0,50,62.8,17,0.96,27400,566,9.466043358668685,86.6955386288464,1200,2.8115881327539682,15.18544433824718,3.680783538147807,0.1483908910304308,0.26548564061522484,4190359040,0,586,1776.0,341.0,807,785.0,272.0,281.0,227.0,245.0,1330.0
srt_h256_standard_rho80_unit8,srt,256,10,85.79970104633782,0.5820307098064204,547,4802,547,542,2123,0.660958904109589,0.7966228893058162,0.8,3212,3212,0,0,51,62.98039215686274,35,0.9607843137254902,30612,617,9.537212023511529,96.23275065235794,1338,3.103278426453471,18.28872276470065,3.6036129649728537,0.1620264481753111,0.2949330806732178,4190383616,0,637,2292.0,345.0,912,915.0,249.0,292.0,276.0,226.0,1254.0
srt_h256_standard_rho80_unit8,srt,256,11,85.60500695410292,0.5529377883966727,395,5349,395,436,1773,0.6808755760368663,0.8026256224535989,0.8,2604,2604,0,0,42,62.0,11,0.9523809523809523,33216,659,7.847874129191041,104.08062478154898,1438,3.3398462273180485,21.6285689920187,3.001095876097679,0.13996302150189877,0.24365252442657948,4190408192,0,679,2757.0,259.0,921,819.0,265.0,216.0,189.0,173.0,942.0
srt_h256_standard_rho80_unit8,srt,256,12,86.29343629343629,0.5380654177467904,461,5744,461,489,1918,0.6687587168758717,0.7968425425841297,0.8,2868,2868,0,0,46,62.34782608695652,13,0.9565217391304348,36084,705,8.730238804593682,112.81086358614266,1554,3.5848855171352625,25.213454509153962,3.2503438591957092,0.16127542033791542,0.4343014545738697,4190432768,0,725,3201.0,307.0,987,890.0,266.0,250.0,209.0,211.0,1042.0
srt_h256_standard_rho80_unit8,srt,256,13,86.7935752528257,0.5392608844830585,511,6205,511,520,2037,0.6639504563233377,0.7966366836136097,0.8,3068,3068,0,0,48,63.916666666666664,61,0.9583333333333334,39152,753,9.191800715401769,122.00266430154443,1681,3.8256046269088984,29.03905913606286,3.4607438147068024,0.18092527613043785,0.32167609222233295,4190457344,0,773,3482.0,339.0,1103,855.0,239.0,280.0,261.0,236.0,1197.0
srt_h256_standard_rho80_unit8,srt,256,14,84.94208494208495,0.5961531049236273,526,6716,526,529,2073,0.6627237851662404,0.796694850115296,0.8,3128,3128,0,0,50,62.56,14,0.96,42280,803,10.087737653404474,132.0904019549489,1813,4.125414170324802,33.16447330638766,4.247542638331652,0.19114054180681705,0.2892838530242443,4190481920,0,823,3965.0,347.0,1206,952.0,259.0,259.0,259.0,228.0,1171.0
srt_h256_standard_rho80_unit8,srt,256,15,84.86262312078797,0.5878030019665756,465,7242,465,492,1927,0.6681692094313454,0.7966101694915254,0.8,2884,2884,0,0,46,62.69565217391305,17,0.9565217391304348,45164,849,8.501605216413736,140.59200717136264,1929,4.3972163032740355,37.5616896096617,3.2641529589891434,0.18318740464746952,0.1584419272840023,4190506496,0,869,4516.0,302.0,1254,876.0,262.0,258.0,256.0,183.0,1049.0
srt_h256_standard_rho80_unit8,srt,256,16,84.14161008729388,0.6411155727651862,529,7707,529,531,2080,0.6624203821656051,0.7966296438146304,0.8,3140,3140,0,0,50,62.8,17,0.96,48304,899,9.732582565397024,150.32458973675966,2062,4.698945978656411,42.26063558831811,3.832524247467518,0.21997176483273506,0.3029126301407814,4190531072,0,919,4922.0,366.0,1381,940.0,297.0,289.0,266.0,237.0,1111.0
srt_h256_standard_rho80_unit8,srt,256,17,84.46069469835466,0.616072821151839,498,8236,498,512,2006,0.6651193633952255,0.7966640190627482,0.8,3016,3016,0,0,48,62.833333333333336,22,0.9583333333333334,51320,947,9.131790220737457,159.45637995749712,2188,5.030389999970794,47.2910255882889,3.3054323121905327,0.22795094922184944,0.45552689395844936,4190555648,0,967,5386.0,333.0,1446,896.0,274.0,277.0,235.0,213.0,1121.0
srt_h256_standard_rho80_unit8,srt,256,18,83.65300784655624,0.642907146425747,423,8734,423,453,1840,0.6774668630338734,0.8024422154382904,0.8,2716,2716,0,0,43,63.16279069767442,39,0.9534883720930233,54036,990,8.223361985757947,167.67974194325507,2294,5.136671071872115,52.42769666016102,3.0491559002548456,0.21075385063886642,0.3601056281477213,4190580224,0,1010,5803.0,262.0,1497,825.0,216.0,239.0,192.0,168.0,1076.0
srt_h256_standard_rho80_unit8,srt,256,19,83.97836038285476,0.6443950777927436,433,9157,433,459,1864,0.6763425253991292,0.8024106758501938,0.8,2756,2756,0,0,44,62.63636363636363,19,0.9545454545454546,56792,1034,8.3800740391016,176.05981598235667,2403,5.513136005029082,57.9408326651901,3.0489570032805204,0.20489116199314594,0.4368658307939768,4190604800,0,1054,6146.0,268.0,1553,800.0,238.0,232.0,216.0,180.0,1090.0
srt_h256_standard_rho80_unit8,srt,256,20,82.58785942492013,0.7487291263032794,406,9590,406,443,1799,0.679380664652568,0.8024085637823372,0.8,2648,2648,0,0,43,61.58139534883721,2,0.9534883720930233,59440,1077,8.313729751855135,184.3735457342118,2504,5.723452040925622,63.66428470611572,3.207922760397196,0.20896046422421932,0.3729716055095196,4190629376,0,1097,6567.0,258.0,1627,830.0,218.0,233.0,230.0,193.0,944.0
srt_h256_standard_rho80_unit8,srt,256,21,83.4214501510574,0.6577931934733533,579,9996,579,561,2200,0.6586826347305389,0.796812749003984,0.8,3340,3340,0,0,54,61.851851851851855,3,0.9629629629629629,62780,1131,10.379370972514153,194.75291670672596,2648,6.102474519982934,69.76675922609866,3.961862798780203,0.2777222152799368,0.41833665035665035,4190653952,0,1151,6916.0,377.0,1771,978.0,298.0,296.0,266.0,217.0,1285.0
srt_h256_standard_rho80_unit8,srt,256,22,83.38150289017341,0.7043619800795599,480,10575,480,501,1963,0.6667798913043478,0.796672077922078,0.8,2944,2944,0,0,47,62.638297872340424,32,0.9574468085106383,65724,1178,9.043775970116258,203.7966926768422,2768,6.133555395528674,75.90031462162733,3.2500031534582376,0.3904284033924341,0.39656665548682213,4190678528,0,1198,7439.0,293.0,1871,911.0,254.0,226.0,216.0,196.0,1141.0
srt_h256_standard_rho80_unit8,srt,256,23,82.70363951473136,0.7055012396410554,468,11055,468,493,1935,0.6681629834254144,0.7969522240527183,0.8,2896,2896,0,0,46,62.95652173913044,20,0.9565217391304348,68620,1224,8.848091596737504,212.64478427357972,2885,6.519430886954069,82.4197455085814,3.2525942008942366,0.2574584651738405,0.40941636823117733,4190703104,0,1244,7841.0,335.0,1961,946.0,256.0,254.0,244.0,199.0,997.0
srt_h256_standard_rho80_unit8,srt,256,24,81.05015146415349,0.8166469358238787,344,11523,344,392,1664,0.6933333333333334,0.8093385214007782,0.8,2400,2400,0,0,39,61.53846153846154,8,0.9487179487179487,71020,1263,7.603756217285991,220.2485404908657,2971,6.757028639316559,89.17677414789796,2.786321112886071,0.22813539765775204,0.45755183696746826,4190727680,0,1283,8253.0,225.0,1965,780.0,206.0,193.0,224.0,185.0,812.0
srt_h256_standard_rho80_unit8,srt,256,25,79.5125164690382,0.8556279432768424,259,11867,259,327,1474,0.7155339805825243,0.8184342032204331,0.8,2060,2060,0,0,34,60.588235294117645,3,0.9411764705882353,73080,1297,6.4527894500643015,226.70132994093,3036,6.865839598700404,96.04261374659836,2.4919768404215574,0.20147837698459625,0.2220736276358366,4190752256,0,1317,8504.0,153.0,1918,606.0,169.0,162.0,192.0,175.0,756.0
srt_h256_standard_rho80_unit8,srt,256,26,80.9749920861032,0.7993984484619518,493,12126,493,509,1994,0.6655540720961282,0.7966440271673991,0.8,2996,2996,0,0,48,62.416666666666664,7,0.9583333333333334,76076,1345,9.415939243510365,236.11726918444037,3159,7.004753166809678,103.04736691340804,3.4559790901839733,0.31559738889336586,0.5598088726401329,4190776832,0,1365,8865.0,323.0,2038,952.0,221.0,272.0,217.0,198.0,1136.0
srt_h256_standard_rho80_unit8,srt,256,27,80.37897310513448,0.8235462407325683,450,12619,450,483,1891,0.6696175637393768,0.7965459140690817,0.8,2824,2824,0,0,46,61.391304347826086,2,0.9565217391304348,78900,1391,8.686099467799067,244.80336865223944,3272,7.349308058619499,110.39667497202754,3.1320174615830183,0.28644338622689247,0.4476343486458063,4190801408,0,1411,9357.0,300.0,2170,920.0,249.0,229.0,217.0,197.0,1012.0
srt_h256_standard_rho80_unit8,srt,256,28,80.20154119739182,0.8732746380436447,404,13069,404,441,1795,0.6799242424242424,0.802772808586762,0.8,2640,2640,0,0,42,62.857142857142854,20,0.9523809523809523,81540,1433,8.195108562707901,252.99847721494734,3374,7.7570033762604,118.15367834828794,2.9798246789723635,0.27402791380882263,0.5034455209970474,4190825984,0,1453,9705.0,252.0,2208,904.0,231.0,220.0,203.0,171.0,911.0
srt_h256_standard_rho80_unit8,srt,256,29,79.52981651376147,0.873564937092807,456,13473,456,486,1906,0.6692415730337079,0.7968227424749164,0.8,2848,2848,0,0,46,61.91304347826087,8,0.9565217391304348,84388,1479,8.748939760029316,261.74741697497666,3488,8.113906934857368,126.26758528314531,3.1784179285168648,0.332845289260149,0.4655432105064392,4190850560,0,1499,10173.0,319.0,2310,987.0,277.0,240.0,214.0,176.0,954.0
srt_h256_standard_rho80_unit8,srt,256,30,80.84819016747704,0.7969381097990348,856,13929,856,730,2862,0.6434352517985612,0.7967706013363028,0.8,4448,4448,0,0,71,62.647887323943664,8,0.971830985915493,88836,1550,13.231604957953095,274.97902193292975,3702,8.8125941157341,135.0801793988794,4.690914483740926,0.4801556095480919,0.5561449602246284,4190875136,0,1570,10415.0,590.0,2630,1287.0,351.0,331.0,366.0,328.0,1785.0
srt_h256_standard_rho80_unit8,srt,256,31,79.82180293501048,0.8172199889804254,458,14785,458,487,1911,0.6691176470588235,0.7969140950792327,0.8,2856,2856,0,0,46,62.08695652173913,10,0.9565217391304348,91692,1596,8.90612662769854,283.8851485606283,3816,9.493329687044024,144.57350908592343,3.3192017916589975,0.3654310293495655,0.39348665438592434,4190899712,0,1616,11276.0,296.0,2683,931.0,239.0,233.0,204.0,199.0,1050.0
srt_h256_standard_rho80_unit8,srt,256,32,80.42868078591478,0.8185946316611573,408,15243,408,444,1804,0.6792168674698795,0.802491103202847,0.8,2656,2656,0,0,43,61.76744186046512,8,0.9534883720930233,94348,1639,8.678838523104787,292.5639870837331,3919,9.186106655746698,153.75961574167013,3.1936004981398582,0.32086026296019554,0.5648508481681347,4190924288,0,1659,11724.0,280.0,2729,927.0,223.0,213.0,206.0,188.0,899.0
srt_h256_standard_rho80_unit8,srt,256,33,81.04218362282879,0.8076126494940266,443,15651,443,465,1888,0.6752503576537912,0.8023799405014874,0.8,2796,2796,0,0,44,63.54545454545455,49,0.9545454545454546,97144,1683,8.666427286341786,301.23041437007487,4030,9.408391382545233,163.16800712421536,3.017155021429062,0.31670802272856236,0.5322622060775757,4190949888,0,1703,12048.0,266.0,2800,855.0,206.0,245.0,197.0,205.0,1088.0
srt_h256_standard_rho80_unit8,srt,256,34,80.3170731707317,0.8461746999180325,282,16094,282,341,1529,0.7105018587360595,0.8176470588235294,0.8,2152,2152,0,0,35,61.48571428571429,14,0.9428571428571428,99296,1718,6.961351798847318,308.1917661689222,4100,9.550395814701915,172.71840293891728,2.4080187808722258,0.2788931392133236,0.5318427626043558,4190974464,0,1738,12329.0,170.0,2775,672.0,158.0,168.0,177.0,164.0,813.0
srt_h256_standard_rho80_unit8,srt,256,35,80.31124734732374,0.8524727873312509,563,16376,563,551,2162,0.6599511599511599,0.7969037965352009,0.8,3276,3276,0,0,52,63.0,25,0.9615384615384616,102572,1770,10.371670296415687,318.5634364653379,4241,9.999909792095423,182.7183127310127,3.7236902359873056,0.41164244152605534,0.577794574201107,4190999040,0,1790,12658.0,353.0,2891,1008.0,235.0,270.0,250.0,243.0,1270.0
srt_h256_standard_rho80_unit8,srt,256,36,81.00113765642776,0.8154618644158788,619,16939,619,586,2295,0.6557142857142857,0.7965984033321764,0.8,3500,3500,0,0,56,62.5,1,0.9642857142857143,106072,1826,11.238343050703406,329.8017795160413,4395,10.353909388184547,193.07222211919725,3.936545157805085,0.4987072255462408,0.791846975684166,4191023616,0,1846,13258.0,364.0,3046,1030.0,248.0,280.0,259.0,241.0,1442.0
srt_h256_standard_rho80_unit8,srt,256,37,79.43760984182776,0.921391486265039,632,17558,632,593,2327,0.6551238738738738,0.7969178082191781,0.8,3552,3552,0,0,56,63.42857142857143,40,0.9642857142857143,109624,1882,11.181399149820209,340.9831786658615,4552,10.739340851083398,203.81156297028065,3.9910155441612005,0.5125034097582102,0.6188791319727898,4191048192,0,1902,13870.0,427.0,3207,1148.0,312.0,282.0,296.0,236.0,1278.0
srt_h256_standard_rho80_unit8,srt,256,38,79.97870074547392,0.8795966996310498,575,18190,575,559,2190,0.6588447653429603,0.7966533284830848,0.8,3324,3324,0,0,52,63.92307692307692,61,0.9615384615384616,112948,1934,10.86243575066328,351.84561441652477,4695,10.871901448816061,214.6834644190967,4.096747750416398,0.48526488803327084,0.6505661010742188,4191072768,0,1954,14524.0,371.0,3352,1088.0,246.0,281.0,267.0,241.0,1201.0
srt_h256_standard_rho80_unit8,srt,256,39,80.3285506342275,0.8609360739065279,459,18765,459,488,1913,0.6688811188811189,0.7967513536026656,0.8,2860,2860,0,0,46,62.17391304347826,11,0.9565217391304348,115808,1980,9.83277041092515,361.6783848274499,4809,11.170312644913793,225.8537770640105,3.892559513449669,0.4461386017501354,0.633425759151578,4191097344,0,2000,15123.0,311.0,3414,969.0,231.0,257.0,230.0,222.0,951.0
srt_h256_standard_rho80_unit8,srt,256,40,80.31129977764301,0.8578701862579333,554,19224,554,546,2140,0.6604938271604939,0.7967237527922562,0.8,3240,3240,0,0,51,63.529411764705884,42,0.9607843137254902,119048,2031,10.149736113846302,371.8281209412962,4947,11.726236831396818,237.58001389540732,3.479676378890872,0.49818446300923824,0.6448822971433401,4191121920,0,2051,15518.0,348.0,3515,1039.0,264.0,243.0,242.0,210.0,1242.0
srt_h256_standard_rho80_unit8,srt,256,41,78.92850029874526,0.8970026496390102,297,19778,297,350,1565,0.7075045207956601,0.8172323759791122,0.8,2212,2212,0,0,35,63.2,41,0.9428571428571428,121260,2066,7.285545941442251,379.11366688273847,5021,11.946424212306738,249.52643810771406,2.4325948916375637,0.3600911032408476,0.7186141144484282,4191146496,0,2086,15947.0,196.0,3507,745.0,183.0,194.0,187.0,152.0,751.0
srt_h256_standard_rho80_unit8,srt,256,42,79.58115183246073,0.8730529324048469,548,20075,548,542,2126,0.6610696517412935,0.7968515742128935,0.8,3216,3216,0,0,51,63.05882352941177,36,0.9607843137254902,124476,2117,10.47945274412632,389.5931196268648,5157,12.114379663020372,261.64081777073443,3.744584372267127,0.5019033364951611,0.7204984184354544,4191171072,0,2137,16327.0,395.0,3609,1120.0,241.0,249.0,266.0,228.0,1112.0
srt_h256_standard_rho80_unit8,srt,256,43,79.84009137635637,0.8603207256367442,382,20623,382,415,1755,0.6876959247648903,0.8087557603686636,0.8,2552,2552,0,0,40,63.8,58,0.95,127028,2157,8.580811927095056,398.17393155395985,5253,12.31998347491026,273.9608012456447,3.1666243970394135,0.4168705362826586,0.6685608085244894,4191195648,0,2177,16780.0,239.0,3626,831.0,193.0,189.0,181.0,170.0,988.0
srt_h256_standard_rho80_unit8,srt,256,44,78.70822380773564,0.939675915417437,293,21005,293,348,1555,0.7081056466302368,0.8171308460325801,0.8,2196,2196,0,0,35,62.74285714285714,37,0.9428571428571428,129224,2192,6.955328211188316,405.12925976514816,5326,12.64867196045816,286.60947320610285,2.5408766977488995,0.3793704304844141,0.3529028110206127,4191220224,0,2212,17062.0,169.0,3599,692.0,173.0,152.0,163.0,153.0,863.0
srt_h256_standard_rho80_unit8,srt,256,45,78.32811636899282,0.941999185559861,422,21298,422,452,1838,0.6777286135693216,0.8026200873362446,0.8,2712,2712,0,0,43,63.06976744186046,38,0.9534883720930233,131936,2235,8.893261140212417,414.0225209053606,5431,12.789140043780208,299.39861324988306,3.220836879685521,0.4530709311366081,0.6886168550699949,4191244800,0,2255,17356.0,260.0,3663,906.0,191.0,204.0,200.0,184.0,1027.0
srt_h256_standard_rho80_unit8,srt,256,46,78.46347607052897,0.9428166395545755,509,21720,509,518,2033,0.6643790849673202,0.7969423755390043,0.8,3060,3060,0,0,48,63.75,55,0.9583333333333334,134996,2283,9.821292547509074,423.84381345286965,5558,13.786813970655203,313.18542722053826,3.4875668566673994,0.5231823101639748,0.7308717351406813,4191269376,0,2303,17829.0,358.0,3782,1082.0,252.0,245.0,224.0,206.0,1051.0
srt_h256_standard_rho80_unit8,srt,256,47,76.86475048492329,1.050495870816331,451,22229,451,483,1894,0.6697312588401697,0.7968026924694994,0.8,2828,2828,0,0,46,61.47826086956522,3,0.9565217391304348,137824,2329,9.868905257433653,433.7127187103033,5671,13.839583061635494,327.02501028217375,3.726106921210885,0.6545468624681234,0.7413578405976295,4191293952,0,2349,18392.0,301.0,3874,956.0,211.0,208.0,211.0,172.0,1070.0
srt_h256_standard_rho80_unit8,srt,256,48,76.09747666781887,1.1172257461895896,458,22680,458,487,1911,0.6691176470588235,0.7969140950792327,0.8,2856,2856,0,0,46,62.08695652173913,10,0.9565217391304348,140680,2375,9.17688611522317,442.8896048255265,5786,13.389133904129267,340.414144186303,3.133678587153554,0.5289641600102186,0.7529259044677019,4191318528,0,2395,18888.0,293.0,3966,1011.0,221.0,235.0,206.0,202.0,981.0
srt_h256_standard_rho80_unit8,srt,256,49,77.24957555178268,1.0382670648390901,418,23138,418,450,1828,0.6780415430267063,0.8024582967515365,0.8,2696,2696,0,0,43,62.69767441860465,34,0.9534883720930233,143376,2418,9.051560828462243,451.9411656539887,5890,13.79650771804154,354.21065190434456,3.3167948611080647,0.5106112323701382,0.7470923513174057,4191343104,0,2438,19237.0,276.0,4024,931.0,223.0,217.0,191.0,190.0,944.0
srt_h256_standard_rho80_unit8,srt,256,50,77.16666666666667,1.0525724662505906,444,23556,444,466,1890,0.675,0.8022071307300509,0.8,2800,2800,0,0,44,63.63636363636363,52,0.9545454545454546,146176,2462,9.12340641580522,461.06457206979394,6000,14.083738345652819,368.2943902499974,3.228538740426302,0.502155190333724,0.7448497284203768,4191367680,0,2482,19633.0,271.0,4148,910.0,213.0,214.0,209.0,197.0,1057.0
uniform_h256_standard_rho80_unit8,uniform,256,1,91.52542372881356,1.5257900142999998,475,0,475,1425,0,0.0,0.0,0.8,1900,1900,0,0,106,17.92452830188679,1,0.1320754716981132,1900,106,7.091005150228739,7.091005150228739,118,0.4563053082674742,0.4563053082674742,2.2694767974317074,0.04918641038239002,0.18626520968973637,4194422272,0,107,,,475,,,,,,
uniform_h256_standard_rho80_unit8,uniform,256,2,91.93548387096774,0.44130323734583965,514,475,514,1699,867,0.2814935064935065,0.3378799688230709,0.8,3080,3080,0,0,84,36.666666666666664,2,0.32142857142857145,4980,190,8.926569120958447,16.017574271187186,248,0.6947157941758633,1.1510211024433374,3.485945738852024,0.057583317160606384,0.12164561450481415,4194446848,0,191,,,585,,,,,,
uniform_h256_standard_rho80_unit8,uniform,256,3,88.07106598984771,0.47886306170076587,586,989,586,1737,1045,0.3102731591448931,0.3756290438533429,0.8,3368,3368,0,0,72,46.77777777777778,10,0.5138888888888888,8348,262,10.115174138918519,26.132748410105705,394,1.0224017146974802,2.1734228171408176,4.256940288469195,0.05912558548152447,0.17918229289352894,4194471424,0,263,,,769,,,,,,
uniform_h256_standard_rho80_unit8,uniform,256,4,89.47368421052632,0.40293209197855984,704,1575,704,1020,2116,0.5510416666666667,0.6747448979591837,0.8,3840,3840,0,0,60,64.0,64,1.0,12188,322,10.741067154332995,36.8738155644387,570,1.3449725769460201,3.5183953940868378,4.080118764191866,0.06510231271386147,0.15256143361330032,4194496000,0,323,,,902,,,,,,
uniform_h256_standard_rho80_unit8,uniform,256,5,89.54154727793696,0.3997102654989955,516,2279,516,523,2049,0.6635362694300518,0.7966562986003111,0.8,3088,3088,0,0,50,61.76,4,0.96,15276,372,8.659538449719548,45.53335401415825,698,1.5719471871852875,5.090342581272125,3.2137537952512503,0.050740862265229225,0.20257881097495556,4194520576,0,373,,,876,,,,,,
uniform_h256_standard_rho80_unit8,uniform,256,6,88.01955990220048,0.45411078463135834,482,2795,482,502,1968,0.6666666666666666,0.7967611336032389,0.8,2952,2952,0,0,47,62.808510638297875,34,0.9574468085106383,18228,419,8.219721611589193,53.75307562574744,818,1.8890530448406935,6.979395626112819,3.088631208986044,0.05033888667821884,0.16659829206764698,4194545152,0,420,,,927,,,,,,
uniform_h256_standard_rho80_unit8,uniform,256,7,88.42443729903538,0.45737501356814714,461,3277,461,489,1918,0.6687587168758717,0.7968425425841297,0.8,2868,2868,0,0,46,62.34782608695652,13,0.9565217391304348,21096,465,8.231222914531827,61.98429854027927,933,2.1443668212741613,9.12376244738698,3.170486832037568,0.04808604717254639,0.22331828251481056,4194569728,0,466,,,977,,,,,,
uniform_h256_standard_rho80_unit8,uniform,256,8,88.64915572232646,0.43843923970667437,535,3738,535,534,2095,0.6621365360303414,0.796880943324458,0.8,3164,3164,0,0,51,62.03921568627451,5,0.9607843137254902,24260,516,8.983896620571613,70.96819516085088,1066,2.3611731939017773,11.484935641288757,3.4064745027571917,0.05395091325044632,0.19795705191791058,4194594304,0,517,,,1096,,,,,,
uniform_h256_standard_rho80_unit8,uniform,256,9,88.58333333333333,0.48391257946512717,529,4273,529,531,2080,0.6624203821656051,0.7966296438146304,0.8,3140,3140,0,0,50,62.8,17,0.96,27400,566,8.609900865703821,79.5780960265547,1200,2.6635294407606125,14.14846508204937,3.0630617775022984,0.054014284163713455,0.21737227775156498,4194618880,0,567,,,1206,,,,,,
uniform_h256_standard_rho80_unit8,uniform,256,10,86.32286995515695,0.6389079737796923,547,4802,547,542,2123,0.660958904109589,0.7966228893058162,0.8,3212,3212,0,0,51,62.98039215686274,35,0.9607843137254902,30612,617,9.121029481291771,88.69912550784647,1338,2.9076896477490664,17.056154729798436,3.491950962692499,0.053909728303551674,0.22576910257339478,4194643456,0,618,,,1315,,,,,,
uniform_h256_standard_rho80_unit8,uniform,256,11,85.67454798331015,0.6348545861339308,395,5349,395,436,1773,0.6808755760368663,0.8026256224535989,0.8,2604,2604,0,0,42,62.0,11,0.9523809523809523,33216,659,7.441172149032354,96.14029765687883,1438,3.1830948013812304,20.239249531179667,2.70699911005795,0.0451577790081501,0.3345851134508848,4194668032,0,660,,,1344,,,,,,
uniform_h256_standard_rho80_unit8,uniform,256,12,86.42213642213642,0.5881107648415241,461,5744,461,489,1918,0.6687587168758717,0.7968425425841297,0.8,2868,2868,0,0,46,62.34782608695652,13,0.9565217391304348,36084,705,8.276599939912558,104.41689759679139,1554,3.3554722405970097,23.594721771776676,3.186809003353119,0.053373903036117554,0.2560610305517912,4194692608,0,706,,,1413,,,,,,
uniform_h256_standard_rho80_unit8,uniform,256,13,86.25817965496728,0.5670064370033491,511,6205,511,520,2037,0.6639504563233377,0.7966366836136097,0.8,3068,3068,0,0,48,63.916666666666664,61,0.9583333333333334,39152,753,8.713477700948715,113.1303752977401,1681,3.6827994287014008,27.277521200478077,3.2549363523721695,0.05304987542331219,0.27080584689974785,4194717184,0,754,,,1556,,,,,,
uniform_h256_standard_rho80_unit8,uniform,256,14,84.77661334804192,0.6507406800579185,526,6716,526,529,2073,0.6627237851662404,0.796694850115296,0.8,3128,3128,0,0,50,62.56,14,0.96,42280,803,9.4731077644974,122.6034830622375,1813,3.940103566274047,31.217624766752124,3.8646530713886023,0.054867520928382874,0.31009125523269176,4194741760,0,804,,,1669,,,,,,
uniform_h256_standard_rho80_unit8,uniform,256,15,85.01814411612234,0.6050009445788296,465,7242,465,492,1927,0.6681692094313454,0.7966101694915254,0.8,2884,2884,0,0,46,62.69565217391305,17,0.9565217391304348,45164,849,7.912973795086145,130.51645685732365,1929,4.222441576421261,35.440066343173385,2.8786656875163317,0.05040960572659969,0.19475413486361504,4194766336,0,850,,,1733,,,,,,
uniform_h256_standard_rho80_unit8,uniform,256,16,83.99612027158099,0.6662170397154401,529,7707,529,531,2080,0.6624203821656051,0.7966296438146304,0.8,3140,3140,0,0,50,62.8,17,0.96,48304,899,9.113290017470717,139.62974687479436,2062,4.466034144163132,39.906100487336516,3.498352102935314,0.05689455196261406,0.34687115997076035,4194790912,0,900,,,1839,,,,,,
uniform_h256_standard_rho80_unit8,uniform,256,17,83.63802559414991,0.6451215008127821,498,8236,498,512,2006,0.6651193633952255,0.7966640190627482,0.8,3016,3016,0,0,48,62.833333333333336,22,0.9583333333333334,51320,947,8.470605226233602,148.10035210102797,2188,4.7449876964092255,44.65108818374574,3.0940409135073423,0.053248632699251175,0.3186242375522852,4194815488,0,948,,,1942,,,,,,
uniform_h256_standard_rho80_unit8,uniform,256,18,83.65300784655624,0.6687142216157203,423,8734,423,453,1840,0.6774668630338734,0.8024422154382904,0.8,2716,2716,0,0,43,63.16279069767442,39,0.9534883720930233,54036,990,7.865160666406155,155.96551276743412,2294,4.844622302800417,49.49571048654616,2.991058189421892,0.04798175394535065,0.3179399408400059,4194840064,0,991,,,2007,,,,,,
uniform_h256_standard_rho80_unit8,uniform,256,19,84.2280482729921,0.6395420098695563,433,9157,433,459,1864,0.6763425253991292,0.8024106758501938,0.8,2756,2756,0,0,44,62.63636363636363,19,0.9545454545454546,56792,1034,8.083258168771863,164.04877093620598,2403,5.205067967996001,54.70077845454216,2.8731261249631643,0.048388684168457985,0.4772587902843952,4194864640,0,1035,,,2062,,,,,,
uniform_h256_standard_rho80_unit8,uniform,256,20,82.46805111821087,0.7418633484115872,406,9590,406,443,1799,0.679380664652568,0.8024085637823372,0.8,2648,2648,0,0,43,61.58139534883721,2,0.9534883720930233,59440,1077,7.79759094491601,171.846361881122,2504,5.298727983608842,59.999506438151,2.847970463335514,0.0452861525118351,0.39647772908210754,4194889216,0,1078,,,2112,,,,,,
uniform_h256_standard_rho80_unit8,uniform,256,21,83.68580060422961,0.6682897700664098,579,9996,579,561,2200,0.6586826347305389,0.796812749003984,0.8,3340,3340,0,0,54,61.851851851851855,3,0.9629629629629629,62780,1131,9.532918320968747,181.37928020209074,2648,5.686460649594665,65.68596708774567,3.438311230391264,0.05847296305000782,0.40718804113566875,4194913792,0,1132,,,2277,,,,,,
uniform_h256_standard_rho80_unit8,uniform,256,22,82.91184971098266,0.7437074026669145,480,10575,480,501,1963,0.6667798913043478,0.796672077922078,0.8,2944,2944,0,0,47,62.638297872340424,32,0.9574468085106383,65724,1178,8.33094341121614,189.71022361330688,2768,5.7963424902409315,71.4823095779866,2.9341336973011494,0.05406726710498333,0.42439679242670536,4194938368,0,1179,,,2382,,,,,,
uniform_h256_standard_rho80_unit8,uniform,256,23,82.70363951473136,0.7365085070624234,468,11055,468,493,1935,0.6681629834254144,0.7969522240527183,0.8,2896,2896,0,0,46,62.95652173913044,20,0.9565217391304348,68620,1224,8.291329016909003,198.00155263021588,2885,6.299105525016785,77.78141510300338,2.9981465246528387,0.05008312687277794,0.401227043941617,4194962944,0,1225,,,2448,,,,,,
uniform_h256_standard_rho80_unit8,uniform,256,24,81.25210366879838,0.7863506559913837,344,11523,344,392,1664,0.6933333333333334,0.8093385214007782,0.8,2400,2400,0,0,39,61.53846153846154,8,0.9487179487179487,71020,1263,7.0071761552244425,205.00872878544033,2971,6.3958899565041065,84.17730505950749,2.483293315395713,0.04263925179839134,0.4529793318361044,4194987520,0,1264,,,2457,,,,,,
uniform_h256_standard_rho80_unit8,uniform,256,25,80.43478260869566,0.8214647688137312,259,11867,259,327,1474,0.7155339805825243,0.8184342032204331,0.8,2060,2060,0,0,34,60.588235294117645,3,0.9411764705882353,73080,1297,5.9280138071626425,210.93674259260297,3036,6.550465747714043,90.72777080722153,2.1960993986576796,0.03747250698506832,0.20850433968007565,4195012096,0,1298,,,2421,,,,,,
uniform_h256_standard_rho80_unit8,uniform,256,26,81.4181703070592,0.8014454814445703,493,12126,493,509,1994,0.6655540720961282,0.7966440271673991,0.8,2996,2996,0,0,48,62.416666666666664,7,0.9583333333333334,76076,1345,9.015302604064345,219.9520451966673,3159,6.75417322665453,97.48194403387606,3.4712613839656115,0.05648100562393665,0.41319406032562256,4195036672,0,1346,,,2547,,,,,,
uniform_h256_standard_rho80_unit8,uniform,256,27,81.50977995110024,0.7890182154401595,450,12619,450,483,1891,0.6696175637393768,0.7965459140690817,0.8,2824,2824,0,0,46,61.391304347826086,2,0.9565217391304348,78900,1391,8.650601929053664,228.60264712572098,3272,7.050155557692051,104.53209959156811,3.3250621762126684,0.05542818270623684,0.42153591476380825,4195061248,0,1392,,,2632,,,,,,
uniform_h256_standard_rho80_unit8,uniform,256,28,80.32009484291642,0.890021666646422,404,13069,404,441,1795,0.6799242424242424,0.802772808586762,0.8,2640,2640,0,0,42,62.857142857142854,20,0.9523809523809523,81540,1433,7.7824042569845915,236.38505138270557,3374,7.46238168515265,111.99448127672076,2.7802259866148233,0.047825686633586884,0.4551741350442171,4195085824,0,1434,,,2662,,,,,,
uniform_h256_standard_rho80_unit8,uniform,256,29,79.55848623853211,0.8833008261729828,456,13473,456,486,1906,0.6692415730337079,0.7968227424749164,0.8,2848,2848,0,0,46,61.91304347826087,8,0.9565217391304348,84388,1479,8.5504180341959,244.93546941690147,3488,7.671496173366904,119.66597745008767,3.1797516141086817,0.05201936513185501,0.44223240204155445,4195110400,0,1480,,,2771,,,,,,
uniform_h256_standard_rho80_unit8,uniform,256,30,80.87520259319287,0.7869419201038673,856,13929,856,730,2862,0.6434352517985612,0.7967706013363028,0.8,4448,4448,0,0,71,62.647887323943664,8,0.971830985915493,88836,1550,12.542154923081398,257.47762433998287,3702,8.271880427375436,127.9378578774631,4.458616204559803,0.07967926748096943,0.4756365027278662,4195134976,0,1551,,,3087,,,,,,
uniform_h256_standard_rho80_unit8,uniform,256,31,79.11425576519916,0.8321499747946108,458,14785,458,487,1911,0.6691176470588235,0.7969140950792327,0.8,2856,2856,0,0,46,62.08695652173913,10,0.9565217391304348,91692,1596,8.28457029350102,265.7621946334839,3816,8.711493074893951,136.64935095235705,3.1661517079919577,0.05105210095643997,0.24916399642825127,4195159552,0,1597,,,3190,,,,,,
uniform_h256_standard_rho80_unit8,uniform,256,32,79.89282980352131,0.8442686813757454,408,15243,408,444,1804,0.6792168674698795,0.802491103202847,0.8,2656,2656,0,0,43,61.76744186046512,8,0.9534883720930233,94348,1639,7.86850461922586,273.63069925270975,3919,8.706015329807997,145.35536628216505,2.86838941834867,0.04848174937069416,0.4986063987016678,4195184128,0,1640,,,3262,,,,,,
uniform_h256_standard_rho80_unit8,uniform,256,33,80.3970223325062,0.8192737153429739,443,15651,443,465,1888,0.6752503576537912,0.8023799405014874,0.8,2796,2796,0,0,44,63.54545454545455,49,0.9545454545454546,97144,1683,8.064736522734165,281.6954357754439,4030,8.913948131725192,154.26931441389024,2.8625100795179605,0.048128798604011536,0.5123376771807671,4195209728,0,1684,,,3333,,,,,,
uniform_h256_standard_rho80_unit8,uniform,256,34,79.36585365853658,0.851246596786172,282,16094,282,341,1529,0.7105018587360595,0.8176470588235294,0.8,2152,2152,0,0,35,61.48571428571429,14,0.9428571428571428,99296,1718,6.518384611234069,288.213820386678,4100,9.044678386300802,163.31399280019104,2.3884932547807693,0.03987395949661732,0.5094468761235476,4195234304,0,1719,,,3319,,,,,,
uniform_h256_standard_rho80_unit8,uniform,256,35,79.50954963452016,0.8869914568225177,563,16376,563,551,2162,0.6599511599511599,0.7969037965352009,0.8,3276,3276,0,0,52,63.0,25,0.9615384615384616,102572,1770,9.478373799473047,297.692194186151,4241,9.505250364542007,172.81924316473305,3.4594802781939507,0.05747823603451252,0.5347373075783253,4195258880,0,1771,,,3483,,,,,,
uniform_h256_standard_rho80_unit8,uniform,256,36,80.25028441410694,0.8403073213576133,619,16939,619,586,2295,0.6557142857142857,0.7965984033321764,0.8,3500,3500,0,0,56,62.5,1,0.9642857142857143,106072,1826,10.21048559807241,307.90267978422344,4395,9.704462287947536,182.5237054526806,3.615937329828739,0.06182536296546459,0.6796077508479357,4195283456,0,1827,,,3652,,,,,,
uniform_h256_standard_rho80_unit8,uniform,256,37,78.60281195079087,0.9121139367403339,632,17558,632,593,2327,0.6551238738738738,0.7969178082191781,0.8,3552,3552,0,0,56,63.42857142857143,40,0.9642857142857143,109624,1882,10.30209482461214,318.2047746088356,4552,10.126294599846005,192.6500000525266,3.680589312687516,0.06246290169656277,0.5752119179815054,4195308032,0,1883,,,3836,,,,,,
uniform_h256_standard_rho80_unit8,uniform,256,38,79.04153354632588,0.8774303232423462,575,18190,575,559,2190,0.6588447653429603,0.7966533284830848,0.8,3324,3324,0,0,52,63.92307692307692,61,0.9615384615384616,112948,1934,10.472840005531907,328.6776146143675,4695,10.492844976484776,203.14284502901137,4.174246966838837,0.05926893651485443,0.6019699312746525,4195332608,0,1935,,,3940,,,,,,
uniform_h256_standard_rho80_unit8,uniform,256,39,79.60074859638178,0.8450229273024166,459,18765,459,488,1913,0.6688811188811189,0.7967513536026656,0.8,2860,2860,0,0,46,62.17391304347826,11,0.9565217391304348,115808,1980,9.323760785162449,338.00137539952993,4809,10.594699064269662,213.73754409328103,3.847480682656169,0.05757826939225197,0.6130678839981556,4195357184,0,1981,,,4021,,,,,,
uniform_h256_standard_rho80_unit8,uniform,256,40,79.48251465534668,0.8707175474798314,554,19224,554,546,2140,0.6604938271604939,0.7967237527922562,0.8,3240,3240,0,0,51,63.529411764705884,42,0.9607843137254902,119048,2031,9.712860379368067,347.714235778898,4947,10.975884269922972,224.713428363204,3.6088298447430134,0.061459409072995186,0.6242762841284275,4195381760,0,2032,,,4153,,,,,,
uniform_h256_standard_rho80_unit8,uniform,256,41,77.67377016530571,0.9429881562983113,297,19778,297,350,1565,0.7075045207956601,0.8172323759791122,0.8,2212,2212,0,0,35,63.2,41,0.9428571428571428,121260,2066,6.8012131955474615,354.51544897444546,5021,11.236031772568822,235.94946013577282,2.464091718196869,0.043968187645077705,0.615510880947113,4195406336,0,2067,,,4127,,,,,,
uniform_h256_standard_rho80_unit8,uniform,256,42,78.88307155322862,0.8856569522000994,548,20075,548,542,2126,0.6610696517412935,0.7968515742128935,0.8,3216,3216,0,0,51,63.05882352941177,36,0.9607843137254902,124476,2117,9.918857537209988,364.43430651165545,5157,11.439191250130534,247.38865138590336,3.8554736506193876,0.059711163863539696,0.6380377914756536,4195430912,0,2118,,,4271,,,,,,
uniform_h256_standard_rho80_unit8,uniform,256,43,79.45935655815724,0.880705141011281,382,20623,382,415,1755,0.6876959247648903,0.8087557603686636,0.8,2552,2552,0,0,40,63.8,58,0.95,127028,2157,7.982219848781824,372.4165263604373,5253,11.818887993693352,259.2075393795967,2.972628762945533,0.04961754381656647,0.6689686700701714,4195455488,0,2158,,,4319,,,,,,
uniform_h256_standard_rho80_unit8,uniform,256,44,78.10739767179872,0.9596022635860192,293,21005,293,348,1555,0.7081056466302368,0.8171308460325801,0.8,2196,2196,0,0,35,62.74285714285714,37,0.9428571428571428,129224,2192,6.480644065886736,378.897170426324,5326,12.099822424352169,271.3073618039489,2.4311238657683134,0.04393313266336918,0.33971141651272774,4195480064,0,2193,,,4322,,,,,,
uniform_h256_standard_rho80_unit8,uniform,256,45,77.9414472472841,0.9588978293322955,422,21298,422,452,1838,0.6777286135693216,0.8026200873362446,0.8,2712,2712,0,0,43,63.06976744186046,38,0.9534883720930233,131936,2235,8.252036038786173,387.1492064651102,5431,12.416610036045313,283.7239718399942,2.9891536124050617,0.05046791955828667,0.669153893366456,4195504640,0,2236,,,4389,,,,,,
uniform_h256_standard_rho80_unit8,uniform,256,46,78.3915077365959,0.9424615015316081,509,21720,509,518,2033,0.6643790849673202,0.7969423755390043,0.8,3060,3060,0,0,48,63.75,55,0.9583333333333334,134996,2283,9.351584928110242,396.5007913932204,5558,12.69636069610715,296.42033253610134,3.367451263591647,0.1783512830734253,0.6787810232490301,4195529216,0,2284,,,4477,,,,,,
uniform_h256_standard_rho80_unit8,uniform,256,47,76.65314759301711,1.0799745368085591,451,22229,451,483,1894,0.6697312588401697,0.7968026924694994,0.8,2828,2828,0,0,46,61.47826086956522,3,0.9565217391304348,137824,2329,8.512167658656836,405.01295905187726,5671,12.895175347104669,309.315507883206,2.934822391718626,0.05117489770054817,0.700553497299552,4195553792,0,2330,,,4548,,,,,,
uniform_h256_standard_rho80_unit8,uniform,256,48,75.87279640511579,1.1210061340925959,458,22680,458,487,1911,0.6691176470588235,0.7969140950792327,0.8,2856,2856,0,0,46,62.08695652173913,10,0.9565217391304348,140680,2375,8.40869851410389,413.42165756598115,5786,12.960221316665411,322.2757291998714,2.8168709874153137,0.05173720605671406,0.7043086122721434,4195578368,0,2376,,,4629,,,,,,
uniform_h256_standard_rho80_unit8,uniform,256,49,76.5704584040747,1.0438530016257948,418,23138,418,450,1828,0.6780415430267063,0.8024582967515365,0.8,2696,2696,0,0,43,62.69767441860465,34,0.9534883720930233,143376,2418,8.285077635198832,421.70673520118,5890,13.64172794856131,335.91745714843273,3.0223261080682278,0.04845922812819481,0.6957287285476923,4195602944,0,2419,,,4692,,,,,,
uniform_h256_standard_rho80_unit8,uniform,256,50,76.81666666666666,1.0673708873703132,444,23556,444,466,1890,0.675,0.8022071307300509,0.8,2800,2800,0,0,44,63.63636363636363,52,0.9545454545454546,146176,2462,8.640575682744384,430.34731088392437,6000,13.714322688058019,349.63177983649075,3.1296575721353292,0.05345729738473892,0.7316154111176729,4195627520,0,2463,,,4763,,,,,,
srt_h512_standard_rho80_unit8,srt,512,1,89.83050847457628,1.4865359499110669,475,0,475,1425,0,0.0,0.0,0.8,1900,1900,0,0,106,17.92452830188679,1,0.1320754716981132,1900,106,10.030214646831155,10.030214646831155,118,0.5035028494894505,0.5035028494894505,4.23569174669683,0.08272243104875088,0.2995093911886215,4190162432,19,126,0.0,2.0,475,233.0,63.0,73.0,53.0,80.0,1398.0
srt_h512_standard_rho80_unit8,srt,512,2,88.70967741935483,0.45934300355455954,514,475,514,2244,1198,0.3028311425682508,0.34805345729227194,0.8,3956,3956,0,0,166,23.83132530120482,1,0.16265060240963855,5856,272,13.840317171067,23.870531817898154,248,0.8120552953332663,1.3155581448227167,5.232264686375856,0.2570202723145485,0.20816545560956,4190187008,1,293,12.0,27.0,514,783.0,154.0,171.0,204.0,211.0,2433.0
srt_h512_standard_rho80_unit8,srt,512,3,88.83248730964468,0.43262662024912707,586,989,586,2276,1530,0.3483606557377049,0.40199684708355227,0.8,4392,4392,0,0,112,39.214285714285715,1,0.35714285714285715,10248,384,13.881695276126266,37.75222709402442,394,1.0543474983423948,2.3699056431651115,5.991398302838206,0.15825865976512432,0.252221068367362,4190211584,0,405,9.0,11.0,733,775.0,296.0,420.0,501.0,421.0,1979.0
srt_h512_standard_rho80_unit8,srt,512,4,90.70175438596492,0.42887304676217874,704,1575,704,2143,2017,0.4146792763157895,0.48485576923076923,0.8,4864,4864,0,0,88,55.27272727272727,22,0.5227272727272727,15112,472,14.47707100585103,52.22929809987545,570,1.474481150507927,3.8443867936730385,5.974545797333121,0.17195248045027256,0.24121353030204773,4190236160,0,493,51.0,64.0,788,825.0,305.0,410.0,510.0,484.0,2330.0
srt_h512_standard_rho80_unit8,srt,512,5,90.68767908309455,0.4002986496437302,516,2279,516,1299,2297,0.5586089494163424,0.6387652947719689,0.8,4112,4112,0,0,76,54.10526315789474,4,0.6447368421052632,19224,548,11.804104320704937,64.03340242058039,698,1.6812347434461117,5.52562153711915,4.616237010806799,0.14251655153930187,0.21235008910298347,4190260736,0,569,54.0,13.0,919,894.0,285.0,410.0,427.0,413.0,1683.0
srt_h512_standard_rho80_unit8,srt,512,6,89.24205378973105,0.43176950023927807,482,2795,482,710,2784,0.7002012072434608,0.7967945048654836,0.8,3976,3976,0,0,63,63.111111111111114,34,0.9682539682539683,23200,611,11.682291828095913,75.7156942486763,818,2.0241412445902824,7.549762781709433,4.4977503921836615,0.15136806666851044,0.3022303991019726,4190285312,0,632,57.0,203.0,529,763.0,232.0,284.0,339.0,316.0,2042.0
srt_h512_standard_rho80_unit8,srt,512,7,89.28188638799571,0.439552077170771,461,3277,461,697,2734,0.7024665981500514,0.79685222967065,0.8,3892,3892,0,0,62,62.774193548387096,13,0.967741935483871,27092,673,12.200909418985248,87.91660366766155,933,2.195479655638337,9.74524243734777,4.991140002384782,0.1496309619396925,0.20046870596706867,4190309888,0,694,422.0,228.0,486,925.0,298.0,382.0,404.0,345.0,1538.0
srt_h512_standard_rho80_unit8,srt,512,8,89.39962476547842,0.43968219602708286,535,3738,535,742,2911,0.6950811843361987,0.7968792773063236,0.8,4188,4188,0,0,67,62.507462686567166,5,0.9701492537313433,31280,740,12.725370841100812,100.64197450876236,1066,2.571753880009055,12.316996317356825,5.106256831437349,0.17699922062456608,0.22642797976732254,4190334464,0,761,597.0,238.0,557,824.0,345.0,315.0,351.0,336.0,2017.0
srt_h512_standard_rho80_unit8,srt,512,9,87.91666666666667,0.4734570626177891,529,4273,529,739,2896,0.6954851104707013,0.7966987620357634,0.8,4164,4164,0,0,66,63.09090909090909,17,0.9696969696969697,35444,806,12.594337964430451,113.23631247319281,1200,2.8872491158545017,15.204245433211327,4.905463887378573,0.18004152737557888,0.3444460667669773,4190359040,0,827,1027.0,256.0,600,908.0,317.0,376.0,362.0,358.0,1843.0
srt_h512_standard_rho80_unit8,srt,512,10,87.81763826606876,0.48693889411681474,547,4802,547,750,2939,0.6938149197355996,0.7966928706966657,0.8,4236,4236,0,0,67,63.223880597014926,35,0.9701492537313433,39680,873,12.519443104043603,125.75575557723641,1338,3.1071265898644924,18.31137202307582,4.902297658845782,0.19997847639024258,0.2894540745764971,4190383616,0,894,1435.0,286.0,671,1018.0,369.0,423.0,401.0,311.0,1714.0
srt_h512_standard_rho80_unit8,srt,512,11,87.2739916550765,0.4976884590735054,395,5349,395,644,2589,0.7136163175303197,0.8008042066192391,0.8,3628,3628,0,0,58,62.55172413793103,11,0.9655172413793104,43308,931,10.981246059760451,136.73700163699687,1438,3.33408666215837,21.64545868523419,4.329334082081914,0.2939029913395643,0.2586801052093506,4190408192,0,952,2035.0,184.0,621,897.0,331.0,309.0,354.0,301.0,1436.0
srt_h512_standard_rho80_unit8,srt,512,12,87.51608751608751,0.5071198176033943,461,5744,461,697,2734,0.7024665981500514,0.79685222967065,0.8,3892,3892,0,0,62,62.774193548387096,13,0.967741935483871,47200,993,11.440985146909952,148.17798678390682,1554,3.55672749504447,25.20218618027866,4.412870669737458,0.2081683948636055,0.3348706178367138,4190432768,0,1014,2252.0,229.0,702,929.0,318.0,378.0,351.0,341.0,1575.0
srt_h512_standard_rho80_unit8,srt,512,13,87.4479476502082,0.49425310746755985,511,6205,511,728,2853,0.6972140762463344,0.7967048310527786,0.8,4092,4092,0,0,64,63.9375,61,0.96875,51292,1057,11.853925701230764,160.03191248513758,1681,3.832258176058531,29.03444435633719,4.396340124309063,0.22706536762416363,0.42495930194854736,4190457344,0,1078,2530.0,253.0,783,988.0,304.0,394.0,352.0,314.0,1740.0
srt_h512_standard_rho80_unit8,srt,512,14,86.15554329840045,0.5478684823842036,526,6716,526,737,2889,0.6958092485549133,0.7967457253171539,0.8,4152,4152,0,0,66,62.90909090909091,14,0.9696969696969697,55444,1123,12.631729930639267,172.66364241577685,1813,4.247752882540226,33.282197238877416,5.117312537506223,0.244145130738616,0.3523497711867094,4190481920,0,1144,2955.0,275.0,868,1022.0,343.0,371.0,376.0,346.0,1694.0
srt_h512_standard_rho80_unit8,srt,512,15,86.41783307413168,0.551494896000642,465,7242,465,700,2743,0.7018935516888434,0.7966889340691258,0.8,3908,3908,0,0,62,63.03225806451613,17,0.967741935483871,59352,1185,11.421807074919343,184.0854494906962,1929,4.651144491508603,37.93334173038602,4.168912120163441,0.3332909569144249,0.36349957063794136,4190506496,0,1206,3415.0,226.0,902,1007.0,355.0,397.0,346.0,306.0,1497.0
srt_h512_standard_rho80_unit8,srt,512,16,84.7235693501455,0.5955703063107879,529,7707,529,739,2896,0.6954851104707013,0.7966987620357634,0.8,4164,4164,0,0,66,63.09090909090909,17,0.9696969696969697,63516,1251,13.580721620470285,197.66617111116648,2062,4.862280352041125,42.795622082427144,5.519548116251826,0.2717544324696064,0.5456406679004431,4190531072,0,1272,3787.0,282.0,999,1062.0,408.0,402.0,361.0,349.0,1582.0
srt_h512_standard_rho80_unit8,srt,512,17,84.82632541133455,0.6021475148292089,498,8236,498,720,2822,0.6985148514851485,0.7967250141163185,0.8,4040,4040,0,0,64,63.125,22,0.96875,67556,1315,12.143682999536395,209.80985411070287,2188,5.041346237063408,47.83696831949055,4.611409343779087,0.27376972883939743,0.39431894943118095,4190555648,0,1336,4208.0,262.0,1043,1006.0,402.0,359.0,408.0,315.0,1550.0
srt_h512_standard_rho80_unit8,srt,512,18,85.13513513513513,0.5968888460340592,423,8734,423,661,2656,0.7101604278074867,0.8007235453723244,0.8,3740,3740,0,0,59,63.389830508474574,39,0.9661016949152542,71296,1374,11.357199516147375,221.16705362685025,2294,5.218742283061147,53.0557106025517,4.3001153860241175,0.2526250686496496,0.47455786541104317,4190580224,0,1395,4636.0,145.0,1035,915.0,303.0,310.0,296.0,286.0,1630.0
srt_h512_standard_rho80_unit8,srt,512,19,85.0187265917603,0.6103351040785072,433,9157,433,667,2680,0.708994708994709,0.8007170600537795,0.8,3780,3780,0,0,60,63.0,19,0.9666666666666667,75076,1434,11.715046122670174,232.88209974952042,2403,5.518014911562204,58.5737255141139,4.566733321174979,0.2798475567251444,0.4145336374640465,4190604800,0,1455,4984.0,174.0,1072,889.0,291.0,353.0,309.0,293.0,1645.0
srt_h512_standard_rho80_unit8,srt,512,20,83.66613418530352,0.7172100632778307,406,9590,406,651,2615,0.7121459694989106,0.8006736068585426,0.8,3672,3672,0,0,59,62.23728813559322,2,0.9661016949152542,78748,1493,11.35472515784204,244.23682490736246,2504,5.754007281735539,64.32773279584944,4.442004336044192,0.27591830492019653,0.38509247452020645,4190629376,0,1514,5307.0,191.0,1093,965.0,291.0,344.0,346.0,300.0,1426.0
srt_h512_standard_rho80_unit8,srt,512,21,84.66767371601209,0.6351429308556267,579,9996,579,769,3016,0.6911090742438131,0.7968295904887714,0.8,4364,4364,0,0,70,62.34285714285714,3,0.9714285714285714,83112,1563,13.418333007022738,257.6551579143852,2648,6.035423697903752,70.3631564937532,4.991858063265681,0.33502534590661526,0.6630341876298189,4190653952,0,1584,5724.0,303.0,1263,1120.0,381.0,395.0,338.0,309.0,1821.0
srt_h512_standard_rho80_unit8,srt,512,22,84.0679190751445,0.6689166924519693,480,10575,480,709,2779,0.7003528225806451,0.7967316513761468,0.8,3968,3968,0,0,63,62.98412698412698,32,0.9682539682539683,87080,1626,11.762412946671247,269.41757086105645,2768,6.1914415769279,76.5545980706811,4.238810518756509,0.45148383267223835,0.432636808604002,4190678528,0,1647,6206.0,208.0,1283,982.0,344.0,311.0,336.0,284.0,1711.0
srt_h512_standard_rho80_unit8,srt,512,23,83.8474870017331,0.688149085201753,468,11055,468,701,2751,0.7017857142857142,0.7969293163383546,0.8,3920,3920,0,0,62,63.225806451612904,20,0.967741935483871,91000,1688,11.872169004753232,281.2897398658097,2885,6.467512771487236,83.02211084216833,4.505027640610933,0.34623858891427517,0.4342369195073843,4190703104,0,1709,6524.0,256.0,1354,1092.0,318.0,372.0,321.0,297.0,1520.0
srt_h512_standard_rho80_unit8,srt,512,24,82.32918209357119,0.7656203799581416,344,11523,344,600,2480,0.7242990654205608,0.8051948051948052,0.8,3424,3424,0,0,55,62.25454545454546,8,0.9636363636363636,94424,1743,10.334449971094728,291.6241898369044,2971,6.750689897686243,89.77280073985457,3.815758006647229,0.3112564794719219,0.4816020745784044,4190727680,0,1764,7041.0,141.0,1291,961.0,290.0,310.0,345.0,280.0,1238.0
srt_h512_standard_rho80_unit8,srt,512,25,82.34519104084322,0.7223814691810085,259,11867,259,535,2290,0.7425421530479897,0.8106194690265487,0.8,3084,3084,0,0,50,61.68,3,0.96,97508,1793,9.56913124397397,301.1933210808784,3036,6.6995326690375805,96.47233340889215,3.7019316889345646,0.2855087276548147,0.42873292975127697,4190752256,0,1814,7387.0,54.0,1237,785.0,261.0,277.0,277.0,244.0,1240.0
srt_h512_standard_rho80_unit8,srt,512,26,82.52611585944919,0.7491559062765389,493,12126,493,717,2810,0.6990049751243781,0.7967110859087043,0.8,4020,4020,0,0,64,62.8125,7,0.96875,101528,1857,12.420349763706326,313.6136708445847,3159,6.961491491645575,103.43382490053773,4.625587431713939,0.4823876079171896,0.6578491479158401,4190776832,0,1878,7577.0,231.0,1367,1036.0,324.0,337.0,366.0,308.0,1649.0
srt_h512_standard_rho80_unit8,srt,512,27,82.09046454767726,0.7578858756522441,450,12619,450,691,2707,0.7034823284823285,0.7966450853443202,0.8,3848,3848,0,0,62,62.064516129032256,2,0.967741935483871,105376,1919,11.583423698320985,325.1970945429057,3272,7.289587240666151,110.72341214120388,4.333528660237789,0.3694421108812094,0.4784051086753607,4190801408,0,1940,8105.0,208.0,1454,1048.0,327.0,322.0,299.0,290.0,1562.0
srt_h512_standard_rho80_unit8,srt,512,28,81.68346176644931,0.7795940617716466,404,13069,404,649,2611,0.7126091703056768,0.800920245398773,0.8,3664,3664,0,0,58,63.172413793103445,20,0.9655172413793104,109040,1977,11.053987804800272,336.25108234770596,3374,7.828117668628693,118.55152980983257,4.114098874852061,0.3697206359356642,0.482046103104949,4190825984,0,1998,8450.0,165.0,1493,1003.0,299.0,328.0,302.0,278.0,1454.0
srt_h512_standard_rho80_unit8,srt,512,29,80.76261467889908,0.8081945948558564,456,13473,456,694,2722,0.702995867768595,0.7968384074941453,0.8,3872,3872,0,0,62,62.45161290322581,8,0.967741935483871,112912,2039,12.123574571684003,348.37465691938996,3488,8.2328613512218,126.78439116105437,4.678469605743885,0.5230550430715084,0.490604130551219,4190850560,0,2060,8836.0,221.0,1570,1112.0,340.0,312.0,303.0,278.0,1527.0
srt_h512_standard_rho80_unit8,srt,512,30,81.9286871961102,0.7582399409252342,856,13929,856,938,3678,0.6721491228070176,0.7967937608318891,0.8,5472,5472,0,0,87,62.89655172413793,8,0.9770114942528736,118384,2126,16.068727761507034,364.443384680897,3702,8.617925435304642,135.40231659635901,5.688909636810422,0.580152478069067,0.7788489423692226,4190875136,0,2147,9232.0,549.0,1896,1424.0,388.0,476.0,437.0,431.0,2316.0
srt_h512_standard_rho80_unit8,srt,512,31,81.15828092243187,0.7747083947362513,458,14785,458,695,2727,0.7028350515463917,0.7969023962594973,0.8,3880,3880,0,0,62,62.58064516129032,10,0.967741935483871,122264,2188,11.953410414978862,376.39679509587586,3816,9.260954579338431,144.66327117569745,4.584755588322878,0.4311727788299322,0.5252785943448544,4190899712,0,2209,9968.0,208.0,1945,1035.0,281.0,360.0,328.0,291.0,1585.0
srt_h512_standard_rho80_unit8,srt,512,32,81.42383261035978,0.7846266829676424,408,15243,408,652,2620,0.7119565217391305,0.8007334963325183,0.8,3680,3680,0,0,59,62.3728813559322,8,0.9661016949152542,125944,2247,11.050346966832876,387.44714206270874,3919,9.504197500646114,154.16746867634356,3.983881004154682,0.4497812557965517,0.5363699067384005,4190924288,0,2268,10373.0,191.0,1925,1018.0,281.0,321.0,320.0,286.0,1454.0
srt_h512_standard_rho80_unit8,srt,512,33,81.81141439205955,0.7573577775104012,443,15651,443,673,2704,0.7078534031413612,0.8007106899615043,0.8,3820,3820,0,0,60,63.666666666666664,49,0.9666666666666667,129764,2307,11.899190308526158,399.3463323712349,4030,9.466029327362776,163.63349800370634,4.293713374063373,0.45794027112424374,0.841329338029027,4190949888,0,2328,10682.0,159.0,1947,971.0,296.0,304.0,308.0,267.0,1674.0
srt_h512_standard_rho80_unit8,srt,512,34,81.1219512195122,0.7804896414523883,282,16094,282,549,2345,0.7383501259445844,0.8102971665514859,0.8,3176,3176,0,0,51,62.27450980392157,14,0.9607843137254902,132940,2358,10.108350794762373,409.45468316599727,4100,9.672242321074009,173.30574032478034,3.892903570085764,0.40837655402719975,0.5626692548394203,4190974464,0,2379,11045.0,84.0,1875,816.0,240.0,280.0,288.0,246.0,1306.0
srt_h512_standard_rho80_unit8,srt,512,35,81.23084178259845,0.8079590447348736,563,16376,563,759,2978,0.6925581395348838,0.7968959058067969,0.8,4300,4300,0,0,68,63.23529411764706,25,0.9705882352941176,137240,2426,13.475578075274825,422.9302612412721,4241,10.158463979139924,183.46420430392027,5.1576615665107965,0.5236981455236673,0.582906125113368,4190999040,0,2447,11374.0,277.0,2019,1130.0,336.0,354.0,326.0,330.0,1824.0
srt_h512_standard_rho80_unit8,srt,512,36,81.4334470989761,0.7797165830229167,619,16939,619,794,3111,0.6876657824933687,0.7966709346991037,0.8,4524,4524,0,0,72,62.833333333333336,1,0.9722222222222222,141764,2498,14.362217504531145,437.29247874580324,4395,10.326382325962186,193.79058662988245,5.493992706760764,0.7108555119484663,0.5854950863867998,4191023616,0,2519,11832.0,306.0,2175,1108.0,324.0,332.0,369.0,375.0,2016.0
srt_h512_standard_rho80_unit8,srt,512,37,80.64586994727593,0.8656975040850319,632,17558,632,801,3143,0.6868444055944056,0.7969066937119675,0.8,4576,4576,0,0,72,63.55555555555556,40,0.9722222222222222,146340,2570,14.443500556051731,451.73597930185497,4552,10.563815729692578,204.35440235957503,5.2596261240541935,0.5970612391829491,0.9225661009550095,4191048192,0,2591,12461.0,366.0,2343,1331.0,368.0,385.0,363.0,328.0,1801.0
srt_h512_standard_rho80_unit8,srt,512,38,80.08519701810437,0.8611336386320548,575,18190,575,767,3006,0.6913523459061638,0.7967134905910416,0.8,4348,4348,0,0,68,63.94117647058823,61,0.9705882352941176,150688,2638,13.883835634216666,465.61981493607163,4695,10.861164590343833,215.21556694991887,5.315981671214104,0.5893934201449156,0.6335065700113773,4191072768,0,2659,13008.0,288.0,2436,1224.0,345.0,352.0,385.0,318.0,1724.0
srt_h512_standard_rho80_unit8,srt,512,39,80.82761488875026,0.8041262017574006,459,18765,459,696,2729,0.702626158599382,0.7967883211678832,0.8,3884,3884,0,0,62,62.645161290322584,11,0.967741935483871,154572,2700,13.424947025254369,479.044761961326,4809,11.103138851001859,226.31870580092072,5.667551400139928,0.5790848657488823,0.6404001116752625,4191097344,0,2721,13543.0,227.0,2475,1144.0,303.0,333.0,305.0,324.0,1475.0
srt_h512_standard_rho80_unit8,srt,512,40,80.77622801697999,0.8260584933514241,554,19224,554,754,2956,0.6932457786116323,0.7967654986522911,0.8,4264,4264,0,0,67,63.64179104477612,42,0.9701492537313433,158836,2767,13.252462269738317,492.2972242310643,4947,11.499992910772562,237.8186987116933,4.809682043269277,0.6985510494560003,0.6591068282723427,4191121920,0,2788,13943.0,271.0,2574,1191.0,343.0,352.0,378.0,330.0,1670.0
srt_h512_standard_rho80_unit8,srt,512,41,80.7010555666202,0.8325059452764404,297,19778,297,558,2381,0.7357849196538937,0.8101395032323919,0.8,3236,3236,0,0,51,63.450980392156865,41,0.9607843137254902,162072,2818,10.410291198641062,502.7075154297054,5021,11.657263232395053,249.47596194408834,3.826446246355772,0.5222972109913826,0.6655442509800196,4191146496,0,2839,14381.0,122.0,2496,864.0,272.0,312.0,315.0,249.0,1224.0
srt_h512_standard_rho80_unit8,srt,512,42,80.80279232111693,0.8353187133137315,548,20075,548,750,2942,0.6938679245283019,0.7968580715059588,0.8,4240,4240,0,0,67,63.28358208955224,36,0.9701492537313433,166312,2885,12.951213708147407,515.6587291378528,5157,12.038732286542654,261.514694230631,4.58477115444839,0.6419992968440056,0.6903119180351496,4191171072,0,2906,14598.0,325.0,2561,1215.0,339.0,354.0,357.0,299.0,1676.0
srt_h512_standard_rho80_unit8,srt,512,43,80.86807538549401,0.817907853977373,382,20623,382,623,2571,0.7189597315436241,0.8049467752035065,0.8,3576,3576,0,0,56,63.857142857142854,58,0.9642857142857143,169888,2941,11.56948133930564,527.2282104771584,5253,12.16281545907259,273.6775096897036,4.365148903802037,0.5693484712392092,0.6996797565370798,4191195648,0,2962,15028.0,146.0,2570,990.0,278.0,297.0,286.0,235.0,1490.0
srt_h512_standard_rho80_unit8,srt,512,44,80.58580548253849,0.8677033004270617,293,21005,293,556,2371,0.736335403726708,0.8100444140758456,0.8,3220,3220,0,0,51,63.13725490196079,37,0.9607843137254902,173108,2992,10.35702564753592,537.5852361246943,5326,12.349250137805939,286.0267598275095,3.690056959167123,0.6579804923385382,0.6862270049750805,4191220224,0,3013,15295.0,68.0,2502,835.0,235.0,252.0,240.0,268.0,1390.0
srt_h512_standard_rho80_unit8,srt,512,45,79.96685693242497,0.8809428362665177,422,21298,422,660,2654,0.7103854389721628,0.8008449004224502,0.8,3736,3736,0,0,59,63.32203389830509,38,0.9661016949152542,176844,3051,12.302495662122965,549.8877317868173,5431,12.776306075975299,298.8030659034848,4.4866311345249414,0.5722424015402794,1.0780755523592234,4191244800,0,3072,15534.0,164.0,2553,1056.0,282.0,290.0,299.0,263.0,1546.0
srt_h512_standard_rho80_unit8,srt,512,46,79.273119827276,0.9042867950731017,509,21720,509,726,2849,0.6976003917727718,0.796923076923077,0.8,4084,4084,0,0,64,63.8125,55,0.96875,180928,3115,13.256274240091443,563.1440060269088,5558,13.566392812877893,312.3694587163627,5.179568300023675,0.6315682735294104,0.7240666691213846,4191269376,0,3136,15913.0,281.0,2661,1221.0,340.0,367.0,339.0,320.0,1497.0
srt_h512_standard_rho80_unit8,srt,512,47,78.41650502556868,1.003581275094051,451,22229,451,691,2710,0.7035306334371755,0.7968244633931196,0.8,3852,3852,0,0,62,62.12903225806452,3,0.967741935483871,184780,3177,12.133691797032952,575.2776978239417,5671,13.440250901505351,325.80970961786807,4.28601311519742,0.6285968534648418,0.7255334816873074,4191293952,0,3198,16482.0,215.0,2709,1101.0,305.0,324.0,303.0,286.0,1533.0
srt_h512_standard_rho80_unit8,srt,512,48,78.18873142067058,1.026056944224918,458,22680,458,695,2727,0.7028350515463917,0.7969023962594973,0.8,3880,3880,0,0,62,62.58064516129032,10,0.967741935483871,188660,3239,12.633197251707315,587.910895075649,5786,13.552939860150218,339.3626494780183,4.582468181848526,0.7762312330305576,0.7669830545783043,4191318528,0,3260,16886.0,203.0,2772,1126.0,348.0,325.0,314.0,292.0,1475.0
srt_h512_standard_rho80_unit8,srt,512,49,78.74363327674024,0.9502278455654953,418,23138,418,658,2644,0.710752688172043,0.8007268322228952,0.8,3720,3720,0,0,59,63.05084745762712,34,0.9661016949152542,192380,3298,12.004320073872805,599.9152151495218,5890,13.763519581407309,353.1261690594256,4.326596392318606,0.6397713348269463,0.8259874600917101,4191343104,0,3319,17310.0,191.0,2777,1134.0,273.0,312.0,323.0,276.0,1402.0
srt_h512_standard_rho80_unit8,srt,512,50,78.93333333333334,0.9690160275540587,444,23556,444,674,2706,0.7076359832635983,0.8005917159763314,0.8,3824,3824,0,0,60,63.733333333333334,52,0.9666666666666667,196204,3358,12.56883273087442,612.4840478803962,6000,13.90696849860251,367.0331375580281,4.33273633942008,0.7130040396004915,1.1423465926200151,4191367680,0,3379,17583.0,176.0,2815,1053.0,282.0,324.0,329.0,271.0,1565.0
uniform_h512_standard_rho80_unit8,uniform,512,1,91.52542372881356,1.5257900142999998,475,0,475,1425,0,0.0,0.0,0.8,1900,1900,0,0,106,17.92452830188679,1,0.1320754716981132,1900,106,7.20932731218636,7.20932731218636,118,0.4326952323317528,0.4326952323317528,2.2680208310484886,0.048587311059236526,0.1255489382892847,4194422272,0,107,,,475,,,,,,
uniform_h512_standard_rho80_unit8,uniform,512,2,89.91935483870968,0.5367430637338231,514,475,514,2244,1198,0.3028311425682508,0.34805345729227194,0.8,3956,3956,0,0,166,23.83132530120482,1,0.16265060240963855,5856,272,13.227439984679222,20.436767296865582,248,0.7133300323039293,1.146025264635682,4.765561688691378,0.09842821583151817,0.250539006665349,4194446848,0,273,,,548,,,,,,
uniform_h512_standard_rho80_unit8,uniform,512,3,89.59390862944163,0.39893917901229625,586,989,586,2276,1530,0.3483606557377049,0.40199684708355227,0.8,4392,4392,0,0,112,39.214285714285715,1,0.35714285714285715,10248,384,13.433623747900128,33.87039104476571,394,1.0622841399163008,2.208309404551983,5.69705312140286,0.09000537358224392,0.27251151017844677,4194471424,0,385,,,695,,,,,,
uniform_h512_standard_rho80_unit8,uniform,512,4,91.75438596491227,0.3744603304865092,704,1575,704,2143,2017,0.4146792763157895,0.48485576923076923,0.8,4864,4864,0,0,88,55.27272727272727,22,0.5227272727272727,15112,472,13.584160756319761,47.45455180108547,570,1.3563514593988657,3.5646608639508486,5.326809151098132,0.0813627541065216,0.2570547517389059,4194496000,0,473,,,890,,,,,,
uniform_h512_standard_rho80_unit8,uniform,512,5,90.68767908309455,0.3561711448894,516,2279,516,1299,2297,0.5586089494163424,0.6387652947719689,0.8,4112,4112,0,0,76,54.10526315789474,4,0.6447368421052632,19224,548,10.957910129800439,58.41246193088591,698,1.6213215719908476,5.185982435941696,3.9558994360268116,0.07172871381044388,0.20991800166666508,4194520576,0,549,,,835,,,,,,
uniform_h512_standard_rho80_unit8,uniform,512,6,88.99755501222494,0.40275759983134907,482,2795,482,710,2784,0.7002012072434608,0.7967945048654836,0.8,3976,3976,0,0,63,63.111111111111114,34,0.9682539682539683,23200,611,11.325439061969519,69.73790099285543,818,1.9732409454882145,7.159223381429911,4.3762205727398396,0.07124587334692478,0.24857338517904282,4194545152,0,612,,,779,,,,,,
uniform_h512_standard_rho80_unit8,uniform,512,7,89.60342979635584,0.3995835088942961,461,3277,461,697,2734,0.7024665981500514,0.79685222967065,0.8,3892,3892,0,0,62,62.774193548387096,13,0.967741935483871,27092,673,10.719282563775778,80.45718355663121,933,2.1112401112914085,9.27046349272132,4.02701835334301,0.0651139747351408,0.18667165376245975,4194569728,0,674,,,789,,,,,,
uniform_h512_standard_rho80_unit8,uniform,512,8,89.49343339587242,0.41732392047203276,535,3738,535,742,2911,0.6950811843361987,0.7968792773063236,0.8,4188,4188,0,0,67,62.507462686567166,5,0.9701492537313433,31280,740,11.80368254519999,92.2608661018312,1066,2.392225408926606,11.662688901647925,4.549169793725014,0.06999742798507214,0.20412056893110275,4194594304,0,741,,,912,,,,,,
uniform_h512_standard_rho80_unit8,uniform,512,9,88.91666666666667,0.441479623855899,529,4273,529,739,2896,0.6954851104707013,0.7966987620357634,0.8,4164,4164,0,0,66,63.09090909090909,17,0.9696969696969697,35444,806,11.608986597508192,103.86985269933939,1200,2.5846830401569605,14.247371941804886,4.285425862297416,0.07125591859221458,0.3536872901022434,4194618880,0,807,,,966,,,,,,
uniform_h512_standard_rho80_unit8,uniform,512,10,87.59342301943198,0.5327253428770268,547,4802,547,750,2939,0.6938149197355996,0.7966928706966657,0.8,4236,4236,0,0,67,63.223880597014926,35,0.9701492537313433,39680,873,11.812520375475287,115.68237307481468,1338,2.8943398147821426,17.14171175658703,4.456191385164857,0.071815749630332,0.27230310812592506,4194643456,0,874,,,1052,,,,,,
uniform_h512_standard_rho80_unit8,uniform,512,11,87.76077885952712,0.48372566215721474,395,5349,395,644,2589,0.7136163175303197,0.8008042066192391,0.8,3628,3628,0,0,58,62.55172413793103,11,0.9655172413793104,43308,931,10.009966960176826,125.6923400349915,1438,3.124274978414178,20.265986735001206,3.6445996332913637,0.06323705799877644,0.2836601044982672,4194668032,0,932,,,1062,,,,,,
uniform_h512_standard_rho80_unit8,uniform,512,12,87.45173745173746,0.502521976107346,461,5744,461,697,2734,0.7024665981500514,0.79685222967065,0.8,3892,3892,0,0,62,62.774193548387096,13,0.967741935483871,47200,993,10.701235299929976,136.39357533492148,1554,3.295977307483554,23.56196404248476,3.9443545062094927,0.0690772607922554,0.2540771923959255,4194692608,0,994,,,1116,,,,,,
uniform_h512_standard_rho80_unit8,uniform,512,13,87.98334324806663,0.489978441563191,511,6205,511,728,2853,0.6972140762463344,0.7967048310527786,0.8,4092,4092,0,0,64,63.9375,61,0.96875,51292,1057,11.247469229623675,147.64104456454515,1681,3.552084857597947,27.114048900082707,4.025024555623531,0.07096464559435844,0.3853005822747946,4194717184,0,1058,,,1228,,,,,,
uniform_h512_standard_rho80_unit8,uniform,512,14,87.36900165471594,0.5056062822554074,526,6716,526,737,2889,0.6958092485549133,0.7967457253171539,0.8,4152,4152,0,0,66,62.90909090909091,14,0.9696969696969697,55444,1123,12.299194006249309,159.94023857079446,1813,3.8862267807126045,31.000275680795312,5.061635999009013,0.07149594835937023,0.3001514710485935,4194741760,0,1124,,,1320,,,,,,
uniform_h512_standard_rho80_unit8,uniform,512,15,86.41783307413168,0.5333649381235012,465,7242,465,700,2743,0.7018935516888434,0.7966889340691258,0.8,3908,3908,0,0,62,63.03225806451613,17,0.967741935483871,59352,1185,10.83546138368547,170.77569995447993,1929,4.1269748993217945,35.127250580117106,3.938002498820424,0.06951787881553173,0.344156127423048,4194766336,0,1186,,,1373,,,,,,
uniform_h512_standard_rho80_unit8,uniform,512,16,85.40252182347236,0.5945343908583088,529,7707,529,739,2896,0.6954851104707013,0.7966987620357634,0.8,4164,4164,0,0,66,63.09090909090909,17,0.9696969696969697,63516,1251,12.246791325509548,183.02249127998948,2062,4.424990998581052,39.55224157869816,4.645797057077289,0.17452399246394634,0.5085643380880356,4194790912,0,1252,,,1486,,,,,,
uniform_h512_standard_rho80_unit8,uniform,512,17,85.14625228519196,0.5882668521819006,498,8236,498,720,2822,0.6985148514851485,0.7967250141163185,0.8,4040,4040,0,0,64,63.125,22,0.96875,67556,1315,11.334674855694175,194.35716613568366,2188,4.722571386024356,44.274812964722514,4.19894971139729,0.07254714146256447,0.40238177962601185,4194815488,0,1316,,,1547,,,,,,
uniform_h512_standard_rho80_unit8,uniform,512,18,85.57105492589363,0.592348955244932,423,8734,423,661,2656,0.7101604278074867,0.8007235453723244,0.8,3740,3740,0,0,59,63.389830508474574,39,0.9661016949152542,71296,1374,10.601359855383635,204.9585259910673,2294,4.92609104514122,49.200904009863734,4.003308553248644,0.06996136344969273,0.34498864598572254,4194840064,0,1375,,,1545,,,,,,
uniform_h512_standard_rho80_unit8,uniform,512,19,85.2267998335414,0.5996703011952327,433,9157,433,667,2680,0.708994708994709,0.8007170600537795,0.8,3780,3780,0,0,60,63.0,19,0.9666666666666667,75076,1434,10.6792519018054,215.6377778928727,2403,5.163062417879701,54.363966427743435,3.922134168446064,0.0662520881742239,0.38972771167755127,4194864640,0,1435,,,1591,,,,,,
uniform_h512_standard_rho80_unit8,uniform,512,20,84.42492012779553,0.6752660934644321,406,9590,406,651,2615,0.7121459694989106,0.8006736068585426,0.8,3672,3672,0,0,59,62.23728813559322,2,0.9661016949152542,78748,1493,10.158188501372933,225.79596639424562,2504,5.297092052176595,59.66105847992003,3.58494776673615,0.06527472287416458,0.36206092685461044,4194889216,0,1494,,,1609,,,,,,
uniform_h512_standard_rho80_unit8,uniform,512,21,84.96978851963746,0.6168408061501408,579,9996,579,769,3016,0.6911090742438131,0.7968295904887714,0.8,4364,4364,0,0,70,62.34285714285714,3,0.9714285714285714,83112,1563,12.041265642270446,237.83723203651607,2648,5.62377499602735,65.28483347594738,4.133033270016313,0.07675951346755028,0.5577509887516499,4194913792,0,1564,,,1778,,,,,,
uniform_h512_standard_rho80_unit8,uniform,512,22,84.75433526011561,0.6464043273488493,480,10575,480,709,2779,0.7003528225806451,0.7967316513761468,0.8,3968,3968,0,0,63,62.98412698412698,32,0.9682539682539683,87080,1626,11.010501908138394,248.84773394465446,2768,5.720450801774859,71.00528427772224,3.948421221226454,0.0709453597664833,0.39120218716561794,4194938368,0,1627,,,1819,,,,,,
uniform_h512_standard_rho80_unit8,uniform,512,23,83.88214904679376,0.6692623260765517,468,11055,468,701,2751,0.7017857142857142,0.7969293163383546,0.8,3920,3920,0,0,62,63.225806451612904,20,0.967741935483871,91000,1688,11.257172284647822,260.1049062293023,2885,6.160866029560566,77.1661503072828,4.18601993098855,0.07106255553662777,0.5108472313731909,4194962944,0,1689,,,1880,,,,,,
uniform_h512_standard_rho80_unit8,uniform,512,24,82.96869740828004,0.6926819377513939,344,11523,344,600,2480,0.7242990654205608,0.8051948051948052,0.8,3424,3424,0,0,55,62.25454545454546,8,0.9636363636363636,94424,1743,9.324970858171582,269.42987708747387,2971,6.320066671818495,83.4862169791013,3.1817951425909996,0.05971152149140835,0.3976244404911995,4194987520,0,1744,,,1847,,,,,,
uniform_h512_standard_rho80_unit8,uniform,512,25,82.5098814229249,0.7104637205229635,259,11867,259,535,2290,0.7425421530479897,0.8106194690265487,0.8,3084,3084,0,0,50,61.68,3,0.96,97508,1793,8.803113559260964,278.23299064673483,3036,6.478521753102541,89.96473873220384,3.160249335691333,0.058106858283281326,0.41812186501920223,4195012096,0,1794,,,1776,,,,,,
uniform_h512_standard_rho80_unit8,uniform,512,26,83.03260525482747,0.722851689360386,493,12126,493,717,2810,0.6990049751243781,0.7967110859087043,0.8,4020,4020,0,0,64,62.8125,7,0.96875,101528,1857,12.003616714850068,290.2366073615849,3159,6.641836192458868,96.60657492466271,4.573556704446673,0.07441573590040207,0.657000670209527,4195036672,0,1858,,,1935,,,,,,
uniform_h512_standard_rho80_unit8,uniform,512,27,82.42665036674816,0.7364329809474722,450,12619,450,691,2707,0.7034823284823285,0.7966450853443202,0.8,3848,3848,0,0,62,62.064516129032256,2,0.967741935483871,105376,1919,10.845710061490536,301.08231742307544,3272,6.876376332715154,103.48295125737786,3.8754022754728794,0.06910688616335392,0.4865952357649803,4195061248,0,1920,,,2010,,,,,,
uniform_h512_standard_rho80_unit8,uniform,512,28,81.74273858921161,0.7789105695084743,404,13069,404,649,2611,0.7126091703056768,0.800920245398773,0.8,3664,3664,0,0,58,63.172413793103445,20,0.9655172413793104,109040,1977,10.183486755937338,311.2658041790128,3374,7.257847435772419,110.74079869315028,3.4499388970434666,0.06844698451459408,0.5393973756581545,4195085824,0,1978,,,2063,,,,,,
uniform_h512_standard_rho80_unit8,uniform,512,29,81.36467889908256,0.7913434111178617,456,13473,456,694,2722,0.702995867768595,0.7968384074941453,0.8,3872,3872,0,0,62,62.45161290322581,8,0.967741935483871,112912,2039,11.001430770382285,322.26723494939506,3488,7.73696817830205,118.47776687145233,3.902440406382084,0.0701264925301075,0.5713017843663692,4195110400,0,2040,,,2168,,,,,,
uniform_h512_standard_rho80_unit8,uniform,512,30,81.9286871961102,0.7319325341961135,856,13929,856,938,3678,0.6721491228070176,0.7967937608318891,0.8,5472,5472,0,0,87,62.89655172413793,8,0.9770114942528736,118384,2126,15.35693516395986,337.6241701133549,3702,8.117965759709477,126.59573263116181,5.436786947771907,0.09782993979752064,0.7191819995641708,4195134976,0,2127,,,2515,,,,,,
uniform_h512_standard_rho80_unit8,uniform,512,31,81.94444444444444,0.7323714475629509,458,14785,458,695,2727,0.7028350515463917,0.7969023962594973,0.8,3880,3880,0,0,62,62.58064516129032,10,0.967741935483871,122264,2188,10.715341350063682,348.3395114634186,3816,8.623163219541311,135.21889585070312,3.694561803713441,0.07111053541302681,0.5001596193760633,4195159552,0,2189,,,2534,,,,,,
uniform_h512_standard_rho80_unit8,uniform,512,32,81.5003827507017,0.7560026678646555,408,15243,408,652,2620,0.7119565217391305,0.8007334963325183,0.8,3680,3680,0,0,59,62.3728813559322,8,0.9661016949152542,125944,2247,10.467324273660779,358.8068357370794,3919,8.703270064666867,143.92216591537,3.734587898477912,0.06917418725788593,0.5615905318409204,4195184128,0,2248,,,2519,,,,,,
uniform_h512_standard_rho80_unit8,uniform,512,33,82.15880893300248,0.7442471140015761,443,15651,443,673,2704,0.7078534031413612,0.8007106899615043,0.8,3820,3820,0,0,60,63.666666666666664,49,0.9666666666666667,129764,2307,11.050768706947565,369.85760444402695,4030,8.904383042827249,152.82654895819724,3.8011107612401247,0.06882649287581444,0.8574707843363285,4195209728,0,2308,,,2552,,,,,,
uniform_h512_standard_rho80_unit8,uniform,512,34,82.09756097560975,0.7524846622565862,282,16094,282,549,2345,0.7383501259445844,0.8102971665514859,0.8,3176,3176,0,0,51,62.27450980392157,14,0.9607843137254902,132940,2358,9.06184277124703,378.919447215274,4100,9.011539429426193,161.83808838762343,3.194957522675395,0.06056535802781582,0.569652346894145,4195234304,0,2359,,,2474,,,,,,
uniform_h512_standard_rho80_unit8,uniform,512,35,81.82032539495403,0.7876207639911603,563,16376,563,759,2978,0.6925581395348838,0.7968959058067969,0.8,4300,4300,0,0,68,63.23529411764706,25,0.9705882352941176,137240,2426,12.033298037946224,390.9527452532202,4241,9.319015800952911,171.15710418857634,4.232455708086491,0.08191444911062717,0.5870365500450134,4195258880,0,2427,,,2613,,,,,,
uniform_h512_standard_rho80_unit8,uniform,512,36,81.70648464163823,0.7539374463403234,619,16939,619,794,3111,0.6876657824933687,0.7966709346991037,0.8,4524,4524,0,0,72,62.833333333333336,1,0.9722222222222222,141764,2498,13.069887878373265,404.02263313159347,4395,9.540108582004905,180.69721277058125,4.824875999242067,0.0816555917263031,0.6224249675869942,4195283456,0,2499,,,2796,,,,,,
uniform_h512_standard_rho80_unit8,uniform,512,37,80.62390158172232,0.8255286260257746,632,17558,632,801,3143,0.6868444055944056,0.7969066937119675,0.8,4576,4576,0,0,72,63.55555555555556,40,0.9722222222222222,146340,2570,13.093833340331912,417.1164664719254,4552,9.934632828459144,190.6318455990404,4.583216154947877,0.08195014856755733,0.8883037567138672,4195308032,0,2571,,,2986,,,,,,
uniform_h512_standard_rho80_unit8,uniform,512,38,80.78807241746539,0.8068243676839328,575,18190,575,767,3006,0.6913523459061638,0.7967134905910416,0.8,4348,4348,0,0,68,63.94117647058823,61,0.9705882352941176,150688,2638,12.47756164520979,429.59402811713517,4695,10.349369527772069,200.98121512681246,4.579029588028789,0.08144346624612808,0.6083511207252741,4195332608,0,2639,,,3079,,,,,,
uniform_h512_standard_rho80_unit8,uniform,512,39,80.99396964025784,0.7815844241085758,459,18765,459,696,2729,0.702626158599382,0.7967883211678832,0.8,3884,3884,0,0,62,62.645161290322584,11,0.967741935483871,154572,2700,11.194364508613944,440.7883926257491,4809,10.41483585909009,211.39605098590255,4.082029497250915,0.07056776992976665,0.6338020730763674,4195357184,0,2701,,,3108,,,,,,
uniform_h512_standard_rho80_unit8,uniform,512,40,81.44329896907216,0.7890342271404067,554,19224,554,754,2956,0.6932457786116323,0.7967654986522911,0.8,4264,4264,0,0,67,63.64179104477612,42,0.9701492537313433,158836,2767,11.99575874581933,452.78415137156844,4947,10.925648963078856,222.3216999489814,4.219671403989196,0.08002188801765442,0.6288932766765356,4195381760,0,2768,,,3215,,,,,,
uniform_h512_standard_rho80_unit8,uniform,512,41,80.68113921529576,0.8170605565167256,297,19778,297,558,2381,0.7357849196538937,0.8101395032323919,0.8,3236,3236,0,0,51,63.450980392156865,41,0.9607843137254902,162072,2818,9.434985073283315,462.21913644485176,5021,11.00941727310419,233.3311172220856,3.375961808487773,0.06352494284510612,0.6358358617872,4195406336,0,2819,,,3135,,,,,,
uniform_h512_standard_rho80_unit8,uniform,512,42,79.79445414000388,0.8354045564288322,548,20075,548,750,2942,0.6938679245283019,0.7968580715059588,0.8,4240,4240,0,0,67,63.28358208955224,36,0.9701492537313433,166312,2885,11.745246473699808,473.96438291855156,5157,11.377112412825227,244.70822963491082,4.043712807819247,0.07995658367872238,0.631382405757904,4195430912,0,2886,,,3264,,,,,,
uniform_h512_standard_rho80_unit8,uniform,512,43,80.22082619455549,0.8133143681727284,382,20623,382,623,2571,0.7189597315436241,0.8049467752035065,0.8,3576,3576,0,0,56,63.857142857142854,58,0.9642857142857143,169888,2941,10.5558189060539,484.52020182460546,5253,11.609430957585573,256.3176605924964,3.954906538128853,0.06251440569758415,0.6458042822778225,4195455488,0,2942,,,3276,,,,,,
uniform_h512_standard_rho80_unit8,uniform,512,44,79.87232444611341,0.8759540158668343,293,21005,293,556,2371,0.736335403726708,0.8100444140758456,0.8,3220,3220,0,0,51,63.13725490196079,37,0.9607843137254902,173108,2992,9.31888666935265,493.8390884939581,5326,11.68746142834425,268.00512202084064,3.1569585166871548,0.05793114751577377,0.7867696806788445,4195480064,0,2993,,,3207,,,,,,
uniform_h512_standard_rho80_unit8,uniform,512,45,79.50653654943841,0.8693930102764124,422,21298,422,660,2654,0.7103854389721628,0.8008449004224502,0.8,3736,3736,0,0,59,63.32203389830509,38,0.9661016949152542,176844,3051,11.28805542550981,505.1271439194679,5431,12.073965411633253,280.0790874324739,4.095030719414353,0.07081739790737629,0.9850364681333303,4195504640,0,3052,,,3270,,,,,,
uniform_h512_standard_rho80_unit8,uniform,512,46,78.87729399064412,0.9023424360253784,509,21720,509,726,2849,0.6976003917727718,0.796923076923077,0.8,4084,4084,0,0,64,63.8125,55,0.96875,180928,3115,11.722194600850344,516.8493385203183,5558,12.48938312754035,292.56847056001425,4.216248502954841,0.0791671834886074,0.7029078546911478,4195529216,0,3116,,,3348,,,,,,
uniform_h512_standard_rho80_unit8,uniform,512,47,78.11673426203491,0.9927009956883687,451,22229,451,691,2710,0.7035306334371755,0.7968244633931196,0.8,3852,3852,0,0,62,62.12903225806452,3,0.967741935483871,184780,3177,11.020679833367467,527.8700183536857,5671,12.76015242934227,305.3286229893565,3.886771857738495,0.07037195935845375,0.6914012301713228,4195553792,0,3178,,,3429,,,,,,
uniform_h512_standard_rho80_unit8,uniform,512,48,78.01590044936053,1.0100149363834225,458,22680,458,695,2727,0.7028350515463917,0.7969023962594973,0.8,3880,3880,0,0,62,62.58064516129032,10,0.967741935483871,188660,3239,11.098013317212462,538.9680316708982,5786,12.87102117575705,318.19964416511357,3.833630433306098,0.0737379901111126,0.7438107077032328,4195578368,0,3240,,,3486,,,,,,
uniform_h512_standard_rho80_unit8,uniform,512,49,78.18336162988115,0.9508547680723113,418,23138,418,658,2644,0.710752688172043,0.8007268322228952,0.8,3720,3720,0,0,59,63.05084745762712,34,0.9661016949152542,192380,3298,11.204767590388656,550.1727992612869,5890,13.326263235881925,331.5259074009955,4.212980654090643,0.07347528077661991,0.769843615591526,4195602944,0,3299,,,3507,,,,,,
uniform_h512_standard_rho80_unit8,uniform,512,50,78.36666666666666,0.9588589506850889,444,23556,444,674,2706,0.7076359832635983,0.8005917159763314,0.8,3824,3824,0,0,60,63.733333333333334,52,0.9666666666666667,196204,3358,11.179759584367275,561.3525588456541,6000,13.494996834546328,345.0209042355418,3.661985168233514,0.06979399174451828,1.1085805147886276,4195627520,0,3359,,,3587,,,,,,
srt_h128_tuned,srt,128,1,82.20338983050847,1.2628251501907473,475,0,475,1425,0,0.0,0.0,0.95,1900,1900,0,0,62,30.64516129032258,1,0.27419354838709675,1900,62,5.83808509260416,5.83808509260416,118,0.4253866896033287,0.4253866896033287,2.0366768147796392,0.06673500873148441,0.08838324248790741,4194422272,5,68,0.0,11.0,475,224.0,84.0,56.0,114.0,154.0,1268.0
srt_h128_tuned,srt,128,2,89.11290322580645,0.40464856609263555,514,475,514,1181,873,0.3399532710280374,0.42502434274586176,0.95,2568,2568,0,0,42,61.142857142857146,2,0.8333333333333334,4468,104,6.8092672768980265,12.647352369502187,248,0.7620487008243799,1.1874353904277086,2.415657425299287,0.07575457729399204,0.10690515488386154,4194446848,0,110,12.0,85.0,532,595.0,142.0,92.0,162.0,168.0,1409.0
srt_h128_tuned,srt,128,3,86.04060913705584,0.5894141832695933,586,989,586,887,1383,0.4842436974789916,0.6092511013215859,0.95,2856,2856,0,0,46,62.08695652173913,10,0.9565217391304348,7324,150,7.864590531215072,20.51194290071726,394,0.961183900013566,2.1486192904412746,2.9305408392101526,0.0931626744568348,0.1149279847741127,4194471424,0,156,31.0,210.0,713,644.0,206.0,189.0,285.0,291.0,1241.0
srt_h128_tuned,srt,128,4,86.49122807017544,0.4895896301994747,704,1575,704,248,2376,0.7139423076923077,0.9054878048780488,0.95,3328,3328,0,0,52,64.0,64,1.0,10652,202,8.974077926948667,29.486020827665925,570,1.3219863884150982,3.470605678856373,3.201517466455698,0.11539231985807419,0.18903627805411816,4194496000,0,208,33.0,595.0,711,581.0,233.0,186.0,307.0,368.0,1653.0
srt_h128_tuned,srt,128,5,87.39255014326648,0.523482676366931,516,2279,516,129,1931,0.749611801242236,0.9373786407766991,0.95,2576,2576,0,0,42,61.333333333333336,4,0.9523809523809523,13228,244,6.9262959230691195,36.412316750735044,698,1.5707417018711567,5.0413473807275295,2.462857261300087,0.1035658810287714,0.08894955553114414,4194520576,0,250,788.0,483.0,592,551.0,204.0,195.0,285.0,282.0,1059.0
srt_h128_tuned,srt,128,6,88.01955990220048,0.4511090584009638,482,2795,482,122,1836,0.7524590163934426,0.9376915219611849,0.95,2440,2440,0,0,39,62.56410256410256,34,0.9487179487179487,15668,283,6.680033588781953,43.092350339517,818,1.9088948462158442,6.950242226943374,2.3744253125041723,0.11287275515496731,0.1763807274401188,4194545152,0,289,1207.0,452.0,652,515.0,231.0,175.0,257.0,240.0,1022.0
srt_h128_tuned,srt,128,7,87.03108252947482,0.465801575138401,461,3277,461,118,1777,0.7542444821731749,0.937730870712401,0.95,2356,2356,0,0,38,62.0,13,0.9473684210526315,18024,321,6.577076205983758,49.669426545500755,933,2.077683437615633,9.027925664559007,2.358877085149288,0.10819047316908836,0.22952668741345406,4194569728,0,327,1642.0,434.0,691,535.0,237.0,185.0,236.0,249.0,914.0
srt_h128_tuned,srt,128,8,89.02439024390245,0.4197296357263107,535,3738,535,133,1984,0.7481146304675717,0.9371752479924421,0.95,2652,2652,0,0,43,61.674418604651166,5,0.9534883720930233,20676,364,7.462094742804766,57.13152128830552,1066,2.4119587633758783,11.439884427934885,2.672302594408393,0.13171876408159733,0.2952224239706993,4194594304,0,370,2012.0,500.0,799,545.0,256.0,182.0,270.0,236.0,1163.0
srt_h128_tuned,srt,128,9,88.08333333333333,0.463104862468586,529,4273,529,131,1968,0.7488584474885844,0.9375893282515484,0.95,2628,2628,0,0,42,62.57142857142857,17,0.9523809523809523,23304,406,7.176163675263524,64.30768496356905,1200,2.663392759859562,14.103277187794447,2.3995443154126406,0.24157258868217468,0.21122836880385876,4194618880,0,412,2349.0,503.0,913,556.0,239.0,188.0,235.0,251.0,1159.0
srt_h128_tuned,srt,128,10,86.24813153961136,0.5842897451302711,547,4802,547,135,2018,0.7474074074074074,0.9372967951695309,0.95,2700,2700,0,0,43,62.7906976744186,35,0.9534883720930233,26004,449,7.303988987579942,71.61167395114899,1338,3.019336052238941,17.122613240033388,2.644199127331376,0.14383950270712376,0.12370125949382782,4194643456,0,455,2923.0,514.0,989,650.0,284.0,218.0,287.0,267.0,994.0
srt_h128_tuned,srt,128,11,84.7009735744089,0.5860003934230453,395,5349,395,106,1591,0.7605162523900574,0.9375368296994696,0.95,2092,2092,0,0,34,61.529411764705884,11,0.9411764705882353,28096,483,5.841829732060432,77.45350368320942,1438,3.1264037396758795,20.249016979709268,2.085779432207346,0.11724958382546902,0.22635737247765064,4194668032,0,489,3376.0,378.0,1024,581.0,243.0,123.0,200.0,164.0,781.0
srt_h128_tuned,srt,128,12,86.16473616473617,0.5283158474828199,461,5744,461,118,1777,0.7542444821731749,0.937730870712401,0.95,2356,2356,0,0,38,62.0,13,0.9473684210526315,30452,521,6.804462613537908,84.25796629674733,1554,3.3285283409059048,23.577545320615172,2.357092708349228,0.2615523748099804,0.3031528312712908,4194692608,0,527,3737.0,439.0,1093,635.0,261.0,153.0,218.0,204.0,885.0
srt_h128_tuned,srt,128,13,87.03152885187389,0.5287511754270151,511,6205,511,128,1917,0.75,0.9374083129584352,0.95,2556,2556,0,0,40,63.9,61,0.95,33008,561,7.091864679008722,91.34983097575605,1681,3.600075928494334,27.177621249109507,2.4019654355943203,0.16967475786805153,0.32515789568424225,4194717184,0,567,4104.0,491.0,1199,626.0,230.0,188.0,225.0,235.0,1052.0
srt_h128_tuned,srt,128,14,85.93491450634308,0.5652795713894485,526,6716,526,131,1959,0.7488532110091743,0.9373205741626794,0.95,2616,2616,0,0,42,62.285714285714285,14,0.9523809523809523,35624,603,7.617593200877309,98.96742417663336,1813,3.924457559362054,31.10207880847156,2.853680305182934,0.17496207728981972,0.28082073479890823,4194741760,0,609,4593.0,495.0,1298,707.0,268.0,210.0,252.0,237.0,942.0
srt_h128_tuned,srt,128,15,84.7071021254536,0.5771119792674554,465,7242,465,119,1788,0.7537942664418212,0.9375983219716832,0.95,2372,2372,0,0,38,62.421052631578945,17,0.9473684210526315,37996,641,6.703264009207487,105.67068818584085,1929,4.152307543903589,35.25438635237515,2.487779602408409,0.16847838833928108,0.1557004190981388,4194766336,0,647,5041.0,448.0,1357,653.0,237.0,167.0,220.0,205.0,890.0
srt_h128_tuned,srt,128,16,83.89912706110572,0.6275156936144044,529,7707,529,131,1968,0.7488584474885844,0.9375893282515484,0.95,2628,2628,0,0,42,62.57142857142857,17,0.9523809523809523,40624,683,7.6716187335550785,113.34230691939592,2062,4.425608791410923,39.67999514378607,2.868854219093919,0.1935338620096445,0.3084393236786127,4194790912,0,689,5426.0,503.0,1476,712.0,274.0,195.0,251.0,220.0,976.0
srt_h128_tuned,srt,128,17,83.72943327239489,0.6139851333228852,498,8236,498,126,1880,0.7507987220447284,0.9371884346959123,0.95,2504,2504,0,0,40,62.6,22,0.95,43128,723,7.357461594045162,120.69976851344109,2188,4.685472939163446,44.36546808294952,2.689058292657137,0.18871296383440495,0.3742413818836212,4194815488,0,729,5942.0,478.0,1577,689.0,268.0,165.0,253.0,210.0,919.0
srt_h128_tuned,srt,128,18,82.60680034873583,0.6767140362093462,423,8734,423,111,1670,0.7577132486388385,0.9376754632229085,0.95,2204,2204,0,0,35,62.97142857142857,39,0.9428571428571428,45332,758,6.496189625933766,127.19595813937485,2294,4.84081494063139,49.20628302358091,2.3000757042318583,0.1831611692905426,0.3880286403000355,4194840064,0,764,6382.0,404.0,1663,593.0,224.0,164.0,204.0,185.0,834.0
srt_h128_tuned,srt,128,19,83.8535164377861,0.6257528804396437,433,9157,433,113,1698,0.7566844919786097,0.9376035339591386,0.95,2244,2244,0,0,36,62.333333333333336,19,0.9444444444444444,47576,794,6.282380785793066,133.47833892516792,2403,5.168809043243527,54.375092066824436,2.2361911553889513,0.19272984936833382,0.17958571948111057,4194864640,0,800,6726.0,411.0,1723,584.0,194.0,132.0,209.0,214.0,911.0
srt_h128_tuned,srt,128,20,82.38817891373802,0.7071597408367916,406,9590,406,109,1621,0.7588951310861424,0.9369942196531792,0.95,2136,2136,0,0,35,61.02857142857143,2,0.9428571428571428,49712,829,6.33584482036531,139.81418374553323,2504,5.402918891981244,59.77801095880568,2.079539258033037,0.1944965347647667,0.5163267552852631,4194889216,0,835,7188.0,382.0,1767,591.0,194.0,153.0,184.0,178.0,836.0
srt_h128_tuned,srt,128,21,83.83685800604229,0.6463413259360506,579,9996,579,141,2108,0.7454031117397454,0.9373054690973767,0.95,2828,2828,0,0,46,61.47826086956522,3,0.9565217391304348,52540,875,8.064968021586537,147.87915176711977,2648,5.725387994199991,65.50339895300567,2.7047413270920515,0.2539159990847111,0.4228119533509016,4194913792,0,881,7560.0,553.0,1915,782.0,267.0,205.0,263.0,236.0,1075.0
srt_h128_tuned,srt,128,22,83.70664739884393,0.6931748353651372,480,10575,480,122,1830,0.7524671052631579,0.9375,0.95,2432,2432,0,0,39,62.35897435897436,32,0.9487179487179487,54972,914,7.260065048933029,155.1392168160528,2768,5.946629643440247,71.45002859644592,2.5618836022913456,0.2400728277862072,0.44476018473505974,4194938368,0,920,8143.0,451.0,1978,658.0,206.0,160.0,236.0,214.0,958.0
srt_h128_tuned,srt,128,23,83.70883882149047,0.6917300576518451,468,11055,468,119,1797,0.7537751677852349,0.9378914405010439,0.95,2384,2384,0,0,38,62.73684210526316,20,0.9473684210526315,57356,952,6.925937660038471,162.06515447609127,2885,6.049364386126399,77.49939298257232,2.3625576477497816,0.23009933531284332,0.4011020138859749,4194962944,0,958,8578.0,452.0,2075,734.0,203.0,148.0,217.0,204.0,878.0
srt_h128_tuned,srt,128,24,80.78088185796028,0.7841722631196923,344,11523,344,97,1447,0.7664194915254238,0.9371761658031088,0.95,1888,1888,0,0,31,60.903225806451616,8,0.9354838709677419,59244,983,5.423933997750282,167.48908847384155,2971,6.255674131214619,83.75506711378694,1.910017617046833,0.1908007226884365,0.2055845633149147,4194987520,0,989,9080.0,328.0,2104,619.0,142.0,128.0,158.0,198.0,643.0
srt_h128_tuned,srt,128,25,81.25823451910408,0.7568414119102792,259,11867,259,81,1208,0.7803617571059431,0.9371605896043445,0.95,1548,1548,0,0,26,59.53846153846154,3,0.9230769230769231,60792,1009,5.0206989627331495,172.5097874365747,3036,6.498198403045535,90.25326551683247,1.7847365401685238,0.16282441653311253,0.49898125045001507,4195012096,0,1015,9385.0,248.0,2142,434.0,134.0,100.0,152.0,129.0,599.0
srt_h128_tuned,srt,128,26,81.13327002215891,0.7693824161143905,493,12126,493,125,1866,0.751207729468599,0.9372174786539428,0.95,2484,2484,0,0,40,62.1,7,0.95,63276,1049,6.9101630710065365,179.41995050758123,3159,6.6744753159582615,96.92774083279073,2.279020167887211,0.2890129294246435,0.2362659927457571,4195036672,0,1055,9654.0,475.0,2259,734.0,239.0,197.0,218.0,197.0,899.0
srt_h128_tuned,srt,128,27,80.80684596577017,0.8014446646465297,450,12619,450,117,1745,0.754757785467128,0.9371643394199786,0.95,2312,2312,0,0,38,60.8421052631579,2,0.9473684210526315,65588,1087,7.153961922973394,186.57391243055463,3272,7.00653282366693,103.93427365645766,2.597910773009062,0.27287396416068077,0.457649577409029,4195061248,0,1093,10090.0,430.0,2348,692.0,221.0,145.0,204.0,196.0,854.0
srt_h128_tuned,srt,128,28,78.83817427385893,0.8599512125022588,404,13069,404,107,1617,0.7598684210526315,0.9379350348027842,0.95,2128,2128,0,0,34,62.588235294117645,20,0.9411764705882353,67716,1121,6.31962606869638,192.893538499251,3374,7.335468832403421,111.26974248886108,2.05133143812418,0.26199130713939667,0.5186290182173252,4195085824,0,1127,10492.0,388.0,2394,661.0,188.0,141.0,188.0,196.0,754.0
srt_h128_tuned,srt,128,29,80.3612385321101,0.8167392889820104,456,13473,456,118,1762,0.7542808219178082,0.9372340425531915,0.95,2336,2336,0,0,38,61.473684210526315,8,0.9473684210526315,70052,1159,6.882538190111518,199.77607668936253,3488,7.740413531661034,119.01015602052212,2.2727312799543142,0.28315032832324505,0.4784241635352373,4195110400,0,1165,10952.0,439.0,2502,749.0,252.0,132.0,211.0,198.0,794.0
srt_h128_tuned,srt,128,30,82.14478660183684,0.7434645191432596,856,13929,856,193,2887,0.7334857723577236,0.9373376623376624,0.95,3936,3936,0,0,63,62.476190476190474,8,0.9682539682539683,73988,1222,11.510264217853546,211.28634090721607,3702,8.182218860834837,127.19237488135695,3.78067759424448,0.5110509935766459,0.6495972778648138,4195134976,0,1228,11403.0,819.0,2826,990.0,369.0,252.0,369.0,333.0,1623.0
srt_h128_tuned,srt,128,31,80.39832285115304,0.7945794975255631,458,14785,458,118,1768,0.7542662116040956,0.9374337221633086,0.95,2344,2344,0,0,38,61.68421052631579,10,0.9473684210526315,76332,1260,6.941259223967791,218.22760013118386,3816,8.636991621926427,135.82936650328338,2.213149268180132,0.3132089376449585,0.5128011628985405,4195159552,0,1266,12194.0,439.0,2894,748.0,208.0,141.0,205.0,218.0,824.0
srt_h128_tuned,srt,128,32,80.45419749936208,0.8351580210655863,408,15243,408,109,1627,0.7588619402985075,0.9372119815668203,0.95,2144,2144,0,0,35,61.25714285714286,8,0.9428571428571428,78476,1295,6.515713952481747,224.7433140836656,3919,8.725556189194322,144.5549226924777,2.3821916300803423,0.3073152247816324,0.27198444306850433,4195184128,0,1301,12624.0,394.0,2933,719.0,177.0,145.0,191.0,169.0,743.0
srt_h128_tuned,srt,128,33,80.29776674937965,0.8116840477217097,443,15651,443,115,1726,0.7556917688266199,0.937533948940793,0.95,2284,2284,0,0,36,63.44444444444444,49,0.9444444444444444,80760,1331,7.048155831173062,231.79146991483867,4030,8.938724808394909,153.4936475008726,2.3833512887358665,0.34468462504446507,0.544902678579092,4195209728,0,1337,12943.0,415.0,3000,674.0,176.0,158.0,190.0,216.0,870.0
srt_h128_tuned,srt,128,34,80.6829268292683,0.8110948958360641,282,16094,282,85,1273,0.776219512195122,0.9374079528718704,0.95,1640,1640,0,0,27,60.74074074074074,14,0.9259259259259259,82400,1358,5.18998296931386,236.98145288415253,4100,9.100596409291029,162.59424391016364,1.677481709048152,0.25549208745360374,0.5556931551545858,4195234304,0,1364,13412.0,268.0,3002,512.0,111.0,112.0,145.0,152.0,608.0
srt_h128_tuned,srt,128,35,80.54704079226597,0.8351653035309269,563,16376,563,138,2063,0.7463820549927641,0.9373012267151295,0.95,2764,2764,0,0,44,62.81818181818182,25,0.9545454545454546,85164,1402,8.458952216431499,245.44040510058403,4241,9.418478110805154,172.0127220209688,2.9142686557024717,0.40228088572621346,0.5563027430325747,4195258880,0,1408,13623.0,539.0,3157,813.0,222.0,189.0,248.0,260.0,1032.0
srt_h128_tuned,srt,128,36,81.29692832764505,0.792288632209082,619,16939,619,149,2220,0.7429718875502008,0.9371042634022795,0.95,2988,2988,0,0,48,62.25,1,0.9583333333333334,88152,1450,8.761999033391476,254.2024041339755,4395,9.733737489208579,181.74645951017737,3.0276030637323856,0.4585086163133383,0.2937999237328768,4195283456,0,1456,14127.0,588.0,3336,836.0,223.0,181.0,278.0,265.0,1205.0
srt_h128_tuned,srt,128,37,79.94288224956064,0.867483369106637,632,17558,632,150,2258,0.7427631578947368,0.9377076411960132,0.95,3040,3040,0,0,48,63.333333333333336,40,0.9583333333333334,91192,1498,8.77608484402299,262.9784889779985,4552,9.990514643490314,191.7369741536677,2.9453818667680025,0.48161670565605164,0.2993410248309374,4195308032,0,1504,14661.0,611.0,3465,951.0,277.0,224.0,262.0,262.0,1064.0
srt_h128_tuned,srt,128,38,79.765708200213,0.8632741751469244,575,18190,575,140,2097,0.7457325746799431,0.9374161823871257,0.95,2812,2812,0,0,44,63.90909090909091,61,0.9545454545454546,94004,1542,8.9016337338835,271.880122711882,4695,10.183601461350918,201.9205756150186,3.027809513732791,0.5712320804595947,0.5937334392219782,4195332608,0,1548,15276.0,550.0,3611,916.0,283.0,181.0,249.0,260.0,923.0
srt_h128_tuned,srt,128,39,79.76710334788937,0.848480001178459,459,18765,459,118,1771,0.754258943781942,0.9375330862890419,0.95,2348,2348,0,0,38,61.78947368421053,11,0.9473684210526315,96352,1580,7.619096854701638,279.49921956658363,4809,10.391060816124082,212.3116364311427,2.6463253553956747,0.3970233388245106,0.6536429654806852,4195357184,0,1586,15837.0,437.0,3671,755.0,194.0,148.0,222.0,192.0,837.0
srt_h128_tuned,srt,128,40,80.02829997978573,0.8526605347296645,554,19224,554,136,2038,0.7470674486803519,0.937442502299908,0.95,2728,2728,0,0,43,63.44186046511628,42,0.9534883720930233,99080,1623,8.286975376307964,287.7861949428916,4947,11.00069940648973,223.31233583763242,2.6030028760433197,0.4498981386423111,0.6349742151796818,4195381760,0,1629,16219.0,525.0,3774,860.0,227.0,177.0,265.0,243.0,956.0
srt_h128_tuned,srt,128,41,80.20314678350925,0.8668893330177462,297,19778,297,87,1316,0.7741176470588236,0.9379900213827512,0.95,1700,1700,0,0,27,62.96296296296296,41,0.9259259259259259,100780,1650,5.450961893424392,293.237156836316,5021,11.05265592224896,234.36499175988138,1.7643292602151632,0.3095712661743164,0.3233332820236683,4195406336,0,1656,16751.0,282.0,3779,560.0,140.0,114.0,144.0,139.0,603.0
srt_h128_tuned,srt,128,42,80.24044987395773,0.8471973540499164,548,20075,548,135,2021,0.7474112426035503,0.9373840445269017,0.95,2704,2704,0,0,43,62.883720930232556,36,0.9534883720930233,103484,1693,7.9536297544837,301.1907865907997,5157,11.414385732263327,245.7793774921447,2.715175287798047,0.4664764627814293,0.3284213524311781,4195430912,0,1699,17044.0,532.0,3907,925.0,242.0,158.0,211.0,235.0,933.0
srt_h128_tuned,srt,128,43,79.89720159908623,0.8666215183319556,382,20623,382,103,1555,0.7622549019607843,0.9378769601930036,0.95,2040,2040,0,0,32,63.75,58,0.9375,105524,1725,6.562520124018192,307.7533067148179,5253,11.738676281645894,257.5180537737906,2.157196469604969,0.369256854057312,0.6704905573278666,4195455488,0,1731,17519.0,362.0,3950,651.0,137.0,132.0,178.0,161.0,781.0
srt_h128_tuned,srt,128,44,79.32782576042058,0.91303150836572,293,21005,293,87,1304,0.7743467933491687,0.9374550682961897,0.95,1684,1684,0,0,27,62.370370370370374,37,0.9259259259259259,107208,1752,5.693744519725442,313.4470512345433,5326,11.95488540828228,269.4729391820729,1.916659701615572,0.3188662715256214,0.70825962908566,4195480064,0,1758,17861.0,279.0,3942,535.0,128.0,91.0,143.0,162.0,625.0
srt_h128_tuned,srt,128,45,78.69637267538207,0.9089789574936183,422,21298,422,111,1667,0.7577272727272727,0.937570303712036,0.95,2200,2200,0,0,35,62.857142857142854,38,0.9428571428571428,109408,1787,6.687022916972637,320.13407415151596,5431,12.553543420508504,282.0264826025814,2.325347838923335,0.4036727398633957,0.34941309690475464,4195504640,0,1793,18169.0,404.0,4025,697.0,200.0,163.0,181.0,191.0,768.0
srt_h128_tuned,srt,128,46,78.67938107232817,0.9115523276132019,509,21720,509,127,1912,0.750392464678179,0.9377145659637077,0.95,2548,2548,0,0,40,63.7,55,0.95,111956,1827,8.472580151632428,328.6066543031484,5558,12.397258408367634,294.423741010949,2.8681964688003063,0.4919008146971464,0.728112019598484,4195529216,0,1833,18561.0,492.0,4143,867.0,230.0,159.0,211.0,210.0,871.0
srt_h128_tuned,srt,128,47,76.86475048492329,1.0391106664295364,451,22229,451,117,1748,0.7547495682210709,0.9372654155495979,0.95,2316,2316,0,0,38,60.94736842105263,3,0.9473684210526315,114272,1865,7.784593015909195,336.3912473190576,5671,12.63885360211134,307.06259461306036,2.6440960112959146,0.4520300440490246,0.7142469454556704,4195553792,0,1871,19135.0,429.0,4240,743.0,217.0,145.0,172.0,219.0,820.0
srt_h128_tuned,srt,128,48,76.1493259592119,1.071031516798721,458,22680,458,118,1768,0.7542662116040956,0.9374337221633086,0.95,2344,2344,0,0,38,61.68421052631579,10,0.9473684210526315,116616,1903,7.617494391277432,344.008741710335,5786,12.9745267406106,320.03712135367095,2.573719259351492,0.4718842301517725,0.7063673865050077,4195578368,0,1909,19557.0,439.0,4352,799.0,237.0,142.0,180.0,212.0,774.0
srt_h128_tuned,srt,128,49,77.45331069609507,0.9900143854892696,418,23138,418,110,1656,0.7582417582417582,0.9377123442808607,0.95,2184,2184,0,0,35,62.4,34,0.9428571428571428,118800,1938,7.23535904660821,351.2441007569432,5890,13.182508071884513,333.21962942555547,2.834123445674777,0.4462280459702015,0.368131248280406,4195602944,0,1944,19992.0,399.0,4437,782.0,186.0,143.0,174.0,198.0,701.0
srt_h128_tuned,srt,128,50,76.66666666666667,1.0375122395362995,444,23556,444,115,1729,0.7556818181818182,0.9376355748373102,0.95,2288,2288,0,0,36,63.55555555555556,52,0.9444444444444444,121088,1974,7.317939713597298,358.5620404705405,6000,13.54959910735488,346.76922853291035,2.3105679880827665,0.5000247806310654,0.7718363832682371,4195627520,0,1980,20369.0,425.0,4502,755.0,187.0,162.0,192.0,204.0,788.0
uniform_h128_tuned,uniform,128,1,90.67796610169492,0.3585825119863621,475,0,475,1425,0,0.0,0.0,0.95,1900,1900,0,0,62,30.64516129032258,1,0.27419354838709675,1900,62,5.940409509465098,5.940409509465098,118,0.42499594017863274,0.42499594017863274,2.0566370896995068,0.038958391174674034,0.08528962731361389,4194422272,0,63,,,475,,,,,,
uniform_h128_tuned,uniform,128,2,84.2741935483871,0.763880087204229,514,475,514,1181,873,0.3399532710280374,0.42502434274586176,0.95,2568,2568,0,0,42,61.142857142857146,2,0.8333333333333334,4468,104,6.957203546538949,12.897613056004047,248,0.7525657396763563,1.177561679854989,2.5517922937870026,0.0409342423081398,0.1044613141566515,4194446848,0,105,,,580,,,,,,
uniform_h128_tuned,uniform,128,3,84.77157360406092,0.639911848101731,586,989,586,887,1383,0.4842436974789916,0.6092511013215859,0.95,2856,2856,0,0,46,62.08695652173913,10,0.9565217391304348,7324,150,7.8839488830417395,20.781561939045787,394,0.9458380620926619,2.123399741947651,3.0462832003831863,0.04722820594906807,0.07056552916765213,4194471424,0,151,,,723,,,,,,
uniform_h128_tuned,uniform,128,4,85.26315789473684,0.5412385859003945,704,1575,704,248,2376,0.7139423076923077,0.9054878048780488,0.95,3328,3328,0,0,52,64.0,64,1.0,10652,202,8.89567944407463,29.677241383120418,570,1.3277690019458532,3.451168743893504,3.217917876318097,0.05336923711001873,0.18368925340473652,4194496000,0,203,,,864,,,,,,
uniform_h128_tuned,uniform,128,5,85.81661891117479,0.5376234846290492,516,2279,516,129,1931,0.749611801242236,0.9373786407766991,0.95,2576,2576,0,0,42,61.333333333333336,4,0.9523809523809523,13228,244,6.979050822556019,36.656292205676436,698,1.5888391956686974,5.0400079395622015,2.5725814905017614,0.04367123544216156,0.08438724465668201,4194520576,0,245,,,878,,,,,,
uniform_h128_tuned,uniform,128,6,86.3080684596577,0.5166196223834275,482,2795,482,122,1836,0.7524590163934426,0.9376915219611849,0.95,2440,2440,0,0,39,62.56410256410256,34,0.9487179487179487,15668,283,6.786612786352634,43.44290499202907,818,1.8687168024480343,6.908724742010236,2.577902525663376,0.04094647616147995,0.16219418495893478,4194545152,0,284,,,947,,,,,,
uniform_h128_tuned,uniform,128,7,84.994640943194,0.5058197289800271,461,3277,461,118,1777,0.7542444821731749,0.937730870712401,0.95,2356,2356,0,0,38,62.0,13,0.9473684210526315,18024,321,6.380838230252266,49.82374322228134,933,2.097348039969802,9.006072781980038,2.3073584344238043,0.038751270622015,0.17528847604990005,4194569728,0,322,,,992,,,,,,
uniform_h128_tuned,uniform,128,8,87.89868667917449,0.46501258286545666,535,3738,535,133,1984,0.7481146304675717,0.9371752479924421,0.95,2652,2652,0,0,43,61.674418604651166,5,0.9534883720930233,20676,364,7.199018025770783,57.02276124805212,1066,2.3693467248231173,11.375419506803155,2.557424234226346,0.04368032515048981,0.23530283197760582,4194594304,0,365,,,1131,,,,,,
uniform_h128_tuned,uniform,128,9,87.41666666666667,0.5121799856156183,529,4273,529,131,1968,0.7488584474885844,0.9375893282515484,0.95,2628,2628,0,0,42,62.57142857142857,17,0.9523809523809523,23304,406,7.042094726115465,64.06485597416759,1200,2.608077522367239,13.983497029170394,2.448392014950514,0.04461253434419632,0.20440785214304924,4194618880,0,407,,,1232,,,,,,
uniform_h128_tuned,uniform,128,10,85.42600896860986,0.6546805817045153,547,4802,547,135,2018,0.7474074074074074,0.9372967951695309,0.95,2700,2700,0,0,43,62.7906976744186,35,0.9534883720930233,26004,449,7.597582018002868,71.66243799217045,1338,2.9252452608197927,16.908742289990187,2.9926514122635126,0.045352496206760406,0.11916023306548595,4194643456,0,450,,,1353,,,,,,
uniform_h128_tuned,uniform,128,11,85.18776077885953,0.6228930371416771,395,5349,395,106,1591,0.7605162523900574,0.9375368296994696,0.95,2092,2092,0,0,34,61.529411764705884,11,0.9411764705882353,28096,483,5.919857582077384,77.58229557424784,1438,3.100424701347947,20.009166991338134,2.232466172426939,0.033953649923205376,0.21914873272180557,4194668032,0,484,,,1387,,,,,,
uniform_h128_tuned,uniform,128,12,86.03603603603604,0.5737471405211004,461,5744,461,118,1777,0.7542444821731749,0.937730870712401,0.95,2356,2356,0,0,38,62.0,13,0.9473684210526315,30452,521,6.528181659057736,84.11047723330557,1554,3.405713479965925,23.41488047130406,2.313521409407258,0.04255433566868305,0.30973548255860806,4194692608,0,522,,,1452,,,,,,
uniform_h128_tuned,uniform,128,13,86.13920285544319,0.5649239432409786,511,6205,511,128,1917,0.75,0.9374083129584352,0.95,2556,2556,0,0,40,63.9,61,0.95,33008,561,7.06604141369462,91.1765186470002,1681,3.6623515263199806,27.07723199762404,2.483370341360569,0.04123883880674839,0.32728915102779865,4194717184,0,562,,,1572,,,,,,
uniform_h128_tuned,uniform,128,14,84.66629895201324,0.6362860287503957,526,6716,526,131,1959,0.7488532110091743,0.9373205741626794,0.95,2616,2616,0,0,42,62.285714285714285,14,0.9523809523809523,35624,603,7.725755903869867,98.90227455087006,1813,4.029505329206586,31.106737326830626,3.0669032391160727,0.04274480789899826,0.29481761157512665,4194741760,0,604,,,1690,,,,,,
uniform_h128_tuned,uniform,128,15,84.34421980300674,0.5976433535689711,465,7242,465,119,1788,0.7537942664418212,0.9375983219716832,0.95,2372,2372,0,0,38,62.421052631578945,17,0.9473684210526315,37996,641,6.278996575623751,105.18127112649381,1929,4.086915763095021,35.19365308992565,2.194456225261092,0.03979497589170933,0.15168076194822788,4194766336,0,642,,,1786,,,,,,
uniform_h128_tuned,uniform,128,16,83.46265761396702,0.6370196524991624,529,7707,529,131,1968,0.7488584474885844,0.9375893282515484,0.95,2628,2628,0,0,42,62.57142857142857,17,0.9523809523809523,40624,683,7.3896084781736135,112.57087960466743,2062,4.39397045597434,39.58762354589999,2.609415728598833,0.04366847686469555,0.4160350579768419,4194790912,0,684,,,1915,,,,,,
uniform_h128_tuned,uniform,128,17,83.59232175502743,0.6428900853208512,498,8236,498,126,1880,0.7507987220447284,0.9371884346959123,0.95,2504,2504,0,0,40,62.6,22,0.95,43128,723,6.940069815143943,119.51094941981137,2188,4.688165912404656,44.275789458304644,2.4572895914316177,0.04225672222673893,0.3129888754338026,4194815488,0,724,,,2010,,,,,,
uniform_h128_tuned,uniform,128,18,83.95815170008719,0.6550300596466792,423,8734,423,111,1670,0.7577132486388385,0.9376754632229085,0.95,2204,2204,0,0,35,62.97142857142857,39,0.9428571428571428,45332,758,6.360118977725506,125.87106839753687,2294,4.808690648525953,49.0844801068306,2.2843249440193176,0.03760904259979725,0.3902963735163212,4194840064,0,759,,,2098,,,,,,
uniform_h128_tuned,uniform,128,19,84.4361215147732,0.6399214961539939,433,9157,433,113,1698,0.7566844919786097,0.9376035339591386,0.95,2244,2244,0,0,36,62.333333333333336,19,0.9444444444444444,47576,794,6.287699734792113,132.158768132329,2403,5.149254662916064,54.23373476974666,2.3655348382890224,0.037470387294888496,0.17040745355188847,4194864640,0,795,,,2160,,,,,,
uniform_h128_tuned,uniform,128,20,82.10862619808307,0.7183183059799122,406,9590,406,109,1621,0.7588951310861424,0.9369942196531792,0.95,2136,2136,0,0,35,61.02857142857143,2,0.9428571428571428,49712,829,6.063258312642574,138.22202644497156,2504,5.1890157628804445,59.422750532627106,2.096578823402524,0.03453648462891579,0.3541004564613104,4194889216,0,830,,,2225,,,,,,
uniform_h128_tuned,uniform,128,21,83.4214501510574,0.6738400383004084,579,9996,579,141,2108,0.7454031117397454,0.9373054690973767,0.95,2828,2828,0,0,46,61.47826086956522,3,0.9565217391304348,52540,875,8.026592852547765,146.24861929751933,2648,5.690035907551646,65.11278644017875,2.9188163727521896,0.049733638763427734,0.36311603151261806,4194913792,0,876,,,2403,,,,,,
uniform_h128_tuned,uniform,128,22,83.09248554913295,0.7123291639568794,480,10575,480,122,1830,0.7524671052631579,0.9375,0.95,2432,2432,0,0,39,62.35897435897436,32,0.9487179487179487,54972,914,6.736001955345273,152.9846212528646,2768,5.78538622893393,70.89817266911268,2.3155543133616447,0.04137394204735756,0.3762806784361601,4194938368,0,915,,,2482,,,,,,
uniform_h128_tuned,uniform,128,23,82.77296360485269,0.7090480779692161,468,11055,468,119,1797,0.7537751677852349,0.9378914405010439,0.95,2384,2384,0,0,38,62.73684210526316,20,0.9473684210526315,57356,952,6.716782368719578,159.70140362158418,2885,6.149189870804548,77.04736253991723,2.3493287190794945,0.03875444829463959,0.39170305244624615,4194962944,0,953,,,2567,,,,,,
uniform_h128_tuned,uniform,128,24,80.44429485021878,0.8112000305191471,344,11523,344,97,1447,0.7664194915254238,0.9371761658031088,0.95,1888,1888,0,0,31,60.903225806451616,8,0.9354838709677419,59244,983,5.295918185263872,164.99732180684805,2971,6.303352270275354,83.35071481019258,1.9088927526026964,0.030942095443606377,0.20322878472507,4194987520,0,984,,,2602,,,,,,
uniform_h128_tuned,uniform,128,25,80.96179183135705,0.7874093007622563,259,11867,259,81,1208,0.7803617571059431,0.9371605896043445,0.95,1548,1548,0,0,26,59.53846153846154,3,0.9230769230769231,60792,1009,5.230213224887848,170.2275350317359,3036,6.390389334410429,89.74110414460301,2.1531217209994793,0.026207689195871353,0.44635938853025436,4195012096,0,1010,,,2607,,,,,,
uniform_h128_tuned,uniform,128,26,80.88002532446977,0.7819010983788446,493,12126,493,125,1866,0.751207729468599,0.9372174786539428,0.95,2484,2484,0,0,40,62.1,7,0.95,63276,1049,6.900575513020158,177.12811054475605,3159,6.582755260169506,96.32385940477252,2.4265757501125336,0.1570370513945818,0.21451301127672195,4195036672,0,1050,,,2712,,,,,,
uniform_h128_tuned,uniform,128,27,80.50122249388752,0.7994674049935264,450,12619,450,117,1745,0.754757785467128,0.9371643394199786,0.95,2312,2312,0,0,38,60.8421052631579,2,0.9473684210526315,65588,1087,6.555478824302554,183.6835893690586,3272,6.859373928979039,103.18323333375156,2.221752841025591,0.03683494217693806,0.46644595824182034,4195061248,0,1088,,,2787,,,,,,
uniform_h128_tuned,uniform,128,28,79.10491997628927,0.872222081669006,404,13069,404,107,1617,0.7598684210526315,0.9379350348027842,0.95,2128,2128,0,0,34,62.588235294117645,20,0.9411764705882353,67716,1121,6.512311715632677,190.1959010846913,3374,7.361720096319914,110.54495343007147,2.5372436977922916,0.03583410754799843,0.45546986907720566,4195085824,0,1122,,,2883,,,,,,
uniform_h128_tuned,uniform,128,29,79.93119266055047,0.8322110063318007,456,13473,456,118,1762,0.7542808219178082,0.9372340425531915,0.95,2336,2336,0,0,38,61.473684210526315,8,0.9473684210526315,70052,1159,6.707468263804913,196.9033693484962,3488,7.550968453288078,118.09592188335955,2.323162581771612,0.040041716769337654,0.4803845901042223,4195110400,0,1160,,,2993,,,,,,
uniform_h128_tuned,uniform,128,30,81.90167477039438,0.7586639989387861,856,13929,856,193,2887,0.7334857723577236,0.9373376623376624,0.95,3936,3936,0,0,63,62.476190476190474,8,0.9682539682539683,73988,1222,11.157706093043089,208.0610754415393,3702,8.189895639196038,126.28581752255559,4.067906189709902,0.06615137681365013,0.5406009461730719,4195134976,0,1223,,,3318,,,,,,
uniform_h128_tuned,uniform,128,31,80.68658280922432,0.8043503534843804,458,14785,458,118,1768,0.7542662116040956,0.9374337221633086,0.95,2344,2344,0,0,38,61.68421052631579,10,0.9473684210526315,76332,1260,6.808652393519878,214.86972783505917,3816,8.507720736786723,134.7935382593423,2.285084204748273,0.039678607136011124,0.614801686257124,4195159552,0,1261,,,3421,,,,,,
uniform_h128_tuned,uniform,128,32,79.84179637662669,0.8539464134880235,408,15243,408,109,1627,0.7588619402985075,0.9372119815668203,0.95,2144,2144,0,0,35,61.25714285714286,8,0.9428571428571428,78476,1295,5.909577667713165,220.77930550277233,3919,8.591882130131125,143.38542038947344,2.0739111956208944,0.0350630022585392,0.2512704413384199,4195184128,0,1296,,,3485,,,,,,
uniform_h128_tuned,uniform,128,33,80.24813895781638,0.8121061542855122,443,15651,443,115,1726,0.7556917688266199,0.937533948940793,0.95,2284,2284,0,0,36,63.44444444444444,49,0.9444444444444444,80760,1331,6.64498102851212,227.42428653128445,4030,8.753580724820495,152.13900111429393,2.3138372525572777,0.03929444029927254,0.5507513098418713,4195209728,0,1332,,,3571,,,,,,
uniform_h128_tuned,uniform,128,34,80.2439024390244,0.8323803574956451,282,16094,282,85,1273,0.776219512195122,0.9374079528718704,0.95,1640,1640,0,0,27,60.74074074074074,14,0.9259259259259259,82400,1358,5.059957571327686,232.48424410261214,4100,9.005508603528142,161.14450971782207,1.7602274008095264,0.02872614935040474,0.5620114486664534,4195234304,0,1359,,,3571,,,,,,
uniform_h128_tuned,uniform,128,35,79.60386701249705,0.8593310149479852,563,16376,563,138,2063,0.7463820549927641,0.9373012267151295,0.95,2764,2764,0,0,44,62.81818181818182,25,0.9545454545454546,85164,1402,8.16084391437471,240.64508801698685,4241,9.231958435848355,170.37646815367043,3.0164134819060564,0.0463232658803463,0.5701341144740582,4195258880,0,1403,,,3729,,,,,,
uniform_h128_tuned,uniform,128,36,80.70534698521047,0.8061537151815305,619,16939,619,149,2220,0.7429718875502008,0.9371042634022795,0.95,2988,2988,0,0,48,62.25,1,0.9583333333333334,88152,1450,8.285082936286926,248.93017095327377,4395,9.543945491313934,179.92041364498436,2.973203966394067,0.05060603469610214,0.32154899649322033,4195283456,0,1451,,,3875,,,,,,
uniform_h128_tuned,uniform,128,37,80.07469244288225,0.8797581005178192,632,17558,632,150,2258,0.7427631578947368,0.9377076411960132,0.95,3040,3040,0,0,48,63.333333333333336,40,0.9583333333333334,91192,1498,8.465440535917878,257.39561148919165,4552,9.964377107098699,189.88479075208306,3.146455343812704,0.052864713594317436,0.2972430530935526,4195308032,0,1499,,,4043,,,,,,
uniform_h128_tuned,uniform,128,38,80.04259850905218,0.8527136674563681,575,18190,575,140,2097,0.7457325746799431,0.9374161823871257,0.95,2812,2812,0,0,44,63.90909090909091,61,0.9545454545454546,94004,1542,8.204743893817067,265.6003553830087,4695,10.164540719240904,200.04933147132397,2.9419493209570646,0.04632188566029072,0.5905877873301506,4195332608,0,1543,,,4189,,,,,,
uniform_h128_tuned,uniform,128,39,80.07901850696611,0.8521156203952506,459,18765,459,118,1771,0.754258943781942,0.9375330862890419,0.95,2348,2348,0,0,38,61.78947368421053,11,0.9473684210526315,96352,1580,6.89437566511333,272.49473104812205,4809,10.24820090830326,210.29753237962723,2.421635529026389,0.03961954265832901,0.58564143627882,4195357184,0,1581,,,4280,,,,,,
uniform_h128_tuned,uniform,128,40,79.68465736810188,0.8587773004162537,554,19224,554,136,2038,0.7470674486803519,0.937442502299908,0.95,2728,2728,0,0,43,63.44186046511628,42,0.9534883720930233,99080,1623,7.932574305683374,280.4273053538054,4947,10.84516942128539,221.14270180091262,2.699037851765752,0.04726836644113064,0.6934539284557104,4195381760,0,1624,,,4389,,,,,,
uniform_h128_tuned,uniform,128,41,80.14339772953595,0.8727702689327433,297,19778,297,87,1316,0.7741176470588236,0.9379900213827512,0.95,1700,1700,0,0,27,62.96296296296296,41,0.9259259259259259,100780,1650,4.955016119405627,285.38232147321105,5021,11.02050407230854,232.16320587322116,1.7850168216973543,0.028441542759537697,0.3353942818939686,4195406336,0,1651,,,4420,,,,,,
uniform_h128_tuned,uniform,128,42,80.57009889470622,0.8414176705127383,548,20075,548,135,2021,0.7474112426035503,0.9373840445269017,0.95,2704,2704,0,0,43,62.883720930232556,36,0.9534883720930233,103484,1693,7.427687145769596,292.81000861898065,5157,11.64299120567739,243.80619707889855,2.580669429153204,0.04808385483920574,0.34539648704230785,4195430912,0,1694,,,4537,,,,,,
uniform_h128_tuned,uniform,128,43,80.04949552636589,0.8617331382235721,382,20623,382,103,1555,0.7622549019607843,0.9378769601930036,0.95,2040,2040,0,0,32,63.75,58,0.9375,105524,1725,6.625835573300719,299.43584419228137,5253,11.692024357616901,255.49822143651545,2.414490533992648,0.038790374994277954,0.8115282021462917,4195455488,0,1726,,,4585,,,,,,
uniform_h128_tuned,uniform,128,44,79.49680811115283,0.9266652088469884,293,21005,293,87,1304,0.7743467933491687,0.9374550682961897,0.95,1684,1684,0,0,27,62.370370370370374,37,0.9259259259259259,107208,1752,5.355660980567336,304.7915051728487,5326,11.920596288517118,267.41881772503257,1.8622378651052713,0.02793342061340809,0.6893856059759855,4195480064,0,1753,,,4615,,,,,,
uniform_h128_tuned,uniform,128,45,78.75161112134046,0.9125635446040323,422,21298,422,111,1667,0.7577272727272727,0.937570303712036,0.95,2200,2200,0,0,35,62.857142857142854,38,0.9428571428571428,109408,1787,6.46335263364017,311.25485780648887,5431,12.123552072793245,279.5423697978258,2.405296314507723,0.03607551567256451,0.3765753284096718,4195504640,0,1788,,,4699,,,,,,
uniform_h128_tuned,uniform,128,46,78.35552356962937,0.9228745898878121,509,21720,509,127,1912,0.750392464678179,0.9377145659637077,0.95,2548,2548,0,0,40,63.7,55,0.95,111956,1827,7.693359712138772,318.94821751862764,5558,12.448977809399366,291.9913476072252,2.7208980675786734,0.04156624153256416,0.7267685066908598,4195529216,0,1828,,,4808,,,,,,
uniform_h128_tuned,uniform,128,47,76.24757538353025,1.0780516601517538,451,22229,451,117,1748,0.7547495682210709,0.9372654155495979,0.95,2316,2316,0,0,38,60.94736842105263,3,0.9473684210526315,114272,1865,6.993283994495869,325.9415015131235,5671,12.479462772607803,304.470810379833,2.3728165067732334,0.03859001025557518,0.7340460773557425,4195553792,0,1866,,,4891,,,,,,
uniform_h128_tuned,uniform,128,48,75.9073625993778,1.0970744256331513,458,22680,458,118,1768,0.7542662116040956,0.9374337221633086,0.95,2344,2344,0,0,38,61.68421052631579,10,0.9473684210526315,116616,1903,7.1880739610642195,333.12957547418773,5786,12.721793187782168,317.19260356761515,2.4139041248708963,0.039258163422346115,0.805232560262084,4195578368,0,1904,,,4983,,,,,,
uniform_h128_tuned,uniform,128,49,76.75721561969439,1.0088297237132176,418,23138,418,110,1656,0.7582417582417582,0.9377123442808607,0.95,2184,2184,0,0,35,62.4,34,0.9428571428571428,118800,1938,6.401569562032819,339.53114503622055,5890,13.022120526060462,330.2147240936756,2.4234182331711054,0.03489124961197376,0.37020086124539375,4195602944,0,1939,,,5070,,,,,,
uniform_h128_tuned,uniform,128,50,77.01666666666667,1.031126956185954,444,23556,444,115,1729,0.7556818181818182,0.9376355748373102,0.95,2288,2288,0,0,36,63.55555555555556,52,0.9444444444444444,121088,1974,6.959458259865642,346.4906032960862,6000,13.219934836030006,343.4346589297056,2.3809733372181654,0.03724057227373123,0.7652428913861513,4195627520,0,1975,,,5135,,,,,,
