condition,stage,task,accuracy,examples,correct,forgetting,backward_transfer
srt_h1024,1,1,89.83050847457628,118,106,,
srt_h1024,2,1,88.98305084745763,118,105,0.8474576271186436,-0.8474576271186436
srt_h1024,2,2,88.46153846153847,130,115,,
srt_h1024,3,1,89.83050847457628,118,106,0.0,0.0
srt_h1024,3,2,90.76923076923077,130,118,-2.3076923076923066,2.3076923076923066
srt_h1024,3,3,91.0958904109589,146,133,,
srt_h1024,4,1,88.13559322033899,118,104,1.6949152542372872,-1.6949152542372872
srt_h1024,4,2,93.07692307692308,130,121,-2.3076923076923066,4.615384615384613
srt_h1024,4,3,92.46575342465754,146,135,-1.3698630136986338,1.3698630136986338
srt_h1024,4,4,93.75,176,165,,
srt_h1024,5,1,87.28813559322033,118,103,2.542372881355945,-2.542372881355945
srt_h1024,5,2,90.76923076923077,130,118,2.3076923076923066,2.3076923076923066
srt_h1024,5,3,90.41095890410959,146,132,2.0547945205479436,-0.6849315068493098
srt_h1024,5,4,92.61363636363636,176,163,1.1363636363636402,-1.1363636363636402
srt_h1024,5,5,91.40625,128,117,,
srt_h1024,6,1,87.28813559322033,118,103,2.542372881355945,-2.542372881355945
srt_h1024,6,2,91.53846153846153,130,119,1.5384615384615472,3.076923076923066
srt_h1024,6,3,89.72602739726027,146,131,2.7397260273972677,-1.3698630136986338
srt_h1024,6,4,93.18181818181819,176,164,0.568181818181813,-0.568181818181813
srt_h1024,6,5,89.84375,128,115,1.5625,-1.5625
srt_h1024,6,6,88.33333333333333,120,106,,
srt_h1024,7,1,86.44067796610169,118,102,3.3898305084745886,-3.3898305084745886
srt_h1024,7,2,90.0,130,117,3.07692307692308,1.538461538461533
srt_h1024,7,3,86.98630136986301,146,127,5.479452054794521,-4.109589041095887
srt_h1024,7,4,88.06818181818181,176,155,5.681818181818187,-5.681818181818187
srt_h1024,7,5,90.625,128,116,0.78125,-0.78125
srt_h1024,7,6,85.83333333333333,120,103,2.5,-2.5
srt_h1024,7,7,92.17391304347827,115,106,,
srt_h1024,8,1,85.59322033898304,118,101,4.237288135593232,-4.237288135593232
srt_h1024,8,2,90.76923076923077,130,118,2.3076923076923066,2.3076923076923066
srt_h1024,8,3,86.98630136986301,146,127,5.479452054794521,-4.109589041095887
srt_h1024,8,4,92.04545454545455,176,162,1.7045454545454533,-1.7045454545454533
srt_h1024,8,5,90.625,128,116,0.78125,-0.78125
srt_h1024,8,6,86.66666666666667,120,104,1.6666666666666572,-1.6666666666666572
srt_h1024,8,7,88.69565217391305,115,102,3.4782608695652186,-3.4782608695652186
srt_h1024,8,8,93.98496240601504,133,125,,
srt_h1024,9,1,83.05084745762711,118,98,6.779661016949163,-6.779661016949163
srt_h1024,9,2,89.23076923076923,130,116,3.846153846153854,0.7692307692307594
srt_h1024,9,3,88.35616438356165,146,129,4.109589041095887,-2.7397260273972535
srt_h1024,9,4,90.9090909090909,176,160,2.8409090909090935,-2.8409090909090935
srt_h1024,9,5,91.40625,128,117,0.0,0.0
srt_h1024,9,6,87.5,120,105,0.8333333333333286,-0.8333333333333286
srt_h1024,9,7,88.69565217391305,115,102,3.4782608695652186,-3.4782608695652186
srt_h1024,9,8,92.4812030075188,133,123,1.5037593984962427,-1.5037593984962427
srt_h1024,9,9,88.05970149253731,134,118,,
srt_h1024,10,1,85.59322033898304,118,101,4.237288135593232,-4.237288135593232
srt_h1024,10,2,89.23076923076923,130,116,3.846153846153854,0.7692307692307594
srt_h1024,10,3,84.24657534246575,146,123,8.219178082191789,-6.849315068493155
srt_h1024,10,4,89.20454545454545,176,157,4.545454545454547,-4.545454545454547
srt_h1024,10,5,89.84375,128,115,1.5625,-1.5625
srt_h1024,10,6,86.66666666666667,120,104,1.6666666666666572,-1.6666666666666572
srt_h1024,10,7,86.08695652173913,115,99,6.08695652173914,-6.08695652173914
srt_h1024,10,8,92.4812030075188,133,123,1.5037593984962427,-1.5037593984962427
srt_h1024,10,9,87.31343283582089,134,117,0.7462686567164241,-0.7462686567164241
srt_h1024,10,10,85.5072463768116,138,118,,
srt_h1024,11,1,83.89830508474576,118,99,5.932203389830519,-5.932203389830519
srt_h1024,11,2,87.6923076923077,130,114,5.384615384615387,-0.7692307692307736
srt_h1024,11,3,86.3013698630137,146,126,6.164383561643831,-4.794520547945197
srt_h1024,11,4,83.52272727272727,176,147,10.227272727272734,-10.227272727272734
srt_h1024,11,5,86.71875,128,111,4.6875,-4.6875
srt_h1024,11,6,82.5,120,99,5.833333333333329,-5.833333333333329
srt_h1024,11,7,86.95652173913044,115,100,5.217391304347828,-5.217391304347828
srt_h1024,11,8,91.72932330827068,133,122,2.255639097744364,-2.255639097744364
srt_h1024,11,9,87.31343283582089,134,117,0.7462686567164241,-0.7462686567164241
srt_h1024,11,10,86.95652173913044,138,120,-1.4492753623188435,1.4492753623188435
srt_h1024,11,11,94.0,100,94,,
srt_h1024,12,1,83.05084745762711,118,98,6.779661016949163,-6.779661016949163
srt_h1024,12,2,89.23076923076923,130,116,3.846153846153854,0.7692307692307594
srt_h1024,12,3,84.24657534246575,146,123,8.219178082191789,-6.849315068493155
srt_h1024,12,4,85.79545454545455,176,151,7.954545454545453,-7.954545454545453
srt_h1024,12,5,84.375,128,108,7.03125,-7.03125
srt_h1024,12,6,85.0,120,102,3.3333333333333286,-3.3333333333333286
srt_h1024,12,7,86.08695652173913,115,99,6.08695652173914,-6.08695652173914
srt_h1024,12,8,91.72932330827068,133,122,2.255639097744364,-2.255639097744364
srt_h1024,12,9,86.56716417910448,134,116,1.492537313432834,-1.492537313432834
srt_h1024,12,10,87.68115942028986,138,121,-0.7246376811594217,2.173913043478265
srt_h1024,12,11,93.0,100,93,1.0,-1.0
srt_h1024,12,12,89.65517241379311,116,104,,
srt_h1024,13,1,82.20338983050847,118,97,7.6271186440678065,-7.6271186440678065
srt_h1024,13,2,89.23076923076923,130,116,3.846153846153854,0.7692307692307594
srt_h1024,13,3,86.3013698630137,146,126,6.164383561643831,-4.794520547945197
srt_h1024,13,4,87.5,176,154,6.25,-6.25
srt_h1024,13,5,89.84375,128,115,1.5625,-1.5625
srt_h1024,13,6,85.0,120,102,3.3333333333333286,-3.3333333333333286
srt_h1024,13,7,84.34782608695652,115,97,7.826086956521749,-7.826086956521749
srt_h1024,13,8,91.72932330827068,133,122,2.255639097744364,-2.255639097744364
srt_h1024,13,9,89.55223880597015,134,120,-1.492537313432834,1.492537313432834
srt_h1024,13,10,84.78260869565217,138,117,2.898550724637687,-0.7246376811594217
srt_h1024,13,11,91.0,100,91,3.0,-3.0
srt_h1024,13,12,87.06896551724138,116,101,2.5862068965517295,-2.5862068965517295
srt_h1024,13,13,91.33858267716535,127,116,,
srt_h1024,14,1,82.20338983050847,118,97,7.6271186440678065,-7.6271186440678065
srt_h1024,14,2,88.46153846153847,130,115,4.615384615384613,0.0
srt_h1024,14,3,85.61643835616438,146,125,6.849315068493155,-5.479452054794521
srt_h1024,14,4,86.36363636363636,176,152,7.38636363636364,-7.38636363636364
srt_h1024,14,5,90.625,128,116,0.78125,-0.78125
srt_h1024,14,6,85.0,120,102,3.3333333333333286,-3.3333333333333286
srt_h1024,14,7,85.21739130434783,115,98,6.956521739130437,-6.956521739130437
srt_h1024,14,8,90.22556390977444,133,120,3.759398496240607,-3.759398496240607
srt_h1024,14,9,85.07462686567165,134,114,4.477611940298502,-2.985074626865668
srt_h1024,14,10,83.33333333333333,138,115,4.34782608695653,-2.173913043478265
srt_h1024,14,11,88.0,100,88,6.0,-6.0
srt_h1024,14,12,84.48275862068965,116,98,5.172413793103459,-5.172413793103459
srt_h1024,14,13,89.76377952755905,127,114,1.5748031496062964,-1.5748031496062964
srt_h1024,14,14,90.9090909090909,132,120,,
srt_h1024,15,1,81.35593220338983,118,96,8.47457627118645,-8.47457627118645
srt_h1024,15,2,88.46153846153847,130,115,4.615384615384613,0.0
srt_h1024,15,3,82.1917808219178,146,120,10.273972602739732,-8.904109589041099
srt_h1024,15,4,86.93181818181819,176,153,6.818181818181813,-6.818181818181813
srt_h1024,15,5,88.28125,128,113,3.125,-3.125
srt_h1024,15,6,79.16666666666667,120,95,9.166666666666657,-9.166666666666657
srt_h1024,15,7,86.95652173913044,115,100,5.217391304347828,-5.217391304347828
srt_h1024,15,8,90.22556390977444,133,120,3.759398496240607,-3.759398496240607
srt_h1024,15,9,84.32835820895522,134,113,5.223880597014926,-3.731343283582092
srt_h1024,15,10,82.6086956521739,138,114,5.072463768115952,-2.898550724637687
srt_h1024,15,11,89.0,100,89,5.0,-5.0
srt_h1024,15,12,85.34482758620689,116,99,4.310344827586221,-4.310344827586221
srt_h1024,15,13,92.1259842519685,127,117,-0.7874015748031553,0.7874015748031553
srt_h1024,15,14,87.87878787878788,132,116,3.030303030303031,-3.030303030303031
srt_h1024,15,15,87.93103448275862,116,102,,
srt_h1024,16,1,78.8135593220339,118,93,11.01694915254238,-11.01694915254238
srt_h1024,16,2,86.92307692307692,130,113,6.15384615384616,-1.5384615384615472
srt_h1024,16,3,82.1917808219178,146,120,10.273972602739732,-8.904109589041099
srt_h1024,16,4,82.38636363636364,176,145,11.36363636363636,-11.36363636363636
srt_h1024,16,5,83.59375,128,107,7.8125,-7.8125
srt_h1024,16,6,83.33333333333333,120,100,5.0,-5.0
srt_h1024,16,7,84.34782608695652,115,97,7.826086956521749,-7.826086956521749
srt_h1024,16,8,89.47368421052632,133,119,4.511278195488728,-4.511278195488728
srt_h1024,16,9,83.58208955223881,134,112,5.970149253731336,-4.477611940298502
srt_h1024,16,10,82.6086956521739,138,114,5.072463768115952,-2.898550724637687
srt_h1024,16,11,88.0,100,88,6.0,-6.0
srt_h1024,16,12,83.62068965517241,116,97,6.0344827586206975,-6.0344827586206975
srt_h1024,16,13,90.55118110236221,127,115,1.5748031496062964,-0.7874015748031411
srt_h1024,16,14,88.63636363636364,132,117,2.2727272727272663,-2.2727272727272663
srt_h1024,16,15,86.20689655172414,116,100,1.7241379310344769,-1.7241379310344769
srt_h1024,16,16,87.21804511278195,133,116,,
srt_h1024,17,1,82.20338983050847,118,97,7.6271186440678065,-7.6271186440678065
srt_h1024,17,2,86.92307692307692,130,113,6.15384615384616,-1.5384615384615472
srt_h1024,17,3,83.56164383561644,146,122,8.904109589041099,-7.534246575342465
srt_h1024,17,4,84.6590909090909,176,149,9.090909090909093,-9.090909090909093
srt_h1024,17,5,86.71875,128,111,4.6875,-4.6875
srt_h1024,17,6,81.66666666666667,120,98,6.666666666666657,-6.666666666666657
srt_h1024,17,7,86.95652173913044,115,100,5.217391304347828,-5.217391304347828
srt_h1024,17,8,88.7218045112782,133,118,5.26315789473685,-5.26315789473685
srt_h1024,17,9,83.58208955223881,134,112,5.970149253731336,-4.477611940298502
srt_h1024,17,10,83.33333333333333,138,115,4.34782608695653,-2.173913043478265
srt_h1024,17,11,91.0,100,91,3.0,-3.0
srt_h1024,17,12,83.62068965517241,116,97,6.0344827586206975,-6.0344827586206975
srt_h1024,17,13,88.97637795275591,127,113,3.149606299212593,-2.3622047244094375
srt_h1024,17,14,87.87878787878788,132,116,3.030303030303031,-3.030303030303031
srt_h1024,17,15,84.48275862068965,116,98,3.448275862068968,-3.448275862068968
srt_h1024,17,16,80.45112781954887,133,107,6.766917293233078,-6.766917293233078
srt_h1024,17,17,93.65079365079364,126,118,,
srt_h1024,18,1,82.20338983050847,118,97,7.6271186440678065,-7.6271186440678065
srt_h1024,18,2,86.15384615384616,130,112,6.92307692307692,-2.3076923076923066
srt_h1024,18,3,81.5068493150685,146,119,10.958904109589042,-9.589041095890408
srt_h1024,18,4,80.11363636363636,176,141,13.63636363636364,-13.63636363636364
srt_h1024,18,5,88.28125,128,113,3.125,-3.125
srt_h1024,18,6,83.33333333333333,120,100,5.0,-5.0
srt_h1024,18,7,84.34782608695652,115,97,7.826086956521749,-7.826086956521749
srt_h1024,18,8,87.21804511278195,133,116,6.766917293233092,-6.766917293233092
srt_h1024,18,9,81.34328358208955,134,109,8.208955223880594,-6.71641791044776
srt_h1024,18,10,79.71014492753623,138,110,7.971014492753625,-5.79710144927536
srt_h1024,18,11,88.0,100,88,6.0,-6.0
srt_h1024,18,12,83.62068965517241,116,97,6.0344827586206975,-6.0344827586206975
srt_h1024,18,13,88.97637795275591,127,113,3.149606299212593,-2.3622047244094375
srt_h1024,18,14,90.9090909090909,132,120,0.0,0.0
srt_h1024,18,15,85.34482758620689,116,99,2.5862068965517295,-2.5862068965517295
srt_h1024,18,16,78.94736842105263,133,105,8.27067669172932,-8.27067669172932
srt_h1024,18,17,91.26984126984127,126,115,2.3809523809523796,-2.3809523809523796
srt_h1024,18,18,97.16981132075472,106,103,,
srt_h1024,19,1,83.05084745762711,118,98,6.779661016949163,-6.779661016949163
srt_h1024,19,2,86.15384615384616,130,112,6.92307692307692,-2.3076923076923066
srt_h1024,19,3,80.82191780821918,146,118,11.643835616438352,-10.273972602739718
srt_h1024,19,4,84.6590909090909,176,149,9.090909090909093,-9.090909090909093
srt_h1024,19,5,83.59375,128,107,7.8125,-7.8125
srt_h1024,19,6,79.16666666666667,120,95,9.166666666666657,-9.166666666666657
srt_h1024,19,7,84.34782608695652,115,97,7.826086956521749,-7.826086956521749
srt_h1024,19,8,87.96992481203007,133,117,6.015037593984971,-6.015037593984971
srt_h1024,19,9,84.32835820895522,134,113,5.223880597014926,-3.731343283582092
srt_h1024,19,10,80.43478260869566,138,111,7.246376811594203,-5.072463768115938
srt_h1024,19,11,85.0,100,85,9.0,-9.0
srt_h1024,19,12,81.89655172413794,116,95,7.758620689655174,-7.758620689655174
srt_h1024,19,13,88.18897637795276,127,112,3.937007874015748,-3.149606299212593
srt_h1024,19,14,87.12121212121212,132,115,3.787878787878782,-3.787878787878782
srt_h1024,19,15,85.34482758620689,116,99,2.5862068965517295,-2.5862068965517295
srt_h1024,19,16,80.45112781954887,133,107,6.766917293233078,-6.766917293233078
srt_h1024,19,17,88.0952380952381,126,111,5.555555555555543,-5.555555555555543
srt_h1024,19,18,93.39622641509433,106,99,3.7735849056603854,-3.7735849056603854
srt_h1024,19,19,92.66055045871559,109,101,,
srt_h1024,20,1,73.72881355932203,118,87,16.101694915254242,-16.101694915254242
srt_h1024,20,2,86.15384615384616,130,112,6.92307692307692,-2.3076923076923066
srt_h1024,20,3,82.87671232876713,146,121,9.589041095890408,-8.219178082191775
srt_h1024,20,4,87.5,176,154,6.25,-6.25
srt_h1024,20,5,78.125,128,100,13.28125,-13.28125
srt_h1024,20,6,84.16666666666667,120,101,4.166666666666657,-4.166666666666657
srt_h1024,20,7,85.21739130434783,115,98,6.956521739130437,-6.956521739130437
srt_h1024,20,8,87.96992481203007,133,117,6.015037593984971,-6.015037593984971
srt_h1024,20,9,85.07462686567165,134,114,4.477611940298502,-2.985074626865668
srt_h1024,20,10,82.6086956521739,138,114,5.072463768115952,-2.898550724637687
srt_h1024,20,11,85.0,100,85,9.0,-9.0
srt_h1024,20,12,70.6896551724138,116,82,18.965517241379317,-18.965517241379317
srt_h1024,20,13,85.8267716535433,127,109,6.2992125984252,-5.511811023622045
srt_h1024,20,14,89.39393939393939,132,118,1.5151515151515156,-1.5151515151515156
srt_h1024,20,15,83.62068965517241,116,97,4.310344827586206,-4.310344827586206
srt_h1024,20,16,78.94736842105263,133,105,8.27067669172932,-8.27067669172932
srt_h1024,20,17,85.71428571428571,126,108,7.936507936507937,-7.936507936507937
srt_h1024,20,18,90.56603773584905,106,96,6.603773584905667,-6.603773584905667
srt_h1024,20,19,88.9908256880734,109,97,3.6697247706421905,-3.6697247706421905
srt_h1024,20,20,87.12871287128714,101,88,,
srt_h1024,21,1,74.57627118644068,118,88,15.254237288135599,-15.254237288135599
srt_h1024,21,2,87.6923076923077,130,114,5.384615384615387,-0.7692307692307736
srt_h1024,21,3,80.13698630136986,146,117,12.328767123287676,-10.958904109589042
srt_h1024,21,4,86.36363636363636,176,152,7.38636363636364,-7.38636363636364
srt_h1024,21,5,78.125,128,100,13.28125,-13.28125
srt_h1024,21,6,83.33333333333333,120,100,5.0,-5.0
srt_h1024,21,7,83.47826086956522,115,96,8.695652173913047,-8.695652173913047
srt_h1024,21,8,87.96992481203007,133,117,6.015037593984971,-6.015037593984971
srt_h1024,21,9,83.58208955223881,134,112,5.970149253731336,-4.477611940298502
srt_h1024,21,10,82.6086956521739,138,114,5.072463768115952,-2.898550724637687
srt_h1024,21,11,87.0,100,87,7.0,-7.0
srt_h1024,21,12,80.17241379310344,116,93,9.482758620689665,-9.482758620689665
srt_h1024,21,13,87.4015748031496,127,111,4.7244094488189035,-3.937007874015748
srt_h1024,21,14,87.87878787878788,132,116,3.030303030303031,-3.030303030303031
srt_h1024,21,15,84.48275862068965,116,98,3.448275862068968,-3.448275862068968
srt_h1024,21,16,80.45112781954887,133,107,6.766917293233078,-6.766917293233078
srt_h1024,21,17,88.0952380952381,126,111,5.555555555555543,-5.555555555555543
srt_h1024,21,18,90.56603773584905,106,96,6.603773584905667,-6.603773584905667
srt_h1024,21,19,88.07339449541284,109,96,4.587155963302749,-4.587155963302749
srt_h1024,21,20,80.1980198019802,101,81,6.93069306930694,-6.93069306930694
srt_h1024,21,21,93.05555555555556,144,134,,
srt_h1024,22,1,77.96610169491525,118,92,11.864406779661024,-11.864406779661024
srt_h1024,22,2,86.15384615384616,130,112,6.92307692307692,-2.3076923076923066
srt_h1024,22,3,81.5068493150685,146,119,10.958904109589042,-9.589041095890408
srt_h1024,22,4,86.36363636363636,176,152,7.38636363636364,-7.38636363636364
srt_h1024,22,5,81.25,128,104,10.15625,-10.15625
srt_h1024,22,6,85.0,120,102,3.3333333333333286,-3.3333333333333286
srt_h1024,22,7,84.34782608695652,115,97,7.826086956521749,-7.826086956521749
srt_h1024,22,8,79.69924812030075,133,106,14.285714285714292,-14.285714285714292
srt_h1024,22,9,84.32835820895522,134,113,5.223880597014926,-3.731343283582092
srt_h1024,22,10,81.15942028985508,138,112,6.521739130434781,-4.347826086956516
srt_h1024,22,11,85.0,100,85,9.0,-9.0
srt_h1024,22,12,76.72413793103448,116,89,12.931034482758633,-12.931034482758633
srt_h1024,22,13,84.25196850393701,127,107,7.874015748031496,-7.086614173228341
srt_h1024,22,14,84.0909090909091,132,111,6.818181818181813,-6.818181818181813
srt_h1024,22,15,77.58620689655173,116,90,10.34482758620689,-10.34482758620689
srt_h1024,22,16,78.19548872180451,133,104,9.022556390977442,-9.022556390977442
srt_h1024,22,17,86.5079365079365,126,109,7.142857142857139,-7.142857142857139
srt_h1024,22,18,92.45283018867924,106,98,4.716981132075475,-4.716981132075475
srt_h1024,22,19,88.07339449541284,109,96,4.587155963302749,-4.587155963302749
srt_h1024,22,20,75.24752475247524,101,76,11.881188118811892,-11.881188118811892
srt_h1024,22,21,90.27777777777777,144,130,2.7777777777777857,-2.7777777777777857
srt_h1024,22,22,90.83333333333333,120,109,,
srt_h1024,23,1,77.96610169491525,118,92,11.864406779661024,-11.864406779661024
srt_h1024,23,2,86.92307692307692,130,113,6.15384615384616,-1.5384615384615472
srt_h1024,23,3,80.82191780821918,146,118,11.643835616438352,-10.273972602739718
srt_h1024,23,4,85.22727272727273,176,150,8.522727272727266,-8.522727272727266
srt_h1024,23,5,85.15625,128,109,6.25,-6.25
srt_h1024,23,6,83.33333333333333,120,100,5.0,-5.0
srt_h1024,23,7,86.95652173913044,115,100,5.217391304347828,-5.217391304347828
srt_h1024,23,8,82.70676691729324,133,110,11.278195488721806,-11.278195488721806
srt_h1024,23,9,84.32835820895522,134,113,5.223880597014926,-3.731343283582092
srt_h1024,23,10,79.71014492753623,138,110,7.971014492753625,-5.79710144927536
srt_h1024,23,11,85.0,100,85,9.0,-9.0
srt_h1024,23,12,78.44827586206897,116,91,11.206896551724142,-11.206896551724142
srt_h1024,23,13,86.61417322834646,127,110,5.511811023622045,-4.724409448818889
srt_h1024,23,14,83.33333333333333,132,110,7.575757575757578,-7.575757575757578
srt_h1024,23,15,79.3103448275862,116,92,8.620689655172413,-8.620689655172413
srt_h1024,23,16,75.93984962406014,133,101,11.278195488721806,-11.278195488721806
srt_h1024,23,17,84.12698412698413,126,106,9.523809523809518,-9.523809523809518
srt_h1024,23,18,90.56603773584905,106,96,6.603773584905667,-6.603773584905667
srt_h1024,23,19,88.07339449541284,109,96,4.587155963302749,-4.587155963302749
srt_h1024,23,20,79.20792079207921,101,80,7.920792079207928,-7.920792079207928
srt_h1024,23,21,90.27777777777777,144,130,2.7777777777777857,-2.7777777777777857
srt_h1024,23,22,88.33333333333333,120,106,2.5,-2.5
srt_h1024,23,23,88.88888888888889,117,104,,
srt_h1024,24,1,58.47457627118644,118,69,31.355932203389834,-31.355932203389834
srt_h1024,24,2,87.6923076923077,130,114,5.384615384615387,-0.7692307692307736
srt_h1024,24,3,80.13698630136986,146,117,12.328767123287676,-10.958904109589042
srt_h1024,24,4,83.52272727272727,176,147,10.227272727272734,-10.227272727272734
srt_h1024,24,5,82.03125,128,105,9.375,-9.375
srt_h1024,24,6,85.0,120,102,3.3333333333333286,-3.3333333333333286
srt_h1024,24,7,83.47826086956522,115,96,8.695652173913047,-8.695652173913047
srt_h1024,24,8,84.21052631578948,133,112,9.774436090225564,-9.774436090225564
srt_h1024,24,9,84.32835820895522,134,113,5.223880597014926,-3.731343283582092
srt_h1024,24,10,80.43478260869566,138,111,7.246376811594203,-5.072463768115938
srt_h1024,24,11,82.0,100,82,12.0,-12.0
srt_h1024,24,12,75.0,116,87,14.65517241379311,-14.65517241379311
srt_h1024,24,13,85.03937007874016,127,108,7.086614173228341,-6.299212598425186
srt_h1024,24,14,84.84848484848484,132,112,6.060606060606062,-6.060606060606062
srt_h1024,24,15,81.89655172413794,116,95,6.034482758620683,-6.034482758620683
srt_h1024,24,16,78.19548872180451,133,104,9.022556390977442,-9.022556390977442
srt_h1024,24,17,86.5079365079365,126,109,7.142857142857139,-7.142857142857139
srt_h1024,24,18,87.73584905660377,106,93,9.43396226415095,-9.43396226415095
srt_h1024,24,19,87.1559633027523,109,95,5.504587155963293,-5.504587155963293
srt_h1024,24,20,77.22772277227723,101,78,9.900990099009903,-9.900990099009903
srt_h1024,24,21,89.58333333333333,144,129,3.4722222222222285,-3.4722222222222285
srt_h1024,24,22,87.5,120,105,3.3333333333333286,-3.3333333333333286
srt_h1024,24,23,82.90598290598291,117,97,5.982905982905976,-5.982905982905976
srt_h1024,24,24,88.37209302325581,86,76,,
srt_h1024,25,1,70.33898305084746,118,83,19.491525423728817,-19.491525423728817
srt_h1024,25,2,76.15384615384616,130,99,16.92307692307692,-12.307692307692307
srt_h1024,25,3,83.56164383561644,146,122,8.904109589041099,-7.534246575342465
srt_h1024,25,4,84.6590909090909,176,149,9.090909090909093,-9.090909090909093
srt_h1024,25,5,82.8125,128,106,8.59375,-8.59375
srt_h1024,25,6,85.83333333333333,120,103,2.5,-2.5
srt_h1024,25,7,85.21739130434783,115,98,6.956521739130437,-6.956521739130437
srt_h1024,25,8,83.45864661654136,133,111,10.526315789473685,-10.526315789473685
srt_h1024,25,9,82.83582089552239,134,111,6.71641791044776,-5.223880597014926
srt_h1024,25,10,81.8840579710145,138,113,5.79710144927536,-3.6231884057970944
srt_h1024,25,11,80.0,100,80,14.0,-14.0
srt_h1024,25,12,76.72413793103448,116,89,12.931034482758633,-12.931034482758633
srt_h1024,25,13,84.25196850393701,127,107,7.874015748031496,-7.086614173228341
srt_h1024,25,14,83.33333333333333,132,110,7.575757575757578,-7.575757575757578
srt_h1024,25,15,81.03448275862068,116,94,6.896551724137936,-6.896551724137936
srt_h1024,25,16,77.44360902255639,133,103,9.774436090225564,-9.774436090225564
srt_h1024,25,17,87.3015873015873,126,110,6.349206349206341,-6.349206349206341
srt_h1024,25,18,91.50943396226415,106,97,5.660377358490564,-5.660377358490564
srt_h1024,25,19,88.07339449541284,109,96,4.587155963302749,-4.587155963302749
srt_h1024,25,20,75.24752475247524,101,76,11.881188118811892,-11.881188118811892
srt_h1024,25,21,92.36111111111111,144,133,0.6944444444444429,-0.6944444444444429
srt_h1024,25,22,87.5,120,105,3.3333333333333286,-3.3333333333333286
srt_h1024,25,23,83.76068376068376,117,98,5.128205128205124,-5.128205128205124
srt_h1024,25,24,72.09302325581395,86,62,16.279069767441868,-16.279069767441868
srt_h1024,25,25,87.6923076923077,65,57,,
srt_h1024,26,1,75.42372881355932,118,89,14.406779661016955,-14.406779661016955
srt_h1024,26,2,81.53846153846153,130,106,11.538461538461547,-6.923076923076934
srt_h1024,26,3,78.08219178082192,146,114,14.38356164383562,-13.013698630136986
srt_h1024,26,4,85.79545454545455,176,151,7.954545454545453,-7.954545454545453
srt_h1024,26,5,82.03125,128,105,9.375,-9.375
srt_h1024,26,6,83.33333333333333,120,100,5.0,-5.0
srt_h1024,26,7,81.73913043478261,115,94,10.434782608695656,-10.434782608695656
srt_h1024,26,8,87.21804511278195,133,116,6.766917293233092,-6.766917293233092
srt_h1024,26,9,85.07462686567165,134,114,4.477611940298502,-2.985074626865668
srt_h1024,26,10,80.43478260869566,138,111,7.246376811594203,-5.072463768115938
srt_h1024,26,11,81.0,100,81,13.0,-13.0
srt_h1024,26,12,76.72413793103448,116,89,12.931034482758633,-12.931034482758633
srt_h1024,26,13,85.03937007874016,127,108,7.086614173228341,-6.299212598425186
srt_h1024,26,14,83.33333333333333,132,110,7.575757575757578,-7.575757575757578
srt_h1024,26,15,82.75862068965517,116,96,5.172413793103445,-5.172413793103445
srt_h1024,26,16,80.45112781954887,133,107,6.766917293233078,-6.766917293233078
srt_h1024,26,17,84.92063492063492,126,107,8.73015873015872,-8.73015873015872
srt_h1024,26,18,90.56603773584905,106,96,6.603773584905667,-6.603773584905667
srt_h1024,26,19,75.22935779816514,109,82,17.43119266055045,-17.43119266055045
srt_h1024,26,20,80.1980198019802,101,81,6.93069306930694,-6.93069306930694
srt_h1024,26,21,90.27777777777777,144,130,2.7777777777777857,-2.7777777777777857
srt_h1024,26,22,81.66666666666667,120,98,9.166666666666657,-9.166666666666657
srt_h1024,26,23,80.34188034188034,117,94,8.547008547008545,-8.547008547008545
srt_h1024,26,24,72.09302325581395,86,62,16.279069767441868,-16.279069767441868
srt_h1024,26,25,78.46153846153847,65,51,9.230769230769226,-9.230769230769226
srt_h1024,26,26,93.4959349593496,123,115,,
srt_h1024,27,1,62.71186440677966,118,74,27.118644067796616,-27.118644067796616
srt_h1024,27,2,77.6923076923077,130,101,15.384615384615387,-10.769230769230774
srt_h1024,27,3,82.1917808219178,146,120,10.273972602739732,-8.904109589041099
srt_h1024,27,4,83.52272727272727,176,147,10.227272727272734,-10.227272727272734
srt_h1024,27,5,82.03125,128,105,9.375,-9.375
srt_h1024,27,6,83.33333333333333,120,100,5.0,-5.0
srt_h1024,27,7,83.47826086956522,115,96,8.695652173913047,-8.695652173913047
srt_h1024,27,8,84.21052631578948,133,112,9.774436090225564,-9.774436090225564
srt_h1024,27,9,84.32835820895522,134,113,5.223880597014926,-3.731343283582092
srt_h1024,27,10,81.8840579710145,138,113,5.79710144927536,-3.6231884057970944
srt_h1024,27,11,83.0,100,83,11.0,-11.0
srt_h1024,27,12,75.86206896551724,116,88,13.793103448275872,-13.793103448275872
srt_h1024,27,13,86.61417322834646,127,110,5.511811023622045,-4.724409448818889
srt_h1024,27,14,84.0909090909091,132,111,6.818181818181813,-6.818181818181813
srt_h1024,27,15,82.75862068965517,116,96,5.172413793103445,-5.172413793103445
srt_h1024,27,16,77.44360902255639,133,103,9.774436090225564,-9.774436090225564
srt_h1024,27,17,86.5079365079365,126,109,7.142857142857139,-7.142857142857139
srt_h1024,27,18,92.45283018867924,106,98,4.716981132075475,-4.716981132075475
srt_h1024,27,19,82.56880733944953,109,90,10.091743119266056,-10.091743119266056
srt_h1024,27,20,76.23762376237623,101,77,10.891089108910904,-10.891089108910904
srt_h1024,27,21,88.88888888888889,144,128,4.166666666666671,-4.166666666666671
srt_h1024,27,22,78.33333333333333,120,94,12.5,-12.5
srt_h1024,27,23,82.05128205128206,117,96,6.8376068376068275,-6.8376068376068275
srt_h1024,27,24,76.74418604651163,86,66,11.627906976744185,-11.627906976744185
srt_h1024,27,25,81.53846153846153,65,53,6.15384615384616,-6.15384615384616
srt_h1024,27,26,87.8048780487805,123,108,5.6910569105691025,-5.6910569105691025
srt_h1024,27,27,93.80530973451327,113,106,,
srt_h1024,28,1,61.86440677966102,118,73,27.96610169491526,-27.96610169491526
srt_h1024,28,2,80.76923076923077,130,105,12.307692307692307,-7.692307692307693
srt_h1024,28,3,82.1917808219178,146,120,10.273972602739732,-8.904109589041099
srt_h1024,28,4,81.25,176,143,12.5,-12.5
srt_h1024,28,5,82.8125,128,106,8.59375,-8.59375
srt_h1024,28,6,82.5,120,99,5.833333333333329,-5.833333333333329
srt_h1024,28,7,85.21739130434783,115,98,6.956521739130437,-6.956521739130437
srt_h1024,28,8,85.71428571428571,133,114,8.270676691729335,-8.270676691729335
srt_h1024,28,9,85.07462686567165,134,114,4.477611940298502,-2.985074626865668
srt_h1024,28,10,83.33333333333333,138,115,4.34782608695653,-2.173913043478265
srt_h1024,28,11,76.0,100,76,18.0,-18.0
srt_h1024,28,12,75.0,116,87,14.65517241379311,-14.65517241379311
srt_h1024,28,13,86.61417322834646,127,110,5.511811023622045,-4.724409448818889
srt_h1024,28,14,83.33333333333333,132,110,7.575757575757578,-7.575757575757578
srt_h1024,28,15,81.89655172413794,116,95,6.034482758620683,-6.034482758620683
srt_h1024,28,16,78.94736842105263,133,105,8.27067669172932,-8.27067669172932
srt_h1024,28,17,84.12698412698413,126,106,9.523809523809518,-9.523809523809518
srt_h1024,28,18,91.50943396226415,106,97,5.660377358490564,-5.660377358490564
srt_h1024,28,19,85.3211009174312,109,93,7.339449541284395,-7.339449541284395
srt_h1024,28,20,76.23762376237623,101,77,10.891089108910904,-10.891089108910904
srt_h1024,28,21,90.27777777777777,144,130,2.7777777777777857,-2.7777777777777857
srt_h1024,28,22,82.5,120,99,8.333333333333329,-8.333333333333329
srt_h1024,28,23,78.63247863247864,117,92,10.256410256410248,-10.256410256410248
srt_h1024,28,24,76.74418604651163,86,66,11.627906976744185,-11.627906976744185
srt_h1024,28,25,80.0,65,52,7.692307692307693,-7.692307692307693
srt_h1024,28,26,82.92682926829268,123,102,10.569105691056919,-10.569105691056919
srt_h1024,28,27,76.99115044247787,113,87,16.8141592920354,-16.8141592920354
srt_h1024,28,28,93.13725490196079,102,95,,
srt_h1024,29,1,69.49152542372882,118,82,20.33898305084746,-20.33898305084746
srt_h1024,29,2,82.3076923076923,130,107,10.769230769230774,-6.15384615384616
srt_h1024,29,3,80.82191780821918,146,118,11.643835616438352,-10.273972602739718
srt_h1024,29,4,85.79545454545455,176,151,7.954545454545453,-7.954545454545453
srt_h1024,29,5,75.0,128,96,16.40625,-16.40625
srt_h1024,29,6,71.66666666666667,120,86,16.666666666666657,-16.666666666666657
srt_h1024,29,7,84.34782608695652,115,97,7.826086956521749,-7.826086956521749
srt_h1024,29,8,86.46616541353383,133,115,7.518796992481214,-7.518796992481214
srt_h1024,29,9,85.07462686567165,134,114,4.477611940298502,-2.985074626865668
srt_h1024,29,10,81.8840579710145,138,113,5.79710144927536,-3.6231884057970944
srt_h1024,29,11,79.0,100,79,15.0,-15.0
srt_h1024,29,12,73.27586206896552,116,85,16.379310344827587,-16.379310344827587
srt_h1024,29,13,83.46456692913385,127,106,8.661417322834652,-7.874015748031496
srt_h1024,29,14,82.57575757575758,132,109,8.333333333333329,-8.333333333333329
srt_h1024,29,15,80.17241379310344,116,93,7.758620689655174,-7.758620689655174
srt_h1024,29,16,77.44360902255639,133,103,9.774436090225564,-9.774436090225564
srt_h1024,29,17,84.92063492063492,126,107,8.73015873015872,-8.73015873015872
srt_h1024,29,18,92.45283018867924,106,98,4.716981132075475,-4.716981132075475
srt_h1024,29,19,69.72477064220183,109,76,22.935779816513758,-22.935779816513758
srt_h1024,29,20,75.24752475247524,101,76,11.881188118811892,-11.881188118811892
srt_h1024,29,21,88.88888888888889,144,128,4.166666666666671,-4.166666666666671
srt_h1024,29,22,83.33333333333333,120,100,7.5,-7.5
srt_h1024,29,23,80.34188034188034,117,94,8.547008547008545,-8.547008547008545
srt_h1024,29,24,72.09302325581395,86,62,16.279069767441868,-16.279069767441868
srt_h1024,29,25,80.0,65,52,7.692307692307693,-7.692307692307693
srt_h1024,29,26,86.17886178861788,123,106,7.317073170731717,-7.317073170731717
srt_h1024,29,27,83.1858407079646,113,94,10.619469026548671,-10.619469026548671
srt_h1024,29,28,90.19607843137256,102,92,2.941176470588232,-2.941176470588232
srt_h1024,29,29,87.71929824561404,114,100,,
srt_h1024,30,1,66.10169491525424,118,78,23.728813559322035,-23.728813559322035
srt_h1024,30,2,80.0,130,104,13.07692307692308,-8.461538461538467
srt_h1024,30,3,80.82191780821918,146,118,11.643835616438352,-10.273972602739718
srt_h1024,30,4,76.70454545454545,176,135,17.045454545454547,-17.045454545454547
srt_h1024,30,5,75.0,128,96,16.40625,-16.40625
srt_h1024,30,6,76.66666666666667,120,92,11.666666666666657,-11.666666666666657
srt_h1024,30,7,84.34782608695652,115,97,7.826086956521749,-7.826086956521749
srt_h1024,30,8,86.46616541353383,133,115,7.518796992481214,-7.518796992481214
srt_h1024,30,9,82.83582089552239,134,111,6.71641791044776,-5.223880597014926
srt_h1024,30,10,81.15942028985508,138,112,6.521739130434781,-4.347826086956516
srt_h1024,30,11,81.0,100,81,13.0,-13.0
srt_h1024,30,12,73.27586206896552,116,85,16.379310344827587,-16.379310344827587
srt_h1024,30,13,84.25196850393701,127,107,7.874015748031496,-7.086614173228341
srt_h1024,30,14,84.84848484848484,132,112,6.060606060606062,-6.060606060606062
srt_h1024,30,15,84.48275862068965,116,98,3.448275862068968,-3.448275862068968
srt_h1024,30,16,76.69172932330827,133,102,10.526315789473685,-10.526315789473685
srt_h1024,30,17,80.95238095238095,126,102,12.698412698412696,-12.698412698412696
srt_h1024,30,18,90.56603773584905,106,96,6.603773584905667,-6.603773584905667
srt_h1024,30,19,77.98165137614679,109,85,14.678899082568805,-14.678899082568805
srt_h1024,30,20,75.24752475247524,101,76,11.881188118811892,-11.881188118811892
srt_h1024,30,21,88.88888888888889,144,128,4.166666666666671,-4.166666666666671
srt_h1024,30,22,80.83333333333333,120,97,10.0,-10.0
srt_h1024,30,23,80.34188034188034,117,94,8.547008547008545,-8.547008547008545
srt_h1024,30,24,76.74418604651163,86,66,11.627906976744185,-11.627906976744185
srt_h1024,30,25,76.92307692307692,65,50,10.769230769230774,-10.769230769230774
srt_h1024,30,26,84.55284552845528,123,104,8.943089430894318,-8.943089430894318
srt_h1024,30,27,81.41592920353982,113,92,12.389380530973455,-12.389380530973455
srt_h1024,30,28,86.27450980392157,102,88,6.862745098039213,-6.862745098039213
srt_h1024,30,29,77.19298245614036,114,88,10.526315789473685,-10.526315789473685
srt_h1024,30,30,88.78504672897196,214,190,,
srt_h1024,31,1,72.03389830508475,118,85,17.79661016949153,-17.79661016949153
srt_h1024,31,2,80.76923076923077,130,105,12.307692307692307,-7.692307692307693
srt_h1024,31,3,80.82191780821918,146,118,11.643835616438352,-10.273972602739718
srt_h1024,31,4,75.0,176,132,18.75,-18.75
srt_h1024,31,5,78.90625,128,101,12.5,-12.5
srt_h1024,31,6,77.5,120,93,10.833333333333329,-10.833333333333329
srt_h1024,31,7,80.8695652173913,115,93,11.304347826086968,-11.304347826086968
srt_h1024,31,8,81.203007518797,133,108,12.781954887218049,-12.781954887218049
srt_h1024,31,9,81.34328358208955,134,109,8.208955223880594,-6.71641791044776
srt_h1024,31,10,80.43478260869566,138,111,7.246376811594203,-5.072463768115938
srt_h1024,31,11,83.0,100,83,11.0,-11.0
srt_h1024,31,12,75.86206896551724,116,88,13.793103448275872,-13.793103448275872
srt_h1024,31,13,85.8267716535433,127,109,6.2992125984252,-5.511811023622045
srt_h1024,31,14,81.81818181818181,132,108,9.090909090909093,-9.090909090909093
srt_h1024,31,15,81.89655172413794,116,95,6.034482758620683,-6.034482758620683
srt_h1024,31,16,75.18796992481202,133,100,12.030075187969928,-12.030075187969928
srt_h1024,31,17,84.12698412698413,126,106,9.523809523809518,-9.523809523809518
srt_h1024,31,18,92.45283018867924,106,98,4.716981132075475,-4.716981132075475
srt_h1024,31,19,77.98165137614679,109,85,14.678899082568805,-14.678899082568805
srt_h1024,31,20,75.24752475247524,101,76,11.881188118811892,-11.881188118811892
srt_h1024,31,21,86.80555555555556,144,125,6.25,-6.25
srt_h1024,31,22,81.66666666666667,120,98,9.166666666666657,-9.166666666666657
srt_h1024,31,23,80.34188034188034,117,94,8.547008547008545,-8.547008547008545
srt_h1024,31,24,73.25581395348837,86,63,15.116279069767444,-15.116279069767444
srt_h1024,31,25,78.46153846153847,65,51,9.230769230769226,-9.230769230769226
srt_h1024,31,26,82.11382113821138,123,101,11.38211382113822,-11.38211382113822
srt_h1024,31,27,84.070796460177,113,95,9.73451327433628,-9.73451327433628
srt_h1024,31,28,89.2156862745098,102,91,3.9215686274509807,-3.9215686274509807
srt_h1024,31,29,76.3157894736842,114,87,11.403508771929836,-11.403508771929836
srt_h1024,31,30,85.51401869158879,214,183,3.271028037383175,-3.271028037383175
srt_h1024,31,31,94.73684210526316,114,108,,
srt_h1024,32,1,69.49152542372882,118,82,20.33898305084746,-20.33898305084746
srt_h1024,32,2,81.53846153846153,130,106,11.538461538461547,-6.923076923076934
srt_h1024,32,3,81.5068493150685,146,119,10.958904109589042,-9.589041095890408
srt_h1024,32,4,81.25,176,143,12.5,-12.5
srt_h1024,32,5,81.25,128,104,10.15625,-10.15625
srt_h1024,32,6,78.33333333333333,120,94,10.0,-10.0
srt_h1024,32,7,72.17391304347827,115,83,20.0,-20.0
srt_h1024,32,8,84.9624060150376,133,113,9.022556390977442,-9.022556390977442
srt_h1024,32,9,80.59701492537313,134,108,8.955223880597018,-7.462686567164184
srt_h1024,32,10,84.05797101449275,138,116,3.6231884057971087,-1.4492753623188435
srt_h1024,32,11,81.0,100,81,13.0,-13.0
srt_h1024,32,12,74.13793103448276,116,86,15.517241379310349,-15.517241379310349
srt_h1024,32,13,78.74015748031496,127,100,13.38582677165354,-12.598425196850386
srt_h1024,32,14,83.33333333333333,132,110,7.575757575757578,-7.575757575757578
srt_h1024,32,15,81.03448275862068,116,94,6.896551724137936,-6.896551724137936
srt_h1024,32,16,77.44360902255639,133,103,9.774436090225564,-9.774436090225564
srt_h1024,32,17,82.53968253968254,126,104,11.1111111111111,-11.1111111111111
srt_h1024,32,18,92.45283018867924,106,98,4.716981132075475,-4.716981132075475
srt_h1024,32,19,77.98165137614679,109,85,14.678899082568805,-14.678899082568805
srt_h1024,32,20,74.25742574257426,101,75,12.87128712871288,-12.87128712871288
srt_h1024,32,21,86.11111111111111,144,124,6.944444444444443,-6.944444444444443
srt_h1024,32,22,80.0,120,96,10.833333333333329,-10.833333333333329
srt_h1024,32,23,81.19658119658119,117,95,7.692307692307693,-7.692307692307693
srt_h1024,32,24,69.76744186046511,86,60,18.604651162790702,-18.604651162790702
srt_h1024,32,25,76.92307692307692,65,50,10.769230769230774,-10.769230769230774
srt_h1024,32,26,84.55284552845528,123,104,8.943089430894318,-8.943089430894318
srt_h1024,32,27,81.41592920353982,113,92,12.389380530973455,-12.389380530973455
srt_h1024,32,28,87.25490196078431,102,89,5.882352941176478,-5.882352941176478
srt_h1024,32,29,78.94736842105263,114,90,8.771929824561411,-8.771929824561411
srt_h1024,32,30,84.57943925233644,214,181,4.205607476635521,-4.205607476635521
srt_h1024,32,31,90.35087719298245,114,103,4.385964912280713,-4.385964912280713
srt_h1024,32,32,91.2621359223301,103,94,,
srt_h1024,33,1,72.03389830508475,118,85,17.79661016949153,-17.79661016949153
srt_h1024,33,2,73.84615384615384,130,96,19.23076923076924,-14.615384615384627
srt_h1024,33,3,81.5068493150685,146,119,10.958904109589042,-9.589041095890408
srt_h1024,33,4,80.68181818181819,176,142,13.068181818181813,-13.068181818181813
srt_h1024,33,5,82.03125,128,105,9.375,-9.375
srt_h1024,33,6,75.0,120,90,13.333333333333329,-13.333333333333329
srt_h1024,33,7,81.73913043478261,115,94,10.434782608695656,-10.434782608695656
srt_h1024,33,8,84.21052631578948,133,112,9.774436090225564,-9.774436090225564
srt_h1024,33,9,81.34328358208955,134,109,8.208955223880594,-6.71641791044776
srt_h1024,33,10,83.33333333333333,138,115,4.34782608695653,-2.173913043478265
srt_h1024,33,11,78.0,100,78,16.0,-16.0
srt_h1024,33,12,76.72413793103448,116,89,12.931034482758633,-12.931034482758633
srt_h1024,33,13,83.46456692913385,127,106,8.661417322834652,-7.874015748031496
srt_h1024,33,14,85.60606060606061,132,113,5.303030303030297,-5.303030303030297
srt_h1024,33,15,81.89655172413794,116,95,6.034482758620683,-6.034482758620683
srt_h1024,33,16,76.69172932330827,133,102,10.526315789473685,-10.526315789473685
srt_h1024,33,17,81.74603174603175,126,103,11.904761904761898,-11.904761904761898
srt_h1024,33,18,91.50943396226415,106,97,5.660377358490564,-5.660377358490564
srt_h1024,33,19,77.98165137614679,109,85,14.678899082568805,-14.678899082568805
srt_h1024,33,20,68.31683168316832,101,69,18.811881188118818,-18.811881188118818
srt_h1024,33,21,86.80555555555556,144,125,6.25,-6.25
srt_h1024,33,22,85.0,120,102,5.833333333333329,-5.833333333333329
srt_h1024,33,23,82.05128205128206,117,96,6.8376068376068275,-6.8376068376068275
srt_h1024,33,24,72.09302325581395,86,62,16.279069767441868,-16.279069767441868
srt_h1024,33,25,81.53846153846153,65,53,6.15384615384616,-6.15384615384616
srt_h1024,33,26,83.73983739837398,123,103,9.756097560975618,-9.756097560975618
srt_h1024,33,27,84.95575221238938,113,96,8.849557522123888,-8.849557522123888
srt_h1024,33,28,88.23529411764706,102,90,4.901960784313729,-4.901960784313729
srt_h1024,33,29,76.3157894736842,114,87,11.403508771929836,-11.403508771929836
srt_h1024,33,30,85.04672897196262,214,182,3.738317757009341,-3.738317757009341
srt_h1024,33,31,92.10526315789474,114,105,2.631578947368425,-2.631578947368425
srt_h1024,33,32,83.49514563106796,103,86,7.766990291262147,-7.766990291262147
srt_h1024,33,33,89.1891891891892,111,99,,
srt_h1024,34,1,76.27118644067797,118,90,13.559322033898312,-13.559322033898312
srt_h1024,34,2,80.0,130,104,13.07692307692308,-8.461538461538467
srt_h1024,34,3,78.76712328767124,146,115,13.698630136986296,-12.328767123287662
srt_h1024,34,4,81.25,176,143,12.5,-12.5
srt_h1024,34,5,83.59375,128,107,7.8125,-7.8125
srt_h1024,34,6,78.33333333333333,120,94,10.0,-10.0
srt_h1024,34,7,80.8695652173913,115,93,11.304347826086968,-11.304347826086968
srt_h1024,34,8,84.9624060150376,133,113,9.022556390977442,-9.022556390977442
srt_h1024,34,9,82.08955223880596,134,110,7.462686567164184,-5.97014925373135
srt_h1024,34,10,82.6086956521739,138,114,5.072463768115952,-2.898550724637687
srt_h1024,34,11,77.0,100,77,17.0,-17.0
srt_h1024,34,12,75.86206896551724,116,88,13.793103448275872,-13.793103448275872
srt_h1024,34,13,81.10236220472441,127,103,11.02362204724409,-10.236220472440934
srt_h1024,34,14,84.84848484848484,132,112,6.060606060606062,-6.060606060606062
srt_h1024,34,15,82.75862068965517,116,96,5.172413793103445,-5.172413793103445
srt_h1024,34,16,78.19548872180451,133,104,9.022556390977442,-9.022556390977442
srt_h1024,34,17,82.53968253968254,126,104,11.1111111111111,-11.1111111111111
srt_h1024,34,18,87.73584905660377,106,93,9.43396226415095,-9.43396226415095
srt_h1024,34,19,78.89908256880734,109,86,13.761467889908246,-13.761467889908246
srt_h1024,34,20,75.24752475247524,101,76,11.881188118811892,-11.881188118811892
srt_h1024,34,21,85.41666666666667,144,123,7.638888888888886,-7.638888888888886
srt_h1024,34,22,85.83333333333333,120,103,5.0,-5.0
srt_h1024,34,23,79.48717948717949,117,93,9.401709401709397,-9.401709401709397
srt_h1024,34,24,75.5813953488372,86,65,12.79069767441861,-12.79069767441861
srt_h1024,34,25,80.0,65,52,7.692307692307693,-7.692307692307693
srt_h1024,34,26,84.55284552845528,123,104,8.943089430894318,-8.943089430894318
srt_h1024,34,27,85.84070796460178,113,97,7.964601769911496,-7.964601769911496
srt_h1024,34,28,89.2156862745098,102,91,3.9215686274509807,-3.9215686274509807
srt_h1024,34,29,78.0701754385965,114,89,9.649122807017548,-9.649122807017548
srt_h1024,34,30,84.57943925233644,214,181,4.205607476635521,-4.205607476635521
srt_h1024,34,31,88.59649122807018,114,101,6.1403508771929864,-6.1403508771929864
srt_h1024,34,32,84.46601941747574,103,87,6.796116504854368,-6.796116504854368
srt_h1024,34,33,80.18018018018019,111,89,9.009009009009006,-9.009009009009006
srt_h1024,34,34,95.71428571428571,70,67,,
srt_h1024,35,1,77.96610169491525,118,92,11.864406779661024,-11.864406779661024
srt_h1024,35,2,77.6923076923077,130,101,15.384615384615387,-10.769230769230774
srt_h1024,35,3,81.5068493150685,146,119,10.958904109589042,-9.589041095890408
srt_h1024,35,4,82.95454545454545,176,146,10.795454545454547,-10.795454545454547
srt_h1024,35,5,81.25,128,104,10.15625,-10.15625
srt_h1024,35,6,78.33333333333333,120,94,10.0,-10.0
srt_h1024,35,7,79.1304347826087,115,91,13.043478260869563,-13.043478260869563
srt_h1024,35,8,78.94736842105263,133,105,15.037593984962413,-15.037593984962413
srt_h1024,35,9,87.31343283582089,134,117,2.238805970149258,-0.7462686567164241
srt_h1024,35,10,80.43478260869566,138,111,7.246376811594203,-5.072463768115938
srt_h1024,35,11,80.0,100,80,14.0,-14.0
srt_h1024,35,12,77.58620689655173,116,90,12.06896551724138,-12.06896551724138
srt_h1024,35,13,87.4015748031496,127,111,4.7244094488189035,-3.937007874015748
srt_h1024,35,14,84.0909090909091,132,111,6.818181818181813,-6.818181818181813
srt_h1024,35,15,82.75862068965517,116,96,5.172413793103445,-5.172413793103445
srt_h1024,35,16,77.44360902255639,133,103,9.774436090225564,-9.774436090225564
srt_h1024,35,17,81.74603174603175,126,103,11.904761904761898,-11.904761904761898
srt_h1024,35,18,89.62264150943396,106,95,7.547169811320757,-7.547169811320757
srt_h1024,35,19,79.81651376146789,109,87,12.844036697247702,-12.844036697247702
srt_h1024,35,20,71.2871287128713,101,72,15.841584158415841,-15.841584158415841
srt_h1024,35,21,86.80555555555556,144,125,6.25,-6.25
srt_h1024,35,22,82.5,120,99,8.333333333333329,-8.333333333333329
srt_h1024,35,23,78.63247863247864,117,92,10.256410256410248,-10.256410256410248
srt_h1024,35,24,69.76744186046511,86,60,18.604651162790702,-18.604651162790702
srt_h1024,35,25,73.84615384615384,65,48,13.846153846153854,-13.846153846153854
srt_h1024,35,26,80.48780487804878,123,99,13.00813008130082,-13.00813008130082
srt_h1024,35,27,85.84070796460178,113,97,7.964601769911496,-7.964601769911496
srt_h1024,35,28,87.25490196078431,102,89,5.882352941176478,-5.882352941176478
srt_h1024,35,29,75.43859649122807,114,86,12.280701754385973,-12.280701754385973
srt_h1024,35,30,84.11214953271028,214,180,4.672897196261687,-4.672897196261687
srt_h1024,35,31,85.08771929824562,114,97,9.649122807017548,-9.649122807017548
srt_h1024,35,32,82.52427184466019,103,85,8.737864077669911,-8.737864077669911
srt_h1024,35,33,82.88288288288288,111,92,6.306306306306311,-6.306306306306311
srt_h1024,35,34,81.42857142857143,70,57,14.285714285714278,-14.285714285714278
srt_h1024,35,35,88.65248226950355,141,125,,
srt_h1024,36,1,70.33898305084746,118,83,19.491525423728817,-19.491525423728817
srt_h1024,36,2,73.84615384615384,130,96,19.23076923076924,-14.615384615384627
srt_h1024,36,3,80.82191780821918,146,118,11.643835616438352,-10.273972602739718
srt_h1024,36,4,83.52272727272727,176,147,10.227272727272734,-10.227272727272734
srt_h1024,36,5,84.375,128,108,7.03125,-7.03125
srt_h1024,36,6,75.83333333333333,120,91,12.5,-12.5
srt_h1024,36,7,76.52173913043478,115,88,15.652173913043484,-15.652173913043484
srt_h1024,36,8,83.45864661654136,133,111,10.526315789473685,-10.526315789473685
srt_h1024,36,9,82.08955223880596,134,110,7.462686567164184,-5.97014925373135
srt_h1024,36,10,79.71014492753623,138,110,7.971014492753625,-5.79710144927536
srt_h1024,36,11,81.0,100,81,13.0,-13.0
srt_h1024,36,12,75.86206896551724,116,88,13.793103448275872,-13.793103448275872
srt_h1024,36,13,82.67716535433071,127,105,9.448818897637793,-8.661417322834637
srt_h1024,36,14,79.54545454545455,132,105,11.36363636363636,-11.36363636363636
srt_h1024,36,15,81.89655172413794,116,95,6.034482758620683,-6.034482758620683
srt_h1024,36,16,74.43609022556392,133,99,12.781954887218035,-12.781954887218035
srt_h1024,36,17,82.53968253968254,126,104,11.1111111111111,-11.1111111111111
srt_h1024,36,18,92.45283018867924,106,98,4.716981132075475,-4.716981132075475
srt_h1024,36,19,76.14678899082568,109,83,16.513761467889907,-16.513761467889907
srt_h1024,36,20,74.25742574257426,101,75,12.87128712871288,-12.87128712871288
srt_h1024,36,21,88.19444444444444,144,127,4.861111111111114,-4.861111111111114
srt_h1024,36,22,83.33333333333333,120,100,7.5,-7.5
srt_h1024,36,23,80.34188034188034,117,94,8.547008547008545,-8.547008547008545
srt_h1024,36,24,70.93023255813954,86,61,17.441860465116278,-17.441860465116278
srt_h1024,36,25,75.38461538461539,65,49,12.307692307692307,-12.307692307692307
srt_h1024,36,26,82.92682926829268,123,102,10.569105691056919,-10.569105691056919
srt_h1024,36,27,82.30088495575221,113,93,11.504424778761063,-11.504424778761063
srt_h1024,36,28,89.2156862745098,102,91,3.9215686274509807,-3.9215686274509807
srt_h1024,36,29,77.19298245614036,114,88,10.526315789473685,-10.526315789473685
srt_h1024,36,30,84.57943925233644,214,181,4.205607476635521,-4.205607476635521
srt_h1024,36,31,86.84210526315789,114,99,7.894736842105274,-7.894736842105274
srt_h1024,36,32,81.55339805825243,103,84,9.708737864077676,-9.708737864077676
srt_h1024,36,33,82.88288288288288,111,92,6.306306306306311,-6.306306306306311
srt_h1024,36,34,84.28571428571429,70,59,11.428571428571416,-11.428571428571416
srt_h1024,36,35,85.1063829787234,141,120,3.5460992907801483,-3.5460992907801483
srt_h1024,36,36,98.7012987012987,154,152,,
srt_h1024,37,1,74.57627118644068,118,88,15.254237288135599,-15.254237288135599
srt_h1024,37,2,76.15384615384616,130,99,16.92307692307692,-12.307692307692307
srt_h1024,37,3,68.4931506849315,146,100,23.972602739726028,-22.602739726027394
srt_h1024,37,4,80.68181818181819,176,142,13.068181818181813,-13.068181818181813
srt_h1024,37,5,82.03125,128,105,9.375,-9.375
srt_h1024,37,6,79.16666666666667,120,95,9.166666666666657,-9.166666666666657
srt_h1024,37,7,73.91304347826087,115,85,18.26086956521739,-18.26086956521739
srt_h1024,37,8,80.45112781954887,133,107,13.53383458646617,-13.53383458646617
srt_h1024,37,9,79.85074626865672,134,107,9.701492537313428,-8.208955223880594
srt_h1024,37,10,81.15942028985508,138,112,6.521739130434781,-4.347826086956516
srt_h1024,37,11,81.0,100,81,13.0,-13.0
srt_h1024,37,12,71.55172413793103,116,83,18.10344827586208,-18.10344827586208
srt_h1024,37,13,80.31496062992126,127,102,11.811023622047244,-11.02362204724409
srt_h1024,37,14,82.57575757575758,132,109,8.333333333333329,-8.333333333333329
srt_h1024,37,15,82.75862068965517,116,96,5.172413793103445,-5.172413793103445
srt_h1024,37,16,76.69172932330827,133,102,10.526315789473685,-10.526315789473685
srt_h1024,37,17,77.77777777777777,126,98,15.873015873015873,-15.873015873015873
srt_h1024,37,18,93.39622641509433,106,99,3.7735849056603854,-3.7735849056603854
srt_h1024,37,19,77.06422018348624,109,84,15.596330275229349,-15.596330275229349
srt_h1024,37,20,75.24752475247524,101,76,11.881188118811892,-11.881188118811892
srt_h1024,37,21,84.72222222222223,144,122,8.333333333333329,-8.333333333333329
srt_h1024,37,22,81.66666666666667,120,98,9.166666666666657,-9.166666666666657
srt_h1024,37,23,79.48717948717949,117,93,9.401709401709397,-9.401709401709397
srt_h1024,37,24,63.95348837209303,86,55,24.418604651162788,-24.418604651162788
srt_h1024,37,25,76.92307692307692,65,50,10.769230769230774,-10.769230769230774
srt_h1024,37,26,82.92682926829268,123,102,10.569105691056919,-10.569105691056919
srt_h1024,37,27,80.53097345132744,113,91,13.274336283185832,-13.274336283185832
srt_h1024,37,28,90.19607843137256,102,92,2.941176470588232,-2.941176470588232
srt_h1024,37,29,75.43859649122807,114,86,12.280701754385973,-12.280701754385973
srt_h1024,37,30,83.17757009345794,214,178,5.607476635514018,-5.607476635514018
srt_h1024,37,31,87.71929824561404,114,100,7.017543859649123,-7.017543859649123
srt_h1024,37,32,79.6116504854369,103,82,11.650485436893206,-11.650485436893206
srt_h1024,37,33,81.98198198198199,111,91,7.207207207207205,-7.207207207207205
srt_h1024,37,34,71.42857142857143,70,50,24.285714285714278,-24.285714285714278
srt_h1024,37,35,85.81560283687944,141,121,2.836879432624116,-2.836879432624116
srt_h1024,37,36,96.75324675324676,154,149,1.9480519480519405,-1.9480519480519405
srt_h1024,37,37,89.80891719745223,157,141,,
srt_h1024,38,1,68.64406779661017,118,81,21.186440677966104,-21.186440677966104
srt_h1024,38,2,77.6923076923077,130,101,15.384615384615387,-10.769230769230774
srt_h1024,38,3,76.02739726027397,146,111,16.438356164383563,-15.06849315068493
srt_h1024,38,4,81.81818181818181,176,144,11.931818181818187,-11.931818181818187
srt_h1024,38,5,77.34375,128,99,14.0625,-14.0625
srt_h1024,38,6,77.5,120,93,10.833333333333329,-10.833333333333329
srt_h1024,38,7,70.43478260869566,115,81,21.73913043478261,-21.73913043478261
srt_h1024,38,8,81.95488721804512,133,109,12.030075187969928,-12.030075187969928
srt_h1024,38,9,82.08955223880596,134,110,7.462686567164184,-5.97014925373135
srt_h1024,38,10,80.43478260869566,138,111,7.246376811594203,-5.072463768115938
srt_h1024,38,11,80.0,100,80,14.0,-14.0
srt_h1024,38,12,75.0,116,87,14.65517241379311,-14.65517241379311
srt_h1024,38,13,77.16535433070867,127,98,14.960629921259837,-14.173228346456682
srt_h1024,38,14,82.57575757575758,132,109,8.333333333333329,-8.333333333333329
srt_h1024,38,15,81.03448275862068,116,94,6.896551724137936,-6.896551724137936
srt_h1024,38,16,78.19548872180451,133,104,9.022556390977442,-9.022556390977442
srt_h1024,38,17,84.92063492063492,126,107,8.73015873015872,-8.73015873015872
srt_h1024,38,18,90.56603773584905,106,96,6.603773584905667,-6.603773584905667
srt_h1024,38,19,78.89908256880734,109,86,13.761467889908246,-13.761467889908246
srt_h1024,38,20,75.24752475247524,101,76,11.881188118811892,-11.881188118811892
srt_h1024,38,21,84.72222222222223,144,122,8.333333333333329,-8.333333333333329
srt_h1024,38,22,82.5,120,99,8.333333333333329,-8.333333333333329
srt_h1024,38,23,77.77777777777777,117,91,11.111111111111114,-11.111111111111114
srt_h1024,38,24,66.27906976744185,86,57,22.09302325581396,-22.09302325581396
srt_h1024,38,25,81.53846153846153,65,53,6.15384615384616,-6.15384615384616
srt_h1024,38,26,80.48780487804878,123,99,13.00813008130082,-13.00813008130082
srt_h1024,38,27,82.30088495575221,113,93,11.504424778761063,-11.504424778761063
srt_h1024,38,28,90.19607843137256,102,92,2.941176470588232,-2.941176470588232
srt_h1024,38,29,74.56140350877193,114,85,13.15789473684211,-13.15789473684211
srt_h1024,38,30,81.30841121495327,214,174,7.476635514018696,-7.476635514018696
srt_h1024,38,31,85.96491228070175,114,98,8.771929824561411,-8.771929824561411
srt_h1024,38,32,78.64077669902913,103,81,12.62135922330097,-12.62135922330097
srt_h1024,38,33,81.98198198198199,111,91,7.207207207207205,-7.207207207207205
srt_h1024,38,34,80.0,70,56,15.714285714285708,-15.714285714285708
srt_h1024,38,35,84.39716312056737,141,119,4.255319148936181,-4.255319148936181
srt_h1024,38,36,92.20779220779221,154,142,6.493506493506487,-6.493506493506487
srt_h1024,38,37,80.89171974522293,157,127,8.917197452229303,-8.917197452229303
srt_h1024,38,38,97.2027972027972,143,139,,
srt_h1024,39,1,72.03389830508475,118,85,17.79661016949153,-17.79661016949153
srt_h1024,39,2,74.61538461538461,130,97,18.461538461538467,-13.846153846153854
srt_h1024,39,3,72.6027397260274,146,106,19.86301369863014,-18.493150684931507
srt_h1024,39,4,80.11363636363636,176,141,13.63636363636364,-13.63636363636364
srt_h1024,39,5,79.6875,128,102,11.71875,-11.71875
srt_h1024,39,6,76.66666666666667,120,92,11.666666666666657,-11.666666666666657
srt_h1024,39,7,74.78260869565217,115,86,17.391304347826093,-17.391304347826093
srt_h1024,39,8,83.45864661654136,133,111,10.526315789473685,-10.526315789473685
srt_h1024,39,9,84.32835820895522,134,113,5.223880597014926,-3.731343283582092
srt_h1024,39,10,77.53623188405797,138,107,10.14492753623189,-7.971014492753625
srt_h1024,39,11,80.0,100,80,14.0,-14.0
srt_h1024,39,12,75.0,116,87,14.65517241379311,-14.65517241379311
srt_h1024,39,13,79.5275590551181,127,101,12.5984251968504,-11.811023622047244
srt_h1024,39,14,85.60606060606061,132,113,5.303030303030297,-5.303030303030297
srt_h1024,39,15,82.75862068965517,116,96,5.172413793103445,-5.172413793103445
srt_h1024,39,16,75.93984962406014,133,101,11.278195488721806,-11.278195488721806
srt_h1024,39,17,81.74603174603175,126,103,11.904761904761898,-11.904761904761898
srt_h1024,39,18,89.62264150943396,106,95,7.547169811320757,-7.547169811320757
srt_h1024,39,19,80.73394495412845,109,88,11.926605504587144,-11.926605504587144
srt_h1024,39,20,75.24752475247524,101,76,11.881188118811892,-11.881188118811892
srt_h1024,39,21,84.72222222222223,144,122,8.333333333333329,-8.333333333333329
srt_h1024,39,22,84.16666666666667,120,101,6.666666666666657,-6.666666666666657
srt_h1024,39,23,77.77777777777777,117,91,11.111111111111114,-11.111111111111114
srt_h1024,39,24,67.44186046511628,86,58,20.930232558139537,-20.930232558139537
srt_h1024,39,25,80.0,65,52,7.692307692307693,-7.692307692307693
srt_h1024,39,26,85.36585365853658,123,105,8.130081300813018,-8.130081300813018
srt_h1024,39,27,81.41592920353982,113,92,12.389380530973455,-12.389380530973455
srt_h1024,39,28,90.19607843137256,102,92,2.941176470588232,-2.941176470588232
srt_h1024,39,29,73.6842105263158,114,84,14.035087719298247,-14.035087719298247
srt_h1024,39,30,83.17757009345794,214,178,5.607476635514018,-5.607476635514018
srt_h1024,39,31,84.21052631578948,114,96,10.526315789473685,-10.526315789473685
srt_h1024,39,32,78.64077669902913,103,81,12.62135922330097,-12.62135922330097
srt_h1024,39,33,80.18018018018019,111,89,9.009009009009006,-9.009009009009006
srt_h1024,39,34,80.0,70,56,15.714285714285708,-15.714285714285708
srt_h1024,39,35,85.1063829787234,141,120,3.5460992907801483,-3.5460992907801483
srt_h1024,39,36,92.85714285714286,154,143,5.844155844155836,-5.844155844155836
srt_h1024,39,37,78.98089171974522,157,124,10.828025477707016,-10.828025477707016
srt_h1024,39,38,93.00699300699301,143,133,4.195804195804186,-4.195804195804186
srt_h1024,39,39,92.98245614035088,114,106,,
srt_h1024,40,1,75.42372881355932,118,89,14.406779661016955,-14.406779661016955
srt_h1024,40,2,76.15384615384616,130,99,16.92307692307692,-12.307692307692307
srt_h1024,40,3,77.3972602739726,146,113,15.06849315068493,-13.698630136986296
srt_h1024,40,4,82.38636363636364,176,145,11.36363636363636,-11.36363636363636
srt_h1024,40,5,80.46875,128,103,10.9375,-10.9375
srt_h1024,40,6,76.66666666666667,120,92,11.666666666666657,-11.666666666666657
srt_h1024,40,7,74.78260869565217,115,86,17.391304347826093,-17.391304347826093
srt_h1024,40,8,84.9624060150376,133,113,9.022556390977442,-9.022556390977442
srt_h1024,40,9,82.83582089552239,134,111,6.71641791044776,-5.223880597014926
srt_h1024,40,10,80.43478260869566,138,111,7.246376811594203,-5.072463768115938
srt_h1024,40,11,76.0,100,76,18.0,-18.0
srt_h1024,40,12,73.27586206896552,116,85,16.379310344827587,-16.379310344827587
srt_h1024,40,13,81.88976377952756,127,104,10.236220472440948,-9.448818897637793
srt_h1024,40,14,84.84848484848484,132,112,6.060606060606062,-6.060606060606062
srt_h1024,40,15,80.17241379310344,116,93,7.758620689655174,-7.758620689655174
srt_h1024,40,16,74.43609022556392,133,99,12.781954887218035,-12.781954887218035
srt_h1024,40,17,81.74603174603175,126,103,11.904761904761898,-11.904761904761898
srt_h1024,40,18,88.67924528301887,106,94,8.490566037735846,-8.490566037735846
srt_h1024,40,19,82.56880733944953,109,90,10.091743119266056,-10.091743119266056
srt_h1024,40,20,71.2871287128713,101,72,15.841584158415841,-15.841584158415841
srt_h1024,40,21,86.11111111111111,144,124,6.944444444444443,-6.944444444444443
srt_h1024,40,22,83.33333333333333,120,100,7.5,-7.5
srt_h1024,40,23,79.48717948717949,117,93,9.401709401709397,-9.401709401709397
srt_h1024,40,24,67.44186046511628,86,58,20.930232558139537,-20.930232558139537
srt_h1024,40,25,76.92307692307692,65,50,10.769230769230774,-10.769230769230774
srt_h1024,40,26,81.30081300813008,123,100,12.19512195121952,-12.19512195121952
srt_h1024,40,27,79.64601769911505,113,90,14.159292035398224,-14.159292035398224
srt_h1024,40,28,81.37254901960785,102,83,11.764705882352942,-11.764705882352942
srt_h1024,40,29,65.78947368421052,114,75,21.92982456140352,-21.92982456140352
srt_h1024,40,30,82.71028037383178,214,177,6.074766355140184,-6.074766355140184
srt_h1024,40,31,85.96491228070175,114,98,8.771929824561411,-8.771929824561411
srt_h1024,40,32,80.58252427184466,103,83,10.679611650485441,-10.679611650485441
srt_h1024,40,33,81.08108108108108,111,90,8.108108108108112,-8.108108108108112
srt_h1024,40,34,78.57142857142857,70,55,17.14285714285714,-17.14285714285714
srt_h1024,40,35,84.39716312056737,141,119,4.255319148936181,-4.255319148936181
srt_h1024,40,36,92.85714285714286,154,143,5.844155844155836,-5.844155844155836
srt_h1024,40,37,80.2547770700637,157,126,9.554140127388536,-9.554140127388536
srt_h1024,40,38,91.60839160839161,143,131,5.594405594405586,-5.594405594405586
srt_h1024,40,39,85.08771929824562,114,97,7.89473684210526,-7.89473684210526
srt_h1024,40,40,92.7536231884058,138,128,,
srt_h1024,41,1,75.42372881355932,118,89,14.406779661016955,-14.406779661016955
srt_h1024,41,2,73.84615384615384,130,96,19.23076923076924,-14.615384615384627
srt_h1024,41,3,74.65753424657534,146,109,17.808219178082197,-16.438356164383563
srt_h1024,41,4,82.38636363636364,176,145,11.36363636363636,-11.36363636363636
srt_h1024,41,5,80.46875,128,103,10.9375,-10.9375
srt_h1024,41,6,78.33333333333333,120,94,10.0,-10.0
srt_h1024,41,7,75.65217391304348,115,87,16.52173913043478,-16.52173913043478
srt_h1024,41,8,82.70676691729324,133,110,11.278195488721806,-11.278195488721806
srt_h1024,41,9,78.35820895522389,134,105,11.194029850746261,-9.701492537313428
srt_h1024,41,10,77.53623188405797,138,107,10.14492753623189,-7.971014492753625
srt_h1024,41,11,80.0,100,80,14.0,-14.0
srt_h1024,41,12,67.24137931034483,116,78,22.413793103448285,-22.413793103448285
srt_h1024,41,13,82.67716535433071,127,105,9.448818897637793,-8.661417322834637
srt_h1024,41,14,83.33333333333333,132,110,7.575757575757578,-7.575757575757578
srt_h1024,41,15,80.17241379310344,116,93,7.758620689655174,-7.758620689655174
srt_h1024,41,16,73.6842105263158,133,98,13.533834586466156,-13.533834586466156
srt_h1024,41,17,83.33333333333333,126,105,10.317460317460316,-10.317460317460316
srt_h1024,41,18,91.50943396226415,106,97,5.660377358490564,-5.660377358490564
srt_h1024,41,19,80.73394495412845,109,88,11.926605504587144,-11.926605504587144
srt_h1024,41,20,70.29702970297029,101,71,16.831683168316843,-16.831683168316843
srt_h1024,41,21,85.41666666666667,144,123,7.638888888888886,-7.638888888888886
srt_h1024,41,22,82.5,120,99,8.333333333333329,-8.333333333333329
srt_h1024,41,23,75.21367521367522,117,88,13.67521367521367,-13.67521367521367
srt_h1024,41,24,66.27906976744185,86,57,22.09302325581396,-22.09302325581396
srt_h1024,41,25,76.92307692307692,65,50,10.769230769230774,-10.769230769230774
srt_h1024,41,26,82.92682926829268,123,102,10.569105691056919,-10.569105691056919
srt_h1024,41,27,80.53097345132744,113,91,13.274336283185832,-13.274336283185832
srt_h1024,41,28,88.23529411764706,102,90,4.901960784313729,-4.901960784313729
srt_h1024,41,29,74.56140350877193,114,85,13.15789473684211,-13.15789473684211
srt_h1024,41,30,84.57943925233644,214,181,4.205607476635521,-4.205607476635521
srt_h1024,41,31,86.84210526315789,114,99,7.894736842105274,-7.894736842105274
srt_h1024,41,32,80.58252427184466,103,83,10.679611650485441,-10.679611650485441
srt_h1024,41,33,79.27927927927928,111,88,9.909909909909913,-9.909909909909913
srt_h1024,41,34,80.0,70,56,15.714285714285708,-15.714285714285708
srt_h1024,41,35,84.39716312056737,141,119,4.255319148936181,-4.255319148936181
srt_h1024,41,36,89.6103896103896,154,138,9.090909090909093,-9.090909090909093
srt_h1024,41,37,82.80254777070064,157,130,7.00636942675159,-7.00636942675159
srt_h1024,41,38,90.20979020979021,143,129,6.993006993006986,-6.993006993006986
srt_h1024,41,39,80.70175438596492,114,92,12.280701754385959,-12.280701754385959
srt_h1024,41,40,81.8840579710145,138,113,10.869565217391298,-10.869565217391298
srt_h1024,41,41,87.83783783783784,74,65,,
srt_h1024,42,1,68.64406779661017,118,81,21.186440677966104,-21.186440677966104
srt_h1024,42,2,83.07692307692308,130,108,10.0,-5.384615384615387
srt_h1024,42,3,75.34246575342466,146,110,17.123287671232873,-15.75342465753424
srt_h1024,42,4,82.38636363636364,176,145,11.36363636363636,-11.36363636363636
srt_h1024,42,5,82.03125,128,105,9.375,-9.375
srt_h1024,42,6,79.16666666666667,120,95,9.166666666666657,-9.166666666666657
srt_h1024,42,7,75.65217391304348,115,87,16.52173913043478,-16.52173913043478
srt_h1024,42,8,84.21052631578948,133,112,9.774436090225564,-9.774436090225564
srt_h1024,42,9,80.59701492537313,134,108,8.955223880597018,-7.462686567164184
srt_h1024,42,10,82.6086956521739,138,114,5.072463768115952,-2.898550724637687
srt_h1024,42,11,78.0,100,78,16.0,-16.0
srt_h1024,42,12,66.37931034482759,116,77,23.275862068965523,-23.275862068965523
srt_h1024,42,13,81.88976377952756,127,104,10.236220472440948,-9.448818897637793
srt_h1024,42,14,83.33333333333333,132,110,7.575757575757578,-7.575757575757578
srt_h1024,42,15,80.17241379310344,116,93,7.758620689655174,-7.758620689655174
srt_h1024,42,16,75.18796992481202,133,100,12.030075187969928,-12.030075187969928
srt_h1024,42,17,82.53968253968254,126,104,11.1111111111111,-11.1111111111111
srt_h1024,42,18,92.45283018867924,106,98,4.716981132075475,-4.716981132075475
srt_h1024,42,19,81.65137614678899,109,89,11.0091743119266,-11.0091743119266
srt_h1024,42,20,71.2871287128713,101,72,15.841584158415841,-15.841584158415841
srt_h1024,42,21,84.72222222222223,144,122,8.333333333333329,-8.333333333333329
srt_h1024,42,22,83.33333333333333,120,100,7.5,-7.5
srt_h1024,42,23,74.35897435897436,117,87,14.529914529914521,-14.529914529914521
srt_h1024,42,24,66.27906976744185,86,57,22.09302325581396,-22.09302325581396
srt_h1024,42,25,80.0,65,52,7.692307692307693,-7.692307692307693
srt_h1024,42,26,81.30081300813008,123,100,12.19512195121952,-12.19512195121952
srt_h1024,42,27,81.41592920353982,113,92,12.389380530973455,-12.389380530973455
srt_h1024,42,28,87.25490196078431,102,89,5.882352941176478,-5.882352941176478
srt_h1024,42,29,74.56140350877193,114,85,13.15789473684211,-13.15789473684211
srt_h1024,42,30,83.17757009345794,214,178,5.607476635514018,-5.607476635514018
srt_h1024,42,31,85.96491228070175,114,98,8.771929824561411,-8.771929824561411
srt_h1024,42,32,78.64077669902913,103,81,12.62135922330097,-12.62135922330097
srt_h1024,42,33,81.08108108108108,111,90,8.108108108108112,-8.108108108108112
srt_h1024,42,34,80.0,70,56,15.714285714285708,-15.714285714285708
srt_h1024,42,35,85.81560283687944,141,121,2.836879432624116,-2.836879432624116
srt_h1024,42,36,92.85714285714286,154,143,5.844155844155836,-5.844155844155836
srt_h1024,42,37,81.52866242038216,157,128,8.28025477707007,-8.28025477707007
srt_h1024,42,38,88.81118881118881,143,127,8.391608391608386,-8.391608391608386
srt_h1024,42,39,82.45614035087719,114,94,10.526315789473685,-10.526315789473685
srt_h1024,42,40,84.05797101449275,138,116,8.695652173913047,-8.695652173913047
srt_h1024,42,41,70.27027027027027,74,52,17.567567567567565,-17.567567567567565
srt_h1024,42,42,87.5,136,119,,
srt_h1024,43,1,68.64406779661017,118,81,21.186440677966104,-21.186440677966104
srt_h1024,43,2,82.3076923076923,130,107,10.769230769230774,-6.15384615384616
srt_h1024,43,3,78.76712328767124,146,115,13.698630136986296,-12.328767123287662
srt_h1024,43,4,83.52272727272727,176,147,10.227272727272734,-10.227272727272734
srt_h1024,43,5,81.25,128,104,10.15625,-10.15625
srt_h1024,43,6,80.0,120,96,8.333333333333329,-8.333333333333329
srt_h1024,43,7,74.78260869565217,115,86,17.391304347826093,-17.391304347826093
srt_h1024,43,8,82.70676691729324,133,110,11.278195488721806,-11.278195488721806
srt_h1024,43,9,79.1044776119403,134,106,10.447761194029852,-8.955223880597018
srt_h1024,43,10,78.26086956521739,138,108,9.420289855072468,-7.246376811594203
srt_h1024,43,11,81.0,100,81,13.0,-13.0
srt_h1024,43,12,67.24137931034483,116,78,22.413793103448285,-22.413793103448285
srt_h1024,43,13,81.88976377952756,127,104,10.236220472440948,-9.448818897637793
srt_h1024,43,14,83.33333333333333,132,110,7.575757575757578,-7.575757575757578
srt_h1024,43,15,81.03448275862068,116,94,6.896551724137936,-6.896551724137936
srt_h1024,43,16,74.43609022556392,133,99,12.781954887218035,-12.781954887218035
srt_h1024,43,17,80.95238095238095,126,102,12.698412698412696,-12.698412698412696
srt_h1024,43,18,93.39622641509433,106,99,3.7735849056603854,-3.7735849056603854
srt_h1024,43,19,82.56880733944953,109,90,10.091743119266056,-10.091743119266056
srt_h1024,43,20,72.27722772277228,101,73,14.851485148514854,-14.851485148514854
srt_h1024,43,21,86.80555555555556,144,125,6.25,-6.25
srt_h1024,43,22,83.33333333333333,120,100,7.5,-7.5
srt_h1024,43,23,74.35897435897436,117,87,14.529914529914521,-14.529914529914521
srt_h1024,43,24,63.95348837209303,86,55,24.418604651162788,-24.418604651162788
srt_h1024,43,25,76.92307692307692,65,50,10.769230769230774,-10.769230769230774
srt_h1024,43,26,76.42276422764228,123,94,17.07317073170732,-17.07317073170732
srt_h1024,43,27,80.53097345132744,113,91,13.274336283185832,-13.274336283185832
srt_h1024,43,28,86.27450980392157,102,88,6.862745098039213,-6.862745098039213
srt_h1024,43,29,71.05263157894737,114,81,16.66666666666667,-16.66666666666667
srt_h1024,43,30,83.17757009345794,214,178,5.607476635514018,-5.607476635514018
srt_h1024,43,31,86.84210526315789,114,99,7.894736842105274,-7.894736842105274
srt_h1024,43,32,76.69902912621359,103,79,14.563106796116514,-14.563106796116514
srt_h1024,43,33,81.08108108108108,111,90,8.108108108108112,-8.108108108108112
srt_h1024,43,34,80.0,70,56,15.714285714285708,-15.714285714285708
srt_h1024,43,35,85.1063829787234,141,120,3.5460992907801483,-3.5460992907801483
srt_h1024,43,36,93.50649350649351,154,144,5.194805194805184,-5.194805194805184
srt_h1024,43,37,80.89171974522293,157,127,8.917197452229303,-8.917197452229303
srt_h1024,43,38,89.5104895104895,143,128,7.692307692307693,-7.692307692307693
srt_h1024,43,39,78.0701754385965,114,89,14.912280701754383,-14.912280701754383
srt_h1024,43,40,84.78260869565217,138,117,7.971014492753625,-7.971014492753625
srt_h1024,43,41,74.32432432432432,74,55,13.513513513513516,-13.513513513513516
srt_h1024,43,42,74.26470588235294,136,101,13.235294117647058,-13.235294117647058
srt_h1024,43,43,89.58333333333333,96,86,,
srt_h1024,44,1,72.03389830508475,118,85,17.79661016949153,-17.79661016949153
srt_h1024,44,2,66.15384615384616,130,86,26.92307692307692,-22.307692307692307
srt_h1024,44,3,78.76712328767124,146,115,13.698630136986296,-12.328767123287662
srt_h1024,44,4,82.95454545454545,176,146,10.795454545454547,-10.795454545454547
srt_h1024,44,5,83.59375,128,107,7.8125,-7.8125
srt_h1024,44,6,80.0,120,96,8.333333333333329,-8.333333333333329
srt_h1024,44,7,73.04347826086956,115,84,19.130434782608702,-19.130434782608702
srt_h1024,44,8,83.45864661654136,133,111,10.526315789473685,-10.526315789473685
srt_h1024,44,9,79.85074626865672,134,107,9.701492537313428,-8.208955223880594
srt_h1024,44,10,78.26086956521739,138,108,9.420289855072468,-7.246376811594203
srt_h1024,44,11,80.0,100,80,14.0,-14.0
srt_h1024,44,12,74.13793103448276,116,86,15.517241379310349,-15.517241379310349
srt_h1024,44,13,82.67716535433071,127,105,9.448818897637793,-8.661417322834637
srt_h1024,44,14,75.75757575757575,132,100,15.151515151515156,-15.151515151515156
srt_h1024,44,15,82.75862068965517,116,96,5.172413793103445,-5.172413793103445
srt_h1024,44,16,75.93984962406014,133,101,11.278195488721806,-11.278195488721806
srt_h1024,44,17,82.53968253968254,126,104,11.1111111111111,-11.1111111111111
srt_h1024,44,18,90.56603773584905,106,96,6.603773584905667,-6.603773584905667
srt_h1024,44,19,78.89908256880734,109,86,13.761467889908246,-13.761467889908246
srt_h1024,44,20,72.27722772277228,101,73,14.851485148514854,-14.851485148514854
srt_h1024,44,21,85.41666666666667,144,123,7.638888888888886,-7.638888888888886
srt_h1024,44,22,84.16666666666667,120,101,6.666666666666657,-6.666666666666657
srt_h1024,44,23,76.92307692307692,117,90,11.965811965811966,-11.965811965811966
srt_h1024,44,24,67.44186046511628,86,58,20.930232558139537,-20.930232558139537
srt_h1024,44,25,73.84615384615384,65,48,13.846153846153854,-13.846153846153854
srt_h1024,44,26,84.55284552845528,123,104,8.943089430894318,-8.943089430894318
srt_h1024,44,27,77.87610619469027,113,88,15.929203539823007,-15.929203539823007
srt_h1024,44,28,88.23529411764706,102,90,4.901960784313729,-4.901960784313729
srt_h1024,44,29,64.03508771929825,114,73,23.684210526315795,-23.684210526315795
srt_h1024,44,30,83.64485981308411,214,179,5.140186915887853,-5.140186915887853
srt_h1024,44,31,84.21052631578948,114,96,10.526315789473685,-10.526315789473685
srt_h1024,44,32,76.69902912621359,103,79,14.563106796116514,-14.563106796116514
srt_h1024,44,33,82.88288288288288,111,92,6.306306306306311,-6.306306306306311
srt_h1024,44,34,78.57142857142857,70,55,17.14285714285714,-17.14285714285714
srt_h1024,44,35,83.68794326241135,141,118,4.964539007092199,-4.964539007092199
srt_h1024,44,36,94.15584415584415,154,145,4.545454545454547,-4.545454545454547
srt_h1024,44,37,80.2547770700637,157,126,9.554140127388536,-9.554140127388536
srt_h1024,44,38,91.60839160839161,143,131,5.594405594405586,-5.594405594405586
srt_h1024,44,39,85.96491228070175,114,98,7.017543859649123,-7.017543859649123
srt_h1024,44,40,86.95652173913044,138,120,5.79710144927536,-5.79710144927536
srt_h1024,44,41,74.32432432432432,74,55,13.513513513513516,-13.513513513513516
srt_h1024,44,42,79.41176470588235,136,108,8.088235294117652,-8.088235294117652
srt_h1024,44,43,79.16666666666667,96,76,10.416666666666657,-10.416666666666657
srt_h1024,44,44,93.15068493150685,73,68,,
srt_h1024,45,1,61.86440677966102,118,73,27.96610169491526,-27.96610169491526
srt_h1024,45,2,76.92307692307692,130,100,16.15384615384616,-11.538461538461547
srt_h1024,45,3,76.71232876712328,146,112,15.753424657534254,-14.38356164383562
srt_h1024,45,4,84.0909090909091,176,148,9.659090909090907,-9.659090909090907
srt_h1024,45,5,67.96875,128,87,23.4375,-23.4375
srt_h1024,45,6,80.83333333333333,120,97,7.5,-7.5
srt_h1024,45,7,73.04347826086956,115,84,19.130434782608702,-19.130434782608702
srt_h1024,45,8,83.45864661654136,133,111,10.526315789473685,-10.526315789473685
srt_h1024,45,9,78.35820895522389,134,105,11.194029850746261,-9.701492537313428
srt_h1024,45,10,78.26086956521739,138,108,9.420289855072468,-7.246376811594203
srt_h1024,45,11,79.0,100,79,15.0,-15.0
srt_h1024,45,12,72.41379310344827,116,84,17.24137931034484,-17.24137931034484
srt_h1024,45,13,84.25196850393701,127,107,7.874015748031496,-7.086614173228341
srt_h1024,45,14,81.06060606060606,132,107,9.848484848484844,-9.848484848484844
srt_h1024,45,15,79.3103448275862,116,92,8.620689655172413,-8.620689655172413
srt_h1024,45,16,75.93984962406014,133,101,11.278195488721806,-11.278195488721806
srt_h1024,45,17,83.33333333333333,126,105,10.317460317460316,-10.317460317460316
srt_h1024,45,18,93.39622641509433,106,99,3.7735849056603854,-3.7735849056603854
srt_h1024,45,19,78.89908256880734,109,86,13.761467889908246,-13.761467889908246
srt_h1024,45,20,66.33663366336634,101,67,20.792079207920793,-20.792079207920793
srt_h1024,45,21,85.41666666666667,144,123,7.638888888888886,-7.638888888888886
srt_h1024,45,22,83.33333333333333,120,100,7.5,-7.5
srt_h1024,45,23,74.35897435897436,117,87,14.529914529914521,-14.529914529914521
srt_h1024,45,24,52.325581395348834,86,45,36.04651162790698,-36.04651162790698
srt_h1024,45,25,73.84615384615384,65,48,13.846153846153854,-13.846153846153854
srt_h1024,45,26,81.30081300813008,123,100,12.19512195121952,-12.19512195121952
srt_h1024,45,27,79.64601769911505,113,90,14.159292035398224,-14.159292035398224
srt_h1024,45,28,85.29411764705883,102,87,7.843137254901961,-7.843137254901961
srt_h1024,45,29,68.42105263157895,114,78,19.298245614035096,-19.298245614035096
srt_h1024,45,30,84.57943925233644,214,181,4.205607476635521,-4.205607476635521
srt_h1024,45,31,84.21052631578948,114,96,10.526315789473685,-10.526315789473685
srt_h1024,45,32,75.72815533980582,103,78,15.53398058252428,-15.53398058252428
srt_h1024,45,33,81.08108108108108,111,90,8.108108108108112,-8.108108108108112
srt_h1024,45,34,82.85714285714286,70,58,12.857142857142847,-12.857142857142847
srt_h1024,45,35,85.81560283687944,141,121,2.836879432624116,-2.836879432624116
srt_h1024,45,36,93.50649350649351,154,144,5.194805194805184,-5.194805194805184
srt_h1024,45,37,80.2547770700637,157,126,9.554140127388536,-9.554140127388536
srt_h1024,45,38,90.20979020979021,143,129,6.993006993006986,-6.993006993006986
srt_h1024,45,39,78.94736842105263,114,90,14.035087719298247,-14.035087719298247
srt_h1024,45,40,84.78260869565217,138,117,7.971014492753625,-7.971014492753625
srt_h1024,45,41,72.97297297297297,74,54,14.86486486486487,-14.86486486486487
srt_h1024,45,42,81.61764705882354,136,111,5.882352941176464,-5.882352941176464
srt_h1024,45,43,75.0,96,72,14.583333333333329,-14.583333333333329
srt_h1024,45,44,84.93150684931507,73,62,8.219178082191775,-8.219178082191775
srt_h1024,45,45,97.14285714285714,105,102,,
srt_h1024,46,1,72.88135593220339,118,86,16.949152542372886,-16.949152542372886
srt_h1024,46,2,77.6923076923077,130,101,15.384615384615387,-10.769230769230774
srt_h1024,46,3,78.76712328767124,146,115,13.698630136986296,-12.328767123287662
srt_h1024,46,4,82.95454545454545,176,146,10.795454545454547,-10.795454545454547
srt_h1024,46,5,78.90625,128,101,12.5,-12.5
srt_h1024,46,6,77.5,120,93,10.833333333333329,-10.833333333333329
srt_h1024,46,7,70.43478260869566,115,81,21.73913043478261,-21.73913043478261
srt_h1024,46,8,84.21052631578948,133,112,9.774436090225564,-9.774436090225564
srt_h1024,46,9,81.34328358208955,134,109,8.208955223880594,-6.71641791044776
srt_h1024,46,10,81.8840579710145,138,113,5.79710144927536,-3.6231884057970944
srt_h1024,46,11,79.0,100,79,15.0,-15.0
srt_h1024,46,12,68.96551724137932,116,80,20.689655172413794,-20.689655172413794
srt_h1024,46,13,82.67716535433071,127,105,9.448818897637793,-8.661417322834637
srt_h1024,46,14,78.78787878787878,132,104,12.121212121212125,-12.121212121212125
srt_h1024,46,15,78.44827586206897,116,91,9.482758620689651,-9.482758620689651
srt_h1024,46,16,74.43609022556392,133,99,12.781954887218035,-12.781954887218035
srt_h1024,46,17,76.19047619047619,126,96,17.460317460317455,-17.460317460317455
srt_h1024,46,18,91.50943396226415,106,97,5.660377358490564,-5.660377358490564
srt_h1024,46,19,80.73394495412845,109,88,11.926605504587144,-11.926605504587144
srt_h1024,46,20,71.2871287128713,101,72,15.841584158415841,-15.841584158415841
srt_h1024,46,21,84.02777777777777,144,121,9.027777777777786,-9.027777777777786
srt_h1024,46,22,80.0,120,96,10.833333333333329,-10.833333333333329
srt_h1024,46,23,77.77777777777777,117,91,11.111111111111114,-11.111111111111114
srt_h1024,46,24,65.11627906976744,86,56,23.25581395348837,-23.25581395348837
srt_h1024,46,25,66.15384615384616,65,43,21.538461538461533,-21.538461538461533
srt_h1024,46,26,82.92682926829268,123,102,10.569105691056919,-10.569105691056919
srt_h1024,46,27,78.76106194690266,113,89,15.044247787610615,-15.044247787610615
srt_h1024,46,28,85.29411764705883,102,87,7.843137254901961,-7.843137254901961
srt_h1024,46,29,71.9298245614035,114,82,15.789473684210535,-15.789473684210535
srt_h1024,46,30,76.6355140186916,214,164,12.149532710280369,-12.149532710280369
srt_h1024,46,31,84.21052631578948,114,96,10.526315789473685,-10.526315789473685
srt_h1024,46,32,77.66990291262135,103,80,13.59223300970875,-13.59223300970875
srt_h1024,46,33,81.08108108108108,111,90,8.108108108108112,-8.108108108108112
srt_h1024,46,34,80.0,70,56,15.714285714285708,-15.714285714285708
srt_h1024,46,35,85.81560283687944,141,121,2.836879432624116,-2.836879432624116
srt_h1024,46,36,92.85714285714286,154,143,5.844155844155836,-5.844155844155836
srt_h1024,46,37,78.98089171974522,157,124,10.828025477707016,-10.828025477707016
srt_h1024,46,38,89.5104895104895,143,128,7.692307692307693,-7.692307692307693
srt_h1024,46,39,84.21052631578948,114,96,8.771929824561397,-8.771929824561397
srt_h1024,46,40,81.15942028985508,138,112,11.59420289855072,-11.59420289855072
srt_h1024,46,41,75.67567567567568,74,56,12.162162162162161,-12.162162162162161
srt_h1024,46,42,75.73529411764706,136,103,11.764705882352942,-11.764705882352942
srt_h1024,46,43,78.125,96,75,11.458333333333329,-11.458333333333329
srt_h1024,46,44,83.56164383561644,73,61,9.589041095890408,-9.589041095890408
srt_h1024,46,45,90.47619047619048,105,95,6.666666666666657,-6.666666666666657
srt_h1024,46,46,91.33858267716535,127,116,,
srt_h1024,47,1,68.64406779661017,118,81,21.186440677966104,-21.186440677966104
srt_h1024,47,2,79.23076923076923,130,103,13.846153846153854,-9.23076923076924
srt_h1024,47,3,80.82191780821918,146,118,11.643835616438352,-10.273972602739718
srt_h1024,47,4,82.38636363636364,176,145,11.36363636363636,-11.36363636363636
srt_h1024,47,5,76.5625,128,98,14.84375,-14.84375
srt_h1024,47,6,80.0,120,96,8.333333333333329,-8.333333333333329
srt_h1024,47,7,73.91304347826087,115,85,18.26086956521739,-18.26086956521739
srt_h1024,47,8,64.66165413533835,133,86,29.32330827067669,-29.32330827067669
srt_h1024,47,9,80.59701492537313,134,108,8.955223880597018,-7.462686567164184
srt_h1024,47,10,75.3623188405797,138,104,12.318840579710155,-10.14492753623189
srt_h1024,47,11,80.0,100,80,14.0,-14.0
srt_h1024,47,12,71.55172413793103,116,83,18.10344827586208,-18.10344827586208
srt_h1024,47,13,82.67716535433071,127,105,9.448818897637793,-8.661417322834637
srt_h1024,47,14,59.09090909090909,132,78,31.818181818181813,-31.818181818181813
srt_h1024,47,15,75.0,116,87,12.93103448275862,-12.93103448275862
srt_h1024,47,16,75.18796992481202,133,100,12.030075187969928,-12.030075187969928
srt_h1024,47,17,81.74603174603175,126,103,11.904761904761898,-11.904761904761898
srt_h1024,47,18,91.50943396226415,106,97,5.660377358490564,-5.660377358490564
srt_h1024,47,19,79.81651376146789,109,87,12.844036697247702,-12.844036697247702
srt_h1024,47,20,74.25742574257426,101,75,12.87128712871288,-12.87128712871288
srt_h1024,47,21,84.72222222222223,144,122,8.333333333333329,-8.333333333333329
srt_h1024,47,22,82.5,120,99,8.333333333333329,-8.333333333333329
srt_h1024,47,23,80.34188034188034,117,94,8.547008547008545,-8.547008547008545
srt_h1024,47,24,66.27906976744185,86,57,22.09302325581396,-22.09302325581396
srt_h1024,47,25,70.76923076923077,65,46,16.92307692307692,-16.92307692307692
srt_h1024,47,26,86.17886178861788,123,106,7.317073170731717,-7.317073170731717
srt_h1024,47,27,79.64601769911505,113,90,14.159292035398224,-14.159292035398224
srt_h1024,47,28,84.31372549019608,102,86,8.82352941176471,-8.82352941176471
srt_h1024,47,29,75.43859649122807,114,86,12.280701754385973,-12.280701754385973
srt_h1024,47,30,80.8411214953271,214,173,7.943925233644862,-7.943925233644862
srt_h1024,47,31,84.21052631578948,114,96,10.526315789473685,-10.526315789473685
srt_h1024,47,32,74.75728155339806,103,77,16.504854368932044,-16.504854368932044
srt_h1024,47,33,81.08108108108108,111,90,8.108108108108112,-8.108108108108112
srt_h1024,47,34,77.14285714285714,70,54,18.57142857142857,-18.57142857142857
srt_h1024,47,35,85.81560283687944,141,121,2.836879432624116,-2.836879432624116
srt_h1024,47,36,92.85714285714286,154,143,5.844155844155836,-5.844155844155836
srt_h1024,47,37,78.98089171974522,157,124,10.828025477707016,-10.828025477707016
srt_h1024,47,38,88.81118881118881,143,127,8.391608391608386,-8.391608391608386
srt_h1024,47,39,82.45614035087719,114,94,10.526315789473685,-10.526315789473685
srt_h1024,47,40,86.23188405797102,138,119,6.521739130434781,-6.521739130434781
srt_h1024,47,41,74.32432432432432,74,55,13.513513513513516,-13.513513513513516
srt_h1024,47,42,77.94117647058823,136,106,9.558823529411768,-9.558823529411768
srt_h1024,47,43,75.0,96,72,14.583333333333329,-14.583333333333329
srt_h1024,47,44,83.56164383561644,73,61,9.589041095890408,-9.589041095890408
srt_h1024,47,45,89.52380952380952,105,94,7.61904761904762,-7.61904761904762
srt_h1024,47,46,80.31496062992126,127,102,11.02362204724409,-11.02362204724409
srt_h1024,47,47,85.84070796460178,113,97,,
srt_h1024,48,1,71.1864406779661,118,84,18.644067796610173,-18.644067796610173
srt_h1024,48,2,78.46153846153847,130,102,14.615384615384613,-10.0
srt_h1024,48,3,79.45205479452055,146,116,13.013698630136986,-11.643835616438352
srt_h1024,48,4,82.95454545454545,176,146,10.795454545454547,-10.795454545454547
srt_h1024,48,5,75.78125,128,97,15.625,-15.625
srt_h1024,48,6,79.16666666666667,120,95,9.166666666666657,-9.166666666666657
srt_h1024,48,7,73.04347826086956,115,84,19.130434782608702,-19.130434782608702
srt_h1024,48,8,56.390977443609025,133,75,37.59398496240602,-37.59398496240602
srt_h1024,48,9,80.59701492537313,134,108,8.955223880597018,-7.462686567164184
srt_h1024,48,10,77.53623188405797,138,107,10.14492753623189,-7.971014492753625
srt_h1024,48,11,78.0,100,78,16.0,-16.0
srt_h1024,48,12,74.13793103448276,116,86,15.517241379310349,-15.517241379310349
srt_h1024,48,13,82.67716535433071,127,105,9.448818897637793,-8.661417322834637
srt_h1024,48,14,72.72727272727273,132,96,18.181818181818173,-18.181818181818173
srt_h1024,48,15,72.41379310344827,116,84,15.517241379310349,-15.517241379310349
srt_h1024,48,16,75.93984962406014,133,101,11.278195488721806,-11.278195488721806
srt_h1024,48,17,83.33333333333333,126,105,10.317460317460316,-10.317460317460316
srt_h1024,48,18,90.56603773584905,106,96,6.603773584905667,-6.603773584905667
srt_h1024,48,19,77.06422018348624,109,84,15.596330275229349,-15.596330275229349
srt_h1024,48,20,70.29702970297029,101,71,16.831683168316843,-16.831683168316843
srt_h1024,48,21,88.19444444444444,144,127,4.861111111111114,-4.861111111111114
srt_h1024,48,22,83.33333333333333,120,100,7.5,-7.5
srt_h1024,48,23,74.35897435897436,117,87,14.529914529914521,-14.529914529914521
srt_h1024,48,24,65.11627906976744,86,56,23.25581395348837,-23.25581395348837
srt_h1024,48,25,72.3076923076923,65,47,15.384615384615387,-15.384615384615387
srt_h1024,48,26,70.73170731707317,123,87,22.764227642276424,-22.764227642276424
srt_h1024,48,27,77.87610619469027,113,88,15.929203539823007,-15.929203539823007
srt_h1024,48,28,82.3529411764706,102,84,10.784313725490193,-10.784313725490193
srt_h1024,48,29,74.56140350877193,114,85,13.15789473684211,-13.15789473684211
srt_h1024,48,30,83.64485981308411,214,179,5.140186915887853,-5.140186915887853
srt_h1024,48,31,80.70175438596492,114,92,14.035087719298247,-14.035087719298247
srt_h1024,48,32,76.69902912621359,103,79,14.563106796116514,-14.563106796116514
srt_h1024,48,33,81.08108108108108,111,90,8.108108108108112,-8.108108108108112
srt_h1024,48,34,78.57142857142857,70,55,17.14285714285714,-17.14285714285714
srt_h1024,48,35,84.39716312056737,141,119,4.255319148936181,-4.255319148936181
srt_h1024,48,36,93.50649350649351,154,144,5.194805194805184,-5.194805194805184
srt_h1024,48,37,74.52229299363057,157,117,15.28662420382166,-15.28662420382166
srt_h1024,48,38,88.81118881118881,143,127,8.391608391608386,-8.391608391608386
srt_h1024,48,39,82.45614035087719,114,94,10.526315789473685,-10.526315789473685
srt_h1024,48,40,84.05797101449275,138,116,8.695652173913047,-8.695652173913047
srt_h1024,48,41,71.62162162162163,74,53,16.21621621621621,-16.21621621621621
srt_h1024,48,42,75.73529411764706,136,103,11.764705882352942,-11.764705882352942
srt_h1024,48,43,72.91666666666667,96,70,16.666666666666657,-16.666666666666657
srt_h1024,48,44,80.82191780821918,73,59,12.328767123287662,-12.328767123287662
srt_h1024,48,45,90.47619047619048,105,95,6.666666666666657,-6.666666666666657
srt_h1024,48,46,84.25196850393701,127,107,7.086614173228341,-7.086614173228341
srt_h1024,48,47,78.76106194690266,113,89,7.079646017699119,-7.079646017699119
srt_h1024,48,48,90.43478260869566,115,104,,
srt_h1024,49,1,71.1864406779661,118,84,18.644067796610173,-18.644067796610173
srt_h1024,49,2,80.0,130,104,13.07692307692308,-8.461538461538467
srt_h1024,49,3,77.3972602739726,146,113,15.06849315068493,-13.698630136986296
srt_h1024,49,4,81.81818181818181,176,144,11.931818181818187,-11.931818181818187
srt_h1024,49,5,75.78125,128,97,15.625,-15.625
srt_h1024,49,6,79.16666666666667,120,95,9.166666666666657,-9.166666666666657
srt_h1024,49,7,76.52173913043478,115,88,15.652173913043484,-15.652173913043484
srt_h1024,49,8,59.3984962406015,133,79,34.58646616541354,-34.58646616541354
srt_h1024,49,9,78.35820895522389,134,105,11.194029850746261,-9.701492537313428
srt_h1024,49,10,74.6376811594203,138,103,13.043478260869563,-10.869565217391298
srt_h1024,49,11,81.0,100,81,13.0,-13.0
srt_h1024,49,12,75.0,116,87,14.65517241379311,-14.65517241379311
srt_h1024,49,13,81.10236220472441,127,103,11.02362204724409,-10.236220472440934
srt_h1024,49,14,78.03030303030303,132,103,12.878787878787875,-12.878787878787875
srt_h1024,49,15,75.86206896551724,116,88,12.06896551724138,-12.06896551724138
srt_h1024,49,16,71.42857142857143,133,95,15.78947368421052,-15.78947368421052
srt_h1024,49,17,83.33333333333333,126,105,10.317460317460316,-10.317460317460316
srt_h1024,49,18,90.56603773584905,106,96,6.603773584905667,-6.603773584905667
srt_h1024,49,19,75.22935779816514,109,82,17.43119266055045,-17.43119266055045
srt_h1024,49,20,68.31683168316832,101,69,18.811881188118818,-18.811881188118818
srt_h1024,49,21,87.5,144,126,5.555555555555557,-5.555555555555557
srt_h1024,49,22,84.16666666666667,120,101,6.666666666666657,-6.666666666666657
srt_h1024,49,23,71.7948717948718,117,84,17.09401709401709,-17.09401709401709
srt_h1024,49,24,65.11627906976744,86,56,23.25581395348837,-23.25581395348837
srt_h1024,49,25,70.76923076923077,65,46,16.92307692307692,-16.92307692307692
srt_h1024,49,26,78.04878048780488,123,96,15.44715447154472,-15.44715447154472
srt_h1024,49,27,77.87610619469027,113,88,15.929203539823007,-15.929203539823007
srt_h1024,49,28,82.3529411764706,102,84,10.784313725490193,-10.784313725490193
srt_h1024,49,29,73.6842105263158,114,84,14.035087719298247,-14.035087719298247
srt_h1024,49,30,84.57943925233644,214,181,4.205607476635521,-4.205607476635521
srt_h1024,49,31,81.57894736842105,114,93,13.15789473684211,-13.15789473684211
srt_h1024,49,32,79.6116504854369,103,82,11.650485436893206,-11.650485436893206
srt_h1024,49,33,82.88288288288288,111,92,6.306306306306311,-6.306306306306311
srt_h1024,49,34,77.14285714285714,70,54,18.57142857142857,-18.57142857142857
srt_h1024,49,35,84.39716312056737,141,119,4.255319148936181,-4.255319148936181
srt_h1024,49,36,88.96103896103897,154,137,9.74025974025973,-9.74025974025973
srt_h1024,49,37,76.43312101910828,157,120,13.375796178343947,-13.375796178343947
srt_h1024,49,38,90.20979020979021,143,129,6.993006993006986,-6.993006993006986
srt_h1024,49,39,81.57894736842105,114,93,11.403508771929822,-11.403508771929822
srt_h1024,49,40,80.43478260869566,138,111,12.318840579710141,-12.318840579710141
srt_h1024,49,41,75.67567567567568,74,56,12.162162162162161,-12.162162162162161
srt_h1024,49,42,77.20588235294117,136,105,10.294117647058826,-10.294117647058826
srt_h1024,49,43,76.04166666666667,96,73,13.541666666666657,-13.541666666666657
srt_h1024,49,44,71.23287671232876,73,52,21.917808219178085,-21.917808219178085
srt_h1024,49,45,90.47619047619048,105,95,6.666666666666657,-6.666666666666657
srt_h1024,49,46,77.16535433070867,127,98,14.173228346456682,-14.173228346456682
srt_h1024,49,47,79.64601769911505,113,90,6.194690265486727,-6.194690265486727
srt_h1024,49,48,81.73913043478261,115,94,8.695652173913047,-8.695652173913047
srt_h1024,49,49,93.26923076923077,104,97,,
srt_h1024,50,1,72.88135593220339,118,86,16.949152542372886,-16.949152542372886
srt_h1024,50,2,81.53846153846153,130,106,11.538461538461547,-6.923076923076934
srt_h1024,50,3,73.97260273972603,146,108,18.493150684931507,-17.123287671232873
srt_h1024,50,4,76.13636363636364,176,134,17.61363636363636,-17.61363636363636
srt_h1024,50,5,72.65625,128,93,18.75,-18.75
srt_h1024,50,6,80.0,120,96,8.333333333333329,-8.333333333333329
srt_h1024,50,7,74.78260869565217,115,86,17.391304347826093,-17.391304347826093
srt_h1024,50,8,65.41353383458646,133,87,28.571428571428584,-28.571428571428584
srt_h1024,50,9,82.08955223880596,134,110,7.462686567164184,-5.97014925373135
srt_h1024,50,10,81.8840579710145,138,113,5.79710144927536,-3.6231884057970944
srt_h1024,50,11,80.0,100,80,14.0,-14.0
srt_h1024,50,12,71.55172413793103,116,83,18.10344827586208,-18.10344827586208
srt_h1024,50,13,81.10236220472441,127,103,11.02362204724409,-10.236220472440934
srt_h1024,50,14,79.54545454545455,132,105,11.36363636363636,-11.36363636363636
srt_h1024,50,15,79.3103448275862,116,92,8.620689655172413,-8.620689655172413
srt_h1024,50,16,68.42105263157895,133,91,18.796992481203006,-18.796992481203006
srt_h1024,50,17,83.33333333333333,126,105,10.317460317460316,-10.317460317460316
srt_h1024,50,18,85.84905660377359,106,91,11.320754716981128,-11.320754716981128
srt_h1024,50,19,74.31192660550458,109,81,18.34862385321101,-18.34862385321101
srt_h1024,50,20,72.27722772277228,101,73,14.851485148514854,-14.851485148514854
srt_h1024,50,21,86.11111111111111,144,124,6.944444444444443,-6.944444444444443
srt_h1024,50,22,83.33333333333333,120,100,7.5,-7.5
srt_h1024,50,23,76.92307692307692,117,90,11.965811965811966,-11.965811965811966
srt_h1024,50,24,62.7906976744186,86,54,25.581395348837212,-25.581395348837212
srt_h1024,50,25,72.3076923076923,65,47,15.384615384615387,-15.384615384615387
srt_h1024,50,26,82.92682926829268,123,102,10.569105691056919,-10.569105691056919
srt_h1024,50,27,79.64601769911505,113,90,14.159292035398224,-14.159292035398224
srt_h1024,50,28,80.3921568627451,102,82,12.74509803921569,-12.74509803921569
srt_h1024,50,29,73.6842105263158,114,84,14.035087719298247,-14.035087719298247
srt_h1024,50,30,83.17757009345794,214,178,5.607476635514018,-5.607476635514018
srt_h1024,50,31,84.21052631578948,114,96,10.526315789473685,-10.526315789473685
srt_h1024,50,32,76.69902912621359,103,79,14.563106796116514,-14.563106796116514
srt_h1024,50,33,77.47747747747748,111,86,11.711711711711715,-11.711711711711715
srt_h1024,50,34,81.42857142857143,70,57,14.285714285714278,-14.285714285714278
srt_h1024,50,35,82.97872340425532,141,117,5.673758865248232,-5.673758865248232
srt_h1024,50,36,92.85714285714286,154,143,5.844155844155836,-5.844155844155836
srt_h1024,50,37,77.70700636942675,157,122,12.101910828025481,-12.101910828025481
srt_h1024,50,38,88.81118881118881,143,127,8.391608391608386,-8.391608391608386
srt_h1024,50,39,86.84210526315789,114,99,6.1403508771929864,-6.1403508771929864
srt_h1024,50,40,80.43478260869566,138,111,12.318840579710141,-12.318840579710141
srt_h1024,50,41,74.32432432432432,74,55,13.513513513513516,-13.513513513513516
srt_h1024,50,42,63.23529411764706,136,86,24.264705882352942,-24.264705882352942
srt_h1024,50,43,72.91666666666667,96,70,16.666666666666657,-16.666666666666657
srt_h1024,50,44,80.82191780821918,73,59,12.328767123287662,-12.328767123287662
srt_h1024,50,45,89.52380952380952,105,94,7.61904761904762,-7.61904761904762
srt_h1024,50,46,81.88976377952756,127,104,9.448818897637793,-9.448818897637793
srt_h1024,50,47,79.64601769911505,113,90,6.194690265486727,-6.194690265486727
srt_h1024,50,48,80.8695652173913,115,93,9.565217391304358,-9.565217391304358
srt_h1024,50,49,85.57692307692308,104,89,7.692307692307693,-7.692307692307693
srt_h1024,50,50,95.45454545454545,110,105,,
srt_h4096,1,1,94.91525423728814,118,112,,
srt_h4096,2,1,94.0677966101695,118,111,0.8474576271186436,-0.8474576271186436
srt_h4096,2,2,87.6923076923077,130,114,,
srt_h4096,3,1,88.13559322033899,118,104,6.779661016949149,-6.779661016949149
srt_h4096,3,2,87.6923076923077,130,114,0.0,0.0
srt_h4096,3,3,88.35616438356165,146,129,,
srt_h4096,4,1,88.98305084745763,118,105,5.932203389830505,-5.932203389830505
srt_h4096,4,2,89.23076923076923,130,116,-1.538461538461533,1.538461538461533
srt_h4096,4,3,85.61643835616438,146,125,2.7397260273972677,-2.7397260273972677
srt_h4096,4,4,93.18181818181819,176,164,,
srt_h4096,5,1,89.83050847457628,118,106,5.0847457627118615,-5.0847457627118615
srt_h4096,5,2,89.23076923076923,130,116,0.0,1.538461538461533
srt_h4096,5,3,82.1917808219178,146,120,6.164383561643845,-6.164383561643845
srt_h4096,5,4,90.3409090909091,176,159,2.8409090909090935,-2.8409090909090935
srt_h4096,5,5,90.625,128,116,,
srt_h4096,6,1,90.67796610169492,118,107,4.237288135593218,-4.237288135593218
srt_h4096,6,2,89.23076923076923,130,116,0.0,1.538461538461533
srt_h4096,6,3,87.67123287671232,146,128,0.684931506849324,-0.684931506849324
srt_h4096,6,4,89.77272727272727,176,158,3.4090909090909207,-3.4090909090909207
srt_h4096,6,5,88.28125,128,113,2.34375,-2.34375
srt_h4096,6,6,88.33333333333333,120,106,,
srt_h4096,7,1,90.67796610169492,118,107,4.237288135593218,-4.237288135593218
srt_h4096,7,2,86.15384615384616,130,112,3.076923076923066,-1.538461538461533
srt_h4096,7,3,86.3013698630137,146,126,2.0547945205479436,-2.0547945205479436
srt_h4096,7,4,89.77272727272727,176,158,3.4090909090909207,-3.4090909090909207
srt_h4096,7,5,89.0625,128,114,1.5625,-1.5625
srt_h4096,7,6,85.0,120,102,3.3333333333333286,-3.3333333333333286
srt_h4096,7,7,89.56521739130434,115,103,,
srt_h4096,8,1,87.28813559322033,118,103,7.6271186440678065,-7.6271186440678065
srt_h4096,8,2,88.46153846153847,130,115,0.7692307692307594,0.7692307692307736
srt_h4096,8,3,85.61643835616438,146,125,2.7397260273972677,-2.7397260273972677
srt_h4096,8,4,88.06818181818181,176,155,5.113636363636374,-5.113636363636374
srt_h4096,8,5,86.71875,128,111,3.90625,-3.90625
srt_h4096,8,6,82.5,120,99,5.833333333333329,-5.833333333333329
srt_h4096,8,7,89.56521739130434,115,103,0.0,0.0
srt_h4096,8,8,93.23308270676692,133,124,,
srt_h4096,9,1,86.44067796610169,118,102,8.47457627118645,-8.47457627118645
srt_h4096,9,2,89.23076923076923,130,116,0.0,1.538461538461533
srt_h4096,9,3,86.98630136986301,146,127,1.3698630136986338,-1.3698630136986338
srt_h4096,9,4,87.5,176,154,5.681818181818187,-5.681818181818187
srt_h4096,9,5,87.5,128,112,3.125,-3.125
srt_h4096,9,6,81.66666666666667,120,98,6.666666666666657,-6.666666666666657
srt_h4096,9,7,88.69565217391305,115,102,0.8695652173912976,-0.8695652173912976
srt_h4096,9,8,89.47368421052632,133,119,3.759398496240607,-3.759398496240607
srt_h4096,9,9,90.29850746268657,134,121,,
srt_h4096,10,1,87.28813559322033,118,103,7.6271186440678065,-7.6271186440678065
srt_h4096,10,2,85.38461538461539,130,111,3.8461538461538396,-2.3076923076923066
srt_h4096,10,3,84.24657534246575,146,123,4.1095890410959015,-4.1095890410959015
srt_h4096,10,4,85.22727272727273,176,150,7.954545454545453,-7.954545454545453
srt_h4096,10,5,86.71875,128,111,3.90625,-3.90625
srt_h4096,10,6,82.5,120,99,5.833333333333329,-5.833333333333329
srt_h4096,10,7,88.69565217391305,115,102,0.8695652173912976,-0.8695652173912976
srt_h4096,10,8,90.22556390977444,133,120,3.0075187969924855,-3.0075187969924855
srt_h4096,10,9,85.07462686567165,134,114,5.223880597014926,-5.223880597014926
srt_h4096,10,10,85.5072463768116,138,118,,
srt_h4096,11,1,84.7457627118644,118,100,10.169491525423737,-10.169491525423737
srt_h4096,11,2,82.3076923076923,130,107,6.92307692307692,-5.384615384615387
srt_h4096,11,3,86.98630136986301,146,127,1.3698630136986338,-1.3698630136986338
srt_h4096,11,4,85.79545454545455,176,151,7.38636363636364,-7.38636363636364
srt_h4096,11,5,85.15625,128,109,5.46875,-5.46875
srt_h4096,11,6,81.66666666666667,120,98,6.666666666666657,-6.666666666666657
srt_h4096,11,7,87.82608695652173,115,101,1.7391304347826093,-1.7391304347826093
srt_h4096,11,8,89.47368421052632,133,119,3.759398496240607,-3.759398496240607
srt_h4096,11,9,85.82089552238806,134,115,4.477611940298516,-4.477611940298516
srt_h4096,11,10,82.6086956521739,138,114,2.898550724637687,-2.898550724637687
srt_h4096,11,11,89.0,100,89,,
srt_h4096,12,1,85.59322033898304,118,101,9.322033898305094,-9.322033898305094
srt_h4096,12,2,87.6923076923077,130,114,1.538461538461533,0.0
srt_h4096,12,3,82.87671232876713,146,121,5.479452054794521,-5.479452054794521
srt_h4096,12,4,89.20454545454545,176,157,3.9772727272727337,-3.9772727272727337
srt_h4096,12,5,85.15625,128,109,5.46875,-5.46875
srt_h4096,12,6,80.83333333333333,120,97,7.5,-7.5
srt_h4096,12,7,84.34782608695652,115,97,5.217391304347828,-5.217391304347828
srt_h4096,12,8,88.7218045112782,133,118,4.511278195488728,-4.511278195488728
srt_h4096,12,9,77.61194029850746,134,104,12.68656716417911,-12.68656716417911
srt_h4096,12,10,82.6086956521739,138,114,2.898550724637687,-2.898550724637687
srt_h4096,12,11,79.0,100,79,10.0,-10.0
srt_h4096,12,12,89.65517241379311,116,104,,
srt_h4096,13,1,83.89830508474576,118,99,11.01694915254238,-11.01694915254238
srt_h4096,13,2,86.15384615384616,130,112,3.076923076923066,-1.538461538461533
srt_h4096,13,3,85.61643835616438,146,125,2.7397260273972677,-2.7397260273972677
srt_h4096,13,4,87.5,176,154,5.681818181818187,-5.681818181818187
srt_h4096,13,5,85.15625,128,109,5.46875,-5.46875
srt_h4096,13,6,80.83333333333333,120,97,7.5,-7.5
srt_h4096,13,7,82.6086956521739,115,95,6.956521739130437,-6.956521739130437
srt_h4096,13,8,90.22556390977444,133,120,3.0075187969924855,-3.0075187969924855
srt_h4096,13,9,80.59701492537313,134,108,9.701492537313442,-9.701492537313442
srt_h4096,13,10,81.8840579710145,138,113,3.6231884057970944,-3.6231884057970944
srt_h4096,13,11,84.0,100,84,5.0,-5.0
srt_h4096,13,12,87.06896551724138,116,101,2.5862068965517295,-2.5862068965517295
srt_h4096,13,13,90.55118110236221,127,115,,
srt_h4096,14,1,80.50847457627118,118,95,14.406779661016955,-14.406779661016955
srt_h4096,14,2,86.15384615384616,130,112,3.076923076923066,-1.538461538461533
srt_h4096,14,3,84.24657534246575,146,123,4.1095890410959015,-4.1095890410959015
srt_h4096,14,4,86.93181818181819,176,153,6.25,-6.25
srt_h4096,14,5,82.03125,128,105,8.59375,-8.59375
srt_h4096,14,6,80.83333333333333,120,97,7.5,-7.5
srt_h4096,14,7,83.47826086956522,115,96,6.0869565217391255,-6.0869565217391255
srt_h4096,14,8,84.9624060150376,133,113,8.27067669172932,-8.27067669172932
srt_h4096,14,9,84.32835820895522,134,113,5.97014925373135,-5.97014925373135
srt_h4096,14,10,78.26086956521739,138,108,7.246376811594203,-7.246376811594203
srt_h4096,14,11,77.0,100,77,12.0,-12.0
srt_h4096,14,12,80.17241379310344,116,93,9.482758620689665,-9.482758620689665
srt_h4096,14,13,87.4015748031496,127,111,3.149606299212607,-3.149606299212607
srt_h4096,14,14,90.15151515151516,132,119,,
srt_h4096,15,1,86.44067796610169,118,102,8.47457627118645,-8.47457627118645
srt_h4096,15,2,89.23076923076923,130,116,0.0,1.538461538461533
srt_h4096,15,3,81.5068493150685,146,119,6.849315068493155,-6.849315068493155
srt_h4096,15,4,85.79545454545455,176,151,7.38636363636364,-7.38636363636364
srt_h4096,15,5,82.8125,128,106,7.8125,-7.8125
srt_h4096,15,6,80.0,120,96,8.333333333333329,-8.333333333333329
srt_h4096,15,7,84.34782608695652,115,97,5.217391304347828,-5.217391304347828
srt_h4096,15,8,89.47368421052632,133,119,3.759398496240607,-3.759398496240607
srt_h4096,15,9,79.85074626865672,134,107,10.447761194029852,-10.447761194029852
srt_h4096,15,10,81.15942028985508,138,112,4.347826086956516,-4.347826086956516
srt_h4096,15,11,79.0,100,79,10.0,-10.0
srt_h4096,15,12,81.89655172413794,116,95,7.758620689655174,-7.758620689655174
srt_h4096,15,13,87.4015748031496,127,111,3.149606299212607,-3.149606299212607
srt_h4096,15,14,82.57575757575758,132,109,7.575757575757578,-7.575757575757578
srt_h4096,15,15,87.06896551724138,116,101,,
srt_h4096,16,1,83.05084745762711,118,98,11.864406779661024,-11.864406779661024
srt_h4096,16,2,86.15384615384616,130,112,3.076923076923066,-1.538461538461533
srt_h4096,16,3,83.56164383561644,146,122,4.794520547945211,-4.794520547945211
srt_h4096,16,4,84.6590909090909,176,149,8.52272727272728,-8.52272727272728
srt_h4096,16,5,82.03125,128,105,8.59375,-8.59375
srt_h4096,16,6,80.83333333333333,120,97,7.5,-7.5
srt_h4096,16,7,84.34782608695652,115,97,5.217391304347828,-5.217391304347828
srt_h4096,16,8,87.96992481203007,133,117,5.26315789473685,-5.26315789473685
srt_h4096,16,9,81.34328358208955,134,109,8.955223880597018,-8.955223880597018
srt_h4096,16,10,81.15942028985508,138,112,4.347826086956516,-4.347826086956516
srt_h4096,16,11,81.0,100,81,8.0,-8.0
srt_h4096,16,12,80.17241379310344,116,93,9.482758620689665,-9.482758620689665
srt_h4096,16,13,85.03937007874016,127,108,5.511811023622045,-5.511811023622045
srt_h4096,16,14,85.60606060606061,132,113,4.545454545454547,-4.545454545454547
srt_h4096,16,15,79.3103448275862,116,92,7.758620689655174,-7.758620689655174
srt_h4096,16,16,84.9624060150376,133,113,,
srt_h4096,17,1,83.05084745762711,118,98,11.864406779661024,-11.864406779661024
srt_h4096,17,2,84.61538461538461,130,110,4.615384615384613,-3.07692307692308
srt_h4096,17,3,78.76712328767124,146,115,9.589041095890408,-9.589041095890408
srt_h4096,17,4,86.36363636363636,176,152,6.818181818181827,-6.818181818181827
srt_h4096,17,5,82.03125,128,105,8.59375,-8.59375
srt_h4096,17,6,81.66666666666667,120,98,6.666666666666657,-6.666666666666657
srt_h4096,17,7,81.73913043478261,115,94,7.826086956521735,-7.826086956521735
srt_h4096,17,8,87.96992481203007,133,117,5.26315789473685,-5.26315789473685
srt_h4096,17,9,80.59701492537313,134,108,9.701492537313442,-9.701492537313442
srt_h4096,17,10,80.43478260869566,138,111,5.072463768115938,-5.072463768115938
srt_h4096,17,11,84.0,100,84,5.0,-5.0
srt_h4096,17,12,81.89655172413794,116,95,7.758620689655174,-7.758620689655174
srt_h4096,17,13,83.46456692913385,127,106,7.086614173228355,-7.086614173228355
srt_h4096,17,14,87.12121212121212,132,115,3.030303030303031,-3.030303030303031
srt_h4096,17,15,80.17241379310344,116,93,6.896551724137936,-6.896551724137936
srt_h4096,17,16,77.44360902255639,133,103,7.518796992481214,-7.518796992481214
srt_h4096,17,17,90.47619047619048,126,114,,
srt_h4096,18,1,83.89830508474576,118,99,11.01694915254238,-11.01694915254238
srt_h4096,18,2,85.38461538461539,130,111,3.8461538461538396,-2.3076923076923066
srt_h4096,18,3,77.3972602739726,146,113,10.958904109589042,-10.958904109589042
srt_h4096,18,4,84.6590909090909,176,149,8.52272727272728,-8.52272727272728
srt_h4096,18,5,82.8125,128,106,7.8125,-7.8125
srt_h4096,18,6,77.5,120,93,10.833333333333329,-10.833333333333329
srt_h4096,18,7,83.47826086956522,115,96,6.0869565217391255,-6.0869565217391255
srt_h4096,18,8,87.21804511278195,133,116,6.015037593984971,-6.015037593984971
srt_h4096,18,9,78.35820895522389,134,105,11.940298507462686,-11.940298507462686
srt_h4096,18,10,81.15942028985508,138,112,4.347826086956516,-4.347826086956516
srt_h4096,18,11,77.0,100,77,12.0,-12.0
srt_h4096,18,12,77.58620689655173,116,90,12.06896551724138,-12.06896551724138
srt_h4096,18,13,84.25196850393701,127,107,6.2992125984252,-6.2992125984252
srt_h4096,18,14,87.87878787878788,132,116,2.2727272727272805,-2.2727272727272805
srt_h4096,18,15,81.03448275862068,116,94,6.0344827586206975,-6.0344827586206975
srt_h4096,18,16,79.69924812030075,133,106,5.26315789473685,-5.26315789473685
srt_h4096,18,17,88.0952380952381,126,111,2.3809523809523796,-2.3809523809523796
srt_h4096,18,18,94.33962264150944,106,100,,
srt_h4096,19,1,79.66101694915254,118,94,15.254237288135599,-15.254237288135599
srt_h4096,19,2,83.07692307692308,130,108,6.153846153846146,-4.615384615384613
srt_h4096,19,3,79.45205479452055,146,116,8.904109589041099,-8.904109589041099
srt_h4096,19,4,85.22727272727273,176,150,7.954545454545453,-7.954545454545453
srt_h4096,19,5,83.59375,128,107,7.03125,-7.03125
srt_h4096,19,6,79.16666666666667,120,95,9.166666666666657,-9.166666666666657
srt_h4096,19,7,83.47826086956522,115,96,6.0869565217391255,-6.0869565217391255
srt_h4096,19,8,87.21804511278195,133,116,6.015037593984971,-6.015037593984971
srt_h4096,19,9,82.08955223880596,134,110,8.208955223880608,-8.208955223880608
srt_h4096,19,10,77.53623188405797,138,107,7.971014492753625,-7.971014492753625
srt_h4096,19,11,81.0,100,81,8.0,-8.0
srt_h4096,19,12,79.3103448275862,116,92,10.344827586206904,-10.344827586206904
srt_h4096,19,13,84.25196850393701,127,107,6.2992125984252,-6.2992125984252
srt_h4096,19,14,82.57575757575758,132,109,7.575757575757578,-7.575757575757578
srt_h4096,19,15,78.44827586206897,116,91,8.620689655172413,-8.620689655172413
srt_h4096,19,16,78.94736842105263,133,105,6.015037593984971,-6.015037593984971
srt_h4096,19,17,87.3015873015873,126,110,3.1746031746031775,-3.1746031746031775
srt_h4096,19,18,92.45283018867924,106,98,1.8867924528301927,-1.8867924528301927
srt_h4096,19,19,88.07339449541284,109,96,,
srt_h4096,20,1,77.96610169491525,118,92,16.949152542372886,-16.949152542372886
srt_h4096,20,2,85.38461538461539,130,111,3.8461538461538396,-2.3076923076923066
srt_h4096,20,3,80.13698630136986,146,117,8.219178082191789,-8.219178082191789
srt_h4096,20,4,83.52272727272727,176,147,9.65909090909092,-9.65909090909092
srt_h4096,20,5,75.78125,128,97,14.84375,-14.84375
srt_h4096,20,6,79.16666666666667,120,95,9.166666666666657,-9.166666666666657
srt_h4096,20,7,85.21739130434783,115,98,4.347826086956516,-4.347826086956516
srt_h4096,20,8,86.46616541353383,133,115,6.766917293233092,-6.766917293233092
srt_h4096,20,9,75.3731343283582,134,101,14.925373134328368,-14.925373134328368
srt_h4096,20,10,79.71014492753623,138,110,5.79710144927536,-5.79710144927536
srt_h4096,20,11,77.0,100,77,12.0,-12.0
srt_h4096,20,12,79.3103448275862,116,92,10.344827586206904,-10.344827586206904
srt_h4096,20,13,83.46456692913385,127,106,7.086614173228355,-7.086614173228355
srt_h4096,20,14,83.33333333333333,132,110,6.818181818181827,-6.818181818181827
srt_h4096,20,15,79.3103448275862,116,92,7.758620689655174,-7.758620689655174
srt_h4096,20,16,77.44360902255639,133,103,7.518796992481214,-7.518796992481214
srt_h4096,20,17,88.0952380952381,126,111,2.3809523809523796,-2.3809523809523796
srt_h4096,20,18,86.79245283018868,106,92,7.547169811320757,-7.547169811320757
srt_h4096,20,19,84.40366972477064,109,92,3.6697247706422047,-3.6697247706422047
srt_h4096,20,20,81.18811881188118,101,82,,
srt_h4096,21,1,78.8135593220339,118,93,16.101694915254242,-16.101694915254242
srt_h4096,21,2,83.84615384615384,130,109,5.384615384615387,-3.846153846153854
srt_h4096,21,3,81.5068493150685,146,119,6.849315068493155,-6.849315068493155
srt_h4096,21,4,86.93181818181819,176,153,6.25,-6.25
srt_h4096,21,5,80.46875,128,103,10.15625,-10.15625
srt_h4096,21,6,77.5,120,93,10.833333333333329,-10.833333333333329
srt_h4096,21,7,82.6086956521739,115,95,6.956521739130437,-6.956521739130437
srt_h4096,21,8,86.46616541353383,133,115,6.766917293233092,-6.766917293233092
srt_h4096,21,9,80.59701492537313,134,108,9.701492537313442,-9.701492537313442
srt_h4096,21,10,76.08695652173913,138,105,9.420289855072468,-9.420289855072468
srt_h4096,21,11,80.0,100,80,9.0,-9.0
srt_h4096,21,12,80.17241379310344,116,93,9.482758620689665,-9.482758620689665
srt_h4096,21,13,85.03937007874016,127,108,5.511811023622045,-5.511811023622045
srt_h4096,21,14,83.33333333333333,132,110,6.818181818181827,-6.818181818181827
srt_h4096,21,15,78.44827586206897,116,91,8.620689655172413,-8.620689655172413
srt_h4096,21,16,75.18796992481202,133,100,9.774436090225578,-9.774436090225578
srt_h4096,21,17,84.92063492063492,126,107,5.555555555555557,-5.555555555555557
srt_h4096,21,18,90.56603773584905,106,96,3.7735849056603854,-3.7735849056603854
srt_h4096,21,19,83.4862385321101,109,91,4.587155963302749,-4.587155963302749
srt_h4096,21,20,77.22772277227723,101,78,3.9603960396039497,-3.9603960396039497
srt_h4096,21,21,92.36111111111111,144,133,,
srt_h4096,22,1,81.35593220338983,118,96,13.559322033898312,-13.559322033898312
srt_h4096,22,2,84.61538461538461,130,110,4.615384615384613,-3.07692307692308
srt_h4096,22,3,79.45205479452055,146,116,8.904109589041099,-8.904109589041099
srt_h4096,22,4,85.22727272727273,176,150,7.954545454545453,-7.954545454545453
srt_h4096,22,5,79.6875,128,102,10.9375,-10.9375
srt_h4096,22,6,78.33333333333333,120,94,10.0,-10.0
srt_h4096,22,7,81.73913043478261,115,94,7.826086956521735,-7.826086956521735
srt_h4096,22,8,83.45864661654136,133,111,9.774436090225564,-9.774436090225564
srt_h4096,22,9,75.3731343283582,134,101,14.925373134328368,-14.925373134328368
srt_h4096,22,10,81.15942028985508,138,112,4.347826086956516,-4.347826086956516
srt_h4096,22,11,81.0,100,81,8.0,-8.0
srt_h4096,22,12,78.44827586206897,116,91,11.206896551724142,-11.206896551724142
srt_h4096,22,13,79.5275590551181,127,101,11.023622047244103,-11.023622047244103
srt_h4096,22,14,84.84848484848484,132,112,5.303030303030312,-5.303030303030312
srt_h4096,22,15,75.0,116,87,12.06896551724138,-12.06896551724138
srt_h4096,22,16,75.93984962406014,133,101,9.022556390977456,-9.022556390977456
srt_h4096,22,17,87.3015873015873,126,110,3.1746031746031775,-3.1746031746031775
srt_h4096,22,18,93.39622641509433,106,99,0.9433962264151035,-0.9433962264151035
srt_h4096,22,19,82.56880733944953,109,90,5.504587155963307,-5.504587155963307
srt_h4096,22,20,73.26732673267327,101,74,7.920792079207914,-7.920792079207914
srt_h4096,22,21,83.33333333333333,144,120,9.027777777777786,-9.027777777777786
srt_h4096,22,22,88.33333333333333,120,106,,
srt_h4096,23,1,82.20338983050847,118,97,12.711864406779668,-12.711864406779668
srt_h4096,23,2,85.38461538461539,130,111,3.8461538461538396,-2.3076923076923066
srt_h4096,23,3,76.02739726027397,146,111,12.328767123287676,-12.328767123287676
srt_h4096,23,4,85.79545454545455,176,151,7.38636363636364,-7.38636363636364
srt_h4096,23,5,78.90625,128,101,11.71875,-11.71875
srt_h4096,23,6,76.66666666666667,120,92,11.666666666666657,-11.666666666666657
srt_h4096,23,7,81.73913043478261,115,94,7.826086956521735,-7.826086956521735
srt_h4096,23,8,87.21804511278195,133,116,6.015037593984971,-6.015037593984971
srt_h4096,23,9,68.65671641791045,134,92,21.641791044776127,-21.641791044776127
srt_h4096,23,10,81.15942028985508,138,112,4.347826086956516,-4.347826086956516
srt_h4096,23,11,79.0,100,79,10.0,-10.0
srt_h4096,23,12,75.0,116,87,14.65517241379311,-14.65517241379311
srt_h4096,23,13,83.46456692913385,127,106,7.086614173228355,-7.086614173228355
srt_h4096,23,14,81.81818181818181,132,108,8.333333333333343,-8.333333333333343
srt_h4096,23,15,75.0,116,87,12.06896551724138,-12.06896551724138
srt_h4096,23,16,75.93984962406014,133,101,9.022556390977456,-9.022556390977456
srt_h4096,23,17,84.12698412698413,126,106,6.349206349206355,-6.349206349206355
srt_h4096,23,18,92.45283018867924,106,98,1.8867924528301927,-1.8867924528301927
srt_h4096,23,19,82.56880733944953,109,90,5.504587155963307,-5.504587155963307
srt_h4096,23,20,72.27722772277228,101,73,8.910891089108901,-8.910891089108901
srt_h4096,23,21,84.02777777777777,144,121,8.333333333333343,-8.333333333333343
srt_h4096,23,22,81.66666666666667,120,98,6.666666666666657,-6.666666666666657
srt_h4096,23,23,82.90598290598291,117,97,,
srt_h4096,24,1,75.42372881355932,118,89,19.491525423728817,-19.491525423728817
srt_h4096,24,2,87.6923076923077,130,114,1.538461538461533,0.0
srt_h4096,24,3,77.3972602739726,146,113,10.958904109589042,-10.958904109589042
srt_h4096,24,4,85.79545454545455,176,151,7.38636363636364,-7.38636363636364
srt_h4096,24,5,76.5625,128,98,14.0625,-14.0625
srt_h4096,24,6,80.0,120,96,8.333333333333329,-8.333333333333329
srt_h4096,24,7,80.0,115,92,9.565217391304344,-9.565217391304344
srt_h4096,24,8,87.21804511278195,133,116,6.015037593984971,-6.015037593984971
srt_h4096,24,9,77.61194029850746,134,104,12.68656716417911,-12.68656716417911
srt_h4096,24,10,80.43478260869566,138,111,5.072463768115938,-5.072463768115938
srt_h4096,24,11,79.0,100,79,10.0,-10.0
srt_h4096,24,12,74.13793103448276,116,86,15.517241379310349,-15.517241379310349
srt_h4096,24,13,84.25196850393701,127,107,6.2992125984252,-6.2992125984252
srt_h4096,24,14,86.36363636363636,132,114,3.787878787878796,-3.787878787878796
srt_h4096,24,15,76.72413793103448,116,89,10.344827586206904,-10.344827586206904
srt_h4096,24,16,74.43609022556392,133,99,10.526315789473685,-10.526315789473685
srt_h4096,24,17,81.74603174603175,126,103,8.730158730158735,-8.730158730158735
srt_h4096,24,18,89.62264150943396,106,95,4.716981132075475,-4.716981132075475
srt_h4096,24,19,84.40366972477064,109,92,3.6697247706422047,-3.6697247706422047
srt_h4096,24,20,73.26732673267327,101,74,7.920792079207914,-7.920792079207914
srt_h4096,24,21,84.02777777777777,144,121,8.333333333333343,-8.333333333333343
srt_h4096,24,22,81.66666666666667,120,98,6.666666666666657,-6.666666666666657
srt_h4096,24,23,77.77777777777777,117,91,5.128205128205138,-5.128205128205138
srt_h4096,24,24,81.3953488372093,86,70,,
srt_h4096,25,1,77.11864406779661,118,91,17.79661016949153,-17.79661016949153
srt_h4096,25,2,78.46153846153847,130,102,10.76923076923076,-9.230769230769226
srt_h4096,25,3,78.08219178082192,146,114,10.273972602739732,-10.273972602739732
srt_h4096,25,4,82.95454545454545,176,146,10.227272727272734,-10.227272727272734
srt_h4096,25,5,80.46875,128,103,10.15625,-10.15625
srt_h4096,25,6,78.33333333333333,120,94,10.0,-10.0
srt_h4096,25,7,80.0,115,92,9.565217391304344,-9.565217391304344
srt_h4096,25,8,85.71428571428571,133,114,7.518796992481214,-7.518796992481214
srt_h4096,25,9,79.85074626865672,134,107,10.447761194029852,-10.447761194029852
srt_h4096,25,10,76.81159420289855,138,106,8.695652173913047,-8.695652173913047
srt_h4096,25,11,81.0,100,81,8.0,-8.0
srt_h4096,25,12,73.27586206896552,116,85,16.379310344827587,-16.379310344827587
srt_h4096,25,13,82.67716535433071,127,105,7.874015748031496,-7.874015748031496
srt_h4096,25,14,85.60606060606061,132,113,4.545454545454547,-4.545454545454547
srt_h4096,25,15,74.13793103448276,116,86,12.93103448275862,-12.93103448275862
srt_h4096,25,16,75.18796992481202,133,100,9.774436090225578,-9.774436090225578
srt_h4096,25,17,84.12698412698413,126,106,6.349206349206355,-6.349206349206355
srt_h4096,25,18,91.50943396226415,106,97,2.830188679245282,-2.830188679245282
srt_h4096,25,19,85.3211009174312,109,93,2.7522935779816464,-2.7522935779816464
srt_h4096,25,20,72.27722772277228,101,73,8.910891089108901,-8.910891089108901
srt_h4096,25,21,84.72222222222223,144,122,7.638888888888886,-7.638888888888886
srt_h4096,25,22,80.83333333333333,120,97,7.5,-7.5
srt_h4096,25,23,75.21367521367522,117,88,7.692307692307693,-7.692307692307693
srt_h4096,25,24,70.93023255813954,86,61,10.465116279069761,-10.465116279069761
srt_h4096,25,25,81.53846153846153,65,53,,
srt_h4096,26,1,77.96610169491525,118,92,16.949152542372886,-16.949152542372886
srt_h4096,26,2,81.53846153846153,130,106,7.692307692307693,-6.15384615384616
srt_h4096,26,3,74.65753424657534,146,109,13.69863013698631,-13.69863013698631
srt_h4096,26,4,85.79545454545455,176,151,7.38636363636364,-7.38636363636364
srt_h4096,26,5,81.25,128,104,9.375,-9.375
srt_h4096,26,6,76.66666666666667,120,92,11.666666666666657,-11.666666666666657
srt_h4096,26,7,77.3913043478261,115,89,12.173913043478251,-12.173913043478251
srt_h4096,26,8,85.71428571428571,133,114,7.518796992481214,-7.518796992481214
srt_h4096,26,9,77.61194029850746,134,104,12.68656716417911,-12.68656716417911
srt_h4096,26,10,74.6376811594203,138,103,10.869565217391298,-10.869565217391298
srt_h4096,26,11,74.0,100,74,15.0,-15.0
srt_h4096,26,12,74.13793103448276,116,86,15.517241379310349,-15.517241379310349
srt_h4096,26,13,81.88976377952756,127,104,8.661417322834652,-8.661417322834652
srt_h4096,26,14,86.36363636363636,132,114,3.787878787878796,-3.787878787878796
srt_h4096,26,15,76.72413793103448,116,89,10.344827586206904,-10.344827586206904
srt_h4096,26,16,73.6842105263158,133,98,11.278195488721806,-11.278195488721806
srt_h4096,26,17,81.74603174603175,126,103,8.730158730158735,-8.730158730158735
srt_h4096,26,18,91.50943396226415,106,97,2.830188679245282,-2.830188679245282
srt_h4096,26,19,74.31192660550458,109,81,13.76146788990826,-13.76146788990826
srt_h4096,26,20,71.2871287128713,101,72,9.900990099009888,-9.900990099009888
srt_h4096,26,21,81.94444444444444,144,118,10.416666666666671,-10.416666666666671
srt_h4096,26,22,80.83333333333333,120,97,7.5,-7.5
srt_h4096,26,23,79.48717948717949,117,93,3.418803418803421,-3.418803418803421
srt_h4096,26,24,69.76744186046511,86,60,11.627906976744185,-11.627906976744185
srt_h4096,26,25,70.76923076923077,65,46,10.76923076923076,-10.76923076923076
srt_h4096,26,26,89.4308943089431,123,110,,
srt_h4096,27,1,71.1864406779661,118,84,23.728813559322035,-23.728813559322035
srt_h4096,27,2,81.53846153846153,130,106,7.692307692307693,-6.15384615384616
srt_h4096,27,3,79.45205479452055,146,116,8.904109589041099,-8.904109589041099
srt_h4096,27,4,84.6590909090909,176,149,8.52272727272728,-8.52272727272728
srt_h4096,27,5,80.46875,128,103,10.15625,-10.15625
srt_h4096,27,6,77.5,120,93,10.833333333333329,-10.833333333333329
srt_h4096,27,7,77.3913043478261,115,89,12.173913043478251,-12.173913043478251
srt_h4096,27,8,84.21052631578948,133,112,9.022556390977442,-9.022556390977442
srt_h4096,27,9,74.6268656716418,134,100,15.671641791044777,-15.671641791044777
srt_h4096,27,10,78.98550724637681,138,109,6.521739130434781,-6.521739130434781
srt_h4096,27,11,76.0,100,76,13.0,-13.0
srt_h4096,27,12,73.27586206896552,116,85,16.379310344827587,-16.379310344827587
srt_h4096,27,13,81.10236220472441,127,103,9.448818897637793,-9.448818897637793
srt_h4096,27,14,85.60606060606061,132,113,4.545454545454547,-4.545454545454547
srt_h4096,27,15,73.27586206896552,116,85,13.793103448275858,-13.793103448275858
srt_h4096,27,16,77.44360902255639,133,103,7.518796992481214,-7.518796992481214
srt_h4096,27,17,85.71428571428571,126,108,4.761904761904773,-4.761904761904773
srt_h4096,27,18,90.56603773584905,106,96,3.7735849056603854,-3.7735849056603854
srt_h4096,27,19,83.4862385321101,109,91,4.587155963302749,-4.587155963302749
srt_h4096,27,20,75.24752475247524,101,76,5.940594059405939,-5.940594059405939
srt_h4096,27,21,83.33333333333333,144,120,9.027777777777786,-9.027777777777786
srt_h4096,27,22,79.16666666666667,120,95,9.166666666666657,-9.166666666666657
srt_h4096,27,23,74.35897435897436,117,87,8.547008547008545,-8.547008547008545
srt_h4096,27,24,70.93023255813954,86,61,10.465116279069761,-10.465116279069761
srt_h4096,27,25,72.3076923076923,65,47,9.230769230769226,-9.230769230769226
srt_h4096,27,26,75.60975609756098,123,93,13.82113821138212,-13.82113821138212
srt_h4096,27,27,88.49557522123894,113,100,,
srt_h4096,28,1,72.03389830508475,118,85,22.88135593220339,-22.88135593220339
srt_h4096,28,2,82.3076923076923,130,107,6.92307692307692,-5.384615384615387
srt_h4096,28,3,78.76712328767124,146,115,9.589041095890408,-9.589041095890408
srt_h4096,28,4,84.6590909090909,176,149,8.52272727272728,-8.52272727272728
srt_h4096,28,5,81.25,128,104,9.375,-9.375
srt_h4096,28,6,80.0,120,96,8.333333333333329,-8.333333333333329
srt_h4096,28,7,78.26086956521739,115,90,11.304347826086953,-11.304347826086953
srt_h4096,28,8,84.21052631578948,133,112,9.022556390977442,-9.022556390977442
srt_h4096,28,9,79.1044776119403,134,106,11.194029850746276,-11.194029850746276
srt_h4096,28,10,74.6376811594203,138,103,10.869565217391298,-10.869565217391298
srt_h4096,28,11,78.0,100,78,11.0,-11.0
srt_h4096,28,12,71.55172413793103,116,83,18.10344827586208,-18.10344827586208
srt_h4096,28,13,81.10236220472441,127,103,9.448818897637793,-9.448818897637793
srt_h4096,28,14,86.36363636363636,132,114,3.787878787878796,-3.787878787878796
srt_h4096,28,15,77.58620689655173,116,90,9.482758620689651,-9.482758620689651
srt_h4096,28,16,75.93984962406014,133,101,9.022556390977456,-9.022556390977456
srt_h4096,28,17,81.74603174603175,126,103,8.730158730158735,-8.730158730158735
srt_h4096,28,18,90.56603773584905,106,96,3.7735849056603854,-3.7735849056603854
srt_h4096,28,19,86.23853211009174,109,94,1.8348623853211024,-1.8348623853211024
srt_h4096,28,20,72.27722772277228,101,73,8.910891089108901,-8.910891089108901
srt_h4096,28,21,84.02777777777777,144,121,8.333333333333343,-8.333333333333343
srt_h4096,28,22,79.16666666666667,120,95,9.166666666666657,-9.166666666666657
srt_h4096,28,23,74.35897435897436,117,87,8.547008547008545,-8.547008547008545
srt_h4096,28,24,73.25581395348837,86,63,8.139534883720927,-8.139534883720927
srt_h4096,28,25,72.3076923076923,65,47,9.230769230769226,-9.230769230769226
srt_h4096,28,26,77.23577235772358,123,95,12.19512195121952,-12.19512195121952
srt_h4096,28,27,78.76106194690266,113,89,9.73451327433628,-9.73451327433628
srt_h4096,28,28,89.2156862745098,102,91,,
srt_h4096,29,1,74.57627118644068,118,88,20.33898305084746,-20.33898305084746
srt_h4096,29,2,83.84615384615384,130,109,5.384615384615387,-3.846153846153854
srt_h4096,29,3,76.71232876712328,146,112,11.643835616438366,-11.643835616438366
srt_h4096,29,4,83.52272727272727,176,147,9.65909090909092,-9.65909090909092
srt_h4096,29,5,69.53125,128,89,21.09375,-21.09375
srt_h4096,29,6,74.16666666666667,120,89,14.166666666666657,-14.166666666666657
srt_h4096,29,7,79.1304347826087,115,91,10.434782608695642,-10.434782608695642
srt_h4096,29,8,84.21052631578948,133,112,9.022556390977442,-9.022556390977442
srt_h4096,29,9,79.1044776119403,134,106,11.194029850746276,-11.194029850746276
srt_h4096,29,10,75.3623188405797,138,104,10.14492753623189,-10.14492753623189
srt_h4096,29,11,73.0,100,73,16.0,-16.0
srt_h4096,29,12,71.55172413793103,116,83,18.10344827586208,-18.10344827586208
srt_h4096,29,13,80.31496062992126,127,102,10.236220472440948,-10.236220472440948
srt_h4096,29,14,82.57575757575758,132,109,7.575757575757578,-7.575757575757578
srt_h4096,29,15,76.72413793103448,116,89,10.344827586206904,-10.344827586206904
srt_h4096,29,16,74.43609022556392,133,99,10.526315789473685,-10.526315789473685
srt_h4096,29,17,80.95238095238095,126,102,9.523809523809533,-9.523809523809533
srt_h4096,29,18,91.50943396226415,106,97,2.830188679245282,-2.830188679245282
srt_h4096,29,19,71.55963302752293,109,78,16.513761467889907,-16.513761467889907
srt_h4096,29,20,72.27722772277228,101,73,8.910891089108901,-8.910891089108901
srt_h4096,29,21,83.33333333333333,144,120,9.027777777777786,-9.027777777777786
srt_h4096,29,22,80.83333333333333,120,97,7.5,-7.5
srt_h4096,29,23,76.06837606837607,117,89,6.837606837606842,-6.837606837606842
srt_h4096,29,24,72.09302325581395,86,62,9.302325581395351,-9.302325581395351
srt_h4096,29,25,72.3076923076923,65,47,9.230769230769226,-9.230769230769226
srt_h4096,29,26,78.04878048780488,123,96,11.38211382113822,-11.38211382113822
srt_h4096,29,27,81.41592920353982,113,92,7.079646017699119,-7.079646017699119
srt_h4096,29,28,86.27450980392157,102,88,2.941176470588232,-2.941176470588232
srt_h4096,29,29,88.59649122807018,114,101,,
srt_h4096,30,1,74.57627118644068,118,88,20.33898305084746,-20.33898305084746
srt_h4096,30,2,83.84615384615384,130,109,5.384615384615387,-3.846153846153854
srt_h4096,30,3,76.02739726027397,146,111,12.328767123287676,-12.328767123287676
srt_h4096,30,4,80.68181818181819,176,142,12.5,-12.5
srt_h4096,30,5,75.78125,128,97,14.84375,-14.84375
srt_h4096,30,6,77.5,120,93,10.833333333333329,-10.833333333333329
srt_h4096,30,7,77.3913043478261,115,89,12.173913043478251,-12.173913043478251
srt_h4096,30,8,83.45864661654136,133,111,9.774436090225564,-9.774436090225564
srt_h4096,30,9,79.1044776119403,134,106,11.194029850746276,-11.194029850746276
srt_h4096,30,10,75.3623188405797,138,104,10.14492753623189,-10.14492753623189
srt_h4096,30,11,72.0,100,72,17.0,-17.0
srt_h4096,30,12,69.82758620689656,116,81,19.827586206896555,-19.827586206896555
srt_h4096,30,13,78.74015748031496,127,100,11.811023622047244,-11.811023622047244
srt_h4096,30,14,86.36363636363636,132,114,3.787878787878796,-3.787878787878796
srt_h4096,30,15,77.58620689655173,116,90,9.482758620689651,-9.482758620689651
srt_h4096,30,16,73.6842105263158,133,98,11.278195488721806,-11.278195488721806
srt_h4096,30,17,79.36507936507937,126,100,11.111111111111114,-11.111111111111114
srt_h4096,30,18,90.56603773584905,106,96,3.7735849056603854,-3.7735849056603854
srt_h4096,30,19,78.89908256880734,109,86,9.174311926605498,-9.174311926605498
srt_h4096,30,20,73.26732673267327,101,74,7.920792079207914,-7.920792079207914
srt_h4096,30,21,81.94444444444444,144,118,10.416666666666671,-10.416666666666671
srt_h4096,30,22,78.33333333333333,120,94,10.0,-10.0
srt_h4096,30,23,80.34188034188034,117,94,2.564102564102569,-2.564102564102569
srt_h4096,30,24,75.5813953488372,86,65,5.813953488372093,-5.813953488372093
srt_h4096,30,25,75.38461538461539,65,49,6.153846153846146,-6.153846153846146
srt_h4096,30,26,83.73983739837398,123,103,5.691056910569117,-5.691056910569117
srt_h4096,30,27,79.64601769911505,113,90,8.849557522123888,-8.849557522123888
srt_h4096,30,28,86.27450980392157,102,88,2.941176470588232,-2.941176470588232
srt_h4096,30,29,77.19298245614036,114,88,11.403508771929822,-11.403508771929822
srt_h4096,30,30,88.3177570093458,214,189,,
srt_h4096,31,1,73.72881355932203,118,87,21.186440677966104,-21.186440677966104
srt_h4096,31,2,84.61538461538461,130,110,4.615384615384613,-3.07692307692308
srt_h4096,31,3,76.02739726027397,146,111,12.328767123287676,-12.328767123287676
srt_h4096,31,4,84.0909090909091,176,148,9.090909090909093,-9.090909090909093
srt_h4096,31,5,77.34375,128,99,13.28125,-13.28125
srt_h4096,31,6,77.5,120,93,10.833333333333329,-10.833333333333329
srt_h4096,31,7,80.8695652173913,115,93,8.695652173913047,-8.695652173913047
srt_h4096,31,8,83.45864661654136,133,111,9.774436090225564,-9.774436090225564
srt_h4096,31,9,73.13432835820896,134,98,17.16417910447761,-17.16417910447761
srt_h4096,31,10,78.98550724637681,138,109,6.521739130434781,-6.521739130434781
srt_h4096,31,11,77.0,100,77,12.0,-12.0
srt_h4096,31,12,71.55172413793103,116,83,18.10344827586208,-18.10344827586208
srt_h4096,31,13,79.5275590551181,127,101,11.023622047244103,-11.023622047244103
srt_h4096,31,14,82.57575757575758,132,109,7.575757575757578,-7.575757575757578
srt_h4096,31,15,75.0,116,87,12.06896551724138,-12.06896551724138
srt_h4096,31,16,74.43609022556392,133,99,10.526315789473685,-10.526315789473685
srt_h4096,31,17,84.92063492063492,126,107,5.555555555555557,-5.555555555555557
srt_h4096,31,18,88.67924528301887,106,94,5.660377358490564,-5.660377358490564
srt_h4096,31,19,77.98165137614679,109,85,10.091743119266056,-10.091743119266056
srt_h4096,31,20,72.27722772277228,101,73,8.910891089108901,-8.910891089108901
srt_h4096,31,21,84.02777777777777,144,121,8.333333333333343,-8.333333333333343
srt_h4096,31,22,79.16666666666667,120,95,9.166666666666657,-9.166666666666657
srt_h4096,31,23,77.77777777777777,117,91,5.128205128205138,-5.128205128205138
srt_h4096,31,24,73.25581395348837,86,63,8.139534883720927,-8.139534883720927
srt_h4096,31,25,69.23076923076923,65,45,12.307692307692307,-12.307692307692307
srt_h4096,31,26,77.23577235772358,123,95,12.19512195121952,-12.19512195121952
srt_h4096,31,27,83.1858407079646,113,94,5.309734513274336,-5.309734513274336
srt_h4096,31,28,85.29411764705883,102,87,3.9215686274509807,-3.9215686274509807
srt_h4096,31,29,78.0701754385965,114,89,10.526315789473685,-10.526315789473685
srt_h4096,31,30,85.04672897196262,214,182,3.271028037383175,-3.271028037383175
srt_h4096,31,31,92.10526315789474,114,105,,
srt_h4096,32,1,77.11864406779661,118,91,17.79661016949153,-17.79661016949153
srt_h4096,32,2,83.07692307692308,130,108,6.153846153846146,-4.615384615384613
srt_h4096,32,3,75.34246575342466,146,110,13.013698630136986,-13.013698630136986
srt_h4096,32,4,82.95454545454545,176,146,10.227272727272734,-10.227272727272734
srt_h4096,32,5,78.125,128,100,12.5,-12.5
srt_h4096,32,6,76.66666666666667,120,92,11.666666666666657,-11.666666666666657
srt_h4096,32,7,77.3913043478261,115,89,12.173913043478251,-12.173913043478251
srt_h4096,32,8,83.45864661654136,133,111,9.774436090225564,-9.774436090225564
srt_h4096,32,9,80.59701492537313,134,108,9.701492537313442,-9.701492537313442
srt_h4096,32,10,76.08695652173913,138,105,9.420289855072468,-9.420289855072468
srt_h4096,32,11,77.0,100,77,12.0,-12.0
srt_h4096,32,12,71.55172413793103,116,83,18.10344827586208,-18.10344827586208
srt_h4096,32,13,78.74015748031496,127,100,11.811023622047244,-11.811023622047244
srt_h4096,32,14,84.0909090909091,132,111,6.060606060606062,-6.060606060606062
srt_h4096,32,15,76.72413793103448,116,89,10.344827586206904,-10.344827586206904
srt_h4096,32,16,72.18045112781955,133,96,12.781954887218049,-12.781954887218049
srt_h4096,32,17,84.92063492063492,126,107,5.555555555555557,-5.555555555555557
srt_h4096,32,18,87.73584905660377,106,93,6.603773584905667,-6.603773584905667
srt_h4096,32,19,77.06422018348624,109,84,11.0091743119266,-11.0091743119266
srt_h4096,32,20,70.29702970297029,101,71,10.89108910891089,-10.89108910891089
srt_h4096,32,21,81.94444444444444,144,118,10.416666666666671,-10.416666666666671
srt_h4096,32,22,78.33333333333333,120,94,10.0,-10.0
srt_h4096,32,23,79.48717948717949,117,93,3.418803418803421,-3.418803418803421
srt_h4096,32,24,70.93023255813954,86,61,10.465116279069761,-10.465116279069761
srt_h4096,32,25,72.3076923076923,65,47,9.230769230769226,-9.230769230769226
srt_h4096,32,26,78.04878048780488,123,96,11.38211382113822,-11.38211382113822
srt_h4096,32,27,83.1858407079646,113,94,5.309734513274336,-5.309734513274336
srt_h4096,32,28,86.27450980392157,102,88,2.941176470588232,-2.941176470588232
srt_h4096,32,29,73.6842105263158,114,84,14.912280701754383,-14.912280701754383
srt_h4096,32,30,84.57943925233644,214,181,3.738317757009355,-3.738317757009355
srt_h4096,32,31,87.71929824561404,114,100,4.3859649122806985,-4.3859649122806985
srt_h4096,32,32,86.40776699029126,103,89,,
srt_h4096,33,1,73.72881355932203,118,87,21.186440677966104,-21.186440677966104
srt_h4096,33,2,82.3076923076923,130,107,6.92307692307692,-5.384615384615387
srt_h4096,33,3,76.71232876712328,146,112,11.643835616438366,-11.643835616438366
srt_h4096,33,4,80.68181818181819,176,142,12.5,-12.5
srt_h4096,33,5,75.78125,128,97,14.84375,-14.84375
srt_h4096,33,6,78.33333333333333,120,94,10.0,-10.0
srt_h4096,33,7,81.73913043478261,115,94,7.826086956521735,-7.826086956521735
srt_h4096,33,8,83.45864661654136,133,111,9.774436090225564,-9.774436090225564
srt_h4096,33,9,79.1044776119403,134,106,11.194029850746276,-11.194029850746276
srt_h4096,33,10,76.08695652173913,138,105,9.420289855072468,-9.420289855072468
srt_h4096,33,11,77.0,100,77,12.0,-12.0
srt_h4096,33,12,72.41379310344827,116,84,17.24137931034484,-17.24137931034484
srt_h4096,33,13,85.03937007874016,127,108,5.511811023622045,-5.511811023622045
srt_h4096,33,14,86.36363636363636,132,114,3.787878787878796,-3.787878787878796
srt_h4096,33,15,77.58620689655173,116,90,9.482758620689651,-9.482758620689651
srt_h4096,33,16,71.42857142857143,133,95,13.53383458646617,-13.53383458646617
srt_h4096,33,17,84.12698412698413,126,106,6.349206349206355,-6.349206349206355
srt_h4096,33,18,89.62264150943396,106,95,4.716981132075475,-4.716981132075475
srt_h4096,33,19,79.81651376146789,109,87,8.256880733944953,-8.256880733944953
srt_h4096,33,20,67.32673267326733,101,68,13.861386138613852,-13.861386138613852
srt_h4096,33,21,84.72222222222223,144,122,7.638888888888886,-7.638888888888886
srt_h4096,33,22,80.83333333333333,120,97,7.5,-7.5
srt_h4096,33,23,79.48717948717949,117,93,3.418803418803421,-3.418803418803421
srt_h4096,33,24,67.44186046511628,86,58,13.95348837209302,-13.95348837209302
srt_h4096,33,25,70.76923076923077,65,46,10.76923076923076,-10.76923076923076
srt_h4096,33,26,79.67479674796748,123,98,9.756097560975618,-9.756097560975618
srt_h4096,33,27,83.1858407079646,113,94,5.309734513274336,-5.309734513274336
srt_h4096,33,28,86.27450980392157,102,88,2.941176470588232,-2.941176470588232
srt_h4096,33,29,72.80701754385964,114,83,15.789473684210535,-15.789473684210535
srt_h4096,33,30,84.11214953271028,214,180,4.205607476635521,-4.205607476635521
srt_h4096,33,31,86.84210526315789,114,99,5.26315789473685,-5.26315789473685
srt_h4096,33,32,76.69902912621359,103,79,9.708737864077676,-9.708737864077676
srt_h4096,33,33,87.38738738738739,111,97,,
srt_h4096,34,1,74.57627118644068,118,88,20.33898305084746,-20.33898305084746
srt_h4096,34,2,85.38461538461539,130,111,3.8461538461538396,-2.3076923076923066
srt_h4096,34,3,74.65753424657534,146,109,13.69863013698631,-13.69863013698631
srt_h4096,34,4,80.11363636363636,176,141,13.068181818181827,-13.068181818181827
srt_h4096,34,5,76.5625,128,98,14.0625,-14.0625
srt_h4096,34,6,75.0,120,90,13.333333333333329,-13.333333333333329
srt_h4096,34,7,80.8695652173913,115,93,8.695652173913047,-8.695652173913047
srt_h4096,34,8,83.45864661654136,133,111,9.774436090225564,-9.774436090225564
srt_h4096,34,9,72.38805970149254,134,97,17.910447761194035,-17.910447761194035
srt_h4096,34,10,80.43478260869566,138,111,5.072463768115938,-5.072463768115938
srt_h4096,34,11,73.0,100,73,16.0,-16.0
srt_h4096,34,12,73.27586206896552,116,85,16.379310344827587,-16.379310344827587
srt_h4096,34,13,77.16535433070867,127,98,13.38582677165354,-13.38582677165354
srt_h4096,34,14,83.33333333333333,132,110,6.818181818181827,-6.818181818181827
srt_h4096,34,15,75.86206896551724,116,88,11.206896551724142,-11.206896551724142
srt_h4096,34,16,71.42857142857143,133,95,13.53383458646617,-13.53383458646617
srt_h4096,34,17,80.95238095238095,126,102,9.523809523809533,-9.523809523809533
srt_h4096,34,18,88.67924528301887,106,94,5.660377358490564,-5.660377358490564
srt_h4096,34,19,79.81651376146789,109,87,8.256880733944953,-8.256880733944953
srt_h4096,34,20,70.29702970297029,101,71,10.89108910891089,-10.89108910891089
srt_h4096,34,21,82.63888888888889,144,119,9.722222222222229,-9.722222222222229
srt_h4096,34,22,81.66666666666667,120,98,6.666666666666657,-6.666666666666657
srt_h4096,34,23,74.35897435897436,117,87,8.547008547008545,-8.547008547008545
srt_h4096,34,24,69.76744186046511,86,60,11.627906976744185,-11.627906976744185
srt_h4096,34,25,72.3076923076923,65,47,9.230769230769226,-9.230769230769226
srt_h4096,34,26,76.42276422764228,123,94,13.00813008130082,-13.00813008130082
srt_h4096,34,27,82.30088495575221,113,93,6.194690265486727,-6.194690265486727
srt_h4096,34,28,85.29411764705883,102,87,3.9215686274509807,-3.9215686274509807
srt_h4096,34,29,72.80701754385964,114,83,15.789473684210535,-15.789473684210535
srt_h4096,34,30,85.51401869158879,214,183,2.803738317757009,-2.803738317757009
srt_h4096,34,31,88.59649122807018,114,101,3.5087719298245617,-3.5087719298245617
srt_h4096,34,32,73.7864077669903,103,76,12.62135922330097,-12.62135922330097
srt_h4096,34,33,79.27927927927928,111,88,8.108108108108112,-8.108108108108112
srt_h4096,34,34,85.71428571428571,70,60,,
srt_h4096,35,1,74.57627118644068,118,88,20.33898305084746,-20.33898305084746
srt_h4096,35,2,83.07692307692308,130,108,6.153846153846146,-4.615384615384613
srt_h4096,35,3,73.28767123287672,146,107,15.06849315068493,-15.06849315068493
srt_h4096,35,4,77.27272727272727,176,136,15.90909090909092,-15.90909090909092
srt_h4096,35,5,74.21875,128,95,16.40625,-16.40625
srt_h4096,35,6,76.66666666666667,120,92,11.666666666666657,-11.666666666666657
srt_h4096,35,7,82.6086956521739,115,95,6.956521739130437,-6.956521739130437
srt_h4096,35,8,79.69924812030075,133,106,13.53383458646617,-13.53383458646617
srt_h4096,35,9,73.13432835820896,134,98,17.16417910447761,-17.16417910447761
srt_h4096,35,10,78.98550724637681,138,109,6.521739130434781,-6.521739130434781
srt_h4096,35,11,78.0,100,78,11.0,-11.0
srt_h4096,35,12,74.13793103448276,116,86,15.517241379310349,-15.517241379310349
srt_h4096,35,13,80.31496062992126,127,102,10.236220472440948,-10.236220472440948
srt_h4096,35,14,80.3030303030303,132,106,9.848484848484858,-9.848484848484858
srt_h4096,35,15,77.58620689655173,116,90,9.482758620689651,-9.482758620689651
srt_h4096,35,16,69.92481203007519,133,93,15.037593984962413,-15.037593984962413
srt_h4096,35,17,82.53968253968254,126,104,7.936507936507937,-7.936507936507937
srt_h4096,35,18,88.67924528301887,106,94,5.660377358490564,-5.660377358490564
srt_h4096,35,19,77.98165137614679,109,85,10.091743119266056,-10.091743119266056
srt_h4096,35,20,70.29702970297029,101,71,10.89108910891089,-10.89108910891089
srt_h4096,35,21,84.02777777777777,144,121,8.333333333333343,-8.333333333333343
srt_h4096,35,22,78.33333333333333,120,94,10.0,-10.0
srt_h4096,35,23,69.23076923076923,117,81,13.675213675213683,-13.675213675213683
srt_h4096,35,24,66.27906976744185,86,57,15.116279069767444,-15.116279069767444
srt_h4096,35,25,67.6923076923077,65,44,13.84615384615384,-13.84615384615384
srt_h4096,35,26,76.42276422764228,123,94,13.00813008130082,-13.00813008130082
srt_h4096,35,27,78.76106194690266,113,89,9.73451327433628,-9.73451327433628
srt_h4096,35,28,87.25490196078431,102,89,1.9607843137254974,-1.9607843137254974
srt_h4096,35,29,72.80701754385964,114,83,15.789473684210535,-15.789473684210535
srt_h4096,35,30,83.17757009345794,214,178,5.140186915887853,-5.140186915887853
srt_h4096,35,31,81.57894736842105,114,93,10.526315789473685,-10.526315789473685
srt_h4096,35,32,70.87378640776699,103,73,15.53398058252428,-15.53398058252428
srt_h4096,35,33,82.88288288288288,111,92,4.50450450450451,-4.50450450450451
srt_h4096,35,34,80.0,70,56,5.714285714285708,-5.714285714285708
srt_h4096,35,35,87.23404255319149,141,123,,
srt_h4096,36,1,73.72881355932203,118,87,21.186440677966104,-21.186440677966104
srt_h4096,36,2,75.38461538461539,130,98,13.84615384615384,-12.307692307692307
srt_h4096,36,3,75.34246575342466,146,110,13.013698630136986,-13.013698630136986
srt_h4096,36,4,78.97727272727273,176,139,14.204545454545453,-14.204545454545453
srt_h4096,36,5,76.5625,128,98,14.0625,-14.0625
srt_h4096,36,6,78.33333333333333,120,94,10.0,-10.0
srt_h4096,36,7,78.26086956521739,115,90,11.304347826086953,-11.304347826086953
srt_h4096,36,8,82.70676691729324,133,110,10.526315789473685,-10.526315789473685
srt_h4096,36,9,73.88059701492537,134,99,16.4179104477612,-16.4179104477612
srt_h4096,36,10,77.53623188405797,138,107,7.971014492753625,-7.971014492753625
srt_h4096,36,11,73.0,100,73,16.0,-16.0
srt_h4096,36,12,74.13793103448276,116,86,15.517241379310349,-15.517241379310349
srt_h4096,36,13,78.74015748031496,127,100,11.811023622047244,-11.811023622047244
srt_h4096,36,14,79.54545454545455,132,105,10.606060606060609,-10.606060606060609
srt_h4096,36,15,74.13793103448276,116,86,12.93103448275862,-12.93103448275862
srt_h4096,36,16,71.42857142857143,133,95,13.53383458646617,-13.53383458646617
srt_h4096,36,17,80.95238095238095,126,102,9.523809523809533,-9.523809523809533
srt_h4096,36,18,86.79245283018868,106,92,7.547169811320757,-7.547169811320757
srt_h4096,36,19,75.22935779816514,109,82,12.844036697247702,-12.844036697247702
srt_h4096,36,20,75.24752475247524,101,76,5.940594059405939,-5.940594059405939
srt_h4096,36,21,81.94444444444444,144,118,10.416666666666671,-10.416666666666671
srt_h4096,36,22,77.5,120,93,10.833333333333329,-10.833333333333329
srt_h4096,36,23,70.94017094017094,117,83,11.965811965811966,-11.965811965811966
srt_h4096,36,24,69.76744186046511,86,60,11.627906976744185,-11.627906976744185
srt_h4096,36,25,72.3076923076923,65,47,9.230769230769226,-9.230769230769226
srt_h4096,36,26,76.42276422764228,123,94,13.00813008130082,-13.00813008130082
srt_h4096,36,27,78.76106194690266,113,89,9.73451327433628,-9.73451327433628
srt_h4096,36,28,84.31372549019608,102,86,4.901960784313729,-4.901960784313729
srt_h4096,36,29,72.80701754385964,114,83,15.789473684210535,-15.789473684210535
srt_h4096,36,30,84.11214953271028,214,180,4.205607476635521,-4.205607476635521
srt_h4096,36,31,83.33333333333333,114,95,8.771929824561411,-8.771929824561411
srt_h4096,36,32,71.84466019417475,103,74,14.563106796116514,-14.563106796116514
srt_h4096,36,33,81.98198198198199,111,91,5.4054054054054035,-5.4054054054054035
srt_h4096,36,34,81.42857142857143,70,57,4.285714285714278,-4.285714285714278
srt_h4096,36,35,82.26950354609929,141,116,4.964539007092199,-4.964539007092199
srt_h4096,36,36,97.40259740259741,154,150,,
srt_h4096,37,1,73.72881355932203,118,87,21.186440677966104,-21.186440677966104
srt_h4096,37,2,80.76923076923077,130,105,8.461538461538453,-6.92307692307692
srt_h4096,37,3,68.4931506849315,146,100,19.86301369863014,-19.86301369863014
srt_h4096,37,4,80.11363636363636,176,141,13.068181818181827,-13.068181818181827
srt_h4096,37,5,76.5625,128,98,14.0625,-14.0625
srt_h4096,37,6,79.16666666666667,120,95,9.166666666666657,-9.166666666666657
srt_h4096,37,7,70.43478260869566,115,81,19.13043478260869,-19.13043478260869
srt_h4096,37,8,81.203007518797,133,108,12.030075187969928,-12.030075187969928
srt_h4096,37,9,75.3731343283582,134,101,14.925373134328368,-14.925373134328368
srt_h4096,37,10,73.18840579710145,138,101,12.318840579710141,-12.318840579710141
srt_h4096,37,11,75.0,100,75,14.0,-14.0
srt_h4096,37,12,71.55172413793103,116,83,18.10344827586208,-18.10344827586208
srt_h4096,37,13,77.16535433070867,127,98,13.38582677165354,-13.38582677165354
srt_h4096,37,14,83.33333333333333,132,110,6.818181818181827,-6.818181818181827
srt_h4096,37,15,75.86206896551724,116,88,11.206896551724142,-11.206896551724142
srt_h4096,37,16,69.92481203007519,133,93,15.037593984962413,-15.037593984962413
srt_h4096,37,17,81.74603174603175,126,103,8.730158730158735,-8.730158730158735
srt_h4096,37,18,83.9622641509434,106,89,10.377358490566039,-10.377358490566039
srt_h4096,37,19,77.98165137614679,109,85,10.091743119266056,-10.091743119266056
srt_h4096,37,20,70.29702970297029,101,71,10.89108910891089,-10.89108910891089
srt_h4096,37,21,84.02777777777777,144,121,8.333333333333343,-8.333333333333343
srt_h4096,37,22,77.5,120,93,10.833333333333329,-10.833333333333329
srt_h4096,37,23,70.08547008547009,117,82,12.820512820512818,-12.820512820512818
srt_h4096,37,24,66.27906976744185,86,57,15.116279069767444,-15.116279069767444
srt_h4096,37,25,69.23076923076923,65,45,12.307692307692307,-12.307692307692307
srt_h4096,37,26,76.42276422764228,123,94,13.00813008130082,-13.00813008130082
srt_h4096,37,27,76.99115044247787,113,87,11.504424778761063,-11.504424778761063
srt_h4096,37,28,85.29411764705883,102,87,3.9215686274509807,-3.9215686274509807
srt_h4096,37,29,69.29824561403508,114,79,19.298245614035096,-19.298245614035096
srt_h4096,37,30,84.57943925233644,214,181,3.738317757009355,-3.738317757009355
srt_h4096,37,31,83.33333333333333,114,95,8.771929824561411,-8.771929824561411
srt_h4096,37,32,75.72815533980582,103,78,10.679611650485441,-10.679611650485441
srt_h4096,37,33,79.27927927927928,111,88,8.108108108108112,-8.108108108108112
srt_h4096,37,34,80.0,70,56,5.714285714285708,-5.714285714285708
srt_h4096,37,35,81.56028368794327,141,115,5.673758865248217,-5.673758865248217
srt_h4096,37,36,95.45454545454545,154,147,1.9480519480519547,-1.9480519480519547
srt_h4096,37,37,87.89808917197452,157,138,,
srt_h4096,38,1,68.64406779661017,118,81,26.271186440677965,-26.271186440677965
srt_h4096,38,2,78.46153846153847,130,102,10.76923076923076,-9.230769230769226
srt_h4096,38,3,74.65753424657534,146,109,13.69863013698631,-13.69863013698631
srt_h4096,38,4,81.25,176,143,11.931818181818187,-11.931818181818187
srt_h4096,38,5,76.5625,128,98,14.0625,-14.0625
srt_h4096,38,6,78.33333333333333,120,94,10.0,-10.0
srt_h4096,38,7,73.04347826086956,115,84,16.52173913043478,-16.52173913043478
srt_h4096,38,8,84.9624060150376,133,113,8.27067669172932,-8.27067669172932
srt_h4096,38,9,76.86567164179104,134,103,13.432835820895534,-13.432835820895534
srt_h4096,38,10,76.81159420289855,138,106,8.695652173913047,-8.695652173913047
srt_h4096,38,11,75.0,100,75,14.0,-14.0
srt_h4096,38,12,71.55172413793103,116,83,18.10344827586208,-18.10344827586208
srt_h4096,38,13,75.59055118110236,127,96,14.960629921259851,-14.960629921259851
srt_h4096,38,14,83.33333333333333,132,110,6.818181818181827,-6.818181818181827
srt_h4096,38,15,77.58620689655173,116,90,9.482758620689651,-9.482758620689651
srt_h4096,38,16,71.42857142857143,133,95,13.53383458646617,-13.53383458646617
srt_h4096,38,17,81.74603174603175,126,103,8.730158730158735,-8.730158730158735
srt_h4096,38,18,83.9622641509434,106,89,10.377358490566039,-10.377358490566039
srt_h4096,38,19,78.89908256880734,109,86,9.174311926605498,-9.174311926605498
srt_h4096,38,20,72.27722772277228,101,73,8.910891089108901,-8.910891089108901
srt_h4096,38,21,86.11111111111111,144,124,6.25,-6.25
srt_h4096,38,22,78.33333333333333,120,94,10.0,-10.0
srt_h4096,38,23,71.7948717948718,117,84,11.111111111111114,-11.111111111111114
srt_h4096,38,24,69.76744186046511,86,60,11.627906976744185,-11.627906976744185
srt_h4096,38,25,69.23076923076923,65,45,12.307692307692307,-12.307692307692307
srt_h4096,38,26,74.79674796747967,123,92,14.63414634146342,-14.63414634146342
srt_h4096,38,27,76.10619469026548,113,86,12.389380530973455,-12.389380530973455
srt_h4096,38,28,85.29411764705883,102,87,3.9215686274509807,-3.9215686274509807
srt_h4096,38,29,72.80701754385964,114,83,15.789473684210535,-15.789473684210535
srt_h4096,38,30,84.57943925233644,214,181,3.738317757009355,-3.738317757009355
srt_h4096,38,31,82.45614035087719,114,94,9.649122807017548,-9.649122807017548
srt_h4096,38,32,73.7864077669903,103,76,12.62135922330097,-12.62135922330097
srt_h4096,38,33,82.88288288288288,111,92,4.50450450450451,-4.50450450450451
srt_h4096,38,34,80.0,70,56,5.714285714285708,-5.714285714285708
srt_h4096,38,35,82.26950354609929,141,116,4.964539007092199,-4.964539007092199
srt_h4096,38,36,92.20779220779221,154,142,5.194805194805198,-5.194805194805198
srt_h4096,38,37,80.2547770700637,157,126,7.643312101910823,-7.643312101910823
srt_h4096,38,38,97.2027972027972,143,139,,
srt_h4096,39,1,72.88135593220339,118,86,22.033898305084747,-22.033898305084747
srt_h4096,39,2,80.0,130,104,9.230769230769226,-7.692307692307693
srt_h4096,39,3,72.6027397260274,146,106,15.753424657534254,-15.753424657534254
srt_h4096,39,4,80.11363636363636,176,141,13.068181818181827,-13.068181818181827
srt_h4096,39,5,80.46875,128,103,10.15625,-10.15625
srt_h4096,39,6,78.33333333333333,120,94,10.0,-10.0
srt_h4096,39,7,75.65217391304348,115,87,13.91304347826086,-13.91304347826086
srt_h4096,39,8,84.21052631578948,133,112,9.022556390977442,-9.022556390977442
srt_h4096,39,9,72.38805970149254,134,97,17.910447761194035,-17.910447761194035
srt_h4096,39,10,76.08695652173913,138,105,9.420289855072468,-9.420289855072468
srt_h4096,39,11,71.0,100,71,18.0,-18.0
srt_h4096,39,12,69.82758620689656,116,81,19.827586206896555,-19.827586206896555
srt_h4096,39,13,78.74015748031496,127,100,11.811023622047244,-11.811023622047244
srt_h4096,39,14,81.06060606060606,132,107,9.090909090909093,-9.090909090909093
srt_h4096,39,15,76.72413793103448,116,89,10.344827586206904,-10.344827586206904
srt_h4096,39,16,72.93233082706767,133,97,12.030075187969928,-12.030075187969928
srt_h4096,39,17,80.95238095238095,126,102,9.523809523809533,-9.523809523809533
srt_h4096,39,18,84.90566037735849,106,90,9.43396226415095,-9.43396226415095
srt_h4096,39,19,77.06422018348624,109,84,11.0091743119266,-11.0091743119266
srt_h4096,39,20,70.29702970297029,101,71,10.89108910891089,-10.89108910891089
srt_h4096,39,21,84.02777777777777,144,121,8.333333333333343,-8.333333333333343
srt_h4096,39,22,79.16666666666667,120,95,9.166666666666657,-9.166666666666657
srt_h4096,39,23,71.7948717948718,117,84,11.111111111111114,-11.111111111111114
srt_h4096,39,24,61.627906976744185,86,53,19.767441860465112,-19.767441860465112
srt_h4096,39,25,70.76923076923077,65,46,10.76923076923076,-10.76923076923076
srt_h4096,39,26,75.60975609756098,123,93,13.82113821138212,-13.82113821138212
srt_h4096,39,27,75.22123893805309,113,85,13.274336283185846,-13.274336283185846
srt_h4096,39,28,87.25490196078431,102,89,1.9607843137254974,-1.9607843137254974
srt_h4096,39,29,74.56140350877193,114,85,14.035087719298247,-14.035087719298247
srt_h4096,39,30,83.64485981308411,214,179,4.672897196261687,-4.672897196261687
srt_h4096,39,31,82.45614035087719,114,94,9.649122807017548,-9.649122807017548
srt_h4096,39,32,72.81553398058253,103,75,13.592233009708735,-13.592233009708735
srt_h4096,39,33,80.18018018018019,111,89,7.207207207207205,-7.207207207207205
srt_h4096,39,34,77.14285714285714,70,54,8.57142857142857,-8.57142857142857
srt_h4096,39,35,84.39716312056737,141,119,2.836879432624116,-2.836879432624116
srt_h4096,39,36,94.15584415584415,154,145,3.246753246753258,-3.246753246753258
srt_h4096,39,37,79.61783439490446,157,125,8.280254777070056,-8.280254777070056
srt_h4096,39,38,91.60839160839161,143,131,5.594405594405586,-5.594405594405586
srt_h4096,39,39,89.47368421052632,114,102,,
srt_h4096,40,1,73.72881355932203,118,87,21.186440677966104,-21.186440677966104
srt_h4096,40,2,76.92307692307692,130,100,12.307692307692307,-10.769230769230774
srt_h4096,40,3,69.17808219178082,146,101,19.17808219178083,-19.17808219178083
srt_h4096,40,4,82.38636363636364,176,145,10.795454545454547,-10.795454545454547
srt_h4096,40,5,78.125,128,100,12.5,-12.5
srt_h4096,40,6,78.33333333333333,120,94,10.0,-10.0
srt_h4096,40,7,73.04347826086956,115,84,16.52173913043478,-16.52173913043478
srt_h4096,40,8,83.45864661654136,133,111,9.774436090225564,-9.774436090225564
srt_h4096,40,9,75.3731343283582,134,101,14.925373134328368,-14.925373134328368
srt_h4096,40,10,73.91304347826087,138,102,11.59420289855072,-11.59420289855072
srt_h4096,40,11,74.0,100,74,15.0,-15.0
srt_h4096,40,12,73.27586206896552,116,85,16.379310344827587,-16.379310344827587
srt_h4096,40,13,81.10236220472441,127,103,9.448818897637793,-9.448818897637793
srt_h4096,40,14,82.57575757575758,132,109,7.575757575757578,-7.575757575757578
srt_h4096,40,15,74.13793103448276,116,86,12.93103448275862,-12.93103448275862
srt_h4096,40,16,73.6842105263158,133,98,11.278195488721806,-11.278195488721806
srt_h4096,40,17,80.15873015873017,126,101,10.317460317460316,-10.317460317460316
srt_h4096,40,18,80.18867924528301,106,85,14.150943396226424,-14.150943396226424
srt_h4096,40,19,74.31192660550458,109,81,13.76146788990826,-13.76146788990826
srt_h4096,40,20,71.2871287128713,101,72,9.900990099009888,-9.900990099009888
srt_h4096,40,21,84.02777777777777,144,121,8.333333333333343,-8.333333333333343
srt_h4096,40,22,76.66666666666667,120,92,11.666666666666657,-11.666666666666657
srt_h4096,40,23,72.64957264957265,117,85,10.256410256410263,-10.256410256410263
srt_h4096,40,24,65.11627906976744,86,56,16.279069767441854,-16.279069767441854
srt_h4096,40,25,70.76923076923077,65,46,10.76923076923076,-10.76923076923076
srt_h4096,40,26,76.42276422764228,123,94,13.00813008130082,-13.00813008130082
srt_h4096,40,27,77.87610619469027,113,88,10.619469026548671,-10.619469026548671
srt_h4096,40,28,85.29411764705883,102,87,3.9215686274509807,-3.9215686274509807
srt_h4096,40,29,64.91228070175438,114,74,23.684210526315795,-23.684210526315795
srt_h4096,40,30,82.71028037383178,214,177,5.607476635514018,-5.607476635514018
srt_h4096,40,31,81.57894736842105,114,93,10.526315789473685,-10.526315789473685
srt_h4096,40,32,75.72815533980582,103,78,10.679611650485441,-10.679611650485441
srt_h4096,40,33,78.37837837837837,111,87,9.00900900900902,-9.00900900900902
srt_h4096,40,34,80.0,70,56,5.714285714285708,-5.714285714285708
srt_h4096,40,35,82.97872340425532,141,117,4.255319148936167,-4.255319148936167
srt_h4096,40,36,92.85714285714286,154,143,4.545454545454547,-4.545454545454547
srt_h4096,40,37,77.07006369426752,157,121,10.828025477707001,-10.828025477707001
srt_h4096,40,38,92.3076923076923,143,132,4.895104895104893,-4.895104895104893
srt_h4096,40,39,81.57894736842105,114,93,7.89473684210526,-7.89473684210526
srt_h4096,40,40,91.30434782608695,138,126,,
srt_h4096,41,1,74.57627118644068,118,88,20.33898305084746,-20.33898305084746
srt_h4096,41,2,78.46153846153847,130,102,10.76923076923076,-9.230769230769226
srt_h4096,41,3,73.97260273972603,146,108,14.38356164383562,-14.38356164383562
srt_h4096,41,4,81.25,176,143,11.931818181818187,-11.931818181818187
srt_h4096,41,5,76.5625,128,98,14.0625,-14.0625
srt_h4096,41,6,78.33333333333333,120,94,10.0,-10.0
srt_h4096,41,7,80.0,115,92,9.565217391304344,-9.565217391304344
srt_h4096,41,8,83.45864661654136,133,111,9.774436090225564,-9.774436090225564
srt_h4096,41,9,67.91044776119404,134,91,22.388059701492537,-22.388059701492537
srt_h4096,41,10,78.26086956521739,138,108,7.246376811594203,-7.246376811594203
srt_h4096,41,11,77.0,100,77,12.0,-12.0
srt_h4096,41,12,67.24137931034483,116,78,22.413793103448285,-22.413793103448285
srt_h4096,41,13,80.31496062992126,127,102,10.236220472440948,-10.236220472440948
srt_h4096,41,14,81.81818181818181,132,108,8.333333333333343,-8.333333333333343
srt_h4096,41,15,74.13793103448276,116,86,12.93103448275862,-12.93103448275862
srt_h4096,41,16,72.18045112781955,133,96,12.781954887218049,-12.781954887218049
srt_h4096,41,17,78.57142857142857,126,99,11.904761904761912,-11.904761904761912
srt_h4096,41,18,87.73584905660377,106,93,6.603773584905667,-6.603773584905667
srt_h4096,41,19,76.14678899082568,109,83,11.926605504587158,-11.926605504587158
srt_h4096,41,20,70.29702970297029,101,71,10.89108910891089,-10.89108910891089
srt_h4096,41,21,82.63888888888889,144,119,9.722222222222229,-9.722222222222229
srt_h4096,41,22,75.0,120,90,13.333333333333329,-13.333333333333329
srt_h4096,41,23,74.35897435897436,117,87,8.547008547008545,-8.547008547008545
srt_h4096,41,24,68.6046511627907,86,59,12.790697674418595,-12.790697674418595
srt_h4096,41,25,72.3076923076923,65,47,9.230769230769226,-9.230769230769226
srt_h4096,41,26,78.86178861788618,123,97,10.569105691056919,-10.569105691056919
srt_h4096,41,27,76.99115044247787,113,87,11.504424778761063,-11.504424778761063
srt_h4096,41,28,85.29411764705883,102,87,3.9215686274509807,-3.9215686274509807
srt_h4096,41,29,72.80701754385964,114,83,15.789473684210535,-15.789473684210535
srt_h4096,41,30,84.11214953271028,214,180,4.205607476635521,-4.205607476635521
srt_h4096,41,31,81.57894736842105,114,93,10.526315789473685,-10.526315789473685
srt_h4096,41,32,75.72815533980582,103,78,10.679611650485441,-10.679611650485441
srt_h4096,41,33,79.27927927927928,111,88,8.108108108108112,-8.108108108108112
srt_h4096,41,34,78.57142857142857,70,55,7.142857142857139,-7.142857142857139
srt_h4096,41,35,83.68794326241135,141,118,3.546099290780134,-3.546099290780134
srt_h4096,41,36,93.50649350649351,154,144,3.896103896103895,-3.896103896103895
srt_h4096,41,37,78.34394904458598,157,123,9.554140127388536,-9.554140127388536
srt_h4096,41,38,86.7132867132867,143,124,10.489510489510494,-10.489510489510494
srt_h4096,41,39,81.57894736842105,114,93,7.89473684210526,-7.89473684210526
srt_h4096,41,40,83.33333333333333,138,115,7.971014492753625,-7.971014492753625
srt_h4096,41,41,81.08108108108108,74,60,,
srt_h4096,42,1,72.03389830508475,118,85,22.88135593220339,-22.88135593220339
srt_h4096,42,2,81.53846153846153,130,106,7.692307692307693,-6.15384615384616
srt_h4096,42,3,74.65753424657534,146,109,13.69863013698631,-13.69863013698631
srt_h4096,42,4,76.70454545454545,176,135,16.477272727272734,-16.477272727272734
srt_h4096,42,5,74.21875,128,95,16.40625,-16.40625
srt_h4096,42,6,79.16666666666667,120,95,9.166666666666657,-9.166666666666657
srt_h4096,42,7,79.1304347826087,115,91,10.434782608695642,-10.434782608695642
srt_h4096,42,8,82.70676691729324,133,110,10.526315789473685,-10.526315789473685
srt_h4096,42,9,74.6268656716418,134,100,15.671641791044777,-15.671641791044777
srt_h4096,42,10,76.08695652173913,138,105,9.420289855072468,-9.420289855072468
srt_h4096,42,11,74.0,100,74,15.0,-15.0
srt_h4096,42,12,64.65517241379311,116,75,25.0,-25.0
srt_h4096,42,13,77.95275590551181,127,99,12.5984251968504,-12.5984251968504
srt_h4096,42,14,81.06060606060606,132,107,9.090909090909093,-9.090909090909093
srt_h4096,42,15,77.58620689655173,116,90,9.482758620689651,-9.482758620689651
srt_h4096,42,16,71.42857142857143,133,95,13.53383458646617,-13.53383458646617
srt_h4096,42,17,80.15873015873017,126,101,10.317460317460316,-10.317460317460316
srt_h4096,42,18,83.01886792452831,106,88,11.320754716981128,-11.320754716981128
srt_h4096,42,19,75.22935779816514,109,82,12.844036697247702,-12.844036697247702
srt_h4096,42,20,73.26732673267327,101,74,7.920792079207914,-7.920792079207914
srt_h4096,42,21,81.94444444444444,144,118,10.416666666666671,-10.416666666666671
srt_h4096,42,22,78.33333333333333,120,94,10.0,-10.0
srt_h4096,42,23,70.94017094017094,117,83,11.965811965811966,-11.965811965811966
srt_h4096,42,24,66.27906976744185,86,57,15.116279069767444,-15.116279069767444
srt_h4096,42,25,69.23076923076923,65,45,12.307692307692307,-12.307692307692307
srt_h4096,42,26,77.23577235772358,123,95,12.19512195121952,-12.19512195121952
srt_h4096,42,27,77.87610619469027,113,88,10.619469026548671,-10.619469026548671
srt_h4096,42,28,85.29411764705883,102,87,3.9215686274509807,-3.9215686274509807
srt_h4096,42,29,70.17543859649123,114,80,18.421052631578945,-18.421052631578945
srt_h4096,42,30,83.64485981308411,214,179,4.672897196261687,-4.672897196261687
srt_h4096,42,31,78.94736842105263,114,90,13.15789473684211,-13.15789473684211
srt_h4096,42,32,71.84466019417475,103,74,14.563106796116514,-14.563106796116514
srt_h4096,42,33,76.57657657657657,111,85,10.810810810810821,-10.810810810810821
srt_h4096,42,34,78.57142857142857,70,55,7.142857142857139,-7.142857142857139
srt_h4096,42,35,82.97872340425532,141,117,4.255319148936167,-4.255319148936167
srt_h4096,42,36,94.15584415584415,154,145,3.246753246753258,-3.246753246753258
srt_h4096,42,37,77.70700636942675,157,122,10.191082802547768,-10.191082802547768
srt_h4096,42,38,86.7132867132867,143,124,10.489510489510494,-10.489510489510494
srt_h4096,42,39,83.33333333333333,114,95,6.1403508771929864,-6.1403508771929864
srt_h4096,42,40,83.33333333333333,138,115,7.971014492753625,-7.971014492753625
srt_h4096,42,41,72.97297297297297,74,54,8.108108108108112,-8.108108108108112
srt_h4096,42,42,84.55882352941177,136,115,,
srt_h4096,43,1,73.72881355932203,118,87,21.186440677966104,-21.186440677966104
srt_h4096,43,2,82.3076923076923,130,107,6.92307692307692,-5.384615384615387
srt_h4096,43,3,74.65753424657534,146,109,13.69863013698631,-13.69863013698631
srt_h4096,43,4,79.54545454545455,176,140,13.63636363636364,-13.63636363636364
srt_h4096,43,5,75.78125,128,97,14.84375,-14.84375
srt_h4096,43,6,79.16666666666667,120,95,9.166666666666657,-9.166666666666657
srt_h4096,43,7,78.26086956521739,115,90,11.304347826086953,-11.304347826086953
srt_h4096,43,8,82.70676691729324,133,110,10.526315789473685,-10.526315789473685
srt_h4096,43,9,75.3731343283582,134,101,14.925373134328368,-14.925373134328368
srt_h4096,43,10,73.91304347826087,138,102,11.59420289855072,-11.59420289855072
srt_h4096,43,11,74.0,100,74,15.0,-15.0
srt_h4096,43,12,66.37931034482759,116,77,23.275862068965523,-23.275862068965523
srt_h4096,43,13,80.31496062992126,127,102,10.236220472440948,-10.236220472440948
srt_h4096,43,14,81.81818181818181,132,108,8.333333333333343,-8.333333333333343
srt_h4096,43,15,78.44827586206897,116,91,8.620689655172413,-8.620689655172413
srt_h4096,43,16,70.67669172932331,133,94,14.285714285714292,-14.285714285714292
srt_h4096,43,17,80.15873015873017,126,101,10.317460317460316,-10.317460317460316
srt_h4096,43,18,83.9622641509434,106,89,10.377358490566039,-10.377358490566039
srt_h4096,43,19,76.14678899082568,109,83,11.926605504587158,-11.926605504587158
srt_h4096,43,20,71.2871287128713,101,72,9.900990099009888,-9.900990099009888
srt_h4096,43,21,82.63888888888889,144,119,9.722222222222229,-9.722222222222229
srt_h4096,43,22,80.83333333333333,120,97,7.5,-7.5
srt_h4096,43,23,71.7948717948718,117,84,11.111111111111114,-11.111111111111114
srt_h4096,43,24,63.95348837209303,86,55,17.44186046511627,-17.44186046511627
srt_h4096,43,25,73.84615384615384,65,48,7.692307692307693,-7.692307692307693
srt_h4096,43,26,78.04878048780488,123,96,11.38211382113822,-11.38211382113822
srt_h4096,43,27,76.10619469026548,113,86,12.389380530973455,-12.389380530973455
srt_h4096,43,28,83.33333333333333,102,85,5.882352941176478,-5.882352941176478
srt_h4096,43,29,71.9298245614035,114,82,16.66666666666667,-16.66666666666667
srt_h4096,43,30,80.37383177570094,214,172,7.943925233644862,-7.943925233644862
srt_h4096,43,31,81.57894736842105,114,93,10.526315789473685,-10.526315789473685
srt_h4096,43,32,75.72815533980582,103,78,10.679611650485441,-10.679611650485441
srt_h4096,43,33,76.57657657657657,111,85,10.810810810810821,-10.810810810810821
srt_h4096,43,34,78.57142857142857,70,55,7.142857142857139,-7.142857142857139
srt_h4096,43,35,82.26950354609929,141,116,4.964539007092199,-4.964539007092199
srt_h4096,43,36,93.50649350649351,154,144,3.896103896103895,-3.896103896103895
srt_h4096,43,37,73.88535031847134,157,116,14.01273885350318,-14.01273885350318
srt_h4096,43,38,86.7132867132867,143,124,10.489510489510494,-10.489510489510494
srt_h4096,43,39,83.33333333333333,114,95,6.1403508771929864,-6.1403508771929864
srt_h4096,43,40,81.15942028985508,138,112,10.144927536231876,-10.144927536231876
srt_h4096,43,41,72.97297297297297,74,54,8.108108108108112,-8.108108108108112
srt_h4096,43,42,70.58823529411765,136,96,13.970588235294116,-13.970588235294116
srt_h4096,43,43,81.25,96,78,,
srt_h4096,44,1,72.03389830508475,118,85,22.88135593220339,-22.88135593220339
srt_h4096,44,2,75.38461538461539,130,98,13.84615384615384,-12.307692307692307
srt_h4096,44,3,74.65753424657534,146,109,13.69863013698631,-13.69863013698631
srt_h4096,44,4,81.25,176,143,11.931818181818187,-11.931818181818187
srt_h4096,44,5,78.125,128,100,12.5,-12.5
srt_h4096,44,6,80.0,120,96,8.333333333333329,-8.333333333333329
srt_h4096,44,7,76.52173913043478,115,88,13.043478260869563,-13.043478260869563
srt_h4096,44,8,82.70676691729324,133,110,10.526315789473685,-10.526315789473685
srt_h4096,44,9,70.8955223880597,134,95,19.40298507462687,-19.40298507462687
srt_h4096,44,10,75.3623188405797,138,104,10.14492753623189,-10.14492753623189
srt_h4096,44,11,74.0,100,74,15.0,-15.0
srt_h4096,44,12,68.96551724137932,116,80,20.689655172413794,-20.689655172413794
srt_h4096,44,13,81.10236220472441,127,103,9.448818897637793,-9.448818897637793
srt_h4096,44,14,80.3030303030303,132,106,9.848484848484858,-9.848484848484858
srt_h4096,44,15,75.86206896551724,116,88,11.206896551724142,-11.206896551724142
srt_h4096,44,16,72.93233082706767,133,97,12.030075187969928,-12.030075187969928
srt_h4096,44,17,78.57142857142857,126,99,11.904761904761912,-11.904761904761912
srt_h4096,44,18,83.01886792452831,106,88,11.320754716981128,-11.320754716981128
srt_h4096,44,19,74.31192660550458,109,81,13.76146788990826,-13.76146788990826
srt_h4096,44,20,72.27722772277228,101,73,8.910891089108901,-8.910891089108901
srt_h4096,44,21,80.55555555555556,144,116,11.805555555555557,-11.805555555555557
srt_h4096,44,22,77.5,120,93,10.833333333333329,-10.833333333333329
srt_h4096,44,23,72.64957264957265,117,85,10.256410256410263,-10.256410256410263
srt_h4096,44,24,66.27906976744185,86,57,15.116279069767444,-15.116279069767444
srt_h4096,44,25,69.23076923076923,65,45,12.307692307692307,-12.307692307692307
srt_h4096,44,26,78.86178861788618,123,97,10.569105691056919,-10.569105691056919
srt_h4096,44,27,78.76106194690266,113,89,9.73451327433628,-9.73451327433628
srt_h4096,44,28,83.33333333333333,102,85,5.882352941176478,-5.882352941176478
srt_h4096,44,29,69.29824561403508,114,79,19.298245614035096,-19.298245614035096
srt_h4096,44,30,82.71028037383178,214,177,5.607476635514018,-5.607476635514018
srt_h4096,44,31,79.82456140350877,114,91,12.280701754385973,-12.280701754385973
srt_h4096,44,32,73.7864077669903,103,76,12.62135922330097,-12.62135922330097
srt_h4096,44,33,81.08108108108108,111,90,6.306306306306311,-6.306306306306311
srt_h4096,44,34,78.57142857142857,70,55,7.142857142857139,-7.142857142857139
srt_h4096,44,35,82.26950354609929,141,116,4.964539007092199,-4.964539007092199
srt_h4096,44,36,92.20779220779221,154,142,5.194805194805198,-5.194805194805198
srt_h4096,44,37,75.79617834394904,157,119,12.101910828025481,-12.101910828025481
srt_h4096,44,38,90.9090909090909,143,130,6.293706293706293,-6.293706293706293
srt_h4096,44,39,84.21052631578948,114,96,5.263157894736835,-5.263157894736835
srt_h4096,44,40,81.8840579710145,138,113,9.420289855072454,-9.420289855072454
srt_h4096,44,41,75.67567567567568,74,56,5.4054054054054035,-5.4054054054054035
srt_h4096,44,42,69.8529411764706,136,95,14.705882352941174,-14.705882352941174
srt_h4096,44,43,76.04166666666667,96,73,5.208333333333329,-5.208333333333329
srt_h4096,44,44,90.41095890410959,73,66,,
srt_h4096,45,1,73.72881355932203,118,87,21.186440677966104,-21.186440677966104
srt_h4096,45,2,77.6923076923077,130,101,11.538461538461533,-10.0
srt_h4096,45,3,74.65753424657534,146,109,13.69863013698631,-13.69863013698631
srt_h4096,45,4,78.4090909090909,176,138,14.77272727272728,-14.77272727272728
srt_h4096,45,5,67.1875,128,86,23.4375,-23.4375
srt_h4096,45,6,79.16666666666667,120,95,9.166666666666657,-9.166666666666657
srt_h4096,45,7,78.26086956521739,115,90,11.304347826086953,-11.304347826086953
srt_h4096,45,8,82.70676691729324,133,110,10.526315789473685,-10.526315789473685
srt_h4096,45,9,66.41791044776119,134,89,23.880597014925385,-23.880597014925385
srt_h4096,45,10,76.81159420289855,138,106,8.695652173913047,-8.695652173913047
srt_h4096,45,11,78.0,100,78,11.0,-11.0
srt_h4096,45,12,70.6896551724138,116,82,18.965517241379317,-18.965517241379317
srt_h4096,45,13,79.5275590551181,127,101,11.023622047244103,-11.023622047244103
srt_h4096,45,14,81.81818181818181,132,108,8.333333333333343,-8.333333333333343
srt_h4096,45,15,78.44827586206897,116,91,8.620689655172413,-8.620689655172413
srt_h4096,45,16,72.18045112781955,133,96,12.781954887218049,-12.781954887218049
srt_h4096,45,17,82.53968253968254,126,104,7.936507936507937,-7.936507936507937
srt_h4096,45,18,87.73584905660377,106,93,6.603773584905667,-6.603773584905667
srt_h4096,45,19,76.14678899082568,109,83,11.926605504587158,-11.926605504587158
srt_h4096,45,20,72.27722772277228,101,73,8.910891089108901,-8.910891089108901
srt_h4096,45,21,84.72222222222223,144,122,7.638888888888886,-7.638888888888886
srt_h4096,45,22,78.33333333333333,120,94,10.0,-10.0
srt_h4096,45,23,70.08547008547009,117,82,12.820512820512818,-12.820512820512818
srt_h4096,45,24,61.627906976744185,86,53,19.767441860465112,-19.767441860465112
srt_h4096,45,25,69.23076923076923,65,45,12.307692307692307,-12.307692307692307
srt_h4096,45,26,76.42276422764228,123,94,13.00813008130082,-13.00813008130082
srt_h4096,45,27,76.99115044247787,113,87,11.504424778761063,-11.504424778761063
srt_h4096,45,28,81.37254901960785,102,83,7.843137254901961,-7.843137254901961
srt_h4096,45,29,68.42105263157895,114,78,20.175438596491233,-20.175438596491233
srt_h4096,45,30,82.24299065420561,214,176,6.074766355140184,-6.074766355140184
srt_h4096,45,31,79.82456140350877,114,91,12.280701754385973,-12.280701754385973
srt_h4096,45,32,75.72815533980582,103,78,10.679611650485441,-10.679611650485441
srt_h4096,45,33,81.98198198198199,111,91,5.4054054054054035,-5.4054054054054035
srt_h4096,45,34,77.14285714285714,70,54,8.57142857142857,-8.57142857142857
srt_h4096,45,35,82.26950354609929,141,116,4.964539007092199,-4.964539007092199
srt_h4096,45,36,92.20779220779221,154,142,5.194805194805198,-5.194805194805198
srt_h4096,45,37,78.34394904458598,157,123,9.554140127388536,-9.554140127388536
srt_h4096,45,38,93.00699300699301,143,133,4.195804195804186,-4.195804195804186
srt_h4096,45,39,82.45614035087719,114,94,7.017543859649123,-7.017543859649123
srt_h4096,45,40,82.6086956521739,138,114,8.695652173913047,-8.695652173913047
srt_h4096,45,41,74.32432432432432,74,55,6.756756756756758,-6.756756756756758
srt_h4096,45,42,71.32352941176471,136,97,13.235294117647058,-13.235294117647058
srt_h4096,45,43,77.08333333333333,96,74,4.166666666666671,-4.166666666666671
srt_h4096,45,44,76.71232876712328,73,56,13.69863013698631,-13.69863013698631
srt_h4096,45,45,96.19047619047619,105,101,,
srt_h4096,46,1,73.72881355932203,118,87,21.186440677966104,-21.186440677966104
srt_h4096,46,2,76.92307692307692,130,100,12.307692307692307,-10.769230769230774
srt_h4096,46,3,77.3972602739726,146,113,10.958904109589042,-10.958904109589042
srt_h4096,46,4,81.25,176,143,11.931818181818187,-11.931818181818187
srt_h4096,46,5,76.5625,128,98,14.0625,-14.0625
srt_h4096,46,6,72.5,120,87,15.833333333333329,-15.833333333333329
srt_h4096,46,7,78.26086956521739,115,90,11.304347826086953,-11.304347826086953
srt_h4096,46,8,84.21052631578948,133,112,9.022556390977442,-9.022556390977442
srt_h4096,46,9,74.6268656716418,134,100,15.671641791044777,-15.671641791044777
srt_h4096,46,10,73.91304347826087,138,102,11.59420289855072,-11.59420289855072
srt_h4096,46,11,74.0,100,74,15.0,-15.0
srt_h4096,46,12,69.82758620689656,116,81,19.827586206896555,-19.827586206896555
srt_h4096,46,13,79.5275590551181,127,101,11.023622047244103,-11.023622047244103
srt_h4096,46,14,80.3030303030303,132,106,9.848484848484858,-9.848484848484858
srt_h4096,46,15,75.0,116,87,12.06896551724138,-12.06896551724138
srt_h4096,46,16,71.42857142857143,133,95,13.53383458646617,-13.53383458646617
srt_h4096,46,17,76.98412698412699,126,97,13.492063492063494,-13.492063492063494
srt_h4096,46,18,84.90566037735849,106,90,9.43396226415095,-9.43396226415095
srt_h4096,46,19,76.14678899082568,109,83,11.926605504587158,-11.926605504587158
srt_h4096,46,20,69.3069306930693,101,70,11.881188118811878,-11.881188118811878
srt_h4096,46,21,83.33333333333333,144,120,9.027777777777786,-9.027777777777786
srt_h4096,46,22,85.0,120,102,3.3333333333333286,-3.3333333333333286
srt_h4096,46,23,70.08547008547009,117,82,12.820512820512818,-12.820512820512818
srt_h4096,46,24,61.627906976744185,86,53,19.767441860465112,-19.767441860465112
srt_h4096,46,25,67.6923076923077,65,44,13.84615384615384,-13.84615384615384
srt_h4096,46,26,74.79674796747967,123,92,14.63414634146342,-14.63414634146342
srt_h4096,46,27,79.64601769911505,113,90,8.849557522123888,-8.849557522123888
srt_h4096,46,28,80.3921568627451,102,82,8.82352941176471,-8.82352941176471
srt_h4096,46,29,68.42105263157895,114,78,20.175438596491233,-20.175438596491233
srt_h4096,46,30,79.90654205607477,214,171,8.411214953271028,-8.411214953271028
srt_h4096,46,31,78.94736842105263,114,90,13.15789473684211,-13.15789473684211
srt_h4096,46,32,70.87378640776699,103,73,15.53398058252428,-15.53398058252428
srt_h4096,46,33,79.27927927927928,111,88,8.108108108108112,-8.108108108108112
srt_h4096,46,34,75.71428571428571,70,53,10.0,-10.0
srt_h4096,46,35,84.39716312056737,141,119,2.836879432624116,-2.836879432624116
srt_h4096,46,36,92.85714285714286,154,143,4.545454545454547,-4.545454545454547
srt_h4096,46,37,77.07006369426752,157,121,10.828025477707001,-10.828025477707001
srt_h4096,46,38,86.7132867132867,143,124,10.489510489510494,-10.489510489510494
srt_h4096,46,39,82.45614035087719,114,94,7.017543859649123,-7.017543859649123
srt_h4096,46,40,79.71014492753623,138,110,11.59420289855072,-11.59420289855072
srt_h4096,46,41,75.67567567567568,74,56,5.4054054054054035,-5.4054054054054035
srt_h4096,46,42,69.8529411764706,136,95,14.705882352941174,-14.705882352941174
srt_h4096,46,43,79.16666666666667,96,76,2.0833333333333286,-2.0833333333333286
srt_h4096,46,44,80.82191780821918,73,59,9.589041095890408,-9.589041095890408
srt_h4096,46,45,85.71428571428571,105,90,10.476190476190482,-10.476190476190482
srt_h4096,46,46,86.61417322834646,127,110,,
srt_h4096,47,1,75.42372881355932,118,89,19.491525423728817,-19.491525423728817
srt_h4096,47,2,78.46153846153847,130,102,10.76923076923076,-9.230769230769226
srt_h4096,47,3,78.76712328767124,146,115,9.589041095890408,-9.589041095890408
srt_h4096,47,4,82.38636363636364,176,145,10.795454545454547,-10.795454545454547
srt_h4096,47,5,72.65625,128,93,17.96875,-17.96875
srt_h4096,47,6,75.83333333333333,120,91,12.5,-12.5
srt_h4096,47,7,77.3913043478261,115,89,12.173913043478251,-12.173913043478251
srt_h4096,47,8,68.42105263157895,133,91,24.812030075187977,-24.812030075187977
srt_h4096,47,9,76.11940298507463,134,102,14.179104477611943,-14.179104477611943
srt_h4096,47,10,74.6376811594203,138,103,10.869565217391298,-10.869565217391298
srt_h4096,47,11,74.0,100,74,15.0,-15.0
srt_h4096,47,12,72.41379310344827,116,84,17.24137931034484,-17.24137931034484
srt_h4096,47,13,80.31496062992126,127,102,10.236220472440948,-10.236220472440948
srt_h4096,47,14,69.6969696969697,132,92,20.454545454545453,-20.454545454545453
srt_h4096,47,15,75.0,116,87,12.06896551724138,-12.06896551724138
srt_h4096,47,16,72.93233082706767,133,97,12.030075187969928,-12.030075187969928
srt_h4096,47,17,78.57142857142857,126,99,11.904761904761912,-11.904761904761912
srt_h4096,47,18,84.90566037735849,106,90,9.43396226415095,-9.43396226415095
srt_h4096,47,19,72.4770642201835,109,79,15.596330275229349,-15.596330275229349
srt_h4096,47,20,71.2871287128713,101,72,9.900990099009888,-9.900990099009888
srt_h4096,47,21,83.33333333333333,144,120,9.027777777777786,-9.027777777777786
srt_h4096,47,22,78.33333333333333,120,94,10.0,-10.0
srt_h4096,47,23,70.94017094017094,117,83,11.965811965811966,-11.965811965811966
srt_h4096,47,24,67.44186046511628,86,58,13.95348837209302,-13.95348837209302
srt_h4096,47,25,69.23076923076923,65,45,12.307692307692307,-12.307692307692307
srt_h4096,47,26,78.86178861788618,123,97,10.569105691056919,-10.569105691056919
srt_h4096,47,27,75.22123893805309,113,85,13.274336283185846,-13.274336283185846
srt_h4096,47,28,82.3529411764706,102,84,6.862745098039213,-6.862745098039213
srt_h4096,47,29,69.29824561403508,114,79,19.298245614035096,-19.298245614035096
srt_h4096,47,30,81.77570093457943,214,175,6.542056074766364,-6.542056074766364
srt_h4096,47,31,80.70175438596492,114,92,11.403508771929822,-11.403508771929822
srt_h4096,47,32,71.84466019417475,103,74,14.563106796116514,-14.563106796116514
srt_h4096,47,33,80.18018018018019,111,89,7.207207207207205,-7.207207207207205
srt_h4096,47,34,74.28571428571429,70,52,11.428571428571416,-11.428571428571416
srt_h4096,47,35,84.39716312056737,141,119,2.836879432624116,-2.836879432624116
srt_h4096,47,36,92.85714285714286,154,143,4.545454545454547,-4.545454545454547
srt_h4096,47,37,76.43312101910828,157,120,11.464968152866234,-11.464968152866234
srt_h4096,47,38,88.81118881118881,143,127,8.391608391608386,-8.391608391608386
srt_h4096,47,39,80.70175438596492,114,92,8.771929824561397,-8.771929824561397
srt_h4096,47,40,78.26086956521739,138,108,13.043478260869563,-13.043478260869563
srt_h4096,47,41,74.32432432432432,74,55,6.756756756756758,-6.756756756756758
srt_h4096,47,42,72.79411764705883,136,99,11.764705882352942,-11.764705882352942
srt_h4096,47,43,77.08333333333333,96,74,4.166666666666671,-4.166666666666671
srt_h4096,47,44,79.45205479452055,73,58,10.958904109589042,-10.958904109589042
srt_h4096,47,45,87.61904761904762,105,92,8.57142857142857,-8.57142857142857
srt_h4096,47,46,81.10236220472441,127,103,5.511811023622045,-5.511811023622045
srt_h4096,47,47,84.95575221238938,113,96,,
srt_h4096,48,1,77.11864406779661,118,91,17.79661016949153,-17.79661016949153
srt_h4096,48,2,76.92307692307692,130,100,12.307692307692307,-10.769230769230774
srt_h4096,48,3,73.97260273972603,146,108,14.38356164383562,-14.38356164383562
srt_h4096,48,4,78.97727272727273,176,139,14.204545454545453,-14.204545454545453
srt_h4096,48,5,72.65625,128,93,17.96875,-17.96875
srt_h4096,48,6,76.66666666666667,120,92,11.666666666666657,-11.666666666666657
srt_h4096,48,7,77.3913043478261,115,89,12.173913043478251,-12.173913043478251
srt_h4096,48,8,64.66165413533835,133,86,28.57142857142857,-28.57142857142857
srt_h4096,48,9,67.16417910447761,134,90,23.13432835820896,-23.13432835820896
srt_h4096,48,10,78.98550724637681,138,109,6.521739130434781,-6.521739130434781
srt_h4096,48,11,75.0,100,75,14.0,-14.0
srt_h4096,48,12,66.37931034482759,116,77,23.275862068965523,-23.275862068965523
srt_h4096,48,13,77.95275590551181,127,99,12.5984251968504,-12.5984251968504
srt_h4096,48,14,79.54545454545455,132,105,10.606060606060609,-10.606060606060609
srt_h4096,48,15,75.0,116,87,12.06896551724138,-12.06896551724138
srt_h4096,48,16,72.93233082706767,133,97,12.030075187969928,-12.030075187969928
srt_h4096,48,17,79.36507936507937,126,100,11.111111111111114,-11.111111111111114
srt_h4096,48,18,84.90566037735849,106,90,9.43396226415095,-9.43396226415095
srt_h4096,48,19,73.39449541284404,109,80,14.678899082568805,-14.678899082568805
srt_h4096,48,20,68.31683168316832,101,69,12.871287128712865,-12.871287128712865
srt_h4096,48,21,81.25,144,117,11.111111111111114,-11.111111111111114
srt_h4096,48,22,76.66666666666667,120,92,11.666666666666657,-11.666666666666657
srt_h4096,48,23,69.23076923076923,117,81,13.675213675213683,-13.675213675213683
srt_h4096,48,24,62.7906976744186,86,54,18.604651162790695,-18.604651162790695
srt_h4096,48,25,70.76923076923077,65,46,10.76923076923076,-10.76923076923076
srt_h4096,48,26,70.73170731707317,123,87,18.699186991869922,-18.699186991869922
srt_h4096,48,27,75.22123893805309,113,85,13.274336283185846,-13.274336283185846
srt_h4096,48,28,77.45098039215686,102,79,11.764705882352942,-11.764705882352942
srt_h4096,48,29,64.91228070175438,114,74,23.684210526315795,-23.684210526315795
srt_h4096,48,30,81.77570093457943,214,175,6.542056074766364,-6.542056074766364
srt_h4096,48,31,77.19298245614036,114,88,14.912280701754383,-14.912280701754383
srt_h4096,48,32,69.90291262135922,103,72,16.504854368932044,-16.504854368932044
srt_h4096,48,33,80.18018018018019,111,89,7.207207207207205,-7.207207207207205
srt_h4096,48,34,80.0,70,56,5.714285714285708,-5.714285714285708
srt_h4096,48,35,80.1418439716312,141,113,7.092198581560282,-7.092198581560282
srt_h4096,48,36,90.9090909090909,154,140,6.493506493506501,-6.493506493506501
srt_h4096,48,37,75.79617834394904,157,119,12.101910828025481,-12.101910828025481
srt_h4096,48,38,89.5104895104895,143,128,7.692307692307693,-7.692307692307693
srt_h4096,48,39,81.57894736842105,114,93,7.89473684210526,-7.89473684210526
srt_h4096,48,40,82.6086956521739,138,114,8.695652173913047,-8.695652173913047
srt_h4096,48,41,68.91891891891892,74,51,12.162162162162161,-12.162162162162161
srt_h4096,48,42,75.0,136,102,9.558823529411768,-9.558823529411768
srt_h4096,48,43,73.95833333333333,96,71,7.291666666666671,-7.291666666666671
srt_h4096,48,44,75.34246575342466,73,55,15.06849315068493,-15.06849315068493
srt_h4096,48,45,90.47619047619048,105,95,5.714285714285708,-5.714285714285708
srt_h4096,48,46,81.10236220472441,127,103,5.511811023622045,-5.511811023622045
srt_h4096,48,47,80.53097345132744,113,91,4.424778761061944,-4.424778761061944
srt_h4096,48,48,86.08695652173913,115,99,,
srt_h4096,49,1,77.11864406779661,118,91,17.79661016949153,-17.79661016949153
srt_h4096,49,2,78.46153846153847,130,102,10.76923076923076,-9.230769230769226
srt_h4096,49,3,74.65753424657534,146,109,13.69863013698631,-13.69863013698631
srt_h4096,49,4,81.81818181818181,176,144,11.363636363636374,-11.363636363636374
srt_h4096,49,5,76.5625,128,98,14.0625,-14.0625
srt_h4096,49,6,75.0,120,90,13.333333333333329,-13.333333333333329
srt_h4096,49,7,74.78260869565217,115,86,14.782608695652172,-14.782608695652172
srt_h4096,49,8,73.6842105263158,133,98,19.548872180451127,-19.548872180451127
srt_h4096,49,9,70.14925373134328,134,94,20.149253731343293,-20.149253731343293
srt_h4096,49,10,75.3623188405797,138,104,10.14492753623189,-10.14492753623189
srt_h4096,49,11,72.0,100,72,17.0,-17.0
srt_h4096,49,12,67.24137931034483,116,78,22.413793103448285,-22.413793103448285
srt_h4096,49,13,77.95275590551181,127,99,12.5984251968504,-12.5984251968504
srt_h4096,49,14,81.81818181818181,132,108,8.333333333333343,-8.333333333333343
srt_h4096,49,15,76.72413793103448,116,89,10.344827586206904,-10.344827586206904
srt_h4096,49,16,72.18045112781955,133,96,12.781954887218049,-12.781954887218049
srt_h4096,49,17,80.15873015873017,126,101,10.317460317460316,-10.317460317460316
srt_h4096,49,18,83.9622641509434,106,89,10.377358490566039,-10.377358490566039
srt_h4096,49,19,73.39449541284404,109,80,14.678899082568805,-14.678899082568805
srt_h4096,49,20,71.2871287128713,101,72,9.900990099009888,-9.900990099009888
srt_h4096,49,21,82.63888888888889,144,119,9.722222222222229,-9.722222222222229
srt_h4096,49,22,78.33333333333333,120,94,10.0,-10.0
srt_h4096,49,23,69.23076923076923,117,81,13.675213675213683,-13.675213675213683
srt_h4096,49,24,65.11627906976744,86,56,16.279069767441854,-16.279069767441854
srt_h4096,49,25,69.23076923076923,65,45,12.307692307692307,-12.307692307692307
srt_h4096,49,26,71.54471544715447,123,88,17.886178861788622,-17.886178861788622
srt_h4096,49,27,76.99115044247787,113,87,11.504424778761063,-11.504424778761063
srt_h4096,49,28,83.33333333333333,102,85,5.882352941176478,-5.882352941176478
srt_h4096,49,29,68.42105263157895,114,78,20.175438596491233,-20.175438596491233
srt_h4096,49,30,84.11214953271028,214,180,4.205607476635521,-4.205607476635521
srt_h4096,49,31,80.70175438596492,114,92,11.403508771929822,-11.403508771929822
srt_h4096,49,32,72.81553398058253,103,75,13.592233009708735,-13.592233009708735
srt_h4096,49,33,81.08108108108108,111,90,6.306306306306311,-6.306306306306311
srt_h4096,49,34,81.42857142857143,70,57,4.285714285714278,-4.285714285714278
srt_h4096,49,35,82.26950354609929,141,116,4.964539007092199,-4.964539007092199
srt_h4096,49,36,87.01298701298701,154,134,10.389610389610397,-10.389610389610397
srt_h4096,49,37,75.1592356687898,157,118,12.738853503184714,-12.738853503184714
srt_h4096,49,38,88.81118881118881,143,127,8.391608391608386,-8.391608391608386
srt_h4096,49,39,80.70175438596492,114,92,8.771929824561397,-8.771929824561397
srt_h4096,49,40,79.71014492753623,138,110,11.59420289855072,-11.59420289855072
srt_h4096,49,41,70.27027027027027,74,52,10.810810810810807,-10.810810810810807
srt_h4096,49,42,69.8529411764706,136,95,14.705882352941174,-14.705882352941174
srt_h4096,49,43,72.91666666666667,96,70,8.333333333333329,-8.333333333333329
srt_h4096,49,44,73.97260273972603,73,54,16.438356164383563,-16.438356164383563
srt_h4096,49,45,85.71428571428571,105,90,10.476190476190482,-10.476190476190482
srt_h4096,49,46,78.74015748031496,127,100,7.874015748031496,-7.874015748031496
srt_h4096,49,47,76.99115044247787,113,87,7.964601769911511,-7.964601769911511
srt_h4096,49,48,75.65217391304348,115,87,10.434782608695642,-10.434782608695642
srt_h4096,49,49,87.5,104,91,,
srt_h4096,50,1,78.8135593220339,118,93,16.101694915254242,-16.101694915254242
srt_h4096,50,2,73.07692307692308,130,95,16.153846153846146,-14.615384615384613
srt_h4096,50,3,73.28767123287672,146,107,15.06849315068493,-15.06849315068493
srt_h4096,50,4,77.8409090909091,176,137,15.340909090909093,-15.340909090909093
srt_h4096,50,5,74.21875,128,95,16.40625,-16.40625
srt_h4096,50,6,76.66666666666667,120,92,11.666666666666657,-11.666666666666657
srt_h4096,50,7,75.65217391304348,115,87,13.91304347826086,-13.91304347826086
srt_h4096,50,8,78.19548872180451,133,104,15.037593984962413,-15.037593984962413
srt_h4096,50,9,70.14925373134328,134,94,20.149253731343293,-20.149253731343293
srt_h4096,50,10,75.3623188405797,138,104,10.14492753623189,-10.14492753623189
srt_h4096,50,11,70.0,100,70,19.0,-19.0
srt_h4096,50,12,66.37931034482759,116,77,23.275862068965523,-23.275862068965523
srt_h4096,50,13,76.37795275590551,127,97,14.173228346456696,-14.173228346456696
srt_h4096,50,14,80.3030303030303,132,106,9.848484848484858,-9.848484848484858
srt_h4096,50,15,78.44827586206897,116,91,8.620689655172413,-8.620689655172413
srt_h4096,50,16,72.18045112781955,133,96,12.781954887218049,-12.781954887218049
srt_h4096,50,17,81.74603174603175,126,103,8.730158730158735,-8.730158730158735
srt_h4096,50,18,83.01886792452831,106,88,11.320754716981128,-11.320754716981128
srt_h4096,50,19,75.22935779816514,109,82,12.844036697247702,-12.844036697247702
srt_h4096,50,20,70.29702970297029,101,71,10.89108910891089,-10.89108910891089
srt_h4096,50,21,83.33333333333333,144,120,9.027777777777786,-9.027777777777786
srt_h4096,50,22,78.33333333333333,120,94,10.0,-10.0
srt_h4096,50,23,70.08547008547009,117,82,12.820512820512818,-12.820512820512818
srt_h4096,50,24,69.76744186046511,86,60,11.627906976744185,-11.627906976744185
srt_h4096,50,25,72.3076923076923,65,47,9.230769230769226,-9.230769230769226
srt_h4096,50,26,71.54471544715447,123,88,17.886178861788622,-17.886178861788622
srt_h4096,50,27,81.41592920353982,113,92,7.079646017699119,-7.079646017699119
srt_h4096,50,28,76.47058823529412,102,78,12.74509803921569,-12.74509803921569
srt_h4096,50,29,67.54385964912281,114,77,21.05263157894737,-21.05263157894737
srt_h4096,50,30,82.71028037383178,214,177,5.607476635514018,-5.607476635514018
srt_h4096,50,31,80.70175438596492,114,92,11.403508771929822,-11.403508771929822
srt_h4096,50,32,69.90291262135922,103,72,16.504854368932044,-16.504854368932044
srt_h4096,50,33,79.27927927927928,111,88,8.108108108108112,-8.108108108108112
srt_h4096,50,34,80.0,70,56,5.714285714285708,-5.714285714285708
srt_h4096,50,35,82.97872340425532,141,117,4.255319148936167,-4.255319148936167
srt_h4096,50,36,89.6103896103896,154,138,7.792207792207805,-7.792207792207805
srt_h4096,50,37,75.1592356687898,157,118,12.738853503184714,-12.738853503184714
srt_h4096,50,38,88.81118881118881,143,127,8.391608391608386,-8.391608391608386
srt_h4096,50,39,80.70175438596492,114,92,8.771929824561397,-8.771929824561397
srt_h4096,50,40,80.43478260869566,138,111,10.869565217391298,-10.869565217391298
srt_h4096,50,41,68.91891891891892,74,51,12.162162162162161,-12.162162162162161
srt_h4096,50,42,64.70588235294117,136,88,19.852941176470594,-19.852941176470594
srt_h4096,50,43,73.95833333333333,96,71,7.291666666666671,-7.291666666666671
srt_h4096,50,44,76.71232876712328,73,56,13.69863013698631,-13.69863013698631
srt_h4096,50,45,86.66666666666667,105,91,9.523809523809518,-9.523809523809518
srt_h4096,50,46,83.46456692913385,127,106,3.149606299212607,-3.149606299212607
srt_h4096,50,47,76.99115044247787,113,87,7.964601769911511,-7.964601769911511
srt_h4096,50,48,75.65217391304348,115,87,10.434782608695642,-10.434782608695642
srt_h4096,50,49,81.73076923076923,104,85,5.769230769230774,-5.769230769230774
srt_h4096,50,50,93.63636363636364,110,103,,
uniform_h1024,1,1,91.52542372881356,118,108,,
uniform_h1024,2,1,83.05084745762711,118,98,8.47457627118645,-8.47457627118645
uniform_h1024,2,2,96.15384615384616,130,125,,
uniform_h1024,3,1,88.13559322033899,118,104,3.3898305084745743,-3.3898305084745743
uniform_h1024,3,2,91.53846153846153,130,119,4.615384615384627,-4.615384615384627
uniform_h1024,3,3,86.3013698630137,146,126,,
uniform_h1024,4,1,90.67796610169492,118,107,0.8474576271186436,-0.8474576271186436
uniform_h1024,4,2,90.76923076923077,130,118,5.384615384615387,-5.384615384615387
uniform_h1024,4,3,86.3013698630137,146,126,0.0,0.0
uniform_h1024,4,4,97.1590909090909,176,171,,
uniform_h1024,5,1,89.83050847457628,118,106,1.6949152542372872,-1.6949152542372872
uniform_h1024,5,2,91.53846153846153,130,119,4.615384615384627,-4.615384615384627
uniform_h1024,5,3,86.3013698630137,146,126,0.0,0.0
uniform_h1024,5,4,95.45454545454545,176,168,1.7045454545454533,-1.7045454545454533
uniform_h1024,5,5,93.75,128,120,,
uniform_h1024,6,1,89.83050847457628,118,106,1.6949152542372872,-1.6949152542372872
uniform_h1024,6,2,93.07692307692308,130,121,3.07692307692308,-3.07692307692308
uniform_h1024,6,3,86.98630136986301,146,127,-0.6849315068493098,0.6849315068493098
uniform_h1024,6,4,96.02272727272727,176,169,1.1363636363636402,-1.1363636363636402
uniform_h1024,6,5,92.1875,128,118,1.5625,-1.5625
uniform_h1024,6,6,86.66666666666667,120,104,,
uniform_h1024,7,1,88.13559322033899,118,104,3.3898305084745743,-3.3898305084745743
uniform_h1024,7,2,88.46153846153847,130,115,7.692307692307693,-7.692307692307693
uniform_h1024,7,3,86.3013698630137,146,126,0.6849315068493098,0.0
uniform_h1024,7,4,93.75,176,165,3.4090909090909065,-3.4090909090909065
uniform_h1024,7,5,89.0625,128,114,4.6875,-4.6875
uniform_h1024,7,6,84.16666666666667,120,101,2.5,-2.5
uniform_h1024,7,7,96.52173913043478,115,111,,
uniform_h1024,8,1,87.28813559322033,118,103,4.237288135593232,-4.237288135593232
uniform_h1024,8,2,90.76923076923077,130,118,5.384615384615387,-5.384615384615387
uniform_h1024,8,3,84.93150684931507,146,124,2.0547945205479436,-1.3698630136986338
uniform_h1024,8,4,94.88636363636364,176,167,2.2727272727272663,-2.2727272727272663
uniform_h1024,8,5,92.1875,128,118,1.5625,-1.5625
uniform_h1024,8,6,85.0,120,102,1.6666666666666714,-1.6666666666666714
uniform_h1024,8,7,90.43478260869566,115,104,6.0869565217391255,-6.0869565217391255
uniform_h1024,8,8,95.48872180451127,133,127,,
uniform_h1024,9,1,88.98305084745763,118,105,2.5423728813559308,-2.5423728813559308
uniform_h1024,9,2,89.23076923076923,130,116,6.923076923076934,-6.923076923076934
uniform_h1024,9,3,84.24657534246575,146,123,2.7397260273972677,-2.054794520547958
uniform_h1024,9,4,93.75,176,165,3.4090909090909065,-3.4090909090909065
uniform_h1024,9,5,92.96875,128,119,0.78125,-0.78125
uniform_h1024,9,6,85.0,120,102,1.6666666666666714,-1.6666666666666714
uniform_h1024,9,7,92.17391304347827,115,106,4.347826086956516,-4.347826086956516
uniform_h1024,9,8,93.23308270676692,133,124,2.25563909774435,-2.25563909774435
uniform_h1024,9,9,88.80597014925372,134,119,,
uniform_h1024,10,1,91.52542372881356,118,108,0.0,0.0
uniform_h1024,10,2,93.07692307692308,130,121,3.07692307692308,-3.07692307692308
uniform_h1024,10,3,86.3013698630137,146,126,0.6849315068493098,0.0
uniform_h1024,10,4,94.31818181818181,176,166,2.8409090909090935,-2.8409090909090935
uniform_h1024,10,5,92.1875,128,118,1.5625,-1.5625
uniform_h1024,10,6,83.33333333333333,120,100,3.333333333333343,-3.333333333333343
uniform_h1024,10,7,88.69565217391305,115,102,7.826086956521735,-7.826086956521735
uniform_h1024,10,8,92.4812030075188,133,123,3.0075187969924713,-3.0075187969924713
uniform_h1024,10,9,70.14925373134328,134,94,18.656716417910445,-18.656716417910445
uniform_h1024,10,10,91.30434782608695,138,126,,
uniform_h1024,11,1,88.13559322033899,118,104,3.3898305084745743,-3.3898305084745743
uniform_h1024,11,2,91.53846153846153,130,119,4.615384615384627,-4.615384615384627
uniform_h1024,11,3,86.98630136986301,146,127,0.0,0.6849315068493098
uniform_h1024,11,4,89.77272727272727,176,158,7.38636363636364,-7.38636363636364
uniform_h1024,11,5,90.625,128,116,3.125,-3.125
uniform_h1024,11,6,82.5,120,99,4.166666666666671,-4.166666666666671
uniform_h1024,11,7,89.56521739130434,115,103,6.956521739130437,-6.956521739130437
uniform_h1024,11,8,91.72932330827068,133,122,3.7593984962405926,-3.7593984962405926
uniform_h1024,11,9,74.6268656716418,134,100,14.17910447761193,-14.17910447761193
uniform_h1024,11,10,89.1304347826087,138,123,2.173913043478251,-2.173913043478251
uniform_h1024,11,11,95.0,100,95,,
uniform_h1024,12,1,88.98305084745763,118,105,2.5423728813559308,-2.5423728813559308
uniform_h1024,12,2,93.84615384615384,130,122,2.307692307692321,-2.307692307692321
uniform_h1024,12,3,86.98630136986301,146,127,0.0,0.6849315068493098
uniform_h1024,12,4,90.9090909090909,176,160,6.25,-6.25
uniform_h1024,12,5,90.625,128,116,3.125,-3.125
uniform_h1024,12,6,85.0,120,102,1.6666666666666714,-1.6666666666666714
uniform_h1024,12,7,86.08695652173913,115,99,10.434782608695656,-10.434782608695656
uniform_h1024,12,8,90.97744360902256,133,121,4.511278195488714,-4.511278195488714
uniform_h1024,12,9,75.3731343283582,134,101,13.43283582089552,-13.43283582089552
uniform_h1024,12,10,83.33333333333333,138,115,7.971014492753625,-7.971014492753625
uniform_h1024,12,11,87.0,100,87,8.0,-8.0
uniform_h1024,12,12,92.24137931034483,116,107,,
uniform_h1024,13,1,88.13559322033899,118,104,3.3898305084745743,-3.3898305084745743
uniform_h1024,13,2,92.3076923076923,130,120,3.846153846153854,-3.846153846153854
uniform_h1024,13,3,85.61643835616438,146,125,1.3698630136986338,-0.684931506849324
uniform_h1024,13,4,90.9090909090909,176,160,6.25,-6.25
uniform_h1024,13,5,92.96875,128,119,0.78125,-0.78125
uniform_h1024,13,6,85.83333333333333,120,103,0.8333333333333428,-0.8333333333333428
uniform_h1024,13,7,93.04347826086956,115,107,3.4782608695652186,-3.4782608695652186
uniform_h1024,13,8,91.72932330827068,133,122,3.7593984962405926,-3.7593984962405926
uniform_h1024,13,9,82.08955223880596,134,110,6.71641791044776,-6.71641791044776
uniform_h1024,13,10,83.33333333333333,138,115,7.971014492753625,-7.971014492753625
uniform_h1024,13,11,87.0,100,87,8.0,-8.0
uniform_h1024,13,12,84.48275862068965,116,98,7.758620689655174,-7.758620689655174
uniform_h1024,13,13,90.55118110236221,127,115,,
uniform_h1024,14,1,90.67796610169492,118,107,0.8474576271186436,-0.8474576271186436
uniform_h1024,14,2,90.0,130,117,6.15384615384616,-6.15384615384616
uniform_h1024,14,3,85.61643835616438,146,125,1.3698630136986338,-0.684931506849324
uniform_h1024,14,4,92.04545454545455,176,162,5.11363636363636,-5.11363636363636
uniform_h1024,14,5,87.5,128,112,6.25,-6.25
uniform_h1024,14,6,85.0,120,102,1.6666666666666714,-1.6666666666666714
uniform_h1024,14,7,89.56521739130434,115,103,6.956521739130437,-6.956521739130437
uniform_h1024,14,8,91.72932330827068,133,122,3.7593984962405926,-3.7593984962405926
uniform_h1024,14,9,82.83582089552239,134,111,5.970149253731336,-5.970149253731336
uniform_h1024,14,10,78.26086956521739,138,108,13.043478260869563,-13.043478260869563
uniform_h1024,14,11,85.0,100,85,10.0,-10.0
uniform_h1024,14,12,82.75862068965517,116,96,9.482758620689651,-9.482758620689651
uniform_h1024,14,13,87.4015748031496,127,111,3.149606299212607,-3.149606299212607
uniform_h1024,14,14,93.93939393939394,132,124,,
uniform_h1024,15,1,87.28813559322033,118,103,4.237288135593232,-4.237288135593232
uniform_h1024,15,2,92.3076923076923,130,120,3.846153846153854,-3.846153846153854
uniform_h1024,15,3,82.1917808219178,146,120,4.794520547945211,-4.1095890410959015
uniform_h1024,15,4,90.3409090909091,176,159,6.818181818181813,-6.818181818181813
uniform_h1024,15,5,89.84375,128,115,3.90625,-3.90625
uniform_h1024,15,6,83.33333333333333,120,100,3.333333333333343,-3.333333333333343
uniform_h1024,15,7,90.43478260869566,115,104,6.0869565217391255,-6.0869565217391255
uniform_h1024,15,8,92.4812030075188,133,123,3.0075187969924713,-3.0075187969924713
uniform_h1024,15,9,82.83582089552239,134,111,5.970149253731336,-5.970149253731336
uniform_h1024,15,10,79.71014492753623,138,110,11.59420289855072,-11.59420289855072
uniform_h1024,15,11,89.0,100,89,6.0,-6.0
uniform_h1024,15,12,83.62068965517241,116,97,8.620689655172413,-8.620689655172413
uniform_h1024,15,13,88.97637795275591,127,113,1.5748031496062964,-1.5748031496062964
uniform_h1024,15,14,84.0909090909091,132,111,9.848484848484844,-9.848484848484844
uniform_h1024,15,15,84.48275862068965,116,98,,
uniform_h1024,16,1,79.66101694915254,118,94,11.864406779661024,-11.864406779661024
uniform_h1024,16,2,91.53846153846153,130,119,4.615384615384627,-4.615384615384627
uniform_h1024,16,3,85.61643835616438,146,125,1.3698630136986338,-0.684931506849324
uniform_h1024,16,4,85.79545454545455,176,151,11.36363636363636,-11.36363636363636
uniform_h1024,16,5,84.375,128,108,9.375,-9.375
uniform_h1024,16,6,84.16666666666667,120,101,2.5,-2.5
uniform_h1024,16,7,90.43478260869566,115,104,6.0869565217391255,-6.0869565217391255
uniform_h1024,16,8,91.72932330827068,133,122,3.7593984962405926,-3.7593984962405926
uniform_h1024,16,9,83.58208955223881,134,112,5.223880597014912,-5.223880597014912
uniform_h1024,16,10,81.15942028985508,138,112,10.144927536231876,-10.144927536231876
uniform_h1024,16,11,89.0,100,89,6.0,-6.0
uniform_h1024,16,12,80.17241379310344,116,93,12.06896551724138,-12.06896551724138
uniform_h1024,16,13,89.76377952755905,127,114,0.7874015748031553,-0.7874015748031553
uniform_h1024,16,14,87.87878787878788,132,116,6.060606060606062,-6.060606060606062
uniform_h1024,16,15,80.17241379310344,116,93,4.310344827586206,-4.310344827586206
uniform_h1024,16,16,88.7218045112782,133,118,,
uniform_h1024,17,1,84.7457627118644,118,100,6.779661016949163,-6.779661016949163
uniform_h1024,17,2,90.76923076923077,130,118,5.384615384615387,-5.384615384615387
uniform_h1024,17,3,83.56164383561644,146,122,3.4246575342465775,-2.7397260273972677
uniform_h1024,17,4,90.3409090909091,176,159,6.818181818181813,-6.818181818181813
uniform_h1024,17,5,89.84375,128,115,3.90625,-3.90625
uniform_h1024,17,6,82.5,120,99,4.166666666666671,-4.166666666666671
uniform_h1024,17,7,89.56521739130434,115,103,6.956521739130437,-6.956521739130437
uniform_h1024,17,8,90.97744360902256,133,121,4.511278195488714,-4.511278195488714
uniform_h1024,17,9,82.83582089552239,134,111,5.970149253731336,-5.970149253731336
uniform_h1024,17,10,81.8840579710145,138,113,9.420289855072454,-9.420289855072454
uniform_h1024,17,11,87.0,100,87,8.0,-8.0
uniform_h1024,17,12,82.75862068965517,116,96,9.482758620689651,-9.482758620689651
uniform_h1024,17,13,85.03937007874016,127,108,5.511811023622045,-5.511811023622045
uniform_h1024,17,14,88.63636363636364,132,117,5.303030303030297,-5.303030303030297
uniform_h1024,17,15,78.44827586206897,116,91,6.034482758620683,-6.034482758620683
uniform_h1024,17,16,74.43609022556392,133,99,14.285714285714278,-14.285714285714278
uniform_h1024,17,17,92.85714285714286,126,117,,
uniform_h1024,18,1,83.89830508474576,118,99,7.6271186440678065,-7.6271186440678065
uniform_h1024,18,2,91.53846153846153,130,119,4.615384615384627,-4.615384615384627
uniform_h1024,18,3,81.5068493150685,146,119,5.479452054794521,-4.794520547945211
uniform_h1024,18,4,89.77272727272727,176,158,7.38636363636364,-7.38636363636364
uniform_h1024,18,5,92.1875,128,118,1.5625,-1.5625
uniform_h1024,18,6,83.33333333333333,120,100,3.333333333333343,-3.333333333333343
uniform_h1024,18,7,90.43478260869566,115,104,6.0869565217391255,-6.0869565217391255
uniform_h1024,18,8,90.22556390977444,133,120,5.263157894736835,-5.263157894736835
uniform_h1024,18,9,82.08955223880596,134,110,6.71641791044776,-6.71641791044776
uniform_h1024,18,10,84.05797101449275,138,116,7.246376811594203,-7.246376811594203
uniform_h1024,18,11,88.0,100,88,7.0,-7.0
uniform_h1024,18,12,81.03448275862068,116,94,11.206896551724142,-11.206896551724142
uniform_h1024,18,13,88.18897637795276,127,112,2.3622047244094517,-2.3622047244094517
uniform_h1024,18,14,89.39393939393939,132,118,4.545454545454547,-4.545454545454547
uniform_h1024,18,15,82.75862068965517,116,96,1.7241379310344769,-1.7241379310344769
uniform_h1024,18,16,76.69172932330827,133,102,12.030075187969928,-12.030075187969928
uniform_h1024,18,17,88.0952380952381,126,111,4.761904761904759,-4.761904761904759
uniform_h1024,18,18,95.28301886792453,106,101,,
uniform_h1024,19,1,87.28813559322033,118,103,4.237288135593232,-4.237288135593232
uniform_h1024,19,2,92.3076923076923,130,120,3.846153846153854,-3.846153846153854
uniform_h1024,19,3,85.61643835616438,146,125,1.3698630136986338,-0.684931506849324
uniform_h1024,19,4,92.04545454545455,176,162,5.11363636363636,-5.11363636363636
uniform_h1024,19,5,91.40625,128,117,2.34375,-2.34375
uniform_h1024,19,6,84.16666666666667,120,101,2.5,-2.5
uniform_h1024,19,7,89.56521739130434,115,103,6.956521739130437,-6.956521739130437
uniform_h1024,19,8,86.46616541353383,133,115,9.022556390977442,-9.022556390977442
uniform_h1024,19,9,83.58208955223881,134,112,5.223880597014912,-5.223880597014912
uniform_h1024,19,10,83.33333333333333,138,115,7.971014492753625,-7.971014492753625
uniform_h1024,19,11,88.0,100,88,7.0,-7.0
uniform_h1024,19,12,81.89655172413794,116,95,10.34482758620689,-10.34482758620689
uniform_h1024,19,13,89.76377952755905,127,114,0.7874015748031553,-0.7874015748031553
uniform_h1024,19,14,88.63636363636364,132,117,5.303030303030297,-5.303030303030297
uniform_h1024,19,15,81.89655172413794,116,95,2.5862068965517153,-2.5862068965517153
uniform_h1024,19,16,75.93984962406014,133,101,12.781954887218049,-12.781954887218049
uniform_h1024,19,17,86.5079365079365,126,109,6.349206349206355,-6.349206349206355
uniform_h1024,19,18,90.56603773584905,106,96,4.716981132075475,-4.716981132075475
uniform_h1024,19,19,92.66055045871559,109,101,,
uniform_h1024,20,1,83.05084745762711,118,98,8.47457627118645,-8.47457627118645
uniform_h1024,20,2,90.0,130,117,6.15384615384616,-6.15384615384616
uniform_h1024,20,3,87.67123287671232,146,128,-0.6849315068493098,1.3698630136986196
uniform_h1024,20,4,89.77272727272727,176,158,7.38636363636364,-7.38636363636364
uniform_h1024,20,5,85.9375,128,110,7.8125,-7.8125
uniform_h1024,20,6,85.83333333333333,120,103,0.8333333333333428,-0.8333333333333428
uniform_h1024,20,7,91.30434782608695,115,105,5.217391304347828,-5.217391304347828
uniform_h1024,20,8,89.47368421052632,133,119,6.015037593984957,-6.015037593984957
uniform_h1024,20,9,83.58208955223881,134,112,5.223880597014912,-5.223880597014912
uniform_h1024,20,10,83.33333333333333,138,115,7.971014492753625,-7.971014492753625
uniform_h1024,20,11,86.0,100,86,9.0,-9.0
uniform_h1024,20,12,69.82758620689656,116,81,22.41379310344827,-22.41379310344827
uniform_h1024,20,13,87.4015748031496,127,111,3.149606299212607,-3.149606299212607
uniform_h1024,20,14,89.39393939393939,132,118,4.545454545454547,-4.545454545454547
uniform_h1024,20,15,81.03448275862068,116,94,3.448275862068968,-3.448275862068968
uniform_h1024,20,16,75.18796992481202,133,100,13.53383458646617,-13.53383458646617
uniform_h1024,20,17,85.71428571428571,126,108,7.142857142857153,-7.142857142857153
uniform_h1024,20,18,85.84905660377359,106,91,9.433962264150935,-9.433962264150935
uniform_h1024,20,19,87.1559633027523,109,95,5.504587155963293,-5.504587155963293
uniform_h1024,20,20,86.13861386138613,101,87,,
uniform_h1024,21,1,83.89830508474576,118,99,7.6271186440678065,-7.6271186440678065
uniform_h1024,21,2,93.07692307692308,130,121,3.07692307692308,-3.07692307692308
uniform_h1024,21,3,84.24657534246575,146,123,3.4246575342465775,-2.054794520547958
uniform_h1024,21,4,89.77272727272727,176,158,7.38636363636364,-7.38636363636364
uniform_h1024,21,5,87.5,128,112,6.25,-6.25
uniform_h1024,21,6,85.83333333333333,120,103,0.8333333333333428,-0.8333333333333428
uniform_h1024,21,7,90.43478260869566,115,104,6.0869565217391255,-6.0869565217391255
uniform_h1024,21,8,89.47368421052632,133,119,6.015037593984957,-6.015037593984957
uniform_h1024,21,9,82.83582089552239,134,111,5.970149253731336,-5.970149253731336
uniform_h1024,21,10,83.33333333333333,138,115,7.971014492753625,-7.971014492753625
uniform_h1024,21,11,84.0,100,84,11.0,-11.0
uniform_h1024,21,12,78.44827586206897,116,91,13.793103448275858,-13.793103448275858
uniform_h1024,21,13,87.4015748031496,127,111,3.149606299212607,-3.149606299212607
uniform_h1024,21,14,87.87878787878788,132,116,6.060606060606062,-6.060606060606062
uniform_h1024,21,15,80.17241379310344,116,93,4.310344827586206,-4.310344827586206
uniform_h1024,21,16,76.69172932330827,133,102,12.030075187969928,-12.030075187969928
uniform_h1024,21,17,88.0952380952381,126,111,4.761904761904759,-4.761904761904759
uniform_h1024,21,18,89.62264150943396,106,95,5.660377358490564,-5.660377358490564
uniform_h1024,21,19,86.23853211009174,109,94,6.422018348623851,-6.422018348623851
uniform_h1024,21,20,78.21782178217822,101,79,7.920792079207914,-7.920792079207914
uniform_h1024,21,21,94.44444444444444,144,136,,
uniform_h1024,22,1,87.28813559322033,118,103,4.237288135593232,-4.237288135593232
uniform_h1024,22,2,93.07692307692308,130,121,3.07692307692308,-3.07692307692308
uniform_h1024,22,3,85.61643835616438,146,125,2.0547945205479436,-0.684931506849324
uniform_h1024,22,4,90.3409090909091,176,159,6.818181818181813,-6.818181818181813
uniform_h1024,22,5,85.15625,128,109,8.59375,-8.59375
uniform_h1024,22,6,85.83333333333333,120,103,0.8333333333333428,-0.8333333333333428
uniform_h1024,22,7,90.43478260869566,115,104,6.0869565217391255,-6.0869565217391255
uniform_h1024,22,8,85.71428571428571,133,114,9.774436090225564,-9.774436090225564
uniform_h1024,22,9,80.59701492537313,134,108,8.208955223880594,-8.208955223880594
uniform_h1024,22,10,85.5072463768116,138,118,5.79710144927536,-5.79710144927536
uniform_h1024,22,11,88.0,100,88,7.0,-7.0
uniform_h1024,22,12,79.3103448275862,116,92,12.93103448275862,-12.93103448275862
uniform_h1024,22,13,86.61417322834646,127,110,3.937007874015748,-3.937007874015748
uniform_h1024,22,14,90.15151515151516,132,119,3.787878787878782,-3.787878787878782
uniform_h1024,22,15,76.72413793103448,116,89,7.758620689655174,-7.758620689655174
uniform_h1024,22,16,75.18796992481202,133,100,13.53383458646617,-13.53383458646617
uniform_h1024,22,17,84.92063492063492,126,107,7.936507936507937,-7.936507936507937
uniform_h1024,22,18,91.50943396226415,106,97,3.773584905660371,-3.773584905660371
uniform_h1024,22,19,87.1559633027523,109,95,5.504587155963293,-5.504587155963293
uniform_h1024,22,20,75.24752475247524,101,76,10.89108910891089,-10.89108910891089
uniform_h1024,22,21,88.88888888888889,144,128,5.555555555555557,-5.555555555555557
uniform_h1024,22,22,91.66666666666667,120,110,,
uniform_h1024,23,1,85.59322033898304,118,101,5.932203389830519,-5.932203389830519
uniform_h1024,23,2,93.07692307692308,130,121,3.07692307692308,-3.07692307692308
uniform_h1024,23,3,86.3013698630137,146,126,1.3698630136986196,0.0
uniform_h1024,23,4,89.77272727272727,176,158,7.38636363636364,-7.38636363636364
uniform_h1024,23,5,89.0625,128,114,4.6875,-4.6875
uniform_h1024,23,6,84.16666666666667,120,101,2.5,-2.5
uniform_h1024,23,7,89.56521739130434,115,103,6.956521739130437,-6.956521739130437
uniform_h1024,23,8,88.7218045112782,133,118,6.766917293233078,-6.766917293233078
uniform_h1024,23,9,80.59701492537313,134,108,8.208955223880594,-8.208955223880594
uniform_h1024,23,10,83.33333333333333,138,115,7.971014492753625,-7.971014492753625
uniform_h1024,23,11,87.0,100,87,8.0,-8.0
uniform_h1024,23,12,77.58620689655173,116,90,14.655172413793096,-14.655172413793096
uniform_h1024,23,13,87.4015748031496,127,111,3.149606299212607,-3.149606299212607
uniform_h1024,23,14,85.60606060606061,132,113,8.333333333333329,-8.333333333333329
uniform_h1024,23,15,80.17241379310344,116,93,4.310344827586206,-4.310344827586206
uniform_h1024,23,16,75.18796992481202,133,100,13.53383458646617,-13.53383458646617
uniform_h1024,23,17,84.12698412698413,126,106,8.730158730158735,-8.730158730158735
uniform_h1024,23,18,93.39622641509433,106,99,1.8867924528301927,-1.8867924528301927
uniform_h1024,23,19,83.4862385321101,109,91,9.174311926605498,-9.174311926605498
uniform_h1024,23,20,73.26732673267327,101,74,12.871287128712865,-12.871287128712865
uniform_h1024,23,21,88.88888888888889,144,128,5.555555555555557,-5.555555555555557
uniform_h1024,23,22,85.0,120,102,6.666666666666671,-6.666666666666671
uniform_h1024,23,23,88.88888888888889,117,104,,
uniform_h1024,24,1,75.42372881355932,118,89,16.101694915254242,-16.101694915254242
uniform_h1024,24,2,93.84615384615384,130,122,2.307692307692321,-2.307692307692321
uniform_h1024,24,3,86.98630136986301,146,127,0.6849315068493098,0.6849315068493098
uniform_h1024,24,4,89.77272727272727,176,158,7.38636363636364,-7.38636363636364
uniform_h1024,24,5,81.25,128,104,12.5,-12.5
uniform_h1024,24,6,86.66666666666667,120,104,0.0,0.0
uniform_h1024,24,7,86.95652173913044,115,100,9.565217391304344,-9.565217391304344
uniform_h1024,24,8,87.96992481203007,133,117,7.5187969924811995,-7.5187969924811995
uniform_h1024,24,9,82.83582089552239,134,111,5.970149253731336,-5.970149253731336
uniform_h1024,24,10,83.33333333333333,138,115,7.971014492753625,-7.971014492753625
uniform_h1024,24,11,83.0,100,83,12.0,-12.0
uniform_h1024,24,12,74.13793103448276,116,86,18.103448275862064,-18.103448275862064
uniform_h1024,24,13,86.61417322834646,127,110,3.937007874015748,-3.937007874015748
uniform_h1024,24,14,88.63636363636364,132,117,5.303030303030297,-5.303030303030297
uniform_h1024,24,15,82.75862068965517,116,96,1.7241379310344769,-1.7241379310344769
uniform_h1024,24,16,76.69172932330827,133,102,12.030075187969928,-12.030075187969928
uniform_h1024,24,17,84.92063492063492,126,107,7.936507936507937,-7.936507936507937
uniform_h1024,24,18,88.67924528301887,106,94,6.603773584905653,-6.603773584905653
uniform_h1024,24,19,86.23853211009174,109,94,6.422018348623851,-6.422018348623851
uniform_h1024,24,20,75.24752475247524,101,76,10.89108910891089,-10.89108910891089
uniform_h1024,24,21,86.11111111111111,144,124,8.333333333333329,-8.333333333333329
uniform_h1024,24,22,85.0,120,102,6.666666666666671,-6.666666666666671
uniform_h1024,24,23,77.77777777777777,117,91,11.111111111111114,-11.111111111111114
uniform_h1024,24,24,88.37209302325581,86,76,,
uniform_h1024,25,1,84.7457627118644,118,100,6.779661016949163,-6.779661016949163
uniform_h1024,25,2,90.76923076923077,130,118,5.384615384615387,-5.384615384615387
uniform_h1024,25,3,86.98630136986301,146,127,0.6849315068493098,0.6849315068493098
uniform_h1024,25,4,91.47727272727273,176,161,5.681818181818173,-5.681818181818173
uniform_h1024,25,5,84.375,128,108,9.375,-9.375
uniform_h1024,25,6,86.66666666666667,120,104,0.0,0.0
uniform_h1024,25,7,87.82608695652173,115,101,8.695652173913047,-8.695652173913047
uniform_h1024,25,8,88.7218045112782,133,118,6.766917293233078,-6.766917293233078
uniform_h1024,25,9,80.59701492537313,134,108,8.208955223880594,-8.208955223880594
uniform_h1024,25,10,85.5072463768116,138,118,5.79710144927536,-5.79710144927536
uniform_h1024,25,11,77.0,100,77,18.0,-18.0
uniform_h1024,25,12,75.86206896551724,116,88,16.379310344827587,-16.379310344827587
uniform_h1024,25,13,85.8267716535433,127,109,4.7244094488189035,-4.7244094488189035
uniform_h1024,25,14,87.87878787878788,132,116,6.060606060606062,-6.060606060606062
uniform_h1024,25,15,81.89655172413794,116,95,2.5862068965517153,-2.5862068965517153
uniform_h1024,25,16,78.19548872180451,133,104,10.526315789473685,-10.526315789473685
uniform_h1024,25,17,87.3015873015873,126,110,5.555555555555557,-5.555555555555557
uniform_h1024,25,18,88.67924528301887,106,94,6.603773584905653,-6.603773584905653
uniform_h1024,25,19,85.3211009174312,109,93,7.339449541284395,-7.339449541284395
uniform_h1024,25,20,77.22772277227723,101,78,8.910891089108901,-8.910891089108901
uniform_h1024,25,21,86.80555555555556,144,125,7.638888888888886,-7.638888888888886
uniform_h1024,25,22,78.33333333333333,120,94,13.333333333333343,-13.333333333333343
uniform_h1024,25,23,80.34188034188034,117,94,8.547008547008545,-8.547008547008545
uniform_h1024,25,24,81.3953488372093,86,70,6.976744186046517,-6.976744186046517
uniform_h1024,25,25,86.15384615384616,65,56,,
uniform_h1024,26,1,83.89830508474576,118,99,7.6271186440678065,-7.6271186440678065
uniform_h1024,26,2,89.23076923076923,130,116,6.923076923076934,-6.923076923076934
uniform_h1024,26,3,82.87671232876713,146,121,4.794520547945197,-3.4246575342465775
uniform_h1024,26,4,89.77272727272727,176,158,7.38636363636364,-7.38636363636364
uniform_h1024,26,5,86.71875,128,111,7.03125,-7.03125
uniform_h1024,26,6,85.83333333333333,120,103,0.8333333333333428,-0.8333333333333428
uniform_h1024,26,7,82.6086956521739,115,95,13.913043478260875,-13.913043478260875
uniform_h1024,26,8,87.96992481203007,133,117,7.5187969924811995,-7.5187969924811995
uniform_h1024,26,9,85.82089552238806,134,115,2.985074626865668,-2.985074626865668
uniform_h1024,26,10,86.23188405797102,138,119,5.072463768115938,-5.072463768115938
uniform_h1024,26,11,79.0,100,79,16.0,-16.0
uniform_h1024,26,12,77.58620689655173,116,90,14.655172413793096,-14.655172413793096
uniform_h1024,26,13,87.4015748031496,127,111,3.149606299212607,-3.149606299212607
uniform_h1024,26,14,84.0909090909091,132,111,9.848484848484844,-9.848484848484844
uniform_h1024,26,15,84.48275862068965,116,98,0.0,0.0
uniform_h1024,26,16,78.19548872180451,133,104,10.526315789473685,-10.526315789473685
uniform_h1024,26,17,84.12698412698413,126,106,8.730158730158735,-8.730158730158735
uniform_h1024,26,18,91.50943396226415,106,97,3.773584905660371,-3.773584905660371
uniform_h1024,26,19,71.55963302752293,109,78,21.100917431192656,-21.100917431192656
uniform_h1024,26,20,77.22772277227723,101,78,8.910891089108901,-8.910891089108901
uniform_h1024,26,21,88.19444444444444,144,127,6.25,-6.25
uniform_h1024,26,22,81.66666666666667,120,98,10.0,-10.0
uniform_h1024,26,23,82.90598290598291,117,97,5.982905982905976,-5.982905982905976
uniform_h1024,26,24,73.25581395348837,86,63,15.116279069767444,-15.116279069767444
uniform_h1024,26,25,76.92307692307692,65,50,9.23076923076924,-9.23076923076924
uniform_h1024,26,26,95.1219512195122,123,117,,
uniform_h1024,27,1,77.11864406779661,118,91,14.406779661016955,-14.406779661016955
uniform_h1024,27,2,90.0,130,117,6.15384615384616,-6.15384615384616
uniform_h1024,27,3,86.98630136986301,146,127,0.6849315068493098,0.6849315068493098
uniform_h1024,27,4,88.63636363636364,176,156,8.522727272727266,-8.522727272727266
uniform_h1024,27,5,85.9375,128,110,7.8125,-7.8125
uniform_h1024,27,6,85.0,120,102,1.6666666666666714,-1.6666666666666714
uniform_h1024,27,7,83.47826086956522,115,96,13.043478260869563,-13.043478260869563
uniform_h1024,27,8,87.21804511278195,133,116,8.27067669172932,-8.27067669172932
uniform_h1024,27,9,86.56716417910448,134,116,2.2388059701492438,-2.2388059701492438
uniform_h1024,27,10,82.6086956521739,138,114,8.695652173913047,-8.695652173913047
uniform_h1024,27,11,84.0,100,84,11.0,-11.0
uniform_h1024,27,12,80.17241379310344,116,93,12.06896551724138,-12.06896551724138
uniform_h1024,27,13,85.03937007874016,127,108,5.511811023622045,-5.511811023622045
uniform_h1024,27,14,87.87878787878788,132,116,6.060606060606062,-6.060606060606062
uniform_h1024,27,15,82.75862068965517,116,96,1.7241379310344769,-1.7241379310344769
uniform_h1024,27,16,77.44360902255639,133,103,11.278195488721806,-11.278195488721806
uniform_h1024,27,17,84.12698412698413,126,106,8.730158730158735,-8.730158730158735
uniform_h1024,27,18,91.50943396226415,106,97,3.773584905660371,-3.773584905660371
uniform_h1024,27,19,75.22935779816514,109,82,17.43119266055045,-17.43119266055045
uniform_h1024,27,20,74.25742574257426,101,75,11.881188118811878,-11.881188118811878
uniform_h1024,27,21,89.58333333333333,144,129,4.861111111111114,-4.861111111111114
uniform_h1024,27,22,78.33333333333333,120,94,13.333333333333343,-13.333333333333343
uniform_h1024,27,23,80.34188034188034,117,94,8.547008547008545,-8.547008547008545
uniform_h1024,27,24,73.25581395348837,86,63,15.116279069767444,-15.116279069767444
uniform_h1024,27,25,75.38461538461539,65,49,10.769230769230774,-10.769230769230774
uniform_h1024,27,26,87.8048780487805,123,108,7.317073170731703,-7.317073170731703
uniform_h1024,27,27,92.03539823008849,113,104,,
uniform_h1024,28,1,79.66101694915254,118,94,11.864406779661024,-11.864406779661024
uniform_h1024,28,2,90.0,130,117,6.15384615384616,-6.15384615384616
uniform_h1024,28,3,86.98630136986301,146,127,0.6849315068493098,0.6849315068493098
uniform_h1024,28,4,88.63636363636364,176,156,8.522727272727266,-8.522727272727266
uniform_h1024,28,5,85.9375,128,110,7.8125,-7.8125
uniform_h1024,28,6,86.66666666666667,120,104,0.0,0.0
uniform_h1024,28,7,86.95652173913044,115,100,9.565217391304344,-9.565217391304344
uniform_h1024,28,8,87.21804511278195,133,116,8.27067669172932,-8.27067669172932
uniform_h1024,28,9,82.83582089552239,134,111,5.970149253731336,-5.970149253731336
uniform_h1024,28,10,84.78260869565217,138,117,6.521739130434781,-6.521739130434781
uniform_h1024,28,11,79.0,100,79,16.0,-16.0
uniform_h1024,28,12,75.0,116,87,17.241379310344826,-17.241379310344826
uniform_h1024,28,13,85.8267716535433,127,109,4.7244094488189035,-4.7244094488189035
uniform_h1024,28,14,85.60606060606061,132,113,8.333333333333329,-8.333333333333329
uniform_h1024,28,15,81.03448275862068,116,94,3.448275862068968,-3.448275862068968
uniform_h1024,28,16,77.44360902255639,133,103,11.278195488721806,-11.278195488721806
uniform_h1024,28,17,80.95238095238095,126,102,11.904761904761912,-11.904761904761912
uniform_h1024,28,18,90.56603773584905,106,96,4.716981132075475,-4.716981132075475
uniform_h1024,28,19,78.89908256880734,109,86,13.761467889908246,-13.761467889908246
uniform_h1024,28,20,76.23762376237623,101,77,9.900990099009903,-9.900990099009903
uniform_h1024,28,21,86.80555555555556,144,125,7.638888888888886,-7.638888888888886
uniform_h1024,28,22,77.5,120,93,14.166666666666671,-14.166666666666671
uniform_h1024,28,23,79.48717948717949,117,93,9.401709401709397,-9.401709401709397
uniform_h1024,28,24,72.09302325581395,86,62,16.279069767441868,-16.279069767441868
uniform_h1024,28,25,75.38461538461539,65,49,10.769230769230774,-10.769230769230774
uniform_h1024,28,26,72.35772357723577,123,89,22.764227642276424,-22.764227642276424
uniform_h1024,28,27,75.22123893805309,113,85,16.8141592920354,-16.8141592920354
uniform_h1024,28,28,92.15686274509804,102,94,,
uniform_h1024,29,1,83.89830508474576,118,99,7.6271186440678065,-7.6271186440678065
uniform_h1024,29,2,90.0,130,117,6.15384615384616,-6.15384615384616
uniform_h1024,29,3,85.61643835616438,146,125,2.0547945205479436,-0.684931506849324
uniform_h1024,29,4,90.9090909090909,176,160,6.25,-6.25
uniform_h1024,29,5,74.21875,128,95,19.53125,-19.53125
uniform_h1024,29,6,80.0,120,96,6.666666666666671,-6.666666666666671
uniform_h1024,29,7,86.95652173913044,115,100,9.565217391304344,-9.565217391304344
uniform_h1024,29,8,85.71428571428571,133,114,9.774436090225564,-9.774436090225564
uniform_h1024,29,9,84.32835820895522,134,113,4.477611940298502,-4.477611940298502
uniform_h1024,29,10,85.5072463768116,138,118,5.79710144927536,-5.79710144927536
uniform_h1024,29,11,83.0,100,83,12.0,-12.0
uniform_h1024,29,12,76.72413793103448,116,89,15.517241379310349,-15.517241379310349
uniform_h1024,29,13,85.8267716535433,127,109,4.7244094488189035,-4.7244094488189035
uniform_h1024,29,14,88.63636363636364,132,117,5.303030303030297,-5.303030303030297
uniform_h1024,29,15,81.89655172413794,116,95,2.5862068965517153,-2.5862068965517153
uniform_h1024,29,16,78.19548872180451,133,104,10.526315789473685,-10.526315789473685
uniform_h1024,29,17,83.33333333333333,126,105,9.523809523809533,-9.523809523809533
uniform_h1024,29,18,90.56603773584905,106,96,4.716981132075475,-4.716981132075475
uniform_h1024,29,19,67.88990825688073,109,74,24.77064220183486,-24.77064220183486
uniform_h1024,29,20,77.22772277227723,101,78,8.910891089108901,-8.910891089108901
uniform_h1024,29,21,86.11111111111111,144,124,8.333333333333329,-8.333333333333329
uniform_h1024,29,22,80.0,120,96,11.666666666666671,-11.666666666666671
uniform_h1024,29,23,81.19658119658119,117,95,7.692307692307693,-7.692307692307693
uniform_h1024,29,24,77.90697674418605,86,67,10.465116279069761,-10.465116279069761
uniform_h1024,29,25,70.76923076923077,65,46,15.384615384615387,-15.384615384615387
uniform_h1024,29,26,82.92682926829268,123,102,12.19512195121952,-12.19512195121952
uniform_h1024,29,27,77.87610619469027,113,88,14.159292035398224,-14.159292035398224
uniform_h1024,29,28,87.25490196078431,102,89,4.901960784313729,-4.901960784313729
uniform_h1024,29,29,89.47368421052632,114,102,,
uniform_h1024,30,1,83.05084745762711,118,98,8.47457627118645,-8.47457627118645
uniform_h1024,30,2,91.53846153846153,130,119,4.615384615384627,-4.615384615384627
uniform_h1024,30,3,86.3013698630137,146,126,1.3698630136986196,0.0
uniform_h1024,30,4,82.95454545454545,176,146,14.204545454545453,-14.204545454545453
uniform_h1024,30,5,81.25,128,104,12.5,-12.5
uniform_h1024,30,6,81.66666666666667,120,98,5.0,-5.0
uniform_h1024,30,7,86.08695652173913,115,99,10.434782608695656,-10.434782608695656
uniform_h1024,30,8,86.46616541353383,133,115,9.022556390977442,-9.022556390977442
uniform_h1024,30,9,82.08955223880596,134,110,6.71641791044776,-6.71641791044776
uniform_h1024,30,10,84.05797101449275,138,116,7.246376811594203,-7.246376811594203
uniform_h1024,30,11,83.0,100,83,12.0,-12.0
uniform_h1024,30,12,78.44827586206897,116,91,13.793103448275858,-13.793103448275858
uniform_h1024,30,13,85.03937007874016,127,108,5.511811023622045,-5.511811023622045
uniform_h1024,30,14,86.36363636363636,132,114,7.575757575757578,-7.575757575757578
uniform_h1024,30,15,81.89655172413794,116,95,2.5862068965517153,-2.5862068965517153
uniform_h1024,30,16,73.6842105263158,133,98,15.037593984962399,-15.037593984962399
uniform_h1024,30,17,80.95238095238095,126,102,11.904761904761912,-11.904761904761912
uniform_h1024,30,18,89.62264150943396,106,95,5.660377358490564,-5.660377358490564
uniform_h1024,30,19,82.56880733944953,109,90,10.091743119266056,-10.091743119266056
uniform_h1024,30,20,75.24752475247524,101,76,10.89108910891089,-10.89108910891089
uniform_h1024,30,21,88.19444444444444,144,127,6.25,-6.25
uniform_h1024,30,22,80.83333333333333,120,97,10.833333333333343,-10.833333333333343
uniform_h1024,30,23,77.77777777777777,117,91,11.111111111111114,-11.111111111111114
uniform_h1024,30,24,76.74418604651163,86,66,11.627906976744185,-11.627906976744185
uniform_h1024,30,25,72.3076923076923,65,47,13.846153846153854,-13.846153846153854
uniform_h1024,30,26,80.48780487804878,123,99,14.63414634146342,-14.63414634146342
uniform_h1024,30,27,75.22123893805309,113,85,16.8141592920354,-16.8141592920354
uniform_h1024,30,28,86.27450980392157,102,88,5.882352941176464,-5.882352941176464
uniform_h1024,30,29,78.94736842105263,114,90,10.526315789473685,-10.526315789473685
uniform_h1024,30,30,91.58878504672897,214,196,,
uniform_h1024,31,1,79.66101694915254,118,94,11.864406779661024,-11.864406779661024
uniform_h1024,31,2,91.53846153846153,130,119,4.615384615384627,-4.615384615384627
uniform_h1024,31,3,86.98630136986301,146,127,0.6849315068493098,0.6849315068493098
uniform_h1024,31,4,85.79545454545455,176,151,11.36363636363636,-11.36363636363636
uniform_h1024,31,5,82.8125,128,106,10.9375,-10.9375
uniform_h1024,31,6,82.5,120,99,4.166666666666671,-4.166666666666671
uniform_h1024,31,7,82.6086956521739,115,95,13.913043478260875,-13.913043478260875
uniform_h1024,31,8,84.21052631578948,133,112,11.278195488721792,-11.278195488721792
uniform_h1024,31,9,83.58208955223881,134,112,5.223880597014912,-5.223880597014912
uniform_h1024,31,10,81.15942028985508,138,112,10.144927536231876,-10.144927536231876
uniform_h1024,31,11,85.0,100,85,10.0,-10.0
uniform_h1024,31,12,79.3103448275862,116,92,12.93103448275862,-12.93103448275862
uniform_h1024,31,13,87.4015748031496,127,111,3.149606299212607,-3.149606299212607
uniform_h1024,31,14,84.0909090909091,132,111,9.848484848484844,-9.848484848484844
uniform_h1024,31,15,79.3103448275862,116,92,5.172413793103445,-5.172413793103445
uniform_h1024,31,16,74.43609022556392,133,99,14.285714285714278,-14.285714285714278
uniform_h1024,31,17,84.92063492063492,126,107,7.936507936507937,-7.936507936507937
uniform_h1024,31,18,88.67924528301887,106,94,6.603773584905653,-6.603773584905653
uniform_h1024,31,19,79.81651376146789,109,87,12.844036697247702,-12.844036697247702
uniform_h1024,31,20,77.22772277227723,101,78,8.910891089108901,-8.910891089108901
uniform_h1024,31,21,86.11111111111111,144,124,8.333333333333329,-8.333333333333329
uniform_h1024,31,22,85.83333333333333,120,103,5.833333333333343,-5.833333333333343
uniform_h1024,31,23,84.61538461538461,117,99,4.2735042735042725,-4.2735042735042725
uniform_h1024,31,24,75.5813953488372,86,65,12.79069767441861,-12.79069767441861
uniform_h1024,31,25,72.3076923076923,65,47,13.846153846153854,-13.846153846153854
uniform_h1024,31,26,80.48780487804878,123,99,14.63414634146342,-14.63414634146342
uniform_h1024,31,27,81.41592920353982,113,92,10.619469026548671,-10.619469026548671
uniform_h1024,31,28,83.33333333333333,102,85,8.82352941176471,-8.82352941176471
uniform_h1024,31,29,78.94736842105263,114,90,10.526315789473685,-10.526315789473685
uniform_h1024,31,30,86.44859813084112,214,185,5.140186915887853,-5.140186915887853
uniform_h1024,31,31,96.49122807017544,114,110,,
uniform_h1024,32,1,80.50847457627118,118,95,11.01694915254238,-11.01694915254238
uniform_h1024,32,2,91.53846153846153,130,119,4.615384615384627,-4.615384615384627
uniform_h1024,32,3,87.67123287671232,146,128,0.0,1.3698630136986196
uniform_h1024,32,4,87.5,176,154,9.659090909090907,-9.659090909090907
uniform_h1024,32,5,84.375,128,108,9.375,-9.375
uniform_h1024,32,6,83.33333333333333,120,100,3.333333333333343,-3.333333333333343
uniform_h1024,32,7,74.78260869565217,115,86,21.73913043478261,-21.73913043478261
uniform_h1024,32,8,85.71428571428571,133,114,9.774436090225564,-9.774436090225564
uniform_h1024,32,9,83.58208955223881,134,112,5.223880597014912,-5.223880597014912
uniform_h1024,32,10,84.05797101449275,138,116,7.246376811594203,-7.246376811594203
uniform_h1024,32,11,80.0,100,80,15.0,-15.0
uniform_h1024,32,12,80.17241379310344,116,93,12.06896551724138,-12.06896551724138
uniform_h1024,32,13,82.67716535433071,127,105,7.874015748031496,-7.874015748031496
uniform_h1024,32,14,84.0909090909091,132,111,9.848484848484844,-9.848484848484844
uniform_h1024,32,15,77.58620689655173,116,90,6.896551724137922,-6.896551724137922
uniform_h1024,32,16,74.43609022556392,133,99,14.285714285714278,-14.285714285714278
uniform_h1024,32,17,84.12698412698413,126,106,8.730158730158735,-8.730158730158735
uniform_h1024,32,18,90.56603773584905,106,96,4.716981132075475,-4.716981132075475
uniform_h1024,32,19,81.65137614678899,109,89,11.0091743119266,-11.0091743119266
uniform_h1024,32,20,75.24752475247524,101,76,10.89108910891089,-10.89108910891089
uniform_h1024,32,21,87.5,144,126,6.944444444444443,-6.944444444444443
uniform_h1024,32,22,82.5,120,99,9.166666666666671,-9.166666666666671
uniform_h1024,32,23,83.76068376068376,117,98,5.128205128205124,-5.128205128205124
uniform_h1024,32,24,68.6046511627907,86,59,19.767441860465112,-19.767441860465112
uniform_h1024,32,25,75.38461538461539,65,49,10.769230769230774,-10.769230769230774
uniform_h1024,32,26,82.11382113821138,123,101,13.00813008130082,-13.00813008130082
uniform_h1024,32,27,81.41592920353982,113,92,10.619469026548671,-10.619469026548671
uniform_h1024,32,28,85.29411764705883,102,87,6.862745098039213,-6.862745098039213
uniform_h1024,32,29,78.0701754385965,114,89,11.403508771929822,-11.403508771929822
uniform_h1024,32,30,85.51401869158879,214,183,6.074766355140184,-6.074766355140184
uniform_h1024,32,31,87.71929824561404,114,100,8.771929824561397,-8.771929824561397
uniform_h1024,32,32,93.20388349514563,103,96,,
uniform_h1024,33,1,78.8135593220339,118,93,12.711864406779668,-12.711864406779668
uniform_h1024,33,2,85.38461538461539,130,111,10.769230769230774,-10.769230769230774
uniform_h1024,33,3,86.98630136986301,146,127,0.6849315068493098,0.6849315068493098
uniform_h1024,33,4,85.79545454545455,176,151,11.36363636363636,-11.36363636363636
uniform_h1024,33,5,84.375,128,108,9.375,-9.375
uniform_h1024,33,6,80.83333333333333,120,97,5.833333333333343,-5.833333333333343
uniform_h1024,33,7,85.21739130434783,115,98,11.304347826086953,-11.304347826086953
uniform_h1024,33,8,85.71428571428571,133,114,9.774436090225564,-9.774436090225564
uniform_h1024,33,9,82.83582089552239,134,111,5.970149253731336,-5.970149253731336
uniform_h1024,33,10,82.6086956521739,138,114,8.695652173913047,-8.695652173913047
uniform_h1024,33,11,81.0,100,81,14.0,-14.0
uniform_h1024,33,12,79.3103448275862,116,92,12.93103448275862,-12.93103448275862
uniform_h1024,33,13,85.03937007874016,127,108,5.511811023622045,-5.511811023622045
uniform_h1024,33,14,84.84848484848484,132,112,9.090909090909093,-9.090909090909093
uniform_h1024,33,15,82.75862068965517,116,96,1.7241379310344769,-1.7241379310344769
uniform_h1024,33,16,78.19548872180451,133,104,10.526315789473685,-10.526315789473685
uniform_h1024,33,17,82.53968253968254,126,104,10.317460317460316,-10.317460317460316
uniform_h1024,33,18,89.62264150943396,106,95,5.660377358490564,-5.660377358490564
uniform_h1024,33,19,82.56880733944953,109,90,10.091743119266056,-10.091743119266056
uniform_h1024,33,20,72.27722772277228,101,73,13.861386138613852,-13.861386138613852
uniform_h1024,33,21,86.80555555555556,144,125,7.638888888888886,-7.638888888888886
uniform_h1024,33,22,81.66666666666667,120,98,10.0,-10.0
uniform_h1024,33,23,83.76068376068376,117,98,5.128205128205124,-5.128205128205124
uniform_h1024,33,24,70.93023255813954,86,61,17.441860465116278,-17.441860465116278
uniform_h1024,33,25,72.3076923076923,65,47,13.846153846153854,-13.846153846153854
uniform_h1024,33,26,84.55284552845528,123,104,10.569105691056919,-10.569105691056919
uniform_h1024,33,27,84.070796460177,113,95,7.964601769911496,-7.964601769911496
uniform_h1024,33,28,84.31372549019608,102,86,7.843137254901961,-7.843137254901961
uniform_h1024,33,29,75.43859649122807,114,86,14.035087719298247,-14.035087719298247
uniform_h1024,33,30,84.11214953271028,214,180,7.476635514018696,-7.476635514018696
uniform_h1024,33,31,91.2280701754386,114,104,5.263157894736835,-5.263157894736835
uniform_h1024,33,32,84.46601941747574,103,87,8.737864077669897,-8.737864077669897
uniform_h1024,33,33,90.990990990991,111,101,,
uniform_h1024,34,1,83.05084745762711,118,98,8.47457627118645,-8.47457627118645
uniform_h1024,34,2,90.0,130,117,6.15384615384616,-6.15384615384616
uniform_h1024,34,3,86.98630136986301,146,127,0.6849315068493098,0.6849315068493098
uniform_h1024,34,4,85.79545454545455,176,151,11.36363636363636,-11.36363636363636
uniform_h1024,34,5,83.59375,128,107,10.15625,-10.15625
uniform_h1024,34,6,82.5,120,99,4.166666666666671,-4.166666666666671
uniform_h1024,34,7,83.47826086956522,115,96,13.043478260869563,-13.043478260869563
uniform_h1024,34,8,85.71428571428571,133,114,9.774436090225564,-9.774436090225564
uniform_h1024,34,9,82.83582089552239,134,111,5.970149253731336,-5.970149253731336
uniform_h1024,34,10,85.5072463768116,138,118,5.79710144927536,-5.79710144927536
uniform_h1024,34,11,76.0,100,76,19.0,-19.0
uniform_h1024,34,12,80.17241379310344,116,93,12.06896551724138,-12.06896551724138
uniform_h1024,34,13,85.03937007874016,127,108,5.511811023622045,-5.511811023622045
uniform_h1024,34,14,84.0909090909091,132,111,9.848484848484844,-9.848484848484844
uniform_h1024,34,15,82.75862068965517,116,96,1.7241379310344769,-1.7241379310344769
uniform_h1024,34,16,77.44360902255639,133,103,11.278195488721806,-11.278195488721806
uniform_h1024,34,17,84.92063492063492,126,107,7.936507936507937,-7.936507936507937
uniform_h1024,34,18,85.84905660377359,106,91,9.433962264150935,-9.433962264150935
uniform_h1024,34,19,83.4862385321101,109,91,9.174311926605498,-9.174311926605498
uniform_h1024,34,20,78.21782178217822,101,79,7.920792079207914,-7.920792079207914
uniform_h1024,34,21,86.80555555555556,144,125,7.638888888888886,-7.638888888888886
uniform_h1024,34,22,82.5,120,99,9.166666666666671,-9.166666666666671
uniform_h1024,34,23,81.19658119658119,117,95,7.692307692307693,-7.692307692307693
uniform_h1024,34,24,79.06976744186046,86,68,9.302325581395351,-9.302325581395351
uniform_h1024,34,25,78.46153846153847,65,51,7.692307692307693,-7.692307692307693
uniform_h1024,34,26,82.11382113821138,123,101,13.00813008130082,-13.00813008130082
uniform_h1024,34,27,83.1858407079646,113,94,8.849557522123888,-8.849557522123888
uniform_h1024,34,28,84.31372549019608,102,86,7.843137254901961,-7.843137254901961
uniform_h1024,34,29,74.56140350877193,114,85,14.912280701754383,-14.912280701754383
uniform_h1024,34,30,84.11214953271028,214,180,7.476635514018696,-7.476635514018696
uniform_h1024,34,31,87.71929824561404,114,100,8.771929824561397,-8.771929824561397
uniform_h1024,34,32,82.52427184466019,103,85,10.679611650485441,-10.679611650485441
uniform_h1024,34,33,86.48648648648648,111,96,4.50450450450451,-4.50450450450451
uniform_h1024,34,34,92.85714285714286,70,65,,
uniform_h1024,35,1,85.59322033898304,118,101,5.932203389830519,-5.932203389830519
uniform_h1024,35,2,90.76923076923077,130,118,5.384615384615387,-5.384615384615387
uniform_h1024,35,3,82.87671232876713,146,121,4.794520547945197,-3.4246575342465775
uniform_h1024,35,4,86.93181818181819,176,153,10.22727272727272,-10.22727272727272
uniform_h1024,35,5,84.375,128,108,9.375,-9.375
uniform_h1024,35,6,81.66666666666667,120,98,5.0,-5.0
uniform_h1024,35,7,86.08695652173913,115,99,10.434782608695656,-10.434782608695656
uniform_h1024,35,8,81.95488721804512,133,109,13.533834586466156,-13.533834586466156
uniform_h1024,35,9,83.58208955223881,134,112,5.223880597014912,-5.223880597014912
uniform_h1024,35,10,84.78260869565217,138,117,6.521739130434781,-6.521739130434781
uniform_h1024,35,11,82.0,100,82,13.0,-13.0
uniform_h1024,35,12,79.3103448275862,116,92,12.93103448275862,-12.93103448275862
uniform_h1024,35,13,89.76377952755905,127,114,0.7874015748031553,-0.7874015748031553
uniform_h1024,35,14,85.60606060606061,132,113,8.333333333333329,-8.333333333333329
uniform_h1024,35,15,85.34482758620689,116,99,-0.8620689655172384,0.8620689655172384
uniform_h1024,35,16,75.93984962406014,133,101,12.781954887218049,-12.781954887218049
uniform_h1024,35,17,84.12698412698413,126,106,8.730158730158735,-8.730158730158735
uniform_h1024,35,18,91.50943396226415,106,97,3.773584905660371,-3.773584905660371
uniform_h1024,35,19,81.65137614678899,109,89,11.0091743119266,-11.0091743119266
uniform_h1024,35,20,76.23762376237623,101,77,9.900990099009903,-9.900990099009903
uniform_h1024,35,21,86.80555555555556,144,125,7.638888888888886,-7.638888888888886
uniform_h1024,35,22,82.5,120,99,9.166666666666671,-9.166666666666671
uniform_h1024,35,23,78.63247863247864,117,92,10.256410256410248,-10.256410256410248
uniform_h1024,35,24,69.76744186046511,86,60,18.604651162790702,-18.604651162790702
uniform_h1024,35,25,72.3076923076923,65,47,13.846153846153854,-13.846153846153854
uniform_h1024,35,26,82.11382113821138,123,101,13.00813008130082,-13.00813008130082
uniform_h1024,35,27,84.070796460177,113,95,7.964601769911496,-7.964601769911496
uniform_h1024,35,28,83.33333333333333,102,85,8.82352941176471,-8.82352941176471
uniform_h1024,35,29,72.80701754385964,114,83,16.66666666666667,-16.66666666666667
uniform_h1024,35,30,84.57943925233644,214,181,7.00934579439253,-7.00934579439253
uniform_h1024,35,31,78.94736842105263,114,90,17.54385964912281,-17.54385964912281
uniform_h1024,35,32,80.58252427184466,103,83,12.62135922330097,-12.62135922330097
uniform_h1024,35,33,83.78378378378379,111,93,7.207207207207205,-7.207207207207205
uniform_h1024,35,34,80.0,70,56,12.857142857142861,-12.857142857142861
uniform_h1024,35,35,88.65248226950355,141,125,,
uniform_h1024,36,1,76.27118644067797,118,90,15.254237288135599,-15.254237288135599
uniform_h1024,36,2,87.6923076923077,130,114,8.461538461538467,-8.461538461538467
uniform_h1024,36,3,84.93150684931507,146,124,2.7397260273972535,-1.3698630136986338
uniform_h1024,36,4,89.20454545454545,176,157,7.954545454545453,-7.954545454545453
uniform_h1024,36,5,80.46875,128,103,13.28125,-13.28125
uniform_h1024,36,6,80.0,120,96,6.666666666666671,-6.666666666666671
uniform_h1024,36,7,85.21739130434783,115,98,11.304347826086953,-11.304347826086953
uniform_h1024,36,8,84.9624060150376,133,113,10.52631578947367,-10.52631578947367
uniform_h1024,36,9,79.85074626865672,134,107,8.955223880597003,-8.955223880597003
uniform_h1024,36,10,86.95652173913044,138,120,4.347826086956516,-4.347826086956516
uniform_h1024,36,11,84.0,100,84,11.0,-11.0
uniform_h1024,36,12,79.3103448275862,116,92,12.93103448275862,-12.93103448275862
uniform_h1024,36,13,85.03937007874016,127,108,5.511811023622045,-5.511811023622045
uniform_h1024,36,14,83.33333333333333,132,110,10.606060606060609,-10.606060606060609
uniform_h1024,36,15,81.03448275862068,116,94,4.310344827586206,-3.448275862068968
uniform_h1024,36,16,75.93984962406014,133,101,12.781954887218049,-12.781954887218049
uniform_h1024,36,17,84.12698412698413,126,106,8.730158730158735,-8.730158730158735
uniform_h1024,36,18,91.50943396226415,106,97,3.773584905660371,-3.773584905660371
uniform_h1024,36,19,81.65137614678899,109,89,11.0091743119266,-11.0091743119266
uniform_h1024,36,20,76.23762376237623,101,77,9.900990099009903,-9.900990099009903
uniform_h1024,36,21,87.5,144,126,6.944444444444443,-6.944444444444443
uniform_h1024,36,22,82.5,120,99,9.166666666666671,-9.166666666666671
uniform_h1024,36,23,84.61538461538461,117,99,4.2735042735042725,-4.2735042735042725
uniform_h1024,36,24,74.4186046511628,86,64,13.95348837209302,-13.95348837209302
uniform_h1024,36,25,70.76923076923077,65,46,15.384615384615387,-15.384615384615387
uniform_h1024,36,26,82.92682926829268,123,102,12.19512195121952,-12.19512195121952
uniform_h1024,36,27,77.87610619469027,113,88,14.159292035398224,-14.159292035398224
uniform_h1024,36,28,85.29411764705883,102,87,6.862745098039213,-6.862745098039213
uniform_h1024,36,29,74.56140350877193,114,85,14.912280701754383,-14.912280701754383
uniform_h1024,36,30,85.51401869158879,214,183,6.074766355140184,-6.074766355140184
uniform_h1024,36,31,86.84210526315789,114,99,9.649122807017548,-9.649122807017548
uniform_h1024,36,32,80.58252427184466,103,83,12.62135922330097,-12.62135922330097
uniform_h1024,36,33,82.88288288288288,111,92,8.108108108108112,-8.108108108108112
uniform_h1024,36,34,80.0,70,56,12.857142857142861,-12.857142857142861
uniform_h1024,36,35,85.81560283687944,141,121,2.836879432624116,-2.836879432624116
uniform_h1024,36,36,98.05194805194805,154,151,,
uniform_h1024,37,1,78.8135593220339,118,93,12.711864406779668,-12.711864406779668
uniform_h1024,37,2,87.6923076923077,130,114,8.461538461538467,-8.461538461538467
uniform_h1024,37,3,71.91780821917808,146,105,15.75342465753424,-14.38356164383562
uniform_h1024,37,4,87.5,176,154,9.659090909090907,-9.659090909090907
uniform_h1024,37,5,83.59375,128,107,10.15625,-10.15625
uniform_h1024,37,6,81.66666666666667,120,98,5.0,-5.0
uniform_h1024,37,7,77.3913043478261,115,89,19.13043478260869,-19.13043478260869
uniform_h1024,37,8,82.70676691729324,133,110,12.781954887218035,-12.781954887218035
uniform_h1024,37,9,85.82089552238806,134,115,2.985074626865668,-2.985074626865668
uniform_h1024,37,10,84.05797101449275,138,116,7.246376811594203,-7.246376811594203
uniform_h1024,37,11,82.0,100,82,13.0,-13.0
uniform_h1024,37,12,75.0,116,87,17.241379310344826,-17.241379310344826
uniform_h1024,37,13,88.18897637795276,127,112,2.3622047244094517,-2.3622047244094517
uniform_h1024,37,14,87.87878787878788,132,116,6.060606060606062,-6.060606060606062
uniform_h1024,37,15,80.17241379310344,116,93,5.172413793103445,-4.310344827586206
uniform_h1024,37,16,75.93984962406014,133,101,12.781954887218049,-12.781954887218049
uniform_h1024,37,17,80.15873015873017,126,101,12.698412698412696,-12.698412698412696
uniform_h1024,37,18,90.56603773584905,106,96,4.716981132075475,-4.716981132075475
uniform_h1024,37,19,80.73394495412845,109,88,11.926605504587144,-11.926605504587144
uniform_h1024,37,20,77.22772277227723,101,78,8.910891089108901,-8.910891089108901
uniform_h1024,37,21,87.5,144,126,6.944444444444443,-6.944444444444443
uniform_h1024,37,22,80.83333333333333,120,97,10.833333333333343,-10.833333333333343
uniform_h1024,37,23,82.05128205128206,117,96,6.8376068376068275,-6.8376068376068275
uniform_h1024,37,24,69.76744186046511,86,60,18.604651162790702,-18.604651162790702
uniform_h1024,37,25,73.84615384615384,65,48,12.30769230769232,-12.30769230769232
uniform_h1024,37,26,79.67479674796748,123,98,15.44715447154472,-15.44715447154472
uniform_h1024,37,27,79.64601769911505,113,90,12.38938053097344,-12.38938053097344
uniform_h1024,37,28,86.27450980392157,102,88,5.882352941176464,-5.882352941176464
uniform_h1024,37,29,71.9298245614035,114,82,17.54385964912281,-17.54385964912281
uniform_h1024,37,30,86.44859813084112,214,185,5.140186915887853,-5.140186915887853
uniform_h1024,37,31,87.71929824561404,114,100,8.771929824561397,-8.771929824561397
uniform_h1024,37,32,79.6116504854369,103,82,13.592233009708735,-13.592233009708735
uniform_h1024,37,33,81.08108108108108,111,90,9.909909909909913,-9.909909909909913
uniform_h1024,37,34,70.0,70,49,22.85714285714286,-22.85714285714286
uniform_h1024,37,35,82.97872340425532,141,117,5.673758865248232,-5.673758865248232
uniform_h1024,37,36,95.45454545454545,154,147,2.597402597402592,-2.597402597402592
uniform_h1024,37,37,91.0828025477707,157,143,,
uniform_h1024,38,1,75.42372881355932,118,89,16.101694915254242,-16.101694915254242
uniform_h1024,38,2,89.23076923076923,130,116,6.923076923076934,-6.923076923076934
uniform_h1024,38,3,80.82191780821918,146,118,6.849315068493141,-5.479452054794521
uniform_h1024,38,4,85.79545454545455,176,151,11.36363636363636,-11.36363636363636
uniform_h1024,38,5,78.125,128,100,15.625,-15.625
uniform_h1024,38,6,84.16666666666667,120,101,2.5,-2.5
uniform_h1024,38,7,80.0,115,92,16.52173913043478,-16.52173913043478
uniform_h1024,38,8,85.71428571428571,133,114,9.774436090225564,-9.774436090225564
uniform_h1024,38,9,84.32835820895522,134,113,4.477611940298502,-4.477611940298502
uniform_h1024,38,10,86.95652173913044,138,120,4.347826086956516,-4.347826086956516
uniform_h1024,38,11,84.0,100,84,11.0,-11.0
uniform_h1024,38,12,76.72413793103448,116,89,15.517241379310349,-15.517241379310349
uniform_h1024,38,13,84.25196850393701,127,107,6.2992125984252,-6.2992125984252
uniform_h1024,38,14,86.36363636363636,132,114,7.575757575757578,-7.575757575757578
uniform_h1024,38,15,76.72413793103448,116,89,8.620689655172413,-7.758620689655174
uniform_h1024,38,16,77.44360902255639,133,103,11.278195488721806,-11.278195488721806
uniform_h1024,38,17,84.92063492063492,126,107,7.936507936507937,-7.936507936507937
uniform_h1024,38,18,90.56603773584905,106,96,4.716981132075475,-4.716981132075475
uniform_h1024,38,19,78.89908256880734,109,86,13.761467889908246,-13.761467889908246
uniform_h1024,38,20,76.23762376237623,101,77,9.900990099009903,-9.900990099009903
uniform_h1024,38,21,87.5,144,126,6.944444444444443,-6.944444444444443
uniform_h1024,38,22,78.33333333333333,120,94,13.333333333333343,-13.333333333333343
uniform_h1024,38,23,76.06837606837607,117,89,12.820512820512818,-12.820512820512818
uniform_h1024,38,24,69.76744186046511,86,60,18.604651162790702,-18.604651162790702
uniform_h1024,38,25,75.38461538461539,65,49,10.769230769230774,-10.769230769230774
uniform_h1024,38,26,82.11382113821138,123,101,13.00813008130082,-13.00813008130082
uniform_h1024,38,27,81.41592920353982,113,92,10.619469026548671,-10.619469026548671
uniform_h1024,38,28,85.29411764705883,102,87,6.862745098039213,-6.862745098039213
uniform_h1024,38,29,73.6842105263158,114,84,15.78947368421052,-15.78947368421052
uniform_h1024,38,30,81.77570093457943,214,175,9.81308411214954,-9.81308411214954
uniform_h1024,38,31,87.71929824561404,114,100,8.771929824561397,-8.771929824561397
uniform_h1024,38,32,79.6116504854369,103,82,13.592233009708735,-13.592233009708735
uniform_h1024,38,33,81.08108108108108,111,90,9.909909909909913,-9.909909909909913
uniform_h1024,38,34,75.71428571428571,70,53,17.142857142857153,-17.142857142857153
uniform_h1024,38,35,85.1063829787234,141,120,3.5460992907801483,-3.5460992907801483
uniform_h1024,38,36,89.6103896103896,154,138,8.441558441558442,-8.441558441558442
uniform_h1024,38,37,79.61783439490446,157,125,11.464968152866234,-11.464968152866234
uniform_h1024,38,38,96.5034965034965,143,138,,
uniform_h1024,39,1,79.66101694915254,118,94,11.864406779661024,-11.864406779661024
uniform_h1024,39,2,90.0,130,117,6.15384615384616,-6.15384615384616
uniform_h1024,39,3,80.13698630136986,146,117,7.534246575342465,-6.164383561643845
uniform_h1024,39,4,85.79545454545455,176,151,11.36363636363636,-11.36363636363636
uniform_h1024,39,5,80.46875,128,103,13.28125,-13.28125
uniform_h1024,39,6,81.66666666666667,120,98,5.0,-5.0
uniform_h1024,39,7,78.26086956521739,115,90,18.26086956521739,-18.26086956521739
uniform_h1024,39,8,85.71428571428571,133,114,9.774436090225564,-9.774436090225564
uniform_h1024,39,9,82.83582089552239,134,111,5.970149253731336,-5.970149253731336
uniform_h1024,39,10,82.6086956521739,138,114,8.695652173913047,-8.695652173913047
uniform_h1024,39,11,83.0,100,83,12.0,-12.0
uniform_h1024,39,12,78.44827586206897,116,91,13.793103448275858,-13.793103448275858
uniform_h1024,39,13,85.8267716535433,127,109,4.7244094488189035,-4.7244094488189035
uniform_h1024,39,14,87.87878787878788,132,116,6.060606060606062,-6.060606060606062
uniform_h1024,39,15,78.44827586206897,116,91,6.896551724137922,-6.034482758620683
uniform_h1024,39,16,77.44360902255639,133,103,11.278195488721806,-11.278195488721806
uniform_h1024,39,17,84.92063492063492,126,107,7.936507936507937,-7.936507936507937
uniform_h1024,39,18,91.50943396226415,106,97,3.773584905660371,-3.773584905660371
uniform_h1024,39,19,83.4862385321101,109,91,9.174311926605498,-9.174311926605498
uniform_h1024,39,20,73.26732673267327,101,74,12.871287128712865,-12.871287128712865
uniform_h1024,39,21,86.11111111111111,144,124,8.333333333333329,-8.333333333333329
uniform_h1024,39,22,83.33333333333333,120,100,8.333333333333343,-8.333333333333343
uniform_h1024,39,23,79.48717948717949,117,93,9.401709401709397,-9.401709401709397
uniform_h1024,39,24,68.6046511627907,86,59,19.767441860465112,-19.767441860465112
uniform_h1024,39,25,75.38461538461539,65,49,10.769230769230774,-10.769230769230774
uniform_h1024,39,26,81.30081300813008,123,100,13.82113821138212,-13.82113821138212
uniform_h1024,39,27,78.76106194690266,113,89,13.274336283185832,-13.274336283185832
uniform_h1024,39,28,85.29411764705883,102,87,6.862745098039213,-6.862745098039213
uniform_h1024,39,29,72.80701754385964,114,83,16.66666666666667,-16.66666666666667
uniform_h1024,39,30,81.30841121495327,214,174,10.280373831775705,-10.280373831775705
uniform_h1024,39,31,81.57894736842105,114,93,14.912280701754383,-14.912280701754383
uniform_h1024,39,32,76.69902912621359,103,79,16.504854368932044,-16.504854368932044
uniform_h1024,39,33,80.18018018018019,111,89,10.810810810810807,-10.810810810810807
uniform_h1024,39,34,77.14285714285714,70,54,15.714285714285722,-15.714285714285722
uniform_h1024,39,35,85.1063829787234,141,120,3.5460992907801483,-3.5460992907801483
uniform_h1024,39,36,91.55844155844156,154,141,6.493506493506487,-6.493506493506487
uniform_h1024,39,37,80.2547770700637,157,126,10.828025477707001,-10.828025477707001
uniform_h1024,39,38,93.7062937062937,143,134,2.7972027972028,-2.7972027972028
uniform_h1024,39,39,93.85964912280701,114,107,,
uniform_h1024,40,1,80.50847457627118,118,95,11.01694915254238,-11.01694915254238
uniform_h1024,40,2,88.46153846153847,130,115,7.692307692307693,-7.692307692307693
uniform_h1024,40,3,77.3972602739726,146,113,10.273972602739718,-8.904109589041099
uniform_h1024,40,4,84.6590909090909,176,149,12.5,-12.5
uniform_h1024,40,5,84.375,128,108,9.375,-9.375
uniform_h1024,40,6,83.33333333333333,120,100,3.333333333333343,-3.333333333333343
uniform_h1024,40,7,80.0,115,92,16.52173913043478,-16.52173913043478
uniform_h1024,40,8,86.46616541353383,133,115,9.022556390977442,-9.022556390977442
uniform_h1024,40,9,80.59701492537313,134,108,8.208955223880594,-8.208955223880594
uniform_h1024,40,10,83.33333333333333,138,115,7.971014492753625,-7.971014492753625
uniform_h1024,40,11,82.0,100,82,13.0,-13.0
uniform_h1024,40,12,75.86206896551724,116,88,16.379310344827587,-16.379310344827587
uniform_h1024,40,13,85.03937007874016,127,108,5.511811023622045,-5.511811023622045
uniform_h1024,40,14,84.0909090909091,132,111,9.848484848484844,-9.848484848484844
uniform_h1024,40,15,79.3103448275862,116,92,6.034482758620683,-5.172413793103445
uniform_h1024,40,16,77.44360902255639,133,103,11.278195488721806,-11.278195488721806
uniform_h1024,40,17,82.53968253968254,126,104,10.317460317460316,-10.317460317460316
uniform_h1024,40,18,89.62264150943396,106,95,5.660377358490564,-5.660377358490564
uniform_h1024,40,19,79.81651376146789,109,87,12.844036697247702,-12.844036697247702
uniform_h1024,40,20,75.24752475247524,101,76,10.89108910891089,-10.89108910891089
uniform_h1024,40,21,87.5,144,126,6.944444444444443,-6.944444444444443
uniform_h1024,40,22,83.33333333333333,120,100,8.333333333333343,-8.333333333333343
uniform_h1024,40,23,80.34188034188034,117,94,8.547008547008545,-8.547008547008545
uniform_h1024,40,24,70.93023255813954,86,61,17.441860465116278,-17.441860465116278
uniform_h1024,40,25,73.84615384615384,65,48,12.30769230769232,-12.30769230769232
uniform_h1024,40,26,84.55284552845528,123,104,10.569105691056919,-10.569105691056919
uniform_h1024,40,27,76.99115044247787,113,87,15.044247787610615,-15.044247787610615
uniform_h1024,40,28,79.41176470588235,102,81,12.74509803921569,-12.74509803921569
uniform_h1024,40,29,61.40350877192982,114,70,28.070175438596493,-28.070175438596493
uniform_h1024,40,30,83.64485981308411,214,179,7.943925233644862,-7.943925233644862
uniform_h1024,40,31,84.21052631578948,114,96,12.280701754385959,-12.280701754385959
uniform_h1024,40,32,79.6116504854369,103,82,13.592233009708735,-13.592233009708735
uniform_h1024,40,33,79.27927927927928,111,88,11.711711711711715,-11.711711711711715
uniform_h1024,40,34,78.57142857142857,70,55,14.285714285714292,-14.285714285714292
uniform_h1024,40,35,82.26950354609929,141,116,6.382978723404264,-6.382978723404264
uniform_h1024,40,36,91.55844155844156,154,141,6.493506493506487,-6.493506493506487
uniform_h1024,40,37,79.61783439490446,157,125,11.464968152866234,-11.464968152866234
uniform_h1024,40,38,92.3076923076923,143,132,4.1958041958042,-4.1958041958042
uniform_h1024,40,39,84.21052631578948,114,96,9.649122807017534,-9.649122807017534
uniform_h1024,40,40,93.47826086956522,138,129,,
uniform_h1024,41,1,83.05084745762711,118,98,8.47457627118645,-8.47457627118645
uniform_h1024,41,2,89.23076923076923,130,116,6.923076923076934,-6.923076923076934
uniform_h1024,41,3,79.45205479452055,146,116,8.219178082191775,-6.849315068493155
uniform_h1024,41,4,86.36363636363636,176,152,10.795454545454547,-10.795454545454547
uniform_h1024,41,5,81.25,128,104,12.5,-12.5
uniform_h1024,41,6,82.5,120,99,4.166666666666671,-4.166666666666671
uniform_h1024,41,7,82.6086956521739,115,95,13.913043478260875,-13.913043478260875
uniform_h1024,41,8,83.45864661654136,133,111,12.030075187969913,-12.030075187969913
uniform_h1024,41,9,82.83582089552239,134,111,5.970149253731336,-5.970149253731336
uniform_h1024,41,10,81.8840579710145,138,113,9.420289855072454,-9.420289855072454
uniform_h1024,41,11,82.0,100,82,13.0,-13.0
uniform_h1024,41,12,63.793103448275865,116,74,28.44827586206896,-28.44827586206896
uniform_h1024,41,13,86.61417322834646,127,110,3.937007874015748,-3.937007874015748
uniform_h1024,41,14,84.0909090909091,132,111,9.848484848484844,-9.848484848484844
uniform_h1024,41,15,76.72413793103448,116,89,8.620689655172413,-7.758620689655174
uniform_h1024,41,16,76.69172932330827,133,102,12.030075187969928,-12.030075187969928
uniform_h1024,41,17,84.92063492063492,126,107,7.936507936507937,-7.936507936507937
uniform_h1024,41,18,89.62264150943396,106,95,5.660377358490564,-5.660377358490564
uniform_h1024,41,19,82.56880733944953,109,90,10.091743119266056,-10.091743119266056
uniform_h1024,41,20,75.24752475247524,101,76,10.89108910891089,-10.89108910891089
uniform_h1024,41,21,88.19444444444444,144,127,6.25,-6.25
uniform_h1024,41,22,81.66666666666667,120,98,10.0,-10.0
uniform_h1024,41,23,80.34188034188034,117,94,8.547008547008545,-8.547008547008545
uniform_h1024,41,24,68.6046511627907,86,59,19.767441860465112,-19.767441860465112
uniform_h1024,41,25,78.46153846153847,65,51,7.692307692307693,-7.692307692307693
uniform_h1024,41,26,82.92682926829268,123,102,12.19512195121952,-12.19512195121952
uniform_h1024,41,27,77.87610619469027,113,88,14.159292035398224,-14.159292035398224
uniform_h1024,41,28,85.29411764705883,102,87,6.862745098039213,-6.862745098039213
uniform_h1024,41,29,70.17543859649123,114,80,19.298245614035082,-19.298245614035082
uniform_h1024,41,30,83.64485981308411,214,179,7.943925233644862,-7.943925233644862
uniform_h1024,41,31,85.08771929824562,114,97,11.403508771929822,-11.403508771929822
uniform_h1024,41,32,78.64077669902913,103,81,14.5631067961165,-14.5631067961165
uniform_h1024,41,33,78.37837837837837,111,87,12.612612612612622,-12.612612612612622
uniform_h1024,41,34,77.14285714285714,70,54,15.714285714285722,-15.714285714285722
uniform_h1024,41,35,82.97872340425532,141,117,5.673758865248232,-5.673758865248232
uniform_h1024,41,36,91.55844155844156,154,141,6.493506493506487,-6.493506493506487
uniform_h1024,41,37,80.89171974522293,157,127,10.191082802547768,-10.191082802547768
uniform_h1024,41,38,91.60839160839161,143,131,4.895104895104893,-4.895104895104893
uniform_h1024,41,39,82.45614035087719,114,94,11.403508771929822,-11.403508771929822
uniform_h1024,41,40,86.23188405797102,138,119,7.246376811594203,-7.246376811594203
uniform_h1024,41,41,90.54054054054055,74,67,,
uniform_h1024,42,1,81.35593220338983,118,96,10.169491525423737,-10.169491525423737
uniform_h1024,42,2,90.0,130,117,6.15384615384616,-6.15384615384616
uniform_h1024,42,3,78.76712328767124,146,115,8.904109589041084,-7.534246575342465
uniform_h1024,42,4,85.79545454545455,176,151,11.36363636363636,-11.36363636363636
uniform_h1024,42,5,84.375,128,108,9.375,-9.375
uniform_h1024,42,6,81.66666666666667,120,98,5.0,-5.0
uniform_h1024,42,7,80.8695652173913,115,93,15.652173913043484,-15.652173913043484
uniform_h1024,42,8,84.21052631578948,133,112,11.278195488721792,-11.278195488721792
uniform_h1024,42,9,81.34328358208955,134,109,7.46268656716417,-7.46268656716417
uniform_h1024,42,10,84.05797101449275,138,116,7.246376811594203,-7.246376811594203
uniform_h1024,42,11,84.0,100,84,11.0,-11.0
uniform_h1024,42,12,71.55172413793103,116,83,20.689655172413794,-20.689655172413794
uniform_h1024,42,13,82.67716535433071,127,105,7.874015748031496,-7.874015748031496
uniform_h1024,42,14,87.12121212121212,132,115,6.818181818181813,-6.818181818181813
uniform_h1024,42,15,78.44827586206897,116,91,6.896551724137922,-6.034482758620683
uniform_h1024,42,16,77.44360902255639,133,103,11.278195488721806,-11.278195488721806
uniform_h1024,42,17,81.74603174603175,126,103,11.111111111111114,-11.111111111111114
uniform_h1024,42,18,89.62264150943396,106,95,5.660377358490564,-5.660377358490564
uniform_h1024,42,19,82.56880733944953,109,90,10.091743119266056,-10.091743119266056
uniform_h1024,42,20,72.27722772277228,101,73,13.861386138613852,-13.861386138613852
uniform_h1024,42,21,88.19444444444444,144,127,6.25,-6.25
uniform_h1024,42,22,80.83333333333333,120,97,10.833333333333343,-10.833333333333343
uniform_h1024,42,23,74.35897435897436,117,87,14.529914529914521,-14.529914529914521
uniform_h1024,42,24,68.6046511627907,86,59,19.767441860465112,-19.767441860465112
uniform_h1024,42,25,80.0,65,52,6.15384615384616,-6.15384615384616
uniform_h1024,42,26,76.42276422764228,123,94,18.699186991869922,-18.699186991869922
uniform_h1024,42,27,76.10619469026548,113,86,15.929203539823007,-15.929203539823007
uniform_h1024,42,28,85.29411764705883,102,87,6.862745098039213,-6.862745098039213
uniform_h1024,42,29,73.6842105263158,114,84,15.78947368421052,-15.78947368421052
uniform_h1024,42,30,85.04672897196262,214,182,6.54205607476635,-6.54205607476635
uniform_h1024,42,31,86.84210526315789,114,99,9.649122807017548,-9.649122807017548
uniform_h1024,42,32,72.81553398058253,103,75,20.388349514563103,-20.388349514563103
uniform_h1024,42,33,80.18018018018019,111,89,10.810810810810807,-10.810810810810807
uniform_h1024,42,34,78.57142857142857,70,55,14.285714285714292,-14.285714285714292
uniform_h1024,42,35,85.1063829787234,141,120,3.5460992907801483,-3.5460992907801483
uniform_h1024,42,36,91.55844155844156,154,141,6.493506493506487,-6.493506493506487
uniform_h1024,42,37,80.89171974522293,157,127,10.191082802547768,-10.191082802547768
uniform_h1024,42,38,86.7132867132867,143,124,9.7902097902098,-9.7902097902098
uniform_h1024,42,39,78.94736842105263,114,90,14.912280701754383,-14.912280701754383
uniform_h1024,42,40,84.78260869565217,138,117,8.695652173913047,-8.695652173913047
uniform_h1024,42,41,70.27027027027027,74,52,20.270270270270274,-20.270270270270274
uniform_h1024,42,42,89.70588235294117,136,122,,
uniform_h1024,43,1,79.66101694915254,118,94,11.864406779661024,-11.864406779661024
uniform_h1024,43,2,92.3076923076923,130,120,3.846153846153854,-3.846153846153854
uniform_h1024,43,3,80.13698630136986,146,117,7.534246575342465,-6.164383561643845
uniform_h1024,43,4,88.63636363636364,176,156,8.522727272727266,-8.522727272727266
uniform_h1024,43,5,83.59375,128,107,10.15625,-10.15625
uniform_h1024,43,6,82.5,120,99,4.166666666666671,-4.166666666666671
uniform_h1024,43,7,78.26086956521739,115,90,18.26086956521739,-18.26086956521739
uniform_h1024,43,8,84.9624060150376,133,113,10.52631578947367,-10.52631578947367
uniform_h1024,43,9,82.08955223880596,134,110,6.71641791044776,-6.71641791044776
uniform_h1024,43,10,86.95652173913044,138,120,4.347826086956516,-4.347826086956516
uniform_h1024,43,11,84.0,100,84,11.0,-11.0
uniform_h1024,43,12,68.10344827586206,116,79,24.13793103448276,-24.13793103448276
uniform_h1024,43,13,85.03937007874016,127,108,5.511811023622045,-5.511811023622045
uniform_h1024,43,14,82.57575757575758,132,109,11.36363636363636,-11.36363636363636
uniform_h1024,43,15,80.17241379310344,116,93,5.172413793103445,-4.310344827586206
uniform_h1024,43,16,76.69172932330827,133,102,12.030075187969928,-12.030075187969928
uniform_h1024,43,17,81.74603174603175,126,103,11.111111111111114,-11.111111111111114
uniform_h1024,43,18,91.50943396226415,106,97,3.773584905660371,-3.773584905660371
uniform_h1024,43,19,79.81651376146789,109,87,12.844036697247702,-12.844036697247702
uniform_h1024,43,20,70.29702970297029,101,71,15.841584158415841,-15.841584158415841
uniform_h1024,43,21,86.80555555555556,144,125,7.638888888888886,-7.638888888888886
uniform_h1024,43,22,83.33333333333333,120,100,8.333333333333343,-8.333333333333343
uniform_h1024,43,23,79.48717948717949,117,93,9.401709401709397,-9.401709401709397
uniform_h1024,43,24,69.76744186046511,86,60,18.604651162790702,-18.604651162790702
uniform_h1024,43,25,80.0,65,52,6.15384615384616,-6.15384615384616
uniform_h1024,43,26,78.86178861788618,123,97,16.26016260162602,-16.26016260162602
uniform_h1024,43,27,76.99115044247787,113,87,15.044247787610615,-15.044247787610615
uniform_h1024,43,28,86.27450980392157,102,88,5.882352941176464,-5.882352941176464
uniform_h1024,43,29,71.9298245614035,114,82,17.54385964912281,-17.54385964912281
uniform_h1024,43,30,84.11214953271028,214,180,7.476635514018696,-7.476635514018696
uniform_h1024,43,31,85.08771929824562,114,97,11.403508771929822,-11.403508771929822
uniform_h1024,43,32,72.81553398058253,103,75,20.388349514563103,-20.388349514563103
uniform_h1024,43,33,79.27927927927928,111,88,11.711711711711715,-11.711711711711715
uniform_h1024,43,34,77.14285714285714,70,54,15.714285714285722,-15.714285714285722
uniform_h1024,43,35,84.39716312056737,141,119,4.255319148936181,-4.255319148936181
uniform_h1024,43,36,92.20779220779221,154,142,5.844155844155836,-5.844155844155836
uniform_h1024,43,37,80.2547770700637,157,126,10.828025477707001,-10.828025477707001
uniform_h1024,43,38,88.81118881118881,143,127,7.692307692307693,-7.692307692307693
uniform_h1024,43,39,75.43859649122807,114,86,18.421052631578945,-18.421052631578945
uniform_h1024,43,40,84.78260869565217,138,117,8.695652173913047,-8.695652173913047
uniform_h1024,43,41,67.56756756756756,74,50,22.972972972972983,-22.972972972972983
uniform_h1024,43,42,75.73529411764706,136,103,13.970588235294116,-13.970588235294116
uniform_h1024,43,43,88.54166666666667,96,85,,
uniform_h1024,44,1,82.20338983050847,118,97,9.322033898305094,-9.322033898305094
uniform_h1024,44,2,75.38461538461539,130,98,20.769230769230774,-20.769230769230774
uniform_h1024,44,3,80.82191780821918,146,118,6.849315068493141,-5.479452054794521
uniform_h1024,44,4,86.93181818181819,176,153,10.22727272727272,-10.22727272727272
uniform_h1024,44,5,83.59375,128,107,10.15625,-10.15625
uniform_h1024,44,6,83.33333333333333,120,100,3.333333333333343,-3.333333333333343
uniform_h1024,44,7,80.0,115,92,16.52173913043478,-16.52173913043478
uniform_h1024,44,8,85.71428571428571,133,114,9.774436090225564,-9.774436090225564
uniform_h1024,44,9,83.58208955223881,134,112,5.223880597014912,-5.223880597014912
uniform_h1024,44,10,86.23188405797102,138,119,5.072463768115938,-5.072463768115938
uniform_h1024,44,11,83.0,100,83,12.0,-12.0
uniform_h1024,44,12,73.27586206896552,116,85,18.965517241379303,-18.965517241379303
uniform_h1024,44,13,86.61417322834646,127,110,3.937007874015748,-3.937007874015748
uniform_h1024,44,14,78.78787878787878,132,104,15.151515151515156,-15.151515151515156
uniform_h1024,44,15,80.17241379310344,116,93,5.172413793103445,-4.310344827586206
uniform_h1024,44,16,75.93984962406014,133,101,12.781954887218049,-12.781954887218049
uniform_h1024,44,17,80.15873015873017,126,101,12.698412698412696,-12.698412698412696
uniform_h1024,44,18,92.45283018867924,106,98,2.830188679245282,-2.830188679245282
uniform_h1024,44,19,79.81651376146789,109,87,12.844036697247702,-12.844036697247702
uniform_h1024,44,20,73.26732673267327,101,74,12.871287128712865,-12.871287128712865
uniform_h1024,44,21,86.80555555555556,144,125,7.638888888888886,-7.638888888888886
uniform_h1024,44,22,83.33333333333333,120,100,8.333333333333343,-8.333333333333343
uniform_h1024,44,23,82.05128205128206,117,96,6.8376068376068275,-6.8376068376068275
uniform_h1024,44,24,70.93023255813954,86,61,17.441860465116278,-17.441860465116278
uniform_h1024,44,25,75.38461538461539,65,49,10.769230769230774,-10.769230769230774
uniform_h1024,44,26,85.36585365853658,123,105,9.756097560975618,-9.756097560975618
uniform_h1024,44,27,76.10619469026548,113,86,15.929203539823007,-15.929203539823007
uniform_h1024,44,28,82.3529411764706,102,84,9.803921568627445,-9.803921568627445
uniform_h1024,44,29,65.78947368421052,114,75,23.684210526315795,-23.684210526315795
uniform_h1024,44,30,85.04672897196262,214,182,6.54205607476635,-6.54205607476635
uniform_h1024,44,31,87.71929824561404,114,100,8.771929824561397,-8.771929824561397
uniform_h1024,44,32,75.72815533980582,103,78,17.47572815533981,-17.47572815533981
uniform_h1024,44,33,82.88288288288288,111,92,8.108108108108112,-8.108108108108112
uniform_h1024,44,34,78.57142857142857,70,55,14.285714285714292,-14.285714285714292
uniform_h1024,44,35,84.39716312056737,141,119,4.255319148936181,-4.255319148936181
uniform_h1024,44,36,94.15584415584415,154,145,3.896103896103895,-3.896103896103895
uniform_h1024,44,37,78.34394904458598,157,123,12.738853503184714,-12.738853503184714
uniform_h1024,44,38,90.20979020979021,143,129,6.293706293706293,-6.293706293706293
uniform_h1024,44,39,78.94736842105263,114,90,14.912280701754383,-14.912280701754383
uniform_h1024,44,40,84.78260869565217,138,117,8.695652173913047,-8.695652173913047
uniform_h1024,44,41,71.62162162162163,74,53,18.91891891891892,-18.91891891891892
uniform_h1024,44,42,83.08823529411765,136,113,6.617647058823522,-6.617647058823522
uniform_h1024,44,43,76.04166666666667,96,73,12.5,-12.5
uniform_h1024,44,44,89.04109589041096,73,65,,
uniform_h1024,45,1,75.42372881355932,118,89,16.101694915254242,-16.101694915254242
uniform_h1024,45,2,83.84615384615384,130,109,12.30769230769232,-12.30769230769232
uniform_h1024,45,3,78.76712328767124,146,115,8.904109589041084,-7.534246575342465
uniform_h1024,45,4,84.6590909090909,176,149,12.5,-12.5
uniform_h1024,45,5,75.0,128,96,18.75,-18.75
uniform_h1024,45,6,80.83333333333333,120,97,5.833333333333343,-5.833333333333343
uniform_h1024,45,7,77.3913043478261,115,89,19.13043478260869,-19.13043478260869
uniform_h1024,45,8,84.21052631578948,133,112,11.278195488721792,-11.278195488721792
uniform_h1024,45,9,80.59701492537313,134,108,8.208955223880594,-8.208955223880594
uniform_h1024,45,10,81.8840579710145,138,113,9.420289855072454,-9.420289855072454
uniform_h1024,45,11,82.0,100,82,13.0,-13.0
uniform_h1024,45,12,78.44827586206897,116,91,13.793103448275858,-13.793103448275858
uniform_h1024,45,13,84.25196850393701,127,107,6.2992125984252,-6.2992125984252
uniform_h1024,45,14,81.81818181818181,132,108,12.121212121212125,-12.121212121212125
uniform_h1024,45,15,80.17241379310344,116,93,5.172413793103445,-4.310344827586206
uniform_h1024,45,16,78.19548872180451,133,104,10.526315789473685,-10.526315789473685
uniform_h1024,45,17,81.74603174603175,126,103,11.111111111111114,-11.111111111111114
uniform_h1024,45,18,91.50943396226415,106,97,3.773584905660371,-3.773584905660371
uniform_h1024,45,19,80.73394495412845,109,88,11.926605504587144,-11.926605504587144
uniform_h1024,45,20,66.33663366336634,101,67,19.80198019801979,-19.80198019801979
uniform_h1024,45,21,86.80555555555556,144,125,7.638888888888886,-7.638888888888886
uniform_h1024,45,22,83.33333333333333,120,100,8.333333333333343,-8.333333333333343
uniform_h1024,45,23,79.48717948717949,117,93,9.401709401709397,-9.401709401709397
uniform_h1024,45,24,55.81395348837209,86,48,32.55813953488372,-32.55813953488372
uniform_h1024,45,25,78.46153846153847,65,51,7.692307692307693,-7.692307692307693
uniform_h1024,45,26,80.48780487804878,123,99,14.63414634146342,-14.63414634146342
uniform_h1024,45,27,77.87610619469027,113,88,14.159292035398224,-14.159292035398224
uniform_h1024,45,28,84.31372549019608,102,86,7.843137254901961,-7.843137254901961
uniform_h1024,45,29,72.80701754385964,114,83,16.66666666666667,-16.66666666666667
uniform_h1024,45,30,86.44859813084112,214,185,5.140186915887853,-5.140186915887853
uniform_h1024,45,31,87.71929824561404,114,100,8.771929824561397,-8.771929824561397
uniform_h1024,45,32,68.93203883495146,103,71,24.271844660194176,-24.271844660194176
uniform_h1024,45,33,83.78378378378379,111,93,7.207207207207205,-7.207207207207205
uniform_h1024,45,34,78.57142857142857,70,55,14.285714285714292,-14.285714285714292
uniform_h1024,45,35,84.39716312056737,141,119,4.255319148936181,-4.255319148936181
uniform_h1024,45,36,92.20779220779221,154,142,5.844155844155836,-5.844155844155836
uniform_h1024,45,37,80.2547770700637,157,126,10.828025477707001,-10.828025477707001
uniform_h1024,45,38,91.60839160839161,143,131,4.895104895104893,-4.895104895104893
uniform_h1024,45,39,80.70175438596492,114,92,13.157894736842096,-13.157894736842096
uniform_h1024,45,40,84.05797101449275,138,116,9.420289855072468,-9.420289855072468
uniform_h1024,45,41,71.62162162162163,74,53,18.91891891891892,-18.91891891891892
uniform_h1024,45,42,79.41176470588235,136,108,10.294117647058826,-10.294117647058826
uniform_h1024,45,43,78.125,96,75,10.416666666666671,-10.416666666666671
uniform_h1024,45,44,86.3013698630137,73,63,2.7397260273972535,-2.7397260273972535
uniform_h1024,45,45,96.19047619047619,105,101,,
uniform_h1024,46,1,78.8135593220339,118,93,12.711864406779668,-12.711864406779668
uniform_h1024,46,2,82.3076923076923,130,107,13.846153846153854,-13.846153846153854
uniform_h1024,46,3,77.3972602739726,146,113,10.273972602739718,-8.904109589041099
uniform_h1024,46,4,84.0909090909091,176,148,13.068181818181813,-13.068181818181813
uniform_h1024,46,5,76.5625,128,98,17.1875,-17.1875
uniform_h1024,46,6,75.83333333333333,120,91,10.833333333333343,-10.833333333333343
uniform_h1024,46,7,77.3913043478261,115,89,19.13043478260869,-19.13043478260869
uniform_h1024,46,8,84.21052631578948,133,112,11.278195488721792,-11.278195488721792
uniform_h1024,46,9,79.1044776119403,134,106,9.701492537313428,-9.701492537313428
uniform_h1024,46,10,85.5072463768116,138,118,5.79710144927536,-5.79710144927536
uniform_h1024,46,11,82.0,100,82,13.0,-13.0
uniform_h1024,46,12,70.6896551724138,116,82,21.551724137931032,-21.551724137931032
uniform_h1024,46,13,83.46456692913385,127,106,7.086614173228355,-7.086614173228355
uniform_h1024,46,14,78.03030303030303,132,103,15.909090909090907,-15.909090909090907
uniform_h1024,46,15,80.17241379310344,116,93,5.172413793103445,-4.310344827586206
uniform_h1024,46,16,77.44360902255639,133,103,11.278195488721806,-11.278195488721806
uniform_h1024,46,17,74.60317460317461,126,94,18.253968253968253,-18.253968253968253
uniform_h1024,46,18,89.62264150943396,106,95,5.660377358490564,-5.660377358490564
uniform_h1024,46,19,79.81651376146789,109,87,12.844036697247702,-12.844036697247702
uniform_h1024,46,20,68.31683168316832,101,69,17.821782178217816,-17.821782178217816
uniform_h1024,46,21,88.19444444444444,144,127,6.25,-6.25
uniform_h1024,46,22,79.16666666666667,120,95,12.5,-12.5
uniform_h1024,46,23,78.63247863247864,117,92,10.256410256410248,-10.256410256410248
uniform_h1024,46,24,61.627906976744185,86,53,26.74418604651163,-26.74418604651163
uniform_h1024,46,25,69.23076923076923,65,45,16.923076923076934,-16.923076923076934
uniform_h1024,46,26,79.67479674796748,123,98,15.44715447154472,-15.44715447154472
uniform_h1024,46,27,76.99115044247787,113,87,15.044247787610615,-15.044247787610615
uniform_h1024,46,28,84.31372549019608,102,86,7.843137254901961,-7.843137254901961
uniform_h1024,46,29,67.54385964912281,114,77,21.929824561403507,-21.929824561403507
uniform_h1024,46,30,78.50467289719626,214,168,13.084112149532714,-13.084112149532714
uniform_h1024,46,31,85.08771929824562,114,97,11.403508771929822,-11.403508771929822
uniform_h1024,46,32,73.7864077669903,103,76,19.41747572815534,-19.41747572815534
uniform_h1024,46,33,81.98198198198199,111,91,9.009009009009006,-9.009009009009006
uniform_h1024,46,34,78.57142857142857,70,55,14.285714285714292,-14.285714285714292
uniform_h1024,46,35,85.1063829787234,141,120,3.5460992907801483,-3.5460992907801483
uniform_h1024,46,36,90.25974025974025,154,139,7.79220779220779,-7.79220779220779
uniform_h1024,46,37,78.98089171974522,157,124,12.101910828025481,-12.101910828025481
uniform_h1024,46,38,88.1118881118881,143,126,8.3916083916084,-8.3916083916084
uniform_h1024,46,39,80.70175438596492,114,92,13.157894736842096,-13.157894736842096
uniform_h1024,46,40,80.43478260869566,138,111,13.043478260869563,-13.043478260869563
uniform_h1024,46,41,71.62162162162163,74,53,18.91891891891892,-18.91891891891892
uniform_h1024,46,42,79.41176470588235,136,108,10.294117647058826,-10.294117647058826
uniform_h1024,46,43,78.125,96,75,10.416666666666671,-10.416666666666671
uniform_h1024,46,44,84.93150684931507,73,62,4.109589041095887,-4.109589041095887
uniform_h1024,46,45,90.47619047619048,105,95,5.714285714285708,-5.714285714285708
uniform_h1024,46,46,91.33858267716535,127,116,,
uniform_h1024,47,1,77.11864406779661,118,91,14.406779661016955,-14.406779661016955
uniform_h1024,47,2,84.61538461538461,130,110,11.538461538461547,-11.538461538461547
uniform_h1024,47,3,79.45205479452055,146,116,8.219178082191775,-6.849315068493155
uniform_h1024,47,4,85.79545454545455,176,151,11.36363636363636,-11.36363636363636
uniform_h1024,47,5,80.46875,128,103,13.28125,-13.28125
uniform_h1024,47,6,79.16666666666667,120,95,7.5,-7.5
uniform_h1024,47,7,80.0,115,92,16.52173913043478,-16.52173913043478
uniform_h1024,47,8,68.42105263157895,133,91,27.067669172932327,-27.067669172932327
uniform_h1024,47,9,79.1044776119403,134,106,9.701492537313428,-9.701492537313428
uniform_h1024,47,10,79.71014492753623,138,110,11.59420289855072,-11.59420289855072
uniform_h1024,47,11,82.0,100,82,13.0,-13.0
uniform_h1024,47,12,77.58620689655173,116,90,14.655172413793096,-14.655172413793096
uniform_h1024,47,13,83.46456692913385,127,106,7.086614173228355,-7.086614173228355
uniform_h1024,47,14,63.63636363636363,132,84,30.303030303030305,-30.303030303030305
uniform_h1024,47,15,79.3103448275862,116,92,6.034482758620683,-5.172413793103445
uniform_h1024,47,16,78.94736842105263,133,105,9.774436090225564,-9.774436090225564
uniform_h1024,47,17,80.15873015873017,126,101,12.698412698412696,-12.698412698412696
uniform_h1024,47,18,89.62264150943396,106,95,5.660377358490564,-5.660377358490564
uniform_h1024,47,19,83.4862385321101,109,91,9.174311926605498,-9.174311926605498
uniform_h1024,47,20,70.29702970297029,101,71,15.841584158415841,-15.841584158415841
uniform_h1024,47,21,88.19444444444444,144,127,6.25,-6.25
uniform_h1024,47,22,82.5,120,99,9.166666666666671,-9.166666666666671
uniform_h1024,47,23,81.19658119658119,117,95,7.692307692307693,-7.692307692307693
uniform_h1024,47,24,69.76744186046511,86,60,18.604651162790702,-18.604651162790702
uniform_h1024,47,25,72.3076923076923,65,47,13.846153846153854,-13.846153846153854
uniform_h1024,47,26,82.92682926829268,123,102,12.19512195121952,-12.19512195121952
uniform_h1024,47,27,76.99115044247787,113,87,15.044247787610615,-15.044247787610615
uniform_h1024,47,28,81.37254901960785,102,83,10.784313725490193,-10.784313725490193
uniform_h1024,47,29,71.9298245614035,114,82,17.54385964912281,-17.54385964912281
uniform_h1024,47,30,78.50467289719626,214,168,13.084112149532714,-13.084112149532714
uniform_h1024,47,31,86.84210526315789,114,99,9.649122807017548,-9.649122807017548
uniform_h1024,47,32,70.87378640776699,103,73,22.330097087378647,-22.330097087378647
uniform_h1024,47,33,80.18018018018019,111,89,10.810810810810807,-10.810810810810807
uniform_h1024,47,34,75.71428571428571,70,53,17.142857142857153,-17.142857142857153
uniform_h1024,47,35,84.39716312056737,141,119,4.255319148936181,-4.255319148936181
uniform_h1024,47,36,92.85714285714286,154,143,5.194805194805184,-5.194805194805184
uniform_h1024,47,37,78.98089171974522,157,124,12.101910828025481,-12.101910828025481
uniform_h1024,47,38,90.20979020979021,143,129,6.293706293706293,-6.293706293706293
uniform_h1024,47,39,81.57894736842105,114,93,12.280701754385959,-12.280701754385959
uniform_h1024,47,40,83.33333333333333,138,115,10.14492753623189,-10.14492753623189
uniform_h1024,47,41,72.97297297297297,74,54,17.56756756756758,-17.56756756756758
uniform_h1024,47,42,79.41176470588235,136,108,10.294117647058826,-10.294117647058826
uniform_h1024,47,43,77.08333333333333,96,74,11.458333333333343,-11.458333333333343
uniform_h1024,47,44,82.1917808219178,73,60,6.849315068493155,-6.849315068493155
uniform_h1024,47,45,88.57142857142857,105,93,7.61904761904762,-7.61904761904762
uniform_h1024,47,46,78.74015748031496,127,100,12.598425196850386,-12.598425196850386
uniform_h1024,47,47,86.72566371681415,113,98,,
uniform_h1024,48,1,77.96610169491525,118,92,13.559322033898312,-13.559322033898312
uniform_h1024,48,2,83.07692307692308,130,108,13.07692307692308,-13.07692307692308
uniform_h1024,48,3,78.08219178082192,146,114,9.589041095890408,-8.219178082191789
uniform_h1024,48,4,86.93181818181819,176,153,10.22727272727272,-10.22727272727272
uniform_h1024,48,5,79.6875,128,102,14.0625,-14.0625
uniform_h1024,48,6,79.16666666666667,120,95,7.5,-7.5
uniform_h1024,48,7,81.73913043478261,115,94,14.782608695652172,-14.782608695652172
uniform_h1024,48,8,60.150375939849624,133,80,35.33834586466165,-35.33834586466165
uniform_h1024,48,9,80.59701492537313,134,108,8.208955223880594,-8.208955223880594
uniform_h1024,48,10,84.78260869565217,138,117,6.521739130434781,-6.521739130434781
uniform_h1024,48,11,80.0,100,80,15.0,-15.0
uniform_h1024,48,12,75.0,116,87,17.241379310344826,-17.241379310344826
uniform_h1024,48,13,83.46456692913385,127,106,7.086614173228355,-7.086614173228355
uniform_h1024,48,14,75.75757575757575,132,100,18.181818181818187,-18.181818181818187
uniform_h1024,48,15,74.13793103448276,116,86,11.206896551724128,-10.34482758620689
uniform_h1024,48,16,77.44360902255639,133,103,11.278195488721806,-11.278195488721806
uniform_h1024,48,17,83.33333333333333,126,105,9.523809523809533,-9.523809523809533
uniform_h1024,48,18,87.73584905660377,106,93,7.547169811320757,-7.547169811320757
uniform_h1024,48,19,79.81651376146789,109,87,12.844036697247702,-12.844036697247702
uniform_h1024,48,20,70.29702970297029,101,71,15.841584158415841,-15.841584158415841
uniform_h1024,48,21,88.88888888888889,144,128,5.555555555555557,-5.555555555555557
uniform_h1024,48,22,80.83333333333333,120,97,10.833333333333343,-10.833333333333343
uniform_h1024,48,23,73.5042735042735,117,86,15.384615384615387,-15.384615384615387
uniform_h1024,48,24,67.44186046511628,86,58,20.930232558139537,-20.930232558139537
uniform_h1024,48,25,69.23076923076923,65,45,16.923076923076934,-16.923076923076934
uniform_h1024,48,26,71.54471544715447,123,88,23.577235772357724,-23.577235772357724
uniform_h1024,48,27,79.64601769911505,113,90,12.38938053097344,-12.38938053097344
uniform_h1024,48,28,80.3921568627451,102,82,11.764705882352942,-11.764705882352942
uniform_h1024,48,29,70.17543859649123,114,80,19.298245614035082,-19.298245614035082
uniform_h1024,48,30,83.17757009345794,214,178,8.411214953271028,-8.411214953271028
uniform_h1024,48,31,80.70175438596492,114,92,15.78947368421052,-15.78947368421052
uniform_h1024,48,32,77.66990291262135,103,80,15.53398058252428,-15.53398058252428
uniform_h1024,48,33,78.37837837837837,111,87,12.612612612612622,-12.612612612612622
uniform_h1024,48,34,80.0,70,56,12.857142857142861,-12.857142857142861
uniform_h1024,48,35,83.68794326241135,141,118,4.964539007092199,-4.964539007092199
uniform_h1024,48,36,89.6103896103896,154,138,8.441558441558442,-8.441558441558442
uniform_h1024,48,37,75.1592356687898,157,118,15.923566878980893,-15.923566878980893
uniform_h1024,48,38,91.60839160839161,143,131,4.895104895104893,-4.895104895104893
uniform_h1024,48,39,85.08771929824562,114,97,8.771929824561397,-8.771929824561397
uniform_h1024,48,40,82.6086956521739,138,114,10.869565217391312,-10.869565217391312
uniform_h1024,48,41,68.91891891891892,74,51,21.621621621621628,-21.621621621621628
uniform_h1024,48,42,77.94117647058823,136,106,11.764705882352942,-11.764705882352942
uniform_h1024,48,43,77.08333333333333,96,74,11.458333333333343,-11.458333333333343
uniform_h1024,48,44,82.1917808219178,73,60,6.849315068493155,-6.849315068493155
uniform_h1024,48,45,90.47619047619048,105,95,5.714285714285708,-5.714285714285708
uniform_h1024,48,46,81.88976377952756,127,104,9.448818897637793,-9.448818897637793
uniform_h1024,48,47,79.64601769911505,113,90,7.079646017699105,-7.079646017699105
uniform_h1024,48,48,91.30434782608695,115,105,,
uniform_h1024,49,1,78.8135593220339,118,93,12.711864406779668,-12.711864406779668
uniform_h1024,49,2,83.84615384615384,130,109,12.30769230769232,-12.30769230769232
uniform_h1024,49,3,77.3972602739726,146,113,10.273972602739718,-8.904109589041099
uniform_h1024,49,4,86.93181818181819,176,153,10.22727272727272,-10.22727272727272
uniform_h1024,49,5,77.34375,128,99,16.40625,-16.40625
uniform_h1024,49,6,80.0,120,96,6.666666666666671,-6.666666666666671
uniform_h1024,49,7,77.3913043478261,115,89,19.13043478260869,-19.13043478260869
uniform_h1024,49,8,62.40601503759399,133,83,33.08270676691728,-33.08270676691728
uniform_h1024,49,9,83.58208955223881,134,112,5.223880597014912,-5.223880597014912
uniform_h1024,49,10,79.71014492753623,138,110,11.59420289855072,-11.59420289855072
uniform_h1024,49,11,82.0,100,82,13.0,-13.0
uniform_h1024,49,12,78.44827586206897,116,91,13.793103448275858,-13.793103448275858
uniform_h1024,49,13,83.46456692913385,127,106,7.086614173228355,-7.086614173228355
uniform_h1024,49,14,81.81818181818181,132,108,12.121212121212125,-12.121212121212125
uniform_h1024,49,15,77.58620689655173,116,90,7.75862068965516,-6.896551724137922
uniform_h1024,49,16,73.6842105263158,133,98,15.037593984962399,-15.037593984962399
uniform_h1024,49,17,82.53968253968254,126,104,10.317460317460316,-10.317460317460316
uniform_h1024,49,18,89.62264150943396,106,95,5.660377358490564,-5.660377358490564
uniform_h1024,49,19,78.89908256880734,109,86,13.761467889908246,-13.761467889908246
uniform_h1024,49,20,70.29702970297029,101,71,15.841584158415841,-15.841584158415841
uniform_h1024,49,21,86.80555555555556,144,125,7.638888888888886,-7.638888888888886
uniform_h1024,49,22,81.66666666666667,120,98,10.0,-10.0
uniform_h1024,49,23,75.21367521367522,117,88,13.67521367521367,-13.67521367521367
uniform_h1024,49,24,60.46511627906977,86,52,27.906976744186046,-27.906976744186046
uniform_h1024,49,25,72.3076923076923,65,47,13.846153846153854,-13.846153846153854
uniform_h1024,49,26,80.48780487804878,123,99,14.63414634146342,-14.63414634146342
uniform_h1024,49,27,78.76106194690266,113,89,13.274336283185832,-13.274336283185832
uniform_h1024,49,28,81.37254901960785,102,83,10.784313725490193,-10.784313725490193
uniform_h1024,49,29,70.17543859649123,114,80,19.298245614035082,-19.298245614035082
uniform_h1024,49,30,82.24299065420561,214,176,9.34579439252336,-9.34579439252336
uniform_h1024,49,31,79.82456140350877,114,91,16.66666666666667,-16.66666666666667
uniform_h1024,49,32,76.69902912621359,103,79,16.504854368932044,-16.504854368932044
uniform_h1024,49,33,80.18018018018019,111,89,10.810810810810807,-10.810810810810807
uniform_h1024,49,34,78.57142857142857,70,55,14.285714285714292,-14.285714285714292
uniform_h1024,49,35,85.1063829787234,141,120,3.5460992907801483,-3.5460992907801483
uniform_h1024,49,36,89.6103896103896,154,138,8.441558441558442,-8.441558441558442
uniform_h1024,49,37,78.98089171974522,157,124,12.101910828025481,-12.101910828025481
uniform_h1024,49,38,90.9090909090909,143,130,5.5944055944056,-5.5944055944056
uniform_h1024,49,39,80.70175438596492,114,92,13.157894736842096,-13.157894736842096
uniform_h1024,49,40,75.3623188405797,138,104,18.115942028985515,-18.115942028985515
uniform_h1024,49,41,70.27027027027027,74,52,20.270270270270274,-20.270270270270274
uniform_h1024,49,42,79.41176470588235,136,108,10.294117647058826,-10.294117647058826
uniform_h1024,49,43,77.08333333333333,96,74,11.458333333333343,-11.458333333333343
uniform_h1024,49,44,76.71232876712328,73,56,12.328767123287676,-12.328767123287676
uniform_h1024,49,45,88.57142857142857,105,93,7.61904761904762,-7.61904761904762
uniform_h1024,49,46,77.16535433070867,127,98,14.173228346456682,-14.173228346456682
uniform_h1024,49,47,79.64601769911505,113,90,7.079646017699105,-7.079646017699105
uniform_h1024,49,48,80.8695652173913,115,93,10.434782608695656,-10.434782608695656
uniform_h1024,49,49,91.34615384615384,104,95,,
uniform_h1024,50,1,81.35593220338983,118,96,10.169491525423737,-10.169491525423737
uniform_h1024,50,2,84.61538461538461,130,110,11.538461538461547,-11.538461538461547
uniform_h1024,50,3,74.65753424657534,146,109,13.013698630136986,-11.643835616438366
uniform_h1024,50,4,81.81818181818181,176,144,15.340909090909093,-15.340909090909093
uniform_h1024,50,5,81.25,128,104,12.5,-12.5
uniform_h1024,50,6,79.16666666666667,120,95,7.5,-7.5
uniform_h1024,50,7,81.73913043478261,115,94,14.782608695652172,-14.782608695652172
uniform_h1024,50,8,68.42105263157895,133,91,27.067669172932327,-27.067669172932327
uniform_h1024,50,9,83.58208955223881,134,112,5.223880597014912,-5.223880597014912
uniform_h1024,50,10,83.33333333333333,138,115,7.971014492753625,-7.971014492753625
uniform_h1024,50,11,81.0,100,81,14.0,-14.0
uniform_h1024,50,12,78.44827586206897,116,91,13.793103448275858,-13.793103448275858
uniform_h1024,50,13,85.03937007874016,127,108,5.511811023622045,-5.511811023622045
uniform_h1024,50,14,83.33333333333333,132,110,10.606060606060609,-10.606060606060609
uniform_h1024,50,15,77.58620689655173,116,90,7.75862068965516,-6.896551724137922
uniform_h1024,50,16,71.42857142857143,133,95,17.293233082706763,-17.293233082706763
uniform_h1024,50,17,84.92063492063492,126,107,7.936507936507937,-7.936507936507937
uniform_h1024,50,18,87.73584905660377,106,93,7.547169811320757,-7.547169811320757
uniform_h1024,50,19,82.56880733944953,109,90,10.091743119266056,-10.091743119266056
uniform_h1024,50,20,71.2871287128713,101,72,14.85148514851484,-14.85148514851484
uniform_h1024,50,21,85.41666666666667,144,123,9.027777777777771,-9.027777777777771
uniform_h1024,50,22,83.33333333333333,120,100,8.333333333333343,-8.333333333333343
uniform_h1024,50,23,78.63247863247864,117,92,10.256410256410248,-10.256410256410248
uniform_h1024,50,24,66.27906976744185,86,57,22.09302325581396,-22.09302325581396
uniform_h1024,50,25,73.84615384615384,65,48,12.30769230769232,-12.30769230769232
uniform_h1024,50,26,78.86178861788618,123,97,16.26016260162602,-16.26016260162602
uniform_h1024,50,27,77.87610619469027,113,88,14.159292035398224,-14.159292035398224
uniform_h1024,50,28,80.3921568627451,102,82,11.764705882352942,-11.764705882352942
uniform_h1024,50,29,73.6842105263158,114,84,15.78947368421052,-15.78947368421052
uniform_h1024,50,30,84.11214953271028,214,180,7.476635514018696,-7.476635514018696
uniform_h1024,50,31,82.45614035087719,114,94,14.035087719298247,-14.035087719298247
uniform_h1024,50,32,76.69902912621359,103,79,16.504854368932044,-16.504854368932044
uniform_h1024,50,33,80.18018018018019,111,89,10.810810810810807,-10.810810810810807
uniform_h1024,50,34,80.0,70,56,12.857142857142861,-12.857142857142861
uniform_h1024,50,35,84.39716312056737,141,119,4.255319148936181,-4.255319148936181
uniform_h1024,50,36,93.50649350649351,154,144,4.5454545454545325,-4.5454545454545325
uniform_h1024,50,37,77.07006369426752,157,121,14.01273885350318,-14.01273885350318
uniform_h1024,50,38,90.9090909090909,143,130,5.5944055944056,-5.5944055944056
uniform_h1024,50,39,82.45614035087719,114,94,11.403508771929822,-11.403508771929822
uniform_h1024,50,40,81.15942028985508,138,112,12.318840579710141,-12.318840579710141
uniform_h1024,50,41,70.27027027027027,74,52,20.270270270270274,-20.270270270270274
uniform_h1024,50,42,60.294117647058826,136,82,29.411764705882348,-29.411764705882348
uniform_h1024,50,43,76.04166666666667,96,73,12.5,-12.5
uniform_h1024,50,44,75.34246575342466,73,55,13.698630136986296,-13.698630136986296
uniform_h1024,50,45,89.52380952380952,105,94,6.666666666666671,-6.666666666666671
uniform_h1024,50,46,81.10236220472441,127,103,10.236220472440934,-10.236220472440934
uniform_h1024,50,47,80.53097345132744,113,91,6.194690265486713,-6.194690265486713
uniform_h1024,50,48,81.73913043478261,115,94,9.565217391304344,-9.565217391304344
uniform_h1024,50,49,83.65384615384616,104,87,7.692307692307679,-7.692307692307679
uniform_h1024,50,50,95.45454545454545,110,105,,
uniform_h4096,1,1,94.91525423728814,118,112,,
uniform_h4096,2,1,93.22033898305085,118,110,1.6949152542372872,-1.6949152542372872
uniform_h4096,2,2,87.6923076923077,130,114,,
uniform_h4096,3,1,88.98305084745763,118,105,5.932203389830505,-5.932203389830505
uniform_h4096,3,2,84.61538461538461,130,110,3.07692307692308,-3.07692307692308
uniform_h4096,3,3,88.35616438356165,146,129,,
uniform_h4096,4,1,90.67796610169492,118,107,4.237288135593218,-4.237288135593218
uniform_h4096,4,2,85.38461538461539,130,111,2.3076923076923066,-2.3076923076923066
uniform_h4096,4,3,83.56164383561644,146,122,4.794520547945211,-4.794520547945211
uniform_h4096,4,4,92.61363636363636,176,163,,
uniform_h4096,5,1,87.28813559322033,118,103,7.6271186440678065,-7.6271186440678065
uniform_h4096,5,2,86.92307692307692,130,113,0.7692307692307736,-0.7692307692307736
uniform_h4096,5,3,85.61643835616438,146,125,2.7397260273972677,-2.7397260273972677
uniform_h4096,5,4,92.61363636363636,176,163,0.0,0.0
uniform_h4096,5,5,90.625,128,116,,
uniform_h4096,6,1,88.98305084745763,118,105,5.932203389830505,-5.932203389830505
uniform_h4096,6,2,88.46153846153847,130,115,-0.7692307692307736,0.7692307692307736
uniform_h4096,6,3,84.24657534246575,146,123,4.1095890410959015,-4.1095890410959015
uniform_h4096,6,4,91.47727272727273,176,161,1.136363636363626,-1.136363636363626
uniform_h4096,6,5,89.84375,128,115,0.78125,-0.78125
uniform_h4096,6,6,90.83333333333333,120,109,,
uniform_h4096,7,1,89.83050847457628,118,106,5.0847457627118615,-5.0847457627118615
uniform_h4096,7,2,88.46153846153847,130,115,0.0,0.7692307692307736
uniform_h4096,7,3,85.61643835616438,146,125,2.7397260273972677,-2.7397260273972677
uniform_h4096,7,4,92.04545454545455,176,162,0.568181818181813,-0.568181818181813
uniform_h4096,7,5,87.5,128,112,3.125,-3.125
uniform_h4096,7,6,86.66666666666667,120,104,4.166666666666657,-4.166666666666657
uniform_h4096,7,7,90.43478260869566,115,104,,
uniform_h4096,8,1,89.83050847457628,118,106,5.0847457627118615,-5.0847457627118615
uniform_h4096,8,2,87.6923076923077,130,114,0.7692307692307736,0.0
uniform_h4096,8,3,86.3013698630137,146,126,2.0547945205479436,-2.0547945205479436
uniform_h4096,8,4,92.04545454545455,176,162,0.568181818181813,-0.568181818181813
uniform_h4096,8,5,85.9375,128,110,4.6875,-4.6875
uniform_h4096,8,6,85.83333333333333,120,103,5.0,-5.0
uniform_h4096,8,7,91.30434782608695,115,105,-0.8695652173912976,0.8695652173912976
uniform_h4096,8,8,92.4812030075188,133,123,,
uniform_h4096,9,1,87.28813559322033,118,103,7.6271186440678065,-7.6271186440678065
uniform_h4096,9,2,89.23076923076923,130,116,-0.7692307692307594,1.538461538461533
uniform_h4096,9,3,84.93150684931507,146,124,3.4246575342465775,-3.4246575342465775
uniform_h4096,9,4,91.47727272727273,176,161,1.136363636363626,-1.136363636363626
uniform_h4096,9,5,88.28125,128,113,2.34375,-2.34375
uniform_h4096,9,6,85.83333333333333,120,103,5.0,-5.0
uniform_h4096,9,7,87.82608695652173,115,101,3.4782608695652186,-2.608695652173921
uniform_h4096,9,8,91.72932330827068,133,122,0.7518796992481214,-0.7518796992481214
uniform_h4096,9,9,89.55223880597015,134,120,,
uniform_h4096,10,1,88.13559322033899,118,104,6.779661016949149,-6.779661016949149
uniform_h4096,10,2,90.0,130,117,-0.7692307692307736,2.3076923076923066
uniform_h4096,10,3,89.04109589041096,146,130,-0.6849315068493098,0.6849315068493098
uniform_h4096,10,4,90.3409090909091,176,159,2.2727272727272663,-2.2727272727272663
uniform_h4096,10,5,89.84375,128,115,0.78125,-0.78125
uniform_h4096,10,6,85.83333333333333,120,103,5.0,-5.0
uniform_h4096,10,7,90.43478260869566,115,104,0.8695652173912976,0.0
uniform_h4096,10,8,90.97744360902256,133,121,1.5037593984962427,-1.5037593984962427
uniform_h4096,10,9,79.85074626865672,134,107,9.701492537313428,-9.701492537313428
uniform_h4096,10,10,89.1304347826087,138,123,,
uniform_h4096,11,1,87.28813559322033,118,103,7.6271186440678065,-7.6271186440678065
uniform_h4096,11,2,89.23076923076923,130,116,0.7692307692307736,1.538461538461533
uniform_h4096,11,3,85.61643835616438,146,125,3.4246575342465775,-2.7397260273972677
uniform_h4096,11,4,87.5,176,154,5.11363636363636,-5.11363636363636
uniform_h4096,11,5,86.71875,128,111,3.90625,-3.90625
uniform_h4096,11,6,82.5,120,99,8.333333333333329,-8.333333333333329
uniform_h4096,11,7,89.56521739130434,115,103,1.7391304347826093,-0.8695652173913118
uniform_h4096,11,8,90.97744360902256,133,121,1.5037593984962427,-1.5037593984962427
uniform_h4096,11,9,85.82089552238806,134,115,3.731343283582092,-3.731343283582092
uniform_h4096,11,10,84.05797101449275,138,116,5.072463768115952,-5.072463768115952
uniform_h4096,11,11,91.0,100,91,,
uniform_h4096,12,1,87.28813559322033,118,103,7.6271186440678065,-7.6271186440678065
uniform_h4096,12,2,89.23076923076923,130,116,0.7692307692307736,1.538461538461533
uniform_h4096,12,3,88.35616438356165,146,129,0.6849315068493098,0.0
uniform_h4096,12,4,90.3409090909091,176,159,2.2727272727272663,-2.2727272727272663
uniform_h4096,12,5,89.0625,128,114,1.5625,-1.5625
uniform_h4096,12,6,80.0,120,96,10.833333333333329,-10.833333333333329
uniform_h4096,12,7,86.95652173913044,115,100,4.347826086956516,-3.4782608695652186
uniform_h4096,12,8,92.4812030075188,133,123,0.0,0.0
uniform_h4096,12,9,82.08955223880596,134,110,7.462686567164184,-7.462686567164184
uniform_h4096,12,10,82.6086956521739,138,114,6.521739130434796,-6.521739130434796
uniform_h4096,12,11,86.0,100,86,5.0,-5.0
uniform_h4096,12,12,87.06896551724138,116,101,,
uniform_h4096,13,1,85.59322033898304,118,101,9.322033898305094,-9.322033898305094
uniform_h4096,13,2,90.76923076923077,130,118,-0.7692307692307736,3.07692307692308
uniform_h4096,13,3,84.93150684931507,146,124,4.109589041095887,-3.4246575342465775
uniform_h4096,13,4,88.63636363636364,176,156,3.9772727272727195,-3.9772727272727195
uniform_h4096,13,5,88.28125,128,113,2.34375,-2.34375
uniform_h4096,13,6,82.5,120,99,8.333333333333329,-8.333333333333329
uniform_h4096,13,7,89.56521739130434,115,103,1.7391304347826093,-0.8695652173913118
uniform_h4096,13,8,91.72932330827068,133,122,0.7518796992481214,-0.7518796992481214
uniform_h4096,13,9,82.83582089552239,134,111,6.71641791044776,-6.71641791044776
uniform_h4096,13,10,80.43478260869566,138,111,8.695652173913047,-8.695652173913047
uniform_h4096,13,11,90.0,100,90,1.0,-1.0
uniform_h4096,13,12,86.20689655172414,116,100,0.8620689655172384,-0.8620689655172384
uniform_h4096,13,13,90.55118110236221,127,115,,
uniform_h4096,14,1,85.59322033898304,118,101,9.322033898305094,-9.322033898305094
uniform_h4096,14,2,88.46153846153847,130,115,2.3076923076923066,0.7692307692307736
uniform_h4096,14,3,85.61643835616438,146,125,3.4246575342465775,-2.7397260273972677
uniform_h4096,14,4,90.3409090909091,176,159,2.2727272727272663,-2.2727272727272663
uniform_h4096,14,5,89.84375,128,115,0.78125,-0.78125
uniform_h4096,14,6,81.66666666666667,120,98,9.166666666666657,-9.166666666666657
uniform_h4096,14,7,85.21739130434783,115,98,6.0869565217391255,-5.217391304347828
uniform_h4096,14,8,90.97744360902256,133,121,1.5037593984962427,-1.5037593984962427
uniform_h4096,14,9,86.56716417910448,134,116,2.985074626865668,-2.985074626865668
uniform_h4096,14,10,78.26086956521739,138,108,10.869565217391312,-10.869565217391312
uniform_h4096,14,11,90.0,100,90,1.0,-1.0
uniform_h4096,14,12,81.03448275862068,116,94,6.0344827586206975,-6.0344827586206975
uniform_h4096,14,13,87.4015748031496,127,111,3.149606299212607,-3.149606299212607
uniform_h4096,14,14,93.18181818181819,132,123,,
uniform_h4096,15,1,86.44067796610169,118,102,8.47457627118645,-8.47457627118645
uniform_h4096,15,2,91.53846153846153,130,119,-0.7692307692307594,3.8461538461538396
uniform_h4096,15,3,84.93150684931507,146,124,4.109589041095887,-3.4246575342465775
uniform_h4096,15,4,87.5,176,154,5.11363636363636,-5.11363636363636
uniform_h4096,15,5,88.28125,128,113,2.34375,-2.34375
uniform_h4096,15,6,80.83333333333333,120,97,10.0,-10.0
uniform_h4096,15,7,87.82608695652173,115,101,3.4782608695652186,-2.608695652173921
uniform_h4096,15,8,92.4812030075188,133,123,0.0,0.0
uniform_h4096,15,9,85.82089552238806,134,115,3.731343283582092,-3.731343283582092
uniform_h4096,15,10,81.8840579710145,138,113,7.246376811594203,-7.246376811594203
uniform_h4096,15,11,88.0,100,88,3.0,-3.0
uniform_h4096,15,12,83.62068965517241,116,97,3.448275862068968,-3.448275862068968
uniform_h4096,15,13,87.4015748031496,127,111,3.149606299212607,-3.149606299212607
uniform_h4096,15,14,89.39393939393939,132,118,3.787878787878796,-3.787878787878796
uniform_h4096,15,15,86.20689655172414,116,100,,
uniform_h4096,16,1,83.89830508474576,118,99,11.01694915254238,-11.01694915254238
uniform_h4096,16,2,89.23076923076923,130,116,2.3076923076923066,1.538461538461533
uniform_h4096,16,3,82.87671232876713,146,121,6.164383561643831,-5.479452054794521
uniform_h4096,16,4,87.5,176,154,5.11363636363636,-5.11363636363636
uniform_h4096,16,5,85.9375,128,110,4.6875,-4.6875
uniform_h4096,16,6,83.33333333333333,120,100,7.5,-7.5
uniform_h4096,16,7,86.95652173913044,115,100,4.347826086956516,-3.4782608695652186
uniform_h4096,16,8,90.97744360902256,133,121,1.5037593984962427,-1.5037593984962427
uniform_h4096,16,9,86.56716417910448,134,116,2.985074626865668,-2.985074626865668
uniform_h4096,16,10,81.8840579710145,138,113,7.246376811594203,-7.246376811594203
uniform_h4096,16,11,89.0,100,89,2.0,-2.0
uniform_h4096,16,12,84.48275862068965,116,98,2.5862068965517295,-2.5862068965517295
uniform_h4096,16,13,88.18897637795276,127,112,2.3622047244094517,-2.3622047244094517
uniform_h4096,16,14,87.87878787878788,132,116,5.303030303030312,-5.303030303030312
uniform_h4096,16,15,83.62068965517241,116,97,2.5862068965517295,-2.5862068965517295
uniform_h4096,16,16,86.46616541353383,133,115,,
uniform_h4096,17,1,87.28813559322033,118,103,7.6271186440678065,-7.6271186440678065
uniform_h4096,17,2,87.6923076923077,130,114,3.8461538461538396,0.0
uniform_h4096,17,3,80.82191780821918,146,118,8.219178082191775,-7.534246575342465
uniform_h4096,17,4,86.93181818181819,176,153,5.681818181818173,-5.681818181818173
uniform_h4096,17,5,85.9375,128,110,4.6875,-4.6875
uniform_h4096,17,6,81.66666666666667,120,98,9.166666666666657,-9.166666666666657
uniform_h4096,17,7,86.95652173913044,115,100,4.347826086956516,-3.4782608695652186
uniform_h4096,17,8,89.47368421052632,133,119,3.0075187969924855,-3.0075187969924855
uniform_h4096,17,9,85.07462686567165,134,114,4.477611940298502,-4.477611940298502
uniform_h4096,17,10,79.71014492753623,138,110,9.420289855072468,-9.420289855072468
uniform_h4096,17,11,85.0,100,85,6.0,-6.0
uniform_h4096,17,12,82.75862068965517,116,96,4.310344827586206,-4.310344827586206
uniform_h4096,17,13,85.8267716535433,127,109,4.7244094488189035,-4.7244094488189035
uniform_h4096,17,14,87.12121212121212,132,115,6.060606060606062,-6.060606060606062
uniform_h4096,17,15,82.75862068965517,116,96,3.448275862068968,-3.448275862068968
uniform_h4096,17,16,77.44360902255639,133,103,9.022556390977442,-9.022556390977442
uniform_h4096,17,17,92.85714285714286,126,117,,
uniform_h4096,18,1,87.28813559322033,118,103,7.6271186440678065,-7.6271186440678065
uniform_h4096,18,2,86.15384615384616,130,112,5.384615384615373,-1.538461538461533
uniform_h4096,18,3,80.13698630136986,146,117,8.904109589041099,-8.219178082191789
uniform_h4096,18,4,88.63636363636364,176,156,3.9772727272727195,-3.9772727272727195
uniform_h4096,18,5,86.71875,128,111,3.90625,-3.90625
uniform_h4096,18,6,80.83333333333333,120,97,10.0,-10.0
uniform_h4096,18,7,88.69565217391305,115,102,2.608695652173907,-1.7391304347826093
uniform_h4096,18,8,87.96992481203007,133,117,4.511278195488728,-4.511278195488728
uniform_h4096,18,9,86.56716417910448,134,116,2.985074626865668,-2.985074626865668
uniform_h4096,18,10,79.71014492753623,138,110,9.420289855072468,-9.420289855072468
uniform_h4096,18,11,88.0,100,88,3.0,-3.0
uniform_h4096,18,12,81.03448275862068,116,94,6.0344827586206975,-6.0344827586206975
uniform_h4096,18,13,86.61417322834646,127,110,3.937007874015748,-3.937007874015748
uniform_h4096,18,14,87.12121212121212,132,115,6.060606060606062,-6.060606060606062
uniform_h4096,18,15,82.75862068965517,116,96,3.448275862068968,-3.448275862068968
uniform_h4096,18,16,78.19548872180451,133,104,8.27067669172932,-8.27067669172932
uniform_h4096,18,17,88.88888888888889,126,112,3.9682539682539755,-3.9682539682539755
uniform_h4096,18,18,94.33962264150944,106,100,,
uniform_h4096,19,1,85.59322033898304,118,101,9.322033898305094,-9.322033898305094
uniform_h4096,19,2,90.0,130,117,1.538461538461533,2.3076923076923066
uniform_h4096,19,3,80.13698630136986,146,117,8.904109589041099,-8.219178082191789
uniform_h4096,19,4,87.5,176,154,5.11363636363636,-5.11363636363636
uniform_h4096,19,5,85.9375,128,110,4.6875,-4.6875
uniform_h4096,19,6,80.83333333333333,120,97,10.0,-10.0
uniform_h4096,19,7,85.21739130434783,115,98,6.0869565217391255,-5.217391304347828
uniform_h4096,19,8,87.21804511278195,133,116,5.26315789473685,-5.26315789473685
uniform_h4096,19,9,86.56716417910448,134,116,2.985074626865668,-2.985074626865668
uniform_h4096,19,10,80.43478260869566,138,111,8.695652173913047,-8.695652173913047
uniform_h4096,19,11,88.0,100,88,3.0,-3.0
uniform_h4096,19,12,83.62068965517241,116,97,3.448275862068968,-3.448275862068968
uniform_h4096,19,13,87.4015748031496,127,111,3.149606299212607,-3.149606299212607
uniform_h4096,19,14,82.57575757575758,132,109,10.606060606060609,-10.606060606060609
uniform_h4096,19,15,83.62068965517241,116,97,2.5862068965517295,-2.5862068965517295
uniform_h4096,19,16,78.19548872180451,133,104,8.27067669172932,-8.27067669172932
uniform_h4096,19,17,87.3015873015873,126,110,5.555555555555557,-5.555555555555557
uniform_h4096,19,18,94.33962264150944,106,100,0.0,0.0
uniform_h4096,19,19,89.90825688073394,109,98,,
uniform_h4096,20,1,83.89830508474576,118,99,11.01694915254238,-11.01694915254238
uniform_h4096,20,2,90.76923076923077,130,118,0.7692307692307594,3.07692307692308
uniform_h4096,20,3,83.56164383561644,146,122,5.479452054794521,-4.794520547945211
uniform_h4096,20,4,88.06818181818181,176,155,4.545454545454547,-4.545454545454547
uniform_h4096,20,5,84.375,128,108,6.25,-6.25
uniform_h4096,20,6,82.5,120,99,8.333333333333329,-8.333333333333329
uniform_h4096,20,7,89.56521739130434,115,103,1.7391304347826093,-0.8695652173913118
uniform_h4096,20,8,87.96992481203007,133,117,4.511278195488728,-4.511278195488728
uniform_h4096,20,9,82.83582089552239,134,111,6.71641791044776,-6.71641791044776
uniform_h4096,20,10,80.43478260869566,138,111,8.695652173913047,-8.695652173913047
uniform_h4096,20,11,84.0,100,84,7.0,-7.0
uniform_h4096,20,12,80.17241379310344,116,93,6.896551724137936,-6.896551724137936
uniform_h4096,20,13,87.4015748031496,127,111,3.149606299212607,-3.149606299212607
uniform_h4096,20,14,86.36363636363636,132,114,6.818181818181827,-6.818181818181827
uniform_h4096,20,15,83.62068965517241,116,97,2.5862068965517295,-2.5862068965517295
uniform_h4096,20,16,76.69172932330827,133,102,9.774436090225564,-9.774436090225564
uniform_h4096,20,17,88.0952380952381,126,111,4.761904761904759,-4.761904761904759
uniform_h4096,20,18,90.56603773584905,106,96,3.7735849056603854,-3.7735849056603854
uniform_h4096,20,19,87.1559633027523,109,95,2.7522935779816464,-2.7522935779816464
uniform_h4096,20,20,84.15841584158416,101,85,,
uniform_h4096,21,1,83.89830508474576,118,99,11.01694915254238,-11.01694915254238
uniform_h4096,21,2,89.23076923076923,130,116,2.3076923076923066,1.538461538461533
uniform_h4096,21,3,81.5068493150685,146,119,7.534246575342465,-6.849315068493155
uniform_h4096,21,4,86.93181818181819,176,153,5.681818181818173,-5.681818181818173
uniform_h4096,21,5,83.59375,128,107,7.03125,-7.03125
uniform_h4096,21,6,81.66666666666667,120,98,9.166666666666657,-9.166666666666657
uniform_h4096,21,7,87.82608695652173,115,101,3.4782608695652186,-2.608695652173921
uniform_h4096,21,8,87.21804511278195,133,116,5.26315789473685,-5.26315789473685
uniform_h4096,21,9,83.58208955223881,134,112,5.970149253731336,-5.970149253731336
uniform_h4096,21,10,81.8840579710145,138,113,7.246376811594203,-7.246376811594203
uniform_h4096,21,11,83.0,100,83,8.0,-8.0
uniform_h4096,21,12,82.75862068965517,116,96,4.310344827586206,-4.310344827586206
uniform_h4096,21,13,85.8267716535433,127,109,4.7244094488189035,-4.7244094488189035
uniform_h4096,21,14,87.87878787878788,132,116,5.303030303030312,-5.303030303030312
uniform_h4096,21,15,84.48275862068965,116,98,1.724137931034491,-1.724137931034491
uniform_h4096,21,16,78.19548872180451,133,104,8.27067669172932,-8.27067669172932
uniform_h4096,21,17,87.3015873015873,126,110,5.555555555555557,-5.555555555555557
uniform_h4096,21,18,91.50943396226415,106,97,2.830188679245282,-2.830188679245282
uniform_h4096,21,19,85.3211009174312,109,93,4.587155963302749,-4.587155963302749
uniform_h4096,21,20,76.23762376237623,101,77,7.920792079207928,-7.920792079207928
uniform_h4096,21,21,93.05555555555556,144,134,,
uniform_h4096,22,1,83.89830508474576,118,99,11.01694915254238,-11.01694915254238
uniform_h4096,22,2,87.6923076923077,130,114,3.8461538461538396,0.0
uniform_h4096,22,3,86.3013698630137,146,126,2.7397260273972535,-2.0547945205479436
uniform_h4096,22,4,87.5,176,154,5.11363636363636,-5.11363636363636
uniform_h4096,22,5,84.375,128,108,6.25,-6.25
uniform_h4096,22,6,83.33333333333333,120,100,7.5,-7.5
uniform_h4096,22,7,85.21739130434783,115,98,6.0869565217391255,-5.217391304347828
uniform_h4096,22,8,86.46616541353383,133,115,6.015037593984971,-6.015037593984971
uniform_h4096,22,9,84.32835820895522,134,113,5.223880597014926,-5.223880597014926
uniform_h4096,22,10,82.6086956521739,138,114,6.521739130434796,-6.521739130434796
uniform_h4096,22,11,82.0,100,82,9.0,-9.0
uniform_h4096,22,12,82.75862068965517,116,96,4.310344827586206,-4.310344827586206
uniform_h4096,22,13,82.67716535433071,127,105,7.874015748031496,-7.874015748031496
uniform_h4096,22,14,87.87878787878788,132,116,5.303030303030312,-5.303030303030312
uniform_h4096,22,15,81.03448275862068,116,94,5.172413793103459,-5.172413793103459
uniform_h4096,22,16,78.94736842105263,133,105,7.5187969924811995,-7.5187969924811995
uniform_h4096,22,17,88.88888888888889,126,112,3.9682539682539755,-3.9682539682539755
uniform_h4096,22,18,92.45283018867924,106,98,1.8867924528301927,-1.8867924528301927
uniform_h4096,22,19,84.40366972477064,109,92,5.504587155963307,-5.504587155963307
uniform_h4096,22,20,74.25742574257426,101,75,9.900990099009903,-9.900990099009903
uniform_h4096,22,21,86.80555555555556,144,125,6.25,-6.25
uniform_h4096,22,22,85.83333333333333,120,103,,
uniform_h4096,23,1,83.89830508474576,118,99,11.01694915254238,-11.01694915254238
uniform_h4096,23,2,90.76923076923077,130,118,0.7692307692307594,3.07692307692308
uniform_h4096,23,3,82.87671232876713,146,121,6.164383561643831,-5.479452054794521
uniform_h4096,23,4,87.5,176,154,5.11363636363636,-5.11363636363636
uniform_h4096,23,5,82.8125,128,106,7.8125,-7.8125
uniform_h4096,23,6,82.5,120,99,8.333333333333329,-8.333333333333329
uniform_h4096,23,7,84.34782608695652,115,97,6.956521739130437,-6.08695652173914
uniform_h4096,23,8,87.21804511278195,133,116,5.26315789473685,-5.26315789473685
uniform_h4096,23,9,83.58208955223881,134,112,5.970149253731336,-5.970149253731336
uniform_h4096,23,10,79.71014492753623,138,110,9.420289855072468,-9.420289855072468
uniform_h4096,23,11,81.0,100,81,10.0,-10.0
uniform_h4096,23,12,76.72413793103448,116,89,10.344827586206904,-10.344827586206904
uniform_h4096,23,13,81.88976377952756,127,104,8.661417322834652,-8.661417322834652
uniform_h4096,23,14,85.60606060606061,132,113,7.575757575757578,-7.575757575757578
uniform_h4096,23,15,78.44827586206897,116,91,7.758620689655174,-7.758620689655174
uniform_h4096,23,16,77.44360902255639,133,103,9.022556390977442,-9.022556390977442
uniform_h4096,23,17,85.71428571428571,126,108,7.142857142857153,-7.142857142857153
uniform_h4096,23,18,92.45283018867924,106,98,1.8867924528301927,-1.8867924528301927
uniform_h4096,23,19,87.1559633027523,109,95,2.7522935779816464,-2.7522935779816464
uniform_h4096,23,20,77.22772277227723,101,78,6.930693069306926,-6.930693069306926
uniform_h4096,23,21,87.5,144,126,5.555555555555557,-5.555555555555557
uniform_h4096,23,22,80.83333333333333,120,97,5.0,-5.0
uniform_h4096,23,23,87.17948717948718,117,102,,
uniform_h4096,24,1,81.35593220338983,118,96,13.559322033898312,-13.559322033898312
uniform_h4096,24,2,92.3076923076923,130,120,-0.7692307692307736,4.615384615384613
uniform_h4096,24,3,79.45205479452055,146,116,9.589041095890408,-8.904109589041099
uniform_h4096,24,4,89.20454545454545,176,157,3.4090909090909065,-3.4090909090909065
uniform_h4096,24,5,84.375,128,108,6.25,-6.25
uniform_h4096,24,6,85.83333333333333,120,103,5.0,-5.0
uniform_h4096,24,7,84.34782608695652,115,97,6.956521739130437,-6.08695652173914
uniform_h4096,24,8,88.7218045112782,133,118,3.759398496240607,-3.759398496240607
uniform_h4096,24,9,79.1044776119403,134,106,10.447761194029852,-10.447761194029852
uniform_h4096,24,10,81.15942028985508,138,112,7.971014492753625,-7.971014492753625
uniform_h4096,24,11,83.0,100,83,8.0,-8.0
uniform_h4096,24,12,75.0,116,87,12.06896551724138,-12.06896551724138
uniform_h4096,24,13,84.25196850393701,127,107,6.2992125984252,-6.2992125984252
uniform_h4096,24,14,86.36363636363636,132,114,6.818181818181827,-6.818181818181827
uniform_h4096,24,15,83.62068965517241,116,97,2.5862068965517295,-2.5862068965517295
uniform_h4096,24,16,78.94736842105263,133,105,7.5187969924811995,-7.5187969924811995
uniform_h4096,24,17,88.0952380952381,126,111,4.761904761904759,-4.761904761904759
uniform_h4096,24,18,89.62264150943396,106,95,4.716981132075475,-4.716981132075475
uniform_h4096,24,19,86.23853211009174,109,94,3.6697247706422047,-3.6697247706422047
uniform_h4096,24,20,76.23762376237623,101,77,7.920792079207928,-7.920792079207928
uniform_h4096,24,21,87.5,144,126,5.555555555555557,-5.555555555555557
uniform_h4096,24,22,78.33333333333333,120,94,7.5,-7.5
uniform_h4096,24,23,82.90598290598291,117,97,4.2735042735042725,-4.2735042735042725
uniform_h4096,24,24,86.04651162790698,86,74,,
uniform_h4096,25,1,81.35593220338983,118,96,13.559322033898312,-13.559322033898312
uniform_h4096,25,2,90.76923076923077,130,118,1.538461538461533,3.07692307692308
uniform_h4096,25,3,79.45205479452055,146,116,9.589041095890408,-8.904109589041099
uniform_h4096,25,4,88.06818181818181,176,155,4.545454545454547,-4.545454545454547
uniform_h4096,25,5,85.9375,128,110,4.6875,-4.6875
uniform_h4096,25,6,85.0,120,102,5.833333333333329,-5.833333333333329
uniform_h4096,25,7,84.34782608695652,115,97,6.956521739130437,-6.08695652173914
uniform_h4096,25,8,87.21804511278195,133,116,5.26315789473685,-5.26315789473685
uniform_h4096,25,9,81.34328358208955,134,109,8.208955223880594,-8.208955223880594
uniform_h4096,25,10,81.15942028985508,138,112,7.971014492753625,-7.971014492753625
uniform_h4096,25,11,82.0,100,82,9.0,-9.0
uniform_h4096,25,12,78.44827586206897,116,91,8.620689655172413,-8.620689655172413
uniform_h4096,25,13,84.25196850393701,127,107,6.2992125984252,-6.2992125984252
uniform_h4096,25,14,88.63636363636364,132,117,4.545454545454547,-4.545454545454547
uniform_h4096,25,15,81.89655172413794,116,95,4.310344827586206,-4.310344827586206
uniform_h4096,25,16,79.69924812030075,133,106,6.766917293233078,-6.766917293233078
uniform_h4096,25,17,87.3015873015873,126,110,5.555555555555557,-5.555555555555557
uniform_h4096,25,18,92.45283018867924,106,98,1.8867924528301927,-1.8867924528301927
uniform_h4096,25,19,86.23853211009174,109,94,3.6697247706422047,-3.6697247706422047
uniform_h4096,25,20,76.23762376237623,101,77,7.920792079207928,-7.920792079207928
uniform_h4096,25,21,86.11111111111111,144,124,6.944444444444443,-6.944444444444443
uniform_h4096,25,22,78.33333333333333,120,94,7.5,-7.5
uniform_h4096,25,23,83.76068376068376,117,98,3.418803418803421,-3.418803418803421
uniform_h4096,25,24,72.09302325581395,86,62,13.953488372093034,-13.953488372093034
uniform_h4096,25,25,84.61538461538461,65,55,,
uniform_h4096,26,1,83.05084745762711,118,98,11.864406779661024,-11.864406779661024
uniform_h4096,26,2,87.6923076923077,130,114,4.615384615384613,0.0
uniform_h4096,26,3,76.71232876712328,146,112,12.328767123287676,-11.643835616438366
uniform_h4096,26,4,88.63636363636364,176,156,3.9772727272727195,-3.9772727272727195
uniform_h4096,26,5,85.15625,128,109,5.46875,-5.46875
uniform_h4096,26,6,81.66666666666667,120,98,9.166666666666657,-9.166666666666657
uniform_h4096,26,7,82.6086956521739,115,95,8.695652173913047,-7.826086956521749
uniform_h4096,26,8,87.21804511278195,133,116,5.26315789473685,-5.26315789473685
uniform_h4096,26,9,79.1044776119403,134,106,10.447761194029852,-10.447761194029852
uniform_h4096,26,10,78.98550724637681,138,109,10.14492753623189,-10.14492753623189
uniform_h4096,26,11,79.0,100,79,12.0,-12.0
uniform_h4096,26,12,77.58620689655173,116,90,9.482758620689651,-9.482758620689651
uniform_h4096,26,13,83.46456692913385,127,106,7.086614173228355,-7.086614173228355
uniform_h4096,26,14,84.84848484848484,132,112,8.333333333333343,-8.333333333333343
uniform_h4096,26,15,79.3103448275862,116,92,6.896551724137936,-6.896551724137936
uniform_h4096,26,16,75.93984962406014,133,101,10.526315789473685,-10.526315789473685
uniform_h4096,26,17,84.12698412698413,126,106,8.730158730158735,-8.730158730158735
uniform_h4096,26,18,90.56603773584905,106,96,3.7735849056603854,-3.7735849056603854
uniform_h4096,26,19,75.22935779816514,109,82,14.678899082568805,-14.678899082568805
uniform_h4096,26,20,77.22772277227723,101,78,6.930693069306926,-6.930693069306926
uniform_h4096,26,21,85.41666666666667,144,123,7.638888888888886,-7.638888888888886
uniform_h4096,26,22,81.66666666666667,120,98,4.166666666666657,-4.166666666666657
uniform_h4096,26,23,82.90598290598291,117,97,4.2735042735042725,-4.2735042735042725
uniform_h4096,26,24,73.25581395348837,86,63,12.79069767441861,-12.79069767441861
uniform_h4096,26,25,78.46153846153847,65,51,6.153846153846146,-6.153846153846146
uniform_h4096,26,26,94.3089430894309,123,116,,
uniform_h4096,27,1,82.20338983050847,118,97,12.711864406779668,-12.711864406779668
uniform_h4096,27,2,90.0,130,117,2.3076923076923066,2.3076923076923066
uniform_h4096,27,3,82.1917808219178,146,120,6.849315068493155,-6.164383561643845
uniform_h4096,27,4,88.63636363636364,176,156,3.9772727272727195,-3.9772727272727195
uniform_h4096,27,5,83.59375,128,107,7.03125,-7.03125
uniform_h4096,27,6,82.5,120,99,8.333333333333329,-8.333333333333329
uniform_h4096,27,7,82.6086956521739,115,95,8.695652173913047,-7.826086956521749
uniform_h4096,27,8,87.96992481203007,133,117,4.511278195488728,-4.511278195488728
uniform_h4096,27,9,83.58208955223881,134,112,5.970149253731336,-5.970149253731336
uniform_h4096,27,10,80.43478260869566,138,111,8.695652173913047,-8.695652173913047
uniform_h4096,27,11,82.0,100,82,9.0,-9.0
uniform_h4096,27,12,81.03448275862068,116,94,6.0344827586206975,-6.0344827586206975
uniform_h4096,27,13,83.46456692913385,127,106,7.086614173228355,-7.086614173228355
uniform_h4096,27,14,85.60606060606061,132,113,7.575757575757578,-7.575757575757578
uniform_h4096,27,15,81.03448275862068,116,94,5.172413793103459,-5.172413793103459
uniform_h4096,27,16,74.43609022556392,133,99,12.030075187969913,-12.030075187969913
uniform_h4096,27,17,88.0952380952381,126,111,4.761904761904759,-4.761904761904759
uniform_h4096,27,18,92.45283018867924,106,98,1.8867924528301927,-1.8867924528301927
uniform_h4096,27,19,79.81651376146789,109,87,10.091743119266056,-10.091743119266056
uniform_h4096,27,20,75.24752475247524,101,76,8.910891089108915,-8.910891089108915
uniform_h4096,27,21,85.41666666666667,144,123,7.638888888888886,-7.638888888888886
uniform_h4096,27,22,79.16666666666667,120,95,6.666666666666657,-6.666666666666657
uniform_h4096,27,23,81.19658119658119,117,95,5.98290598290599,-5.98290598290599
uniform_h4096,27,24,69.76744186046511,86,60,16.279069767441868,-16.279069767441868
uniform_h4096,27,25,76.92307692307692,65,50,7.692307692307693,-7.692307692307693
uniform_h4096,27,26,82.11382113821138,123,101,12.19512195121952,-12.19512195121952
uniform_h4096,27,27,88.49557522123894,113,100,,
uniform_h4096,28,1,75.42372881355932,118,89,19.491525423728817,-19.491525423728817
uniform_h4096,28,2,87.6923076923077,130,114,4.615384615384613,0.0
uniform_h4096,28,3,83.56164383561644,146,122,5.479452054794521,-4.794520547945211
uniform_h4096,28,4,86.36363636363636,176,152,6.25,-6.25
uniform_h4096,28,5,84.375,128,108,6.25,-6.25
uniform_h4096,28,6,85.0,120,102,5.833333333333329,-5.833333333333329
uniform_h4096,28,7,85.21739130434783,115,98,6.0869565217391255,-5.217391304347828
uniform_h4096,28,8,86.46616541353383,133,115,6.015037593984971,-6.015037593984971
uniform_h4096,28,9,78.35820895522389,134,105,11.194029850746261,-11.194029850746261
uniform_h4096,28,10,78.26086956521739,138,108,10.869565217391312,-10.869565217391312
uniform_h4096,28,11,79.0,100,79,12.0,-12.0
uniform_h4096,28,12,77.58620689655173,116,90,9.482758620689651,-9.482758620689651
uniform_h4096,28,13,81.88976377952756,127,104,8.661417322834652,-8.661417322834652
uniform_h4096,28,14,87.12121212121212,132,115,6.060606060606062,-6.060606060606062
uniform_h4096,28,15,81.03448275862068,116,94,5.172413793103459,-5.172413793103459
uniform_h4096,28,16,75.93984962406014,133,101,10.526315789473685,-10.526315789473685
uniform_h4096,28,17,82.53968253968254,126,104,10.317460317460316,-10.317460317460316
uniform_h4096,28,18,91.50943396226415,106,97,2.830188679245282,-2.830188679245282
uniform_h4096,28,19,82.56880733944953,109,90,7.339449541284409,-7.339449541284409
uniform_h4096,28,20,77.22772277227723,101,78,6.930693069306926,-6.930693069306926
uniform_h4096,28,21,88.19444444444444,144,127,4.861111111111114,-4.861111111111114
uniform_h4096,28,22,79.16666666666667,120,95,6.666666666666657,-6.666666666666657
uniform_h4096,28,23,80.34188034188034,117,94,6.837606837606842,-6.837606837606842
uniform_h4096,28,24,73.25581395348837,86,63,12.79069767441861,-12.79069767441861
uniform_h4096,28,25,75.38461538461539,65,49,9.230769230769226,-9.230769230769226
uniform_h4096,28,26,86.17886178861788,123,106,8.130081300813018,-8.130081300813018
uniform_h4096,28,27,81.41592920353982,113,92,7.079646017699119,-7.079646017699119
uniform_h4096,28,28,88.23529411764706,102,90,,
uniform_h4096,29,1,80.50847457627118,118,95,14.406779661016955,-14.406779661016955
uniform_h4096,29,2,87.6923076923077,130,114,4.615384615384613,0.0
uniform_h4096,29,3,81.5068493150685,146,119,7.534246575342465,-6.849315068493155
uniform_h4096,29,4,87.5,176,154,5.11363636363636,-5.11363636363636
uniform_h4096,29,5,79.6875,128,102,10.9375,-10.9375
uniform_h4096,29,6,80.83333333333333,120,97,10.0,-10.0
uniform_h4096,29,7,83.47826086956522,115,96,7.826086956521735,-6.956521739130437
uniform_h4096,29,8,85.71428571428571,133,114,6.766917293233092,-6.766917293233092
uniform_h4096,29,9,83.58208955223881,134,112,5.970149253731336,-5.970149253731336
uniform_h4096,29,10,78.98550724637681,138,109,10.14492753623189,-10.14492753623189
uniform_h4096,29,11,83.0,100,83,8.0,-8.0
uniform_h4096,29,12,76.72413793103448,116,89,10.344827586206904,-10.344827586206904
uniform_h4096,29,13,82.67716535433071,127,105,7.874015748031496,-7.874015748031496
uniform_h4096,29,14,86.36363636363636,132,114,6.818181818181827,-6.818181818181827
uniform_h4096,29,15,79.3103448275862,116,92,6.896551724137936,-6.896551724137936
uniform_h4096,29,16,75.18796992481202,133,100,11.278195488721806,-11.278195488721806
uniform_h4096,29,17,82.53968253968254,126,104,10.317460317460316,-10.317460317460316
uniform_h4096,29,18,91.50943396226415,106,97,2.830188679245282,-2.830188679245282
uniform_h4096,29,19,78.89908256880734,109,86,11.0091743119266,-11.0091743119266
uniform_h4096,29,20,76.23762376237623,101,77,7.920792079207928,-7.920792079207928
uniform_h4096,29,21,85.41666666666667,144,123,7.638888888888886,-7.638888888888886
uniform_h4096,29,22,80.83333333333333,120,97,5.0,-5.0
uniform_h4096,29,23,80.34188034188034,117,94,6.837606837606842,-6.837606837606842
uniform_h4096,29,24,72.09302325581395,86,62,13.953488372093034,-13.953488372093034
uniform_h4096,29,25,73.84615384615384,65,48,10.769230769230774,-10.769230769230774
uniform_h4096,29,26,85.36585365853658,123,105,8.943089430894318,-8.943089430894318
uniform_h4096,29,27,84.070796460177,113,95,4.424778761061944,-4.424778761061944
uniform_h4096,29,28,85.29411764705883,102,87,2.941176470588232,-2.941176470588232
uniform_h4096,29,29,83.33333333333333,114,95,,
uniform_h4096,30,1,79.66101694915254,118,94,15.254237288135599,-15.254237288135599
uniform_h4096,30,2,86.15384615384616,130,112,6.153846153846146,-1.538461538461533
uniform_h4096,30,3,79.45205479452055,146,116,9.589041095890408,-8.904109589041099
uniform_h4096,30,4,83.52272727272727,176,147,9.090909090909093,-9.090909090909093
uniform_h4096,30,5,80.46875,128,103,10.15625,-10.15625
uniform_h4096,30,6,82.5,120,99,8.333333333333329,-8.333333333333329
uniform_h4096,30,7,83.47826086956522,115,96,7.826086956521735,-6.956521739130437
uniform_h4096,30,8,84.9624060150376,133,113,7.5187969924811995,-7.5187969924811995
uniform_h4096,30,9,77.61194029850746,134,104,11.940298507462686,-11.940298507462686
uniform_h4096,30,10,80.43478260869566,138,111,8.695652173913047,-8.695652173913047
uniform_h4096,30,11,81.0,100,81,10.0,-10.0
uniform_h4096,30,12,75.0,116,87,12.06896551724138,-12.06896551724138
uniform_h4096,30,13,83.46456692913385,127,106,7.086614173228355,-7.086614173228355
uniform_h4096,30,14,87.12121212121212,132,115,6.060606060606062,-6.060606060606062
uniform_h4096,30,15,80.17241379310344,116,93,6.0344827586206975,-6.0344827586206975
uniform_h4096,30,16,77.44360902255639,133,103,9.022556390977442,-9.022556390977442
uniform_h4096,30,17,80.95238095238095,126,102,11.904761904761912,-11.904761904761912
uniform_h4096,30,18,91.50943396226415,106,97,2.830188679245282,-2.830188679245282
uniform_h4096,30,19,83.4862385321101,109,91,6.422018348623851,-6.422018348623851
uniform_h4096,30,20,75.24752475247524,101,76,8.910891089108915,-8.910891089108915
uniform_h4096,30,21,88.19444444444444,144,127,4.861111111111114,-4.861111111111114
uniform_h4096,30,22,81.66666666666667,120,98,4.166666666666657,-4.166666666666657
uniform_h4096,30,23,79.48717948717949,117,93,7.692307692307693,-7.692307692307693
uniform_h4096,30,24,73.25581395348837,86,63,12.79069767441861,-12.79069767441861
uniform_h4096,30,25,73.84615384615384,65,48,10.769230769230774,-10.769230769230774
uniform_h4096,30,26,82.92682926829268,123,102,11.38211382113822,-11.38211382113822
uniform_h4096,30,27,81.41592920353982,113,92,7.079646017699119,-7.079646017699119
uniform_h4096,30,28,82.3529411764706,102,84,5.882352941176464,-5.882352941176464
uniform_h4096,30,29,78.0701754385965,114,89,5.263157894736835,-5.263157894736835
uniform_h4096,30,30,89.7196261682243,214,192,,
uniform_h4096,31,1,82.20338983050847,118,97,12.711864406779668,-12.711864406779668
uniform_h4096,31,2,85.38461538461539,130,111,6.92307692307692,-2.3076923076923066
uniform_h4096,31,3,80.13698630136986,146,117,8.904109589041099,-8.219178082191789
uniform_h4096,31,4,84.6590909090909,176,149,7.954545454545453,-7.954545454545453
uniform_h4096,31,5,80.46875,128,103,10.15625,-10.15625
uniform_h4096,31,6,81.66666666666667,120,98,9.166666666666657,-9.166666666666657
uniform_h4096,31,7,83.47826086956522,115,96,7.826086956521735,-6.956521739130437
uniform_h4096,31,8,83.45864661654136,133,111,9.022556390977442,-9.022556390977442
uniform_h4096,31,9,83.58208955223881,134,112,5.970149253731336,-5.970149253731336
uniform_h4096,31,10,81.15942028985508,138,112,7.971014492753625,-7.971014492753625
uniform_h4096,31,11,81.0,100,81,10.0,-10.0
uniform_h4096,31,12,77.58620689655173,116,90,9.482758620689651,-9.482758620689651
uniform_h4096,31,13,84.25196850393701,127,107,6.2992125984252,-6.2992125984252
uniform_h4096,31,14,84.0909090909091,132,111,9.090909090909093,-9.090909090909093
uniform_h4096,31,15,79.3103448275862,116,92,6.896551724137936,-6.896551724137936
uniform_h4096,31,16,77.44360902255639,133,103,9.022556390977442,-9.022556390977442
uniform_h4096,31,17,82.53968253968254,126,104,10.317460317460316,-10.317460317460316
uniform_h4096,31,18,91.50943396226415,106,97,2.830188679245282,-2.830188679245282
uniform_h4096,31,19,81.65137614678899,109,89,8.256880733944953,-8.256880733944953
uniform_h4096,31,20,76.23762376237623,101,77,7.920792079207928,-7.920792079207928
uniform_h4096,31,21,86.80555555555556,144,125,6.25,-6.25
uniform_h4096,31,22,79.16666666666667,120,95,6.666666666666657,-6.666666666666657
uniform_h4096,31,23,82.05128205128206,117,96,5.128205128205124,-5.128205128205124
uniform_h4096,31,24,73.25581395348837,86,63,12.79069767441861,-12.79069767441861
uniform_h4096,31,25,73.84615384615384,65,48,10.769230769230774,-10.769230769230774
uniform_h4096,31,26,82.92682926829268,123,102,11.38211382113822,-11.38211382113822
uniform_h4096,31,27,84.070796460177,113,95,4.424778761061944,-4.424778761061944
uniform_h4096,31,28,85.29411764705883,102,87,2.941176470588232,-2.941176470588232
uniform_h4096,31,29,77.19298245614036,114,88,6.140350877192972,-6.140350877192972
uniform_h4096,31,30,85.51401869158879,214,183,4.205607476635507,-4.205607476635507
uniform_h4096,31,31,91.2280701754386,114,104,,
uniform_h4096,32,1,82.20338983050847,118,97,12.711864406779668,-12.711864406779668
uniform_h4096,32,2,85.38461538461539,130,111,6.92307692307692,-2.3076923076923066
uniform_h4096,32,3,78.08219178082192,146,114,10.958904109589042,-10.273972602739732
uniform_h4096,32,4,84.0909090909091,176,148,8.522727272727266,-8.522727272727266
uniform_h4096,32,5,81.25,128,104,9.375,-9.375
uniform_h4096,32,6,81.66666666666667,120,98,9.166666666666657,-9.166666666666657
uniform_h4096,32,7,80.8695652173913,115,93,10.434782608695656,-9.565217391304358
uniform_h4096,32,8,86.46616541353383,133,115,6.015037593984971,-6.015037593984971
uniform_h4096,32,9,76.86567164179104,134,103,12.68656716417911,-12.68656716417911
uniform_h4096,32,10,79.71014492753623,138,110,9.420289855072468,-9.420289855072468
uniform_h4096,32,11,78.0,100,78,13.0,-13.0
uniform_h4096,32,12,75.86206896551724,116,88,11.206896551724142,-11.206896551724142
uniform_h4096,32,13,81.88976377952756,127,104,8.661417322834652,-8.661417322834652
uniform_h4096,32,14,83.33333333333333,132,110,9.848484848484858,-9.848484848484858
uniform_h4096,32,15,78.44827586206897,116,91,7.758620689655174,-7.758620689655174
uniform_h4096,32,16,75.93984962406014,133,101,10.526315789473685,-10.526315789473685
uniform_h4096,32,17,83.33333333333333,126,105,9.523809523809533,-9.523809523809533
uniform_h4096,32,18,90.56603773584905,106,96,3.7735849056603854,-3.7735849056603854
uniform_h4096,32,19,80.73394495412845,109,88,9.174311926605498,-9.174311926605498
uniform_h4096,32,20,73.26732673267327,101,74,10.89108910891089,-10.89108910891089
uniform_h4096,32,21,86.11111111111111,144,124,6.944444444444443,-6.944444444444443
uniform_h4096,32,22,80.0,120,96,5.833333333333329,-5.833333333333329
uniform_h4096,32,23,77.77777777777777,117,91,9.401709401709411,-9.401709401709411
uniform_h4096,32,24,69.76744186046511,86,60,16.279069767441868,-16.279069767441868
uniform_h4096,32,25,75.38461538461539,65,49,9.230769230769226,-9.230769230769226
uniform_h4096,32,26,84.55284552845528,123,104,9.756097560975618,-9.756097560975618
uniform_h4096,32,27,80.53097345132744,113,91,7.964601769911496,-7.964601769911496
uniform_h4096,32,28,86.27450980392157,102,88,1.9607843137254832,-1.9607843137254832
uniform_h4096,32,29,77.19298245614036,114,88,6.140350877192972,-6.140350877192972
uniform_h4096,32,30,86.44859813084112,214,185,3.271028037383175,-3.271028037383175
uniform_h4096,32,31,84.21052631578948,114,96,7.017543859649123,-7.017543859649123
uniform_h4096,32,32,89.32038834951456,103,92,,
uniform_h4096,33,1,78.8135593220339,118,93,16.101694915254242,-16.101694915254242
uniform_h4096,33,2,86.15384615384616,130,112,6.153846153846146,-1.538461538461533
uniform_h4096,33,3,80.82191780821918,146,118,8.219178082191775,-7.534246575342465
uniform_h4096,33,4,88.06818181818181,176,155,4.545454545454547,-4.545454545454547
uniform_h4096,33,5,82.03125,128,105,8.59375,-8.59375
uniform_h4096,33,6,80.83333333333333,120,97,10.0,-10.0
uniform_h4096,33,7,81.73913043478261,115,94,9.565217391304344,-8.695652173913047
uniform_h4096,33,8,84.21052631578948,133,112,8.27067669172932,-8.27067669172932
uniform_h4096,33,9,73.13432835820896,134,98,16.417910447761187,-16.417910447761187
uniform_h4096,33,10,80.43478260869566,138,111,8.695652173913047,-8.695652173913047
uniform_h4096,33,11,79.0,100,79,12.0,-12.0
uniform_h4096,33,12,75.86206896551724,116,88,11.206896551724142,-11.206896551724142
uniform_h4096,33,13,83.46456692913385,127,106,7.086614173228355,-7.086614173228355
uniform_h4096,33,14,86.36363636363636,132,114,6.818181818181827,-6.818181818181827
uniform_h4096,33,15,78.44827586206897,116,91,7.758620689655174,-7.758620689655174
uniform_h4096,33,16,74.43609022556392,133,99,12.030075187969913,-12.030075187969913
uniform_h4096,33,17,81.74603174603175,126,103,11.111111111111114,-11.111111111111114
uniform_h4096,33,18,92.45283018867924,106,98,1.8867924528301927,-1.8867924528301927
uniform_h4096,33,19,79.81651376146789,109,87,10.091743119266056,-10.091743119266056
uniform_h4096,33,20,72.27722772277228,101,73,11.881188118811878,-11.881188118811878
uniform_h4096,33,21,84.02777777777777,144,121,9.027777777777786,-9.027777777777786
uniform_h4096,33,22,79.16666666666667,120,95,6.666666666666657,-6.666666666666657
uniform_h4096,33,23,77.77777777777777,117,91,9.401709401709411,-9.401709401709411
uniform_h4096,33,24,73.25581395348837,86,63,12.79069767441861,-12.79069767441861
uniform_h4096,33,25,75.38461538461539,65,49,9.230769230769226,-9.230769230769226
uniform_h4096,33,26,83.73983739837398,123,103,10.569105691056919,-10.569105691056919
uniform_h4096,33,27,81.41592920353982,113,92,7.079646017699119,-7.079646017699119
uniform_h4096,33,28,86.27450980392157,102,88,1.9607843137254832,-1.9607843137254832
uniform_h4096,33,29,77.19298245614036,114,88,6.140350877192972,-6.140350877192972
uniform_h4096,33,30,85.51401869158879,214,183,4.205607476635507,-4.205607476635507
uniform_h4096,33,31,89.47368421052632,114,102,1.754385964912288,-1.754385964912288
uniform_h4096,33,32,78.64077669902913,103,81,10.679611650485427,-10.679611650485427
uniform_h4096,33,33,89.1891891891892,111,99,,
uniform_h4096,34,1,80.50847457627118,118,95,14.406779661016955,-14.406779661016955
uniform_h4096,34,2,90.0,130,117,2.3076923076923066,2.3076923076923066
uniform_h4096,34,3,81.5068493150685,146,119,7.534246575342465,-6.849315068493155
uniform_h4096,34,4,84.0909090909091,176,148,8.522727272727266,-8.522727272727266
uniform_h4096,34,5,82.8125,128,106,7.8125,-7.8125
uniform_h4096,34,6,81.66666666666667,120,98,9.166666666666657,-9.166666666666657
uniform_h4096,34,7,79.1304347826087,115,91,12.173913043478251,-11.304347826086953
uniform_h4096,34,8,86.46616541353383,133,115,6.015037593984971,-6.015037593984971
uniform_h4096,34,9,82.83582089552239,134,111,6.71641791044776,-6.71641791044776
uniform_h4096,34,10,80.43478260869566,138,111,8.695652173913047,-8.695652173913047
uniform_h4096,34,11,81.0,100,81,10.0,-10.0
uniform_h4096,34,12,75.86206896551724,116,88,11.206896551724142,-11.206896551724142
uniform_h4096,34,13,81.88976377952756,127,104,8.661417322834652,-8.661417322834652
uniform_h4096,34,14,81.81818181818181,132,108,11.363636363636374,-11.363636363636374
uniform_h4096,34,15,79.3103448275862,116,92,6.896551724137936,-6.896551724137936
uniform_h4096,34,16,75.18796992481202,133,100,11.278195488721806,-11.278195488721806
uniform_h4096,34,17,82.53968253968254,126,104,10.317460317460316,-10.317460317460316
uniform_h4096,34,18,89.62264150943396,106,95,4.716981132075475,-4.716981132075475
uniform_h4096,34,19,79.81651376146789,109,87,10.091743119266056,-10.091743119266056
uniform_h4096,34,20,73.26732673267327,101,74,10.89108910891089,-10.89108910891089
uniform_h4096,34,21,84.02777777777777,144,121,9.027777777777786,-9.027777777777786
uniform_h4096,34,22,80.83333333333333,120,97,5.0,-5.0
uniform_h4096,34,23,76.06837606837607,117,89,11.111111111111114,-11.111111111111114
uniform_h4096,34,24,73.25581395348837,86,63,12.79069767441861,-12.79069767441861
uniform_h4096,34,25,72.3076923076923,65,47,12.307692307692307,-12.307692307692307
uniform_h4096,34,26,87.8048780487805,123,108,6.504065040650403,-6.504065040650403
uniform_h4096,34,27,83.1858407079646,113,94,5.309734513274336,-5.309734513274336
uniform_h4096,34,28,85.29411764705883,102,87,2.941176470588232,-2.941176470588232
uniform_h4096,34,29,74.56140350877193,114,85,8.771929824561397,-8.771929824561397
uniform_h4096,34,30,85.98130841121495,214,184,3.738317757009341,-3.738317757009341
uniform_h4096,34,31,85.96491228070175,114,98,5.26315789473685,-5.26315789473685
uniform_h4096,34,32,78.64077669902913,103,81,10.679611650485427,-10.679611650485427
uniform_h4096,34,33,81.98198198198199,111,91,7.207207207207205,-7.207207207207205
uniform_h4096,34,34,91.42857142857143,70,64,,
uniform_h4096,35,1,82.20338983050847,118,97,12.711864406779668,-12.711864406779668
uniform_h4096,35,2,86.15384615384616,130,112,6.153846153846146,-1.538461538461533
uniform_h4096,35,3,80.13698630136986,146,117,8.904109589041099,-8.219178082191789
uniform_h4096,35,4,84.0909090909091,176,148,8.522727272727266,-8.522727272727266
uniform_h4096,35,5,79.6875,128,102,10.9375,-10.9375
uniform_h4096,35,6,81.66666666666667,120,98,9.166666666666657,-9.166666666666657
uniform_h4096,35,7,83.47826086956522,115,96,7.826086956521735,-6.956521739130437
uniform_h4096,35,8,84.21052631578948,133,112,8.27067669172932,-8.27067669172932
uniform_h4096,35,9,78.35820895522389,134,105,11.194029850746261,-11.194029850746261
uniform_h4096,35,10,81.15942028985508,138,112,7.971014492753625,-7.971014492753625
uniform_h4096,35,11,82.0,100,82,9.0,-9.0
uniform_h4096,35,12,74.13793103448276,116,86,12.93103448275862,-12.93103448275862
uniform_h4096,35,13,82.67716535433071,127,105,7.874015748031496,-7.874015748031496
uniform_h4096,35,14,84.0909090909091,132,111,9.090909090909093,-9.090909090909093
uniform_h4096,35,15,81.89655172413794,116,95,4.310344827586206,-4.310344827586206
uniform_h4096,35,16,75.18796992481202,133,100,11.278195488721806,-11.278195488721806
uniform_h4096,35,17,84.12698412698413,126,106,8.730158730158735,-8.730158730158735
uniform_h4096,35,18,90.56603773584905,106,96,3.7735849056603854,-3.7735849056603854
uniform_h4096,35,19,80.73394495412845,109,88,9.174311926605498,-9.174311926605498
uniform_h4096,35,20,71.2871287128713,101,72,12.871287128712865,-12.871287128712865
uniform_h4096,35,21,84.72222222222223,144,122,8.333333333333329,-8.333333333333329
uniform_h4096,35,22,83.33333333333333,120,100,2.5,-2.5
uniform_h4096,35,23,76.92307692307692,117,90,10.256410256410263,-10.256410256410263
uniform_h4096,35,24,72.09302325581395,86,62,13.953488372093034,-13.953488372093034
uniform_h4096,35,25,73.84615384615384,65,48,10.769230769230774,-10.769230769230774
uniform_h4096,35,26,82.11382113821138,123,101,12.19512195121952,-12.19512195121952
uniform_h4096,35,27,81.41592920353982,113,92,7.079646017699119,-7.079646017699119
uniform_h4096,35,28,86.27450980392157,102,88,1.9607843137254832,-1.9607843137254832
uniform_h4096,35,29,74.56140350877193,114,85,8.771929824561397,-8.771929824561397
uniform_h4096,35,30,84.57943925233644,214,181,5.140186915887853,-5.140186915887853
uniform_h4096,35,31,83.33333333333333,114,95,7.894736842105274,-7.894736842105274
uniform_h4096,35,32,80.58252427184466,103,83,8.737864077669897,-8.737864077669897
uniform_h4096,35,33,81.98198198198199,111,91,7.207207207207205,-7.207207207207205
uniform_h4096,35,34,81.42857142857143,70,57,10.0,-10.0
uniform_h4096,35,35,89.36170212765957,141,126,,
uniform_h4096,36,1,77.96610169491525,118,92,16.949152542372886,-16.949152542372886
uniform_h4096,36,2,81.53846153846153,130,106,10.769230769230774,-6.15384615384616
uniform_h4096,36,3,78.08219178082192,146,114,10.958904109589042,-10.273972602739732
uniform_h4096,36,4,85.79545454545455,176,151,6.818181818181813,-6.818181818181813
uniform_h4096,36,5,82.8125,128,106,7.8125,-7.8125
uniform_h4096,36,6,81.66666666666667,120,98,9.166666666666657,-9.166666666666657
uniform_h4096,36,7,81.73913043478261,115,94,9.565217391304344,-8.695652173913047
uniform_h4096,36,8,85.71428571428571,133,114,6.766917293233092,-6.766917293233092
uniform_h4096,36,9,76.86567164179104,134,103,12.68656716417911,-12.68656716417911
uniform_h4096,36,10,81.8840579710145,138,113,7.246376811594203,-7.246376811594203
uniform_h4096,36,11,78.0,100,78,13.0,-13.0
uniform_h4096,36,12,77.58620689655173,116,90,9.482758620689651,-9.482758620689651
uniform_h4096,36,13,83.46456692913385,127,106,7.086614173228355,-7.086614173228355
uniform_h4096,36,14,84.0909090909091,132,111,9.090909090909093,-9.090909090909093
uniform_h4096,36,15,81.03448275862068,116,94,5.172413793103459,-5.172413793103459
uniform_h4096,36,16,75.18796992481202,133,100,11.278195488721806,-11.278195488721806
uniform_h4096,36,17,78.57142857142857,126,99,14.285714285714292,-14.285714285714292
uniform_h4096,36,18,90.56603773584905,106,96,3.7735849056603854,-3.7735849056603854
uniform_h4096,36,19,79.81651376146789,109,87,10.091743119266056,-10.091743119266056
uniform_h4096,36,20,68.31683168316832,101,69,15.841584158415841,-15.841584158415841
uniform_h4096,36,21,84.02777777777777,144,121,9.027777777777786,-9.027777777777786
uniform_h4096,36,22,78.33333333333333,120,94,7.5,-7.5
uniform_h4096,36,23,81.19658119658119,117,95,5.98290598290599,-5.98290598290599
uniform_h4096,36,24,68.6046511627907,86,59,17.441860465116278,-17.441860465116278
uniform_h4096,36,25,76.92307692307692,65,50,7.692307692307693,-7.692307692307693
uniform_h4096,36,26,84.55284552845528,123,104,9.756097560975618,-9.756097560975618
uniform_h4096,36,27,76.10619469026548,113,86,12.389380530973455,-12.389380530973455
uniform_h4096,36,28,87.25490196078431,102,89,0.9803921568627487,-0.9803921568627487
uniform_h4096,36,29,75.43859649122807,114,86,7.89473684210526,-7.89473684210526
uniform_h4096,36,30,84.11214953271028,214,180,5.607476635514018,-5.607476635514018
uniform_h4096,36,31,82.45614035087719,114,94,8.771929824561411,-8.771929824561411
uniform_h4096,36,32,76.69902912621359,103,79,12.62135922330097,-12.62135922330097
uniform_h4096,36,33,82.88288288288288,111,92,6.306306306306311,-6.306306306306311
uniform_h4096,36,34,82.85714285714286,70,58,8.57142857142857,-8.57142857142857
uniform_h4096,36,35,83.68794326241135,141,118,5.673758865248217,-5.673758865248217
uniform_h4096,36,36,98.05194805194805,154,151,,
uniform_h4096,37,1,81.35593220338983,118,96,13.559322033898312,-13.559322033898312
uniform_h4096,37,2,85.38461538461539,130,111,6.92307692307692,-2.3076923076923066
uniform_h4096,37,3,75.34246575342466,146,110,13.698630136986296,-13.013698630136986
uniform_h4096,37,4,84.6590909090909,176,149,7.954545454545453,-7.954545454545453
uniform_h4096,37,5,80.46875,128,103,10.15625,-10.15625
uniform_h4096,37,6,79.16666666666667,120,95,11.666666666666657,-11.666666666666657
uniform_h4096,37,7,75.65217391304348,115,87,15.65217391304347,-14.782608695652172
uniform_h4096,37,8,84.9624060150376,133,113,7.5187969924811995,-7.5187969924811995
uniform_h4096,37,9,82.08955223880596,134,110,7.462686567164184,-7.462686567164184
uniform_h4096,37,10,80.43478260869566,138,111,8.695652173913047,-8.695652173913047
uniform_h4096,37,11,83.0,100,83,8.0,-8.0
uniform_h4096,37,12,74.13793103448276,116,86,12.93103448275862,-12.93103448275862
uniform_h4096,37,13,81.10236220472441,127,103,9.448818897637793,-9.448818897637793
uniform_h4096,37,14,87.87878787878788,132,116,5.303030303030312,-5.303030303030312
uniform_h4096,37,15,78.44827586206897,116,91,7.758620689655174,-7.758620689655174
uniform_h4096,37,16,72.93233082706767,133,97,13.533834586466156,-13.533834586466156
uniform_h4096,37,17,78.57142857142857,126,99,14.285714285714292,-14.285714285714292
uniform_h4096,37,18,89.62264150943396,106,95,4.716981132075475,-4.716981132075475
uniform_h4096,37,19,81.65137614678899,109,89,8.256880733944953,-8.256880733944953
uniform_h4096,37,20,75.24752475247524,101,76,8.910891089108915,-8.910891089108915
uniform_h4096,37,21,84.02777777777777,144,121,9.027777777777786,-9.027777777777786
uniform_h4096,37,22,75.83333333333333,120,91,10.0,-10.0
uniform_h4096,37,23,77.77777777777777,117,91,9.401709401709411,-9.401709401709411
uniform_h4096,37,24,66.27906976744185,86,57,19.767441860465127,-19.767441860465127
uniform_h4096,37,25,81.53846153846153,65,53,3.07692307692308,-3.07692307692308
uniform_h4096,37,26,78.04878048780488,123,96,16.26016260162602,-16.26016260162602
uniform_h4096,37,27,77.87610619469027,113,88,10.619469026548671,-10.619469026548671
uniform_h4096,37,28,87.25490196078431,102,89,0.9803921568627487,-0.9803921568627487
uniform_h4096,37,29,74.56140350877193,114,85,8.771929824561397,-8.771929824561397
uniform_h4096,37,30,85.98130841121495,214,184,3.738317757009341,-3.738317757009341
uniform_h4096,37,31,82.45614035087719,114,94,8.771929824561411,-8.771929824561411
uniform_h4096,37,32,77.66990291262135,103,80,11.650485436893206,-11.650485436893206
uniform_h4096,37,33,83.78378378378379,111,93,5.4054054054054035,-5.4054054054054035
uniform_h4096,37,34,81.42857142857143,70,57,10.0,-10.0
uniform_h4096,37,35,82.97872340425532,141,117,6.38297872340425,-6.38297872340425
uniform_h4096,37,36,90.25974025974025,154,139,7.79220779220779,-7.79220779220779
uniform_h4096,37,37,88.53503184713375,157,139,,
uniform_h4096,38,1,75.42372881355932,118,89,19.491525423728817,-19.491525423728817
uniform_h4096,38,2,85.38461538461539,130,111,6.92307692307692,-2.3076923076923066
uniform_h4096,38,3,78.08219178082192,146,114,10.958904109589042,-10.273972602739732
uniform_h4096,38,4,84.0909090909091,176,148,8.522727272727266,-8.522727272727266
uniform_h4096,38,5,80.46875,128,103,10.15625,-10.15625
uniform_h4096,38,6,80.0,120,96,10.833333333333329,-10.833333333333329
uniform_h4096,38,7,75.65217391304348,115,87,15.65217391304347,-14.782608695652172
uniform_h4096,38,8,86.46616541353383,133,115,6.015037593984971,-6.015037593984971
uniform_h4096,38,9,82.08955223880596,134,110,7.462686567164184,-7.462686567164184
uniform_h4096,38,10,80.43478260869566,138,111,8.695652173913047,-8.695652173913047
uniform_h4096,38,11,83.0,100,83,8.0,-8.0
uniform_h4096,38,12,77.58620689655173,116,90,9.482758620689651,-9.482758620689651
uniform_h4096,38,13,83.46456692913385,127,106,7.086614173228355,-7.086614173228355
uniform_h4096,38,14,85.60606060606061,132,113,7.575757575757578,-7.575757575757578
uniform_h4096,38,15,80.17241379310344,116,93,6.0344827586206975,-6.0344827586206975
uniform_h4096,38,16,74.43609022556392,133,99,12.030075187969913,-12.030075187969913
uniform_h4096,38,17,80.15873015873017,126,101,12.698412698412696,-12.698412698412696
uniform_h4096,38,18,90.56603773584905,106,96,3.7735849056603854,-3.7735849056603854
uniform_h4096,38,19,78.89908256880734,109,86,11.0091743119266,-11.0091743119266
uniform_h4096,38,20,75.24752475247524,101,76,8.910891089108915,-8.910891089108915
uniform_h4096,38,21,84.02777777777777,144,121,9.027777777777786,-9.027777777777786
uniform_h4096,38,22,82.5,120,99,3.3333333333333286,-3.3333333333333286
uniform_h4096,38,23,76.92307692307692,117,90,10.256410256410263,-10.256410256410263
uniform_h4096,38,24,65.11627906976744,86,56,20.930232558139537,-20.930232558139537
uniform_h4096,38,25,72.3076923076923,65,47,12.307692307692307,-12.307692307692307
uniform_h4096,38,26,81.30081300813008,123,100,13.00813008130082,-13.00813008130082
uniform_h4096,38,27,80.53097345132744,113,91,7.964601769911496,-7.964601769911496
uniform_h4096,38,28,87.25490196078431,102,89,0.9803921568627487,-0.9803921568627487
uniform_h4096,38,29,75.43859649122807,114,86,7.89473684210526,-7.89473684210526
uniform_h4096,38,30,82.71028037383178,214,177,7.009345794392516,-7.009345794392516
uniform_h4096,38,31,82.45614035087719,114,94,8.771929824561411,-8.771929824561411
uniform_h4096,38,32,81.55339805825243,103,84,7.7669902912621325,-7.7669902912621325
uniform_h4096,38,33,81.98198198198199,111,91,7.207207207207205,-7.207207207207205
uniform_h4096,38,34,81.42857142857143,70,57,10.0,-10.0
uniform_h4096,38,35,84.39716312056737,141,119,4.964539007092199,-4.964539007092199
uniform_h4096,38,36,90.25974025974025,154,139,7.79220779220779,-7.79220779220779
uniform_h4096,38,37,80.2547770700637,157,126,8.280254777070056,-8.280254777070056
uniform_h4096,38,38,95.1048951048951,143,136,,
uniform_h4096,39,1,81.35593220338983,118,96,13.559322033898312,-13.559322033898312
uniform_h4096,39,2,85.38461538461539,130,111,6.92307692307692,-2.3076923076923066
uniform_h4096,39,3,78.76712328767124,146,115,10.273972602739718,-9.589041095890408
uniform_h4096,39,4,83.52272727272727,176,147,9.090909090909093,-9.090909090909093
uniform_h4096,39,5,79.6875,128,102,10.9375,-10.9375
uniform_h4096,39,6,81.66666666666667,120,98,9.166666666666657,-9.166666666666657
uniform_h4096,39,7,75.65217391304348,115,87,15.65217391304347,-14.782608695652172
uniform_h4096,39,8,84.9624060150376,133,113,7.5187969924811995,-7.5187969924811995
uniform_h4096,39,9,79.1044776119403,134,106,10.447761194029852,-10.447761194029852
uniform_h4096,39,10,80.43478260869566,138,111,8.695652173913047,-8.695652173913047
uniform_h4096,39,11,88.0,100,88,3.0,-3.0
uniform_h4096,39,12,75.86206896551724,116,88,11.206896551724142,-11.206896551724142
uniform_h4096,39,13,84.25196850393701,127,107,6.2992125984252,-6.2992125984252
uniform_h4096,39,14,84.84848484848484,132,112,8.333333333333343,-8.333333333333343
uniform_h4096,39,15,81.03448275862068,116,94,5.172413793103459,-5.172413793103459
uniform_h4096,39,16,75.18796992481202,133,100,11.278195488721806,-11.278195488721806
uniform_h4096,39,17,81.74603174603175,126,103,11.111111111111114,-11.111111111111114
uniform_h4096,39,18,89.62264150943396,106,95,4.716981132075475,-4.716981132075475
uniform_h4096,39,19,79.81651376146789,109,87,10.091743119266056,-10.091743119266056
uniform_h4096,39,20,73.26732673267327,101,74,10.89108910891089,-10.89108910891089
uniform_h4096,39,21,81.94444444444444,144,118,11.111111111111114,-11.111111111111114
uniform_h4096,39,22,78.33333333333333,120,94,7.5,-7.5
uniform_h4096,39,23,74.35897435897436,117,87,12.820512820512818,-12.820512820512818
uniform_h4096,39,24,63.95348837209303,86,55,22.093023255813954,-22.093023255813954
uniform_h4096,39,25,76.92307692307692,65,50,7.692307692307693,-7.692307692307693
uniform_h4096,39,26,83.73983739837398,123,103,10.569105691056919,-10.569105691056919
uniform_h4096,39,27,80.53097345132744,113,91,7.964601769911496,-7.964601769911496
uniform_h4096,39,28,86.27450980392157,102,88,1.9607843137254832,-1.9607843137254832
uniform_h4096,39,29,76.3157894736842,114,87,7.017543859649123,-7.017543859649123
uniform_h4096,39,30,81.30841121495327,214,174,8.411214953271028,-8.411214953271028
uniform_h4096,39,31,82.45614035087719,114,94,8.771929824561411,-8.771929824561411
uniform_h4096,39,32,75.72815533980582,103,78,13.592233009708735,-13.592233009708735
uniform_h4096,39,33,81.08108108108108,111,90,8.108108108108112,-8.108108108108112
uniform_h4096,39,34,77.14285714285714,70,54,14.285714285714292,-14.285714285714292
uniform_h4096,39,35,84.39716312056737,141,119,4.964539007092199,-4.964539007092199
uniform_h4096,39,36,88.31168831168831,154,136,9.74025974025973,-9.74025974025973
uniform_h4096,39,37,78.34394904458598,157,123,10.191082802547768,-10.191082802547768
uniform_h4096,39,38,92.3076923076923,143,132,2.7972027972028,-2.7972027972028
uniform_h4096,39,39,92.10526315789474,114,105,,
uniform_h4096,40,1,78.8135593220339,118,93,16.101694915254242,-16.101694915254242
uniform_h4096,40,2,84.61538461538461,130,110,7.692307692307693,-3.07692307692308
uniform_h4096,40,3,78.08219178082192,146,114,10.958904109589042,-10.273972602739732
uniform_h4096,40,4,84.6590909090909,176,149,7.954545454545453,-7.954545454545453
uniform_h4096,40,5,81.25,128,104,9.375,-9.375
uniform_h4096,40,6,81.66666666666667,120,98,9.166666666666657,-9.166666666666657
uniform_h4096,40,7,78.26086956521739,115,90,13.043478260869563,-12.173913043478265
uniform_h4096,40,8,85.71428571428571,133,114,6.766917293233092,-6.766917293233092
uniform_h4096,40,9,76.11940298507463,134,102,13.43283582089552,-13.43283582089552
uniform_h4096,40,10,81.15942028985508,138,112,7.971014492753625,-7.971014492753625
uniform_h4096,40,11,81.0,100,81,10.0,-10.0
uniform_h4096,40,12,73.27586206896552,116,85,13.793103448275858,-13.793103448275858
uniform_h4096,40,13,84.25196850393701,127,107,6.2992125984252,-6.2992125984252
uniform_h4096,40,14,83.33333333333333,132,110,9.848484848484858,-9.848484848484858
uniform_h4096,40,15,79.3103448275862,116,92,6.896551724137936,-6.896551724137936
uniform_h4096,40,16,74.43609022556392,133,99,12.030075187969913,-12.030075187969913
uniform_h4096,40,17,78.57142857142857,126,99,14.285714285714292,-14.285714285714292
uniform_h4096,40,18,90.56603773584905,106,96,3.7735849056603854,-3.7735849056603854
uniform_h4096,40,19,80.73394495412845,109,88,9.174311926605498,-9.174311926605498
uniform_h4096,40,20,73.26732673267327,101,74,10.89108910891089,-10.89108910891089
uniform_h4096,40,21,84.72222222222223,144,122,8.333333333333329,-8.333333333333329
uniform_h4096,40,22,80.83333333333333,120,97,5.0,-5.0
uniform_h4096,40,23,76.06837606837607,117,89,11.111111111111114,-11.111111111111114
uniform_h4096,40,24,65.11627906976744,86,56,20.930232558139537,-20.930232558139537
uniform_h4096,40,25,75.38461538461539,65,49,9.230769230769226,-9.230769230769226
uniform_h4096,40,26,83.73983739837398,123,103,10.569105691056919,-10.569105691056919
uniform_h4096,40,27,80.53097345132744,113,91,7.964601769911496,-7.964601769911496
uniform_h4096,40,28,83.33333333333333,102,85,4.901960784313729,-4.901960784313729
uniform_h4096,40,29,72.80701754385964,114,83,10.526315789473685,-10.526315789473685
uniform_h4096,40,30,83.64485981308411,214,179,6.074766355140184,-6.074766355140184
uniform_h4096,40,31,81.57894736842105,114,93,9.649122807017548,-9.649122807017548
uniform_h4096,40,32,77.66990291262135,103,80,11.650485436893206,-11.650485436893206
uniform_h4096,40,33,81.98198198198199,111,91,7.207207207207205,-7.207207207207205
uniform_h4096,40,34,81.42857142857143,70,57,10.0,-10.0
uniform_h4096,40,35,83.68794326241135,141,118,5.673758865248217,-5.673758865248217
uniform_h4096,40,36,92.20779220779221,154,142,5.844155844155836,-5.844155844155836
uniform_h4096,40,37,82.80254777070064,157,130,5.73248407643311,-5.73248407643311
uniform_h4096,40,38,92.3076923076923,143,132,2.7972027972028,-2.7972027972028
uniform_h4096,40,39,83.33333333333333,114,95,8.771929824561411,-8.771929824561411
uniform_h4096,40,40,92.02898550724638,138,127,,
uniform_h4096,41,1,78.8135593220339,118,93,16.101694915254242,-16.101694915254242
uniform_h4096,41,2,86.15384615384616,130,112,6.153846153846146,-1.538461538461533
uniform_h4096,41,3,76.71232876712328,146,112,12.328767123287676,-11.643835616438366
uniform_h4096,41,4,83.52272727272727,176,147,9.090909090909093,-9.090909090909093
uniform_h4096,41,5,81.25,128,104,9.375,-9.375
uniform_h4096,41,6,82.5,120,99,8.333333333333329,-8.333333333333329
uniform_h4096,41,7,82.6086956521739,115,95,8.695652173913047,-7.826086956521749
uniform_h4096,41,8,85.71428571428571,133,114,6.766917293233092,-6.766917293233092
uniform_h4096,41,9,72.38805970149254,134,97,17.16417910447761,-17.16417910447761
uniform_h4096,41,10,83.33333333333333,138,115,5.797101449275374,-5.797101449275374
uniform_h4096,41,11,84.0,100,84,7.0,-7.0
uniform_h4096,41,12,67.24137931034483,116,78,19.827586206896555,-19.827586206896555
uniform_h4096,41,13,81.88976377952756,127,104,8.661417322834652,-8.661417322834652
uniform_h4096,41,14,85.60606060606061,132,113,7.575757575757578,-7.575757575757578
uniform_h4096,41,15,78.44827586206897,116,91,7.758620689655174,-7.758620689655174
uniform_h4096,41,16,75.18796992481202,133,100,11.278195488721806,-11.278195488721806
uniform_h4096,41,17,80.95238095238095,126,102,11.904761904761912,-11.904761904761912
uniform_h4096,41,18,91.50943396226415,106,97,2.830188679245282,-2.830188679245282
uniform_h4096,41,19,78.89908256880734,109,86,11.0091743119266,-11.0091743119266
uniform_h4096,41,20,71.2871287128713,101,72,12.871287128712865,-12.871287128712865
uniform_h4096,41,21,86.11111111111111,144,124,6.944444444444443,-6.944444444444443
uniform_h4096,41,22,80.83333333333333,120,97,5.0,-5.0
uniform_h4096,41,23,78.63247863247864,117,92,8.547008547008545,-8.547008547008545
uniform_h4096,41,24,67.44186046511628,86,58,18.604651162790702,-18.604651162790702
uniform_h4096,41,25,69.23076923076923,65,45,15.384615384615387,-15.384615384615387
uniform_h4096,41,26,81.30081300813008,123,100,13.00813008130082,-13.00813008130082
uniform_h4096,41,27,77.87610619469027,113,88,10.619469026548671,-10.619469026548671
uniform_h4096,41,28,86.27450980392157,102,88,1.9607843137254832,-1.9607843137254832
uniform_h4096,41,29,76.3157894736842,114,87,7.017543859649123,-7.017543859649123
uniform_h4096,41,30,83.64485981308411,214,179,6.074766355140184,-6.074766355140184
uniform_h4096,41,31,81.57894736842105,114,93,9.649122807017548,-9.649122807017548
uniform_h4096,41,32,78.64077669902913,103,81,10.679611650485427,-10.679611650485427
uniform_h4096,41,33,82.88288288288288,111,92,6.306306306306311,-6.306306306306311
uniform_h4096,41,34,78.57142857142857,70,55,12.857142857142861,-12.857142857142861
uniform_h4096,41,35,84.39716312056737,141,119,4.964539007092199,-4.964539007092199
uniform_h4096,41,36,92.85714285714286,154,143,5.194805194805184,-5.194805194805184
uniform_h4096,41,37,82.80254777070064,157,130,5.73248407643311,-5.73248407643311
uniform_h4096,41,38,89.5104895104895,143,128,5.5944055944056,-5.5944055944056
uniform_h4096,41,39,84.21052631578948,114,96,7.89473684210526,-7.89473684210526
uniform_h4096,41,40,81.8840579710145,138,113,10.144927536231876,-10.144927536231876
uniform_h4096,41,41,87.83783783783784,74,65,,
uniform_h4096,42,1,77.11864406779661,118,91,17.79661016949153,-17.79661016949153
uniform_h4096,42,2,86.15384615384616,130,112,6.153846153846146,-1.538461538461533
uniform_h4096,42,3,79.45205479452055,146,116,9.589041095890408,-8.904109589041099
uniform_h4096,42,4,82.95454545454545,176,146,9.659090909090907,-9.659090909090907
uniform_h4096,42,5,81.25,128,104,9.375,-9.375
uniform_h4096,42,6,82.5,120,99,8.333333333333329,-8.333333333333329
uniform_h4096,42,7,80.8695652173913,115,93,10.434782608695656,-9.565217391304358
uniform_h4096,42,8,84.9624060150376,133,113,7.5187969924811995,-7.5187969924811995
uniform_h4096,42,9,76.86567164179104,134,103,12.68656716417911,-12.68656716417911
uniform_h4096,42,10,78.98550724637681,138,109,10.14492753623189,-10.14492753623189
uniform_h4096,42,11,82.0,100,82,9.0,-9.0
uniform_h4096,42,12,68.96551724137932,116,80,18.103448275862064,-18.103448275862064
uniform_h4096,42,13,80.31496062992126,127,102,10.236220472440948,-10.236220472440948
uniform_h4096,42,14,81.81818181818181,132,108,11.363636363636374,-11.363636363636374
uniform_h4096,42,15,79.3103448275862,116,92,6.896551724137936,-6.896551724137936
uniform_h4096,42,16,72.93233082706767,133,97,13.533834586466156,-13.533834586466156
uniform_h4096,42,17,78.57142857142857,126,99,14.285714285714292,-14.285714285714292
uniform_h4096,42,18,88.67924528301887,106,94,5.660377358490564,-5.660377358490564
uniform_h4096,42,19,78.89908256880734,109,86,11.0091743119266,-11.0091743119266
uniform_h4096,42,20,71.2871287128713,101,72,12.871287128712865,-12.871287128712865
uniform_h4096,42,21,84.02777777777777,144,121,9.027777777777786,-9.027777777777786
uniform_h4096,42,22,84.16666666666667,120,101,1.6666666666666572,-1.6666666666666572
uniform_h4096,42,23,73.5042735042735,117,86,13.675213675213683,-13.675213675213683
uniform_h4096,42,24,63.95348837209303,86,55,22.093023255813954,-22.093023255813954
uniform_h4096,42,25,75.38461538461539,65,49,9.230769230769226,-9.230769230769226
uniform_h4096,42,26,82.92682926829268,123,102,11.38211382113822,-11.38211382113822
uniform_h4096,42,27,77.87610619469027,113,88,10.619469026548671,-10.619469026548671
uniform_h4096,42,28,85.29411764705883,102,87,2.941176470588232,-2.941176470588232
uniform_h4096,42,29,76.3157894736842,114,87,7.017543859649123,-7.017543859649123
uniform_h4096,42,30,84.57943925233644,214,181,5.140186915887853,-5.140186915887853
uniform_h4096,42,31,80.70175438596492,114,92,10.526315789473685,-10.526315789473685
uniform_h4096,42,32,76.69902912621359,103,79,12.62135922330097,-12.62135922330097
uniform_h4096,42,33,81.98198198198199,111,91,7.207207207207205,-7.207207207207205
uniform_h4096,42,34,80.0,70,56,11.42857142857143,-11.42857142857143
uniform_h4096,42,35,84.39716312056737,141,119,4.964539007092199,-4.964539007092199
uniform_h4096,42,36,92.85714285714286,154,143,5.194805194805184,-5.194805194805184
uniform_h4096,42,37,78.98089171974522,157,124,9.554140127388536,-9.554140127388536
uniform_h4096,42,38,90.9090909090909,143,130,4.1958041958042,-4.1958041958042
uniform_h4096,42,39,82.45614035087719,114,94,9.649122807017548,-9.649122807017548
uniform_h4096,42,40,81.15942028985508,138,112,10.869565217391298,-10.869565217391298
uniform_h4096,42,41,71.62162162162163,74,53,16.21621621621621,-16.21621621621621
uniform_h4096,42,42,86.76470588235294,136,118,,
uniform_h4096,43,1,77.11864406779661,118,91,17.79661016949153,-17.79661016949153
uniform_h4096,43,2,87.6923076923077,130,114,4.615384615384613,0.0
uniform_h4096,43,3,78.08219178082192,146,114,10.958904109589042,-10.273972602739732
uniform_h4096,43,4,85.22727272727273,176,150,7.386363636363626,-7.386363636363626
uniform_h4096,43,5,82.8125,128,106,7.8125,-7.8125
uniform_h4096,43,6,83.33333333333333,120,100,7.5,-7.5
uniform_h4096,43,7,73.04347826086956,115,84,18.26086956521739,-17.391304347826093
uniform_h4096,43,8,85.71428571428571,133,114,6.766917293233092,-6.766917293233092
uniform_h4096,43,9,78.35820895522389,134,105,11.194029850746261,-11.194029850746261
uniform_h4096,43,10,78.26086956521739,138,108,10.869565217391312,-10.869565217391312
uniform_h4096,43,11,81.0,100,81,10.0,-10.0
uniform_h4096,43,12,73.27586206896552,116,85,13.793103448275858,-13.793103448275858
uniform_h4096,43,13,81.10236220472441,127,103,9.448818897637793,-9.448818897637793
uniform_h4096,43,14,84.84848484848484,132,112,8.333333333333343,-8.333333333333343
uniform_h4096,43,15,78.44827586206897,116,91,7.758620689655174,-7.758620689655174
uniform_h4096,43,16,72.93233082706767,133,97,13.533834586466156,-13.533834586466156
uniform_h4096,43,17,79.36507936507937,126,100,13.492063492063494,-13.492063492063494
uniform_h4096,43,18,88.67924528301887,106,94,5.660377358490564,-5.660377358490564
uniform_h4096,43,19,79.81651376146789,109,87,10.091743119266056,-10.091743119266056
uniform_h4096,43,20,74.25742574257426,101,75,9.900990099009903,-9.900990099009903
uniform_h4096,43,21,85.41666666666667,144,123,7.638888888888886,-7.638888888888886
uniform_h4096,43,22,82.5,120,99,3.3333333333333286,-3.3333333333333286
uniform_h4096,43,23,73.5042735042735,117,86,13.675213675213683,-13.675213675213683
uniform_h4096,43,24,66.27906976744185,86,57,19.767441860465127,-19.767441860465127
uniform_h4096,43,25,78.46153846153847,65,51,6.153846153846146,-6.153846153846146
uniform_h4096,43,26,82.92682926829268,123,102,11.38211382113822,-11.38211382113822
uniform_h4096,43,27,77.87610619469027,113,88,10.619469026548671,-10.619469026548671
uniform_h4096,43,28,84.31372549019608,102,86,3.9215686274509807,-3.9215686274509807
uniform_h4096,43,29,74.56140350877193,114,85,8.771929824561397,-8.771929824561397
uniform_h4096,43,30,82.24299065420561,214,176,7.476635514018682,-7.476635514018682
uniform_h4096,43,31,80.70175438596492,114,92,10.526315789473685,-10.526315789473685
uniform_h4096,43,32,77.66990291262135,103,80,11.650485436893206,-11.650485436893206
uniform_h4096,43,33,78.37837837837837,111,87,10.810810810810821,-10.810810810810821
uniform_h4096,43,34,80.0,70,56,11.42857142857143,-11.42857142857143
uniform_h4096,43,35,83.68794326241135,141,118,5.673758865248217,-5.673758865248217
uniform_h4096,43,36,93.50649350649351,154,144,4.5454545454545325,-4.5454545454545325
uniform_h4096,43,37,79.61783439490446,157,125,8.917197452229289,-8.917197452229289
uniform_h4096,43,38,90.20979020979021,143,129,4.895104895104893,-4.895104895104893
uniform_h4096,43,39,79.82456140350877,114,91,12.280701754385973,-12.280701754385973
uniform_h4096,43,40,79.71014492753623,138,110,12.318840579710141,-12.318840579710141
uniform_h4096,43,41,77.02702702702703,74,57,10.810810810810807,-10.810810810810807
uniform_h4096,43,42,75.73529411764706,136,103,11.029411764705884,-11.029411764705884
uniform_h4096,43,43,85.41666666666667,96,82,,
uniform_h4096,44,1,79.66101694915254,118,94,15.254237288135599,-15.254237288135599
uniform_h4096,44,2,76.92307692307692,130,100,15.384615384615387,-10.769230769230774
uniform_h4096,44,3,77.3972602739726,146,113,11.643835616438352,-10.958904109589042
uniform_h4096,44,4,86.93181818181819,176,153,5.681818181818173,-5.681818181818173
uniform_h4096,44,5,80.46875,128,103,10.15625,-10.15625
uniform_h4096,44,6,82.5,120,99,8.333333333333329,-8.333333333333329
uniform_h4096,44,7,78.26086956521739,115,90,13.043478260869563,-12.173913043478265
uniform_h4096,44,8,85.71428571428571,133,114,6.766917293233092,-6.766917293233092
uniform_h4096,44,9,75.3731343283582,134,101,14.179104477611943,-14.179104477611943
uniform_h4096,44,10,78.26086956521739,138,108,10.869565217391312,-10.869565217391312
uniform_h4096,44,11,81.0,100,81,10.0,-10.0
uniform_h4096,44,12,70.6896551724138,116,82,16.379310344827587,-16.379310344827587
uniform_h4096,44,13,82.67716535433071,127,105,7.874015748031496,-7.874015748031496
uniform_h4096,44,14,81.81818181818181,132,108,11.363636363636374,-11.363636363636374
uniform_h4096,44,15,77.58620689655173,116,90,8.620689655172413,-8.620689655172413
uniform_h4096,44,16,74.43609022556392,133,99,12.030075187969913,-12.030075187969913
uniform_h4096,44,17,81.74603174603175,126,103,11.111111111111114,-11.111111111111114
uniform_h4096,44,18,89.62264150943396,106,95,4.716981132075475,-4.716981132075475
uniform_h4096,44,19,81.65137614678899,109,89,8.256880733944953,-8.256880733944953
uniform_h4096,44,20,76.23762376237623,101,77,7.920792079207928,-7.920792079207928
uniform_h4096,44,21,85.41666666666667,144,123,7.638888888888886,-7.638888888888886
uniform_h4096,44,22,80.83333333333333,120,97,5.0,-5.0
uniform_h4096,44,23,75.21367521367522,117,88,11.965811965811966,-11.965811965811966
uniform_h4096,44,24,68.6046511627907,86,59,17.441860465116278,-17.441860465116278
uniform_h4096,44,25,75.38461538461539,65,49,9.230769230769226,-9.230769230769226
uniform_h4096,44,26,82.92682926829268,123,102,11.38211382113822,-11.38211382113822
uniform_h4096,44,27,80.53097345132744,113,91,7.964601769911496,-7.964601769911496
uniform_h4096,44,28,84.31372549019608,102,86,3.9215686274509807,-3.9215686274509807
uniform_h4096,44,29,75.43859649122807,114,86,7.89473684210526,-7.89473684210526
uniform_h4096,44,30,84.57943925233644,214,181,5.140186915887853,-5.140186915887853
uniform_h4096,44,31,80.70175438596492,114,92,10.526315789473685,-10.526315789473685
uniform_h4096,44,32,76.69902912621359,103,79,12.62135922330097,-12.62135922330097
uniform_h4096,44,33,80.18018018018019,111,89,9.009009009009006,-9.009009009009006
uniform_h4096,44,34,80.0,70,56,11.42857142857143,-11.42857142857143
uniform_h4096,44,35,84.39716312056737,141,119,4.964539007092199,-4.964539007092199
uniform_h4096,44,36,91.55844155844156,154,141,6.493506493506487,-6.493506493506487
uniform_h4096,44,37,77.07006369426752,157,121,11.464968152866234,-11.464968152866234
uniform_h4096,44,38,90.20979020979021,143,129,4.895104895104893,-4.895104895104893
uniform_h4096,44,39,82.45614035087719,114,94,9.649122807017548,-9.649122807017548
uniform_h4096,44,40,86.23188405797102,138,119,5.79710144927536,-5.79710144927536
uniform_h4096,44,41,72.97297297297297,74,54,14.86486486486487,-14.86486486486487
uniform_h4096,44,42,75.73529411764706,136,103,11.029411764705884,-11.029411764705884
uniform_h4096,44,43,77.08333333333333,96,74,8.333333333333343,-8.333333333333343
uniform_h4096,44,44,89.04109589041096,73,65,,
uniform_h4096,45,1,80.50847457627118,118,95,14.406779661016955,-14.406779661016955
uniform_h4096,45,2,84.61538461538461,130,110,7.692307692307693,-3.07692307692308
uniform_h4096,45,3,77.3972602739726,146,113,11.643835616438352,-10.958904109589042
uniform_h4096,45,4,85.79545454545455,176,151,6.818181818181813,-6.818181818181813
uniform_h4096,45,5,76.5625,128,98,14.0625,-14.0625
uniform_h4096,45,6,83.33333333333333,120,100,7.5,-7.5
uniform_h4096,45,7,80.0,115,92,11.304347826086953,-10.434782608695656
uniform_h4096,45,8,85.71428571428571,133,114,6.766917293233092,-6.766917293233092
uniform_h4096,45,9,71.64179104477611,134,96,17.910447761194035,-17.910447761194035
uniform_h4096,45,10,81.8840579710145,138,113,7.246376811594203,-7.246376811594203
uniform_h4096,45,11,81.0,100,81,10.0,-10.0
uniform_h4096,45,12,72.41379310344827,116,84,14.65517241379311,-14.65517241379311
uniform_h4096,45,13,81.10236220472441,127,103,9.448818897637793,-9.448818897637793
uniform_h4096,45,14,84.0909090909091,132,111,9.090909090909093,-9.090909090909093
uniform_h4096,45,15,76.72413793103448,116,89,9.482758620689665,-9.482758620689665
uniform_h4096,45,16,73.6842105263158,133,98,12.781954887218035,-12.781954887218035
uniform_h4096,45,17,80.15873015873017,126,101,12.698412698412696,-12.698412698412696
uniform_h4096,45,18,90.56603773584905,106,96,3.7735849056603854,-3.7735849056603854
uniform_h4096,45,19,77.06422018348624,109,84,12.844036697247702,-12.844036697247702
uniform_h4096,45,20,74.25742574257426,101,75,9.900990099009903,-9.900990099009903
uniform_h4096,45,21,84.72222222222223,144,122,8.333333333333329,-8.333333333333329
uniform_h4096,45,22,81.66666666666667,120,98,4.166666666666657,-4.166666666666657
uniform_h4096,45,23,76.92307692307692,117,90,10.256410256410263,-10.256410256410263
uniform_h4096,45,24,66.27906976744185,86,57,19.767441860465127,-19.767441860465127
uniform_h4096,45,25,72.3076923076923,65,47,12.307692307692307,-12.307692307692307
uniform_h4096,45,26,80.48780487804878,123,99,13.82113821138212,-13.82113821138212
uniform_h4096,45,27,80.53097345132744,113,91,7.964601769911496,-7.964601769911496
uniform_h4096,45,28,83.33333333333333,102,85,4.901960784313729,-4.901960784313729
uniform_h4096,45,29,72.80701754385964,114,83,10.526315789473685,-10.526315789473685
uniform_h4096,45,30,84.11214953271028,214,180,5.607476635514018,-5.607476635514018
uniform_h4096,45,31,82.45614035087719,114,94,8.771929824561411,-8.771929824561411
uniform_h4096,45,32,73.7864077669903,103,76,15.533980582524265,-15.533980582524265
uniform_h4096,45,33,79.27927927927928,111,88,9.909909909909913,-9.909909909909913
uniform_h4096,45,34,81.42857142857143,70,57,10.0,-10.0
uniform_h4096,45,35,84.39716312056737,141,119,4.964539007092199,-4.964539007092199
uniform_h4096,45,36,91.55844155844156,154,141,6.493506493506487,-6.493506493506487
uniform_h4096,45,37,80.2547770700637,157,126,8.280254777070056,-8.280254777070056
uniform_h4096,45,38,90.20979020979021,143,129,4.895104895104893,-4.895104895104893
uniform_h4096,45,39,81.57894736842105,114,93,10.526315789473685,-10.526315789473685
uniform_h4096,45,40,84.05797101449275,138,116,7.971014492753625,-7.971014492753625
uniform_h4096,45,41,74.32432432432432,74,55,13.513513513513516,-13.513513513513516
uniform_h4096,45,42,74.26470588235294,136,101,12.5,-12.5
uniform_h4096,45,43,71.875,96,69,13.541666666666671,-13.541666666666671
uniform_h4096,45,44,84.93150684931507,73,62,4.109589041095887,-4.109589041095887
uniform_h4096,45,45,94.28571428571429,105,99,,
uniform_h4096,46,1,82.20338983050847,118,97,12.711864406779668,-12.711864406779668
uniform_h4096,46,2,80.76923076923077,130,105,11.538461538461533,-6.92307692307692
uniform_h4096,46,3,78.76712328767124,146,115,10.273972602739718,-9.589041095890408
uniform_h4096,46,4,86.93181818181819,176,153,5.681818181818173,-5.681818181818173
uniform_h4096,46,5,79.6875,128,102,10.9375,-10.9375
uniform_h4096,46,6,78.33333333333333,120,94,12.5,-12.5
uniform_h4096,46,7,78.26086956521739,115,90,13.043478260869563,-12.173913043478265
uniform_h4096,46,8,85.71428571428571,133,114,6.766917293233092,-6.766917293233092
uniform_h4096,46,9,70.14925373134328,134,94,19.40298507462687,-19.40298507462687
uniform_h4096,46,10,81.8840579710145,138,113,7.246376811594203,-7.246376811594203
uniform_h4096,46,11,82.0,100,82,9.0,-9.0
uniform_h4096,46,12,75.0,116,87,12.06896551724138,-12.06896551724138
uniform_h4096,46,13,83.46456692913385,127,106,7.086614173228355,-7.086614173228355
uniform_h4096,46,14,82.57575757575758,132,109,10.606060606060609,-10.606060606060609
uniform_h4096,46,15,78.44827586206897,116,91,7.758620689655174,-7.758620689655174
uniform_h4096,46,16,73.6842105263158,133,98,12.781954887218035,-12.781954887218035
uniform_h4096,46,17,79.36507936507937,126,100,13.492063492063494,-13.492063492063494
uniform_h4096,46,18,88.67924528301887,106,94,5.660377358490564,-5.660377358490564
uniform_h4096,46,19,76.14678899082568,109,83,13.76146788990826,-13.76146788990826
uniform_h4096,46,20,76.23762376237623,101,77,7.920792079207928,-7.920792079207928
uniform_h4096,46,21,83.33333333333333,144,120,9.722222222222229,-9.722222222222229
uniform_h4096,46,22,81.66666666666667,120,98,4.166666666666657,-4.166666666666657
uniform_h4096,46,23,76.92307692307692,117,90,10.256410256410263,-10.256410256410263
uniform_h4096,46,24,66.27906976744185,86,57,19.767441860465127,-19.767441860465127
uniform_h4096,46,25,70.76923076923077,65,46,13.84615384615384,-13.84615384615384
uniform_h4096,46,26,82.92682926829268,123,102,11.38211382113822,-11.38211382113822
uniform_h4096,46,27,80.53097345132744,113,91,7.964601769911496,-7.964601769911496
uniform_h4096,46,28,84.31372549019608,102,86,3.9215686274509807,-3.9215686274509807
uniform_h4096,46,29,72.80701754385964,114,83,10.526315789473685,-10.526315789473685
uniform_h4096,46,30,81.77570093457943,214,175,7.943925233644862,-7.943925233644862
uniform_h4096,46,31,81.57894736842105,114,93,9.649122807017548,-9.649122807017548
uniform_h4096,46,32,76.69902912621359,103,79,12.62135922330097,-12.62135922330097
uniform_h4096,46,33,81.08108108108108,111,90,8.108108108108112,-8.108108108108112
uniform_h4096,46,34,80.0,70,56,11.42857142857143,-11.42857142857143
uniform_h4096,46,35,83.68794326241135,141,118,5.673758865248217,-5.673758865248217
uniform_h4096,46,36,92.85714285714286,154,143,5.194805194805184,-5.194805194805184
uniform_h4096,46,37,81.52866242038216,157,128,7.00636942675159,-7.00636942675159
uniform_h4096,46,38,88.81118881118881,143,127,6.293706293706293,-6.293706293706293
uniform_h4096,46,39,82.45614035087719,114,94,9.649122807017548,-9.649122807017548
uniform_h4096,46,40,83.33333333333333,138,115,8.695652173913047,-8.695652173913047
uniform_h4096,46,41,74.32432432432432,74,55,13.513513513513516,-13.513513513513516
uniform_h4096,46,42,75.0,136,102,11.764705882352942,-11.764705882352942
uniform_h4096,46,43,73.95833333333333,96,71,11.458333333333343,-11.458333333333343
uniform_h4096,46,44,80.82191780821918,73,59,8.219178082191775,-8.219178082191775
uniform_h4096,46,45,90.47619047619048,105,95,3.80952380952381,-3.80952380952381
uniform_h4096,46,46,88.18897637795276,127,112,,
uniform_h4096,47,1,77.11864406779661,118,91,17.79661016949153,-17.79661016949153
uniform_h4096,47,2,85.38461538461539,130,111,6.92307692307692,-2.3076923076923066
uniform_h4096,47,3,80.13698630136986,146,117,8.904109589041099,-8.219178082191789
uniform_h4096,47,4,84.0909090909091,176,148,8.522727272727266,-8.522727272727266
uniform_h4096,47,5,74.21875,128,95,16.40625,-16.40625
uniform_h4096,47,6,83.33333333333333,120,100,7.5,-7.5
uniform_h4096,47,7,76.52173913043478,115,88,14.782608695652172,-13.913043478260875
uniform_h4096,47,8,81.95488721804512,133,109,10.526315789473685,-10.526315789473685
uniform_h4096,47,9,75.3731343283582,134,101,14.179104477611943,-14.179104477611943
uniform_h4096,47,10,79.71014492753623,138,110,9.420289855072468,-9.420289855072468
uniform_h4096,47,11,78.0,100,78,13.0,-13.0
uniform_h4096,47,12,72.41379310344827,116,84,14.65517241379311,-14.65517241379311
uniform_h4096,47,13,82.67716535433071,127,105,7.874015748031496,-7.874015748031496
uniform_h4096,47,14,81.81818181818181,132,108,11.363636363636374,-11.363636363636374
uniform_h4096,47,15,76.72413793103448,116,89,9.482758620689665,-9.482758620689665
uniform_h4096,47,16,74.43609022556392,133,99,12.030075187969913,-12.030075187969913
uniform_h4096,47,17,79.36507936507937,126,100,13.492063492063494,-13.492063492063494
uniform_h4096,47,18,89.62264150943396,106,95,4.716981132075475,-4.716981132075475
uniform_h4096,47,19,78.89908256880734,109,86,11.0091743119266,-11.0091743119266
uniform_h4096,47,20,73.26732673267327,101,74,10.89108910891089,-10.89108910891089
uniform_h4096,47,21,84.72222222222223,144,122,8.333333333333329,-8.333333333333329
uniform_h4096,47,22,83.33333333333333,120,100,2.5,-2.5
uniform_h4096,47,23,72.64957264957265,117,85,14.529914529914535,-14.529914529914535
uniform_h4096,47,24,67.44186046511628,86,58,18.604651162790702,-18.604651162790702
uniform_h4096,47,25,72.3076923076923,65,47,12.307692307692307,-12.307692307692307
uniform_h4096,47,26,80.48780487804878,123,99,13.82113821138212,-13.82113821138212
uniform_h4096,47,27,75.22123893805309,113,85,13.274336283185846,-13.274336283185846
uniform_h4096,47,28,84.31372549019608,102,86,3.9215686274509807,-3.9215686274509807
uniform_h4096,47,29,74.56140350877193,114,85,8.771929824561397,-8.771929824561397
uniform_h4096,47,30,85.51401869158879,214,183,4.205607476635507,-4.205607476635507
uniform_h4096,47,31,82.45614035087719,114,94,8.771929824561411,-8.771929824561411
uniform_h4096,47,32,71.84466019417475,103,74,17.47572815533981,-17.47572815533981
uniform_h4096,47,33,79.27927927927928,111,88,9.909909909909913,-9.909909909909913
uniform_h4096,47,34,80.0,70,56,11.42857142857143,-11.42857142857143
uniform_h4096,47,35,85.1063829787234,141,120,4.255319148936167,-4.255319148936167
uniform_h4096,47,36,94.15584415584415,154,145,3.896103896103895,-3.896103896103895
uniform_h4096,47,37,78.34394904458598,157,123,10.191082802547768,-10.191082802547768
uniform_h4096,47,38,89.5104895104895,143,128,5.5944055944056,-5.5944055944056
uniform_h4096,47,39,84.21052631578948,114,96,7.89473684210526,-7.89473684210526
uniform_h4096,47,40,84.78260869565217,138,117,7.246376811594203,-7.246376811594203
uniform_h4096,47,41,72.97297297297297,74,54,14.86486486486487,-14.86486486486487
uniform_h4096,47,42,74.26470588235294,136,101,12.5,-12.5
uniform_h4096,47,43,72.91666666666667,96,70,12.5,-12.5
uniform_h4096,47,44,78.08219178082192,73,57,10.958904109589042,-10.958904109589042
uniform_h4096,47,45,91.42857142857143,105,96,2.857142857142861,-2.857142857142861
uniform_h4096,47,46,80.31496062992126,127,102,7.874015748031496,-7.874015748031496
uniform_h4096,47,47,86.72566371681415,113,98,,
uniform_h4096,48,1,82.20338983050847,118,97,12.711864406779668,-12.711864406779668
uniform_h4096,48,2,78.46153846153847,130,102,13.84615384615384,-9.230769230769226
uniform_h4096,48,3,78.76712328767124,146,115,10.273972602739718,-9.589041095890408
uniform_h4096,48,4,80.11363636363636,176,141,12.5,-12.5
uniform_h4096,48,5,78.90625,128,101,11.71875,-11.71875
uniform_h4096,48,6,85.0,120,102,5.833333333333329,-5.833333333333329
uniform_h4096,48,7,77.3913043478261,115,89,13.91304347826086,-13.043478260869563
uniform_h4096,48,8,72.18045112781955,133,96,20.30075187969925,-20.30075187969925
uniform_h4096,48,9,80.59701492537313,134,108,8.955223880597018,-8.955223880597018
uniform_h4096,48,10,77.53623188405797,138,107,11.594202898550733,-11.594202898550733
uniform_h4096,48,11,77.0,100,77,14.0,-14.0
uniform_h4096,48,12,71.55172413793103,116,83,15.517241379310349,-15.517241379310349
uniform_h4096,48,13,81.88976377952756,127,104,8.661417322834652,-8.661417322834652
uniform_h4096,48,14,84.0909090909091,132,111,9.090909090909093,-9.090909090909093
uniform_h4096,48,15,75.86206896551724,116,88,10.344827586206904,-10.344827586206904
uniform_h4096,48,16,73.6842105263158,133,98,12.781954887218035,-12.781954887218035
uniform_h4096,48,17,81.74603174603175,126,103,11.111111111111114,-11.111111111111114
uniform_h4096,48,18,88.67924528301887,106,94,5.660377358490564,-5.660377358490564
uniform_h4096,48,19,77.06422018348624,109,84,12.844036697247702,-12.844036697247702
uniform_h4096,48,20,73.26732673267327,101,74,10.89108910891089,-10.89108910891089
uniform_h4096,48,21,84.02777777777777,144,121,9.027777777777786,-9.027777777777786
uniform_h4096,48,22,85.83333333333333,120,103,0.0,0.0
uniform_h4096,48,23,72.64957264957265,117,85,14.529914529914535,-14.529914529914535
uniform_h4096,48,24,68.6046511627907,86,59,17.441860465116278,-17.441860465116278
uniform_h4096,48,25,73.84615384615384,65,48,10.769230769230774,-10.769230769230774
uniform_h4096,48,26,78.04878048780488,123,96,16.26016260162602,-16.26016260162602
uniform_h4096,48,27,78.76106194690266,113,89,9.73451327433628,-9.73451327433628
uniform_h4096,48,28,83.33333333333333,102,85,4.901960784313729,-4.901960784313729
uniform_h4096,48,29,74.56140350877193,114,85,8.771929824561397,-8.771929824561397
uniform_h4096,48,30,83.64485981308411,214,179,6.074766355140184,-6.074766355140184
uniform_h4096,48,31,78.94736842105263,114,90,12.280701754385973,-12.280701754385973
uniform_h4096,48,32,73.7864077669903,103,76,15.533980582524265,-15.533980582524265
uniform_h4096,48,33,81.08108108108108,111,90,8.108108108108112,-8.108108108108112
uniform_h4096,48,34,82.85714285714286,70,58,8.57142857142857,-8.57142857142857
uniform_h4096,48,35,84.39716312056737,141,119,4.964539007092199,-4.964539007092199
uniform_h4096,48,36,91.55844155844156,154,141,6.493506493506487,-6.493506493506487
uniform_h4096,48,37,76.43312101910828,157,120,12.101910828025467,-12.101910828025467
uniform_h4096,48,38,88.81118881118881,143,127,6.293706293706293,-6.293706293706293
uniform_h4096,48,39,83.33333333333333,114,95,8.771929824561411,-8.771929824561411
uniform_h4096,48,40,82.6086956521739,138,114,9.420289855072468,-9.420289855072468
uniform_h4096,48,41,74.32432432432432,74,55,13.513513513513516,-13.513513513513516
uniform_h4096,48,42,77.94117647058823,136,106,8.82352941176471,-8.82352941176471
uniform_h4096,48,43,73.95833333333333,96,71,11.458333333333343,-11.458333333333343
uniform_h4096,48,44,79.45205479452055,73,58,9.589041095890408,-9.589041095890408
uniform_h4096,48,45,89.52380952380952,105,94,4.761904761904773,-4.761904761904773
uniform_h4096,48,46,81.88976377952756,127,104,6.2992125984252,-6.2992125984252
uniform_h4096,48,47,78.76106194690266,113,89,7.964601769911496,-7.964601769911496
uniform_h4096,48,48,84.34782608695652,115,97,,
uniform_h4096,49,1,80.50847457627118,118,95,14.406779661016955,-14.406779661016955
uniform_h4096,49,2,80.0,130,104,12.307692307692307,-7.692307692307693
uniform_h4096,49,3,78.08219178082192,146,114,10.958904109589042,-10.273972602739732
uniform_h4096,49,4,82.38636363636364,176,145,10.22727272727272,-10.22727272727272
uniform_h4096,49,5,78.90625,128,101,11.71875,-11.71875
uniform_h4096,49,6,82.5,120,99,8.333333333333329,-8.333333333333329
uniform_h4096,49,7,79.1304347826087,115,91,12.173913043478251,-11.304347826086953
uniform_h4096,49,8,81.95488721804512,133,109,10.526315789473685,-10.526315789473685
uniform_h4096,49,9,77.61194029850746,134,104,11.940298507462686,-11.940298507462686
uniform_h4096,49,10,79.71014492753623,138,110,9.420289855072468,-9.420289855072468
uniform_h4096,49,11,78.0,100,78,13.0,-13.0
uniform_h4096,49,12,70.6896551724138,116,82,16.379310344827587,-16.379310344827587
uniform_h4096,49,13,80.31496062992126,127,102,10.236220472440948,-10.236220472440948
uniform_h4096,49,14,85.60606060606061,132,113,7.575757575757578,-7.575757575757578
uniform_h4096,49,15,75.0,116,87,11.206896551724142,-11.206896551724142
uniform_h4096,49,16,75.18796992481202,133,100,11.278195488721806,-11.278195488721806
uniform_h4096,49,17,80.95238095238095,126,102,11.904761904761912,-11.904761904761912
uniform_h4096,49,18,88.67924528301887,106,94,5.660377358490564,-5.660377358490564
uniform_h4096,49,19,76.14678899082568,109,83,13.76146788990826,-13.76146788990826
uniform_h4096,49,20,71.2871287128713,101,72,12.871287128712865,-12.871287128712865
uniform_h4096,49,21,81.25,144,117,11.805555555555557,-11.805555555555557
uniform_h4096,49,22,82.5,120,99,3.3333333333333286,-3.3333333333333286
uniform_h4096,49,23,68.37606837606837,117,80,18.803418803418808,-18.803418803418808
uniform_h4096,49,24,69.76744186046511,86,60,16.279069767441868,-16.279069767441868
uniform_h4096,49,25,72.3076923076923,65,47,12.307692307692307,-12.307692307692307
uniform_h4096,49,26,81.30081300813008,123,100,13.00813008130082,-13.00813008130082
uniform_h4096,49,27,76.99115044247787,113,87,11.504424778761063,-11.504424778761063
uniform_h4096,49,28,85.29411764705883,102,87,2.941176470588232,-2.941176470588232
uniform_h4096,49,29,72.80701754385964,114,83,10.526315789473685,-10.526315789473685
uniform_h4096,49,30,85.51401869158879,214,183,4.205607476635507,-4.205607476635507
uniform_h4096,49,31,80.70175438596492,114,92,10.526315789473685,-10.526315789473685
uniform_h4096,49,32,75.72815533980582,103,78,13.592233009708735,-13.592233009708735
uniform_h4096,49,33,80.18018018018019,111,89,9.009009009009006,-9.009009009009006
uniform_h4096,49,34,81.42857142857143,70,57,10.0,-10.0
uniform_h4096,49,35,83.68794326241135,141,118,5.673758865248217,-5.673758865248217
uniform_h4096,49,36,92.20779220779221,154,142,5.844155844155836,-5.844155844155836
uniform_h4096,49,37,77.07006369426752,157,121,11.464968152866234,-11.464968152866234
uniform_h4096,49,38,90.9090909090909,143,130,4.1958041958042,-4.1958041958042
uniform_h4096,49,39,82.45614035087719,114,94,9.649122807017548,-9.649122807017548
uniform_h4096,49,40,80.43478260869566,138,111,11.59420289855072,-11.59420289855072
uniform_h4096,49,41,75.67567567567568,74,56,12.162162162162161,-12.162162162162161
uniform_h4096,49,42,76.47058823529412,136,104,10.294117647058826,-10.294117647058826
uniform_h4096,49,43,77.08333333333333,96,74,8.333333333333343,-8.333333333333343
uniform_h4096,49,44,73.97260273972603,73,54,15.06849315068493,-15.06849315068493
uniform_h4096,49,45,87.61904761904762,105,92,6.666666666666671,-6.666666666666671
uniform_h4096,49,46,80.31496062992126,127,102,7.874015748031496,-7.874015748031496
uniform_h4096,49,47,78.76106194690266,113,89,7.964601769911496,-7.964601769911496
uniform_h4096,49,48,73.04347826086956,115,84,11.304347826086953,-11.304347826086953
uniform_h4096,49,49,90.38461538461539,104,94,,
uniform_h4096,50,1,80.50847457627118,118,95,14.406779661016955,-14.406779661016955
uniform_h4096,50,2,80.76923076923077,130,105,11.538461538461533,-6.92307692307692
uniform_h4096,50,3,80.13698630136986,146,117,8.904109589041099,-8.219178082191789
uniform_h4096,50,4,86.36363636363636,176,152,6.25,-6.25
uniform_h4096,50,5,79.6875,128,102,10.9375,-10.9375
uniform_h4096,50,6,82.5,120,99,8.333333333333329,-8.333333333333329
uniform_h4096,50,7,78.26086956521739,115,90,13.043478260869563,-12.173913043478265
uniform_h4096,50,8,81.203007518797,133,108,11.278195488721806,-11.278195488721806
uniform_h4096,50,9,70.8955223880597,134,95,18.656716417910445,-18.656716417910445
uniform_h4096,50,10,81.8840579710145,138,113,7.246376811594203,-7.246376811594203
uniform_h4096,50,11,82.0,100,82,9.0,-9.0
uniform_h4096,50,12,75.86206896551724,116,88,11.206896551724142,-11.206896551724142
uniform_h4096,50,13,81.10236220472441,127,103,9.448818897637793,-9.448818897637793
uniform_h4096,50,14,85.60606060606061,132,113,7.575757575757578,-7.575757575757578
uniform_h4096,50,15,77.58620689655173,116,90,8.620689655172413,-8.620689655172413
uniform_h4096,50,16,74.43609022556392,133,99,12.030075187969913,-12.030075187969913
uniform_h4096,50,17,82.53968253968254,126,104,10.317460317460316,-10.317460317460316
uniform_h4096,50,18,88.67924528301887,106,94,5.660377358490564,-5.660377358490564
uniform_h4096,50,19,79.81651376146789,109,87,10.091743119266056,-10.091743119266056
uniform_h4096,50,20,71.2871287128713,101,72,12.871287128712865,-12.871287128712865
uniform_h4096,50,21,83.33333333333333,144,120,9.722222222222229,-9.722222222222229
uniform_h4096,50,22,86.66666666666667,120,104,-0.8333333333333428,0.8333333333333428
uniform_h4096,50,23,73.5042735042735,117,86,13.675213675213683,-13.675213675213683
uniform_h4096,50,24,65.11627906976744,86,56,20.930232558139537,-20.930232558139537
uniform_h4096,50,25,72.3076923076923,65,47,12.307692307692307,-12.307692307692307
uniform_h4096,50,26,78.86178861788618,123,97,15.44715447154472,-15.44715447154472
uniform_h4096,50,27,80.53097345132744,113,91,7.964601769911496,-7.964601769911496
uniform_h4096,50,28,83.33333333333333,102,85,4.901960784313729,-4.901960784313729
uniform_h4096,50,29,77.19298245614036,114,88,6.140350877192972,-6.140350877192972
uniform_h4096,50,30,85.04672897196262,214,182,4.6728971962616725,-4.6728971962616725
uniform_h4096,50,31,79.82456140350877,114,91,11.403508771929836,-11.403508771929836
uniform_h4096,50,32,72.81553398058253,103,75,16.50485436893203,-16.50485436893203
uniform_h4096,50,33,78.37837837837837,111,87,10.810810810810821,-10.810810810810821
uniform_h4096,50,34,81.42857142857143,70,57,10.0,-10.0
uniform_h4096,50,35,85.1063829787234,141,120,4.255319148936167,-4.255319148936167
uniform_h4096,50,36,92.20779220779221,154,142,5.844155844155836,-5.844155844155836
uniform_h4096,50,37,75.79617834394904,157,119,12.738853503184714,-12.738853503184714
uniform_h4096,50,38,91.60839160839161,143,131,3.496503496503493,-3.496503496503493
uniform_h4096,50,39,78.94736842105263,114,90,13.15789473684211,-13.15789473684211
uniform_h4096,50,40,83.33333333333333,138,115,8.695652173913047,-8.695652173913047
uniform_h4096,50,41,74.32432432432432,74,55,13.513513513513516,-13.513513513513516
uniform_h4096,50,42,68.38235294117646,136,93,18.382352941176478,-18.382352941176478
uniform_h4096,50,43,76.04166666666667,96,73,9.375,-9.375
uniform_h4096,50,44,80.82191780821918,73,59,8.219178082191775,-8.219178082191775
uniform_h4096,50,45,85.71428571428571,105,90,8.571428571428584,-8.571428571428584
uniform_h4096,50,46,81.88976377952756,127,104,6.2992125984252,-6.2992125984252
uniform_h4096,50,47,78.76106194690266,113,89,7.964601769911496,-7.964601769911496
uniform_h4096,50,48,73.91304347826087,115,85,10.434782608695642,-10.434782608695642
uniform_h4096,50,49,78.84615384615384,104,82,11.538461538461547,-11.538461538461547
uniform_h4096,50,50,93.63636363636364,110,103,,
