relative_path,condition,policy_hash,stage,task,split,rows,bytes,sha256,first_result_sha256,last_result_sha256
1e51d2973353ad68f99979f822cde7713401e16b4f79106bc90c540e0e18c8c7/stage-01/C-STANCE/test-candidates.jsonl,vamp_svd_r8_repair000,1e51d2973353ad68f99979f822cde7713401e16b4f79106bc90c540e0e18c8c7,1,C-STANCE,test,400,308824,4828d7112c97057b7cab493d728ab35c1aae9f32f83eef2daed5fc2bd0156e0b,da191f210ae5b40b1b63f379e761ae9f20a6dbad86614ba1c3805e9c47994a57,7246c34e95363d34e4b42c4ea3df12dccdd1d21257a6597a1b022305f831e206
1e51d2973353ad68f99979f822cde7713401e16b4f79106bc90c540e0e18c8c7/stage-01/C-STANCE/validation-candidates.jsonl,vamp_svd_r8_repair000,1e51d2973353ad68f99979f822cde7713401e16b4f79106bc90c540e0e18c8c7,1,C-STANCE,validation,400,303806,f6b7566c8b02e014fa274a4bf255c1821a2c0df15ed27f6a61d3201ea72f56fc,a457fea7767104cebd9cb9fbd2de2b58397140e88abc938fdc1d2ef3c73e8a12,7a7ff8456d68508a26fff8194feb2a8c4c012b5946c094ff3081bea2a0291857
1e51d2973353ad68f99979f822cde7713401e16b4f79106bc90c540e0e18c8c7/stage-02/C-STANCE/test-candidates.jsonl,vamp_svd_r8_repair000,1e51d2973353ad68f99979f822cde7713401e16b4f79106bc90c540e0e18c8c7,2,C-STANCE,test,600,437525,7bdc5a6b98c3fa96648a3d97abeca0fbd4f538c6e3453afd68d3bafe79e6ef59,a02daceb27de71288f9a495ab67fcaf45b3f42d26ceb5f0df2f09d7793902549,a4ab5d700e03877916e7875d3c6b3a1f168fcfde44977c0ebe9439b524e01769
1e51d2973353ad68f99979f822cde7713401e16b4f79106bc90c540e0e18c8c7/stage-02/C-STANCE/validation-candidates.jsonl,vamp_svd_r8_repair000,1e51d2973353ad68f99979f822cde7713401e16b4f79106bc90c540e0e18c8c7,2,C-STANCE,validation,600,429437,d765faf45f77e348b5fe9c718a59c0049f26c06f2cbf8c4cd04378fd30bd70cc,b92dd53487f9c0716bcf3b029eaeac195245298374be4e2733416d6d76556f34,a42949f0fafe1851dbd89d1cb6bcf44aa934b2c3a845cbe3ff9d162515566cd1
1e51d2973353ad68f99979f822cde7713401e16b4f79106bc90c540e0e18c8c7/stage-02/FOMC/test-candidates.jsonl,vamp_svd_r8_repair000,1e51d2973353ad68f99979f822cde7713401e16b4f79106bc90c540e0e18c8c7,2,FOMC,test,600,531668,6a8faa282fb6ecac3a08e1b1f1128d7ed4e14ca6f824e605102b780c5c16bb5f,1e7db30951df792a12712987c3e1775585627b4647c8f77457b68d00c182899b,2403e81b3115dc7fffcc55dacfbda8ee87524d6687510c719c2283b559e70daa
1e51d2973353ad68f99979f822cde7713401e16b4f79106bc90c540e0e18c8c7/stage-02/FOMC/validation-candidates.jsonl,vamp_svd_r8_repair000,1e51d2973353ad68f99979f822cde7713401e16b4f79106bc90c540e0e18c8c7,2,FOMC,validation,600,528400,69aab60c49465f5d9fa9591dd569902d79377bb99276fdc8ba368a2c9096e494,99dbe9eb8119d47dec6d28ed64a4c7e201ae08e05651f417d445c8f0c806b8a7,f81f140852ce1d1a006bd961045773a4b7d42943c41b0684b5c0cbfad00b2e35
1e51d2973353ad68f99979f822cde7713401e16b4f79106bc90c540e0e18c8c7/stage-03/C-STANCE/test-candidates.jsonl,vamp_svd_r8_repair000,1e51d2973353ad68f99979f822cde7713401e16b4f79106bc90c540e0e18c8c7,3,C-STANCE,test,500,496660,3d480b5fb244a4da44a214827109da1d388bf438aff5221a72f3f00ce5ab463b,f423942cfe54f421bb89adf8716b2c53aaaa55ea3fe2835b16a36551531502de,30b965e42f655967925bf7af770b2b40d2b97d776ef7b0a86aa882c131c93062
1e51d2973353ad68f99979f822cde7713401e16b4f79106bc90c540e0e18c8c7/stage-03/C-STANCE/validation-candidates.jsonl,vamp_svd_r8_repair000,1e51d2973353ad68f99979f822cde7713401e16b4f79106bc90c540e0e18c8c7,3,C-STANCE,validation,500,497400,3012f08ab8def304e59799d52c4750f902a29a88a903d12e4e8b8d6ee4f38b4b,3c973467601ca37d1213fd04ed96f026dd4b49615f9228bc2b4a121d8fe76e42,f092490eb86180321bd55960240332fe483915689ed154a04ea2928770ff8435
1e51d2973353ad68f99979f822cde7713401e16b4f79106bc90c540e0e18c8c7/stage-03/FOMC/test-candidates.jsonl,vamp_svd_r8_repair000,1e51d2973353ad68f99979f822cde7713401e16b4f79106bc90c540e0e18c8c7,3,FOMC,test,500,671684,c73b7c8864a8cf223283a590334495256cec16d6d9e26d43c2e77adac6fbcd5d,af75a859fc1868bc75b63b84c2e3d200a01d36c5b2a912435f61c19fd335ba0a,d5994faf26863a3aa7c6e28148c960efeee3eacfcbf8e04d00cffc500581f017
1e51d2973353ad68f99979f822cde7713401e16b4f79106bc90c540e0e18c8c7/stage-03/FOMC/validation-candidates.jsonl,vamp_svd_r8_repair000,1e51d2973353ad68f99979f822cde7713401e16b4f79106bc90c540e0e18c8c7,3,FOMC,validation,500,691552,338d0ee6a8878d780f68c16461a4a92d8b0ad96afc20156dc4419e617533a029,157ad35e10e3c857ca0da8a5e3c1c3dc4b8d9766e4d7bc87eb6298c2d4a82666,9649aceac8a85aeb4ca9021976e1479e590d7035ff3cd13e2fc5246d0e971100
1e51d2973353ad68f99979f822cde7713401e16b4f79106bc90c540e0e18c8c7/stage-03/MeetingBank/test-candidates.jsonl,vamp_svd_r8_repair000,1e51d2973353ad68f99979f822cde7713401e16b4f79106bc90c540e0e18c8c7,3,MeetingBank,test,500,635054,e1d80f62afe6e7c9a3044a99de9fa7bc0f8a5219945026a9b886c8af9f528a22,58aa5001f7ca4723f6bf97b528abc28df1d6232444126db6cf1d85dfe6d472ef,5666e2c694b62428a8147286006dc176f7860d3ca41591a337d962c56b8781f1
1e51d2973353ad68f99979f822cde7713401e16b4f79106bc90c540e0e18c8c7/stage-03/MeetingBank/validation-candidates.jsonl,vamp_svd_r8_repair000,1e51d2973353ad68f99979f822cde7713401e16b4f79106bc90c540e0e18c8c7,3,MeetingBank,validation,500,657627,8549e68f0caada007b4d08d2d4cc082a814c53b670fd79b11d2036e17769cdb9,9ba8be2d33b537c2136a0294f5adfe7a7c1b41f6208c64a3ddd365f74510e4d0,2d0d0ce8d68e271b84b4a91d2ee19e4623ab56a584e405ea1d636cbfb1d1c44c
1e51d2973353ad68f99979f822cde7713401e16b4f79106bc90c540e0e18c8c7/stage-04/C-STANCE/test-candidates.jsonl,vamp_svd_r8_repair000,1e51d2973353ad68f99979f822cde7713401e16b4f79106bc90c540e0e18c8c7,4,C-STANCE,test,700,543587,771da423e3ecf3d225c196c1fb013e8f43eb5302c404300240c95c8e64cd5dac,55687e5e69141cf907821a128780c33ae9fee3c9044548e55ab44a4580c4ce99,222f07f840b2b5286562b12585b12397cc9325275e19630745533e31c1796fef
1e51d2973353ad68f99979f822cde7713401e16b4f79106bc90c540e0e18c8c7/stage-04/C-STANCE/validation-candidates.jsonl,vamp_svd_r8_repair000,1e51d2973353ad68f99979f822cde7713401e16b4f79106bc90c540e0e18c8c7,4,C-STANCE,validation,700,537089,8f7d3fbbbcf55c70f6fec47bd3044b9edb3b4cab05ccd6f41fb0106db4d11449,c7098f42110553d514394e9ca096fbc1dae94819a25c0ff37879b13b42c85745,7c854dc2520e96bb1b3f3047a56a18c88faa2b2c25e3332b4020c596f2f872e3
1e51d2973353ad68f99979f822cde7713401e16b4f79106bc90c540e0e18c8c7/stage-04/FOMC/test-candidates.jsonl,vamp_svd_r8_repair000,1e51d2973353ad68f99979f822cde7713401e16b4f79106bc90c540e0e18c8c7,4,FOMC,test,700,668301,af0e908fcfc760ec5c5e046fe8503744720075027190f565a564f7833b1cd9d3,2940df179a10d2541a9b040b002734ba4419ab8841106760c9f9bbb450c9688b,29d63b03615e3c233c69acf3a887bf37b6dcbde31f5a19d745f16050e2b0b04b
1e51d2973353ad68f99979f822cde7713401e16b4f79106bc90c540e0e18c8c7/stage-04/FOMC/validation-candidates.jsonl,vamp_svd_r8_repair000,1e51d2973353ad68f99979f822cde7713401e16b4f79106bc90c540e0e18c8c7,4,FOMC,validation,700,652436,b18f183327d9347c64873f559875581d35623ff70be55dc9055b1c10cc4ae68c,07412a3dd329f22e89535c43f8920d64f8d9411ffa4da2a0c600fc547040f3d9,d2a06f48835cce9b895e3ba916c6f09920856f2c9acf8d413661959e6beeaeb8
1e51d2973353ad68f99979f822cde7713401e16b4f79106bc90c540e0e18c8c7/stage-04/MeetingBank/test-candidates.jsonl,vamp_svd_r8_repair000,1e51d2973353ad68f99979f822cde7713401e16b4f79106bc90c540e0e18c8c7,4,MeetingBank,test,700,771757,f3f074d58b64e8871e826f3643563f97c60725e6ffe25c21a57c8496defaa494,ca7786064d68f396de1db2ea7a0209520d27a409850f93c3e0149da06cefa551,3243f255090c8a50df5ed8caf55d8910a760ad1eecadf9153efbfd41467b3c99
1e51d2973353ad68f99979f822cde7713401e16b4f79106bc90c540e0e18c8c7/stage-04/MeetingBank/validation-candidates.jsonl,vamp_svd_r8_repair000,1e51d2973353ad68f99979f822cde7713401e16b4f79106bc90c540e0e18c8c7,4,MeetingBank,validation,700,777778,418be489ec4826c4c0cb0be4a1c3198bb9fa3772f7f415dd05e4d9000a409ebe,9c029ee9bb2f43b410550ba23e0a40d0390e00adaba3ff86864e8501a345bd13,1ab3d0f3d341744fa5f29634c40d246226785edaa343941eaa32f69567db6d0a
1e51d2973353ad68f99979f822cde7713401e16b4f79106bc90c540e0e18c8c7/stage-04/Py150/test-candidates.jsonl,vamp_svd_r8_repair000,1e51d2973353ad68f99979f822cde7713401e16b4f79106bc90c540e0e18c8c7,4,Py150,test,700,997471,0728b0fb03e1dd92f76e2454ab7016ce8be2d4751f1cbed7d41d0aab14e7bbd6,99068004075a9e046448e50c430ead02cbb48991adaceb366ca23981c76c9ade,936b4a01a9897e8b1168a9f96a650dc88ebf84bdfc9db312d436687f9d890839
1e51d2973353ad68f99979f822cde7713401e16b4f79106bc90c540e0e18c8c7/stage-04/Py150/validation-candidates.jsonl,vamp_svd_r8_repair000,1e51d2973353ad68f99979f822cde7713401e16b4f79106bc90c540e0e18c8c7,4,Py150,validation,700,1013829,ac1faaec714dc400e7d675bd6c5a83ab6bffa9dcde1e9bb1b97180d9db25834e,8ae24341c8180926cd5e24a863b603847fed48e0108e3166c498ebb0eeaa6090,7b13632ef9a2695b9908d80793ff24085f7d82cfdc7d550be496ea961b2fe1ec
1e51d2973353ad68f99979f822cde7713401e16b4f79106bc90c540e0e18c8c7/stage-05/C-STANCE/test-candidates.jsonl,vamp_svd_r8_repair000,1e51d2973353ad68f99979f822cde7713401e16b4f79106bc90c540e0e18c8c7,5,C-STANCE,test,700,719707,21f62878830b9981f6c3a8a90818efec3dd4a217329d659fe048f0ab889090d4,92bbfc3dc8f187837b606d60d901cdbcf64de5dd316ec6a3a0a091636c970b71,83fbf7b8cccab65c922b5f525095744b549148caf1b70992495474ff29d9a3c3
1e51d2973353ad68f99979f822cde7713401e16b4f79106bc90c540e0e18c8c7/stage-05/C-STANCE/validation-candidates.jsonl,vamp_svd_r8_repair000,1e51d2973353ad68f99979f822cde7713401e16b4f79106bc90c540e0e18c8c7,5,C-STANCE,validation,700,720109,6d0a242743f007e800c0859dc0539d19ce2d4533c28063bb2780426fd6253fd4,cf97fb595b6f7dd10362a54f0d9cce88aac3665c21d12554952cfbae4551d2c0,873a4d8fb93e900bd0c68bf2953aa45debae4e8b1eefce6391cf0c38b882053c
1e51d2973353ad68f99979f822cde7713401e16b4f79106bc90c540e0e18c8c7/stage-05/FOMC/test-candidates.jsonl,vamp_svd_r8_repair000,1e51d2973353ad68f99979f822cde7713401e16b4f79106bc90c540e0e18c8c7,5,FOMC,test,700,1072078,32854126ec0938d0c4bf9a118ac27390b228d424e2089d412217bde6d4ad4fcc,1aec8ada32a446c03d077e68212be8836aad56f3dc7c17da30eddd3bebcbf270,887bb403d448246c775e3123e25ccd76ef78e497d02b9631acfae21363eb0865
1e51d2973353ad68f99979f822cde7713401e16b4f79106bc90c540e0e18c8c7/stage-05/FOMC/validation-candidates.jsonl,vamp_svd_r8_repair000,1e51d2973353ad68f99979f822cde7713401e16b4f79106bc90c540e0e18c8c7,5,FOMC,validation,700,1055640,70085d0e49c134258511e45b6f5a22401e617af97ac2b2c80aca8f02aa68c932,64f5ef8389fb1e4c3e97e52a060fadc37778c7ff0ccc88d7ba9f589d91856c89,fdea92a8a3d7115928cae1d84bc32de1b89de8b628c7c569e3c90c9018ec3f80
1e51d2973353ad68f99979f822cde7713401e16b4f79106bc90c540e0e18c8c7/stage-05/MeetingBank/test-candidates.jsonl,vamp_svd_r8_repair000,1e51d2973353ad68f99979f822cde7713401e16b4f79106bc90c540e0e18c8c7,5,MeetingBank,test,700,1000333,dc4a7cf122c6d818ab66eefcab8194a9cc34a7765ed1b32952d38478dcf2a104,d27d44cb8f31d38d24a2922d28cea3d86211217f20fa3ab20e5bb07db52cc166,db1f534c912e1d10ae8bcea40bb63d6030266d30120f20015f2f6f48799d1039
1e51d2973353ad68f99979f822cde7713401e16b4f79106bc90c540e0e18c8c7/stage-05/MeetingBank/validation-candidates.jsonl,vamp_svd_r8_repair000,1e51d2973353ad68f99979f822cde7713401e16b4f79106bc90c540e0e18c8c7,5,MeetingBank,validation,700,1005858,937e2a3ce0938c5411c768a4d57cd37c2bef898ccfeb2944ee20c4af266b2745,fcc51edadce5df3f6215f5d3e9a779f1940a1d93d112f130ec63486a3e02ab52,db48e9b458a59c501927c2c01c56ab21f036ccca25c09c0bd27ebf110fe0ef1b
1e51d2973353ad68f99979f822cde7713401e16b4f79106bc90c540e0e18c8c7/stage-05/Py150/test-candidates.jsonl,vamp_svd_r8_repair000,1e51d2973353ad68f99979f822cde7713401e16b4f79106bc90c540e0e18c8c7,5,Py150,test,700,1299073,fd38400cdfa20c82e1c03cf12bd9a10abe3372da265853654078130f6743b97c,d9230619567fdf520748bb2f070785814fb51c5445a31a9ccde6775e1727571d,fdbca0e0a4645037f3e390b4c1e2b6cf9669a2138dd2b4f897bc467cf84015b5
1e51d2973353ad68f99979f822cde7713401e16b4f79106bc90c540e0e18c8c7/stage-05/Py150/validation-candidates.jsonl,vamp_svd_r8_repair000,1e51d2973353ad68f99979f822cde7713401e16b4f79106bc90c540e0e18c8c7,5,Py150,validation,700,1309986,e3143147bc726a98db686bd3e21fb28a8386ea96a19e0430a036a1e3c3e851cf,5db86787078babd8976ede667199fb72a2ccb683fec0ce6cc5d6acf36eea3c2f,3ce84de35751fe4c79900768bf830bea72a130e66a1d5be2aa172094dabfec99
1e51d2973353ad68f99979f822cde7713401e16b4f79106bc90c540e0e18c8c7/stage-05/ScienceQA/test-candidates.jsonl,vamp_svd_r8_repair000,1e51d2973353ad68f99979f822cde7713401e16b4f79106bc90c540e0e18c8c7,5,ScienceQA,test,700,663574,89efef1c8b8d237098a5552cf337afaaa29d8581e2ac1b7892ee048a6b21b932,497c7f77a0355e6a29d5ff547e38f3fbf68b83f88a9f0253e7a37909a11cf886,261d1ac2b1d90d282f514981bae70f230c08717705f254298fc04a0d7d81bd53
1e51d2973353ad68f99979f822cde7713401e16b4f79106bc90c540e0e18c8c7/stage-05/ScienceQA/validation-candidates.jsonl,vamp_svd_r8_repair000,1e51d2973353ad68f99979f822cde7713401e16b4f79106bc90c540e0e18c8c7,5,ScienceQA,validation,700,670942,becd12735d217db9af6e30f0db49ccfc32eb0124350e6493a7263cb24343bed8,683dbe19cf0f4022c3384bf0004dd43a430a3b67bb0e5bc8385d1a876b943448,071bf577207c9745de385e9713ac2c541a993c1e51813b340eaf330ccd6a65d7
1e51d2973353ad68f99979f822cde7713401e16b4f79106bc90c540e0e18c8c7/stage-06/C-STANCE/test-candidates.jsonl,vamp_svd_r8_repair000,1e51d2973353ad68f99979f822cde7713401e16b4f79106bc90c540e0e18c8c7,6,C-STANCE,test,900,697969,1e89caffde60cd9ba0a6f27ad6ceedb08a6668cf7e17a6f2842dba27e52a5847,c42e7e4159c27921107141f264c77ec0359d9f302a81535faed6c7949e9198c0,e57375298facdf76099e8d2cbef6bf31107bcba15511c9bb2fa9eea37ef5c3d1
1e51d2973353ad68f99979f822cde7713401e16b4f79106bc90c540e0e18c8c7/stage-06/C-STANCE/validation-candidates.jsonl,vamp_svd_r8_repair000,1e51d2973353ad68f99979f822cde7713401e16b4f79106bc90c540e0e18c8c7,6,C-STANCE,validation,900,680257,49e442c78e06f0691ad545e5b791c3b99c01f77cd8df3ef0f9171ddeed97892d,172b7789d1a80fd36107f1603dcf703f64d14c8ba59d756033dc85a04cb6a597,8a17e80b6471e1f8350a73d9cec26c7cbf9846f48b555957607eb077906f748f
1e51d2973353ad68f99979f822cde7713401e16b4f79106bc90c540e0e18c8c7/stage-06/FOMC/test-candidates.jsonl,vamp_svd_r8_repair000,1e51d2973353ad68f99979f822cde7713401e16b4f79106bc90c540e0e18c8c7,6,FOMC,test,900,894315,8bb1b029e435b891f5c3b60e64e01d583be3a7c5a4bd40fee71e74e66682319f,8e4c354a656b12c4ca211be978c138e2c10416069f0c4f5a6e076ae1c1a71765,420021d1754af5c7a8b35d55590798ee0a32adc1cb76f03c2b3af16766a69353
1e51d2973353ad68f99979f822cde7713401e16b4f79106bc90c540e0e18c8c7/stage-06/FOMC/validation-candidates.jsonl,vamp_svd_r8_repair000,1e51d2973353ad68f99979f822cde7713401e16b4f79106bc90c540e0e18c8c7,6,FOMC,validation,900,867158,011f6c2412a8b881cbcc44cc31de47c7f3c0a0720153643275216a6bd8f9244e,6bb25de46ba3e796348955df55e2eab7c6e8d13d40bb01f528d068d7a06924da,5e815c1cd9c5e59daa88f5cb2fed60391ebdce9d0860f0489f0a9fa73eaeb91d
1e51d2973353ad68f99979f822cde7713401e16b4f79106bc90c540e0e18c8c7/stage-06/MeetingBank/test-candidates.jsonl,vamp_svd_r8_repair000,1e51d2973353ad68f99979f822cde7713401e16b4f79106bc90c540e0e18c8c7,6,MeetingBank,test,900,1103908,2d3899ca2ca798cf8548f36f32bed5590097425e6b4fecf9858f04a2c61f3361,31c982c57c2d1f1a7bd4f607d2362381b0ca1561df4a5eb4991b9ea159850e62,3fd88bf8311cdef23d9b87e3ed1b6ba741235ebdf13653c26f379281b9a36da0
1e51d2973353ad68f99979f822cde7713401e16b4f79106bc90c540e0e18c8c7/stage-06/MeetingBank/validation-candidates.jsonl,vamp_svd_r8_repair000,1e51d2973353ad68f99979f822cde7713401e16b4f79106bc90c540e0e18c8c7,6,MeetingBank,validation,900,1091215,6299c45d04470bba63384578422b47ff31a3490b91716f35a65f20642f70f1aa,ecc0fd1546219edf1f8db259cfba3bd7cf43214b1b818a19f544919cedc37373,cf9bff8bb4564332b9679b057e30d82954b8799bd700689707e38d8b76372ee5
1e51d2973353ad68f99979f822cde7713401e16b4f79106bc90c540e0e18c8c7/stage-06/NumGLUE-cm/test-candidates.jsonl,vamp_svd_r8_repair000,1e51d2973353ad68f99979f822cde7713401e16b4f79106bc90c540e0e18c8c7,6,NumGLUE-cm,test,729,616199,8675ab8480f949abea26256fc3c53a4fd69f3d40d6ad7f0f83d5cef927d9073b,ab5c2192def76390ddff7763e25ed2437b97b6871c5cd85a4ee22e6b1a56d1c9,e058e8b0aa54743ee58342bf638e107639692a37c07886adb8a8a60e415ab10e
1e51d2973353ad68f99979f822cde7713401e16b4f79106bc90c540e0e18c8c7/stage-06/NumGLUE-cm/validation-candidates.jsonl,vamp_svd_r8_repair000,1e51d2973353ad68f99979f822cde7713401e16b4f79106bc90c540e0e18c8c7,6,NumGLUE-cm,validation,369,320087,8eaf2c7f012f91d3a9a5f9acefdbb43564d1cf1cd508dc53d82960f446ad98da,17b714658a4ad7733757a5bdc6ab6624da51114b67fbdf029e21d81f4c06219e,3cd9726fe9da9d409ec0951432278532d45f791b393a9a7b0f9cf383db20ed86
1e51d2973353ad68f99979f822cde7713401e16b4f79106bc90c540e0e18c8c7/stage-06/Py150/test-candidates.jsonl,vamp_svd_r8_repair000,1e51d2973353ad68f99979f822cde7713401e16b4f79106bc90c540e0e18c8c7,6,Py150,test,900,1673962,692507f4b7c9ea737420fe8443de67edaa0b85678f0d9c6732d4263881e1512f,e211dada70ddb09d5078aa14bdc8ddc33d635e983bfeb0873de5033e46dcbaf6,c913a7bad292fd819f25f42682471889b402a2a0c64af3aec5396c8055b892ee
1e51d2973353ad68f99979f822cde7713401e16b4f79106bc90c540e0e18c8c7/stage-06/Py150/validation-candidates.jsonl,vamp_svd_r8_repair000,1e51d2973353ad68f99979f822cde7713401e16b4f79106bc90c540e0e18c8c7,6,Py150,validation,900,1709677,66d67855e525f4691e012c6c522283e21f10f7be763e4f5ee8665d8b39745ffd,667a5bf2108c0d7c0ec05d37c260fae0ac426443cc66aecce717f613c2217b64,7f160a96e4cf84d3760415053656e2330502350cce332010e777c5e0e3466cd9
1e51d2973353ad68f99979f822cde7713401e16b4f79106bc90c540e0e18c8c7/stage-06/ScienceQA/test-candidates.jsonl,vamp_svd_r8_repair000,1e51d2973353ad68f99979f822cde7713401e16b4f79106bc90c540e0e18c8c7,6,ScienceQA,test,900,668271,e50274a5154f23171efc8648a8cf9ee58d33599991a6c5c437acca27a5484c43,363e642ddd9aa3213477b496d2720b54202446715950a03d6d2858f040fac0cb,d4c4ef94d4f005ebf70f72f085291592d600ef05cee583230d234baa34fa9b8f
1e51d2973353ad68f99979f822cde7713401e16b4f79106bc90c540e0e18c8c7/stage-06/ScienceQA/validation-candidates.jsonl,vamp_svd_r8_repair000,1e51d2973353ad68f99979f822cde7713401e16b4f79106bc90c540e0e18c8c7,6,ScienceQA,validation,900,673276,13b35a4644ce5f9ffc5eadc38be2e735e9345394c8eb8dbadd52d527476271e2,42ce8b598a6aa0648485a361333ab3d2905860f9be99afc7f604e6251623764d,a71de082985ba125a7a7d9b511ac6065c9261686e1a37e260e03c73f00f01217
1e51d2973353ad68f99979f822cde7713401e16b4f79106bc90c540e0e18c8c7/stage-07/C-STANCE/test-candidates.jsonl,vamp_svd_r8_repair000,1e51d2973353ad68f99979f822cde7713401e16b4f79106bc90c540e0e18c8c7,7,C-STANCE,test,700,502342,5a69a8b618b0cf1b325abe61aa1f7de5a1071cd596d1822a4651b48c05cafc93,7a9870b34e2acdd6b33a3bb4375884dce1a503bac4eea6ba346af54527fbfbfc,edf3fd567ab61ebf267eddadcc01c62e1769a643f44660879440fbfeafa4d7b0
1e51d2973353ad68f99979f822cde7713401e16b4f79106bc90c540e0e18c8c7/stage-07/C-STANCE/validation-candidates.jsonl,vamp_svd_r8_repair000,1e51d2973353ad68f99979f822cde7713401e16b4f79106bc90c540e0e18c8c7,7,C-STANCE,validation,700,489405,8ae7b8f2e912528b9b612a42a9ac048955bc8cf7022686dc3ab02d3bb9001024,f3c9c394baf2e23bcf4eed32cd18b0115a11f5d607822f6fb7ec74ec19d81f98,e90605cbd413329da1f48f8ce18ddc8d52b3320ddcd8a3cfeed76fc15eb74e18
1e51d2973353ad68f99979f822cde7713401e16b4f79106bc90c540e0e18c8c7/stage-07/FOMC/test-candidates.jsonl,vamp_svd_r8_repair000,1e51d2973353ad68f99979f822cde7713401e16b4f79106bc90c540e0e18c8c7,7,FOMC,test,700,627500,6b2e339499d71fa49087c7e53156f3d62f0987c94a8323af0c923b2abf039efe,de2ba0842e8aca8b6d923a7b1b36a5a6d0e9dc396e06c5dc48a67e723d9208a8,e401e6401266e30fb870572b994ad5adbf669beed4f9448e833f673d6a035bd3
1e51d2973353ad68f99979f822cde7713401e16b4f79106bc90c540e0e18c8c7/stage-07/FOMC/validation-candidates.jsonl,vamp_svd_r8_repair000,1e51d2973353ad68f99979f822cde7713401e16b4f79106bc90c540e0e18c8c7,7,FOMC,validation,700,631212,f6b9348a27396cda2442e80cd64d61964838aafa7e39ed0e7b065ddb795d4035,5f5f7cd3ef7052ffaa978869e245a034c9172dcf6904371db1fa8ab6dc9e552e,6d54d7e3e6c378657d0ff2758202cd92c8b384ccbecec87cc96498554d4b9a43
1e51d2973353ad68f99979f822cde7713401e16b4f79106bc90c540e0e18c8c7/stage-07/MeetingBank/test-candidates.jsonl,vamp_svd_r8_repair000,1e51d2973353ad68f99979f822cde7713401e16b4f79106bc90c540e0e18c8c7,7,MeetingBank,test,700,864226,5eed440084f7ff17f624445d50d6c890c4dec49057ab24b670d7089b84c49833,ad96e608db4709c9dc6bf3763f933d10b34c27e735fc9f3c4a0207063af22996,eaaddc2ca59dbcc3a54596d540590b4eebcdaa965779befa0b1a15a0ff967872
1e51d2973353ad68f99979f822cde7713401e16b4f79106bc90c540e0e18c8c7/stage-07/MeetingBank/validation-candidates.jsonl,vamp_svd_r8_repair000,1e51d2973353ad68f99979f822cde7713401e16b4f79106bc90c540e0e18c8c7,7,MeetingBank,validation,700,848274,f8f4672321b2c036dd4636813690b174d63145c4ba62223af5010ace9cfb235c,fac4bccbeb781b6a64c85b7e8d3d833fdcb51cbfeab8acd4ce6300af52f2e899,a293ee8c6013014463ef5a3c62d9e265fa1f9c8d1431831b188d4488da2ac353
1e51d2973353ad68f99979f822cde7713401e16b4f79106bc90c540e0e18c8c7/stage-07/NumGLUE-cm/test-candidates.jsonl,vamp_svd_r8_repair000,1e51d2973353ad68f99979f822cde7713401e16b4f79106bc90c540e0e18c8c7,7,NumGLUE-cm,test,567,442867,548ea93a20d2696cb7f7e0e8b0d2fc9963c2b1203ed13dbc9e66a4cace7c2f0a,09fb10790aa1b7d8f813cb3ceb7ce8eebd26a9b4bc981d704674197096dd8730,1dc10dab3383937b106e9870b7946108894127146facf9e4b739b7a01ee42866
1e51d2973353ad68f99979f822cde7713401e16b4f79106bc90c540e0e18c8c7/stage-07/NumGLUE-cm/validation-candidates.jsonl,vamp_svd_r8_repair000,1e51d2973353ad68f99979f822cde7713401e16b4f79106bc90c540e0e18c8c7,7,NumGLUE-cm,validation,287,229214,bf97b8008b6d99c9c30236e8833b84b6f9934ddba220617ae9cf95f870776b52,4531fb684b4c1e0631181824467f94e4442f71b2d972ea0ab6c2180c7b8fa255,55902a3be88bcb678ad1c7a981d6bd8f58ebb03c7acae2b5292a9905010a0017
1e51d2973353ad68f99979f822cde7713401e16b4f79106bc90c540e0e18c8c7/stage-07/NumGLUE-ds/test-candidates.jsonl,vamp_svd_r8_repair000,1e51d2973353ad68f99979f822cde7713401e16b4f79106bc90c540e0e18c8c7,7,NumGLUE-ds,test,700,607179,92a6ee3b43c63c735f4ac225863e49b1d371992194f3b4d362448f55a540aa9f,44cbb33d1b4261150cab6be4539c5b5af9cd984b59e991577f33f8b627dce693,f4e9ed6ed9ed9043aab41a23851bec79ce25d53d406fd21a9f29b180acc3a280
1e51d2973353ad68f99979f822cde7713401e16b4f79106bc90c540e0e18c8c7/stage-07/NumGLUE-ds/validation-candidates.jsonl,vamp_svd_r8_repair000,1e51d2973353ad68f99979f822cde7713401e16b4f79106bc90c540e0e18c8c7,7,NumGLUE-ds,validation,700,604181,57b3a45bbf0b1c10119f40e8318aae492df8be96c545ffadfd5a2a579c4c8ed6,0bdf799d4790aa202b1428539321679c89651ee5089c2408de10aa5be53f18d4,6643f421edbfd9eaec3316d3669bfa247c2ef38aed68d2ba37db3d82db41332e
1e51d2973353ad68f99979f822cde7713401e16b4f79106bc90c540e0e18c8c7/stage-07/Py150/test-candidates.jsonl,vamp_svd_r8_repair000,1e51d2973353ad68f99979f822cde7713401e16b4f79106bc90c540e0e18c8c7,7,Py150,test,700,1318889,fe78126adb87e2926d0d4da89396a98246974f2d36d08c69929270fc1b04b5da,79a3f2a116beb4248f3635dc87db77ed2c4a51d25979fe0a8efe71b534d634c2,6d69f4022edbde7139f420c69bb73c06805ec66af9083236dde3c84be68af3a9
1e51d2973353ad68f99979f822cde7713401e16b4f79106bc90c540e0e18c8c7/stage-07/Py150/validation-candidates.jsonl,vamp_svd_r8_repair000,1e51d2973353ad68f99979f822cde7713401e16b4f79106bc90c540e0e18c8c7,7,Py150,validation,700,1355335,3a5660318daa47c272b30a70009091f0a9c66ba4ca1f4efa40602a62837c96c1,4903a3a3d5abb436664aae9965bd223b976c2adf6e9ee593e2c701d45bcb146b,a8d03c35bc33fbba9a1dd205aa2cef3ba4e224b3bd4fce71302114061ed2941e
1e51d2973353ad68f99979f822cde7713401e16b4f79106bc90c540e0e18c8c7/stage-07/ScienceQA/test-candidates.jsonl,vamp_svd_r8_repair000,1e51d2973353ad68f99979f822cde7713401e16b4f79106bc90c540e0e18c8c7,7,ScienceQA,test,700,489385,952b937233a883adb8fbeead16b54f701bc47905407882103b9e2cbf84722b71,5fb20c36b3cc05cee2c88cefb042956a1ebd88689f89c4224f38a4e1d8a10699,095b095aa06dc31d122788f2276af69e370996ea968eb10d41a746d8adce7b84
1e51d2973353ad68f99979f822cde7713401e16b4f79106bc90c540e0e18c8c7/stage-07/ScienceQA/validation-candidates.jsonl,vamp_svd_r8_repair000,1e51d2973353ad68f99979f822cde7713401e16b4f79106bc90c540e0e18c8c7,7,ScienceQA,validation,700,486163,23a3c09c39040def65fa5be9841e050ad8d45c3840678f83c918a914f0d758fe,e0957c79335763a13a4e340346238e5a119a86aaf6c09bc1aacd037148e2f7da,e8f95236d81346bff07f485c13a58bbc206f72bd305703337c421c0c9dfcbb93
1e51d2973353ad68f99979f822cde7713401e16b4f79106bc90c540e0e18c8c7/stage-08/20Minuten/test-candidates.jsonl,vamp_svd_r8_repair000,1e51d2973353ad68f99979f822cde7713401e16b4f79106bc90c540e0e18c8c7,8,20Minuten,test,800,1125853,000ba83311970cc8d4053d1f057717e3ca1303b52810e0e2eed7588c63f28835,17f55afeaa0a75cd658bfe4e52a44693774b097055d5a374f7e11f020ee6d52c,75dc17c30cfd140bb419cb818b367af4f70a6232f6c60206fdfd0ba4464888a9
1e51d2973353ad68f99979f822cde7713401e16b4f79106bc90c540e0e18c8c7/stage-08/20Minuten/validation-candidates.jsonl,vamp_svd_r8_repair000,1e51d2973353ad68f99979f822cde7713401e16b4f79106bc90c540e0e18c8c7,8,20Minuten,validation,800,1164191,b116729b9f420bb3b295db0b2b5f3b91e21afaacf8f51e74482c0d477ffb6e75,d5d75e0c155b0666c8a8d8d56e36160cd42de3410eab84c384d7cc8f50ceeb62,a56e5563022c6ef73b4e5c0f6db8323291377b38afba54c1092857630e723775
1e51d2973353ad68f99979f822cde7713401e16b4f79106bc90c540e0e18c8c7/stage-08/C-STANCE/test-candidates.jsonl,vamp_svd_r8_repair000,1e51d2973353ad68f99979f822cde7713401e16b4f79106bc90c540e0e18c8c7,8,C-STANCE,test,800,1001043,107084c575abe238f225a7bfb1e7583b405eb51de27e499793e4b182c2cc838b,0d3b28a56f89197d7ed08e30bd73c8f319ee9bc26f6376a12c6d957831316ff2,13f470b4aafe8dfc89fb4824f451081c2b1cbf7a2785a4eca09bf5e3023e0a35
1e51d2973353ad68f99979f822cde7713401e16b4f79106bc90c540e0e18c8c7/stage-08/C-STANCE/validation-candidates.jsonl,vamp_svd_r8_repair000,1e51d2973353ad68f99979f822cde7713401e16b4f79106bc90c540e0e18c8c7,8,C-STANCE,validation,800,981812,7a78f0a7adb89c1130846b6c64bce531399d2e9408bf919068cdec7d2be75587,aa5accfcae6e7856e5ecf7d2f75e7e27ce89980c6bca94dbb7f5bf5cd94b4c69,eb94f2a75421d71bf7f45e1c4932472fbff3d7b48bda44b89f9d48c34156a3a1
1e51d2973353ad68f99979f822cde7713401e16b4f79106bc90c540e0e18c8c7/stage-08/FOMC/test-candidates.jsonl,vamp_svd_r8_repair000,1e51d2973353ad68f99979f822cde7713401e16b4f79106bc90c540e0e18c8c7,8,FOMC,test,800,1398271,2b6aa264df7059ee40ed6fbab54ee512ea09f20f2c5f51e03ea401a731a49ba0,422adda37e7f725ea3ac0c7e4540feb6ce896cd59e181d35ba69a693510390fe,292c8cbf12f9812064406f429ab459b9473b2dade0f67907e2554004b0f7a254
1e51d2973353ad68f99979f822cde7713401e16b4f79106bc90c540e0e18c8c7/stage-08/FOMC/validation-candidates.jsonl,vamp_svd_r8_repair000,1e51d2973353ad68f99979f822cde7713401e16b4f79106bc90c540e0e18c8c7,8,FOMC,validation,800,1404567,c8e2fddc5454f5662ba76aded93dd76794379e6baf49452e01e541aab609168f,0592037f551cee37057523339d98258f732943de3953d93a6b65a09271cb12e6,929dbc62c50edaa8c63fcc59d210057273667597dc27366c420aded33117fac3
1e51d2973353ad68f99979f822cde7713401e16b4f79106bc90c540e0e18c8c7/stage-08/MeetingBank/test-candidates.jsonl,vamp_svd_r8_repair000,1e51d2973353ad68f99979f822cde7713401e16b4f79106bc90c540e0e18c8c7,8,MeetingBank,test,800,1363609,41b02a340e2356a7ee290a3bdb41d3063bdc7d708c12b9d4fb1790e79688c6bf,18527733314d56f8190e3977b3d87c3732cc1760b4add32db0dc502904d959ab,1717eb191441a3532ac87d9938311e46ac1074e879646fff1f597e142f9b7795
1e51d2973353ad68f99979f822cde7713401e16b4f79106bc90c540e0e18c8c7/stage-08/MeetingBank/validation-candidates.jsonl,vamp_svd_r8_repair000,1e51d2973353ad68f99979f822cde7713401e16b4f79106bc90c540e0e18c8c7,8,MeetingBank,validation,800,1366846,db419cf08a19338953a3fb45a3e5a516595423bc7c510c451156e7a0a234bfb3,bad20df753ea8e2d8714ac9b769f30d09b6bd1d5bd0fcd34ff1c608032e3b7a8,1541a4af3c67d69735a1d9daf96fcd1b6fb3ef54f50716535f724ba7b8ecffee
1e51d2973353ad68f99979f822cde7713401e16b4f79106bc90c540e0e18c8c7/stage-08/NumGLUE-cm/test-candidates.jsonl,vamp_svd_r8_repair000,1e51d2973353ad68f99979f822cde7713401e16b4f79106bc90c540e0e18c8c7,8,NumGLUE-cm,test,648,800655,b20eaf96e155f49e4908dc6a379d663b97bd506a39f72f2fda20fbfd9db8530d,15d57615f133ec7b31b0b8600f6a2dcc086bb3dd8f99d522dc05ccf7253c8270,b0144d290fe9c914522b6a648b6b8a5427afe37cf679f7ff83c8438c0117530a
1e51d2973353ad68f99979f822cde7713401e16b4f79106bc90c540e0e18c8c7/stage-08/NumGLUE-cm/validation-candidates.jsonl,vamp_svd_r8_repair000,1e51d2973353ad68f99979f822cde7713401e16b4f79106bc90c540e0e18c8c7,8,NumGLUE-cm,validation,328,418820,8b9e925dcafe0a93ab80eaabae171341f1aa591ba22d1c2eb8c8a5ea65855603,556c06c312832c1ded282f53e4215d86569caab4c558aa309496085f84002fd7,1f44a9cb317c08c05137ee69603b9528c8bf18e65ae9f6a7d001db1ae6f6bdea
1e51d2973353ad68f99979f822cde7713401e16b4f79106bc90c540e0e18c8c7/stage-08/NumGLUE-ds/test-candidates.jsonl,vamp_svd_r8_repair000,1e51d2973353ad68f99979f822cde7713401e16b4f79106bc90c540e0e18c8c7,8,NumGLUE-ds,test,800,1044481,adfbe17c236027446e21ce5b90c7fb451ac0e189290cdf5a0abdab2728885ced,f67a5c8b3ce62099f8d9b6f97598c709918d65123d3e3038605fe12804aea91a,08e93a5f5163cb99f51233455feae042e00a43dbd4e97095717d95c6345353ae
1e51d2973353ad68f99979f822cde7713401e16b4f79106bc90c540e0e18c8c7/stage-08/NumGLUE-ds/validation-candidates.jsonl,vamp_svd_r8_repair000,1e51d2973353ad68f99979f822cde7713401e16b4f79106bc90c540e0e18c8c7,8,NumGLUE-ds,validation,800,1039668,5757aa6103001f8e27d1d861df4d4e60f034f53870a641199f0d14c1ce64abc9,7598827af840a00072fa6640d52470e0162cc172e157dc795dc99ed153185fef,df8bb89c6dd19e6437d6a2acf7708bbdecfcc05a2bdd870f15359f0d12b674d3
1e51d2973353ad68f99979f822cde7713401e16b4f79106bc90c540e0e18c8c7/stage-08/Py150/test-candidates.jsonl,vamp_svd_r8_repair000,1e51d2973353ad68f99979f822cde7713401e16b4f79106bc90c540e0e18c8c7,8,Py150,test,800,1550525,bef63793854bd26b1210765b8a434b704c3813e3899306df4e689673307e82e4,b38adf4428b70d5cb93f931f3760fcd131ff9e84125838925b7e31427484a71d,622dfc020e6cb4046babed736bb6cec35cd88846912ece939bc645c7a10e897b
1e51d2973353ad68f99979f822cde7713401e16b4f79106bc90c540e0e18c8c7/stage-08/Py150/validation-candidates.jsonl,vamp_svd_r8_repair000,1e51d2973353ad68f99979f822cde7713401e16b4f79106bc90c540e0e18c8c7,8,Py150,validation,800,1595648,a7b85c981a5449af242e8cda38a4b708e2bd2679b64a04f5826816ea88c30793,bd0e2b79205bccdb3906b1e4c60747e6a29085f4390fc2d5e0b122d719636d7d,6fa6f8370926fb9a171a637ed9ac1160f2b2778014a5eecbb6d329a30242dc3b
1e51d2973353ad68f99979f822cde7713401e16b4f79106bc90c540e0e18c8c7/stage-08/ScienceQA/test-candidates.jsonl,vamp_svd_r8_repair000,1e51d2973353ad68f99979f822cde7713401e16b4f79106bc90c540e0e18c8c7,8,ScienceQA,test,800,677990,90398cbb88b2a053e96dd9ebec5ffa50f59f418e82a893d5fe4bb569a96b1eb8,74f5858880c80d61e03100e7386c204632dc128b1dd184b9c4f00be8d624b73e,d4908a82912e9a1ec6c687d3bbb5d16f804e8592e59dade9389b4d31c0de4cbe
1e51d2973353ad68f99979f822cde7713401e16b4f79106bc90c540e0e18c8c7/stage-08/ScienceQA/validation-candidates.jsonl,vamp_svd_r8_repair000,1e51d2973353ad68f99979f822cde7713401e16b4f79106bc90c540e0e18c8c7,8,ScienceQA,validation,800,667138,6f0655e16263cd9dde69fef3ace2950b29b5a827a3d84f632c1934a89001aeb6,caeb38017e5a365637503dfe2e88c3699c5f75caa926b854085273bf71a222a3,c104270eeb2637a44071f55208450d828c2acd07b25611d17c84c748684926ab
546c828af41198edfcc3520d8c0f283eb2555357e275e50fddef434791470b03/stage-01/C-STANCE/test-candidates.jsonl,vamp_core_tsv_r8_scale03_repair000,546c828af41198edfcc3520d8c0f283eb2555357e275e50fddef434791470b03,1,C-STANCE,test,400,308836,0f44850b5b4b0f8f374210071078147151b33769ecf18bd09788a70aaee22a16,8442cc2f867d8d461ee42d790d869a4b8c9be006c616c1c892643b0a738af11d,e1a485e7860fe5f663d6a8fcd314be049cab2ba9d041fa2f6f501fde9be8ffc6
546c828af41198edfcc3520d8c0f283eb2555357e275e50fddef434791470b03/stage-01/C-STANCE/validation-candidates.jsonl,vamp_core_tsv_r8_scale03_repair000,546c828af41198edfcc3520d8c0f283eb2555357e275e50fddef434791470b03,1,C-STANCE,validation,400,303875,cc2e8093c1af38ece515abd93be64849147dc59cfdfd40d022e96c5cb2487fc0,69216b87961649438350f7456bc0a70be5fb5d45a01ab0165c0f20afaa61e295,f4df1e9be6385e3a8d3b11e034e6a78c9c07861821d8ea2323f88d6e92405ae6
546c828af41198edfcc3520d8c0f283eb2555357e275e50fddef434791470b03/stage-02/C-STANCE/test-candidates.jsonl,vamp_core_tsv_r8_scale03_repair000,546c828af41198edfcc3520d8c0f283eb2555357e275e50fddef434791470b03,2,C-STANCE,test,600,449263,0901ea66ce794dd302bec150aefa9064aa5c2cd8530624eab3b161add4105782,ed05dbf7feb26435bc7ab3d92d3c1440b119023b2d398942828d91d3ea7b59fc,e43ec5ed7ee66eef1ba30ff97c7787ec8846af82961439f5583e5fe19d7be754
546c828af41198edfcc3520d8c0f283eb2555357e275e50fddef434791470b03/stage-02/C-STANCE/validation-candidates.jsonl,vamp_core_tsv_r8_scale03_repair000,546c828af41198edfcc3520d8c0f283eb2555357e275e50fddef434791470b03,2,C-STANCE,validation,600,436877,f7b333413fea4c9eedaad1da202a7e184d5391d0c3d73a0ad9bbb66c223fbdda,f3ce49af7c8f72414034d0d0409b4151e54b23b84628fc97982e936746f0c36d,edfc5112960a534f67205559c8d867b2fecc7dd20a2a0744cacbe0d15bb4c7ec
546c828af41198edfcc3520d8c0f283eb2555357e275e50fddef434791470b03/stage-02/FOMC/test-candidates.jsonl,vamp_core_tsv_r8_scale03_repair000,546c828af41198edfcc3520d8c0f283eb2555357e275e50fddef434791470b03,2,FOMC,test,600,663806,2f25c04ae76327a5f062afd941c6f23259ea35481c9eff2e87e027874998dcad,b4ea1cbad3737d5a9148aa31514a36b11f854d90d0ed62d254f0cbcb14633043,669a162b8d017bbb17b5b7b060c494b390df59d3fba7fb5d29a2d54735bda30b
546c828af41198edfcc3520d8c0f283eb2555357e275e50fddef434791470b03/stage-02/FOMC/validation-candidates.jsonl,vamp_core_tsv_r8_scale03_repair000,546c828af41198edfcc3520d8c0f283eb2555357e275e50fddef434791470b03,2,FOMC,validation,600,642398,234bc929a4a267df9de3abc62d3b7368da1f7798ae905bc2c90c9ea8b300ef25,c46de8eb7a62371ed25bab1f6a27ae98eb65c805b722aed524612f15b84c6003,21d09fdf84bcaa5d61ff1a24ffa2746ab14217312a0d397d825192f57519aed6
546c828af41198edfcc3520d8c0f283eb2555357e275e50fddef434791470b03/stage-03/C-STANCE/test-candidates.jsonl,vamp_core_tsv_r8_scale03_repair000,546c828af41198edfcc3520d8c0f283eb2555357e275e50fddef434791470b03,3,C-STANCE,test,500,596058,ab077cce0f25bfe4502c500ce7f1060a90a194fdae08a21e61f60d4d3905a6b5,db642f44dbd21b13ccbbcc02613921b90ef7ebfbf176b60c85c4a893ca314fea,eeb444a9f06943ccf5b5bbbebd05487247a295079445cc5f6c208ea15108e899
546c828af41198edfcc3520d8c0f283eb2555357e275e50fddef434791470b03/stage-03/C-STANCE/validation-candidates.jsonl,vamp_core_tsv_r8_scale03_repair000,546c828af41198edfcc3520d8c0f283eb2555357e275e50fddef434791470b03,3,C-STANCE,validation,500,573136,ae124711e384c8f14566d8b29effca2b4de116aeb857425394e9183315ac7a5a,1618fb6ddbd1c076b5260e26fb99cd5c62eff8ebbe3b1ab44e60285069fc0f7f,974fc2504dee951ab1e8a8a828213546cfdd5ea87e7a1a90dbbba2e3c744f29e
546c828af41198edfcc3520d8c0f283eb2555357e275e50fddef434791470b03/stage-03/FOMC/test-candidates.jsonl,vamp_core_tsv_r8_scale03_repair000,546c828af41198edfcc3520d8c0f283eb2555357e275e50fddef434791470b03,3,FOMC,test,500,908283,7715c6952338de268444b8b165c13d80a697f93e28518aa50775fc9c76ef66c2,be61648262b3e396333b13f8c4d0293fc48fbe666691dd40fb89836ded6494ba,1e23f499adf9a5b7c1a2fb39c695dcc6439f1c039f64770e24dcd2ecf6686320
546c828af41198edfcc3520d8c0f283eb2555357e275e50fddef434791470b03/stage-03/FOMC/validation-candidates.jsonl,vamp_core_tsv_r8_scale03_repair000,546c828af41198edfcc3520d8c0f283eb2555357e275e50fddef434791470b03,3,FOMC,validation,500,908467,1f04564aa044a664760252fb21b5d54488f531431edd9219cf22d02832059494,d03da44f9a776c6b47fb7c2961f19cc12e8de16b87002838b455973e90c02589,a6ea7c04367eff3ee88be5353beac2856b1c82ebe46ab8245cc84f115486f069
546c828af41198edfcc3520d8c0f283eb2555357e275e50fddef434791470b03/stage-03/MeetingBank/test-candidates.jsonl,vamp_core_tsv_r8_scale03_repair000,546c828af41198edfcc3520d8c0f283eb2555357e275e50fddef434791470b03,3,MeetingBank,test,500,831422,615f576d2d37aa432acf91acff4d77e21829470585e0488a343edf99259dec40,2ca1450caea1fbe37d09fe2b991ab48be3bc5ac6851156895ddf6c4a60910646,92ec69eb603934bbfa11d39a1809ab8ae5df994eb4af3f665dac9a2ae332eac6
546c828af41198edfcc3520d8c0f283eb2555357e275e50fddef434791470b03/stage-03/MeetingBank/validation-candidates.jsonl,vamp_core_tsv_r8_scale03_repair000,546c828af41198edfcc3520d8c0f283eb2555357e275e50fddef434791470b03,3,MeetingBank,validation,500,831994,81e1156f3258a778f9183aba3f341496ba534fcf2c0087ac2b353a93da7d49cd,a58f45fa19c07d1bc4d09f4b7552b8acaafdaad8c17f7e71c88511c65652ea36,64a8eece4824c6ff1e6cf7ad98b26c40c062d8590e17e45d1f364f2c60fcc63e
546c828af41198edfcc3520d8c0f283eb2555357e275e50fddef434791470b03/stage-04/C-STANCE/test-candidates.jsonl,vamp_core_tsv_r8_scale03_repair000,546c828af41198edfcc3520d8c0f283eb2555357e275e50fddef434791470b03,4,C-STANCE,test,700,685134,dd4a53f54eee99318bca756069b6a846740582b13f8c81799b16b63b4b0e2fe8,22dd3fedceb8fa4a12f3edba9a6df2bd39796c08c6c43c4d8f2a19cbde6cb616,ad4d4d4fc6bc1a5f3841b9c47b5597190d98e436b65079fd2bc68a0d762c12be
546c828af41198edfcc3520d8c0f283eb2555357e275e50fddef434791470b03/stage-04/C-STANCE/validation-candidates.jsonl,vamp_core_tsv_r8_scale03_repair000,546c828af41198edfcc3520d8c0f283eb2555357e275e50fddef434791470b03,4,C-STANCE,validation,700,651073,936da9480f6fb7482eb79218afeacf1861a287ccbbcb15a80bce2249068fbce5,583ee26b24591864810834e01274802df1d726da56245bf619ccdaca132f3cd6,13dc86ecc5dcc166e5d05ca48234e3bf8bdd5d33d9ae4a2c69184abf9b4262fd
546c828af41198edfcc3520d8c0f283eb2555357e275e50fddef434791470b03/stage-04/FOMC/test-candidates.jsonl,vamp_core_tsv_r8_scale03_repair000,546c828af41198edfcc3520d8c0f283eb2555357e275e50fddef434791470b03,4,FOMC,test,700,1010088,cbad5150f342be4286e8340484744ba3e083423720c4b25c748143d35821ffec,428f06c83f7e817254cd2b2c014dbcd350f2b144d0892c43bd1591ddd1339378,566f17d50e91018b56fb454b8e5121fbb746b0817179b8bf2eafffef91bc2890
546c828af41198edfcc3520d8c0f283eb2555357e275e50fddef434791470b03/stage-04/FOMC/validation-candidates.jsonl,vamp_core_tsv_r8_scale03_repair000,546c828af41198edfcc3520d8c0f283eb2555357e275e50fddef434791470b03,4,FOMC,validation,700,994171,0d743a44c034db1d009e7abe0d7873326776ca676ce2b4b597828e54a04801c9,f2b2642012649a017ee2b8741e36ac64c76728d8f80aa6634713dcb88d35ab96,6e848a244427c49b9b0f7d97ef7ba38fa9c01335b318fa8c8f6a204bc6354c3d
546c828af41198edfcc3520d8c0f283eb2555357e275e50fddef434791470b03/stage-04/MeetingBank/test-candidates.jsonl,vamp_core_tsv_r8_scale03_repair000,546c828af41198edfcc3520d8c0f283eb2555357e275e50fddef434791470b03,4,MeetingBank,test,700,1029985,6c5cd21ae217f3bf1c2f3bce301dc71a9540c5aa13f9c1eed7ba1be9177ee9f1,584f9845688cbf5cf040caee493f058828503ed1e0e536aa58e7c2f7a1d21ea2,7708484a8a00c4488bfc84a1cc4cef2e51bf4d7704591261349b3bf698b96f78
546c828af41198edfcc3520d8c0f283eb2555357e275e50fddef434791470b03/stage-04/MeetingBank/validation-candidates.jsonl,vamp_core_tsv_r8_scale03_repair000,546c828af41198edfcc3520d8c0f283eb2555357e275e50fddef434791470b03,4,MeetingBank,validation,700,1065812,a0bd3118ecc8955ae746b354947dc3083f1db0298f02d659a492e1c47113c80f,2b9b570840f6a53c92e747307ed76b063cc8fdf00104d58975a7c0f276b96af7,ca305118e9dd8898f6a76167ab239fef1860a3933eecda464df3b219db0362d3
546c828af41198edfcc3520d8c0f283eb2555357e275e50fddef434791470b03/stage-04/Py150/test-candidates.jsonl,vamp_core_tsv_r8_scale03_repair000,546c828af41198edfcc3520d8c0f283eb2555357e275e50fddef434791470b03,4,Py150,test,700,1125395,f40329ebb19befb95cc335bdfe5b8ba41042c0ed41b7c572a52f8c8d8f5cf4c6,211b801df3df46639094db4ec519a8ee8c7c62bfc6d28ab6692a867db021aca4,4b6b0b2be0b4cdd924c4bf58ba5c96c7abcf89dea56a1fdb92a0e0fe99ffdbd6
546c828af41198edfcc3520d8c0f283eb2555357e275e50fddef434791470b03/stage-04/Py150/validation-candidates.jsonl,vamp_core_tsv_r8_scale03_repair000,546c828af41198edfcc3520d8c0f283eb2555357e275e50fddef434791470b03,4,Py150,validation,700,1146724,a24877c059dfff113e133d99e66d0319217e4b2cce4f91643310d833be81d353,b4e9a3f9cdd6072b558c620b30f8e77dc1ca7ce1e0ee300adcc40dfd361de29d,1d9edf1658b62d23c6e956373279a8b406f0acef0339cbd0c0700ed07e1007e3
546c828af41198edfcc3520d8c0f283eb2555357e275e50fddef434791470b03/stage-05/C-STANCE/test-candidates.jsonl,vamp_core_tsv_r8_scale03_repair000,546c828af41198edfcc3520d8c0f283eb2555357e275e50fddef434791470b03,5,C-STANCE,test,700,857997,cba7514e7c8a3eaf9a92ed3fc474a0a72849cf97acc88cbb246c391920446968,698219f6202484ea6fc6de07d88812b9c50acb202f2cca1f0d68838090aeeeef,a96e67b8e1eb12eedbc85eba1420c884545f11e06403886642cb799d993902ac
546c828af41198edfcc3520d8c0f283eb2555357e275e50fddef434791470b03/stage-05/C-STANCE/validation-candidates.jsonl,vamp_core_tsv_r8_scale03_repair000,546c828af41198edfcc3520d8c0f283eb2555357e275e50fddef434791470b03,5,C-STANCE,validation,700,851011,7b02a84b574f09a5af7412e61926248572b47d03177247facb4413282609458b,70d2ccd4c2e66a0b4b6c70b21ca3704c04ded94b9673c216bec6644337d698a0,c38de7767b90f8ee02eb8889709adbefa2869a8ca21395fd889265e3680ab2c1
546c828af41198edfcc3520d8c0f283eb2555357e275e50fddef434791470b03/stage-05/FOMC/test-candidates.jsonl,vamp_core_tsv_r8_scale03_repair000,546c828af41198edfcc3520d8c0f283eb2555357e275e50fddef434791470b03,5,FOMC,test,700,1580506,0caca0e2a2c37b60e8da46543361f613864e685b243d33ad7cfa2bfaa03b5043,6a495e31fc8ce0e808cf2fa0a476b6e5646b0b2df9dc70c8c3c80480ba0710f5,93f57fa8f1ed0c59dfb0a41d1ae1fbe3586ebe955f45553879b8f8cc62d0b6fb
546c828af41198edfcc3520d8c0f283eb2555357e275e50fddef434791470b03/stage-05/FOMC/validation-candidates.jsonl,vamp_core_tsv_r8_scale03_repair000,546c828af41198edfcc3520d8c0f283eb2555357e275e50fddef434791470b03,5,FOMC,validation,700,1529021,b202a095b578ca6aeb1ac6b3f65cdfb1c165afdaa585f00fa74669b78a42c7d9,4cf6065167028dc63f3b9fdbb3a2b92d04f8a1982094294bcfe0ca8cf5b5328f,5beea9c329b6e823b6b9d99c36e21b1af5a1177adeeb89e9dc912d6ca4e77021
546c828af41198edfcc3520d8c0f283eb2555357e275e50fddef434791470b03/stage-05/MeetingBank/test-candidates.jsonl,vamp_core_tsv_r8_scale03_repair000,546c828af41198edfcc3520d8c0f283eb2555357e275e50fddef434791470b03,5,MeetingBank,test,700,1328705,67cb72337fb6388899191d5ae1f89e777849921589db5d10c0e19198e8d49592,9bdbe0e7ebe998d5b5522495c6bce065f04422e53dbf323ee1147f3396280acf,96cd1ce30000e7b9e4ad7039a9d715306fe350379e69a48de812563d096a6706
546c828af41198edfcc3520d8c0f283eb2555357e275e50fddef434791470b03/stage-05/MeetingBank/validation-candidates.jsonl,vamp_core_tsv_r8_scale03_repair000,546c828af41198edfcc3520d8c0f283eb2555357e275e50fddef434791470b03,5,MeetingBank,validation,700,1292063,46e35f3bfc14b3a34385d94a33932672f1562ebdcbff41b054ce908deac14ca3,93a4b0b563888b6948adbbaf8e8ea98e08d2deee9980b4b93a04cd20b5b2e9a6,f8bc2d4df7fa0dc556d652fa96319f062e700977622af5f596162bcc2cf48b23
546c828af41198edfcc3520d8c0f283eb2555357e275e50fddef434791470b03/stage-05/Py150/test-candidates.jsonl,vamp_core_tsv_r8_scale03_repair000,546c828af41198edfcc3520d8c0f283eb2555357e275e50fddef434791470b03,5,Py150,test,700,1456074,f659077f3cd2870039f34b8188f33d1c9c710cd74196719f36d8364d72c6cde7,2e8790b1a47125b172fc361d41c30e684726b9b631ae7aee28b3569030f78d62,39a5958af5bdab7952059807fa76dfb899f4b64cb76b88e85cc4f31871dc3f4f
546c828af41198edfcc3520d8c0f283eb2555357e275e50fddef434791470b03/stage-05/Py150/validation-candidates.jsonl,vamp_core_tsv_r8_scale03_repair000,546c828af41198edfcc3520d8c0f283eb2555357e275e50fddef434791470b03,5,Py150,validation,700,1469711,d878ee69f4fa02543fbf9ead976f5c0c93e2692a3980f903340fc960123d2b08,60f3da7ed854dcf3b9a395cfe9e7dc7c5721648fbd5c249cc31877ae0274c36d,d29186ff59b1aa8b5365a8348e6a1154102f182d187b2446433bebe3b10d535d
546c828af41198edfcc3520d8c0f283eb2555357e275e50fddef434791470b03/stage-05/ScienceQA/test-candidates.jsonl,vamp_core_tsv_r8_scale03_repair000,546c828af41198edfcc3520d8c0f283eb2555357e275e50fddef434791470b03,5,ScienceQA,test,700,769178,2e83da9a13ef688cc96d9d83bba1bbd0e33ea6c3129610b4fd4e1d61d733eb3c,efc650a95af5208f85d73e6f1d9e4f4878cae7a5b96a7ab00c53bae09acaf712,21c4bc51c1efdedb65f85f8a6c4537846f235bb4a0f6eee1d884b4251200fc04
546c828af41198edfcc3520d8c0f283eb2555357e275e50fddef434791470b03/stage-05/ScienceQA/validation-candidates.jsonl,vamp_core_tsv_r8_scale03_repair000,546c828af41198edfcc3520d8c0f283eb2555357e275e50fddef434791470b03,5,ScienceQA,validation,700,766224,28f8c5db8a6176253cefe571787f107403b2dda52a98be2a30eb640ab4e0004d,e9ee35130f36da6f9c936b7fd43f2b80dd3a30f5bf921bf68c286348bf8e5848,6cddd4245bce7522663f860595a4e1f8933abf1ddd7864ff31a1b1b290705a5a
546c828af41198edfcc3520d8c0f283eb2555357e275e50fddef434791470b03/stage-06/C-STANCE/test-candidates.jsonl,vamp_core_tsv_r8_scale03_repair000,546c828af41198edfcc3520d8c0f283eb2555357e275e50fddef434791470b03,6,C-STANCE,test,900,898410,24dd8713e3890d4b5ddf5ef015bfe7a4c5f6091ad15a2771183c6e72251a7ea5,9988a3477014f236b2c499d06aeb5b709aeb6e0c24d55d74f80ed274e5152526,f44892bed10d49b302c09a8028c23c497645294135340b64e21feb33a967e1ba
546c828af41198edfcc3520d8c0f283eb2555357e275e50fddef434791470b03/stage-06/C-STANCE/validation-candidates.jsonl,vamp_core_tsv_r8_scale03_repair000,546c828af41198edfcc3520d8c0f283eb2555357e275e50fddef434791470b03,6,C-STANCE,validation,900,862908,fa8370e83852d124a855c891e1e27bb79aa1c5bc66e471cccf535d0ea6636c4e,58071f5531665055fc7a379c7b45ab6a1634dd53e95284d040f7e740f77abdc9,18831ba5091ede1064df5c36978c9a7bd0a15e9adeb82518dce10b54cb92151d
546c828af41198edfcc3520d8c0f283eb2555357e275e50fddef434791470b03/stage-06/FOMC/test-candidates.jsonl,vamp_core_tsv_r8_scale03_repair000,546c828af41198edfcc3520d8c0f283eb2555357e275e50fddef434791470b03,6,FOMC,test,900,1393705,68d9fb4efa00550eec0661e67d0af07c0afef0b375e2b5834ed2b62a0386ee1d,514cdc20a66a0c2582c07c58a42727b2b528919ed325b4808d75b646744ed0c5,442b44f4e501b32e6336fdb3889446e20eb66727e9a169344a8bbe8076f56769
546c828af41198edfcc3520d8c0f283eb2555357e275e50fddef434791470b03/stage-06/FOMC/validation-candidates.jsonl,vamp_core_tsv_r8_scale03_repair000,546c828af41198edfcc3520d8c0f283eb2555357e275e50fddef434791470b03,6,FOMC,validation,900,1366968,8b82af361954b8cb4a5642d5d01e51a3d76097b705071b871e3719329131a252,5ffa1c2de82389bdd635db4db5f6c5bda998b3643c450bd33b45faa547678efa,d2a276bbca454b57a27963b42b3b4861a4af1b1b278b7f18211b1d6c71b7fca9
546c828af41198edfcc3520d8c0f283eb2555357e275e50fddef434791470b03/stage-06/MeetingBank/test-candidates.jsonl,vamp_core_tsv_r8_scale03_repair000,546c828af41198edfcc3520d8c0f283eb2555357e275e50fddef434791470b03,6,MeetingBank,test,900,1450418,6d70d3b8e05152b413c19a2453043f584c67c69b57bfc65fd809cf1e81a3f994,6f33a99f390ae8832675b59be91c08ea484a718c84d906776ccd6ccb806399c2,a5237d95041459936a59cec610143bf9692b86a51fe795426346c57386e1cba0
546c828af41198edfcc3520d8c0f283eb2555357e275e50fddef434791470b03/stage-06/MeetingBank/validation-candidates.jsonl,vamp_core_tsv_r8_scale03_repair000,546c828af41198edfcc3520d8c0f283eb2555357e275e50fddef434791470b03,6,MeetingBank,validation,900,1459412,dfbce8a678d2ac00451cd4500c4f1427da1fd07c5976258628fd9cd156c8869b,a7c1949c1be2d1e7c7ba4d3692d5e7bd7a5291c87133d531408e9315eb09c9f2,c3bfb537c08e67da5867d54bfdfdfea0a615ce54eea9cc28aea0eb27923aac30
546c828af41198edfcc3520d8c0f283eb2555357e275e50fddef434791470b03/stage-06/NumGLUE-cm/test-candidates.jsonl,vamp_core_tsv_r8_scale03_repair000,546c828af41198edfcc3520d8c0f283eb2555357e275e50fddef434791470b03,6,NumGLUE-cm,test,729,733561,276f7323da56884bbba8b0498832519cd7b67380e0ab6da6101bd4b1c1ce8358,eea5d3b3f35996be710ce1b5995bd101125bb51d0ed5f90871a364c268f6fff3,ec43fbe7f2b235298dec4edb525ebc95f281c518d3e9ca0c6d9bad5beec5cc46
546c828af41198edfcc3520d8c0f283eb2555357e275e50fddef434791470b03/stage-06/NumGLUE-cm/validation-candidates.jsonl,vamp_core_tsv_r8_scale03_repair000,546c828af41198edfcc3520d8c0f283eb2555357e275e50fddef434791470b03,6,NumGLUE-cm,validation,369,371722,a524271df0be4a62c60d3aee3c823d1fac92788f430abbf9aa62e98d2c4d0b79,ffe76425438735baad9ecf72cd77c5ce1c51656d71f2d7a00e0392a2ff3ad971,de1efa4b8382b9761ba684bc5486b3c1bdb654efe56cac8aaac2ac4dee997862
546c828af41198edfcc3520d8c0f283eb2555357e275e50fddef434791470b03/stage-06/Py150/test-candidates.jsonl,vamp_core_tsv_r8_scale03_repair000,546c828af41198edfcc3520d8c0f283eb2555357e275e50fddef434791470b03,6,Py150,test,900,1846750,5dc248b8c55bf36a5d89cbd563fc88a5dc5f397efc9d9e876447eb4cf918d4f0,cb67604dfe1bba5170a964442a1d42bf56df6dff18bd56e4a4dc81a360d43fd8,5ec6f9286922061019ead050a9c4e5c5056512f7978e263d7e011c35d7f58747
546c828af41198edfcc3520d8c0f283eb2555357e275e50fddef434791470b03/stage-06/Py150/validation-candidates.jsonl,vamp_core_tsv_r8_scale03_repair000,546c828af41198edfcc3520d8c0f283eb2555357e275e50fddef434791470b03,6,Py150,validation,900,1887683,9dc7b30ef5f752d4d91c71d5e8b1d1bd2addcfdfb77f0c298a90e830c06642a2,37ffe07166e585adfd9dec04eb4a95193522f896b232f378ddb350be7d567c8a,026aa7654a4e393125163db31b4e9dce732e2a6e8e2af8bba970f6c22d677079
546c828af41198edfcc3520d8c0f283eb2555357e275e50fddef434791470b03/stage-06/ScienceQA/test-candidates.jsonl,vamp_core_tsv_r8_scale03_repair000,546c828af41198edfcc3520d8c0f283eb2555357e275e50fddef434791470b03,6,ScienceQA,test,900,803695,c4f635ebca06f2077cdb8160ff53a0789557832945bdc5fb7a75c5aee8388acd,815c3b98faa54dd25654d4bd18ec1897b47d874ba3c4f0163fbcb06717f677b8,c2188a51655e626b5ffe70de63447ea7aaabb3cc9466b40e3561baa3a4eea94a
546c828af41198edfcc3520d8c0f283eb2555357e275e50fddef434791470b03/stage-06/ScienceQA/validation-candidates.jsonl,vamp_core_tsv_r8_scale03_repair000,546c828af41198edfcc3520d8c0f283eb2555357e275e50fddef434791470b03,6,ScienceQA,validation,900,832302,d5c7ae320a7dcbf65ad00bc0f3201f877a174fd1aaa742debdca12c640324003,2e45fbcaae970b4125dc0854ff870a12cc2dffa9de71751fd9f22f18abecb5a9,e1540b394c97ec3262f039097467f0d3a19e8c1c2e948ba815010d2dcfc68661
546c828af41198edfcc3520d8c0f283eb2555357e275e50fddef434791470b03/stage-07/C-STANCE/test-candidates.jsonl,vamp_core_tsv_r8_scale03_repair000,546c828af41198edfcc3520d8c0f283eb2555357e275e50fddef434791470b03,7,C-STANCE,test,700,742815,48ad421a3069581cf65c2d87f09b8424e9b4c56ae17f2b16e3b7ac9a29fd0aaa,e5fc554845d009d3623ecae9ed54c67b027219b9a61ad2fcc6581bdb92f2f7f8,e77385a13288dd248fbdc0a2683356f314ec79b539fc40bb1b7ffa23033c2d04
546c828af41198edfcc3520d8c0f283eb2555357e275e50fddef434791470b03/stage-07/C-STANCE/validation-candidates.jsonl,vamp_core_tsv_r8_scale03_repair000,546c828af41198edfcc3520d8c0f283eb2555357e275e50fddef434791470b03,7,C-STANCE,validation,700,717073,19e67e50a09adfdc272fe58ee447195fc171c04f8853b94db4639bad07f53e66,2389501e331e8862fcc873b5509e9f1fdb736ff680c6cba79310690c96cc872b,e3b5c674ff9d1158d65b36390bc36ac93d76637ca7b00892e32687888a8237a6
546c828af41198edfcc3520d8c0f283eb2555357e275e50fddef434791470b03/stage-07/FOMC/test-candidates.jsonl,vamp_core_tsv_r8_scale03_repair000,546c828af41198edfcc3520d8c0f283eb2555357e275e50fddef434791470b03,7,FOMC,test,700,1226560,c8ec649b190785be125d45bd9aab84dd6abce72123b651ef4a021fcc000cedd0,1984c5075597841d24df54101db7c7494664c6c88d21c31c7d65dd4a1bb6ac8f,3c5f6559b0e52ce24f9abd7789edb86e66071b26bf51b6a8fcec312b03f3e7da
546c828af41198edfcc3520d8c0f283eb2555357e275e50fddef434791470b03/stage-07/FOMC/validation-candidates.jsonl,vamp_core_tsv_r8_scale03_repair000,546c828af41198edfcc3520d8c0f283eb2555357e275e50fddef434791470b03,7,FOMC,validation,700,1173315,9cd96247448ea760fda3380017e1aab386de0dc5c750c368e865f84a94949594,0a95461e8f3a465eedde771cf1b2f7186a7fd851b40ed72e0af1450dcba6b248,f5d655f854ae0af53b0af2de1839aa34002eec66e99e8d53e3e70de1330e43b6
546c828af41198edfcc3520d8c0f283eb2555357e275e50fddef434791470b03/stage-07/MeetingBank/test-candidates.jsonl,vamp_core_tsv_r8_scale03_repair000,546c828af41198edfcc3520d8c0f283eb2555357e275e50fddef434791470b03,7,MeetingBank,test,700,1200108,3c5009a32c9f4f9e5ccef17957beeeb478a490e0d1e5535140b2ab2e7043b234,41c8e389ff63d142210c0ffb293942e207db3e6f3f11aed0e1e082960b148a7d,a2dbc01a0da3389ff0eee63c8659f742ec2dd6f16da8a824670be3fcbd58240e
546c828af41198edfcc3520d8c0f283eb2555357e275e50fddef434791470b03/stage-07/MeetingBank/validation-candidates.jsonl,vamp_core_tsv_r8_scale03_repair000,546c828af41198edfcc3520d8c0f283eb2555357e275e50fddef434791470b03,7,MeetingBank,validation,700,1200471,dbfbbe3d86850848f3048ed833eccffae1efb3327080d80e76f73bbd4a06206a,3c674988c1532f12debd7d1192140090a36185e2a4f589e1627db72f37a302a2,7a925d428b6712936ce8568f014d14dac53ad04c5d118401cae931c2f179af80
546c828af41198edfcc3520d8c0f283eb2555357e275e50fddef434791470b03/stage-07/NumGLUE-cm/test-candidates.jsonl,vamp_core_tsv_r8_scale03_repair000,546c828af41198edfcc3520d8c0f283eb2555357e275e50fddef434791470b03,7,NumGLUE-cm,test,567,543871,76323c70a99d100b9354ed007a8133803c381901f99d8c4c47c659dcde099331,0895f0ecea83dfb1eb1778285f38bc46cc214c62774d625d21ba1cbf1c26c892,69e48d886c78b71d88f30a030e5021fef522890a8c0e13224f2aa1c29973dabe
546c828af41198edfcc3520d8c0f283eb2555357e275e50fddef434791470b03/stage-07/NumGLUE-cm/validation-candidates.jsonl,vamp_core_tsv_r8_scale03_repair000,546c828af41198edfcc3520d8c0f283eb2555357e275e50fddef434791470b03,7,NumGLUE-cm,validation,287,281078,9acdb18c513bfc20ae80d34f135a42a4d55b874b49839269eea2654da66c31b3,60565d878fe479e5720fec787429c35dd39f01efd6e0502de2f11ac4f5b7f85e,dd743584cce3c0a18c7b85f98a689fec16aed1dd70bb627bd36a6cadd08a683a
546c828af41198edfcc3520d8c0f283eb2555357e275e50fddef434791470b03/stage-07/NumGLUE-ds/test-candidates.jsonl,vamp_core_tsv_r8_scale03_repair000,546c828af41198edfcc3520d8c0f283eb2555357e275e50fddef434791470b03,7,NumGLUE-ds,test,700,792917,16a6aeb1f1d5a6cfd8f41d3382ccee006f0a261f64a07852679cb674344bf4dc,c354af835dd43c06bfbf51a36b510f70f760eea96a6b83657198c7efae630926,2e80843030d1a780274e546b6fb618f29aefd3d734b9d0bd33017c0034d8b2d0
546c828af41198edfcc3520d8c0f283eb2555357e275e50fddef434791470b03/stage-07/NumGLUE-ds/validation-candidates.jsonl,vamp_core_tsv_r8_scale03_repair000,546c828af41198edfcc3520d8c0f283eb2555357e275e50fddef434791470b03,7,NumGLUE-ds,validation,700,780598,f5fda9d2828f37f9c5d686e49e93710c720c6fdc8444c427c46d303a827b7853,bbc046c3b126ee029cb464fa37a1189dec2de6c3420635df5b8438d2974d9eb4,e3345c99df41c0db39d187944374d142f5e24758ba910816c5d46bca775f6b50
546c828af41198edfcc3520d8c0f283eb2555357e275e50fddef434791470b03/stage-07/Py150/test-candidates.jsonl,vamp_core_tsv_r8_scale03_repair000,546c828af41198edfcc3520d8c0f283eb2555357e275e50fddef434791470b03,7,Py150,test,700,1454122,e7b401b76623e90f92117cd317035fc54ffd9704e1eff19a64f85a0215b23a17,dbbd101f9d1965d6fe3315557ab021424dc2a64b352c8626cbd89bcc48b9461e,b5bedd92617dc81bfae5700af94caa40f8b6aa84199c4fda978c787ed9174e36
546c828af41198edfcc3520d8c0f283eb2555357e275e50fddef434791470b03/stage-07/Py150/validation-candidates.jsonl,vamp_core_tsv_r8_scale03_repair000,546c828af41198edfcc3520d8c0f283eb2555357e275e50fddef434791470b03,7,Py150,validation,700,1463543,64e66f84fc2061e679a769454a4572396422070305e576cc089af40070782077,0610eb636f2a132feebff449dffc0583527d40edb7718e219bdaa533a4a2e44b,f12ab67aac635b0b1b08e6bfea6a8c307fe13e402272312f05e4f4a853bde4a1
546c828af41198edfcc3520d8c0f283eb2555357e275e50fddef434791470b03/stage-07/ScienceQA/test-candidates.jsonl,vamp_core_tsv_r8_scale03_repair000,546c828af41198edfcc3520d8c0f283eb2555357e275e50fddef434791470b03,7,ScienceQA,test,700,655479,8c0e16bb6c75b6fad759660f1366e52f33c5f970511bd632af014a8c574c1ad9,48bac62ea0486c1ac8eadcbe3471b8e9eecfa53348c8d995f642dbcde036a8de,9dd4179a4a14be2ca23c2628ef7a8d28054e7cf15c6ed6460a2a135ada100eb0
546c828af41198edfcc3520d8c0f283eb2555357e275e50fddef434791470b03/stage-07/ScienceQA/validation-candidates.jsonl,vamp_core_tsv_r8_scale03_repair000,546c828af41198edfcc3520d8c0f283eb2555357e275e50fddef434791470b03,7,ScienceQA,validation,700,675006,fe09b2ca0db9f4cdbab662c1272bbef867e5a6dade745b4dc13888a6ae4ea215,f438bbfa480ed97e7e277e28a2b7ebd0916870c1393d371d077ffe98d6722843,c6224458872d800717f963336edefebcd3bc3b9848b563f288de9173686c392d
546c828af41198edfcc3520d8c0f283eb2555357e275e50fddef434791470b03/stage-08/20Minuten/test-candidates.jsonl,vamp_core_tsv_r8_scale03_repair000,546c828af41198edfcc3520d8c0f283eb2555357e275e50fddef434791470b03,8,20Minuten,test,800,1318637,cb9708e1a502d31f5ca51fa6874bc7b89b6a98f7e7d338fbd4b8853b062a4fa8,88d4d67d0f6e7cc36f51eb73ae99235aeb0d84ba65bd4f5c239049e141c92012,1553f5d696feeb64300334c907dbe3f737575b4767083ee9e0f51c31d6aee687
546c828af41198edfcc3520d8c0f283eb2555357e275e50fddef434791470b03/stage-08/20Minuten/validation-candidates.jsonl,vamp_core_tsv_r8_scale03_repair000,546c828af41198edfcc3520d8c0f283eb2555357e275e50fddef434791470b03,8,20Minuten,validation,800,1338406,acbecf2dbea99db6ddc9113f9d72b90a0b382fe31fc4c7dbe875c942e0ba1e4f,e09482f2d59306ae874839428e81b4578cb5a04767d07641680eef6d666f6894,bd41c8101bfe5b1c396ecafef70c5a15107bb6cbf4c4e89a78d7c9ad530840e1
546c828af41198edfcc3520d8c0f283eb2555357e275e50fddef434791470b03/stage-08/C-STANCE/test-candidates.jsonl,vamp_core_tsv_r8_scale03_repair000,546c828af41198edfcc3520d8c0f283eb2555357e275e50fddef434791470b03,8,C-STANCE,test,800,1139988,03ed18c31422303cf081192628eced553577d0e757f68081c55252257a277a99,5d589f84cb361b193bef0c8d3435b0e34ad855d7811e95343cfb1b981082d62e,33be4fcf39852ef86887e8382d96e16b821cc4bc72f8fbd3cd73e38546f0be32
546c828af41198edfcc3520d8c0f283eb2555357e275e50fddef434791470b03/stage-08/C-STANCE/validation-candidates.jsonl,vamp_core_tsv_r8_scale03_repair000,546c828af41198edfcc3520d8c0f283eb2555357e275e50fddef434791470b03,8,C-STANCE,validation,800,1093804,78222f227c99c5c0b1a4017f62367f43dbba6b50568f0170e2ffa84a5b53e03c,e3031552f151231fcab676ae7c73ec82678224ba2cbf141a78f4990b4ab4fac9,a8f44672295ffefd82c3d3bb51fe8f44203b1bf955008cb764f9c604fc4da5f1
546c828af41198edfcc3520d8c0f283eb2555357e275e50fddef434791470b03/stage-08/FOMC/test-candidates.jsonl,vamp_core_tsv_r8_scale03_repair000,546c828af41198edfcc3520d8c0f283eb2555357e275e50fddef434791470b03,8,FOMC,test,800,1999524,17f281359dbf034c99458b2a22627ffa9e99ad16b35cf48bb882360dacd4791a,3602cdb9ebbf4f00e9d655674f5c7be3d34e5cec62dc07104d16e22270ce3aae,d149417105fbec568990a3bc95924126870c295faf914acd2ed13bf48867c1dd
546c828af41198edfcc3520d8c0f283eb2555357e275e50fddef434791470b03/stage-08/FOMC/validation-candidates.jsonl,vamp_core_tsv_r8_scale03_repair000,546c828af41198edfcc3520d8c0f283eb2555357e275e50fddef434791470b03,8,FOMC,validation,800,1944750,d59fa807955873fc9ee3a22f2daf671dd3b813820b81ea917d799ffd27ce2fb4,89701a453efee0ecad777bb560c52d48c78db5edc9543cc3ddabfbca45378a57,206dfeb4f7ad4e0e62c2c03de52bab3e858c603b6eba4e62ea0281babcae1bd9
546c828af41198edfcc3520d8c0f283eb2555357e275e50fddef434791470b03/stage-08/MeetingBank/test-candidates.jsonl,vamp_core_tsv_r8_scale03_repair000,546c828af41198edfcc3520d8c0f283eb2555357e275e50fddef434791470b03,8,MeetingBank,test,800,1645350,a899bac95baa2cefcc8c2b1a569c509748fcc30d0a15cb02f049af6ce4cdc0b7,d918756f75156208efbc2a5308c04e2f4d88d45b0cf8fa49f04097a60336757a,7c4e6bb7f9c1ab0f338025cc82716b0e31eca4525cca16f50009587734a3c801
546c828af41198edfcc3520d8c0f283eb2555357e275e50fddef434791470b03/stage-08/MeetingBank/validation-candidates.jsonl,vamp_core_tsv_r8_scale03_repair000,546c828af41198edfcc3520d8c0f283eb2555357e275e50fddef434791470b03,8,MeetingBank,validation,800,1625399,b14672de3c9089a802a1404396b0141f12cc2a9ab44816cbe432704a5d19e403,3f5fb8be7559566eb935c301ce8b98658838e938c3d03b2d365fd102be2f3958,f0699c800c73ce2590d4dd55d3d7a9eeaf5b9cd77dd8148715a663b435902fcc
546c828af41198edfcc3520d8c0f283eb2555357e275e50fddef434791470b03/stage-08/NumGLUE-cm/test-candidates.jsonl,vamp_core_tsv_r8_scale03_repair000,546c828af41198edfcc3520d8c0f283eb2555357e275e50fddef434791470b03,8,NumGLUE-cm,test,648,912368,076092051c258d4fa67b7e39d2ce5a40856aa60a575be723bbb621ec05603438,233f8212f0711cbd05232781f9503508e830b6e825c1f4b9414799e6ce2dcd51,8bb9aba58bbdebd18c1e706876abae47b388983c8973b01f2396c9047aab35b7
546c828af41198edfcc3520d8c0f283eb2555357e275e50fddef434791470b03/stage-08/NumGLUE-cm/validation-candidates.jsonl,vamp_core_tsv_r8_scale03_repair000,546c828af41198edfcc3520d8c0f283eb2555357e275e50fddef434791470b03,8,NumGLUE-cm,validation,328,491736,d58feb83e5366a22b7f112d466ec864652ab521323e2b856d30510ca7624c30f,e1820a3039d10884d4a1bad552f705c933d78a45944b8e0df8c30afb31786775,262657a104697f10094040599b49e9248a05683a803f3429eabac44c72ba4cdb
546c828af41198edfcc3520d8c0f283eb2555357e275e50fddef434791470b03/stage-08/NumGLUE-ds/test-candidates.jsonl,vamp_core_tsv_r8_scale03_repair000,546c828af41198edfcc3520d8c0f283eb2555357e275e50fddef434791470b03,8,NumGLUE-ds,test,800,1261143,c89d0f64478ac4b0191809d385e21c708f1321927d44a26e96d091c6f5d1e9c7,04bf3a47ce034f04464b7107805b842d83dfe3751248ed3f6a6041fd1ab8778f,5d8f605fb720eb95f4942369d301624ab7f919f18ed61e36678cbf89ac40be32
546c828af41198edfcc3520d8c0f283eb2555357e275e50fddef434791470b03/stage-08/NumGLUE-ds/validation-candidates.jsonl,vamp_core_tsv_r8_scale03_repair000,546c828af41198edfcc3520d8c0f283eb2555357e275e50fddef434791470b03,8,NumGLUE-ds,validation,800,1257162,9df898d8209bd622c47948f9529df51970acade674d4f5388e3aabe533578b8c,b7b96feb5dacccb3556b7fcbaf9dbd01bdf4a5cff24606a1f7ef49600975f724,5862befd9625d36b7195791b035405afec5fbd738dd675c473d6b3c44009817a
546c828af41198edfcc3520d8c0f283eb2555357e275e50fddef434791470b03/stage-08/Py150/test-candidates.jsonl,vamp_core_tsv_r8_scale03_repair000,546c828af41198edfcc3520d8c0f283eb2555357e275e50fddef434791470b03,8,Py150,test,800,1662094,4916fcf3f23bedde0d081a08d5a7d270dfa53dec91565a65f54185dc1cc6981f,511b69c9e4c9cc8ea1d4314867603b543687a65589fff13a55cd88e51653701a,3af765ae4c7d3d972fbb1022893e60cf8cca0bc7720f06d9cfbb18fc4147c833
546c828af41198edfcc3520d8c0f283eb2555357e275e50fddef434791470b03/stage-08/Py150/validation-candidates.jsonl,vamp_core_tsv_r8_scale03_repair000,546c828af41198edfcc3520d8c0f283eb2555357e275e50fddef434791470b03,8,Py150,validation,800,1688052,482515719631639f18532cf1db4a73f985386e0a212d13f10624f58d0c290589,4df9b89c8bc6c2df3f4b54b125e624bd30b76838b6280ae3f7f981247183358e,f1403141263299bd08a40f7e06c90b3bd504565a66410c53230a4ba11826d3f2
546c828af41198edfcc3520d8c0f283eb2555357e275e50fddef434791470b03/stage-08/ScienceQA/test-candidates.jsonl,vamp_core_tsv_r8_scale03_repair000,546c828af41198edfcc3520d8c0f283eb2555357e275e50fddef434791470b03,8,ScienceQA,test,800,870379,07456b32a0bc4d9b5ae9c3a818835743ffe02eaf03fae211951eff635a4296b2,04b388dff16115aeb1eded98c17cb49f5c188dda1cfcce3cf369a0fc33705f41,70e04e9966def137ac8fa5dcbf44b0ef962d577017207cf0a69f319df0164a00
546c828af41198edfcc3520d8c0f283eb2555357e275e50fddef434791470b03/stage-08/ScienceQA/validation-candidates.jsonl,vamp_core_tsv_r8_scale03_repair000,546c828af41198edfcc3520d8c0f283eb2555357e275e50fddef434791470b03,8,ScienceQA,validation,800,884172,a60300a90daa1eaaaf4dc173658e98a7b6614bacf01680238de8b7cf41666e06,56ca7cea5482dc2ae992f8515e692fb03a466cbce431e2226555df4c03c18efa,504c7e9ac587e09465c32b03fb868ff942b98af6badc2f6c2cac6723ea2a08cf
828c74a74e3d66a2cfc9d94f28364e1c66a68299ff34912bbb000bfb137ccfed/stage-01/C-STANCE/test-candidates.jsonl,vamp_core_tsv_r8_scale05_repair010,828c74a74e3d66a2cfc9d94f28364e1c66a68299ff34912bbb000bfb137ccfed,1,C-STANCE,test,400,308822,c2c7ffbd2e2a4b09467499b156370911b63db99ecf55d943dc216fc572b5ae91,f9ae2f9653a11a7b7156e5dc05bd7dd952964fac8250d8af73af2fc1cdb50825,8bab4ab6eaa34a4e90e9b7da573352799c7f86ec902fac8e641d19b33036b089
828c74a74e3d66a2cfc9d94f28364e1c66a68299ff34912bbb000bfb137ccfed/stage-01/C-STANCE/validation-candidates.jsonl,vamp_core_tsv_r8_scale05_repair010,828c74a74e3d66a2cfc9d94f28364e1c66a68299ff34912bbb000bfb137ccfed,1,C-STANCE,validation,400,303840,2864b76a9459d08bedc6017cb48746b8b0cabd7b02a431185ea130e294a4e80c,d1238185e5b91b1e05c0c29bcc0665c1775ad38e6f8cc8e0ce288fdcb615a090,c55324e0f898621afb7a4af91609e2bb4f7192bb79c50fd34d3bd107b0c5bf9c
828c74a74e3d66a2cfc9d94f28364e1c66a68299ff34912bbb000bfb137ccfed/stage-02/C-STANCE/test-candidates.jsonl,vamp_core_tsv_r8_scale05_repair010,828c74a74e3d66a2cfc9d94f28364e1c66a68299ff34912bbb000bfb137ccfed,2,C-STANCE,test,600,437819,b3594c2f411c2de36b172e022680afa6993cb3401ee92a1c39bebb4be4248473,a2b2aacfca818ec0f4ac8fade20eb77ff65575c8c7efe6b1560d72c1bfda64b2,371fd73128b0541249ba57d7d3f5b192f0abf0c1e7a0152d1a80f4c5e4563cd5
828c74a74e3d66a2cfc9d94f28364e1c66a68299ff34912bbb000bfb137ccfed/stage-02/C-STANCE/validation-candidates.jsonl,vamp_core_tsv_r8_scale05_repair010,828c74a74e3d66a2cfc9d94f28364e1c66a68299ff34912bbb000bfb137ccfed,2,C-STANCE,validation,600,429618,7216d2f43a2e88bc3fe97d3fb9a815072464af7483ba3dd1ba1431beffc30db6,d512d68001f4b96ba9ead999f09605182efa9e505bfe01ef61d003ad7ed704b4,54c3082764af309c8dd08d123615964393d015d5daf22a06bc827f93f6d965b9
828c74a74e3d66a2cfc9d94f28364e1c66a68299ff34912bbb000bfb137ccfed/stage-02/FOMC/test-candidates.jsonl,vamp_core_tsv_r8_scale05_repair010,828c74a74e3d66a2cfc9d94f28364e1c66a68299ff34912bbb000bfb137ccfed,2,FOMC,test,600,587171,a7655ae3d91caf2929ac0c8e3228e48ea9dc6ae958e7ab44cffa174745b31407,7d2fd19f7caf255b4328ca8dfd7f473e66a5d5b5be33c90526dbfe2f220c5b97,4554c7b270b6e3bfd9b093ce0131399e4735f697d1f46958820fe2610da8bbf7
828c74a74e3d66a2cfc9d94f28364e1c66a68299ff34912bbb000bfb137ccfed/stage-02/FOMC/validation-candidates.jsonl,vamp_core_tsv_r8_scale05_repair010,828c74a74e3d66a2cfc9d94f28364e1c66a68299ff34912bbb000bfb137ccfed,2,FOMC,validation,600,592142,888164f9e1c31d1f76094bba69ab5d1d57fd745edd0571a51373564820de8807,4eea6a02a6dec08b525f9792ffd4dc8020864732ce579af73efed12a4a525404,63851743ab10e0a27c61bad6f8ffbe51df62502f575fcd0d4af33be613e6da42
828c74a74e3d66a2cfc9d94f28364e1c66a68299ff34912bbb000bfb137ccfed/stage-03/C-STANCE/test-candidates.jsonl,vamp_core_tsv_r8_scale05_repair010,828c74a74e3d66a2cfc9d94f28364e1c66a68299ff34912bbb000bfb137ccfed,3,C-STANCE,test,500,497357,2ce0f89e105eae1edc240ae6b3f0c02224dd6b504348c9d550449ade537c4b90,62317be3c8c370a8ef31293d1afc1ef2c88bae37f3deb5e39b5b1b080a8ebf53,ac4bc4a0499d1dca78b8a864560a89fb86c926c06d4036b39a6b7d704a3b34e2
828c74a74e3d66a2cfc9d94f28364e1c66a68299ff34912bbb000bfb137ccfed/stage-03/C-STANCE/validation-candidates.jsonl,vamp_core_tsv_r8_scale05_repair010,828c74a74e3d66a2cfc9d94f28364e1c66a68299ff34912bbb000bfb137ccfed,3,C-STANCE,validation,500,480230,b845671b67c5d6662c1f2553d0e604d0346c44ba42e79066be5112860d47e1c8,8f6bbca527de871bbdc85f8cc139318bfcccc4996eb1bba6378ef9f3132b548c,88418e34428ce497843a997fd26c285d8b2ecd1081aaea8de2a20033f02a5dc7
828c74a74e3d66a2cfc9d94f28364e1c66a68299ff34912bbb000bfb137ccfed/stage-03/FOMC/test-candidates.jsonl,vamp_core_tsv_r8_scale05_repair010,828c74a74e3d66a2cfc9d94f28364e1c66a68299ff34912bbb000bfb137ccfed,3,FOMC,test,500,740495,13d90827d609a1919b3304137103a61b00d86bc283cac35336d33315b565ed8e,821838ad062c71716e5663b12f220e92c2df2e9b36cf0213b92b99fa8c8a8366,ecd0ff66cbaccf38d6e83307b9a6adb8b6d84ae03d333ff856ba3ced308dd666
828c74a74e3d66a2cfc9d94f28364e1c66a68299ff34912bbb000bfb137ccfed/stage-03/FOMC/validation-candidates.jsonl,vamp_core_tsv_r8_scale05_repair010,828c74a74e3d66a2cfc9d94f28364e1c66a68299ff34912bbb000bfb137ccfed,3,FOMC,validation,500,741220,58063a308850ecbbcb7a7c4eafa5e4b51035c00688a0dc2a5ec128276a903b90,b18c74f2cddcaccc2e544ac6e2ace9026ca57fd0f3a3b30ffec318d633140770,26bebef79948f2339ea9807cc87a6f3c5ef118ce70bd62360f1dc2d45e165191
828c74a74e3d66a2cfc9d94f28364e1c66a68299ff34912bbb000bfb137ccfed/stage-03/MeetingBank/test-candidates.jsonl,vamp_core_tsv_r8_scale05_repair010,828c74a74e3d66a2cfc9d94f28364e1c66a68299ff34912bbb000bfb137ccfed,3,MeetingBank,test,500,637431,1125d83dd1758de10d52d9a6982afcbaa0ade316316a647a09cc7fff20f6278f,5fb44eb1d911a6cb50bea277c1116dc08d4c00b746c47bae7bab989541477826,ac02202db58e79b5b690b17dd767239aa2abecfbcba74848a5400ecae24c60d8
828c74a74e3d66a2cfc9d94f28364e1c66a68299ff34912bbb000bfb137ccfed/stage-03/MeetingBank/validation-candidates.jsonl,vamp_core_tsv_r8_scale05_repair010,828c74a74e3d66a2cfc9d94f28364e1c66a68299ff34912bbb000bfb137ccfed,3,MeetingBank,validation,500,667640,3d90ef708deb20f4576ddcf8ea2853c9c02e8f62cac41583bf2ee26d6e49b4d0,33db0e93168ea001c49b497e6a8292cd3ed39ec5074729b4653d75554da0511e,bfb45aaffadfb4464e48829eef837e30784853b8356c9e0132c574b8cf0a6b70
828c74a74e3d66a2cfc9d94f28364e1c66a68299ff34912bbb000bfb137ccfed/stage-04/C-STANCE/test-candidates.jsonl,vamp_core_tsv_r8_scale05_repair010,828c74a74e3d66a2cfc9d94f28364e1c66a68299ff34912bbb000bfb137ccfed,4,C-STANCE,test,700,550891,2143912ffd21d37aea28c0a393c59f8f99c39101a14db86815df3b80f92a17a4,b6f3686ddc993d3e0bf9437d394d2ba1865e7adea8acf87a4b91421fbe924a8b,9e20ad674e9d0bb6516899d018d9839e4f702e181a341f66d5061326f8e125c9
828c74a74e3d66a2cfc9d94f28364e1c66a68299ff34912bbb000bfb137ccfed/stage-04/C-STANCE/validation-candidates.jsonl,vamp_core_tsv_r8_scale05_repair010,828c74a74e3d66a2cfc9d94f28364e1c66a68299ff34912bbb000bfb137ccfed,4,C-STANCE,validation,700,538331,1fd00e190b197f4bb38bcfa34300cc690b6708f319151b55562e3c0c9ad47a11,631d64f2dfeae143daa9f96e796307e419166c612a87e0a6021bc32400cf8838,cb2f38122a5b81a139f2b8c84a3e55d28bdf54e523cba2fa013258f75a7013c9
828c74a74e3d66a2cfc9d94f28364e1c66a68299ff34912bbb000bfb137ccfed/stage-04/FOMC/test-candidates.jsonl,vamp_core_tsv_r8_scale05_repair010,828c74a74e3d66a2cfc9d94f28364e1c66a68299ff34912bbb000bfb137ccfed,4,FOMC,test,700,703910,6da35823de5b178c89cadeb6e7bbb44c5da3495a3c3ee99e936af187c41d5c30,07426a04ac0bfc07d329e2407b7c40e06b0ebf934a9e3033ad89a8223400b05f,9cf99073332da72e479528efeb3c208fc0b63809258711abfb45fbe18084ad3d
828c74a74e3d66a2cfc9d94f28364e1c66a68299ff34912bbb000bfb137ccfed/stage-04/FOMC/validation-candidates.jsonl,vamp_core_tsv_r8_scale05_repair010,828c74a74e3d66a2cfc9d94f28364e1c66a68299ff34912bbb000bfb137ccfed,4,FOMC,validation,700,699787,dd1dfa6d96b41d0d01edb727e3a51f162581ebe207be66b8a2902fd9814445b6,c299f054160ea96227f8b9a7a7cb91bc5ff19d5efb86ff6cf7c4d61a796be7bd,a097d4a9596123abe1ca73fce6ab4d979f6ff830547ce1740b8d75cf6edc045f
828c74a74e3d66a2cfc9d94f28364e1c66a68299ff34912bbb000bfb137ccfed/stage-04/MeetingBank/test-candidates.jsonl,vamp_core_tsv_r8_scale05_repair010,828c74a74e3d66a2cfc9d94f28364e1c66a68299ff34912bbb000bfb137ccfed,4,MeetingBank,test,700,824211,7c4da2e9d246cc06353bf1c2ec797c585a37c2b2b0aad6648a716ee1096859e0,52cf7063ab213d94536b8f0129d14bbff54dbf42b6a61008349f124d88aee835,b8a193834737bf9354b4a5219cf656a8a6ff3d019caf4896f3629a83b29d43f2
828c74a74e3d66a2cfc9d94f28364e1c66a68299ff34912bbb000bfb137ccfed/stage-04/MeetingBank/validation-candidates.jsonl,vamp_core_tsv_r8_scale05_repair010,828c74a74e3d66a2cfc9d94f28364e1c66a68299ff34912bbb000bfb137ccfed,4,MeetingBank,validation,700,845006,c5abb3dce6148de7dd42a44459eff8a6b72b10594c269de06cef86b7d4054949,8637b963e3e8d54c804d04b8941115b3e719a48ec104472c5210cbc7c0bb9b2b,1e97105ac860903dda210b1b2131023e446ff624cad728a38e2ccc57136a7896
828c74a74e3d66a2cfc9d94f28364e1c66a68299ff34912bbb000bfb137ccfed/stage-04/Py150/test-candidates.jsonl,vamp_core_tsv_r8_scale05_repair010,828c74a74e3d66a2cfc9d94f28364e1c66a68299ff34912bbb000bfb137ccfed,4,Py150,test,700,1015133,54f1acdb4abce574eaac79dca9145c73ac36a35d15e58527af6438fee6a7ab1a,cdc05781d1abb1d1ae52f5ed3fd33bb4e09a2e8fd1efa472a144db2a867c1e82,f107c42346a2b9af5a13a069e7437053a0dd8666583ce8251f3a9af7035e3d3b
828c74a74e3d66a2cfc9d94f28364e1c66a68299ff34912bbb000bfb137ccfed/stage-04/Py150/validation-candidates.jsonl,vamp_core_tsv_r8_scale05_repair010,828c74a74e3d66a2cfc9d94f28364e1c66a68299ff34912bbb000bfb137ccfed,4,Py150,validation,700,1016726,9d7a4815ee1ff60515eedb883cfc07c8ae8fd90dd24c28e66a7592f4e194c024,2e4cb0537f0323d5ca181e6ab8077f3dcb7221ca72edf1e1a0142dd843427d32,17f73809de24fb5021265ba993a6c65ad6a91656483ab506b9d91b36a9dfa718
828c74a74e3d66a2cfc9d94f28364e1c66a68299ff34912bbb000bfb137ccfed/stage-05/C-STANCE/test-candidates.jsonl,vamp_core_tsv_r8_scale05_repair010,828c74a74e3d66a2cfc9d94f28364e1c66a68299ff34912bbb000bfb137ccfed,5,C-STANCE,test,700,718640,81a20ab5a74a96d3444157e14e65ce78a65a5e925cbf5a1493135eeed055fa22,acd727b2fb5bca1b1d7b4f5575a8262e438c888017fda14e3746acf305b6e489,6a78876254966adb32e2012a8bad9696d6560d34d614f99cc19a6ac28276ae32
828c74a74e3d66a2cfc9d94f28364e1c66a68299ff34912bbb000bfb137ccfed/stage-05/C-STANCE/validation-candidates.jsonl,vamp_core_tsv_r8_scale05_repair010,828c74a74e3d66a2cfc9d94f28364e1c66a68299ff34912bbb000bfb137ccfed,5,C-STANCE,validation,700,730217,e0c3a6608d17bcb6b64aaa6ae8939dcd239ff01c39036c7c42167091d8cdeedd,794f4649a32a941f73c6f6d96a0167def0c26835fb1decf3ddc15f954907cc37,5c98035a391b967e4423a93bfd093bf6a763cddf09be63cfdad67d24eb727038
828c74a74e3d66a2cfc9d94f28364e1c66a68299ff34912bbb000bfb137ccfed/stage-05/FOMC/test-candidates.jsonl,vamp_core_tsv_r8_scale05_repair010,828c74a74e3d66a2cfc9d94f28364e1c66a68299ff34912bbb000bfb137ccfed,5,FOMC,test,700,1084697,d8d70d5024ba66a1b748faaf11fe93ef8c84259d53e6ae1da8ec7b66fa395ca4,7b80b7415838d727036e2638be078b0ab5a697079be2d805f9b24ba8080658d5,439c26f661291c3b5ce245eb8b0239966249bf41a89f7cdc08f0a83fa4e6e05b
828c74a74e3d66a2cfc9d94f28364e1c66a68299ff34912bbb000bfb137ccfed/stage-05/FOMC/validation-candidates.jsonl,vamp_core_tsv_r8_scale05_repair010,828c74a74e3d66a2cfc9d94f28364e1c66a68299ff34912bbb000bfb137ccfed,5,FOMC,validation,700,1090856,1946eac295617faf89aed575e38b37251d7aac26eb5d58a6a8f60eea4acf413f,c0b61b329f0445a54056840dc077b7bc0f75820d58bc90c10581b602a63ae8fe,c5d1c19d84970b8e37e43e4e724f940ecbb512a92ae8a907b7d3cae2c72ccf1d
828c74a74e3d66a2cfc9d94f28364e1c66a68299ff34912bbb000bfb137ccfed/stage-05/MeetingBank/test-candidates.jsonl,vamp_core_tsv_r8_scale05_repair010,828c74a74e3d66a2cfc9d94f28364e1c66a68299ff34912bbb000bfb137ccfed,5,MeetingBank,test,700,1080977,2913dc16be3b39247db7f3aab4a2f3e55d33cd84e85554c10111922e2c44f742,eb1414350c728f6b008680a61cea4104f63551b2c4530a79aaf8c60b4f17d81e,019723e8b930098f68db845d8f4e9f9687d1252828f4dfd08ba04684663a8971
828c74a74e3d66a2cfc9d94f28364e1c66a68299ff34912bbb000bfb137ccfed/stage-05/MeetingBank/validation-candidates.jsonl,vamp_core_tsv_r8_scale05_repair010,828c74a74e3d66a2cfc9d94f28364e1c66a68299ff34912bbb000bfb137ccfed,5,MeetingBank,validation,700,1100585,5614bddb6a8930f3bb04986d5cabb3389a25cfeb81df3ee0faecc249a80557a7,bcc9d8e8250ae4610a0e296419a1bf785a3a4efaa3ac78e42a766b2836c5d1c8,289ad2659a788b8e617deddf5ba745e5a7f30253f1d8876d51e91d25a6e66f09
828c74a74e3d66a2cfc9d94f28364e1c66a68299ff34912bbb000bfb137ccfed/stage-05/Py150/test-candidates.jsonl,vamp_core_tsv_r8_scale05_repair010,828c74a74e3d66a2cfc9d94f28364e1c66a68299ff34912bbb000bfb137ccfed,5,Py150,test,700,1327842,42a880799bba43e60208fff1f8f99c28b19c61fd7aefe168340e301ba831cb32,905b1be49d296c17d59c2f3f1e006364b670e698ff435812952197071b59c4ce,8452db2f7b157e8d4f6c788b36a7fed896ddf9e7c58dee27eff230dedb741ff1
828c74a74e3d66a2cfc9d94f28364e1c66a68299ff34912bbb000bfb137ccfed/stage-05/Py150/validation-candidates.jsonl,vamp_core_tsv_r8_scale05_repair010,828c74a74e3d66a2cfc9d94f28364e1c66a68299ff34912bbb000bfb137ccfed,5,Py150,validation,700,1337077,761f012b704fba1ae842545a06932cef1764a3f6056a6869346e034c531909d4,e9b0e3c1fc7b8bc89ddad648ddfce893ccb6c1890e178dd46bdc2f28c879bc16,43bac0854bbde9ec6ed4a24b4243ef773832b47fa6b7ec74ffd9116e03e66f26
828c74a74e3d66a2cfc9d94f28364e1c66a68299ff34912bbb000bfb137ccfed/stage-05/ScienceQA/test-candidates.jsonl,vamp_core_tsv_r8_scale05_repair010,828c74a74e3d66a2cfc9d94f28364e1c66a68299ff34912bbb000bfb137ccfed,5,ScienceQA,test,700,661361,f4e4fc600744382353f318a9384594cade43eadabe8d24a3c2096fdce8607aa6,ca68658f1ddd988f1d4cf94fe65ea4b72db6bfa7d04ce39a4a5b61c3a46f4c84,859d33c4cc09e52f18416f707db33c8acda20195081fa98e34e4b39b5ae5fd10
828c74a74e3d66a2cfc9d94f28364e1c66a68299ff34912bbb000bfb137ccfed/stage-05/ScienceQA/validation-candidates.jsonl,vamp_core_tsv_r8_scale05_repair010,828c74a74e3d66a2cfc9d94f28364e1c66a68299ff34912bbb000bfb137ccfed,5,ScienceQA,validation,700,674167,cb2c3106daf16c9ac9784f3332be5fe6a236805749835c8e6ed7897e9a55c24e,05a3ee58190bf51684f3d29d91f9f2d89e35af740cf6b6d95dd779638d438212,25b3a4f4014531ad1eae27819c72a0dfa9216e2a7a0ae3c205a062d178c226fe
828c74a74e3d66a2cfc9d94f28364e1c66a68299ff34912bbb000bfb137ccfed/stage-06/C-STANCE/test-candidates.jsonl,vamp_core_tsv_r8_scale05_repair010,828c74a74e3d66a2cfc9d94f28364e1c66a68299ff34912bbb000bfb137ccfed,6,C-STANCE,test,900,697978,190d15a71072956e80290518966bb829ba45d3407c85000f394b2a3825277e20,2073776777eff0a28fd5507ec624872af6891841015b11d84c16909e70a6931f,718bff52a129987a9dfb485173c81cdbbe3f006713eecf57e9537a3d87e0114a
828c74a74e3d66a2cfc9d94f28364e1c66a68299ff34912bbb000bfb137ccfed/stage-06/C-STANCE/validation-candidates.jsonl,vamp_core_tsv_r8_scale05_repair010,828c74a74e3d66a2cfc9d94f28364e1c66a68299ff34912bbb000bfb137ccfed,6,C-STANCE,validation,900,683679,a599b9a0bebe0d2569f44bb601f18652bc5589fd1e8407b2e80b531457c636c7,b9ca7ca0ab2613faef08688a28d2d4403e498929c1e044339894f1df7c121b5f,0e7a638e172d97d6f3cc240cbe0a4611204e872b944db6cbf4291498275557a2
828c74a74e3d66a2cfc9d94f28364e1c66a68299ff34912bbb000bfb137ccfed/stage-06/FOMC/test-candidates.jsonl,vamp_core_tsv_r8_scale05_repair010,828c74a74e3d66a2cfc9d94f28364e1c66a68299ff34912bbb000bfb137ccfed,6,FOMC,test,900,975604,485c7a1c3639de070f327b3a2123213ecef2cd1be3553c14dd48b0ccd612b2a2,9e87a7833ae893a0e3b6d86b45ce6892ac4a25a5aa095b862cfbde75ae720dbb,5b46131563a64907285b86456a194b667192437e030ee8457b180d6c73e1a533
828c74a74e3d66a2cfc9d94f28364e1c66a68299ff34912bbb000bfb137ccfed/stage-06/FOMC/validation-candidates.jsonl,vamp_core_tsv_r8_scale05_repair010,828c74a74e3d66a2cfc9d94f28364e1c66a68299ff34912bbb000bfb137ccfed,6,FOMC,validation,900,920176,bcb2f10ad2598f76721f898a2b0216b3595ed7e760c1d78a6fcab8a9297943e9,8dc21156ba07b484e1a3428e9499e3968ba1bd8e9429aec64b89c87185944515,34ad68350f810ef3d58254e46b7601be88eef4f1e6b5d37507fd8f5413abb21c
828c74a74e3d66a2cfc9d94f28364e1c66a68299ff34912bbb000bfb137ccfed/stage-06/MeetingBank/test-candidates.jsonl,vamp_core_tsv_r8_scale05_repair010,828c74a74e3d66a2cfc9d94f28364e1c66a68299ff34912bbb000bfb137ccfed,6,MeetingBank,test,900,1175871,e86e150b1ed53771af7448f78728e6cdf5b9f6d340f3f883e9223eddc6732f83,d5a2251016946f36af6f855ad3d6ec46e4029d6eacd8f6f048b9795c918252e2,04ca5de3d03580f6d32a1073de4022f16628ba8fcbd293a219866d4eea2bac4c
828c74a74e3d66a2cfc9d94f28364e1c66a68299ff34912bbb000bfb137ccfed/stage-06/MeetingBank/validation-candidates.jsonl,vamp_core_tsv_r8_scale05_repair010,828c74a74e3d66a2cfc9d94f28364e1c66a68299ff34912bbb000bfb137ccfed,6,MeetingBank,validation,900,1159901,7e684706af49bc01b3351bd4f0aa85a851004d8781b26c17844b01b975674872,abc65a6b3651128967a278cc978d019c6e606ca7c871e7b65f0619e0eca48123,a9682a891c4a8defcbcfa809ffc2fccb3a8ede4605628cfcbaff4ca03b3b4dfa
828c74a74e3d66a2cfc9d94f28364e1c66a68299ff34912bbb000bfb137ccfed/stage-06/NumGLUE-cm/test-candidates.jsonl,vamp_core_tsv_r8_scale05_repair010,828c74a74e3d66a2cfc9d94f28364e1c66a68299ff34912bbb000bfb137ccfed,6,NumGLUE-cm,test,729,654014,f8925e6ff3096219a2045aa4e9e7d6288459b3254c4245d2785d2cad077d60a4,a55a3c3c65b18ded9628828a48dff7d35fb31c8f79f1df593f289379054b44a5,c7134596f5d117d29069fe1d3d03d344d43d1cf5b1ee7f51d339cf3a0c90f83d
828c74a74e3d66a2cfc9d94f28364e1c66a68299ff34912bbb000bfb137ccfed/stage-06/NumGLUE-cm/validation-candidates.jsonl,vamp_core_tsv_r8_scale05_repair010,828c74a74e3d66a2cfc9d94f28364e1c66a68299ff34912bbb000bfb137ccfed,6,NumGLUE-cm,validation,369,343175,dc0bcb5b07779e505baf7b4c28c7f8c27c1dd0ffdc245edbd01d83736a976081,58747d1e4e2a29ef19b182b140f8142f651341c3c1eac82dee2c7ca321a92ac5,622aee1f26f034db430d8828c9f5415f85eba0b0d6dc5d1ba97208348b3b9d46
828c74a74e3d66a2cfc9d94f28364e1c66a68299ff34912bbb000bfb137ccfed/stage-06/Py150/test-candidates.jsonl,vamp_core_tsv_r8_scale05_repair010,828c74a74e3d66a2cfc9d94f28364e1c66a68299ff34912bbb000bfb137ccfed,6,Py150,test,900,1701286,bb63cc20cba4f64357cbea85c8792d7be5c9622304895461fbddf2be9b421ddf,3aae4c3642ca7f005aa346dd1d3a3c2efe6b9bcf3927b978b9730c0a7dd38133,ae04dafe51760f708cfbf5f01317cfb1ddc42e0995b37c004944ce2dad46502c
828c74a74e3d66a2cfc9d94f28364e1c66a68299ff34912bbb000bfb137ccfed/stage-06/Py150/validation-candidates.jsonl,vamp_core_tsv_r8_scale05_repair010,828c74a74e3d66a2cfc9d94f28364e1c66a68299ff34912bbb000bfb137ccfed,6,Py150,validation,900,1744951,df5163b8ac3ceaaba81587bb5c9ed8d35389715afc9527f3f1820ba2e8b369a4,adeaa2fc1a13016ca2f207ee36ccf6f15d9f72ff7b501888d081aba80604cfea,fa65cf6b085d2c5e308e6ec0734d03832ad14952943e4975178fe15fa297d62b
828c74a74e3d66a2cfc9d94f28364e1c66a68299ff34912bbb000bfb137ccfed/stage-06/ScienceQA/test-candidates.jsonl,vamp_core_tsv_r8_scale05_repair010,828c74a74e3d66a2cfc9d94f28364e1c66a68299ff34912bbb000bfb137ccfed,6,ScienceQA,test,900,678681,4314c719869ff415ec07dbba378e80f47805e58fbd99ff41be1cc2e520a77538,1c382c26c70ed263a3142637b4d7c0ec0812bb97468ef39f17d40082bd43d2ba,8a8be6b9b563104b366d60725a0ef17811756190881ff0cb5b630228d499d2e9
828c74a74e3d66a2cfc9d94f28364e1c66a68299ff34912bbb000bfb137ccfed/stage-06/ScienceQA/validation-candidates.jsonl,vamp_core_tsv_r8_scale05_repair010,828c74a74e3d66a2cfc9d94f28364e1c66a68299ff34912bbb000bfb137ccfed,6,ScienceQA,validation,900,698626,9842d70a81802d4123829dbacf88f7c74eceb82b8e0e4d2826c3a6d963363097,15cf4f46d3d8d3e8c82b35a3cd727f7c62aba93a68414ae06f15621d3686aece,24a522cc027f8064e1b97f71e19fa7ba113d995b724c363adee122094b6e206e
828c74a74e3d66a2cfc9d94f28364e1c66a68299ff34912bbb000bfb137ccfed/stage-07/C-STANCE/test-candidates.jsonl,vamp_core_tsv_r8_scale05_repair010,828c74a74e3d66a2cfc9d94f28364e1c66a68299ff34912bbb000bfb137ccfed,7,C-STANCE,test,700,558966,00eb15a3a2b2618f87bc7fbc9ca92367d698ba635f0a6f43cab1aa6552baa7ba,d7a9828893767d69e929b3f01b506ae77b6c49c2509a9147efb2562138efe6dd,53da2b70c78ce75b730cc62e65b05b59e0c367a0bbf505d70169b7c4f939b166
828c74a74e3d66a2cfc9d94f28364e1c66a68299ff34912bbb000bfb137ccfed/stage-07/C-STANCE/validation-candidates.jsonl,vamp_core_tsv_r8_scale05_repair010,828c74a74e3d66a2cfc9d94f28364e1c66a68299ff34912bbb000bfb137ccfed,7,C-STANCE,validation,700,530540,8e7c89abfa6a5d27b8a3d045983c927edb3f6e9cb06de4514486951b0fa0d1d9,55847f5b970f82b834994d8087d944e7074fc2f3b6f530152461e3fc23b0e9c8,bfd4c61e4134f147e4df11e65798e02364f51c3f0240d1dd327d34c52f12aedf
828c74a74e3d66a2cfc9d94f28364e1c66a68299ff34912bbb000bfb137ccfed/stage-07/FOMC/test-candidates.jsonl,vamp_core_tsv_r8_scale05_repair010,828c74a74e3d66a2cfc9d94f28364e1c66a68299ff34912bbb000bfb137ccfed,7,FOMC,test,700,686509,f4ecb55e3576874289054fbbd392cae14ea1a087dba1873fab97e272d017e003,e3a37a5ee65cbedceded7673214f062cbb2d144615eac8afe862623684484005,7aad417e51e9547597c93eafd6cf7f444a26432bc6d6fafa058ee884cbb57d31
828c74a74e3d66a2cfc9d94f28364e1c66a68299ff34912bbb000bfb137ccfed/stage-07/FOMC/validation-candidates.jsonl,vamp_core_tsv_r8_scale05_repair010,828c74a74e3d66a2cfc9d94f28364e1c66a68299ff34912bbb000bfb137ccfed,7,FOMC,validation,700,681501,abe89324008885256a032fbc2eb9f23ff3a195f13c54eebb0e855f6d95ed86b6,ddaff9e799face792746c5a41d2ec8af69ca15407c6053c12f4b0ed7b458cc80,efc17dfdc0445e3b5a9b14e8748f503c8d10502a52db779d0681c54bf6c3376a
828c74a74e3d66a2cfc9d94f28364e1c66a68299ff34912bbb000bfb137ccfed/stage-07/MeetingBank/test-candidates.jsonl,vamp_core_tsv_r8_scale05_repair010,828c74a74e3d66a2cfc9d94f28364e1c66a68299ff34912bbb000bfb137ccfed,7,MeetingBank,test,700,962749,0b76d6bbcdb06ca1a9293e7559da2863edbec07a56ceae8dc6dbafaa8ede0ad4,4805175f6f92f5385d1939b85d62df345f4fd646a5b4396fd3ad6071a3e64249,c7758f70b3aa928c1bbca7fca3d89c52c412bbf4ded001fd34ee9af9e76dee66
828c74a74e3d66a2cfc9d94f28364e1c66a68299ff34912bbb000bfb137ccfed/stage-07/MeetingBank/validation-candidates.jsonl,vamp_core_tsv_r8_scale05_repair010,828c74a74e3d66a2cfc9d94f28364e1c66a68299ff34912bbb000bfb137ccfed,7,MeetingBank,validation,700,958732,8743fd987fbf4827dff2f4d6fd25e34a74daaa486a781ed2e41e62c4a8d445d9,fd60f171d02e4f67fe02564986331ec113c651cd6acb8eb7af5b7c4ed47c15a5,cc36827a0db8b47e9c24d662c90e1e5e81b4312f6e416abc60b47c2b997a8dc7
828c74a74e3d66a2cfc9d94f28364e1c66a68299ff34912bbb000bfb137ccfed/stage-07/NumGLUE-cm/test-candidates.jsonl,vamp_core_tsv_r8_scale05_repair010,828c74a74e3d66a2cfc9d94f28364e1c66a68299ff34912bbb000bfb137ccfed,7,NumGLUE-cm,test,567,476378,eec1740778834d4138bd5c99e4a75ace6554be6ef2c700200c8538deef87e058,9460590accdee5c0cf8ec2bdf1c6af0caff1dd21a1f03b26ec6c9a864d870a01,b3b275ca75c0934a810bdcfe6acdba30e59be52ba2fa006825a5a7322665ad1f
828c74a74e3d66a2cfc9d94f28364e1c66a68299ff34912bbb000bfb137ccfed/stage-07/NumGLUE-cm/validation-candidates.jsonl,vamp_core_tsv_r8_scale05_repair010,828c74a74e3d66a2cfc9d94f28364e1c66a68299ff34912bbb000bfb137ccfed,7,NumGLUE-cm,validation,287,245671,2621cf8c88fc84e5e82467f76d05e2455f4980fe1cf1517499edb0667275a724,e8094d97c6303a565308f7b0de8690577437bd4c34e4d3bab2a4e12998baa853,ae14daa1efa77f2e0ef71c20140691cbf86db81dbb4793d4ef8d1404c6cdd9ca
828c74a74e3d66a2cfc9d94f28364e1c66a68299ff34912bbb000bfb137ccfed/stage-07/NumGLUE-ds/test-candidates.jsonl,vamp_core_tsv_r8_scale05_repair010,828c74a74e3d66a2cfc9d94f28364e1c66a68299ff34912bbb000bfb137ccfed,7,NumGLUE-ds,test,700,637540,18d2a3ea906a1bc22437a65b2ef6f2a0bd970a8c6db3d32892c4735318fedf19,2e52d4abbe558918afaa403cc8928103028cb341f657c710d058c64200b10e3e,21e7f597d5233e4d71ab6909dd374170333201c8b62e0cc89c72c812547f2886
828c74a74e3d66a2cfc9d94f28364e1c66a68299ff34912bbb000bfb137ccfed/stage-07/NumGLUE-ds/validation-candidates.jsonl,vamp_core_tsv_r8_scale05_repair010,828c74a74e3d66a2cfc9d94f28364e1c66a68299ff34912bbb000bfb137ccfed,7,NumGLUE-ds,validation,700,635233,664cd8b99f9c1b55465460b71cefeaa7917a4a3e5aca5296d098b954d62e3210,2ae50bce578efef14a27a13f4fc0adc5763a23ce86cbfdfadb8eabb63cad3913,b385a0a8ab0caaa9e407d13196fbba391b32494ce6e74e55629ad1099fbd5ee2
828c74a74e3d66a2cfc9d94f28364e1c66a68299ff34912bbb000bfb137ccfed/stage-07/Py150/test-candidates.jsonl,vamp_core_tsv_r8_scale05_repair010,828c74a74e3d66a2cfc9d94f28364e1c66a68299ff34912bbb000bfb137ccfed,7,Py150,test,700,1416650,e36c96e37ea772259f7672a7a54f1f5ea1d8db3a13ef9da8172a21cfbbaaa9df,d6c9c0bbf4ecc5466508c02e90f062c03afb6f9ba83c0f4456860e2b6f037f0e,9f7b9970931ec4923b285eabc1d15341ac95b60c30bb4e8c4ecc8dc9fa1c87ca
828c74a74e3d66a2cfc9d94f28364e1c66a68299ff34912bbb000bfb137ccfed/stage-07/Py150/validation-candidates.jsonl,vamp_core_tsv_r8_scale05_repair010,828c74a74e3d66a2cfc9d94f28364e1c66a68299ff34912bbb000bfb137ccfed,7,Py150,validation,700,1427830,975b7ffe37e4c6471a74bff1fd0b48b5c1152d9b5e0dbef2e89bf671351ddf5a,2e037a25da52a6dd3bcc8ee5e295d874dd2cc50748723fd75bbb477aaaefff2e,77d5e346076f6a2281e1cbb4e4bcb04270165d07f0a3b4ce191bf50094207e24
828c74a74e3d66a2cfc9d94f28364e1c66a68299ff34912bbb000bfb137ccfed/stage-07/ScienceQA/test-candidates.jsonl,vamp_core_tsv_r8_scale05_repair010,828c74a74e3d66a2cfc9d94f28364e1c66a68299ff34912bbb000bfb137ccfed,7,ScienceQA,test,700,506500,8134d204a64f92a1256156d3c391a20ec62e0bffdf12c02bd98c61f9e3e1a74d,988bb3559c42efad6f57425b64235dacc94e0da67244c68b20627958bdcd70af,4ad2efb4e5dc217f2310d5490ab98756ef00200dbf0b7d353befeb5045f7faf2
828c74a74e3d66a2cfc9d94f28364e1c66a68299ff34912bbb000bfb137ccfed/stage-07/ScienceQA/validation-candidates.jsonl,vamp_core_tsv_r8_scale05_repair010,828c74a74e3d66a2cfc9d94f28364e1c66a68299ff34912bbb000bfb137ccfed,7,ScienceQA,validation,700,503276,bff1d6a2165c8fac9618126981ec0f71c5616166b42bce181223e6451ef19f7c,c7419bda734cd5e3f0fcde495ae0bebde4a66f099932e021ab3fea22c36adf11,d1177d94dab836fc01a250662093e314ee9bfa2ec7e238a69c816066e437dd7c
828c74a74e3d66a2cfc9d94f28364e1c66a68299ff34912bbb000bfb137ccfed/stage-08/20Minuten/test-candidates.jsonl,vamp_core_tsv_r8_scale05_repair010,828c74a74e3d66a2cfc9d94f28364e1c66a68299ff34912bbb000bfb137ccfed,8,20Minuten,test,800,1184214,93ce681e9307e641e475e83261aab6540743ad531ed68ccda7b26c77e81a1acd,b809b494b628f238fa4d13a190155b8d46ed58c41660ae79258127ce51fc8bb0,ad81c9ebe9e81be82785fddfbd505a1d3b02aa0ec7609409afe667a167cbb2c1
828c74a74e3d66a2cfc9d94f28364e1c66a68299ff34912bbb000bfb137ccfed/stage-08/20Minuten/validation-candidates.jsonl,vamp_core_tsv_r8_scale05_repair010,828c74a74e3d66a2cfc9d94f28364e1c66a68299ff34912bbb000bfb137ccfed,8,20Minuten,validation,800,1202208,46958b37c8d2ab4e1198b4c487eaaa4fbee62058d64c18a6f057b20e0a87509e,cc33c8d858c032a3ae2bd2afafcbbdc77c4ba17d0e79b61fe8f7ed298282ab34,5db0287f4161c47551a3deb1fd5dea79f638531913613a0f4c4540fde0dff8e7
828c74a74e3d66a2cfc9d94f28364e1c66a68299ff34912bbb000bfb137ccfed/stage-08/C-STANCE/test-candidates.jsonl,vamp_core_tsv_r8_scale05_repair010,828c74a74e3d66a2cfc9d94f28364e1c66a68299ff34912bbb000bfb137ccfed,8,C-STANCE,test,800,996520,f6257eede9eecbd773fa5b91c611f2fd0845877ccad801173e2d9e74ab85a62a,d38a21f7de92773f18579bff8a938741a067fa93032389d031739027c8ddaf8a,89f98fb447f5f7ac36e2da28bf2a89b6a409b0e33e01dffe4b405588fe39505f
828c74a74e3d66a2cfc9d94f28364e1c66a68299ff34912bbb000bfb137ccfed/stage-08/C-STANCE/validation-candidates.jsonl,vamp_core_tsv_r8_scale05_repair010,828c74a74e3d66a2cfc9d94f28364e1c66a68299ff34912bbb000bfb137ccfed,8,C-STANCE,validation,800,974022,1d2188a615da07b4a27ca5f88a036945d73a44a5ebee5047ec488b7a7411d507,6c9941762b9c029477e18471be6ca22bdf0259bb3053e3d9efc407348a45b5ad,82416406a02a9c7de1990f750194e9d744e764694177da03cb0c68010c151059
828c74a74e3d66a2cfc9d94f28364e1c66a68299ff34912bbb000bfb137ccfed/stage-08/FOMC/test-candidates.jsonl,vamp_core_tsv_r8_scale05_repair010,828c74a74e3d66a2cfc9d94f28364e1c66a68299ff34912bbb000bfb137ccfed,8,FOMC,test,800,1411251,ccf2cbe79ceff12d1e5e72722135b17fb3d5057c2a1145d1b0ad4771930e0d25,dedbaf0c563267cb55239484e6c1b7fb1beb462d74d389624a4a4b93abf766cd,798e3816e6b41ad10707ce4618abfc6b2a81d529f3c094bee78e9347c39b5e65
828c74a74e3d66a2cfc9d94f28364e1c66a68299ff34912bbb000bfb137ccfed/stage-08/FOMC/validation-candidates.jsonl,vamp_core_tsv_r8_scale05_repair010,828c74a74e3d66a2cfc9d94f28364e1c66a68299ff34912bbb000bfb137ccfed,8,FOMC,validation,800,1432279,f7e64b22a535dbc6627bd3a236c6a6dac83f194deeb67ba14d6ba6320177516d,8c50e929b1d2ab0fd9d0f503adddebc98ec9ed4447434ad4f7fc45a716670427,662612b4deb73fb88ff0842a58fdaf080ed9ace80f80ed279d1297d7fa582d2a
828c74a74e3d66a2cfc9d94f28364e1c66a68299ff34912bbb000bfb137ccfed/stage-08/MeetingBank/test-candidates.jsonl,vamp_core_tsv_r8_scale05_repair010,828c74a74e3d66a2cfc9d94f28364e1c66a68299ff34912bbb000bfb137ccfed,8,MeetingBank,test,800,1410145,27b8aa11941f27b1c6b0e5f113682863b8878747b32ee917b5c2eaec2db1e90b,e8cc04784cf34063c8970f33968ea00f8c690e51756a1e70e0517a6c042cfff1,07e02d6f67ef19e2130349f737c77ac0778c9d945fec1695dbb95bee703b89b6
828c74a74e3d66a2cfc9d94f28364e1c66a68299ff34912bbb000bfb137ccfed/stage-08/MeetingBank/validation-candidates.jsonl,vamp_core_tsv_r8_scale05_repair010,828c74a74e3d66a2cfc9d94f28364e1c66a68299ff34912bbb000bfb137ccfed,8,MeetingBank,validation,800,1422167,e41d37db4e254289b7a95df0464cb083ee9f8f25f593332c9d937309fcf5d8ec,2746ad61beb7e85ca5c6a37e396147b1d61eeb53157a9f3c2cd75f76a87af315,1db95d97375d89ecef15b21cb0613ae469373913583e069c7a15ed8f5c15cfb8
828c74a74e3d66a2cfc9d94f28364e1c66a68299ff34912bbb000bfb137ccfed/stage-08/NumGLUE-cm/test-candidates.jsonl,vamp_core_tsv_r8_scale05_repair010,828c74a74e3d66a2cfc9d94f28364e1c66a68299ff34912bbb000bfb137ccfed,8,NumGLUE-cm,test,648,810919,4e1996afbc52c16cbf375e9c2e7101837b5b215144b8971cd3ffe2fbe8db42c6,654cddbc2e59774267be3318b54ce21a159e942c4ad3d050c180a6a60f0178bc,7750578094e972e6f0c5d9f2951cfa8af317d23354ed12f36eac3870f76fb762
828c74a74e3d66a2cfc9d94f28364e1c66a68299ff34912bbb000bfb137ccfed/stage-08/NumGLUE-cm/validation-candidates.jsonl,vamp_core_tsv_r8_scale05_repair010,828c74a74e3d66a2cfc9d94f28364e1c66a68299ff34912bbb000bfb137ccfed,8,NumGLUE-cm,validation,328,424624,063e9ff7b5a8e3465fdb66b1cbe58f32e1346c2c1c7cbd9d5c8a710f8704110b,102c1a71f436e6c9b8d2306ae0e90d7c8c6232c83b300496ede6eb5ff8f4e5a4,435fe0c6fe98fe6d38ba6c6da6bb51374aa3a0b7188b516c1535a4994a5c1e9a
828c74a74e3d66a2cfc9d94f28364e1c66a68299ff34912bbb000bfb137ccfed/stage-08/NumGLUE-ds/test-candidates.jsonl,vamp_core_tsv_r8_scale05_repair010,828c74a74e3d66a2cfc9d94f28364e1c66a68299ff34912bbb000bfb137ccfed,8,NumGLUE-ds,test,800,1069209,1e3b964531266b2befab1b6e4e14391ef6165975d55ca614f830641a0ab2e4e7,3746fc6b6ca06722d06ede5c984c0978fabe81a18204d9db19b510e747691889,4c22edbac4b1cb0ad907ea5630b66a89f9577619e8d161dc5ccc70da713ca2a5
828c74a74e3d66a2cfc9d94f28364e1c66a68299ff34912bbb000bfb137ccfed/stage-08/NumGLUE-ds/validation-candidates.jsonl,vamp_core_tsv_r8_scale05_repair010,828c74a74e3d66a2cfc9d94f28364e1c66a68299ff34912bbb000bfb137ccfed,8,NumGLUE-ds,validation,800,1054347,c6a682fe363e0f1dad03c516ff79271bab60e9e64f54a6e802dd307710c884bf,8d37569b86341c471e27818839ac76d4549b54c58565b73022bd03a8f7b8bc70,08ca3aabced85eb2cb48ef9ef66d6bd03cc4ed4e21a1ff872ac1b489d258b4cc
828c74a74e3d66a2cfc9d94f28364e1c66a68299ff34912bbb000bfb137ccfed/stage-08/Py150/test-candidates.jsonl,vamp_core_tsv_r8_scale05_repair010,828c74a74e3d66a2cfc9d94f28364e1c66a68299ff34912bbb000bfb137ccfed,8,Py150,test,800,1640460,ce92aaeb375016f18a80d5e2506acbab9e5b04e9c453902ee0189416423f731d,ee38e31ec50754c42cea7020e086ff0fc0dd1f0fc318857d12dcaf07661c5b92,9f2c777e9b9cebd75cb4d7fcf39a3c0ac33d810a333574ba5c29d5355df12fc8
828c74a74e3d66a2cfc9d94f28364e1c66a68299ff34912bbb000bfb137ccfed/stage-08/Py150/validation-candidates.jsonl,vamp_core_tsv_r8_scale05_repair010,828c74a74e3d66a2cfc9d94f28364e1c66a68299ff34912bbb000bfb137ccfed,8,Py150,validation,800,1658517,46e89e95838ae984dfca2142f82c0b3ab4857f0d570f5290c68330850a1bf51a,9b7819828db35adad6159714c72ee7a07d1c646551e0009521c1f671f5f19b6f,b2d8e0bab08f18857317dcc1831da4ff1bb32cbaae40cc240adef3560a8a9640
828c74a74e3d66a2cfc9d94f28364e1c66a68299ff34912bbb000bfb137ccfed/stage-08/ScienceQA/test-candidates.jsonl,vamp_core_tsv_r8_scale05_repair010,828c74a74e3d66a2cfc9d94f28364e1c66a68299ff34912bbb000bfb137ccfed,8,ScienceQA,test,800,691578,16912025dc4ee3a8b332ca2a44a1b54d05690aecc3de8aa56bc3113c20fb60fe,d0abc022dbb53c76a4147c34f369cefb1f6576be0e74cd80a62ad78a2bfc3fa1,d1e2a295405df1bd7610b2abefc97afccce314a70f73b03ef92b5015f3707808
828c74a74e3d66a2cfc9d94f28364e1c66a68299ff34912bbb000bfb137ccfed/stage-08/ScienceQA/validation-candidates.jsonl,vamp_core_tsv_r8_scale05_repair010,828c74a74e3d66a2cfc9d94f28364e1c66a68299ff34912bbb000bfb137ccfed,8,ScienceQA,validation,800,694892,d83bcbd9fc07203b5629b8002ee2fbb405a84fe64a994241513b5c7f077ae22c,278d01b8573b630cc0d7ccc81ea1e25a7cb7687a181c6672992b9ea7d98e1edc,4cc411aa37d777290acee6150710d1041c2c45cb04e3d606666be1ff947874f8
ae101c7f8b800eed7ae750626b2d1db93697b662160356b34e2df60989a3489e/stage-01/C-STANCE/test-candidates.jsonl,vamp_svd_r8_repair005,ae101c7f8b800eed7ae750626b2d1db93697b662160356b34e2df60989a3489e,1,C-STANCE,test,400,308828,0dd57071022863cbd784bb2aa98cc16fcca4a685f3832a0f2ad2eb34fa1e6f61,f49a4ffa392e3a1ed9cb58cb15718a597b5ee7b21349c8df8b60c5263a3fb7e2,458883cafbce0206767a9866a28ddeefa21ff2fb012ce40b2249ed8c4af49f37
ae101c7f8b800eed7ae750626b2d1db93697b662160356b34e2df60989a3489e/stage-01/C-STANCE/validation-candidates.jsonl,vamp_svd_r8_repair005,ae101c7f8b800eed7ae750626b2d1db93697b662160356b34e2df60989a3489e,1,C-STANCE,validation,400,303825,7c5fd1310a937f620475b7f896fe798b2145d0bc10ff26b8d29341be9dd563f1,0310ba51c5644016257609696a680d6ae1b821aa39328a16c83396a9b55141a6,9b20365c93d5cc9f4f3eb0898ad780d926bf1fbb95b361fcf25cee3b96422104
ae101c7f8b800eed7ae750626b2d1db93697b662160356b34e2df60989a3489e/stage-02/C-STANCE/test-candidates.jsonl,vamp_svd_r8_repair005,ae101c7f8b800eed7ae750626b2d1db93697b662160356b34e2df60989a3489e,2,C-STANCE,test,600,437509,017282e9e9a38f6160ea2f362d7e7e76d64bd02d850e8a20a8e5c8bc4d0c6765,2c5468584b1c82c6e80de42f57cefa6eddaa47f000413901efbb17b25d219046,c0f91ecabef742bd9ba86c49ee4f6859d2f1349ffcefa8950a598777c083d7d4
ae101c7f8b800eed7ae750626b2d1db93697b662160356b34e2df60989a3489e/stage-02/C-STANCE/validation-candidates.jsonl,vamp_svd_r8_repair005,ae101c7f8b800eed7ae750626b2d1db93697b662160356b34e2df60989a3489e,2,C-STANCE,validation,600,429378,cabf64db7258726195b8d99a7f130b7280706f8b8ea15d4c295e630382f151ea,b9e78e1a1b9c3c357772dcfb2b86eb20661993db62936bb7ddae700278c049de,abe9a2d0879d563d7461f3de6ae4d221e2f4fcc85318756fef6acc20e8aea52d
ae101c7f8b800eed7ae750626b2d1db93697b662160356b34e2df60989a3489e/stage-02/FOMC/test-candidates.jsonl,vamp_svd_r8_repair005,ae101c7f8b800eed7ae750626b2d1db93697b662160356b34e2df60989a3489e,2,FOMC,test,600,531638,7eb5edae3d71cb69aeea937480827117744c3ce9ab5864f40bb09086a42ccbf1,eec41a195b3e0add7e911fea146a6bc22d1c24297914b4bed58dc9efc51490f3,7e4c9147b08e030e2b5f6892214200434c2f5e8a21cf2b137e2354086afab1fd
ae101c7f8b800eed7ae750626b2d1db93697b662160356b34e2df60989a3489e/stage-02/FOMC/validation-candidates.jsonl,vamp_svd_r8_repair005,ae101c7f8b800eed7ae750626b2d1db93697b662160356b34e2df60989a3489e,2,FOMC,validation,600,528405,913aae7f5e59ec32e60da3dd5ba27137c24cc37a55e230bc6b43915597c30b0e,9a0b08c5cbaf5d5a9013f4d6e92cda4e86b657a8417b03b0018441ab1059bf5e,fb95caf17f2d6ddff0765a1b85e4f5a0b19c31fc1b87d08393259f6502f5d7c4
ae101c7f8b800eed7ae750626b2d1db93697b662160356b34e2df60989a3489e/stage-03/C-STANCE/test-candidates.jsonl,vamp_svd_r8_repair005,ae101c7f8b800eed7ae750626b2d1db93697b662160356b34e2df60989a3489e,3,C-STANCE,test,500,511579,fb43430e96768ea32ed8b84bddcbda9aa1cffb68831a4f389819bd6ec50566b6,8f18f2043ee730abb2ae0a9148ee4dfa30b60c4452782d00c6fd57b487b392c9,f9f93d97e570fe6f711af28357ae6f2a9f708cb56b91ac6eae23ef043d11d969
ae101c7f8b800eed7ae750626b2d1db93697b662160356b34e2df60989a3489e/stage-03/C-STANCE/validation-candidates.jsonl,vamp_svd_r8_repair005,ae101c7f8b800eed7ae750626b2d1db93697b662160356b34e2df60989a3489e,3,C-STANCE,validation,500,513133,c812d18652155b810648a2aa2494751b4c177f5c66b086f8feb30e0024e440f6,322a31db4c1163330ad3db90f5f303b3004bd451eec6e6c3d02e1b67151c678e,c14fb0ee2e98fcbaf5d1644733a610ac08458785311afe904566300156443184
ae101c7f8b800eed7ae750626b2d1db93697b662160356b34e2df60989a3489e/stage-03/FOMC/test-candidates.jsonl,vamp_svd_r8_repair005,ae101c7f8b800eed7ae750626b2d1db93697b662160356b34e2df60989a3489e,3,FOMC,test,500,673455,edacfddca5fea65dd8f7744e15e3dfa3d2c440335cff3363959b356a2b726152,dbcb705e8771c23af848035245f2a10df6d9803ddb8c6b5b81dd0efed3182b0d,a2481e66b012362daf3fb9b74e90f522bedaf5113b1e6ea206a4d6cf7bb9b7b3
ae101c7f8b800eed7ae750626b2d1db93697b662160356b34e2df60989a3489e/stage-03/FOMC/validation-candidates.jsonl,vamp_svd_r8_repair005,ae101c7f8b800eed7ae750626b2d1db93697b662160356b34e2df60989a3489e,3,FOMC,validation,500,675405,0c664dd8c19d4480e040b9d1750c5a509bb9bd837d37bb29790f380a24be08e7,4c9592a145459ced2212f41e5e53818597084c7bb8b040eafee2ba8e976476ca,f02cf519e5a55f466ec2a16cd487081a7a6994b0786347043d3b0d2ac3f58365
ae101c7f8b800eed7ae750626b2d1db93697b662160356b34e2df60989a3489e/stage-03/MeetingBank/test-candidates.jsonl,vamp_svd_r8_repair005,ae101c7f8b800eed7ae750626b2d1db93697b662160356b34e2df60989a3489e,3,MeetingBank,test,500,639687,40e2273cdcab78139b79f7b063c42ba2551c68158cf0fbd55d2a603709f4d7cb,a890b73beeb415c0fe7e4bcc47d4709e1de94592370a43062b00331386d0eb14,900adc9ad0b0a53c696cb29a824679b2515803444ffc076a12da3cc23e20767e
ae101c7f8b800eed7ae750626b2d1db93697b662160356b34e2df60989a3489e/stage-03/MeetingBank/validation-candidates.jsonl,vamp_svd_r8_repair005,ae101c7f8b800eed7ae750626b2d1db93697b662160356b34e2df60989a3489e,3,MeetingBank,validation,500,662910,5eef9e7ef8c82da1785ca5ca9637f34a2719b8418feb4bcb36573489b7b2725c,73473357985ac8c6dd7bd8a06e7c7ecc8b1c24203f6336816bc59d8c3e7bf048,94f949b14a6fae28825882e46ae80517c6132a4de63113e3708f894cc1ef9bf6
ae101c7f8b800eed7ae750626b2d1db93697b662160356b34e2df60989a3489e/stage-04/C-STANCE/test-candidates.jsonl,vamp_svd_r8_repair005,ae101c7f8b800eed7ae750626b2d1db93697b662160356b34e2df60989a3489e,4,C-STANCE,test,700,550474,838e87d3b67d74da1eebc3a4d5eadf0aedeab859898329cab574f731281b6e44,63629949fbfe05453fa8533e3000fd5d42dcb451d17ee054f4695c3da5624d41,c817615e6d96065db34502a6f0b3bafdf7cac497227011db63196f566bd7fef1
ae101c7f8b800eed7ae750626b2d1db93697b662160356b34e2df60989a3489e/stage-04/C-STANCE/validation-candidates.jsonl,vamp_svd_r8_repair005,ae101c7f8b800eed7ae750626b2d1db93697b662160356b34e2df60989a3489e,4,C-STANCE,validation,700,527432,16d9cadc53e704bc3128e3687b7f2c13764407db10b40ad705cbf87bfadb5c5a,8e69a958007b5fc8b372ff03059b0105a9d4a4eeb0bf88c89e137073cf6cbff3,b8a838b8c6e4de091183c3a6dc09c79c55006319f74ee746f42ba81745b0b4ae
ae101c7f8b800eed7ae750626b2d1db93697b662160356b34e2df60989a3489e/stage-04/FOMC/test-candidates.jsonl,vamp_svd_r8_repair005,ae101c7f8b800eed7ae750626b2d1db93697b662160356b34e2df60989a3489e,4,FOMC,test,700,652385,dbf41171d93ab16aa919bec77f8ffa7a2617f0260136142634f9d8fcff36abce,98c9a9ca570aab7ec6ce5ae650e7234e5b779effb7160bd3a5178a8aca328648,a6356d5d5768b8897df1c1d7185b93ff74692859bf78a9a864b8d97fd2662823
ae101c7f8b800eed7ae750626b2d1db93697b662160356b34e2df60989a3489e/stage-04/FOMC/validation-candidates.jsonl,vamp_svd_r8_repair005,ae101c7f8b800eed7ae750626b2d1db93697b662160356b34e2df60989a3489e,4,FOMC,validation,700,648999,cc3a3832b73d7cf6e08260e755e05db0c9b9f1e1724c6afdc42e97c934aca9d0,29e9897f03cf309d3fab95d358eeeb75873039a27f123bca4e931845a7d1586c,26706f8bff19eb9ddc4365c370a6fdc3019981c4462dd54ceb70e9ba951511c7
ae101c7f8b800eed7ae750626b2d1db93697b662160356b34e2df60989a3489e/stage-04/MeetingBank/test-candidates.jsonl,vamp_svd_r8_repair005,ae101c7f8b800eed7ae750626b2d1db93697b662160356b34e2df60989a3489e,4,MeetingBank,test,700,764595,b035caaffa4400313082185a2818a45161557756e5a11e5c8d17c666332e375b,67d65e4ab097efb020da181212cf8940d97256998c200c5aba63b874f8237d6a,2f590523e9a63c89e7a84345bfcf2f4d64f614d003d7f43b80c2591b41d9cfab
ae101c7f8b800eed7ae750626b2d1db93697b662160356b34e2df60989a3489e/stage-04/MeetingBank/validation-candidates.jsonl,vamp_svd_r8_repair005,ae101c7f8b800eed7ae750626b2d1db93697b662160356b34e2df60989a3489e,4,MeetingBank,validation,700,769179,94e6530743fc3c5098805c3d93cecd77d6d3157b059d24015604f982a62cc35d,676cea40481ba0391adf636fc2eab87452d2e7b554dbf94350516c5b36312c2e,13ef5b2d22550ac8e001f0785db59022b4adae6d8ceb7850fe470cdad081713f
ae101c7f8b800eed7ae750626b2d1db93697b662160356b34e2df60989a3489e/stage-04/Py150/test-candidates.jsonl,vamp_svd_r8_repair005,ae101c7f8b800eed7ae750626b2d1db93697b662160356b34e2df60989a3489e,4,Py150,test,700,997602,f1d8536a1638538bfca9ac2cc7ff594492a54db92b7e1b9891d3aff59eb0ee33,61d4ade8adfa1b33b75d018462840b88a82d4a2e4117805c7d0a8a808e57ad20,543d7283cc8e4e6a2d50dd8ba8b0ee9e1a1ad640b41ac1805d902db4c9af4678
ae101c7f8b800eed7ae750626b2d1db93697b662160356b34e2df60989a3489e/stage-04/Py150/validation-candidates.jsonl,vamp_svd_r8_repair005,ae101c7f8b800eed7ae750626b2d1db93697b662160356b34e2df60989a3489e,4,Py150,validation,700,1007126,d23f2b6411e22ceb15a067274666c9d0ebc0281e0a1fc714070cb9b17a702268,03e26e40744900dcbc12057d15d60247bde03fa8a0a088880ba1f4268867012f,3f90ffa211d040da69e2eff52bdc3b8ff4a55f2ffd6033d1396c746dcf89333b
ae101c7f8b800eed7ae750626b2d1db93697b662160356b34e2df60989a3489e/stage-05/C-STANCE/test-candidates.jsonl,vamp_svd_r8_repair005,ae101c7f8b800eed7ae750626b2d1db93697b662160356b34e2df60989a3489e,5,C-STANCE,test,700,699892,66201bd8b015de6f3b7e613fbb2a4ce30d2ff5c8dad9b3295109df4fd291f28a,12ad13e6a9c499929a70e481a62242032d1138c517fc3f6a5dae45aec433a9a7,0db925cf10645874d378c115828e6b7fd47cc7d5148cfb1d047570686e2e9491
ae101c7f8b800eed7ae750626b2d1db93697b662160356b34e2df60989a3489e/stage-05/C-STANCE/validation-candidates.jsonl,vamp_svd_r8_repair005,ae101c7f8b800eed7ae750626b2d1db93697b662160356b34e2df60989a3489e,5,C-STANCE,validation,700,710632,9e4cf69fd8d281cd996b21e2b7df9118100e94e0a5128da926a07795215a35c7,fade49a84a69d316cd2490f0f26a4eaf4db7aafce7143fe91f6c687faa620034,bf67e030ad77e9368e6eac6a6d32fdcd0f710947f8ee72cd43646691d7aa8efa
ae101c7f8b800eed7ae750626b2d1db93697b662160356b34e2df60989a3489e/stage-05/FOMC/test-candidates.jsonl,vamp_svd_r8_repair005,ae101c7f8b800eed7ae750626b2d1db93697b662160356b34e2df60989a3489e,5,FOMC,test,700,1064475,4bd90745a428ae56b53123b168a143ffa81c8c442e7867067caab39ded3c30eb,98cf9fd753134550ef7a1505068f62a62ff3c323c9ccf74bea091cf0e397db64,40f8a4a8527d9b6f3c15eceebcad6959d348627bf2c52d3b7f4facfd9c0eee95
ae101c7f8b800eed7ae750626b2d1db93697b662160356b34e2df60989a3489e/stage-05/FOMC/validation-candidates.jsonl,vamp_svd_r8_repair005,ae101c7f8b800eed7ae750626b2d1db93697b662160356b34e2df60989a3489e,5,FOMC,validation,700,1030912,57735287baa828803f697b01df1488a8a9b0182ce81622d52343605880e82f68,110f63320a46716c14f369bf84d40d9ac8c61449a1fdb50a9750f7bb5e29b23d,b0cc0c5f55ba69211eb8f069dfadd2bf12570de7c086abdc6968c8022bad36c4
ae101c7f8b800eed7ae750626b2d1db93697b662160356b34e2df60989a3489e/stage-05/MeetingBank/test-candidates.jsonl,vamp_svd_r8_repair005,ae101c7f8b800eed7ae750626b2d1db93697b662160356b34e2df60989a3489e,5,MeetingBank,test,700,1004619,8c0bd09a53ffa9420a6e2117c65d1b1e5efe988c9539347a8ef9736c97adf1e2,829cfef562a086ed62c773b3824f2af7beddd2ebfbf6a3c1fc8cf54c3bc8e9fb,17214728f24d59f970790a21b038d02c4d5657fc77a579ea0e1cb04586498f85
ae101c7f8b800eed7ae750626b2d1db93697b662160356b34e2df60989a3489e/stage-05/MeetingBank/validation-candidates.jsonl,vamp_svd_r8_repair005,ae101c7f8b800eed7ae750626b2d1db93697b662160356b34e2df60989a3489e,5,MeetingBank,validation,700,991832,6e0604d615ebead5c7e0a9022fb3159404536a2c41953a2417ca600504d21cd2,0afaf114bf92308904064a03e2b286e5cbbde7c90014cd256f66a6b88343c7f2,fce6595de15efdce84ff7760395cb3e0ee58665f5786cef8bd1117f2592b12c7
ae101c7f8b800eed7ae750626b2d1db93697b662160356b34e2df60989a3489e/stage-05/Py150/test-candidates.jsonl,vamp_svd_r8_repair005,ae101c7f8b800eed7ae750626b2d1db93697b662160356b34e2df60989a3489e,5,Py150,test,700,1299181,0358a1cc1637cfd75425988d9dc32cca0ca63575133b6ff19b4394eaea86ffce,4b78d4940c31aaedf5590265936223a8b133c6d749740e695e9e1d25b1e33857,f2e0bc8e6f25f91361e26ea43258b1d988cb75d5e075559daff5eef0f817c651
ae101c7f8b800eed7ae750626b2d1db93697b662160356b34e2df60989a3489e/stage-05/Py150/validation-candidates.jsonl,vamp_svd_r8_repair005,ae101c7f8b800eed7ae750626b2d1db93697b662160356b34e2df60989a3489e,5,Py150,validation,700,1306807,59aa23f4eacd134ff803a5d6aa0824d027883091c0ea61ccdcc929b624553f3e,dc1b2669c607ebb72bb3efc8357ac2dbea62b2b59581948828a44c9b3c1413ff,c73917d138a01bd12fa48348dc0a4e50f3d81c9ee0a701517347b3738e4caad7
ae101c7f8b800eed7ae750626b2d1db93697b662160356b34e2df60989a3489e/stage-05/ScienceQA/test-candidates.jsonl,vamp_svd_r8_repair005,ae101c7f8b800eed7ae750626b2d1db93697b662160356b34e2df60989a3489e,5,ScienceQA,test,700,643802,b36cded1256c459078490c6a1f8e6f5f882adfae7f30116f7cd182ea6cfd6e4f,e91fc8f5d81477e9a02e44a49926228a004f21969b5494afaf63f4ba64059af7,e0b28b63b00665d1a298ffb6e5817d74012138e6391e6dc67a41a23bdaf661a9
ae101c7f8b800eed7ae750626b2d1db93697b662160356b34e2df60989a3489e/stage-05/ScienceQA/validation-candidates.jsonl,vamp_svd_r8_repair005,ae101c7f8b800eed7ae750626b2d1db93697b662160356b34e2df60989a3489e,5,ScienceQA,validation,700,651036,02e3809f0dfa4821d700b3c94ac6a5a6eb89f77c1a109b42678aa7735355fc3b,ad23e8192ba5e1237a0d6423778b6dcaa61857a9f841b0e7913da5263d83e2d0,5e63252bfee4cd564296d99f2ac057a63d321aff230aaec2b522be616dcef6aa
ae101c7f8b800eed7ae750626b2d1db93697b662160356b34e2df60989a3489e/stage-06/C-STANCE/test-candidates.jsonl,vamp_svd_r8_repair005,ae101c7f8b800eed7ae750626b2d1db93697b662160356b34e2df60989a3489e,6,C-STANCE,test,900,689251,ddeb4905f9fc7d555e4b3fcda36537f319dd6cbb0833f37a2c8006cce3e15758,24698a0b25fa9363b47a7573b7e1380c4733cd877f270a5ed288fabaef88a09f,d4c9ca63d38b9452a4dae606eb957d2bfc33ef71fb711f3b9960d0fcef813638
ae101c7f8b800eed7ae750626b2d1db93697b662160356b34e2df60989a3489e/stage-06/C-STANCE/validation-candidates.jsonl,vamp_svd_r8_repair005,ae101c7f8b800eed7ae750626b2d1db93697b662160356b34e2df60989a3489e,6,C-STANCE,validation,900,670566,f9b01d35a110b426e479352fab9c0981bbe17cce339bf99789ba67fbb6dc0c32,11846310fac962c22e32490513d9cd239a6efc11af8d35157eb1627f3f3f4efc,9ae3f6ecc4ab2464af00ff6a528c6e9ff58fcb6678017d282b1fc3e82c85608f
ae101c7f8b800eed7ae750626b2d1db93697b662160356b34e2df60989a3489e/stage-06/FOMC/test-candidates.jsonl,vamp_svd_r8_repair005,ae101c7f8b800eed7ae750626b2d1db93697b662160356b34e2df60989a3489e,6,FOMC,test,900,886801,bcaf2ace8a0cc479c6e62e2917e62ca34a83706fa61fa95ab783b1d88c5fe026,f1b7bd7bc38c78d31388dd31edbe032df8e5edd7872672438716d26a26341cae,87c3af0245024e5c03b5d610ed8e4da749f45bfb5d374670fbb1d37c51ac72f6
ae101c7f8b800eed7ae750626b2d1db93697b662160356b34e2df60989a3489e/stage-06/FOMC/validation-candidates.jsonl,vamp_svd_r8_repair005,ae101c7f8b800eed7ae750626b2d1db93697b662160356b34e2df60989a3489e,6,FOMC,validation,900,850350,460473bcee37719a618ee29ae8dfd37250a21ef3efa77afc02c4487a19d669a9,219b5f9f626cdaf5b12ea062ac469f5e1d32e7cf819ddcafc38beea68ee6e0a8,b3aa20173d24240384d8679dd68065c1c45c0fed077230b3371c9249da0f2029
ae101c7f8b800eed7ae750626b2d1db93697b662160356b34e2df60989a3489e/stage-06/MeetingBank/test-candidates.jsonl,vamp_svd_r8_repair005,ae101c7f8b800eed7ae750626b2d1db93697b662160356b34e2df60989a3489e,6,MeetingBank,test,900,1115468,c8dd85d190d6f9a9f6842ccf68df6f1aa47160af8538392c7eddf8adc85e6617,413a38a3bcb2d0320da646f3f887338ebd3a53f9ee61d68b7e76e9ffe2454cd0,cb35ea8752765e36c344a2245d1fe708a994b1c40036df642c8b2870625b1cc0
ae101c7f8b800eed7ae750626b2d1db93697b662160356b34e2df60989a3489e/stage-06/MeetingBank/validation-candidates.jsonl,vamp_svd_r8_repair005,ae101c7f8b800eed7ae750626b2d1db93697b662160356b34e2df60989a3489e,6,MeetingBank,validation,900,1103220,2c0759b7f0df063383cd1bd6eabe23973fa3e8799c985eeb8056bc283b864ccb,8c651c5cbb335d4ec87d1f0bb4a7888a38af3d6e2b461f03e2d496a6ac6a1682,d9b2c60ef17a02f447280af76836bfef526ed4c78f30db454d67fd332e48a87a
ae101c7f8b800eed7ae750626b2d1db93697b662160356b34e2df60989a3489e/stage-06/NumGLUE-cm/test-candidates.jsonl,vamp_svd_r8_repair005,ae101c7f8b800eed7ae750626b2d1db93697b662160356b34e2df60989a3489e,6,NumGLUE-cm,test,729,601232,8d5ae68457d65b8a76dd57fbb9bd1da9fb8e24f601af8cb9e1d32b00f89567e3,09de26c8e483a9c5c01394d48f618fb56b18684be302f9f7e068ec09e7f90806,2c4bf58fd345b3d30347e3b020117f8883523408e35c84b03e3e214b05a4aa7f
ae101c7f8b800eed7ae750626b2d1db93697b662160356b34e2df60989a3489e/stage-06/NumGLUE-cm/validation-candidates.jsonl,vamp_svd_r8_repair005,ae101c7f8b800eed7ae750626b2d1db93697b662160356b34e2df60989a3489e,6,NumGLUE-cm,validation,369,315275,06a7fdeb9112b1f49a80c0d78e752204a26d813bbe914cd97084f670d2c936d0,83b6b9d39b4c13b3377e97977c36038d7abdbb8588f0f19ff4ee5e337b470c5b,ca85d91f27a2ebbe8600b044ab96c6b33b05d27af09a9f8bbec1ed655e8d72d1
ae101c7f8b800eed7ae750626b2d1db93697b662160356b34e2df60989a3489e/stage-06/Py150/test-candidates.jsonl,vamp_svd_r8_repair005,ae101c7f8b800eed7ae750626b2d1db93697b662160356b34e2df60989a3489e,6,Py150,test,900,1671078,b5255aecd52be72e56e5f217017c134b15a349022bd2ad86587503e2c3a5b1f8,3468a1753c139028087ebb4b237ee5916e50ca9e7b2c96715c769739e3138e52,19855eb35f67f9a0ded01dffd7001e0d157a2f12c77a7ed3289cf36230540c7f
ae101c7f8b800eed7ae750626b2d1db93697b662160356b34e2df60989a3489e/stage-06/Py150/validation-candidates.jsonl,vamp_svd_r8_repair005,ae101c7f8b800eed7ae750626b2d1db93697b662160356b34e2df60989a3489e,6,Py150,validation,900,1707116,c0bfa5e76791cdcbd117ae3b22c8811a0dca8f84c65c98f0e9893fbcc577baa9,81a310b230da20683fe5421721557156ad6efc0a69cecb07e9bf2ae6047e361b,b8422416b75aa96e522bd05f753ad60611338d453f622f215e64d7f902c19398
ae101c7f8b800eed7ae750626b2d1db93697b662160356b34e2df60989a3489e/stage-06/ScienceQA/test-candidates.jsonl,vamp_svd_r8_repair005,ae101c7f8b800eed7ae750626b2d1db93697b662160356b34e2df60989a3489e,6,ScienceQA,test,900,652628,f2550e31f67fcca35a4372920233664ace88043a5efb7e181805f66fcdf525ae,f7f3d65ff546888b1196cd0f15a056bed6e8fdc621d223ca9c36eb3618036467,02ad6c1b0a5725fc08478e9dc3850eb02b1195fd595cd4e0b40a4fbec3658b20
ae101c7f8b800eed7ae750626b2d1db93697b662160356b34e2df60989a3489e/stage-06/ScienceQA/validation-candidates.jsonl,vamp_svd_r8_repair005,ae101c7f8b800eed7ae750626b2d1db93697b662160356b34e2df60989a3489e,6,ScienceQA,validation,900,662248,234230f20dbdeaaf7352b041a41c28ea24bfd625f7d5a8a35d12229f8593b2da,7fde860d4b6e4ee2866002308e79e0a47126f8a7a94fb790cdf8e55b4de0b02c,b69920a2656d1596bfd40ccc596a237f29b279715274be0b442d6cb08e03f489
ae101c7f8b800eed7ae750626b2d1db93697b662160356b34e2df60989a3489e/stage-07/C-STANCE/test-candidates.jsonl,vamp_svd_r8_repair005,ae101c7f8b800eed7ae750626b2d1db93697b662160356b34e2df60989a3489e,7,C-STANCE,test,700,496249,139272107c1ed14a82022380c8a3b3e845138858169b9edae10f78fd9f18fe3f,c86ee76028d41c4f8dc7c08cb31a3eca7ae7bfcdd675394341644d2983ea1b0d,a12cc5534b7aa88326d30cb51f9f1afa51e2451997a9cfe966ce705f189efbea
ae101c7f8b800eed7ae750626b2d1db93697b662160356b34e2df60989a3489e/stage-07/C-STANCE/validation-candidates.jsonl,vamp_svd_r8_repair005,ae101c7f8b800eed7ae750626b2d1db93697b662160356b34e2df60989a3489e,7,C-STANCE,validation,700,485096,8a52baf83bfa3e13f162440f23a33a0fc539fef8783a64a89e0b1254882b1a26,2f9a0667275ab0d5ff4e57bb6af2e9d51867e5d6c2aee5cdf6346e1038a35d70,20ef8603609da74ea1e7d5f09f915ad0957f94e47d5cf7aa5e252e57ff3cbb12
ae101c7f8b800eed7ae750626b2d1db93697b662160356b34e2df60989a3489e/stage-07/FOMC/test-candidates.jsonl,vamp_svd_r8_repair005,ae101c7f8b800eed7ae750626b2d1db93697b662160356b34e2df60989a3489e,7,FOMC,test,700,617005,2f57c04513cfa96cb99479199d30479dcfeb8c4eba314b60c642f4cfe0cc203a,9ec750c68c05de99a2a88560fd8cea4c7b712dfa96e077fbcc5e566dd76d2172,0ae154953ec0ba6fe33fd28ddd82bc464ba7911ce6f4b73fb5f99a2fa39ab8ad
ae101c7f8b800eed7ae750626b2d1db93697b662160356b34e2df60989a3489e/stage-07/FOMC/validation-candidates.jsonl,vamp_svd_r8_repair005,ae101c7f8b800eed7ae750626b2d1db93697b662160356b34e2df60989a3489e,7,FOMC,validation,700,625982,527e587bc625b9ad5a418c37b60c87dd63f790ab9bfef08d74d39d4646ddbd47,b8c111072bfcb73439f7aa803630be90f6784c2bef784e232427e9d4c9255918,fd7a8a5dc22aa3347beac377ac1daf2b8b831d5a0967bd7866e60fc3bedb810a
ae101c7f8b800eed7ae750626b2d1db93697b662160356b34e2df60989a3489e/stage-07/MeetingBank/test-candidates.jsonl,vamp_svd_r8_repair005,ae101c7f8b800eed7ae750626b2d1db93697b662160356b34e2df60989a3489e,7,MeetingBank,test,700,844235,673596709ba538937506dec0fb21aea4fc7b08c0c3cd82cf23b517484e8735ef,55344da1bfa113ea9b7478602d4160ad431a75a6b3a7c57fcdd4f07d3c52bbcc,5e0a19f5dec4dbdbe9f4623fdcaaf3305554c9655bea0da7bbca637b7dc2fb33
ae101c7f8b800eed7ae750626b2d1db93697b662160356b34e2df60989a3489e/stage-07/MeetingBank/validation-candidates.jsonl,vamp_svd_r8_repair005,ae101c7f8b800eed7ae750626b2d1db93697b662160356b34e2df60989a3489e,7,MeetingBank,validation,700,821481,97c7a34d341adbbdb76004fc28c2caa1d4777996f235d7f1d2a7d9e15b866b79,5f3d770990dcfe6f4ddd74c42e5f72071ca3b2432532d567de66b9d27b59eebe,74a0e6625a4e748c237c5814d35420c5a7e6616a15ddb4ac788ccaa7410be668
ae101c7f8b800eed7ae750626b2d1db93697b662160356b34e2df60989a3489e/stage-07/NumGLUE-cm/test-candidates.jsonl,vamp_svd_r8_repair005,ae101c7f8b800eed7ae750626b2d1db93697b662160356b34e2df60989a3489e,7,NumGLUE-cm,test,567,425135,eb2ead9fe16c2893a90076d7056f455b4249eb58848f1865d30f76351588ab80,adaf68f4cf1ad1dc6d6a055e2cf96323195ee23e19810680a21aeef374f882bb,a56d2e5771405148c21ba0acb46d357f2f6087f614e323323e49f17b0a9350c0
ae101c7f8b800eed7ae750626b2d1db93697b662160356b34e2df60989a3489e/stage-07/NumGLUE-cm/validation-candidates.jsonl,vamp_svd_r8_repair005,ae101c7f8b800eed7ae750626b2d1db93697b662160356b34e2df60989a3489e,7,NumGLUE-cm,validation,287,214885,91666e644fbdf753ebf31e1661c52d9be8e9b0c87b30236b5b676d478520b12b,35f10e71cdaa22e28e04e30e3f4ac06145c9e67b7fb1c61105ec2f16052a64f0,0cfc7dc1d4d145f379b20c7528f3c02e7552e4a9b2b5748f4655de5143338114
ae101c7f8b800eed7ae750626b2d1db93697b662160356b34e2df60989a3489e/stage-07/NumGLUE-ds/test-candidates.jsonl,vamp_svd_r8_repair005,ae101c7f8b800eed7ae750626b2d1db93697b662160356b34e2df60989a3489e,7,NumGLUE-ds,test,700,584492,04af851690524b5c6e753bed1ebb37bff7cb85380331aae3c522f704062e2cfb,a31b287f0a9eebe0e195c6bec2883d47be76f40fafe9d0471b01a024c389fab3,28bbb5b2cedb40f28874935f65ece8059ec665469dfa8a9c748ee70ac6477cce
ae101c7f8b800eed7ae750626b2d1db93697b662160356b34e2df60989a3489e/stage-07/NumGLUE-ds/validation-candidates.jsonl,vamp_svd_r8_repair005,ae101c7f8b800eed7ae750626b2d1db93697b662160356b34e2df60989a3489e,7,NumGLUE-ds,validation,700,580175,725f90d2a7d4a4e1d8116b89ae130770649c8dd5ecb0de6197ed2ad9bedd92a5,e35d3c6c0ff659c106638775db7f6ed50bda324901ce04e9e745d356a4636e4e,8d0ad8d12dc764372684b62bb6f79a89795972560fd2201e0a15b39feddaa7d1
ae101c7f8b800eed7ae750626b2d1db93697b662160356b34e2df60989a3489e/stage-07/Py150/test-candidates.jsonl,vamp_svd_r8_repair005,ae101c7f8b800eed7ae750626b2d1db93697b662160356b34e2df60989a3489e,7,Py150,test,700,1282021,9b8dc360c24a272191d8a5f871f35cb0e2589549267431635c8680169c2d34d2,6e9daa8880fb0e75be4fc1ea1fe9dcb09ef77bf9cd501bd01842ba3fafbbbd7e,dd372bf83adeff0cb8228a3d2bdc4b97bb3ee074dcb7e697df0c57c1a6fc899f
ae101c7f8b800eed7ae750626b2d1db93697b662160356b34e2df60989a3489e/stage-07/Py150/validation-candidates.jsonl,vamp_svd_r8_repair005,ae101c7f8b800eed7ae750626b2d1db93697b662160356b34e2df60989a3489e,7,Py150,validation,700,1315263,723f36854161531bc21f9db82d6395169120f4962e5b288d3b19c12c39afa824,6683ededf6c4214fffcf69d61d34972a9f03b082cf54906ca690049e81fe7381,172da26c694405672c6f8dde8e9b53b9ccf7223fb363c3b917b71676a62dfdaf
ae101c7f8b800eed7ae750626b2d1db93697b662160356b34e2df60989a3489e/stage-07/ScienceQA/test-candidates.jsonl,vamp_svd_r8_repair005,ae101c7f8b800eed7ae750626b2d1db93697b662160356b34e2df60989a3489e,7,ScienceQA,test,700,484978,cb2b1ff100741614d91d4ed38deb6331cf515177d83b0ba38bfa0ee96e4e7693,5acb36d9af8d42d8dc8267af246b2c7739c4f334bee038ecbf722cf2a965647e,843c723f6076d3ddeb84569881f1676677bdb3d4edfc8e8689989179e941f343
ae101c7f8b800eed7ae750626b2d1db93697b662160356b34e2df60989a3489e/stage-07/ScienceQA/validation-candidates.jsonl,vamp_svd_r8_repair005,ae101c7f8b800eed7ae750626b2d1db93697b662160356b34e2df60989a3489e,7,ScienceQA,validation,700,479387,5b1ea06f5f846c838fbd3777a8ecd9da71813a0702c67c0d58fb5b77cc2ae5fa,43ba908bda4118a720a72eff72e8bb87f9b18205ad625f998241c857e427895c,f5ab66f630442ed1610deeaeb9abfd3faca2b0f2cfc8bf17f9e8738bc2eed46a
ae101c7f8b800eed7ae750626b2d1db93697b662160356b34e2df60989a3489e/stage-08/20Minuten/test-candidates.jsonl,vamp_svd_r8_repair005,ae101c7f8b800eed7ae750626b2d1db93697b662160356b34e2df60989a3489e,8,20Minuten,test,800,1108741,ba81b454b7e91f99695e73ccc224b1e187d8bcdeaf7f178e68a99dd5080efbd8,8133777f8ceb3ba5d15eace8ae5023fd7f24b2725d15fa00616a2cf835fa2bda,c86813312cd94530b5e313a1dcf83c42ef9043efee640b14ea9beeab24b9b6cb
ae101c7f8b800eed7ae750626b2d1db93697b662160356b34e2df60989a3489e/stage-08/20Minuten/validation-candidates.jsonl,vamp_svd_r8_repair005,ae101c7f8b800eed7ae750626b2d1db93697b662160356b34e2df60989a3489e,8,20Minuten,validation,800,1145678,4353d8a5e13a5374b7a7a62e172c63f60a085b0fbe0000025c423dff560ad5a8,2c9006db3a1ce337a95dcd63d45400e8a48471d9524b2d1bee3051cbefa1a3fc,d0e2a0e6bfa66b0457ba6db1a88916f708ac3ca9023b2b08aaa714622e206e04
ae101c7f8b800eed7ae750626b2d1db93697b662160356b34e2df60989a3489e/stage-08/C-STANCE/test-candidates.jsonl,vamp_svd_r8_repair005,ae101c7f8b800eed7ae750626b2d1db93697b662160356b34e2df60989a3489e,8,C-STANCE,test,800,992294,89710d75895600e2a87b8b66d76555ead5a57c0b9b912347f71f9b5e0ae85963,b9fb6de46e53f8cced67f9f13cafa8c223cbd5d3becdf34f9d521a384f30ffa3,b0e5e557207627d00b676ea2e87d895af78f1bd191f2db1e219f34236541e609
ae101c7f8b800eed7ae750626b2d1db93697b662160356b34e2df60989a3489e/stage-08/C-STANCE/validation-candidates.jsonl,vamp_svd_r8_repair005,ae101c7f8b800eed7ae750626b2d1db93697b662160356b34e2df60989a3489e,8,C-STANCE,validation,800,969561,8cfff6dec02ec2cd324e4c90025090eb42770da03abd85f7b34a429c6f6418a2,2b139d860980d5e3ee634ec8ef3eb68412e8086907d6fb60def95468076b84e2,9a75c7c7dfa18cd36de8cfd8db47a6ae9b656a7968d4ddc07baa3a32ae3f800d
ae101c7f8b800eed7ae750626b2d1db93697b662160356b34e2df60989a3489e/stage-08/FOMC/test-candidates.jsonl,vamp_svd_r8_repair005,ae101c7f8b800eed7ae750626b2d1db93697b662160356b34e2df60989a3489e,8,FOMC,test,800,1390479,17d74b2338664c05a41d0686e935a636e40a09d8adb76f6ba2ea86e1c827e49a,211ab7bc8616127060614da31075e1f5824a6d9fef880bbcd1729e4681627671,81d69e74ee38a55197fe23024e9f0bf610a5b26a64d20d70a7d6813aa5cdde74
ae101c7f8b800eed7ae750626b2d1db93697b662160356b34e2df60989a3489e/stage-08/FOMC/validation-candidates.jsonl,vamp_svd_r8_repair005,ae101c7f8b800eed7ae750626b2d1db93697b662160356b34e2df60989a3489e,8,FOMC,validation,800,1402679,13119410a05050a35a057dfdf855f95c4390a55e3636dd43bcc7d95b6d31fa75,b2a2471159f7f68ca844fe8457350d4cfe8fb125aa71e3186a564fe57097531a,c7b20799f6ecf5df414d3652a1a47c96a7345c02b384f86ac5f4b2e9a0c11d7a
ae101c7f8b800eed7ae750626b2d1db93697b662160356b34e2df60989a3489e/stage-08/MeetingBank/test-candidates.jsonl,vamp_svd_r8_repair005,ae101c7f8b800eed7ae750626b2d1db93697b662160356b34e2df60989a3489e,8,MeetingBank,test,800,1329359,5752b1bdc24a0a7458643ab24b4af48d74e3a205dbc1a5aeb02ed912af37eaf5,4a5ef28e30773d41eb61a8797a61d6bfc721398cbdc5ab99dcdbfa0c5a222222,ca187ac7f8706143849870a5de095886009dbe2851eee2daa0f8868b11b36e0b
ae101c7f8b800eed7ae750626b2d1db93697b662160356b34e2df60989a3489e/stage-08/MeetingBank/validation-candidates.jsonl,vamp_svd_r8_repair005,ae101c7f8b800eed7ae750626b2d1db93697b662160356b34e2df60989a3489e,8,MeetingBank,validation,800,1350883,ec8981d61b77bdd62d86bbcd58483a16b49ef4fae7fcae4147495be3f0bef741,52550468eaf9680251687bf86b2a6cd3a2e246df2491bfc3a562f9dbd058b454,b0c22fc4da0e2cce76d9441ba05d90ab5f9a6e32bf3fea6512e176e6eb355556
ae101c7f8b800eed7ae750626b2d1db93697b662160356b34e2df60989a3489e/stage-08/NumGLUE-cm/test-candidates.jsonl,vamp_svd_r8_repair005,ae101c7f8b800eed7ae750626b2d1db93697b662160356b34e2df60989a3489e,8,NumGLUE-cm,test,648,793282,cd78790dca1a9c36bb477e7b092d31f522690f6be2fe954996fcbad1a5a419be,1448b7eb48265466fa79b9673ed936c0daaf64fa456b98a5adba95180ca75ad2,53d2035b3c9fb74146ada8539752e6c27055f6980ab6a0101f849e0b8fbc004f
ae101c7f8b800eed7ae750626b2d1db93697b662160356b34e2df60989a3489e/stage-08/NumGLUE-cm/validation-candidates.jsonl,vamp_svd_r8_repair005,ae101c7f8b800eed7ae750626b2d1db93697b662160356b34e2df60989a3489e,8,NumGLUE-cm,validation,328,408191,fcf4c53e0c64350a9a3db7894c9dc68f418533e45f652673b3d83a40eceb9ce4,ad12c4a26d7c01b585e6e9b0341cc4da84ed3839d114e956fac0a5be1a0412bf,4d6062b476e7bc8d7db3a98bac7d8e6663947c4f907220d788071b4a2dd3a149
ae101c7f8b800eed7ae750626b2d1db93697b662160356b34e2df60989a3489e/stage-08/NumGLUE-ds/test-candidates.jsonl,vamp_svd_r8_repair005,ae101c7f8b800eed7ae750626b2d1db93697b662160356b34e2df60989a3489e,8,NumGLUE-ds,test,800,1023600,8a14650eb6d75e6c26db032935dd6e97af7002ad83bf7b7c1d9d395608672586,2809c549e72857a584a028ae00635068197c3f7db099a6ca6583386b5f6c1fde,22eee2357dd45705cd251214a87a2367c1356556367529092ddf3fd1e57582c6
ae101c7f8b800eed7ae750626b2d1db93697b662160356b34e2df60989a3489e/stage-08/NumGLUE-ds/validation-candidates.jsonl,vamp_svd_r8_repair005,ae101c7f8b800eed7ae750626b2d1db93697b662160356b34e2df60989a3489e,8,NumGLUE-ds,validation,800,991399,c455f7521e6c87c279302cc1ec1bf63a3b66b8418a83dd81b4722a55d8d27b6d,9d5d6d90c9ab7bcb5dfd98b2121ee05718a4dd8a14dc29e8832321fa5270df20,20ced6b6c2916afd4a6eb851d0cace1ff3f29cae749c237e999e09dde06c5022
ae101c7f8b800eed7ae750626b2d1db93697b662160356b34e2df60989a3489e/stage-08/Py150/test-candidates.jsonl,vamp_svd_r8_repair005,ae101c7f8b800eed7ae750626b2d1db93697b662160356b34e2df60989a3489e,8,Py150,test,800,1518604,eca3f6792f4d2eac8dc65a561d5ba4ee226abedd59334234c866e18fc46c4796,f5134dab403a242d2641e5b837452656189309c0e3643d05716a9ac188605cf9,67f52fc62e85345073d669a3ba49eb8cb7bb8967d0e99dedbcfa41f05bc8e41e
ae101c7f8b800eed7ae750626b2d1db93697b662160356b34e2df60989a3489e/stage-08/Py150/validation-candidates.jsonl,vamp_svd_r8_repair005,ae101c7f8b800eed7ae750626b2d1db93697b662160356b34e2df60989a3489e,8,Py150,validation,800,1547661,419c69f02df661cb144c714effef8677ee1141c6e92cc4b8f5617f29a432ec41,0bed997e374f40537e86ca38e51c0b10191b54a4a7bb574cf46953204eeb466e,19aee6dce40d401b6a2f8d527c6735cbc668aa587adccfc17f5bb4bd1dedcaef
ae101c7f8b800eed7ae750626b2d1db93697b662160356b34e2df60989a3489e/stage-08/ScienceQA/test-candidates.jsonl,vamp_svd_r8_repair005,ae101c7f8b800eed7ae750626b2d1db93697b662160356b34e2df60989a3489e,8,ScienceQA,test,800,664575,084b0e76d857c2c5a5afeef9d25bdf0be82d461539802f2bb8e128a98f63a73c,5dab1d932086b688102a30c8a0ff225b3c886ad4d06c6e194db593718de15c69,8bc6d8bea28ba6a7d54c9fcf4fec67ef6a5352c963fbe245aded4f6e34f7cf13
ae101c7f8b800eed7ae750626b2d1db93697b662160356b34e2df60989a3489e/stage-08/ScienceQA/validation-candidates.jsonl,vamp_svd_r8_repair005,ae101c7f8b800eed7ae750626b2d1db93697b662160356b34e2df60989a3489e,8,ScienceQA,validation,800,662659,e4a782a4bc28673eed5ccff5a45116df2e06eb10ed35f04f21c021e18adf26e5,9b70079bacd6314048e22bf672d83fa26ab769433acb32feb4867bf055cb1c9a,efe205a548b8d772e2ada67ae6b19544c4c36a3b998264672c6d183d963be84f
b2be4a776959c3c511e2b5faf99712d69b9df713bfcf53e538c4bc9786fe5e18/stage-01/C-STANCE/test-candidates.jsonl,vamp_core_tsv_r8_scale05_repair000,b2be4a776959c3c511e2b5faf99712d69b9df713bfcf53e538c4bc9786fe5e18,1,C-STANCE,test,400,308769,be98fc9b9ddd191bb0a7bfe67aed8d8a12a1a94312dc5376c8ac8b11bdcf8fa0,fd1d9bb88a8222eb173145ef5beaed16f8663b693cb08ef5cbd8f5d8941efef2,bf1fb8515cc265912633c803b8c73cc6ab3f26ddb7f3ac6950972b3d71e337a9
b2be4a776959c3c511e2b5faf99712d69b9df713bfcf53e538c4bc9786fe5e18/stage-01/C-STANCE/validation-candidates.jsonl,vamp_core_tsv_r8_scale05_repair000,b2be4a776959c3c511e2b5faf99712d69b9df713bfcf53e538c4bc9786fe5e18,1,C-STANCE,validation,400,303828,ba086779d10f3838e9915e848ee0fa3f330129afd357ee08c79e135e00e4da6f,163a80b46c7a94af9817b4275ecbdfa67efb5c95d15ac2c796a73d87dd5f6f23,5f82f52ac745231778b9facdaa825f1a33f86afb10d6903ff5fc611c3a9df15c
b2be4a776959c3c511e2b5faf99712d69b9df713bfcf53e538c4bc9786fe5e18/stage-02/C-STANCE/test-candidates.jsonl,vamp_core_tsv_r8_scale05_repair000,b2be4a776959c3c511e2b5faf99712d69b9df713bfcf53e538c4bc9786fe5e18,2,C-STANCE,test,600,437801,12e60c705a5fc729dfe94018b58e5ee5182770dad338c67ee25b84d0cdec4826,9181c12ca794b5f4c15ff514ed1fab26556ac73d4cabbf63fe557d814b8d2245,220c288c9b4e0ec43ff356553df8910085306c7de61df88893288a4c22c1a176
b2be4a776959c3c511e2b5faf99712d69b9df713bfcf53e538c4bc9786fe5e18/stage-02/C-STANCE/validation-candidates.jsonl,vamp_core_tsv_r8_scale05_repair000,b2be4a776959c3c511e2b5faf99712d69b9df713bfcf53e538c4bc9786fe5e18,2,C-STANCE,validation,600,429681,5ca73fd83d57152c0f145ccaee26c95b881e640c31e95f60e10608cabe2da54e,9648f2282ef6b04eb499fb15d083142712d79e3d1b4aec6f5f7c96b0f94c416f,0d6e0864174f48f524d1ca867ff14ccd5f5411e0fb2a26a3f9bcd7a9daa5d7a8
b2be4a776959c3c511e2b5faf99712d69b9df713bfcf53e538c4bc9786fe5e18/stage-02/FOMC/test-candidates.jsonl,vamp_core_tsv_r8_scale05_repair000,b2be4a776959c3c511e2b5faf99712d69b9df713bfcf53e538c4bc9786fe5e18,2,FOMC,test,600,594994,6be3a06dc1dc5a17b8bcb6464f064b11a3519137bf8d39c2c16138b56f6394d5,03e4d16eb798906ae83b61a94022f94bf9986b182a2f2b562c9c0f0e2e81c4f9,7a07ee12b3859ff4ebf0a48f642aec6763c91fe31ca04a09148410dd2fc5d5d4
b2be4a776959c3c511e2b5faf99712d69b9df713bfcf53e538c4bc9786fe5e18/stage-02/FOMC/validation-candidates.jsonl,vamp_core_tsv_r8_scale05_repair000,b2be4a776959c3c511e2b5faf99712d69b9df713bfcf53e538c4bc9786fe5e18,2,FOMC,validation,600,597193,736b523f21bfe20639c0f0f9e12415eaf76cd764ada69ef8383d739f0f258677,c754037295339dd7e20e84d10b6ab20ac0d0d79281b199f3b99ce3bc6f1f3456,05d3ccdabf3078be7611abe0c384fc5e407897ae25e3ee793e027c1ea7e7a54d
b2be4a776959c3c511e2b5faf99712d69b9df713bfcf53e538c4bc9786fe5e18/stage-03/C-STANCE/test-candidates.jsonl,vamp_core_tsv_r8_scale05_repair000,b2be4a776959c3c511e2b5faf99712d69b9df713bfcf53e538c4bc9786fe5e18,3,C-STANCE,test,500,501929,e579cc62536e4d39b64c9a904224f4329d441de18f75719d09d5cef9a101cc63,5b802e55b82944f932c58c1d4f51f29ee44f3bd4543ee4b41bed520ce6612a5f,cb267cb0968d48e17f9e27970e984fcbd8c23cbd70464716bcadc364129ca330
b2be4a776959c3c511e2b5faf99712d69b9df713bfcf53e538c4bc9786fe5e18/stage-03/C-STANCE/validation-candidates.jsonl,vamp_core_tsv_r8_scale05_repair000,b2be4a776959c3c511e2b5faf99712d69b9df713bfcf53e538c4bc9786fe5e18,3,C-STANCE,validation,500,495362,3aaba0feb5d3afc2f2a65be35eb3ef5d57439f378409d309b8f8c1d175d76bbf,887d1040ac6d6f5815bc44edb70fd1ae1bd36b06cbc28eec28ff72aae021d47e,40c3f2769173aa2f9a021f973ef866b1af591e7120d40283b62d70ffc74e7ce4
b2be4a776959c3c511e2b5faf99712d69b9df713bfcf53e538c4bc9786fe5e18/stage-03/FOMC/test-candidates.jsonl,vamp_core_tsv_r8_scale05_repair000,b2be4a776959c3c511e2b5faf99712d69b9df713bfcf53e538c4bc9786fe5e18,3,FOMC,test,500,747550,0894ec3b4692073eac775b2ac733ed9016b8552ae29e3913668a52d828a67a8e,a2d37f789aac7476db0c1207eab25c0f5a8f7130bfc0d5a85a37306be26a9fc5,c89d49649516cabda0d383643415d87cc14df2b5d5eab9f0fbb2c4676d107a4d
b2be4a776959c3c511e2b5faf99712d69b9df713bfcf53e538c4bc9786fe5e18/stage-03/FOMC/validation-candidates.jsonl,vamp_core_tsv_r8_scale05_repair000,b2be4a776959c3c511e2b5faf99712d69b9df713bfcf53e538c4bc9786fe5e18,3,FOMC,validation,500,757544,7f88061ea898abf12555f6965078ee1e1887cb5997cbc60b703d6ff8929e6a3f,bee5139f9095ff2d1e06112470d24c79c6f0f614bbc14e5ad701e25b8bcd6478,8cba21e835c5a10b4b4a8ff1040e70cbad8d8e59695dc17145e0a23aa87e1007
b2be4a776959c3c511e2b5faf99712d69b9df713bfcf53e538c4bc9786fe5e18/stage-03/MeetingBank/test-candidates.jsonl,vamp_core_tsv_r8_scale05_repair000,b2be4a776959c3c511e2b5faf99712d69b9df713bfcf53e538c4bc9786fe5e18,3,MeetingBank,test,500,679541,17198735d05d6695fd9430283da9430d09b8e31325361660b17a83582e52ea9b,66abdbdfb2544f3c73e0816b219bc9031887f4cf7d1f6405d9a40502549df45c,af11935e4be2164c53b73ca35f2433c04f1b11280851784f9ccd40bb4aaf7ba6
b2be4a776959c3c511e2b5faf99712d69b9df713bfcf53e538c4bc9786fe5e18/stage-03/MeetingBank/validation-candidates.jsonl,vamp_core_tsv_r8_scale05_repair000,b2be4a776959c3c511e2b5faf99712d69b9df713bfcf53e538c4bc9786fe5e18,3,MeetingBank,validation,500,716172,6a9f02be784e1cbe3de678c2f26b7865fa7ea88803c93d4d46a73e994a244670,6b25776d321247b3d2207f20e1fe22fd330ddba58f37027dcc55d1464a763ebf,8c795f52d156bbac36d679011cfb2192cf014dedf74873e8de5a58af7a9bf70f
b2be4a776959c3c511e2b5faf99712d69b9df713bfcf53e538c4bc9786fe5e18/stage-04/C-STANCE/test-candidates.jsonl,vamp_core_tsv_r8_scale05_repair000,b2be4a776959c3c511e2b5faf99712d69b9df713bfcf53e538c4bc9786fe5e18,4,C-STANCE,test,700,585543,f50136622cabdbdee76537a1adcd126746da2f64e2d3e043b1ef1440a2c71138,8ead0b81ab2bedf2c59cae73034889d2b2f9f764d9f44c3e322da293b1080974,ea60cb366230462d4d41583ae8cc8c01678a8b180f9730732abf3e4274d131d4
b2be4a776959c3c511e2b5faf99712d69b9df713bfcf53e538c4bc9786fe5e18/stage-04/C-STANCE/validation-candidates.jsonl,vamp_core_tsv_r8_scale05_repair000,b2be4a776959c3c511e2b5faf99712d69b9df713bfcf53e538c4bc9786fe5e18,4,C-STANCE,validation,700,546272,ed50b238ab063f8de73d98d2d27489f4cd8dc717bd531d17b2caf7f604970add,eb5ee3a41ea71c31e18130b50954659b8c3198d0dfad81a62a93f6261fd2c8c2,5198cbe35aad412a8d8b18d0dd39fae27edf1bd99807d0ac8329ee3535e12308
b2be4a776959c3c511e2b5faf99712d69b9df713bfcf53e538c4bc9786fe5e18/stage-04/FOMC/test-candidates.jsonl,vamp_core_tsv_r8_scale05_repair000,b2be4a776959c3c511e2b5faf99712d69b9df713bfcf53e538c4bc9786fe5e18,4,FOMC,test,700,759393,65f475d7a45d45d25dc1f607f1a770c215ffab3cc66936f8867a6e689c567873,f1cd9aba364579d0700312cd2244221be0ed2bc4fb13bc469a03071ee75ed0cc,0ee1f4ab4563920201c1d25f5b11036aa704dfb171bb01a1cee254e7e9ae14c0
b2be4a776959c3c511e2b5faf99712d69b9df713bfcf53e538c4bc9786fe5e18/stage-04/FOMC/validation-candidates.jsonl,vamp_core_tsv_r8_scale05_repair000,b2be4a776959c3c511e2b5faf99712d69b9df713bfcf53e538c4bc9786fe5e18,4,FOMC,validation,700,768882,f86793f7308d24ce338e1b1b4ef4cc9baa11653a809e3a3f011a524f5e42a819,2fce7a5d190b5e6a3f04db046d678904abbf484c121c0ae2411606662ad38866,e41c162714012125e3f3399578e0dddde449be6048499c7fc5ff7ea16dc61ed0
b2be4a776959c3c511e2b5faf99712d69b9df713bfcf53e538c4bc9786fe5e18/stage-04/MeetingBank/test-candidates.jsonl,vamp_core_tsv_r8_scale05_repair000,b2be4a776959c3c511e2b5faf99712d69b9df713bfcf53e538c4bc9786fe5e18,4,MeetingBank,test,700,892872,cb640adaf8bcc2418ae722642e481aad59b405d1adf6cefe8e4f9a545052bd17,6f4850c1b5e2027036bb9e4fd02cdd00bd939b7dbf8f7e503c954be5afda7212,99a3e32e433880ac4b56616096654fcefcf0195b3ea425183b2802d52d096e52
b2be4a776959c3c511e2b5faf99712d69b9df713bfcf53e538c4bc9786fe5e18/stage-04/MeetingBank/validation-candidates.jsonl,vamp_core_tsv_r8_scale05_repair000,b2be4a776959c3c511e2b5faf99712d69b9df713bfcf53e538c4bc9786fe5e18,4,MeetingBank,validation,700,914492,be3bdbb46d18233041034f18d70162b3f93a48ab4e678a41163832a3a05536ae,f0563386113ef124f0484f89a1f5b49bfb8cd8811d19e1825fe559eaf2ef210e,7e57a5f1513389b33abbd573cd65f301b91b85feb71a741f104ce1a87c2fae90
b2be4a776959c3c511e2b5faf99712d69b9df713bfcf53e538c4bc9786fe5e18/stage-04/Py150/test-candidates.jsonl,vamp_core_tsv_r8_scale05_repair000,b2be4a776959c3c511e2b5faf99712d69b9df713bfcf53e538c4bc9786fe5e18,4,Py150,test,700,1015986,360493e74589cce97c855c21511c1ed7e7a6e0384dafb2ab65a499b24c32e6cb,f8c5068475d56a3ca42c4a44952d97988810ed74a29933e51af7b7e6d6890a36,3251d57b62ce841871943d2d4c075c7a81257fc1e912f64ca2f6c0638935864d
b2be4a776959c3c511e2b5faf99712d69b9df713bfcf53e538c4bc9786fe5e18/stage-04/Py150/validation-candidates.jsonl,vamp_core_tsv_r8_scale05_repair000,b2be4a776959c3c511e2b5faf99712d69b9df713bfcf53e538c4bc9786fe5e18,4,Py150,validation,700,1032236,03f49315254a15ebc8616a467a87ed36350dfa20680755d32c43827ee32614ef,1cbacffc61ae264082f17fb16ad06e9e843b4a581309b4f9efb2897f98a4bfc4,480af7fa68d498f39853f5ba4c46c236f2e6776d77acb3587872b0074d09d2be
b2be4a776959c3c511e2b5faf99712d69b9df713bfcf53e538c4bc9786fe5e18/stage-05/C-STANCE/test-candidates.jsonl,vamp_core_tsv_r8_scale05_repair000,b2be4a776959c3c511e2b5faf99712d69b9df713bfcf53e538c4bc9786fe5e18,5,C-STANCE,test,700,742658,d91028806e9ace8841049596e7f2376987c95abe5ed810ea966b2f2ff76138e5,e6ead1c3b3103b195a878d9f0aa2706531e201213cc08af6cbee0d44f4759161,4eddb7a7ff73bcde07adcf45d946acf28d58fc4dec70fe291f57bed1fb195498
b2be4a776959c3c511e2b5faf99712d69b9df713bfcf53e538c4bc9786fe5e18/stage-05/C-STANCE/validation-candidates.jsonl,vamp_core_tsv_r8_scale05_repair000,b2be4a776959c3c511e2b5faf99712d69b9df713bfcf53e538c4bc9786fe5e18,5,C-STANCE,validation,700,756182,a1579e58c30424b1782d077243aba7e7aa73b35367663ebb292c8268a3fbba09,83ca8bbf945beec40fd24d3bf3dbfd401c461a257ee4cc8607d69fec1277b034,0c15338a752ec5f9adf053a617e5ed9ff6dcc1301c3ba22fa0e038f6db473ace
b2be4a776959c3c511e2b5faf99712d69b9df713bfcf53e538c4bc9786fe5e18/stage-05/FOMC/test-candidates.jsonl,vamp_core_tsv_r8_scale05_repair000,b2be4a776959c3c511e2b5faf99712d69b9df713bfcf53e538c4bc9786fe5e18,5,FOMC,test,700,1164584,5f63af1189b4b9ad6d08eb77d7d7f6fe6a6bd5bff621ac5f21e3f57d081fb733,b978563814adf9f6a965e6025e462872336d6bc1fb89f17c91ecb2fd5d050ded,170bf080a9a863bfc5b6f9d5cbaa7fc694fa42f594853b707bf5b304ce016a90
b2be4a776959c3c511e2b5faf99712d69b9df713bfcf53e538c4bc9786fe5e18/stage-05/FOMC/validation-candidates.jsonl,vamp_core_tsv_r8_scale05_repair000,b2be4a776959c3c511e2b5faf99712d69b9df713bfcf53e538c4bc9786fe5e18,5,FOMC,validation,700,1217760,e51d9265dc40b1ea64adb2e15f5ec09870c6c5adb37e0eb12f5bbd5434275f7e,a6107d0997ee1893ebc8e90a1647b37d8463a8d75749a064b38eee8c1d999cb4,8860f28f8c9b1c5f0d49ca095636c4931fe878664f27066e7cead8a8d31a7b16
b2be4a776959c3c511e2b5faf99712d69b9df713bfcf53e538c4bc9786fe5e18/stage-05/MeetingBank/test-candidates.jsonl,vamp_core_tsv_r8_scale05_repair000,b2be4a776959c3c511e2b5faf99712d69b9df713bfcf53e538c4bc9786fe5e18,5,MeetingBank,test,700,1152668,105a70e58b6fd58a90e09df72162ecc474b5eaed59eaf478632e978de39b714e,6b1a1c074da30a7ad79b6e0e854f593b8b6a25d7f50c58af82bf1f3c37ae452e,5d3472de7ca162b56bf50d81ce8df804cd10174c9baabd8dfb536b6e99b0527a
b2be4a776959c3c511e2b5faf99712d69b9df713bfcf53e538c4bc9786fe5e18/stage-05/MeetingBank/validation-candidates.jsonl,vamp_core_tsv_r8_scale05_repair000,b2be4a776959c3c511e2b5faf99712d69b9df713bfcf53e538c4bc9786fe5e18,5,MeetingBank,validation,700,1184515,b77a9b024fb161c4169b70103a770cf14f0dec506461798defa34d1ce63113e2,2fd76894adc0524458e572be232de367aa49725c46a64448ab0e10ad38d587ed,1e786636bbd6f9b2a48a11bb3f2920e58d66a2a396fab46e5f90a09e55311e0c
b2be4a776959c3c511e2b5faf99712d69b9df713bfcf53e538c4bc9786fe5e18/stage-05/Py150/test-candidates.jsonl,vamp_core_tsv_r8_scale05_repair000,b2be4a776959c3c511e2b5faf99712d69b9df713bfcf53e538c4bc9786fe5e18,5,Py150,test,700,1407375,a1ad12090c00d70bbc8c24d4a04c8d85e944850f3e78568c28488b4e02d69af2,0fb6ed360e58deafdde76364654a4277cd59aff5b1ea29fd3f378fc45128ac07,36e3425cd923d3d9bbea1a345dd95be9d012a1a801ee373a2e6ff725a4f5f054
b2be4a776959c3c511e2b5faf99712d69b9df713bfcf53e538c4bc9786fe5e18/stage-05/Py150/validation-candidates.jsonl,vamp_core_tsv_r8_scale05_repair000,b2be4a776959c3c511e2b5faf99712d69b9df713bfcf53e538c4bc9786fe5e18,5,Py150,validation,700,1414328,c49c43bb645f1f9538a4c3b5a31b31bad65821f5ca13c9d78577cc8461c36025,12dd87f4168ae5fd3a4204f8026b2fb181e1a30c44bc922d20557b37b033b25e,c10cb7394a35dc54f1da1937c55f5cdf377b54add888f12a893af317e5e1aea9
b2be4a776959c3c511e2b5faf99712d69b9df713bfcf53e538c4bc9786fe5e18/stage-05/ScienceQA/test-candidates.jsonl,vamp_core_tsv_r8_scale05_repair000,b2be4a776959c3c511e2b5faf99712d69b9df713bfcf53e538c4bc9786fe5e18,5,ScienceQA,test,700,716974,75615af1923ab9a8e2fe696a7f8f9d7789cee5c57a7f78239707eb9e4281bfc8,bce6fe6491d9910e9ecc2b9d3913a7a0f50d2eec8685d9c1c4b1959a34c114e4,ee1575e895e5b92d9777f1e7c58bfbd8c5577dc07f87a7f0edafab6d2db1c2fb
b2be4a776959c3c511e2b5faf99712d69b9df713bfcf53e538c4bc9786fe5e18/stage-05/ScienceQA/validation-candidates.jsonl,vamp_core_tsv_r8_scale05_repair000,b2be4a776959c3c511e2b5faf99712d69b9df713bfcf53e538c4bc9786fe5e18,5,ScienceQA,validation,700,731110,dfe2abc1127cbad505fc0484cbe061f8b920231f4a60315831753dda6a4ecee3,c08789f4b8ac27049a2c6b334c004c5ca49c489d3377d6cf2158413857d0c22f,e7eea59465d9850ae7b141ecff9471393aac439d54186c54211dbe4bf414c23b
b2be4a776959c3c511e2b5faf99712d69b9df713bfcf53e538c4bc9786fe5e18/stage-06/C-STANCE/test-candidates.jsonl,vamp_core_tsv_r8_scale05_repair000,b2be4a776959c3c511e2b5faf99712d69b9df713bfcf53e538c4bc9786fe5e18,6,C-STANCE,test,900,735994,e902918f85b1bb5b9e6d59b647b9c3c730038f3672c42774079f36f26235bd79,8b5522c0b53038d549c1c6aa6cf8ed7d20fea0c240f147ac15226befdd78c319,e7d5e210ff22ae3a66139bdda423773029262f6656bab610d057af1ee2024e8c
b2be4a776959c3c511e2b5faf99712d69b9df713bfcf53e538c4bc9786fe5e18/stage-06/C-STANCE/validation-candidates.jsonl,vamp_core_tsv_r8_scale05_repair000,b2be4a776959c3c511e2b5faf99712d69b9df713bfcf53e538c4bc9786fe5e18,6,C-STANCE,validation,900,726839,37693300370d73a07b64d83bdbb7ac6087bbef7fd6f5de12d6a2bd97a6a37b42,3ec05babe0689ebb8fc88826083bad524697c3e845ed4370c69cb2e30dc5c510,40a5d997095ede66ab58e450886cd6c381808027cc93a2ed2b3c6e8539dec905
b2be4a776959c3c511e2b5faf99712d69b9df713bfcf53e538c4bc9786fe5e18/stage-06/FOMC/test-candidates.jsonl,vamp_core_tsv_r8_scale05_repair000,b2be4a776959c3c511e2b5faf99712d69b9df713bfcf53e538c4bc9786fe5e18,6,FOMC,test,900,1080934,4c933d91258aeb61d087ad065ad0dd388e11adb8b4594e4486bd75ef40cf386c,d3dd4f443e8ddd2001189508fe86e6e8505c1ea10e1a038215dd6845bcbd78b9,4601106d997d43acd460f7edf408cc7be30c227d9a802528c77b7fd8bc45569d
b2be4a776959c3c511e2b5faf99712d69b9df713bfcf53e538c4bc9786fe5e18/stage-06/FOMC/validation-candidates.jsonl,vamp_core_tsv_r8_scale05_repair000,b2be4a776959c3c511e2b5faf99712d69b9df713bfcf53e538c4bc9786fe5e18,6,FOMC,validation,900,1052031,ed0876d6a605dcfd84a58232711e1bb5d25694e853822a11274214de5dcd190b,178d3971143ba4a7e9a868a87acf05d9257fa90074403f72d47e1a8f230e7cf3,5470e62e659eb5e631e6a8f439fa1b226df6a5a9b38b1043f94880f3da622e5d
b2be4a776959c3c511e2b5faf99712d69b9df713bfcf53e538c4bc9786fe5e18/stage-06/MeetingBank/test-candidates.jsonl,vamp_core_tsv_r8_scale05_repair000,b2be4a776959c3c511e2b5faf99712d69b9df713bfcf53e538c4bc9786fe5e18,6,MeetingBank,test,900,1273791,73e934ca0d128aa5464b78151d01d8d1d367a9af1dc8a405ad406b483a32d3fb,71f573ab3880589b0c0eb9b1e69cffaf068f5f3ecd529895933c1995fae8f8cc,c11ebc14ecfb45f691d29dfd5f490f4a524f903e72deb14103d73cb9183c8c6f
b2be4a776959c3c511e2b5faf99712d69b9df713bfcf53e538c4bc9786fe5e18/stage-06/MeetingBank/validation-candidates.jsonl,vamp_core_tsv_r8_scale05_repair000,b2be4a776959c3c511e2b5faf99712d69b9df713bfcf53e538c4bc9786fe5e18,6,MeetingBank,validation,900,1248907,79e6863890d19f91fe50fbeaaa867a3396289fa007feb7931cb2a2d7fe813cf5,2a71a0dae3ac79bdb557506eed186a6ce24d18db50b0284642b88c08f788f39d,44e28c00aefafbe18a03081963f434b1448418bee1c5086ece89d96d857bea84
b2be4a776959c3c511e2b5faf99712d69b9df713bfcf53e538c4bc9786fe5e18/stage-06/NumGLUE-cm/test-candidates.jsonl,vamp_core_tsv_r8_scale05_repair000,b2be4a776959c3c511e2b5faf99712d69b9df713bfcf53e538c4bc9786fe5e18,6,NumGLUE-cm,test,729,685056,b56f830cadbef224cdd92d4b0ef90380f77dfaf6669db21e59ce9ab6719f5ab0,2ea898d869426ca079318478ae80c807ac32c665083eec002069ed296cfae772,da436b74d91941279c1cd607b0d47dcd390dcb9a2e7c14152d2c8f58fe509cce
b2be4a776959c3c511e2b5faf99712d69b9df713bfcf53e538c4bc9786fe5e18/stage-06/NumGLUE-cm/validation-candidates.jsonl,vamp_core_tsv_r8_scale05_repair000,b2be4a776959c3c511e2b5faf99712d69b9df713bfcf53e538c4bc9786fe5e18,6,NumGLUE-cm,validation,369,349157,9d1ed101c87e8bf27990fdb821318dac14588ef98dc1959e4b47eeb90f6bec0d,805f58863e6f40eb6771ab4a4224ba7cb1f05905e622cc244edfe0f8d6d9135b,471c7c451b09c0cb39bbdcc59a8ed50259eea60cb73568c5803997e95f9ac34e
b2be4a776959c3c511e2b5faf99712d69b9df713bfcf53e538c4bc9786fe5e18/stage-06/Py150/test-candidates.jsonl,vamp_core_tsv_r8_scale05_repair000,b2be4a776959c3c511e2b5faf99712d69b9df713bfcf53e538c4bc9786fe5e18,6,Py150,test,900,1791776,b92bffe370355a759a4734e5eccdd57edc4f30e6af1d9579a34a961a0404499b,bc5bbb679abcc6f5345ce1f477c9d8cf409c1fbec19fe02fc7e41c444235d572,54279ddeed4e22a74c6ea5a25483a9be9819a4105b76585f6b3b3e1fb9cf8e08
b2be4a776959c3c511e2b5faf99712d69b9df713bfcf53e538c4bc9786fe5e18/stage-06/Py150/validation-candidates.jsonl,vamp_core_tsv_r8_scale05_repair000,b2be4a776959c3c511e2b5faf99712d69b9df713bfcf53e538c4bc9786fe5e18,6,Py150,validation,900,1828897,00f9a4ac5347c2b32fff1f43c4a0178474edea9bdeb3b67bb7ae50325fbfd96e,10bdc77e51fe98992fa2d32cc32858a3b40a2be1742a3e0821d1756988261b99,23d1703ffce4c250c890c667d9ebfd0f7320539edaa2c63232eceeb2ea872455
b2be4a776959c3c511e2b5faf99712d69b9df713bfcf53e538c4bc9786fe5e18/stage-06/ScienceQA/test-candidates.jsonl,vamp_core_tsv_r8_scale05_repair000,b2be4a776959c3c511e2b5faf99712d69b9df713bfcf53e538c4bc9786fe5e18,6,ScienceQA,test,900,737709,0bc674d1c58d3cc94551e133345b09c1b73af65111d425fa6a8e547433b834a2,7ed9d38c64bebcbb8886bf6e7b377308dee9cbf1511d6c864c5f3710bbf56765,ac37512d4fce8c9f7d72724335426d55ff1e159b9b16f1e4998bad93fd8334d3
b2be4a776959c3c511e2b5faf99712d69b9df713bfcf53e538c4bc9786fe5e18/stage-06/ScienceQA/validation-candidates.jsonl,vamp_core_tsv_r8_scale05_repair000,b2be4a776959c3c511e2b5faf99712d69b9df713bfcf53e538c4bc9786fe5e18,6,ScienceQA,validation,900,752096,b0980e6689c3c4160016528fd2da1b2bad0bc6347fc8652fcdb6cf444851adf3,218e20959f43e14fe7b9896c621113a38b0fda6aa44a4e11d254220ba5f29494,422c83a48a46ac291f97e54cff64694fe934a06fee7ad22df072c59ff6a5e5ed
b2be4a776959c3c511e2b5faf99712d69b9df713bfcf53e538c4bc9786fe5e18/stage-07/C-STANCE/test-candidates.jsonl,vamp_core_tsv_r8_scale05_repair000,b2be4a776959c3c511e2b5faf99712d69b9df713bfcf53e538c4bc9786fe5e18,7,C-STANCE,test,700,634245,5442d5438eb8cda322b39663e7163a2d5072678bf9ab611771ec6a95a685c377,5dc84dd0caccf58e1810acb3a79c0c90205a30eeab3d9769c9febeecff149d47,8324b9cc903007c15f6330f972d0ec2d5434b6d1049ffb9b1b76f5ef8cb5344c
b2be4a776959c3c511e2b5faf99712d69b9df713bfcf53e538c4bc9786fe5e18/stage-07/C-STANCE/validation-candidates.jsonl,vamp_core_tsv_r8_scale05_repair000,b2be4a776959c3c511e2b5faf99712d69b9df713bfcf53e538c4bc9786fe5e18,7,C-STANCE,validation,700,615176,3e4dbdcd5d5708b1fd47588bcfa16eccb30096b67dcd44176f6ddb7be576b050,7dbbc5bc74f1d5ab4c8932bb7d73c5c3e8406a226b3b46cf54703d3f9dfac9d4,84efa478cb022f312344155d3941c87e4720bf43e63abc2ece23ea3cc440076e
b2be4a776959c3c511e2b5faf99712d69b9df713bfcf53e538c4bc9786fe5e18/stage-07/FOMC/test-candidates.jsonl,vamp_core_tsv_r8_scale05_repair000,b2be4a776959c3c511e2b5faf99712d69b9df713bfcf53e538c4bc9786fe5e18,7,FOMC,test,700,894921,623e660f57529ee937b667949bbf8d23625e6f79dfeaccc9692a1aeedf6f7608,c098b4a0292057e8eb61bf4bae684e7fc992ae1931f147ee4b96a86cd2d5a958,17f07d9726fb14e696cfdef9d4fa453bc2255068df1cb9d63a19e53bcf844049
b2be4a776959c3c511e2b5faf99712d69b9df713bfcf53e538c4bc9786fe5e18/stage-07/FOMC/validation-candidates.jsonl,vamp_core_tsv_r8_scale05_repair000,b2be4a776959c3c511e2b5faf99712d69b9df713bfcf53e538c4bc9786fe5e18,7,FOMC,validation,700,848621,bd7004780b3a26edb4fa1ab28fe02f1686b10d846fa69b80bdd9528d36db6a87,6048ddbb7d0278db9e45b7e7337f909ad0de4df847d89d6427f6dbe3d8af1ec3,80615fd2c0a1085db743e84f001f0b8b577fd6f7c67dcecbb32a1fb543d39cff
b2be4a776959c3c511e2b5faf99712d69b9df713bfcf53e538c4bc9786fe5e18/stage-07/MeetingBank/test-candidates.jsonl,vamp_core_tsv_r8_scale05_repair000,b2be4a776959c3c511e2b5faf99712d69b9df713bfcf53e538c4bc9786fe5e18,7,MeetingBank,test,700,1057506,fdcbc907bfd54a3849dfffa29f1ca5eb32c1dcd4566f7479f9515b245fb488d2,96eeb97a898bac1fe3bd9953dd0cdd3d461a09eba45a9f545403e7eba7366288,fc18c1c148889e7c988596f4f90624cee65788b573e50d0c20777e93786ca4bd
b2be4a776959c3c511e2b5faf99712d69b9df713bfcf53e538c4bc9786fe5e18/stage-07/MeetingBank/validation-candidates.jsonl,vamp_core_tsv_r8_scale05_repair000,b2be4a776959c3c511e2b5faf99712d69b9df713bfcf53e538c4bc9786fe5e18,7,MeetingBank,validation,700,1067198,8b8a46f3ab8f3c861b8e45a4656e3c952adf52db34166919411bbd21275043ab,3965981af0b3dae849b82690e82fe9abf7aa374aeb4537abd73bc9bfa7801b50,198d352787c5674e1bfbbe873329bd7476056a6556c8ffffd5e8c9795ca0663d
b2be4a776959c3c511e2b5faf99712d69b9df713bfcf53e538c4bc9786fe5e18/stage-07/NumGLUE-cm/test-candidates.jsonl,vamp_core_tsv_r8_scale05_repair000,b2be4a776959c3c511e2b5faf99712d69b9df713bfcf53e538c4bc9786fe5e18,7,NumGLUE-cm,test,567,492495,0b372461e5505882b786516f78e5ed56aeff0a7a57966dfc5669aceaacaddd66,275bb6a3d9c1773b4e36310343014f5374f8fac7762feb1e921a5659b317c5b7,e2b0ffaa093e8c5a5e198f0ecf63ee087b3c41de376389087f04e9706619c831
b2be4a776959c3c511e2b5faf99712d69b9df713bfcf53e538c4bc9786fe5e18/stage-07/NumGLUE-cm/validation-candidates.jsonl,vamp_core_tsv_r8_scale05_repair000,b2be4a776959c3c511e2b5faf99712d69b9df713bfcf53e538c4bc9786fe5e18,7,NumGLUE-cm,validation,287,254546,e5ce51478cedb3c1b079e097bdf585c9f82e34b728695c828366ccd4f16c9b6e,68d00795a5c3f8624decfd8b7be7cd4b93afd5630bcf52d2b60c224ea5b264bd,166fda1aa85de84da663e07a36a31cb98e272f6df39c72591419964d4ae66cab
b2be4a776959c3c511e2b5faf99712d69b9df713bfcf53e538c4bc9786fe5e18/stage-07/NumGLUE-ds/test-candidates.jsonl,vamp_core_tsv_r8_scale05_repair000,b2be4a776959c3c511e2b5faf99712d69b9df713bfcf53e538c4bc9786fe5e18,7,NumGLUE-ds,test,700,721583,449c3664ce88ff40e3477d1ffddf6818ed2af69fbf21d6db6e0630fbc7176890,fae8e6cd52da0a73eecb61b50c11762db38dc29e55fb209366f5486b41264268,b311835d4c6e8af419685a39f9ec63b584d8460203acb8f8fafb71fd3a48c26b
b2be4a776959c3c511e2b5faf99712d69b9df713bfcf53e538c4bc9786fe5e18/stage-07/NumGLUE-ds/validation-candidates.jsonl,vamp_core_tsv_r8_scale05_repair000,b2be4a776959c3c511e2b5faf99712d69b9df713bfcf53e538c4bc9786fe5e18,7,NumGLUE-ds,validation,700,693415,ff5e4736d4d43f90ada7ca4464f2ac5228c6cdaec652d9ce4e4ce638a371552c,cf91fbb0a6fddbd2cfb8fece565b0a3d7601caed9e5416cb552805d443c96646,d0721a269157152b2cc1c52ba55da2d0e78f7b0522fefb335ca08f7c0cb06b96
b2be4a776959c3c511e2b5faf99712d69b9df713bfcf53e538c4bc9786fe5e18/stage-07/Py150/test-candidates.jsonl,vamp_core_tsv_r8_scale05_repair000,b2be4a776959c3c511e2b5faf99712d69b9df713bfcf53e538c4bc9786fe5e18,7,Py150,test,700,1443227,bc658f1daf281733f5e50b028d1d7557f75c0c885eb216e5104f10e343ab6da8,0688bbf34e6df7459d746d9e75f29a85312ed040e1033462d1413d32fdcdb79d,b3c65ccc0a62cf53352781f3a8cef32393cdd12ed62800efe6938e74583a86ab
b2be4a776959c3c511e2b5faf99712d69b9df713bfcf53e538c4bc9786fe5e18/stage-07/Py150/validation-candidates.jsonl,vamp_core_tsv_r8_scale05_repair000,b2be4a776959c3c511e2b5faf99712d69b9df713bfcf53e538c4bc9786fe5e18,7,Py150,validation,700,1465644,e5a30b10859a4be2acf8ec08391858455bed8421661bacccfe4ac6262059b4f6,edce65f04b72d6fbc81c9285782ef1ced557e89537d8d111e0eaabc151e6399d,6886ee3d114829c38b49c48e9cc0e5bc95cf0e7d7389cb7f4fe36524cb0996a7
b2be4a776959c3c511e2b5faf99712d69b9df713bfcf53e538c4bc9786fe5e18/stage-07/ScienceQA/test-candidates.jsonl,vamp_core_tsv_r8_scale05_repair000,b2be4a776959c3c511e2b5faf99712d69b9df713bfcf53e538c4bc9786fe5e18,7,ScienceQA,test,700,575210,141c920020c637d68e1e7209e743b3ee9986f1d44a08c771644d9288cab2b23c,168b44285d150f8447a828b28ffa1472519d829340e92c678fa09250d4addc97,cb787417d229c2acd22e5ec913b7897838352d2c2807e759bd80a7ec5cacc661
b2be4a776959c3c511e2b5faf99712d69b9df713bfcf53e538c4bc9786fe5e18/stage-07/ScienceQA/validation-candidates.jsonl,vamp_core_tsv_r8_scale05_repair000,b2be4a776959c3c511e2b5faf99712d69b9df713bfcf53e538c4bc9786fe5e18,7,ScienceQA,validation,700,568884,b55257530f793ef1f0d538624438b1d6387dc4a9b858188d62cc61b17a46decc,42c4eec87798e5d5e4cda60a19c14c5e3cfe664a7f7d3b3679a531a55e00b080,d44007bd73085a94eead38209176c7fd723d08cbfcbbacd5f4888bd5859f8120
b2be4a776959c3c511e2b5faf99712d69b9df713bfcf53e538c4bc9786fe5e18/stage-08/20Minuten/test-candidates.jsonl,vamp_core_tsv_r8_scale05_repair000,b2be4a776959c3c511e2b5faf99712d69b9df713bfcf53e538c4bc9786fe5e18,8,20Minuten,test,800,1228325,181c7641cc0fe485986419a2dd78835c34efb03e53b402c96a8dabe5918ee2e4,86f961e61bfb52998c49c439bb7005fbe91f55b4be25b99c4005102ffc2931a4,ca19c21148c396197197928e146bc5bc49e8021bcd07365df3ea7b325546826e
b2be4a776959c3c511e2b5faf99712d69b9df713bfcf53e538c4bc9786fe5e18/stage-08/20Minuten/validation-candidates.jsonl,vamp_core_tsv_r8_scale05_repair000,b2be4a776959c3c511e2b5faf99712d69b9df713bfcf53e538c4bc9786fe5e18,8,20Minuten,validation,800,1245850,f3dfbd2a6ee860ba9ae7ef204c7edd9f0d8b415a55c70e7eb3a612d343faf042,48ac8c3d91fdecf1f4922d659f31654eb73ac743617cccf6f94c7feec10b749a,911d842354840fda1c009cfb887ceff2ec3675b839c4ddef2faf29e55866fc91
b2be4a776959c3c511e2b5faf99712d69b9df713bfcf53e538c4bc9786fe5e18/stage-08/C-STANCE/test-candidates.jsonl,vamp_core_tsv_r8_scale05_repair000,b2be4a776959c3c511e2b5faf99712d69b9df713bfcf53e538c4bc9786fe5e18,8,C-STANCE,test,800,1098796,87ba231e8ba6329ad458e606340a236ae7f9cd681599a835b03c374601eb0681,097f594aac01f3cbea2e7a0c90425f27e9f7aed14e16063e170474878b08fc83,f1647976ca740da7e4d986b0afaea1bab85304c9825db6095ebc69be1bcfc771
b2be4a776959c3c511e2b5faf99712d69b9df713bfcf53e538c4bc9786fe5e18/stage-08/C-STANCE/validation-candidates.jsonl,vamp_core_tsv_r8_scale05_repair000,b2be4a776959c3c511e2b5faf99712d69b9df713bfcf53e538c4bc9786fe5e18,8,C-STANCE,validation,800,1060018,1bc8e5f79349b76b5bf9d0a0cf5b776d19d4d7d4057395dc467806498454b61a,3f2df24ae521973260e2b7ec2287d419a7ca2a4e031c5f864f6bbb3a500dba06,5e78a8af9c454bce9cfa2d49ac8c34ed99cd1e2b10e0477f34d35229f06d70e9
b2be4a776959c3c511e2b5faf99712d69b9df713bfcf53e538c4bc9786fe5e18/stage-08/FOMC/test-candidates.jsonl,vamp_core_tsv_r8_scale05_repair000,b2be4a776959c3c511e2b5faf99712d69b9df713bfcf53e538c4bc9786fe5e18,8,FOMC,test,800,1671369,12c0837006917fbbf81c34a7d601d60fd90567962866dd39da7a03a71226657c,d8c8e9f381d47ee4d9287bdc0130f47d226bbf42a109aeb8c62518fe2af6f427,2d5fcb8976c080782cf83453fc3ca3a7ab1fe1e68696e654719ff77791802653
b2be4a776959c3c511e2b5faf99712d69b9df713bfcf53e538c4bc9786fe5e18/stage-08/FOMC/validation-candidates.jsonl,vamp_core_tsv_r8_scale05_repair000,b2be4a776959c3c511e2b5faf99712d69b9df713bfcf53e538c4bc9786fe5e18,8,FOMC,validation,800,1668171,addaffd0e68ba58184dc6c8ea28d80481dbb2cf2c06795ac4bba106846196267,28e383cf448caf21dde9867c70dc2ab95fe8fedc8ba3284623dbbabaf3f05a72,f96984dc8429a2ba089aaabc0dc4d5b7e648ee53c71e5a6f089c08920f495084
b2be4a776959c3c511e2b5faf99712d69b9df713bfcf53e538c4bc9786fe5e18/stage-08/MeetingBank/test-candidates.jsonl,vamp_core_tsv_r8_scale05_repair000,b2be4a776959c3c511e2b5faf99712d69b9df713bfcf53e538c4bc9786fe5e18,8,MeetingBank,test,800,1527231,445f4352be41a3a866d44838f72430b363617997c7cdc125776f420ff5d467c1,5be4e226e15aeb096ca059cec87f3121eda94103a970a4ecf9d3c2821468f73f,3c33c1c701181e6884f258f16f135bbda9c5299f03eb4d065774f81a0f3af81f
b2be4a776959c3c511e2b5faf99712d69b9df713bfcf53e538c4bc9786fe5e18/stage-08/MeetingBank/validation-candidates.jsonl,vamp_core_tsv_r8_scale05_repair000,b2be4a776959c3c511e2b5faf99712d69b9df713bfcf53e538c4bc9786fe5e18,8,MeetingBank,validation,800,1509604,01534b5321ec40c82539ec2d63692c7966cdedf72181062c702b8e971106348c,5502f61f9a5c6011a716b067fc8c4961eb4d3ac57bbe3aa808474613d9d6f115,e680cf7c0349963ff91c8bc71e3016e1605e092542fed7f36a4bd8f7c4d83a46
b2be4a776959c3c511e2b5faf99712d69b9df713bfcf53e538c4bc9786fe5e18/stage-08/NumGLUE-cm/test-candidates.jsonl,vamp_core_tsv_r8_scale05_repair000,b2be4a776959c3c511e2b5faf99712d69b9df713bfcf53e538c4bc9786fe5e18,8,NumGLUE-cm,test,648,835235,f0ff9062be6f817a3aa73a3ee9cff588f534f0cddacf4a41e8fbfd45b479a1cc,cdc0b6dfff07df6e8a4b7c94e5d4204d25496240857ce32edc7c8cdacf2beeae,3ab03dc186064881cd8c27ca7a43f3bec8c902286adbe5789b94387a7f7ced9a
b2be4a776959c3c511e2b5faf99712d69b9df713bfcf53e538c4bc9786fe5e18/stage-08/NumGLUE-cm/validation-candidates.jsonl,vamp_core_tsv_r8_scale05_repair000,b2be4a776959c3c511e2b5faf99712d69b9df713bfcf53e538c4bc9786fe5e18,8,NumGLUE-cm,validation,328,450034,ef8554d3d06da4abb40294da5742ff696394eb038560bb387a99ce364d8f1e7a,b0152ffb226c4ffb4539123afca0dd74a84a07b21c0e77c9f75bcf9a76cbd36d,24abbf710a187c9890738503482d5de78cdc2754bc43f0fcf26953f11d5e8edc
b2be4a776959c3c511e2b5faf99712d69b9df713bfcf53e538c4bc9786fe5e18/stage-08/NumGLUE-ds/test-candidates.jsonl,vamp_core_tsv_r8_scale05_repair000,b2be4a776959c3c511e2b5faf99712d69b9df713bfcf53e538c4bc9786fe5e18,8,NumGLUE-ds,test,800,1144013,22765edf3e2d25914c5743e79f8697faf8302ec085f335b6773e32a735f362d8,051a0fb3a2c88c2eb2353eef6b5f88aa57247d2de39fae992b31353ee687e2b3,3c1fec3adf2f455c8556dc40c624f266438dfb54aefe0f05a97688b3bc5a6e69
b2be4a776959c3c511e2b5faf99712d69b9df713bfcf53e538c4bc9786fe5e18/stage-08/NumGLUE-ds/validation-candidates.jsonl,vamp_core_tsv_r8_scale05_repair000,b2be4a776959c3c511e2b5faf99712d69b9df713bfcf53e538c4bc9786fe5e18,8,NumGLUE-ds,validation,800,1118185,f141c05ef6ae190e20c08114b414f44240586329d4c2c2dd16f32c6414c5e1d9,1275a15f424f8dd1c702d769acee9def2e9ba3e7668d67d580358d40a3a45415,bb861270e45ac234beec8c744f468cf361b4401136c4e7e965c6a9c87aabb88d
b2be4a776959c3c511e2b5faf99712d69b9df713bfcf53e538c4bc9786fe5e18/stage-08/Py150/test-candidates.jsonl,vamp_core_tsv_r8_scale05_repair000,b2be4a776959c3c511e2b5faf99712d69b9df713bfcf53e538c4bc9786fe5e18,8,Py150,test,800,1670032,05395c2a5e37b4c06a353a49c2c293d6ca083f6aa2874cc365a897c86c5b4daf,d113657ec1ddeabe51a30c7b884eabded642a769fd2b6aba2a452389d8d4663d,fa3d6b540ce8ad38ec2bbb652c10828c551d4ce6ab354d814f052e318d1cebde
b2be4a776959c3c511e2b5faf99712d69b9df713bfcf53e538c4bc9786fe5e18/stage-08/Py150/validation-candidates.jsonl,vamp_core_tsv_r8_scale05_repair000,b2be4a776959c3c511e2b5faf99712d69b9df713bfcf53e538c4bc9786fe5e18,8,Py150,validation,800,1682892,a31a7915108e3665012b36091072e373130ae3ffd10b92194d21834b683bb4b2,e2981ece64a9252181b1376bda974076e0298c14be2bd786ec155155d2dd0c3d,a8dac4b6c019c5bbecd288b50ad6b9f3cf56508c7631cc91ae6cca288b08ba70
b2be4a776959c3c511e2b5faf99712d69b9df713bfcf53e538c4bc9786fe5e18/stage-08/ScienceQA/test-candidates.jsonl,vamp_core_tsv_r8_scale05_repair000,b2be4a776959c3c511e2b5faf99712d69b9df713bfcf53e538c4bc9786fe5e18,8,ScienceQA,test,800,778313,331127e36411f2f72e79537ca91a878db8321cc51e6db9f712dc68e6c6233ddf,b8c728e580b018a5a5fef2de161bb034280bd2e08ba92f76d42dcb5cb195c50a,2c79a16d7203861b272102503265ddbf6c8e8d3137771d1bbce2c53a21b1bd57
b2be4a776959c3c511e2b5faf99712d69b9df713bfcf53e538c4bc9786fe5e18/stage-08/ScienceQA/validation-candidates.jsonl,vamp_core_tsv_r8_scale05_repair000,b2be4a776959c3c511e2b5faf99712d69b9df713bfcf53e538c4bc9786fe5e18,8,ScienceQA,validation,800,799159,8f76f9a2c0df7fe9ab769786e88fbbe3750d4f0dfa518ff6da92f061853f0611,9ace0592e393715dccd2bb1fcff6e3c2d2b36f11a93d95ac14980e4e6f6eb77d,85671e88c6d206aac7bc2a3646b6c4b64615d8eb20d4c8bc2c702c75402d7729
f6efd136ccfdc34cc5e3b54607f1802f063a986aa0c678d5c8b92e7da2d34457/stage-01/C-STANCE/test-candidates.jsonl,vamp_core_tsv_r8_scale03_repair005,f6efd136ccfdc34cc5e3b54607f1802f063a986aa0c678d5c8b92e7da2d34457,1,C-STANCE,test,400,308867,0c6ed30ceb7b58f47e0f6b3c5ffc93cf0ea0d9bd9146b27fa2514b0cb2282a1d,2456ded6a6cc80e4eb0d5acc8a7f1b7dc00d50f44318f29999f81936b12cd5f4,25f6c94976c23e61b3e8a2e08e0edf1d43c9644f820ecd1da7d41c32daf051ae
f6efd136ccfdc34cc5e3b54607f1802f063a986aa0c678d5c8b92e7da2d34457/stage-01/C-STANCE/validation-candidates.jsonl,vamp_core_tsv_r8_scale03_repair005,f6efd136ccfdc34cc5e3b54607f1802f063a986aa0c678d5c8b92e7da2d34457,1,C-STANCE,validation,400,303842,25616393b8a7d0c9f26c90f6b018e18a4923706f5368dfca3586b1ba87e89346,249845563f5ed3ff527d7de8fd6729a2bd62ed61d75a05ff32c046dd9f52807e,ac7a168a1a54e9ce4a82084744bf0e07f2545d30c47d04bce8619554949ab32e
f6efd136ccfdc34cc5e3b54607f1802f063a986aa0c678d5c8b92e7da2d34457/stage-02/C-STANCE/test-candidates.jsonl,vamp_core_tsv_r8_scale03_repair005,f6efd136ccfdc34cc5e3b54607f1802f063a986aa0c678d5c8b92e7da2d34457,2,C-STANCE,test,600,441180,6ff251d8159ce3296dfd4ac400184b3555c444c625f820300811db7dc5a52345,1b78debff85cdc6413c4aa400414eb9ddeaefc98127d962652dd9b3ba2e12ff4,1aab56f3c0a68bec4abb3a7c75abe9dad42aee6525c64e3f2bf38695b521dacb
f6efd136ccfdc34cc5e3b54607f1802f063a986aa0c678d5c8b92e7da2d34457/stage-02/C-STANCE/validation-candidates.jsonl,vamp_core_tsv_r8_scale03_repair005,f6efd136ccfdc34cc5e3b54607f1802f063a986aa0c678d5c8b92e7da2d34457,2,C-STANCE,validation,600,431999,7ffdb876527b7c7b1e79f5dc62aca13bcbca3917c36cfad49d3f81b8b8765ab8,22fbc6dd24d061b18a1190208a234e4e3106e9e0680a9b44c593bfa78685726b,15a52387f38486af0428f3ebdbb03f46fe0dfc7391cc7b9899466102cc556215
f6efd136ccfdc34cc5e3b54607f1802f063a986aa0c678d5c8b92e7da2d34457/stage-02/FOMC/test-candidates.jsonl,vamp_core_tsv_r8_scale03_repair005,f6efd136ccfdc34cc5e3b54607f1802f063a986aa0c678d5c8b92e7da2d34457,2,FOMC,test,600,635594,31f19c66a31cdb4ea709bd3ff99cdc5b2454cea336dc139747b8969fc08f6dbf,f59a56ac2d5543c9d7bbc72f1143e66f33ab435f1ef5cbf3baff75d69b9705a4,7d4fe62c1027b726f7718c0acd53d9b0feb16a366cad705e18b3d88b31af01b6
f6efd136ccfdc34cc5e3b54607f1802f063a986aa0c678d5c8b92e7da2d34457/stage-02/FOMC/validation-candidates.jsonl,vamp_core_tsv_r8_scale03_repair005,f6efd136ccfdc34cc5e3b54607f1802f063a986aa0c678d5c8b92e7da2d34457,2,FOMC,validation,600,621528,5760c37d7fcaaf60c97837c109ca2dd092b85f71e49d36b0768cfe6972eff20a,2da1cf7d68eae0f6dfdd319ce939570bccd6be36ff71da47c31bc5c0a8dcb036,7b18b54401025a5b0969dfad8de6a576e4c09c220db82668ba1217b4bf5ca4b3
f6efd136ccfdc34cc5e3b54607f1802f063a986aa0c678d5c8b92e7da2d34457/stage-03/C-STANCE/test-candidates.jsonl,vamp_core_tsv_r8_scale03_repair005,f6efd136ccfdc34cc5e3b54607f1802f063a986aa0c678d5c8b92e7da2d34457,3,C-STANCE,test,500,554131,75fe8da08743b6f6ba8dce82e2e8acb883eff178f971d23e7d085e8e63696599,5b0d254f47162f1950cea0e09d06532a2e1be3125a2bf0868d0ab265cb6142e2,7c7f81c41d4552771a53dada9d416e0279cc0833aa3ea66921d4bbd955207aad
f6efd136ccfdc34cc5e3b54607f1802f063a986aa0c678d5c8b92e7da2d34457/stage-03/C-STANCE/validation-candidates.jsonl,vamp_core_tsv_r8_scale03_repair005,f6efd136ccfdc34cc5e3b54607f1802f063a986aa0c678d5c8b92e7da2d34457,3,C-STANCE,validation,500,534371,f615411128bcb5aaa47e28bac8e17489837adf95a563403bf0c0e9de0cacf140,69958f59dbe2ef3f9c10783dfc7a007cb3f515e8d1d419253102780d9fe37912,fe71b1b26b22bf0daab05a7c21c3ba0efdf2ef9cc7c5b1c21e270f07a7ea48e3
f6efd136ccfdc34cc5e3b54607f1802f063a986aa0c678d5c8b92e7da2d34457/stage-03/FOMC/test-candidates.jsonl,vamp_core_tsv_r8_scale03_repair005,f6efd136ccfdc34cc5e3b54607f1802f063a986aa0c678d5c8b92e7da2d34457,3,FOMC,test,500,834465,7b64426d4ab9fd54c1dbea9303ab83f5c4ad6752d2343f74062ce49da308d9c3,061d13cb1a838945c34433c51a2ce895a3eee750877c4776152ff446dc2a1359,b0b463457fb92ce1d963f95e7c267e9453a23124b30f21d194587db90df11db5
f6efd136ccfdc34cc5e3b54607f1802f063a986aa0c678d5c8b92e7da2d34457/stage-03/FOMC/validation-candidates.jsonl,vamp_core_tsv_r8_scale03_repair005,f6efd136ccfdc34cc5e3b54607f1802f063a986aa0c678d5c8b92e7da2d34457,3,FOMC,validation,500,851684,b73e2de36d2de0d787b876fe62264f66eed0c00c9495b3e44f8eedd779307894,bf0d6c61874e6adf5e2810f5383e1f64a76bea4f0ea94243bc53836291f03e21,f03680889ba8663f96bd102a4d2161554ac84bfa31845c56c8bfb646e7013a3c
f6efd136ccfdc34cc5e3b54607f1802f063a986aa0c678d5c8b92e7da2d34457/stage-03/MeetingBank/test-candidates.jsonl,vamp_core_tsv_r8_scale03_repair005,f6efd136ccfdc34cc5e3b54607f1802f063a986aa0c678d5c8b92e7da2d34457,3,MeetingBank,test,500,771787,fea601d49362c5591ec129ce8fae7525f7acc70555e44cf2dee679b306e8b6fb,583ed4ea24e6c3bc37e2412677e4a1cfad46488733aea5a627d3fe819e1672c1,40d5a4c19fb64a8cad064505730ab1d0f9f3d894e65d44f10d7cefac198b8216
f6efd136ccfdc34cc5e3b54607f1802f063a986aa0c678d5c8b92e7da2d34457/stage-03/MeetingBank/validation-candidates.jsonl,vamp_core_tsv_r8_scale03_repair005,f6efd136ccfdc34cc5e3b54607f1802f063a986aa0c678d5c8b92e7da2d34457,3,MeetingBank,validation,500,813191,e72213a29d41506aabf3796bd716e8356d574fc738526a905233f0e7b0c799f9,48e4122e4ed35d7ef51ae5e45ea2e0c103963be72103472e70bd5237058eeb8f,d3b34811aadf5a9660258c5e1dc3e56a5cdb8e61f77d511f1ee0e56e8630820b
f6efd136ccfdc34cc5e3b54607f1802f063a986aa0c678d5c8b92e7da2d34457/stage-04/C-STANCE/test-candidates.jsonl,vamp_core_tsv_r8_scale03_repair005,f6efd136ccfdc34cc5e3b54607f1802f063a986aa0c678d5c8b92e7da2d34457,4,C-STANCE,test,700,634491,9f771ad3c2b6d38673ba08221b89a248dc980fb57068642c772fe59d2eab3387,b1d7ff57436d88bad281b4110783aeb6c9025fd0fa36645d095c1d92f716c9e0,2b8a8da5c4dc92c8f3c3f177d77bf78b1c3a422243bf1b24b12664d9a00dec33
f6efd136ccfdc34cc5e3b54607f1802f063a986aa0c678d5c8b92e7da2d34457/stage-04/C-STANCE/validation-candidates.jsonl,vamp_core_tsv_r8_scale03_repair005,f6efd136ccfdc34cc5e3b54607f1802f063a986aa0c678d5c8b92e7da2d34457,4,C-STANCE,validation,700,616496,1cfa6092a64c77cc99eb7c74bdf8c4a40a9f7ab3bd98718f68f1cb435d87d218,2330635146149366a56c0b42b3bdc3f55cd14fe97e9a4044470c4a013d7b23c1,08219629a2b647d7fbb09fd7a6808e7013fc7341a4ff58874a5521bbd34203a6
f6efd136ccfdc34cc5e3b54607f1802f063a986aa0c678d5c8b92e7da2d34457/stage-04/FOMC/test-candidates.jsonl,vamp_core_tsv_r8_scale03_repair005,f6efd136ccfdc34cc5e3b54607f1802f063a986aa0c678d5c8b92e7da2d34457,4,FOMC,test,700,909114,70fa25b7f1dad8111e116fec7735907d15b98c22d3d606a241e863f08cd32450,403799a09c7a84fc6e423eb4cb25feede9a2daa3e53bb8697562aa28f40ac4f9,6fdc0ff24a6395224e6b122b4e6b6266e28f300026a823a0b88215794e622069
f6efd136ccfdc34cc5e3b54607f1802f063a986aa0c678d5c8b92e7da2d34457/stage-04/FOMC/validation-candidates.jsonl,vamp_core_tsv_r8_scale03_repair005,f6efd136ccfdc34cc5e3b54607f1802f063a986aa0c678d5c8b92e7da2d34457,4,FOMC,validation,700,892268,d47e0664e97ab7768d5aaae47e02a85af593624c53f86d080b7d22cbf217a0a7,6047408a30b1c71d2058ee975b4789f604fbb9ffc8852ed2ef1fd01a39cb7fac,94d3f7ab4a4302b6e67f6fcc3fb7bedf6997263292243798977306557a9b5937
f6efd136ccfdc34cc5e3b54607f1802f063a986aa0c678d5c8b92e7da2d34457/stage-04/MeetingBank/test-candidates.jsonl,vamp_core_tsv_r8_scale03_repair005,f6efd136ccfdc34cc5e3b54607f1802f063a986aa0c678d5c8b92e7da2d34457,4,MeetingBank,test,700,1005444,086a050ff8dd6cdeb038cb52b63c9c50d195c691dc4cc67e0b958ad2b3b8d820,0902f779e55a822f1dd15b9fcd5766965d927015887a5bb83e46501b6ec70aa6,5695c250e51ecca47dc52f3d650408f1972a6f365135e78191a78aa4bb49446b
f6efd136ccfdc34cc5e3b54607f1802f063a986aa0c678d5c8b92e7da2d34457/stage-04/MeetingBank/validation-candidates.jsonl,vamp_core_tsv_r8_scale03_repair005,f6efd136ccfdc34cc5e3b54607f1802f063a986aa0c678d5c8b92e7da2d34457,4,MeetingBank,validation,700,1038988,06f1c6d79a86dc1881f56b07eace2c295b9d436b915c8b30da6ed1b0398b3e3d,1a39a56e8e58f94b7c9f5c9a5f6f1b30a50a4f5a4264e6d26d8576d5df40386c,364b8b308af18024886f2e9cf72c72265b6b1ace2075ee7bde76cb8476d026e9
f6efd136ccfdc34cc5e3b54607f1802f063a986aa0c678d5c8b92e7da2d34457/stage-04/Py150/test-candidates.jsonl,vamp_core_tsv_r8_scale03_repair005,f6efd136ccfdc34cc5e3b54607f1802f063a986aa0c678d5c8b92e7da2d34457,4,Py150,test,700,1093283,37e39a245865fbacc89049b015f982507a96371ba7fc1b32a8b25948d8ed081b,41571db53adeb2890f772d4ff2545c4ccdf6077c51f2ceb06649bc4ab3cdbe88,19d21aa7563029f6550f508ccf656a7171f640fd71e6d0b38ff52945113054c7
f6efd136ccfdc34cc5e3b54607f1802f063a986aa0c678d5c8b92e7da2d34457/stage-04/Py150/validation-candidates.jsonl,vamp_core_tsv_r8_scale03_repair005,f6efd136ccfdc34cc5e3b54607f1802f063a986aa0c678d5c8b92e7da2d34457,4,Py150,validation,700,1121887,83a492f015008f81ad6160709d0b1e3cdbc33754997ab1634fa75612562d90d6,9606ae72fb532ab87b4898b9af0629b08f3e691dbdeb2c1b2d5de9382ea70c83,34964a117fc88d56420c6dffdddf7943a02064cf57d210576b6073a8f671333c
f6efd136ccfdc34cc5e3b54607f1802f063a986aa0c678d5c8b92e7da2d34457/stage-05/C-STANCE/test-candidates.jsonl,vamp_core_tsv_r8_scale03_repair005,f6efd136ccfdc34cc5e3b54607f1802f063a986aa0c678d5c8b92e7da2d34457,5,C-STANCE,test,700,787160,9af129b0d52f12a9642aec9207a7c1ca02a13e1aa21e0974282b609c5b999613,906d2366838679fb24267fab3cc9d893e5d7d10e73fce559591ef213587eab12,3e8bcd59a773dd61db5659751456fe87314d60577c19cd73175e6e07ac6c39c5
f6efd136ccfdc34cc5e3b54607f1802f063a986aa0c678d5c8b92e7da2d34457/stage-05/C-STANCE/validation-candidates.jsonl,vamp_core_tsv_r8_scale03_repair005,f6efd136ccfdc34cc5e3b54607f1802f063a986aa0c678d5c8b92e7da2d34457,5,C-STANCE,validation,700,793288,4cc2c18e6573e4f39879da7389912936e44ebca4e6312a1d64cdc5a983a022c6,1789c0e141d7433c75d2e2fc09109635e2f0f6fd148855e3d2d4710fcb39baaf,ca8ff7d500c6ba6f3156c17d5159e5789c91c519371b73e6727c316be0071d7d
f6efd136ccfdc34cc5e3b54607f1802f063a986aa0c678d5c8b92e7da2d34457/stage-05/FOMC/test-candidates.jsonl,vamp_core_tsv_r8_scale03_repair005,f6efd136ccfdc34cc5e3b54607f1802f063a986aa0c678d5c8b92e7da2d34457,5,FOMC,test,700,1375215,54759333261fb898ff9b26de745801516be53de2c8f4dbe6dc6c957ad16f921c,ea5581e6214b996888bf152b808610b262b22b0a4baa7e04fd72aa900a0297c9,1b5a0f3c9ab12d5b04e7facca172dedf728543d0c2479ce798d9e00f2177df0f
f6efd136ccfdc34cc5e3b54607f1802f063a986aa0c678d5c8b92e7da2d34457/stage-05/FOMC/validation-candidates.jsonl,vamp_core_tsv_r8_scale03_repair005,f6efd136ccfdc34cc5e3b54607f1802f063a986aa0c678d5c8b92e7da2d34457,5,FOMC,validation,700,1346747,51795929d8e65232cce2054e60b3e93e0e22514458d0a4a7dfe2c11cee150bc9,58b284b88d365715997ebdfe2162ba09a0157aad215bb52f4a361fc1ee0552b8,b72c926e38f59416fa4aa2addbfbf6d3e1fe9cf5020d5f1971610337597d42cf
f6efd136ccfdc34cc5e3b54607f1802f063a986aa0c678d5c8b92e7da2d34457/stage-05/MeetingBank/test-candidates.jsonl,vamp_core_tsv_r8_scale03_repair005,f6efd136ccfdc34cc5e3b54607f1802f063a986aa0c678d5c8b92e7da2d34457,5,MeetingBank,test,700,1270567,dd4f98809641609403f9aa4b4422166713e5c606e6af054f7f17d2e9027afa3e,a4ae8ddefbb5fa9021caf5bfd191090b0faed712d06f4b1afffaacddaea40ade,3d711851a9025806302ba3a70288672b5e4af7af12d4dd7c5c6f3704c99dccfa
f6efd136ccfdc34cc5e3b54607f1802f063a986aa0c678d5c8b92e7da2d34457/stage-05/MeetingBank/validation-candidates.jsonl,vamp_core_tsv_r8_scale03_repair005,f6efd136ccfdc34cc5e3b54607f1802f063a986aa0c678d5c8b92e7da2d34457,5,MeetingBank,validation,700,1229993,3b03cd2560d24a18eb6b098504e1e4766ccdf2068e5d7c541705cf2b7659fef4,d4d6de234056101cbbc5f53d3decf841a1a7d877958239781065ce97d7bda51c,5007a0e719ccd5f24fad7859e629bb4c68ec3b9880f4df4d82a1915bb94834cb
f6efd136ccfdc34cc5e3b54607f1802f063a986aa0c678d5c8b92e7da2d34457/stage-05/Py150/test-candidates.jsonl,vamp_core_tsv_r8_scale03_repair005,f6efd136ccfdc34cc5e3b54607f1802f063a986aa0c678d5c8b92e7da2d34457,5,Py150,test,700,1458370,0fae2707d016c7ddaff95993e7ad4d13da2d6e704635e600c6e8df9a6f6dc25e,77936b0ec08f58a56b2919a8864582e83153bf68166f7d88837862c837e7efab,ad34c18ca26dd398b190d04b35b45f32d2db9c920772987988997251222a0798
f6efd136ccfdc34cc5e3b54607f1802f063a986aa0c678d5c8b92e7da2d34457/stage-05/Py150/validation-candidates.jsonl,vamp_core_tsv_r8_scale03_repair005,f6efd136ccfdc34cc5e3b54607f1802f063a986aa0c678d5c8b92e7da2d34457,5,Py150,validation,700,1468906,bcc112310db6f3456729ac9481d1394347c7f0c1ae3d0f86d60e98ec32b11632,91feeaff255f5f9da9941ac45b26781c09ae2d1ddf5d01dcdebddcb65ac331a7,2ba8989755f179f72efac033929ea6943e444448659b6e26fb34fb34a4abcd94
f6efd136ccfdc34cc5e3b54607f1802f063a986aa0c678d5c8b92e7da2d34457/stage-05/ScienceQA/test-candidates.jsonl,vamp_core_tsv_r8_scale03_repair005,f6efd136ccfdc34cc5e3b54607f1802f063a986aa0c678d5c8b92e7da2d34457,5,ScienceQA,test,700,743441,19d747725db09884458bb5e6f7fc7cfd962610b5e667d11adda0b4b258fe616d,dbe0ff51dcf6110064196bc43bd4d12df215d93e2aaee7cca7bbc3c47e940e7d,6928cbf72822991fddd6e1d4e456b709385c199b2e91f168af60689527298d7f
f6efd136ccfdc34cc5e3b54607f1802f063a986aa0c678d5c8b92e7da2d34457/stage-05/ScienceQA/validation-candidates.jsonl,vamp_core_tsv_r8_scale03_repair005,f6efd136ccfdc34cc5e3b54607f1802f063a986aa0c678d5c8b92e7da2d34457,5,ScienceQA,validation,700,765270,9eae5cf4bd51259792a614e998bd31f981356ec5dd1442f6ec9b89311d04789b,dff526515ef80ac5e9eae5e2afd0ea5cf18986d71e4f5a24c6e2587e91142f87,a8e007e84e74aa114e2c592883298a98a395eda33df6439ee85477b94a2efd54
f6efd136ccfdc34cc5e3b54607f1802f063a986aa0c678d5c8b92e7da2d34457/stage-06/C-STANCE/test-candidates.jsonl,vamp_core_tsv_r8_scale03_repair005,f6efd136ccfdc34cc5e3b54607f1802f063a986aa0c678d5c8b92e7da2d34457,6,C-STANCE,test,900,835092,83cfff7d81002390f5ff4cf033296027a18ea2eb4d33a87d890acf0d039f7dc3,69b44ec4ced1e42bc37e1a12f7746abdef3d686ca9197bc48f8a70aa0ba3e414,76b23f4d6f23bcea392d0f2971e9869af1abaff3a6260bea54f09ce21ce721ff
f6efd136ccfdc34cc5e3b54607f1802f063a986aa0c678d5c8b92e7da2d34457/stage-06/C-STANCE/validation-candidates.jsonl,vamp_core_tsv_r8_scale03_repair005,f6efd136ccfdc34cc5e3b54607f1802f063a986aa0c678d5c8b92e7da2d34457,6,C-STANCE,validation,900,800050,cc49624a575c8f723e2590b88354f9309049ae1165391619dfc191b1ab0b1408,3c0974ddc6ece9bcca287d9a12f1e2d26abca944d3699e14633026b066554f41,68d3566728b9f2ea13c03d1528275b9eba59eae5571a6c29451770ea78b7d1a6
f6efd136ccfdc34cc5e3b54607f1802f063a986aa0c678d5c8b92e7da2d34457/stage-06/FOMC/test-candidates.jsonl,vamp_core_tsv_r8_scale03_repair005,f6efd136ccfdc34cc5e3b54607f1802f063a986aa0c678d5c8b92e7da2d34457,6,FOMC,test,900,1213755,a9ba0cb8d24dd8834cbc461eab3397d03738bd7a29251cadb972b70b9256ffa6,23adeb1603f4c7a5c64a0eb5bfe3893453eb6d91128d5099246923a4cd2bf9a1,fef53f2058476ac26e68e32038e68b2a7369db13e5a1becbcb716fa5c75ef854
f6efd136ccfdc34cc5e3b54607f1802f063a986aa0c678d5c8b92e7da2d34457/stage-06/FOMC/validation-candidates.jsonl,vamp_core_tsv_r8_scale03_repair005,f6efd136ccfdc34cc5e3b54607f1802f063a986aa0c678d5c8b92e7da2d34457,6,FOMC,validation,900,1179752,d5006d746f39dc73d6d6d0a76fc27502cee84134e9d4a918c8c80251d798de50,87a333a9d9a88d1028033b736f79c311a36c19745052fae7f613a36b69381c37,529c2d9455489c21a0147e56f9529654aa67fb60dbc7b4c199ac3efd79e5fd27
f6efd136ccfdc34cc5e3b54607f1802f063a986aa0c678d5c8b92e7da2d34457/stage-06/MeetingBank/test-candidates.jsonl,vamp_core_tsv_r8_scale03_repair005,f6efd136ccfdc34cc5e3b54607f1802f063a986aa0c678d5c8b92e7da2d34457,6,MeetingBank,test,900,1435865,4b8b182e13bd93c6e646bed664fa081e94d96fb221100d649a356c4d54d13fde,5281964d6db0c8be84f25a749499a9a36055596a78da9e9f886d845340e5bee4,2261d384f3908376d124cfbebfa7054aacc703f0df488b11ea8c7231d11ca030
f6efd136ccfdc34cc5e3b54607f1802f063a986aa0c678d5c8b92e7da2d34457/stage-06/MeetingBank/validation-candidates.jsonl,vamp_core_tsv_r8_scale03_repair005,f6efd136ccfdc34cc5e3b54607f1802f063a986aa0c678d5c8b92e7da2d34457,6,MeetingBank,validation,900,1389835,ff808f7cf506f9551515f83f8b14b1c80ace84d8f95c5f8825c878b16d928cb5,80d31ed4155476290a69d42665dc95fc7987088f6c64f6ce03dd8df9315d4e9b,1771c3052b23f823733deeb4ee94a4b75d821716af37054c6851b82c12b83deb
f6efd136ccfdc34cc5e3b54607f1802f063a986aa0c678d5c8b92e7da2d34457/stage-06/NumGLUE-cm/test-candidates.jsonl,vamp_core_tsv_r8_scale03_repair005,f6efd136ccfdc34cc5e3b54607f1802f063a986aa0c678d5c8b92e7da2d34457,6,NumGLUE-cm,test,729,719435,733f9a78283e8632cd8be859622f20e2bce6a820d63cbb3ef109e6c424d20d11,fd33785d000dbaf14fa6695463fdeca647ea89147e56c150b3d2d1c1ff857a34,5e37302b0dc2e9348a9823e90990279c4a4bde92226fac17f877a3d8c13af1db
f6efd136ccfdc34cc5e3b54607f1802f063a986aa0c678d5c8b92e7da2d34457/stage-06/NumGLUE-cm/validation-candidates.jsonl,vamp_core_tsv_r8_scale03_repair005,f6efd136ccfdc34cc5e3b54607f1802f063a986aa0c678d5c8b92e7da2d34457,6,NumGLUE-cm,validation,369,365277,429d44b535fbb07f105e144fb9be5272e2e6eda532e63642a8dccbaa43629f79,2fc0a835a4ce4b7b9dc608ed5c71a9a884ab2a36b274dc4545426664e243ae4f,64562088ec29981a802085a117a1e4759354e58be7007a670669bbe652799440
f6efd136ccfdc34cc5e3b54607f1802f063a986aa0c678d5c8b92e7da2d34457/stage-06/Py150/test-candidates.jsonl,vamp_core_tsv_r8_scale03_repair005,f6efd136ccfdc34cc5e3b54607f1802f063a986aa0c678d5c8b92e7da2d34457,6,Py150,test,900,1842528,1a72a4437284d7654b4e3166506e268b5fc251ba5616910d7b49d4ae9f2ecac4,5dbdd8e2567340a9b976d712575b0014537de35e6170f7547d4a2f93d6f28874,1a5478b1e80ffdd1191ac399b92f51fa06eb36d8e2be17bb375dabf4e477b861
f6efd136ccfdc34cc5e3b54607f1802f063a986aa0c678d5c8b92e7da2d34457/stage-06/Py150/validation-candidates.jsonl,vamp_core_tsv_r8_scale03_repair005,f6efd136ccfdc34cc5e3b54607f1802f063a986aa0c678d5c8b92e7da2d34457,6,Py150,validation,900,1888307,7750d564c733ba642aecdbceb078d260bc51d7cc2764822b9cc89dad76a9af2d,9f097d63a6f94162ea83ce6876728d42880dc669550c6cab7ff17d3291f3cc6e,2283384dde74bf96b6bce5be1f450e1f196c05eae0912dcab02eaf040cc8f8bc
f6efd136ccfdc34cc5e3b54607f1802f063a986aa0c678d5c8b92e7da2d34457/stage-06/ScienceQA/test-candidates.jsonl,vamp_core_tsv_r8_scale03_repair005,f6efd136ccfdc34cc5e3b54607f1802f063a986aa0c678d5c8b92e7da2d34457,6,ScienceQA,test,900,774411,eda0ff43bc8f6a44b4b217f4e597c91609dc3633bdc4bbc328d892a35a2003d3,c8afea2cd0485b9546325021d1dc1efcee81d61671ffc5271de7e52274622f1c,ffbe299d018a47e9bcde6423412bd1d4b6caf8117a279f0d735e717679376ee3
f6efd136ccfdc34cc5e3b54607f1802f063a986aa0c678d5c8b92e7da2d34457/stage-06/ScienceQA/validation-candidates.jsonl,vamp_core_tsv_r8_scale03_repair005,f6efd136ccfdc34cc5e3b54607f1802f063a986aa0c678d5c8b92e7da2d34457,6,ScienceQA,validation,900,815380,2b679ef6c7aee6d6cfe64e4215ae696e53cef0535fe2cc18a3eeacbf415633c2,4fdc3ace09287ede8be5788087e719709acb38b8fe94c1785358f024db801624,8bd3eba70c27f55c59a8cc74f641b1c6bb84d09772565ff5b8ac980b9ccaae82
f6efd136ccfdc34cc5e3b54607f1802f063a986aa0c678d5c8b92e7da2d34457/stage-07/C-STANCE/test-candidates.jsonl,vamp_core_tsv_r8_scale03_repair005,f6efd136ccfdc34cc5e3b54607f1802f063a986aa0c678d5c8b92e7da2d34457,7,C-STANCE,test,700,650845,d988440e8d9bade303e02e7a8e54c3cef27c61ded1170cb53b6f1e424cea8a09,5eb63135ca041ee0c431f9825d6c0291b906a0975bb0d6a1d8e41fb17db293fe,f35677eff53de1c44501f4d627bf0d65654692cda34b71e2775df2f0284df856
f6efd136ccfdc34cc5e3b54607f1802f063a986aa0c678d5c8b92e7da2d34457/stage-07/C-STANCE/validation-candidates.jsonl,vamp_core_tsv_r8_scale03_repair005,f6efd136ccfdc34cc5e3b54607f1802f063a986aa0c678d5c8b92e7da2d34457,7,C-STANCE,validation,700,631547,8bcd1956417eb8b8153ff6dde729a6b7101bb638193b0e3edda0931ff35f1fb4,8fa00cea1e68071093502b9ed3c755d29961f4e1975403623a1e296ff3743f95,28dffec80ebd79bafe6a557a95e9c67530923204546bdc80ca862977497ac1fe
f6efd136ccfdc34cc5e3b54607f1802f063a986aa0c678d5c8b92e7da2d34457/stage-07/FOMC/test-candidates.jsonl,vamp_core_tsv_r8_scale03_repair005,f6efd136ccfdc34cc5e3b54607f1802f063a986aa0c678d5c8b92e7da2d34457,7,FOMC,test,700,1026074,be6f6ce2141f16436e2b04deb738f8c06c18a4f29fd82198719a0b923721720c,3b5b3be6bb98d9cc6b342ca6d9236291fadeb78a3dcbde8140472ef358f2a26e,df28f759d0214c33b724c889dc1e8cbd719318b8a790c23f01e025468adab92e
f6efd136ccfdc34cc5e3b54607f1802f063a986aa0c678d5c8b92e7da2d34457/stage-07/FOMC/validation-candidates.jsonl,vamp_core_tsv_r8_scale03_repair005,f6efd136ccfdc34cc5e3b54607f1802f063a986aa0c678d5c8b92e7da2d34457,7,FOMC,validation,700,975621,1033a38c1f4a45940952ddc3498559f10d8f0b663f9bc97f022eff754200b859,2203fc1df67b5b1311c506d65614a71d0930cd68c49385c5ab744c045d7ec7c6,7936292d79e12ee63db06f0027a877bcbc3d7abd2d197c2db8b07f3b184b3506
f6efd136ccfdc34cc5e3b54607f1802f063a986aa0c678d5c8b92e7da2d34457/stage-07/MeetingBank/test-candidates.jsonl,vamp_core_tsv_r8_scale03_repair005,f6efd136ccfdc34cc5e3b54607f1802f063a986aa0c678d5c8b92e7da2d34457,7,MeetingBank,test,700,1163271,4f7bdaeaa94701adc87d2ca6a8809a6763c08d037c49e50f8ef5266e99430410,00280385725739a8664c97dfe47173f021e7901fd75f7dd68d2f8dee40f94539,d616c6044870856ec67f6f1976ca3c877737df5bed067ea5ec8d610731ff4f1f
f6efd136ccfdc34cc5e3b54607f1802f063a986aa0c678d5c8b92e7da2d34457/stage-07/MeetingBank/validation-candidates.jsonl,vamp_core_tsv_r8_scale03_repair005,f6efd136ccfdc34cc5e3b54607f1802f063a986aa0c678d5c8b92e7da2d34457,7,MeetingBank,validation,700,1137748,c5bdb77f07fe43da78d445ec37ffd57ec8090d890b1295ccb68e925deffe5afa,69d4e9acdd1d8fcbce8715d3f979f33dd387b056b773c5af8ea5c2a3350c8fc8,745b4aa58594a73ec6cee0de396a7fc3861f229eff2583e68423c3902180d07d
f6efd136ccfdc34cc5e3b54607f1802f063a986aa0c678d5c8b92e7da2d34457/stage-07/NumGLUE-cm/test-candidates.jsonl,vamp_core_tsv_r8_scale03_repair005,f6efd136ccfdc34cc5e3b54607f1802f063a986aa0c678d5c8b92e7da2d34457,7,NumGLUE-cm,test,567,508530,1d40a45a3329a4fa9ae4b6518aa8636625ae9615660bc493209d1fcca63d1f97,9836bfbc87acd1f59dc546ccb12ecb8286bc5c33839679bd155835813451afbe,1ef9dc27a44d2dcb91b28f320899eec16b5808a87a68402d875f7723473ff56e
f6efd136ccfdc34cc5e3b54607f1802f063a986aa0c678d5c8b92e7da2d34457/stage-07/NumGLUE-cm/validation-candidates.jsonl,vamp_core_tsv_r8_scale03_repair005,f6efd136ccfdc34cc5e3b54607f1802f063a986aa0c678d5c8b92e7da2d34457,7,NumGLUE-cm,validation,287,268560,1b146fc1a11bc398c886af78e51ae3eff2ccbd6a190779fedd7d558280b05fab,03ccbb7a4aa4dc56896ed5d6ced024065b61316dc6768fea999732e8049f55c0,42fbff8df08b9597f0e51482d23c45fbfc3559e7fd079831817d16bfbb1afa81
f6efd136ccfdc34cc5e3b54607f1802f063a986aa0c678d5c8b92e7da2d34457/stage-07/NumGLUE-ds/test-candidates.jsonl,vamp_core_tsv_r8_scale03_repair005,f6efd136ccfdc34cc5e3b54607f1802f063a986aa0c678d5c8b92e7da2d34457,7,NumGLUE-ds,test,700,742588,4aca21658aa6029b7ea7f6ed037488e4133a5f461217d5411efd259549f1b631,42659195df1e79eed5b487893f07e7460b04fa7f197174aa1274f88ba6ecfba7,c029cab9c5d8293a0dbdbe6f51183eeb0c37d1eb90094f1fd6ce7dd2a4394241
f6efd136ccfdc34cc5e3b54607f1802f063a986aa0c678d5c8b92e7da2d34457/stage-07/NumGLUE-ds/validation-candidates.jsonl,vamp_core_tsv_r8_scale03_repair005,f6efd136ccfdc34cc5e3b54607f1802f063a986aa0c678d5c8b92e7da2d34457,7,NumGLUE-ds,validation,700,708578,a30db69cd1712e69c7c8f0d0d28d028d537d9283870dda389be99da41352b6c7,e61b9d949247942eaf2e5e6393bb95dcb7f013cfba74a775e34836e735f203b9,58812e6c89b7a011ffef4e59326603e8d176dab1c438adcbe55aad120ed7d812
f6efd136ccfdc34cc5e3b54607f1802f063a986aa0c678d5c8b92e7da2d34457/stage-07/Py150/test-candidates.jsonl,vamp_core_tsv_r8_scale03_repair005,f6efd136ccfdc34cc5e3b54607f1802f063a986aa0c678d5c8b92e7da2d34457,7,Py150,test,700,1453615,454e5ad43a35d6dc1dccd4789369477492e4b4695d8b04cfe60cc0a74cbf6fd4,0680a2c94798c7d732ab81a07cb4b0e6f8a0febf29273e21805fbbd3aefd761c,68d715d5d8336c6594ef34c141bd033377b301eba0b539ced9afc12660a0a574
f6efd136ccfdc34cc5e3b54607f1802f063a986aa0c678d5c8b92e7da2d34457/stage-07/Py150/validation-candidates.jsonl,vamp_core_tsv_r8_scale03_repair005,f6efd136ccfdc34cc5e3b54607f1802f063a986aa0c678d5c8b92e7da2d34457,7,Py150,validation,700,1464466,ab018d6f5c3df5f7dc9c6e1554c01a77841862ee434c334fdc05f5e6555992f9,4f6871039334729de007853725f98a61c46f560fe6b5b98354382f8023e9fc15,c2d0ed59763be5d96508f42831da3906e76d2b0cd41509103ef4907a44f5ab8f
f6efd136ccfdc34cc5e3b54607f1802f063a986aa0c678d5c8b92e7da2d34457/stage-07/ScienceQA/test-candidates.jsonl,vamp_core_tsv_r8_scale03_repair005,f6efd136ccfdc34cc5e3b54607f1802f063a986aa0c678d5c8b92e7da2d34457,7,ScienceQA,test,700,613091,a50c837174eb2b5487db8a5b632c6ac118981b6294f8f8a7b96bebe5434d10b9,f00a01803f7fa7048d806cc215de6aa77e237e62af0f96b1d3a4bccd133c3b6d,fb1b893a7b2ce02bf07397576a9982e1eed3a7c78fd0d22096fe2ad782134dbc
f6efd136ccfdc34cc5e3b54607f1802f063a986aa0c678d5c8b92e7da2d34457/stage-07/ScienceQA/validation-candidates.jsonl,vamp_core_tsv_r8_scale03_repair005,f6efd136ccfdc34cc5e3b54607f1802f063a986aa0c678d5c8b92e7da2d34457,7,ScienceQA,validation,700,627723,17f8116f255722dff0c9561b7d2c1819938280c1d98ce1596f1c2737be427f00,ed3fd30bcadc209b380d68cd0edd9fcfcc3514736fc2e822c7d12e9661e9387e,7ac54504317e6d3ed16e16ea6e1ead52546d97afb91fe75226cc228490dca3cb
f6efd136ccfdc34cc5e3b54607f1802f063a986aa0c678d5c8b92e7da2d34457/stage-08/20Minuten/test-candidates.jsonl,vamp_core_tsv_r8_scale03_repair005,f6efd136ccfdc34cc5e3b54607f1802f063a986aa0c678d5c8b92e7da2d34457,8,20Minuten,test,800,1282813,e39f65cdea5413e84115e0b4ef5259d0a760c75197b05cabab48866c896d01a2,72eee1960bf1c968e903e7068f6d2b4203000e310cc78b84d993b7235de8ee42,2e798867a345bef0c693e642e4297e7b517bc6d0cd798fe5ca002c66620c650d
f6efd136ccfdc34cc5e3b54607f1802f063a986aa0c678d5c8b92e7da2d34457/stage-08/20Minuten/validation-candidates.jsonl,vamp_core_tsv_r8_scale03_repair005,f6efd136ccfdc34cc5e3b54607f1802f063a986aa0c678d5c8b92e7da2d34457,8,20Minuten,validation,800,1306179,d5e80b106e8ac337f5acb46c2d338304816898258bdae52d20307a944bdaaa0f,dd8fe21e559c0b92867d782fa94ba40fc8d18418c53e58a156b25b249110fbe2,bd443f7f6402aba938a579f5a8715afe1b4f9b059f3834cb80b13b6a2ffedde5
f6efd136ccfdc34cc5e3b54607f1802f063a986aa0c678d5c8b92e7da2d34457/stage-08/C-STANCE/test-candidates.jsonl,vamp_core_tsv_r8_scale03_repair005,f6efd136ccfdc34cc5e3b54607f1802f063a986aa0c678d5c8b92e7da2d34457,8,C-STANCE,test,800,1049392,45150fac827664c83fd7c49f80b03b8b19c17babf8a9634811c61df0f323634a,595debd53e9a82cb4dd0cc56c274d90d9fbbfcf57cdecfaeade616b7066d6483,58c4dd779353c8098b492cd13b33c0936bb909b8dc9be2bb7c7a51ea46429ebc
f6efd136ccfdc34cc5e3b54607f1802f063a986aa0c678d5c8b92e7da2d34457/stage-08/C-STANCE/validation-candidates.jsonl,vamp_core_tsv_r8_scale03_repair005,f6efd136ccfdc34cc5e3b54607f1802f063a986aa0c678d5c8b92e7da2d34457,8,C-STANCE,validation,800,1013742,ca6e7b017f71d307dd836519307e11923b5c9306bc90b1eb8713e4b120ead0d3,98a793a85421b683f76611d02088979a18d4ce671b3fbde359f8bafe4c3c74cf,bc3a6525327156af4fdde7e22978e62f4691ddc3fad958da82c569c8cbb2ae53
f6efd136ccfdc34cc5e3b54607f1802f063a986aa0c678d5c8b92e7da2d34457/stage-08/FOMC/test-candidates.jsonl,vamp_core_tsv_r8_scale03_repair005,f6efd136ccfdc34cc5e3b54607f1802f063a986aa0c678d5c8b92e7da2d34457,8,FOMC,test,800,1756549,eb87f955d16584e9c8b70bea638c991bfc4afc9d05353db21c7ea592e2e51d29,39084ed7300003c17ea7ebfcdd72c2af0663f8fe4a23de8b50180fb751f96075,8e9d1a0793ab93597781cd827baf047ace9debfb088cb4b601bc6207b60753c9
f6efd136ccfdc34cc5e3b54607f1802f063a986aa0c678d5c8b92e7da2d34457/stage-08/FOMC/validation-candidates.jsonl,vamp_core_tsv_r8_scale03_repair005,f6efd136ccfdc34cc5e3b54607f1802f063a986aa0c678d5c8b92e7da2d34457,8,FOMC,validation,800,1760559,56393d02f266b14cab68b9fea59b52b9e8c11728b387b654997872f7b60650ac,91240887ed7e9889af285d0d2410206f01d346b811c5dba6eb271546a8ab65fd,f3c7a7c58e216d1bd2015c9d24016e8044f9420abf3712c22979dfcb5873fdc0
f6efd136ccfdc34cc5e3b54607f1802f063a986aa0c678d5c8b92e7da2d34457/stage-08/MeetingBank/test-candidates.jsonl,vamp_core_tsv_r8_scale03_repair005,f6efd136ccfdc34cc5e3b54607f1802f063a986aa0c678d5c8b92e7da2d34457,8,MeetingBank,test,800,1566079,c84880427a78f6b293ea9865401eac32d8278f422dda46f980c33c481397a37d,ad0fe91de2ddc66badb4431bbf71778634e42ab9aee1dd9a1f8c205c084c6116,a6c2242b4d6ecd929cb8efa5e59b300152976da57bf9d6843dcc73aec717e535
f6efd136ccfdc34cc5e3b54607f1802f063a986aa0c678d5c8b92e7da2d34457/stage-08/MeetingBank/validation-candidates.jsonl,vamp_core_tsv_r8_scale03_repair005,f6efd136ccfdc34cc5e3b54607f1802f063a986aa0c678d5c8b92e7da2d34457,8,MeetingBank,validation,800,1579939,eb3385151bdaca2f549d58e0e83776bc05d56e64a1bd513fa64c4756c8ae6939,5a1ce302ba6d3288c3ca4747e2f09925ab377761438bc5fcea295151bfee4bca,4b1c762a7a9d251c6c2567e9f97ff68e54d13655b87d988215c688f6f4eb6057
f6efd136ccfdc34cc5e3b54607f1802f063a986aa0c678d5c8b92e7da2d34457/stage-08/NumGLUE-cm/test-candidates.jsonl,vamp_core_tsv_r8_scale03_repair005,f6efd136ccfdc34cc5e3b54607f1802f063a986aa0c678d5c8b92e7da2d34457,8,NumGLUE-cm,test,648,858786,a9d0fd0e2d56b31fe6c58921ae09065532d8a9270e714a67911d431154f5611d,1d283cc62de5d1f714dcf153f94a6bfea70f6bcae25a066f45c940b0904b5054,e9d9a179a5fc2691f8e2e6f2b58820555076312d704ad1f2fd25d4bdb9c2087b
f6efd136ccfdc34cc5e3b54607f1802f063a986aa0c678d5c8b92e7da2d34457/stage-08/NumGLUE-cm/validation-candidates.jsonl,vamp_core_tsv_r8_scale03_repair005,f6efd136ccfdc34cc5e3b54607f1802f063a986aa0c678d5c8b92e7da2d34457,8,NumGLUE-cm,validation,328,458120,50fc0f1631b1e180c0623f55e7a152355d69918f56e115ad5a6ed949cc1c3892,3780195ae0613c08750db9c47ba259a7b9394c7f52de0f9f21af5310951ed4b0,34c74a4067cc2ce40d6ecdd83212dcf93a0d2dd4d61ee93af2836d4c5b3b6f36
f6efd136ccfdc34cc5e3b54607f1802f063a986aa0c678d5c8b92e7da2d34457/stage-08/NumGLUE-ds/test-candidates.jsonl,vamp_core_tsv_r8_scale03_repair005,f6efd136ccfdc34cc5e3b54607f1802f063a986aa0c678d5c8b92e7da2d34457,8,NumGLUE-ds,test,800,1193123,ff08054b2a23f310e6073af5d87535a06314418cd56c68458709334a90102f96,8e4e97e652dc40ebb961e007ee424839f808918c7af33b47c05e150855298f74,c1ce006183f36d74e3df66125a337c9f1f1af8450770c0d75940e360d1c6ccc4
f6efd136ccfdc34cc5e3b54607f1802f063a986aa0c678d5c8b92e7da2d34457/stage-08/NumGLUE-ds/validation-candidates.jsonl,vamp_core_tsv_r8_scale03_repair005,f6efd136ccfdc34cc5e3b54607f1802f063a986aa0c678d5c8b92e7da2d34457,8,NumGLUE-ds,validation,800,1159668,735a0f13f710f34b03f79549bf852eda84008a52256d5c795b0feeda47ff369d,2443b6894757ef589a5ba8e9c7497f1d832b0a786eb3828651915400fadabe29,806f4846ed76382a2ca9fe11bfa957ec9740cd6282ab29e169f3c88b8c62d154
f6efd136ccfdc34cc5e3b54607f1802f063a986aa0c678d5c8b92e7da2d34457/stage-08/Py150/test-candidates.jsonl,vamp_core_tsv_r8_scale03_repair005,f6efd136ccfdc34cc5e3b54607f1802f063a986aa0c678d5c8b92e7da2d34457,8,Py150,test,800,1665397,4207a31bedce03907d2ec647159716dfd37e2af11737f2776a04b0bcffe716e2,762b5c846856720ea283d2f835d07aaee813254c5eb45c5012516a297aafad61,827862b1656bb344231f24f9a9f17af0c128974b236ae80740b48fd844039776
f6efd136ccfdc34cc5e3b54607f1802f063a986aa0c678d5c8b92e7da2d34457/stage-08/Py150/validation-candidates.jsonl,vamp_core_tsv_r8_scale03_repair005,f6efd136ccfdc34cc5e3b54607f1802f063a986aa0c678d5c8b92e7da2d34457,8,Py150,validation,800,1688153,9bc792727e82c4074ab7dec7ca5eacc03713f1004b1ad8c433682f9665357abf,b126d75f2879fb82ece155b79349d6975bb7b09d5a116b2d31b7d1efb0b39205,716fa88cdad674f722c387a041f215087638951aeb8289fd6ca1f50e0410eb96
f6efd136ccfdc34cc5e3b54607f1802f063a986aa0c678d5c8b92e7da2d34457/stage-08/ScienceQA/test-candidates.jsonl,vamp_core_tsv_r8_scale03_repair005,f6efd136ccfdc34cc5e3b54607f1802f063a986aa0c678d5c8b92e7da2d34457,8,ScienceQA,test,800,836176,1d3bcdd8a9614a9b0395aa3aeae552a45266069290efcb2cfb461a055a3ac3bd,907831f6654979b713201c4beed4e6151a44b2be98e2151dd50b035cf0058cdb,1c881e4be0760b2f604c75c635ef7503296f133f67f069057edd3b67977c967d
f6efd136ccfdc34cc5e3b54607f1802f063a986aa0c678d5c8b92e7da2d34457/stage-08/ScienceQA/validation-candidates.jsonl,vamp_core_tsv_r8_scale03_repair005,f6efd136ccfdc34cc5e3b54607f1802f063a986aa0c678d5c8b92e7da2d34457,8,ScienceQA,validation,800,847686,a067d787ac085f3613963637e3427506c99901ee8acfd48a562fd96e4cceef8d,16574b270e0a3d7304b2ffd6b39ad5b47effde09055316e1025dc3218c571408,bdcd36d2e00c6eff1cd80ce73d9e3784f91b3e7653b4e8bf90d572ebe80f1375
frozen_base/stage-08/20Minuten/test-candidates.jsonl,frozen_base,,8,20Minuten,test,100,198323,3c9fa9fa0271532b953c58024a966ddbfc0388e1a7de9bc33c93fcbb9f7b179f,64fea1b7a8207b36776743689f379be8adc9625a7abed4f9dc206a72d696611b,9c99ec880d015679a1c46053e0f3538252ad5d27532695026ba2dac217e94a22
frozen_base/stage-08/C-STANCE/test-candidates.jsonl,frozen_base,,8,C-STANCE,test,100,127832,518237c35c0bc10da56a8e9793f909aa6d6ad9689b30ee86cd799e39086ee1bc,ba055c440f352ec1175936d07fc2ca79f0dac077a0880c1d0e024acb21adf14a,2248eee94d0916ab68b736821eeaf3d7c2a881d6433fae6d5a0132065502346d
frozen_base/stage-08/FOMC/test-candidates.jsonl,frozen_base,,8,FOMC,test,100,225576,baeff4c3e7c301a61a7c68566426bca52803b7914b4b0fe9484e912026056fd3,acf2dad396a3284bb96b8174f37c90e8af4a0a9ea800ef2cf7011fe7e9bee993,15801327469b7cbf0cb22f75aa013f1367e98a4f05e13576bd8a4fb3559395f4
frozen_base/stage-08/MeetingBank/test-candidates.jsonl,frozen_base,,8,MeetingBank,test,100,195432,c5065636a4bf24cc4cfeb6f3bce4961e85e5d1f191d103e594d0921fc3379902,a2083d6e81db347f1ade823cfcddb4f4bf90c57a3907d45f6b99acf7996ce40c,fb6383d9eeac1ca1f5543afc290f453c2e51c2abd374dfbae7f247059ddd6504
frozen_base/stage-08/NumGLUE-cm/test-candidates.jsonl,frozen_base,,8,NumGLUE-cm,test,81,103910,baaa0aef559e2163467da23b9673b00ce4c429a2bfd900be66e6e662a172fb0e,6e4eb1bcca29efc2e99ee378d129c11e98ada47cc7e3cc32211ea61ba22bcb3c,3e1885e39f0f3740d565aeb58690029dd2f05451ecba634b87ffbccb1661a677
frozen_base/stage-08/NumGLUE-ds/test-candidates.jsonl,frozen_base,,8,NumGLUE-ds,test,100,159108,baba6b29cbb366641c5fa3607179cdb303fed3fb1b7b93587a55fcf5985119be,e3b9f8c02e0b48644d3577b0bc8c7ca025df02214922d9b61ad5cb0abe2d293c,261990106867961611e6cd661d8e7605507550b68865ea41cbe8f633a8c0b0eb
frozen_base/stage-08/Py150/test-candidates.jsonl,frozen_base,,8,Py150,test,100,202509,4312a7a276864f6717e555680af2cb32f84d78008c6557a03dd4de83eada26af,5d9a425da716326a4edc693cf766cd376ed0f90918a58b3d0c57c9156b9d0ccc,d0c8a9e9214f3459b06029871488e985f8309c07d8d41eccfb395d1b2ca30f44
frozen_base/stage-08/ScienceQA/test-candidates.jsonl,frozen_base,,8,ScienceQA,test,100,109666,7da217c71773d3aa307c6a6dc02a721f449047def8f1d21cd98c48571e8dba6f,8e08fca9d35e76d7110bc0487645bb801e151a033c3020af19361d0defa72609,516dfbdb49e39f3a2519f443b90cfdc01c1e727f3ceedf894a4a9cd9273eab35
joint_iid_lora/stage-08/20Minuten/test-candidates.jsonl,joint_iid_lora,,8,20Minuten,test,100,112626,c3b03e89dd2bc145eb88308bb2181462c07724f4a09b3089264e587f076a5880,007296e25f6582fa047cd50163d654df72b732cf5cb013910e2aa5fa3bbd8e60,2486f63c6c4bec5ebbf420017dfb954d3bc539bad9f3bb103dc2f0fe0a1bcefd
joint_iid_lora/stage-08/C-STANCE/test-candidates.jsonl,joint_iid_lora,,8,C-STANCE,test,100,54732,767be5bd1cf8dc80075a5f74f8c33449fe745accbe25af92a65a1e528405ec35,e12cf640232d2051d34fa32be2584d6511a2eaf76cfd203f7cdc3ef00febf46a,3e1f2f67a0c115de6ee6c8799eafe3f5a46763c7351494dd2117d73d5d3add28
joint_iid_lora/stage-08/FOMC/test-candidates.jsonl,joint_iid_lora,,8,FOMC,test,100,54534,c65dfe63302707124acc0521b5ca77de2d43a88631386d47dbc5f3503bbbcf00,305d150c7dee99399c8378020198ca92a0d131a1ae084a4ee63f1686edb8bb5a,8efd2082572690beac09d15c353f8d8fbcfd7a385d7012755a561c0b90e0c5f1
joint_iid_lora/stage-08/MeetingBank/test-candidates.jsonl,joint_iid_lora,,8,MeetingBank,test,100,114901,cdf2382ccecce9de19b19e704a2ff3d8f38d9a0279ef56a3ed835814c900f94a,aac85799a1c4cb1f961570ff60fc3b92761998e51cb5e6774e30546fa567c299,3c141347bfd1fbb396abd615e2df165adccbde894c06122f275b71867eb1197f
joint_iid_lora/stage-08/NumGLUE-cm/test-candidates.jsonl,joint_iid_lora,,8,NumGLUE-cm,test,81,44617,6a21d33e5d040ef35365c4002bbda2630983349dd8932c41ce14fa15223165ff,276c5354fc2357aa1e51815e4f74cafe46892c07298906cbbbb3816c7bace21a,16bb8b995e8245b62e28a8d2989e96e4d9fe78197ede6ca2d19bea479c07c88d
joint_iid_lora/stage-08/NumGLUE-ds/test-candidates.jsonl,joint_iid_lora,,8,NumGLUE-ds,test,100,55016,83ba28be27411c6fc7aee9b2499a613f698a714edbb2d63385844c7eef4bdc4e,3fed4378226c8424a901d365a6d508dde265fb02e95eb67623031a54351f1965,02cb22ba3ba48e633618843912221ab024dc207a8cfe67f136613495bcab7b6b
joint_iid_lora/stage-08/Py150/test-candidates.jsonl,joint_iid_lora,,8,Py150,test,100,57702,e4c3408f0a1ab7dd074d907c466d56228c10cdd06cc98e0827386da2ff7c7cd0,397561e88ecd86661c34cc916c615763e7365a604bda01095487f0b71a69fa7c,f248e0a35a2db6e2d15a108d54c46a4b702751908b0f352933f25d8788a8620f
joint_iid_lora/stage-08/ScienceQA/test-candidates.jsonl,joint_iid_lora,,8,ScienceQA,test,100,103117,895f10e080a1e130a93347fa620a8a955785b92ad00a76035fa4f0425f0565b5,8c590c4ef30f39850911f11328bbb9f1ae9b5bdc4da8f7b63c7574d56814afd6,be3e4a8937c781d32cdcd8a6e8978e2e79441d2f21d190bbe1696367f34370f3
retrained_parents/01-02/candidates.jsonl,retrained_parents,,01-02,,diagnostic,500,297431,a7338da0c3895fdad2e35eac56a64ca03686fe62b7d6b52378d2a85835493214,c3ce2176a4281e34996995b33653a5506f99fb63cc8a703fd37139b0be577ff0,e0117b46e201d7b0031f6f186b6687b8e5a8eb5e472e4dbdf8f9bc69490a6a52
retrained_parents/01-04/candidates.jsonl,retrained_parents,,01-04,,diagnostic,500,299210,83afb8077e6c55b18632a4d779cbf7b6984959e079fce38b5dbd8a647d592b00,3a7bceaabb162a5dd8c6aa07a735f4046b810276ebbc52c2c2887eab537af018,fd8254dab1d8ae546efc53edcbd0e0729696f41ea23940b30a3ab7f2de56ef9f
retrained_parents/01-16/candidates.jsonl,retrained_parents,,01-16,,diagnostic,2000,2451443,dea70bad10f77b4812651710b8b3e7c5f9f7b37572d7ff1b3ad9d7bca46f268b,b1988e2bb3b6e37c5bbf594ea656d1a1f400905dc3b0def1eaf9d319e2b0b285,0568c8a2c682c411e3c50e205b6a446d977209da6564a57f7650bd703951bc03
retrained_parents/05-06/candidates.jsonl,retrained_parents,,05-06,,diagnostic,1000,593046,584f33efef7ad2ed5275261c1e59d8d3d00aeeaaf3a6c590c209dfbbcc56bab2,9cec4c80b0177ca93eef71cad2da25c647f0b64dd63e08ac931d8fb2196bf906,6961b347634fc2749b2028dcc20f6221867a83cfeb6fe5b64f7f2636a63698c0
seq_lora_40/stage-01/C-STANCE/test-candidates.jsonl,seq_lora_40,,1,C-STANCE,test,100,54439,4927f0af078882a0a3e6077c76465b1ae4de13ecf439b62d0f68c31810109845,200d675e47ba14b18e402c8749902cbd9ae5bf71ad3dbb1dd6821c39fbbbc9b3,1e863f85adf31e554fbb0fbb4333ea77f6b44435af91439658bf14681f491090
seq_lora_40/stage-02/C-STANCE/test-candidates.jsonl,seq_lora_40,,2,C-STANCE,test,100,54449,b6a8c53fb051e4b337962eb159c8bdadfef86bf1ad02cca4d2299538ebe3fda1,420bac70ed778eacc46ff2ccc1dbe3083e0bc09d6b2736f7130489ccd9112937,b64516dfe1fc6b0fa0918e3258f5eb6c9fb446b995457d17d7b9c945b1c251d8
seq_lora_40/stage-02/FOMC/test-candidates.jsonl,seq_lora_40,,2,FOMC,test,100,54079,ab6945e7037f4bb5e38b596b4d9441e620feff94c0f237a08d09ae26b9c30613,72854c399e489e368054f0ae0f170b27e8c48dd02e03055e7fd520b93b91f9c6,17d8afbfb6dd9c15ee84b2640e38382437db2f55e60437a166acbdb7f0f518f9
seq_lora_40/stage-03/C-STANCE/test-candidates.jsonl,seq_lora_40,,3,C-STANCE,test,100,54433,a140f623e5c1fa4029257bd67c0f74b79aa9505d2096986c969bb011c1e1a2cc,4023fd44399979df29c04f01f0ff62c4290491ff0f838cbdcef3c3a544134601,53f66bcdc9888c0fcc24a8a7ff77f66ba576dafe09d0debb00ef7873db5080ac
seq_lora_40/stage-03/FOMC/test-candidates.jsonl,seq_lora_40,,3,FOMC,test,100,54008,94a960785aedbae647ceedc4685d7386af9fe5fd1880767b23faeb36d8ecb9a1,8f79262da1746f239f66983722f228d9738f746cec4256d8c8b5084f010506bf,c195aa61b259c1184bd2ff4f55193f76bb550893792844554533b35209a504c4
seq_lora_40/stage-03/MeetingBank/test-candidates.jsonl,seq_lora_40,,3,MeetingBank,test,100,94663,b53e502241da0ab95c23f5814d5d4de8a782c62d1d60d96d86726163e3018b8d,fd42ae6da0c952849010c0d357fed1e21c8812dac15607e2017690096a411913,6a755d5478594a3e5898c693148782781116511356a4521dd57c133ae2c9d38b
seq_lora_40/stage-04/C-STANCE/test-candidates.jsonl,seq_lora_40,,4,C-STANCE,test,100,54418,1d03554971cc09c808f19e0a77d5ce1104d2c05fc087d6bfb9fa84049eb0b4f0,7b4f8126109d877a477fbfaa766d498dd2f0daf02d0bff94ccd4f87c67efe906,2daed49eb9ad5312c9846f7c0b5ce17d3e9b47f7efc3fb768981b3dab6b23d96
seq_lora_40/stage-04/FOMC/test-candidates.jsonl,seq_lora_40,,4,FOMC,test,100,53939,420fbcef253856a0b3327cc0c3d40474a7d2f24d70b68d8e347d11af249559ee,31886db932d1b289a02a84de05a7ec9ddb9638bca46f6d804b549a5889ee0bec,bb68d3a88bc8defaecf0fac38b2e259d7a0cbb41412202befff070db385c4b26
seq_lora_40/stage-04/MeetingBank/test-candidates.jsonl,seq_lora_40,,4,MeetingBank,test,100,86735,0da6c2485f7d6943698020777df941e15cca91e5119230ca7654e2f588ad1bc5,d494aa2a9ab5addafbbbf3535eec2cad6caa4a0b047415320498233e0e948c50,dc3967358e6f1d700007c178c0075ba72d3ac11120119c043798fa5b14758f2b
seq_lora_40/stage-04/Py150/test-candidates.jsonl,seq_lora_40,,4,Py150,test,100,62071,b48f8e291f44478e1c95df6e0262a7fa1990ed72dfbf15087a9950655324a588,36f85070b1f397205bba5366ce8673404b3e8e30c9a78fe558b2997c0de3d4a9,99942c1a32291296c3bdbeb66ef6e52dca4192766bf3612fe43d9c5e3731d159
seq_lora_40/stage-05/C-STANCE/test-candidates.jsonl,seq_lora_40,,5,C-STANCE,test,100,54467,4a9e613519c62a8334c467fbf9a695ae241574261ff13cb695122da454e0b34a,569971edd453e91f71e0e03bbdac3e4abad5f39b59c4dfa32ff6f2e7324ac0b3,f521f2135421abbadb85e3b2d03ceda127583c88081cba7577b2a7802ee9b0f3
seq_lora_40/stage-05/FOMC/test-candidates.jsonl,seq_lora_40,,5,FOMC,test,100,57897,6972092868c0ee6193ff959b5b19ca42dcee4b965165ffc338d2d1333e47e70e,be944e8633e1525a197331173206e73f636292db37c04d4feff44238720c21d3,e8f36cc0e039097ba0c4738b9cb4fd57633edd56949f7ca40fe8fa2428f9aa76
seq_lora_40/stage-05/MeetingBank/test-candidates.jsonl,seq_lora_40,,5,MeetingBank,test,100,149822,5aef6966e7be88ea4645fcd716fcdca3cc419ba8042725b29131a3c6bd760199,c8aaedade41039309d578e5fe3e79de9a567d391f1dc7a5fb72a59d9233d55a2,bd33da61aaeff8cafb6897d4121289af63cf148063eb006af46991587c7caa95
seq_lora_40/stage-05/Py150/test-candidates.jsonl,seq_lora_40,,5,Py150,test,100,74959,869797833432376465e7e95b55321a3c29f72f0a52f039addd5d13a4bb7c9c23,13cba0486e07c1672ae45327e7535f4c6b6f8d436676f6a9d5d11daee5186603,fecd4a9ed4ea5afe816539b39ab443238b8eafa56536475712a8346ae571e473
seq_lora_40/stage-05/ScienceQA/test-candidates.jsonl,seq_lora_40,,5,ScienceQA,test,100,137226,d25f3e71a739c284e95dbc266e0cc4fa4b7b1913b8f342fae4717f8404b96bb2,967a13541d064128dcc08a33e03da1516e4ca7e80bad353cfff8046c4d13700b,a0166f304a7d97f1e054ceda3b3258560a8bfe4aac5534d8f3b6815cffc38248
seq_lora_40/stage-06/C-STANCE/test-candidates.jsonl,seq_lora_40,,6,C-STANCE,test,100,54452,15e478298e671ca099b20f1e77977c32163eb127bc36fb9abda05926593bb809,8449bcdb542db0321fb9478352ad662a6cc8f2047f03c4b5bb7bdffbe4d70183,67254e148ba1a835af339728069c11018a5bced9c8aeaddb2a8d5989a3a57943
seq_lora_40/stage-06/FOMC/test-candidates.jsonl,seq_lora_40,,6,FOMC,test,100,54562,75b4c2e8c1b3a7a079539ef05a0c309c766b3337dd6beca488e109029ff3ae8b,82099795931abd3cb10b45406f613449071cd37a8385474cf788a8a0f60c003f,b5e6a630eb01795efad4ca94c4dced8144ffedc16f913272b4bec17e8f066d0b
seq_lora_40/stage-06/MeetingBank/test-candidates.jsonl,seq_lora_40,,6,MeetingBank,test,100,60316,b2f39b951e061e47c1ded3779da5ca295de309cfdf3841cd35c832d3513cb75a,f076c8ee8334fdfbdb21b8e00cfd5baa8038654d3144b97de40c99613b214066,883b63f638cffd8a23f8275a1b3c9c97a3d91d7b1ea0b8f8fef4536305baf416
seq_lora_40/stage-06/NumGLUE-cm/test-candidates.jsonl,seq_lora_40,,6,NumGLUE-cm,test,81,44300,eebc9b07d577e7f373865fe9f23f4271ba6d4393fa93e1b11346ccf7ffe34950,29bfab18684cb1c8bf1dc0c8ed32a393b325d6d0853089ddf091418c1a43bb5c,12071da8e709643b86ccd738cd807370c959736b571bf8c769caa6e1e3eb669a
seq_lora_40/stage-06/Py150/test-candidates.jsonl,seq_lora_40,,6,Py150,test,100,61150,2fd05daced657c024f9faac031b9b277067f83ba52c9425f651c1f42313ae0c9,43e580b91e92bdb4151767e348d911996477ba552b609e41b68d23b25993200f,fdbee58ffb9ff8369a2603ccbb372bea288c41a3e7a888e1644f20c5acb08a51
seq_lora_40/stage-06/ScienceQA/test-candidates.jsonl,seq_lora_40,,6,ScienceQA,test,100,54609,80bb72eeaeeee59fd09f73415fc8e6469eacd9bfc11575d23771c01ae402cf38,99ba81179b39ccf8e59bacbc7a50bad54de907628157fd9b64142b10ba70cd11,d48017e9c71d9de55e3610b2154d109fb86fb7470ca99fd70f007cdc0c858d0c
seq_lora_40/stage-07/C-STANCE/test-candidates.jsonl,seq_lora_40,,7,C-STANCE,test,100,54473,d30cb975642befb50097bb1df6914d2186c182e0639d904fe53428adfff6671d,3446dc5759e93e68070a54ba2e81cc3c9352f4c244baada42efcc8e964da2958,6239a63b17c13b899d5a0b91126790215e6f339fc7c1e5634c84db9a0cf169c0
seq_lora_40/stage-07/FOMC/test-candidates.jsonl,seq_lora_40,,7,FOMC,test,100,54806,3947267bdfeebd452d362697c46b89e4700755dbefa46f6aa96c32710a5c5fd1,c6135d89eb1d14507a3c64d1816e78191fd97478afb820b4daae4b1bd7420d87,a3de30965b793bb24e6036beb2e4529d9cad6eac5367dacdd76db7445a912a48
seq_lora_40/stage-07/MeetingBank/test-candidates.jsonl,seq_lora_40,,7,MeetingBank,test,100,66449,6237b32110243dcd35a995b50938c7e167714107fa4b02b69ab60ea205408f21,7c0dfd1ac0e0d9660de6fe3afba5f259130838822ecd10ef9c788e721789fa4c,651d331e21ff38dc872be45f788ab223ba373d8c152e1b3f0887e3fed89a72bd
seq_lora_40/stage-07/NumGLUE-cm/test-candidates.jsonl,seq_lora_40,,7,NumGLUE-cm,test,81,44314,11f8f5829cf7927e9c65c9fdb87f057f659aa98dac914caea3d16109ab82f553,76ff0a5a61b6be8a6597b22067c778f40bb4eec8a84057ffb854c0a3b9267ca0,bb8a35a498bc65acd4b0e7924c9a77ccc93637fadff9579fe5c5edb25e956f19
seq_lora_40/stage-07/NumGLUE-ds/test-candidates.jsonl,seq_lora_40,,7,NumGLUE-ds,test,100,54709,893729ec2a8d04b0c1f3c934c9cc8ffef036ec2448364fe9ee24e8332e8efff6,310577500a44aa12ca6be5b088a308aec8d3b7aac1d24203d545992357befecd,fcd4c41464de24d0b732f1f7314a1a3b99f2e425df69ec6e883c4e5622c8c2a3
seq_lora_40/stage-07/Py150/test-candidates.jsonl,seq_lora_40,,7,Py150,test,100,74760,fa763fafe35ebe0349342c77f9c296e8120bd58a9cdc9a65188aa7abf15e744c,fb646a3e1f1e923a9a795d07db864f4e2f9cb2bd854b25a50aa57f0bb931dd89,76e6a7c4082a2372d80cd1081f394d95b0a3f400df94ecb78c748d6d7de02405
seq_lora_40/stage-07/ScienceQA/test-candidates.jsonl,seq_lora_40,,7,ScienceQA,test,100,54899,b459d6f10c0d78dfb05923ad0d3cde82dc6bdf6af23e310d76360b53085acc67,9a6722db181f7237fe28b5c5ec90a10edadb3ccdeaba21af43e16bd221219f33,c8e3fdef1bf06fabb2d5515f5d499f2992a7404f3be5023753da65a2f9efc482
seq_lora_40/stage-08/20Minuten/test-candidates.jsonl,seq_lora_40,,8,20Minuten,test,100,92566,099371c020fe27fb9a87f794191a6b721b716c48a0d0213ec346c24104adf0e2,ef09296538fac49e9600cd6060ccc9fc5052054b6c211df31e850c8eda36e732,5bc17ca22bfc8e7aedd502746d775c74b0d1826654c981075ff8d0e807c0f841
seq_lora_40/stage-08/C-STANCE/test-candidates.jsonl,seq_lora_40,,8,C-STANCE,test,100,54437,d640e24ad82474084a2f04ae3914a7b2a25c91bfe50284badd2ebe469134160f,efe76f69f2928583fa6ed452471905eef754243a4aa8d55d7c6ae788206ce725,06d3dfaedd2c932272844096082fc86a83a49b2026b4438fed183d0c1218df2e
seq_lora_40/stage-08/FOMC/test-candidates.jsonl,seq_lora_40,,8,FOMC,test,100,65125,f8bed81b9966c469772b397493e21c480938a3e532ced711bb92e588c085b049,33750960e526e094a2b785b20018171e80e7415f74e35d2774e3fb4f93af6655,4d4211e2a09a6fa37d23fa9003c048ae5fd362bb9794e1b7daac62ac7fab55a4
seq_lora_40/stage-08/MeetingBank/test-candidates.jsonl,seq_lora_40,,8,MeetingBank,test,100,95091,a5da32d325a64c22e90192e2cd4263abaddbea66ca8fbab21e93a38d05da9df1,6cd6392d8d2da6257f985abefd6260656f679155fbdc16bcc401a28b45ed1094,32a404680a759a4ac16babfd1ddcbfbd59cf8568714377da4af34dc2b956f34d
seq_lora_40/stage-08/NumGLUE-cm/test-candidates.jsonl,seq_lora_40,,8,NumGLUE-cm,test,81,44340,d6421bf581073981b0386e8adc13ef92e26d8863e8726ddf026d9f8b1ecfdf41,fa4b6015fe858a69ee688c6873453da7af5d7faf532ff8f8493e68e426a61aaa,2b76017e0b3797deaf6de3289978bbc48e11c1f2a52827d957120f626f7ed498
seq_lora_40/stage-08/NumGLUE-ds/test-candidates.jsonl,seq_lora_40,,8,NumGLUE-ds,test,100,54691,2f278f481f16dd982e7938e847965e74c4524d9368a1977bff58c509fe9562f0,929b51f30398961a42d788024cf7a9656599ebdc6c32bca514e065b294b53d3b,cf2417c4e5165f9a47f9429c030f5d6c1d97f7c95ab068e649d14cb8e9f55d79
seq_lora_40/stage-08/Py150/test-candidates.jsonl,seq_lora_40,,8,Py150,test,100,92665,e0385315a79d265750c2520d66a8f9ba915b46c37558b051c37e55e4fb1206dc,49bdf04ab10386913cf662e0d50161d5c868d82eeb694ec0850e00b20256d2f5,9497f17ddf6f91754511041efd9206ea4bee41d8ae82104561857abf6f31fe99
seq_lora_40/stage-08/ScienceQA/test-candidates.jsonl,seq_lora_40,,8,ScienceQA,test,100,60503,37ce1ae41e7826a44eb779831acd6706ed016cdbafc05ea40b9212bfa92ebb14,bbe1bbba2f854017eb169406135c70aa9f9a9c84e7ede040137d01873f3dff47,1b7438648e66205b11b4a9b5a2b6417606254ffceefa322f4a2110ed9754fc5e
seq_lora_reference/stage-01/C-STANCE/test-candidates.jsonl,seq_lora_reference,,1,C-STANCE,test,100,55178,af208d44efde00224f4e33de2040f7dd9309b3c4c99ff473758249b76a033c73,18e20e912ab05a7a35eeddf3cd274220259208c9fc861088d92e0f103ca45abb,56140e0821c51406e8f60285c9ce906b8cfd64146b70fedf1b17fae6756d3a85
seq_lora_reference/stage-02/C-STANCE/test-candidates.jsonl,seq_lora_reference,,2,C-STANCE,test,100,55155,12e833289c10b1a0d32de889d32b39135308ac559dbeabda2fe3ce2dc4f2e286,64abd8271cfe8e233a9b0c6abdba0bb6423eed404a0a9d9aa90a5eec3fad500e,836fc7d6825d791a41779fc8dcac4fc8115c3bf2f27a302749b7a88a4f9a5480
seq_lora_reference/stage-02/FOMC/test-candidates.jsonl,seq_lora_reference,,2,FOMC,test,100,54793,33819aa57fd6ab6cf1a06805235b0aa6ac5d1af00a0fe63eaa99f8e3a7a61dd4,8c68d55f943c880e69ba73ddd19e3a6da06b0b10af43d0b9edfefa3d170f4b2e,4a55e2eb8c9e008fc4d2066e0fab5d3a8f31bf456d80d3fc414aeefb56824a7a
seq_lora_reference/stage-03/C-STANCE/test-candidates.jsonl,seq_lora_reference,,3,C-STANCE,test,100,55147,ad758995042760d303c5e9c1406a420ad8957c82e838cf243c1a999f9f272876,796f02744bac66e7d1205a6d95cdc4ce6d9162575904830b3eba11dbc9d837b9,b074f0b192d74ce1b5d2226817c0af857c33697c2790842cf3f0843d93850eb4
seq_lora_reference/stage-03/FOMC/test-candidates.jsonl,seq_lora_reference,,3,FOMC,test,100,54821,9def539415fc9beea0c4837403410407f10ad98837ffa61d7f48d20e4558af85,77c543cc051f687f5e652222a927329d68823c63e3a0df36b6c20361a9295578,4a7f74fc7cd57ecd645aa9b48c50e00ea12fe34e51af8678f8ed10dbf0225a1b
seq_lora_reference/stage-03/MeetingBank/test-candidates.jsonl,seq_lora_reference,,3,MeetingBank,test,100,97468,bff891c86ca74df267797b9a82720df0836a60e0dc56b242a319e59f0befc9b4,0588901692b89d2aa63fee328fcfa822d4b762ce05e4d163fac470a91b925dd3,9c72f93a9feb098d3b0755067fa452613900ee692627ba50ff17a5925a68619d
seq_lora_reference/stage-04/C-STANCE/test-candidates.jsonl,seq_lora_reference,,4,C-STANCE,test,100,55066,4c4263a57708746d714a666c979da41b6bfd5d176c055c3a56befb923f86f6a2,0aafd4e534eadc5e4aefa6d1f1b590cf9d54e37331c5d1fe07bbbd1f57a0dc4d,15a60be913cd7e0569235c2a4c02a0eb0b3683c7e71e3714f6471edd734eaad2
seq_lora_reference/stage-04/FOMC/test-candidates.jsonl,seq_lora_reference,,4,FOMC,test,100,54630,46e251fc80939d746c741207bc00eb9776e5c4a9d855b0d3ad208bbeeb825d3f,1cf85b77f3e7f27d0a211df7871c6f0484bf495f527a64374a7666dbec2e3d1b,fd86e0c870886a3f13e220f0482693119e0ef4c8e23c95a165ed829f273a91fa
seq_lora_reference/stage-04/MeetingBank/test-candidates.jsonl,seq_lora_reference,,4,MeetingBank,test,100,64519,b4d0ac001d56cc857bebf5eddf6c0aee45a63bc154c72ba9789b5aa1dd04a200,87a85cb1587b415c79257d86fe6a60d46396ed1b6bca90e1d5299bbb886f21e6,a490e23fd4225d9ea439c46073b8f877b9254f8d6c9b66f532729faf8eba8444
seq_lora_reference/stage-04/Py150/test-candidates.jsonl,seq_lora_reference,,4,Py150,test,100,57999,6f55b74fc4fd3ed03085f81593ae5a824b4e1895cf9f440cb89268d5541df6f9,05c199b132c9c2be39f4e6125ee36313b5d18fc26c25c32c18057aad4466476c,1965720161666d18e8ca2db04b302ccd90f0f32bfb37ad63b5239b247f992058
seq_lora_reference/stage-05/C-STANCE/test-candidates.jsonl,seq_lora_reference,,5,C-STANCE,test,100,55166,0ff0f09ecee76de9e03e83d6fcca9800156722e66216daac168838b599caff5a,1119bc740574a99bfa677a24a6cd261f8af9a90914b9b3c95b284dcd7962b060,dc1e431aa4d6c56923706c5dd25d08269d63a728e9ad5fb0205d06b8a62aabc1
seq_lora_reference/stage-05/FOMC/test-candidates.jsonl,seq_lora_reference,,5,FOMC,test,100,57326,db58ca76459f75765659962562f4b8037575956bc91c4086989fef7949b53505,9631245e22291bc8860afa2109d49a354f8e7944d2ec01dec84d6e03fedbb2db,2dcec1b337e37185cef1f63283e9dddda6b9157efc938961241a26bda5284096
seq_lora_reference/stage-05/MeetingBank/test-candidates.jsonl,seq_lora_reference,,5,MeetingBank,test,100,256881,cb427c44a1f06f5ed02d0b16fe865eb0b2cb11364364e45b322af0849ae6a0d3,a3f1d10698bf9e813126cc42e5759e68edbeeda1386086d93e330c4d0b8da0ef,471d802486adf2bb258f8ebada5fa561fc8429d42dfe1debe0e48fb345734e9e
seq_lora_reference/stage-05/Py150/test-candidates.jsonl,seq_lora_reference,,5,Py150,test,100,76811,e7fe03275de32e5711a4e146cf9e4d2527423b1258c046b8d849547d85395c58,8cb6a5e71624367ecbbdb202f1baa4f0da5e883685b5840d4c49fc4f7d9ce3a9,f2e78443d27b26b76d19cc79141f68fb1bc8895b9451c16aa9ddf7999fe00ae8
seq_lora_reference/stage-05/ScienceQA/test-candidates.jsonl,seq_lora_reference,,5,ScienceQA,test,100,143735,7a8f1fd4ac1b919176c5a1f6c8df8b01a2b7c6ecb207f457d1014211a02f518a,9e3380ff318c75b89420da94baf7de553d8f18d4cafa72788177c8e21c8dd684,5eda8604fa0c81f9dd4af64058f8576d8ccde07ebb25f6acc21b33a5b3a894a8
seq_lora_reference/stage-06/C-STANCE/test-candidates.jsonl,seq_lora_reference,,6,C-STANCE,test,100,55164,0d4accfe6a861a87f74fdc5756b8abd9bdaadc31da0fd1240d5a4ed6c2bbdfe4,c02d67fa59b0b5c1740a7cc48785b62d58e5056f514713d0cf75ae835f56e3dd,086582567d5859d193023eb8a901fc31297ce2dbed3d79e3abc9b4a2a97e75d7
seq_lora_reference/stage-06/FOMC/test-candidates.jsonl,seq_lora_reference,,6,FOMC,test,100,54686,9843e884d520967f20fb6b4d2d410a3041ae0fda683c8ba9643c5e162ba2efb8,d82f055f2ca7516eeab252ad8ae764b4b717fa73d3e1e16b2c2683c2dc22a7b8,fc1e2d5f6fb3658a093f0e9dbef8b1fd06f4e6b3ebd0064373602b9c0d2f3e6a
seq_lora_reference/stage-06/MeetingBank/test-candidates.jsonl,seq_lora_reference,,6,MeetingBank,test,100,180177,e7fb2b4e35096d59bcd80d315a53324d9e6946d7d9d4d935fdd6b9ec854e9dbd,c59a6c8e169edab96655668dadbfdc37c0f277769041ece877057dbf17035fea,0ae7d5ceada0e76af48f90755b97f03fff553e0e67c58c1e2098c446a66981bf
seq_lora_reference/stage-06/NumGLUE-cm/test-candidates.jsonl,seq_lora_reference,,6,NumGLUE-cm,test,81,44885,434c97cbdf7fb3e97a767c07ebc63d6f0e174c69e92f4cfd5e83e307b04e15f2,bd40ef233eec6db14979d111d1f0424af593f57850515bc5cc16cf324842a410,cfec5dd23412b68d2fcbcd12e3554d52c21c0172d566823bae784c830619d251
seq_lora_reference/stage-06/Py150/test-candidates.jsonl,seq_lora_reference,,6,Py150,test,100,73377,4a64c9f91dc85969c1215564e8e45b95e313f840fa394e72201f2197136c1ad7,7f19853020b88800d3dbc96f1fed09a005ba49a4a00c04036cb2f98da01d1cec,3aca667062b4076e5eb75a27b764f7529089fb93781c601a4841d7cee90e3a49
seq_lora_reference/stage-06/ScienceQA/test-candidates.jsonl,seq_lora_reference,,6,ScienceQA,test,100,55272,e75b0878150b939892ed62878d91e9fffa69fcfdb2f8fed61bc0f4068fbf1a44,c98941277b90835f5f5989ebfa2ac2fb0d4e5265d69752e3cab4eff3de74bb90,fa9272ebebd40a6e198e92e12745f4f3db78d17e3a53e2604c3dcdcf1d02e3a8
seq_lora_reference/stage-07/C-STANCE/test-candidates.jsonl,seq_lora_reference,,7,C-STANCE,test,100,55159,13153520cdb3c3d7c7017abdb53abfd4b5599f7f0c3f936100766abfb8fde926,a1764e02f422d17a20a31f5eead3bfb0d4396fb0f5b5ff0e165a188c86b93e30,df30b9d584275ac9d8ad57f384176ae14b887103537c9bf28a1a2239cd262c5e
seq_lora_reference/stage-07/FOMC/test-candidates.jsonl,seq_lora_reference,,7,FOMC,test,100,54665,2809ef42b08f4195454ff435939969ea3a0d04d135797bf94d5ccb92db4445f1,0109a98dea8929d9eb9ed50f8635210113c851ff971e83aafca1e8682872a53d,b7f1a94d544c7b0fc8773875df120c349799eee6a77c7ad1072caf27c71f7c05
seq_lora_reference/stage-07/MeetingBank/test-candidates.jsonl,seq_lora_reference,,7,MeetingBank,test,100,97198,7ae0b2d40bcefe11e5c4fcb5cdc7c8d909d5801ad4ed4ccdeed8f062c1138182,e5b5407af63b273ffe9b4b0efa3700f8cea3c21a3c3a402b8dd93176c6dfdf27,e6e05d47ecb97204a157c7a58311d474c9089311dfa00c864001547aecaae322
seq_lora_reference/stage-07/NumGLUE-cm/test-candidates.jsonl,seq_lora_reference,,7,NumGLUE-cm,test,81,44883,71d805bfc61d2e0509993fb73daf3b29f8f133fda69853382c1e6ee967450e10,7e71aa55196fa295d8d94426c2e642bdf4f906edaa4f7d178b2bc9bbedf4357f,3a9389a1308884f93fc16805097cc1957731633e603d8806247d8344ec9650ea
seq_lora_reference/stage-07/NumGLUE-ds/test-candidates.jsonl,seq_lora_reference,,7,NumGLUE-ds,test,100,55397,1a112221b01599a329ed08af384cb904a681fbc5abccaa1db3200f3495006ef8,fe7c00af162dad3fb564983b53ef02691265c110a0f72db1990984fe308855b4,7d0ad449d6d6e0ca0f16b114e77ac3f5959dee1880a07e2acb90708f11255a5c
seq_lora_reference/stage-07/Py150/test-candidates.jsonl,seq_lora_reference,,7,Py150,test,100,62024,def46ba9cf590497096d01272b644c2e12ebfe7e191bf4ca4271806b495c2689,c4038087ab2c1d52e17f6bc3e71b5eb7170d22fd3489cb4f465bf666e591d7cb,6035fcaf77b5d0c1b9c88ec3ad1a0f41b5c0b29f6c7e21f25e0326a1b566b68b
seq_lora_reference/stage-07/ScienceQA/test-candidates.jsonl,seq_lora_reference,,7,ScienceQA,test,100,55245,449be79e932008dbf883dbaae55eeceb9c9bccdd5944bffa53172b0b0695487f,53de9be2369b356815cfc18d47613c05876e979b70479508223b2f945658e43a,3eb94bce9d2392a2916496bf8935b25747366ec07ceb102c9600d0155588a4d9
seq_lora_reference/stage-08/20Minuten/test-candidates.jsonl,seq_lora_reference,,8,20Minuten,test,100,100759,a4c4f3739312746194a3aa56ef45b3244446790d2e18fae1fb5e6884e1d0e147,fa038424c9a599cc8d49bf085f59921d94933f26463266270d430bd1c24361a9,78680e49db4720f312aae3977bc0cdd6e2ad4b534ef15c6070cc11f11112bf54
seq_lora_reference/stage-08/C-STANCE/test-candidates.jsonl,seq_lora_reference,,8,C-STANCE,test,100,55162,c391b8bbdd35fcb87b0ee52d1d87cfc7b83ea62ccd9c7a2a0ee66a728d4717b2,5e93793f7e8a6d62ab0aa0768779db118e266b0cf63f66c8ffa089ad3d168e39,d8dfa565fe9d7cd713f0ff2046037ff56bced3bdef6b5c1ac50af60a64bad691
seq_lora_reference/stage-08/FOMC/test-candidates.jsonl,seq_lora_reference,,8,FOMC,test,100,54666,9667d6ea202a7dd64f9d1c3e32d8cb01be3e47ca5c42e7aa37a4a698261f6af4,159fdf0dfe1c853651d9996d261cfe69a90d0684b2f7694da120487020d242a2,61abf37df027b896f2522a006c34e6460fd6604ad069cb2fde814fd2782858dd
seq_lora_reference/stage-08/MeetingBank/test-candidates.jsonl,seq_lora_reference,,8,MeetingBank,test,100,257191,3a08dc378ba875a540bc2dce579739d037ceee22b60560195ba39e3912222182,319e51df1c9e9906f1fb2518de93a78066792ce4761320eaa45030ce67b1e6b4,2276c6f220bd2e684717e42c652bf2ba76c1a094ad24dc641f19dcb94e636695
seq_lora_reference/stage-08/NumGLUE-cm/test-candidates.jsonl,seq_lora_reference,,8,NumGLUE-cm,test,81,44888,2774c5a38f43ff706249abee3c238093e7a5f2e2ea36c7c089c1f37d429a6e74,b0cf7a1f8dc0294274ec007b7c0d547ed9d180d764950103b3b56288683b4d2b,65c0acde4d8aa85acb6aef36472211b63a3a8dd7788d2f13688956a2023f2d49
seq_lora_reference/stage-08/NumGLUE-ds/test-candidates.jsonl,seq_lora_reference,,8,NumGLUE-ds,test,100,55414,d2dd24667bac9ee89d6bce0092df5545f706a6535b79ce56819cc7897e09d1c0,d19f859216c8a24dd9b5a6f5ff598ae5f2529e5d8c4cb24953e8532f93b9aeb3,e8da7c2e59e90d08ef34b87a5bff1b70368e67cb5cc594afbdf4735fd87fc09a
seq_lora_reference/stage-08/Py150/test-candidates.jsonl,seq_lora_reference,,8,Py150,test,100,116879,14c774fd5ed840d3cb471d7a313eb7d053e7b9059a85b816e7e07ede334fea82,432a7b0d198fbe691d04b8bab62c70150f4162cee8c430eba8aaf8fd62eac38e,10c5c667fda0981cb72b9932b1d4470297b7f2cdc2cd87cda903fe0af4d2b205
seq_lora_reference/stage-08/ScienceQA/test-candidates.jsonl,seq_lora_reference,,8,ScienceQA,test,100,56638,0898cf0d85313a07dcb31ac1ab2d2e505c13309d028597f3d3c92874f4fa0871,9512e087e12eb2180bddc7d49f5928cab8cb2d48c299d73684a2e5b67474e061,984ad1bcab52c6bdaf16e54d779c8467353821290ec834adec05d8656d119da4
taskwise_lora/stage-08/20Minuten/test-candidates.jsonl,taskwise_lora,,8,20Minuten,test,100,99619,b2fb9232f2b07f69cb0534f3a96f66abac0583c01550e433d27ec58941fc4310,c8d76fc524736b6cde8e67d883e5baa049d23bf47124c6ff521adca44ad79855,51ced234a781b7e9ca7713816f6d3e037d7f3aa1950c134d1016fa39269dc7c2
taskwise_lora/stage-08/C-STANCE/test-candidates.jsonl,taskwise_lora,,8,C-STANCE,test,100,54663,164f6a77109cf623554749dc7b884f2535f600a34c1b679b15a65e46c1a63f39,c27feb8ca7eaaeab73abc09dee2b935c41859132276cd71eb6cd89f13cc62188,3d1c3d35da23b77ab257686073378a48f695a9dec63cbf2f620c72fbaf76efb0
taskwise_lora/stage-08/FOMC/test-candidates.jsonl,taskwise_lora,,8,FOMC,test,100,54307,20553f8106b24e0d8b919a4e7da0b4d817be4093f442c0f6bfc2bcb08e23a7e2,c96dcdb25031ef3257d48fc3bb11faecf973b37dbddd6b6c0fa2148389b3b216,0e26dbcf1022bc97d3d9ac1bad042b9de2b5ba41e4e62741a6c2b77fb03dfbb4
taskwise_lora/stage-08/MeetingBank/test-candidates.jsonl,taskwise_lora,,8,MeetingBank,test,100,101841,bb5d3b4e24e29b9e92cb02cc7c2eed4a9c76cd91e7e6e6140cfb8b2f1d974d41,66062a2804ac1681ceb4bd8f6ea1bd712d5d9409b89447b19a68c27fc03063fc,028461c148970ffb0a0dcf2ce5536cff62b4c195e4777f9029f03d45435cd0ca
taskwise_lora/stage-08/NumGLUE-cm/test-candidates.jsonl,taskwise_lora,,8,NumGLUE-cm,test,81,44504,79462cf5a6ebced9836149b7b7c1d5ddb6c239c213ded0ff4371cc7a576ccbf3,9680e29612ed1d42b0d7e069d3d03ce32f0c450555a1820806ccfc1216f88c11,78bf62931573deb8fa889062431ecab2b686ab3e4f77d0521ffc6cdf8855cb9d
taskwise_lora/stage-08/NumGLUE-ds/test-candidates.jsonl,taskwise_lora,,8,NumGLUE-ds,test,100,54924,f540f5db742935e65bc8e6b62593edff1057f61cb99f66b62eecea3702ed3336,e708197a83c647701a4fca2e6574fdde725fe4e6e3f17460b17fd54b796f71ae,550f55e71316f5fa31ea5c40f13450657f6df898cc4856495ce9e4e635798cdd
taskwise_lora/stage-08/Py150/test-candidates.jsonl,taskwise_lora,,8,Py150,test,100,59018,c604ac7e4ee1d1927333429bc8b5840182fd13c23f1240db262e8fd98ce6526d,97be7ee3f96b929ac057c01f2ebb90f5bc1b17c7f46a53408f1d86ff2699a379,297f88de64d7d85a029a9fdcfac19442c08c5af10bb15c0ee940e78354bc9159
taskwise_lora/stage-08/ScienceQA/test-candidates.jsonl,taskwise_lora,,8,ScienceQA,test,100,153020,0cb70ec0f2c4dd94026f106a6129efe1f31b508efb01ef7b1cd46d35ac46a855,7a3d779e9470f9d42066bf49ce9cd9453b7591c3286f4c3c1620efe354a784a8,d9e47282bd4f07a03c4189eb9e608bce0e5b83cb361827f4f4be1134235d6e31
