accuracy,condition,historical_capacity,stage,task
96.61017060279846,behavior_h2048,2048,1,1
92.37288236618042,behavior_h2048,2048,2,1
86.92307472229004,behavior_h2048,2048,2,2
87.28813529014587,behavior_h2048,2048,3,1
86.92307472229004,behavior_h2048,2048,3,2
78.76712083816528,behavior_h2048,2048,3,3
88.98305296897888,behavior_h2048,2048,4,1
80.7692289352417,behavior_h2048,2048,4,2
82.87671208381653,behavior_h2048,2048,4,3
88.63636255264282,behavior_h2048,2048,4,4
83.89830589294434,behavior_h2048,2048,5,1
80.7692289352417,behavior_h2048,2048,5,2
82.19178318977356,behavior_h2048,2048,5,3
87.5,behavior_h2048,2048,5,4
82.03125,behavior_h2048,2048,5,5
84.74576473236084,behavior_h2048,2048,6,1
77.69230604171753,behavior_h2048,2048,6,2
79.45205569267273,behavior_h2048,2048,6,3
87.5,behavior_h2048,2048,6,4
82.8125,behavior_h2048,2048,6,5
80.83333373069763,behavior_h2048,2048,6,6
83.89830589294434,behavior_h2048,2048,7,1
76.15384459495544,behavior_h2048,2048,7,2
76.02739930152893,behavior_h2048,2048,7,3
82.38636255264282,behavior_h2048,2048,7,4
80.46875,behavior_h2048,2048,7,5
75.83333253860474,behavior_h2048,2048,7,6
78.2608687877655,behavior_h2048,2048,7,7
88.98305296897888,behavior_h2048,2048,8,1
83.84615182876587,behavior_h2048,2048,8,2
81.50684833526611,behavior_h2048,2048,8,3
88.63636255264282,behavior_h2048,2048,8,4
84.375,behavior_h2048,2048,8,5
82.4999988079071,behavior_h2048,2048,8,6
78.2608687877655,behavior_h2048,2048,8,7
89.47368264198303,behavior_h2048,2048,8,8
82.20338821411133,behavior_h2048,2048,9,1
81.53846263885498,behavior_h2048,2048,9,2
78.76712083816528,behavior_h2048,2048,9,3
86.36363744735718,behavior_h2048,2048,9,4
81.25,behavior_h2048,2048,9,5
74.16666746139526,behavior_h2048,2048,9,6
72.1739113330841,behavior_h2048,2048,9,7
87.21804618835449,behavior_h2048,2048,9,8
79.85074520111084,behavior_h2048,2048,9,9
87.28813529014587,behavior_h2048,2048,10,1
80.7692289352417,behavior_h2048,2048,10,2
78.76712083816528,behavior_h2048,2048,10,3
84.65909361839294,behavior_h2048,2048,10,4
77.34375,behavior_h2048,2048,10,5
78.33333611488342,behavior_h2048,2048,10,6
72.1739113330841,behavior_h2048,2048,10,7
84.96240377426147,behavior_h2048,2048,10,8
67.16417670249939,behavior_h2048,2048,10,9
81.15941882133484,behavior_h2048,2048,10,10
84.74576473236084,behavior_h2048,2048,11,1
82.30769038200378,behavior_h2048,2048,11,2
77.39726305007935,behavior_h2048,2048,11,3
85.22727489471436,behavior_h2048,2048,11,4
79.6875,behavior_h2048,2048,11,5
78.33333611488342,behavior_h2048,2048,11,6
73.9130437374115,behavior_h2048,2048,11,7
82.70676732063293,behavior_h2048,2048,11,8
67.16417670249939,behavior_h2048,2048,11,9
71.7391312122345,behavior_h2048,2048,11,10
75.0,behavior_h2048,2048,11,11
83.89830589294434,behavior_h2048,2048,12,1
81.53846263885498,behavior_h2048,2048,12,2
74.65753555297852,behavior_h2048,2048,12,3
82.38636255264282,behavior_h2048,2048,12,4
83.59375,behavior_h2048,2048,12,5
78.33333611488342,behavior_h2048,2048,12,6
73.0434775352478,behavior_h2048,2048,12,7
84.21052694320679,behavior_h2048,2048,12,8
67.91045069694519,behavior_h2048,2048,12,9
73.9130437374115,behavior_h2048,2048,12,10
75.0,behavior_h2048,2048,12,11
83.62069129943848,behavior_h2048,2048,12,12
83.89830589294434,behavior_h2048,2048,13,1
80.7692289352417,behavior_h2048,2048,13,2
73.2876718044281,behavior_h2048,2048,13,3
80.68181872367859,behavior_h2048,2048,13,4
77.34375,behavior_h2048,2048,13,5
77.49999761581421,behavior_h2048,2048,13,6
75.65217614173889,behavior_h2048,2048,13,7
80.45112490653992,behavior_h2048,2048,13,8
66.41790866851807,behavior_h2048,2048,13,9
71.01449370384216,behavior_h2048,2048,13,10
74.00000095367432,behavior_h2048,2048,13,11
75.0,behavior_h2048,2048,13,12
85.03937125205994,behavior_h2048,2048,13,13
84.74576473236084,behavior_h2048,2048,14,1
79.23076748847961,behavior_h2048,2048,14,2
72.60273694992065,behavior_h2048,2048,14,3
82.95454382896423,behavior_h2048,2048,14,4
79.6875,behavior_h2048,2048,14,5
76.66666507720947,behavior_h2048,2048,14,6
70.43478488922119,behavior_h2048,2048,14,7
80.45112490653992,behavior_h2048,2048,14,8
67.16417670249939,behavior_h2048,2048,14,9
71.7391312122345,behavior_h2048,2048,14,10
73.00000190734863,behavior_h2048,2048,14,11
73.2758641242981,behavior_h2048,2048,14,12
78.7401556968689,behavior_h2048,2048,14,13
81.0606062412262,behavior_h2048,2048,14,14
83.89830589294434,behavior_h2048,2048,15,1
80.0000011920929,behavior_h2048,2048,15,2
69.17808055877686,behavior_h2048,2048,15,3
78.40909361839294,behavior_h2048,2048,15,4
78.125,behavior_h2048,2048,15,5
73.33333492279053,behavior_h2048,2048,15,6
69.5652186870575,behavior_h2048,2048,15,7
78.19548845291138,behavior_h2048,2048,15,8
63.43283653259277,behavior_h2048,2048,15,9
62.31883764266968,behavior_h2048,2048,15,10
72.00000286102295,behavior_h2048,2048,15,11
71.55172228813171,behavior_h2048,2048,15,12
81.10235929489136,behavior_h2048,2048,15,13
71.21211886405945,behavior_h2048,2048,15,14
68.96551847457886,behavior_h2048,2048,15,15
85.59321761131287,behavior_h2048,2048,16,1
80.7692289352417,behavior_h2048,2048,16,2
83.5616409778595,behavior_h2048,2048,16,3
87.5,behavior_h2048,2048,16,4
85.15625,behavior_h2048,2048,16,5
84.16666388511658,behavior_h2048,2048,16,6
80.86956739425659,behavior_h2048,2048,16,7
87.21804618835449,behavior_h2048,2048,16,8
74.6268630027771,behavior_h2048,2048,16,9
81.15941882133484,behavior_h2048,2048,16,10
86.00000143051147,behavior_h2048,2048,16,11
80.17241358757019,behavior_h2048,2048,16,12
84.25197005271912,behavior_h2048,2048,16,13
78.78788113594055,behavior_h2048,2048,16,14
70.68965435028076,behavior_h2048,2048,16,15
83.45864415168762,behavior_h2048,2048,16,16
83.05084705352783,behavior_h2048,2048,17,1
80.7692289352417,behavior_h2048,2048,17,2
73.2876718044281,behavior_h2048,2048,17,3
86.93181872367859,behavior_h2048,2048,17,4
83.59375,behavior_h2048,2048,17,5
83.33333134651184,behavior_h2048,2048,17,6
79.1304349899292,behavior_h2048,2048,17,7
84.21052694320679,behavior_h2048,2048,17,8
71.6417908668518,behavior_h2048,2048,17,9
78.98550629615784,behavior_h2048,2048,17,10
75.0,behavior_h2048,2048,17,11
74.13793206214905,behavior_h2048,2048,17,12
81.10235929489136,behavior_h2048,2048,17,13
78.78788113594055,behavior_h2048,2048,17,14
66.37930870056152,behavior_h2048,2048,17,15
71.42857313156128,behavior_h2048,2048,17,16
79.36508059501648,behavior_h2048,2048,17,17
84.74576473236084,behavior_h2048,2048,18,1
81.53846263885498,behavior_h2048,2048,18,2
73.97260069847107,behavior_h2048,2048,18,3
88.63636255264282,behavior_h2048,2048,18,4
85.15625,behavior_h2048,2048,18,5
83.33333134651184,behavior_h2048,2048,18,6
80.86956739425659,behavior_h2048,2048,18,7
84.21052694320679,behavior_h2048,2048,18,8
74.6268630027771,behavior_h2048,2048,18,9
76.81159377098083,behavior_h2048,2048,18,10
81.99999928474426,behavior_h2048,2048,18,11
78.44827771186829,behavior_h2048,2048,18,12
78.7401556968689,behavior_h2048,2048,18,13
79.54545617103577,behavior_h2048,2048,18,14
72.41379022598267,behavior_h2048,2048,18,15
75.93985199928284,behavior_h2048,2048,18,16
73.8095223903656,behavior_h2048,2048,18,17
86.79245114326477,behavior_h2048,2048,18,18
83.89830589294434,behavior_h2048,2048,19,1
80.0000011920929,behavior_h2048,2048,19,2
74.65753555297852,behavior_h2048,2048,19,3
85.22727489471436,behavior_h2048,2048,19,4
85.15625,behavior_h2048,2048,19,5
79.16666865348816,behavior_h2048,2048,19,6
78.2608687877655,behavior_h2048,2048,19,7
83.45864415168762,behavior_h2048,2048,19,8
72.38805890083313,behavior_h2048,2048,19,9
75.36231875419617,behavior_h2048,2048,19,10
79.00000214576721,behavior_h2048,2048,19,11
75.0,behavior_h2048,2048,19,12
81.10235929489136,behavior_h2048,2048,19,13
78.03030014038086,behavior_h2048,2048,19,14
70.68965435028076,behavior_h2048,2048,19,15
73.68420958518982,behavior_h2048,2048,19,16
73.01587462425232,behavior_h2048,2048,19,17
79.24528121948242,behavior_h2048,2048,19,18
77.98165082931519,behavior_h2048,2048,19,19
81.35592937469482,behavior_h2048,2048,20,1
80.0000011920929,behavior_h2048,2048,20,2
73.2876718044281,behavior_h2048,2048,20,3
88.63636255264282,behavior_h2048,2048,20,4
82.03125,behavior_h2048,2048,20,5
80.83333373069763,behavior_h2048,2048,20,6
76.52173638343811,behavior_h2048,2048,20,7
84.21052694320679,behavior_h2048,2048,20,8
76.86567306518555,behavior_h2048,2048,20,9
78.2608687877655,behavior_h2048,2048,20,10
81.00000023841858,behavior_h2048,2048,20,11
75.86206793785095,behavior_h2048,2048,20,12
78.7401556968689,behavior_h2048,2048,20,13
81.81818127632141,behavior_h2048,2048,20,14
73.2758641242981,behavior_h2048,2048,20,15
74.43609237670898,behavior_h2048,2048,20,16
73.8095223903656,behavior_h2048,2048,20,17
82.07547068595886,behavior_h2048,2048,20,18
81.65137767791748,behavior_h2048,2048,20,19
74.25742745399475,behavior_h2048,2048,20,20
83.05084705352783,behavior_h2048,2048,21,1
77.69230604171753,behavior_h2048,2048,21,2
70.54794430732727,behavior_h2048,2048,21,3
82.95454382896423,behavior_h2048,2048,21,4
76.5625,behavior_h2048,2048,21,5
78.33333611488342,behavior_h2048,2048,21,6
75.65217614173889,behavior_h2048,2048,21,7
81.20300769805908,behavior_h2048,2048,21,8
73.88059496879578,behavior_h2048,2048,21,9
74.63768124580383,behavior_h2048,2048,21,10
77.99999713897705,behavior_h2048,2048,21,11
72.41379022598267,behavior_h2048,2048,21,12
80.31495809555054,behavior_h2048,2048,21,13
77.27272510528564,behavior_h2048,2048,21,14
68.96551847457886,behavior_h2048,2048,21,15
69.92481350898743,behavior_h2048,2048,21,16
69.84127163887024,behavior_h2048,2048,21,17
80.1886796951294,behavior_h2048,2048,21,18
71.55963182449341,behavior_h2048,2048,21,19
63.36633563041687,behavior_h2048,2048,21,20
81.25,behavior_h2048,2048,21,21
84.74576473236084,behavior_h2048,2048,22,1
77.69230604171753,behavior_h2048,2048,22,2
71.91780805587769,behavior_h2048,2048,22,3
83.52272510528564,behavior_h2048,2048,22,4
78.90625,behavior_h2048,2048,22,5
82.4999988079071,behavior_h2048,2048,22,6
73.0434775352478,behavior_h2048,2048,22,7
79.69924807548523,behavior_h2048,2048,22,8
72.38805890083313,behavior_h2048,2048,22,9
75.36231875419617,behavior_h2048,2048,22,10
73.00000190734863,behavior_h2048,2048,22,11
73.2758641242981,behavior_h2048,2048,22,12
78.7401556968689,behavior_h2048,2048,22,13
76.51515007019043,behavior_h2048,2048,22,14
66.37930870056152,behavior_h2048,2048,22,15
68.42105388641357,behavior_h2048,2048,22,16
73.01587462425232,behavior_h2048,2048,22,17
76.41509175300598,behavior_h2048,2048,22,18
77.06422209739685,behavior_h2048,2048,22,19
65.34653306007385,behavior_h2048,2048,22,20
77.08333134651184,behavior_h2048,2048,22,21
75.83333253860474,behavior_h2048,2048,22,22
83.05084705352783,behavior_h2048,2048,23,1
73.84615540504456,behavior_h2048,2048,23,2
66.4383590221405,behavior_h2048,2048,23,3
80.68181872367859,behavior_h2048,2048,23,4
75.0,behavior_h2048,2048,23,5
79.16666865348816,behavior_h2048,2048,23,6
70.43478488922119,behavior_h2048,2048,23,7
82.70676732063293,behavior_h2048,2048,23,8
68.65671873092651,behavior_h2048,2048,23,9
74.63768124580383,behavior_h2048,2048,23,10
68.99999976158142,behavior_h2048,2048,23,11
68.96551847457886,behavior_h2048,2048,23,12
74.01574850082397,behavior_h2048,2048,23,13
69.69696879386902,behavior_h2048,2048,23,14
66.37930870056152,behavior_h2048,2048,23,15
61.654132604599,behavior_h2048,2048,23,16
70.63491940498352,behavior_h2048,2048,23,17
77.35849022865295,behavior_h2048,2048,23,18
68.80733966827393,behavior_h2048,2048,23,19
66.33663177490234,behavior_h2048,2048,23,20
73.61111044883728,behavior_h2048,2048,23,21
60.00000238418579,behavior_h2048,2048,23,22
76.92307829856873,behavior_h2048,2048,23,23
79.6610176563263,behavior_h2048,2048,24,1
80.0000011920929,behavior_h2048,2048,24,2
73.97260069847107,behavior_h2048,2048,24,3
82.38636255264282,behavior_h2048,2048,24,4
78.125,behavior_h2048,2048,24,5
80.83333373069763,behavior_h2048,2048,24,6
71.30434513092041,behavior_h2048,2048,24,7
81.95488452911377,behavior_h2048,2048,24,8
72.38805890083313,behavior_h2048,2048,24,9
76.81159377098083,behavior_h2048,2048,24,10
68.00000071525574,behavior_h2048,2048,24,11
71.55172228813171,behavior_h2048,2048,24,12
84.25197005271912,behavior_h2048,2048,24,13
78.03030014038086,behavior_h2048,2048,24,14
67.24137663841248,behavior_h2048,2048,24,15
69.17293071746826,behavior_h2048,2048,24,16
74.60317611694336,behavior_h2048,2048,24,17
77.35849022865295,behavior_h2048,2048,24,18
76.14678740501404,behavior_h2048,2048,24,19
63.36633563041687,behavior_h2048,2048,24,20
83.33333134651184,behavior_h2048,2048,24,21
72.50000238418579,behavior_h2048,2048,24,22
72.64957427978516,behavior_h2048,2048,24,23
74.41860437393188,behavior_h2048,2048,24,24
77.96609997749329,behavior_h2048,2048,25,1
71.53846025466919,behavior_h2048,2048,25,2
70.54794430732727,behavior_h2048,2048,25,3
82.95454382896423,behavior_h2048,2048,25,4
77.34375,behavior_h2048,2048,25,5
80.0000011920929,behavior_h2048,2048,25,6
71.30434513092041,behavior_h2048,2048,25,7
81.20300769805908,behavior_h2048,2048,25,8
67.16417670249939,behavior_h2048,2048,25,9
73.9130437374115,behavior_h2048,2048,25,10
56.99999928474426,behavior_h2048,2048,25,11
64.65517282485962,behavior_h2048,2048,25,12
81.10235929489136,behavior_h2048,2048,25,13
71.96969985961914,behavior_h2048,2048,25,14
61.20689511299133,behavior_h2048,2048,25,15
63.90977501869202,behavior_h2048,2048,25,16
70.63491940498352,behavior_h2048,2048,25,17
73.58490824699402,behavior_h2048,2048,25,18
73.39449524879456,behavior_h2048,2048,25,19
67.32673048973083,behavior_h2048,2048,25,20
75.69444179534912,behavior_h2048,2048,25,21
70.83333134651184,behavior_h2048,2048,25,22
67.52136945724487,behavior_h2048,2048,25,23
67.44186282157898,behavior_h2048,2048,25,24
76.92307829856873,behavior_h2048,2048,25,25
82.20338821411133,behavior_h2048,2048,26,1
73.07692170143127,behavior_h2048,2048,26,2
67.12328791618347,behavior_h2048,2048,26,3
81.81818127632141,behavior_h2048,2048,26,4
77.34375,behavior_h2048,2048,26,5
76.66666507720947,behavior_h2048,2048,26,6
71.30434513092041,behavior_h2048,2048,26,7
81.95488452911377,behavior_h2048,2048,26,8
69.40298676490784,behavior_h2048,2048,26,9
71.7391312122345,behavior_h2048,2048,26,10
62.99999952316284,behavior_h2048,2048,26,11
64.65517282485962,behavior_h2048,2048,26,12
77.16535329818726,behavior_h2048,2048,26,13
66.66666865348816,behavior_h2048,2048,26,14
60.34482717514038,behavior_h2048,2048,26,15
62.406015396118164,behavior_h2048,2048,26,16
73.01587462425232,behavior_h2048,2048,26,17
78.30188870429993,behavior_h2048,2048,26,18
73.39449524879456,behavior_h2048,2048,26,19
66.33663177490234,behavior_h2048,2048,26,20
75.69444179534912,behavior_h2048,2048,26,21
72.50000238418579,behavior_h2048,2048,26,22
71.79487347602844,behavior_h2048,2048,26,23
61.62790656089783,behavior_h2048,2048,26,24
66.15384817123413,behavior_h2048,2048,26,25
80.48780560493469,behavior_h2048,2048,26,26
78.81355881690979,behavior_h2048,2048,27,1
73.07692170143127,behavior_h2048,2048,27,2
73.2876718044281,behavior_h2048,2048,27,3
80.68181872367859,behavior_h2048,2048,27,4
74.21875,behavior_h2048,2048,27,5
77.49999761581421,behavior_h2048,2048,27,6
67.8260862827301,behavior_h2048,2048,27,7
81.20300769805908,behavior_h2048,2048,27,8
65.67164063453674,behavior_h2048,2048,27,9
71.7391312122345,behavior_h2048,2048,27,10
63.999998569488525,behavior_h2048,2048,27,11
68.96551847457886,behavior_h2048,2048,27,12
77.16535329818726,behavior_h2048,2048,27,13
66.66666865348816,behavior_h2048,2048,27,14
62.068963050842285,behavior_h2048,2048,27,15
62.406015396118164,behavior_h2048,2048,27,16
69.04761791229248,behavior_h2048,2048,27,17
70.75471878051758,behavior_h2048,2048,27,18
66.97247624397278,behavior_h2048,2048,27,19
63.36633563041687,behavior_h2048,2048,27,20
79.86111044883728,behavior_h2048,2048,27,21
64.99999761581421,behavior_h2048,2048,27,22
65.81196784973145,behavior_h2048,2048,27,23
65.11628031730652,behavior_h2048,2048,27,24
64.61538672447205,behavior_h2048,2048,27,25
69.10569071769714,behavior_h2048,2048,27,26
71.68141603469849,behavior_h2048,2048,27,27
76.27118825912476,behavior_h2048,2048,28,1
76.15384459495544,behavior_h2048,2048,28,2
67.80821681022644,behavior_h2048,2048,28,3
79.54545617103577,behavior_h2048,2048,28,4
78.125,behavior_h2048,2048,28,5
76.66666507720947,behavior_h2048,2048,28,6
68.6956524848938,behavior_h2048,2048,28,7
81.95488452911377,behavior_h2048,2048,28,8
72.38805890083313,behavior_h2048,2048,28,9
74.63768124580383,behavior_h2048,2048,28,10
62.99999952316284,behavior_h2048,2048,28,11
65.51724076271057,behavior_h2048,2048,28,12
78.7401556968689,behavior_h2048,2048,28,13
70.45454382896423,behavior_h2048,2048,28,14
60.34482717514038,behavior_h2048,2048,28,15
59.39849615097046,behavior_h2048,2048,28,16
70.63491940498352,behavior_h2048,2048,28,17
80.1886796951294,behavior_h2048,2048,28,18
71.55963182449341,behavior_h2048,2048,28,19
64.35643434524536,behavior_h2048,2048,28,20
75.69444179534912,behavior_h2048,2048,28,21
69.16666626930237,behavior_h2048,2048,28,22
64.95726704597473,behavior_h2048,2048,28,23
61.62790656089783,behavior_h2048,2048,28,24
66.15384817123413,behavior_h2048,2048,28,25
73.17073345184326,behavior_h2048,2048,28,26
63.716816902160645,behavior_h2048,2048,28,27
84.3137264251709,behavior_h2048,2048,28,28
74.57627058029175,behavior_h2048,2048,29,1
67.69230961799622,behavior_h2048,2048,29,2
69.17808055877686,behavior_h2048,2048,29,3
76.70454382896423,behavior_h2048,2048,29,4
69.53125,behavior_h2048,2048,29,5
67.5000011920929,behavior_h2048,2048,29,6
62.6086950302124,behavior_h2048,2048,29,7
76.69172883033752,behavior_h2048,2048,29,8
68.65671873092651,behavior_h2048,2048,29,9
68.84058117866516,behavior_h2048,2048,29,10
56.00000023841858,behavior_h2048,2048,29,11
66.37930870056152,behavior_h2048,2048,29,12
70.8661437034607,behavior_h2048,2048,29,13
71.96969985961914,behavior_h2048,2048,29,14
62.931036949157715,behavior_h2048,2048,29,15
58.64661931991577,behavior_h2048,2048,29,16
66.66666865348816,behavior_h2048,2048,29,17
70.75471878051758,behavior_h2048,2048,29,18
51.37614607810974,behavior_h2048,2048,29,19
63.36633563041687,behavior_h2048,2048,29,20
77.08333134651184,behavior_h2048,2048,29,21
68.33333373069763,behavior_h2048,2048,29,22
64.10256624221802,behavior_h2048,2048,29,23
66.27907156944275,behavior_h2048,2048,29,24
64.61538672447205,behavior_h2048,2048,29,25
70.7317054271698,behavior_h2048,2048,29,26
61.06194853782654,behavior_h2048,2048,29,27
77.45097875595093,behavior_h2048,2048,29,28
79.82456088066101,behavior_h2048,2048,29,29
75.42372941970825,behavior_h2048,2048,30,1
73.07692170143127,behavior_h2048,2048,30,2
69.17808055877686,behavior_h2048,2048,30,3
73.29545617103577,behavior_h2048,2048,30,4
68.75,behavior_h2048,2048,30,5
70.83333134651184,behavior_h2048,2048,30,6
62.6086950302124,behavior_h2048,2048,30,7
76.69172883033752,behavior_h2048,2048,30,8
64.92537260055542,behavior_h2048,2048,30,9
69.5652186870575,behavior_h2048,2048,30,10
61.000001430511475,behavior_h2048,2048,30,11
62.068963050842285,behavior_h2048,2048,30,12
74.8031497001648,behavior_h2048,2048,30,13
60.60606241226196,behavior_h2048,2048,30,14
57.758623361587524,behavior_h2048,2048,30,15
58.64661931991577,behavior_h2048,2048,30,16
62.69841194152832,behavior_h2048,2048,30,17
66.03773832321167,behavior_h2048,2048,30,18
58.71559381484985,behavior_h2048,2048,30,19
59.405940771102905,behavior_h2048,2048,30,20
70.13888955116272,behavior_h2048,2048,30,21
64.16666507720947,behavior_h2048,2048,30,22
57.26495981216431,behavior_h2048,2048,30,23
53.48837375640869,behavior_h2048,2048,30,24
60.00000238418579,behavior_h2048,2048,30,25
59.34959053993225,behavior_h2048,2048,30,26
59.292036294937134,behavior_h2048,2048,30,27
76.47058963775635,behavior_h2048,2048,30,28
65.78947305679321,behavior_h2048,2048,30,29
84.57943797111511,behavior_h2048,2048,30,30
81.35592937469482,behavior_h2048,2048,31,1
70.76923251152039,behavior_h2048,2048,31,2
68.49315166473389,behavior_h2048,2048,31,3
77.27272510528564,behavior_h2048,2048,31,4
67.96875,behavior_h2048,2048,31,5
71.66666388511658,behavior_h2048,2048,31,6
68.6956524848938,behavior_h2048,2048,31,7
75.18796920776367,behavior_h2048,2048,31,8
67.16417670249939,behavior_h2048,2048,31,9
70.28985619544983,behavior_h2048,2048,31,10
58.99999737739563,behavior_h2048,2048,31,11
61.20689511299133,behavior_h2048,2048,31,12
76.37795209884644,behavior_h2048,2048,31,13
58.33333134651184,behavior_h2048,2048,31,14
52.586209774017334,behavior_h2048,2048,31,15
57.894736528396606,behavior_h2048,2048,31,16
64.28571343421936,behavior_h2048,2048,31,17
67.92452931404114,behavior_h2048,2048,31,18
55.045872926712036,behavior_h2048,2048,31,19
61.38613820075989,behavior_h2048,2048,31,20
71.52777910232544,behavior_h2048,2048,31,21
66.66666865348816,behavior_h2048,2048,31,22
56.41025900840759,behavior_h2048,2048,31,23
53.48837375640869,behavior_h2048,2048,31,24
64.61538672447205,behavior_h2048,2048,31,25
65.85366129875183,behavior_h2048,2048,31,26
53.98229956626892,behavior_h2048,2048,31,27
70.58823704719543,behavior_h2048,2048,31,28
64.0350878238678,behavior_h2048,2048,31,29
67.2897219657898,behavior_h2048,2048,31,30
79.82456088066101,behavior_h2048,2048,31,31
83.89830589294434,behavior_h2048,2048,32,1
87.69230842590332,behavior_h2048,2048,32,2
75.34246444702148,behavior_h2048,2048,32,3
85.22727489471436,behavior_h2048,2048,32,4
82.03125,behavior_h2048,2048,32,5
80.0000011920929,behavior_h2048,2048,32,6
83.4782600402832,behavior_h2048,2048,32,7
85.71428656578064,behavior_h2048,2048,32,8
85.07462739944458,behavior_h2048,2048,32,9
78.2608687877655,behavior_h2048,2048,32,10
81.00000023841858,behavior_h2048,2048,32,11
77.58620977401733,behavior_h2048,2048,32,12
79.52755689620972,behavior_h2048,2048,32,13
82.57575631141663,behavior_h2048,2048,32,14
68.96551847457886,behavior_h2048,2048,32,15
75.18796920776367,behavior_h2048,2048,32,16
83.33333134651184,behavior_h2048,2048,32,17
85.84905862808228,behavior_h2048,2048,32,18
75.2293586730957,behavior_h2048,2048,32,19
70.29703259468079,behavior_h2048,2048,32,20
85.41666865348816,behavior_h2048,2048,32,21
79.16666865348816,behavior_h2048,2048,32,22
76.92307829856873,behavior_h2048,2048,32,23
62.79069781303406,behavior_h2048,2048,32,24
70.76923251152039,behavior_h2048,2048,32,25
78.86179089546204,behavior_h2048,2048,32,26
76.106196641922,behavior_h2048,2048,32,27
84.3137264251709,behavior_h2048,2048,32,28
72.80701994895935,behavior_h2048,2048,32,29
82.2429895401001,behavior_h2048,2048,32,30
82.45614171028137,behavior_h2048,2048,32,31
88.34951519966125,behavior_h2048,2048,32,32
79.6610176563263,behavior_h2048,2048,33,1
85.38461327552795,behavior_h2048,2048,33,2
76.7123281955719,behavior_h2048,2048,33,3
76.70454382896423,behavior_h2048,2048,33,4
78.90625,behavior_h2048,2048,33,5
73.33333492279053,behavior_h2048,2048,33,6
78.2608687877655,behavior_h2048,2048,33,7
84.21052694320679,behavior_h2048,2048,33,8
82.08954930305481,behavior_h2048,2048,33,9
76.81159377098083,behavior_h2048,2048,33,10
74.00000095367432,behavior_h2048,2048,33,11
75.0,behavior_h2048,2048,33,12
76.37795209884644,behavior_h2048,2048,33,13
82.57575631141663,behavior_h2048,2048,33,14
70.68965435028076,behavior_h2048,2048,33,15
75.18796920776367,behavior_h2048,2048,33,16
82.53968358039856,behavior_h2048,2048,33,17
83.01886916160583,behavior_h2048,2048,33,18
74.31192398071289,behavior_h2048,2048,33,19
60.3960394859314,behavior_h2048,2048,33,20
83.33333134651184,behavior_h2048,2048,33,21
80.83333373069763,behavior_h2048,2048,33,22
78.63247990608215,behavior_h2048,2048,33,23
69.76743936538696,behavior_h2048,2048,33,24
70.76923251152039,behavior_h2048,2048,33,25
76.42276287078857,behavior_h2048,2048,33,26
81.41592741012573,behavior_h2048,2048,33,27
82.35294222831726,behavior_h2048,2048,33,28
71.05262875556946,behavior_h2048,2048,33,29
79.43925261497498,behavior_h2048,2048,33,30
84.21052694320679,behavior_h2048,2048,33,31
75.72815418243408,behavior_h2048,2048,33,32
83.7837815284729,behavior_h2048,2048,33,33
83.05084705352783,behavior_h2048,2048,34,1
87.69230842590332,behavior_h2048,2048,34,2
73.97260069847107,behavior_h2048,2048,34,3
76.70454382896423,behavior_h2048,2048,34,4
80.46875,behavior_h2048,2048,34,5
75.0,behavior_h2048,2048,34,6
76.52173638343811,behavior_h2048,2048,34,7
81.95488452911377,behavior_h2048,2048,34,8
79.85074520111084,behavior_h2048,2048,34,9
77.53623127937317,behavior_h2048,2048,34,10
73.00000190734863,behavior_h2048,2048,34,11
75.0,behavior_h2048,2048,34,12
74.8031497001648,behavior_h2048,2048,34,13
83.33333134651184,behavior_h2048,2048,34,14
68.96551847457886,behavior_h2048,2048,34,15
72.93233275413513,behavior_h2048,2048,34,16
82.53968358039856,behavior_h2048,2048,34,17
83.01886916160583,behavior_h2048,2048,34,18
77.06422209739685,behavior_h2048,2048,34,19
65.34653306007385,behavior_h2048,2048,34,20
81.25,behavior_h2048,2048,34,21
80.0000011920929,behavior_h2048,2048,34,22
76.06837749481201,behavior_h2048,2048,34,23
75.58139562606812,behavior_h2048,2048,34,24
66.15384817123413,behavior_h2048,2048,34,25
76.42276287078857,behavior_h2048,2048,34,26
79.64601516723633,behavior_h2048,2048,34,27
83.33333134651184,behavior_h2048,2048,34,28
70.17543911933899,behavior_h2048,2048,34,29
81.30841255187988,behavior_h2048,2048,34,30
82.45614171028137,behavior_h2048,2048,34,31
72.81553149223328,behavior_h2048,2048,34,32
70.27027010917664,behavior_h2048,2048,34,33
82.85714387893677,behavior_h2048,2048,34,34
81.35592937469482,behavior_h2048,2048,35,1
86.15384697914124,behavior_h2048,2048,35,2
73.97260069847107,behavior_h2048,2048,35,3
75.56818127632141,behavior_h2048,2048,35,4
77.34375,behavior_h2048,2048,35,5
72.50000238418579,behavior_h2048,2048,35,6
82.6086938381195,behavior_h2048,2048,35,7
76.69172883033752,behavior_h2048,2048,35,8
77.61194109916687,behavior_h2048,2048,35,9
74.63768124580383,behavior_h2048,2048,35,10
69.9999988079071,behavior_h2048,2048,35,11
60.34482717514038,behavior_h2048,2048,35,12
77.95275449752808,behavior_h2048,2048,35,13
73.48484992980957,behavior_h2048,2048,35,14
68.1034505367279,behavior_h2048,2048,35,15
71.42857313156128,behavior_h2048,2048,35,16
79.36508059501648,behavior_h2048,2048,35,17
78.30188870429993,behavior_h2048,2048,35,18
74.31192398071289,behavior_h2048,2048,35,19
63.36633563041687,behavior_h2048,2048,35,20
81.25,behavior_h2048,2048,35,21
79.16666865348816,behavior_h2048,2048,35,22
72.64957427978516,behavior_h2048,2048,35,23
66.27907156944275,behavior_h2048,2048,35,24
60.00000238418579,behavior_h2048,2048,35,25
79.67479825019836,behavior_h2048,2048,35,26
75.2212405204773,behavior_h2048,2048,35,27
82.35294222831726,behavior_h2048,2048,35,28
71.05262875556946,behavior_h2048,2048,35,29
82.7102780342102,behavior_h2048,2048,35,30
76.31579041481018,behavior_h2048,2048,35,31
75.72815418243408,behavior_h2048,2048,35,32
72.07207083702087,behavior_h2048,2048,35,33
64.28571343421936,behavior_h2048,2048,35,34
77.30496525764465,behavior_h2048,2048,35,35
80.5084764957428,behavior_h2048,2048,36,1
76.15384459495544,behavior_h2048,2048,36,2
73.97260069847107,behavior_h2048,2048,36,3
81.25,behavior_h2048,2048,36,4
79.6875,behavior_h2048,2048,36,5
76.66666507720947,behavior_h2048,2048,36,6
76.52173638343811,behavior_h2048,2048,36,7
79.69924807548523,behavior_h2048,2048,36,8
75.3731369972229,behavior_h2048,2048,36,9
74.63768124580383,behavior_h2048,2048,36,10
75.99999904632568,behavior_h2048,2048,36,11
70.68965435028076,behavior_h2048,2048,36,12
77.16535329818726,behavior_h2048,2048,36,13
78.78788113594055,behavior_h2048,2048,36,14
68.1034505367279,behavior_h2048,2048,36,15
68.42105388641357,behavior_h2048,2048,36,16
80.15872836112976,behavior_h2048,2048,36,17
84.9056601524353,behavior_h2048,2048,36,18
74.31192398071289,behavior_h2048,2048,36,19
63.36633563041687,behavior_h2048,2048,36,20
81.25,behavior_h2048,2048,36,21
79.16666865348816,behavior_h2048,2048,36,22
75.2136766910553,behavior_h2048,2048,36,23
62.79069781303406,behavior_h2048,2048,36,24
69.2307710647583,behavior_h2048,2048,36,25
76.42276287078857,behavior_h2048,2048,36,26
68.14159154891968,behavior_h2048,2048,36,27
82.35294222831726,behavior_h2048,2048,36,28
70.17543911933899,behavior_h2048,2048,36,29
81.30841255187988,behavior_h2048,2048,36,30
77.19298005104065,behavior_h2048,2048,36,31
75.72815418243408,behavior_h2048,2048,36,32
73.87387156486511,behavior_h2048,2048,36,33
72.85714149475098,behavior_h2048,2048,36,34
72.34042286872864,behavior_h2048,2048,36,35
86.36363744735718,behavior_h2048,2048,36,36
80.5084764957428,behavior_h2048,2048,37,1
81.53846263885498,behavior_h2048,2048,37,2
67.80821681022644,behavior_h2048,2048,37,3
81.25,behavior_h2048,2048,37,4
75.78125,behavior_h2048,2048,37,5
75.83333253860474,behavior_h2048,2048,37,6
66.9565200805664,behavior_h2048,2048,37,7
76.69172883033752,behavior_h2048,2048,37,8
75.3731369972229,behavior_h2048,2048,37,9
71.01449370384216,behavior_h2048,2048,37,10
70.99999785423279,behavior_h2048,2048,37,11
66.37930870056152,behavior_h2048,2048,37,12
77.95275449752808,behavior_h2048,2048,37,13
76.51515007019043,behavior_h2048,2048,37,14
73.2758641242981,behavior_h2048,2048,37,15
67.66917109489441,behavior_h2048,2048,37,16
73.01587462425232,behavior_h2048,2048,37,17
75.47169923782349,behavior_h2048,2048,37,18
61.46789193153381,behavior_h2048,2048,37,19
63.36633563041687,behavior_h2048,2048,37,20
78.47222089767456,behavior_h2048,2048,37,21
73.33333492279053,behavior_h2048,2048,37,22
65.81196784973145,behavior_h2048,2048,37,23
48.83720874786377,behavior_h2048,2048,37,24
64.61538672447205,behavior_h2048,2048,37,25
73.17073345184326,behavior_h2048,2048,37,26
69.91150379180908,behavior_h2048,2048,37,27
81.3725471496582,behavior_h2048,2048,37,28
65.78947305679321,behavior_h2048,2048,37,29
79.43925261497498,behavior_h2048,2048,37,30
72.80701994895935,behavior_h2048,2048,37,31
68.93203854560852,behavior_h2048,2048,37,32
68.4684693813324,behavior_h2048,2048,37,33
65.71428775787354,behavior_h2048,2048,37,34
73.04964661598206,behavior_h2048,2048,37,35
75.97402334213257,behavior_h2048,2048,37,36
78.98089289665222,behavior_h2048,2048,37,37
76.27118825912476,behavior_h2048,2048,38,1
80.0000011920929,behavior_h2048,2048,38,2
68.49315166473389,behavior_h2048,2048,38,3
78.97727489471436,behavior_h2048,2048,38,4
74.21875,behavior_h2048,2048,38,5
72.50000238418579,behavior_h2048,2048,38,6
67.8260862827301,behavior_h2048,2048,38,7
78.94737124443054,behavior_h2048,2048,38,8
76.11940503120422,behavior_h2048,2048,38,9
73.9130437374115,behavior_h2048,2048,38,10
63.999998569488525,behavior_h2048,2048,38,11
66.37930870056152,behavior_h2048,2048,38,12
75.59055089950562,behavior_h2048,2048,38,13
77.27272510528564,behavior_h2048,2048,38,14
66.37930870056152,behavior_h2048,2048,38,15
67.66917109489441,behavior_h2048,2048,38,16
80.15872836112976,behavior_h2048,2048,38,17
78.30188870429993,behavior_h2048,2048,38,18
66.97247624397278,behavior_h2048,2048,38,19
63.36633563041687,behavior_h2048,2048,38,20
79.16666865348816,behavior_h2048,2048,38,21
75.83333253860474,behavior_h2048,2048,38,22
72.64957427978516,behavior_h2048,2048,38,23
59.302324056625366,behavior_h2048,2048,38,24
66.15384817123413,behavior_h2048,2048,38,25
73.98374080657959,behavior_h2048,2048,38,26
69.02654767036438,behavior_h2048,2048,38,27
82.35294222831726,behavior_h2048,2048,38,28
65.78947305679321,behavior_h2048,2048,38,29
76.63551568984985,behavior_h2048,2048,38,30
79.82456088066101,behavior_h2048,2048,38,31
69.90291476249695,behavior_h2048,2048,38,32
70.27027010917664,behavior_h2048,2048,38,33
68.57143044471741,behavior_h2048,2048,38,34
74.46808218955994,behavior_h2048,2048,38,35
77.92207598686218,behavior_h2048,2048,38,36
64.33120965957642,behavior_h2048,2048,38,37
93.7062919139862,behavior_h2048,2048,38,38
78.81355881690979,behavior_h2048,2048,39,1
83.07692408561707,behavior_h2048,2048,39,2
73.2876718044281,behavior_h2048,2048,39,3
79.54545617103577,behavior_h2048,2048,39,4
72.65625,behavior_h2048,2048,39,5
75.83333253860474,behavior_h2048,2048,39,6
72.1739113330841,behavior_h2048,2048,39,7
81.95488452911377,behavior_h2048,2048,39,8
69.40298676490784,behavior_h2048,2048,39,9
74.63768124580383,behavior_h2048,2048,39,10
61.000001430511475,behavior_h2048,2048,39,11
57.758623361587524,behavior_h2048,2048,39,12
78.7401556968689,behavior_h2048,2048,39,13
75.0,behavior_h2048,2048,39,14
65.51724076271057,behavior_h2048,2048,39,15
69.17293071746826,behavior_h2048,2048,39,16
77.77777910232544,behavior_h2048,2048,39,17
73.58490824699402,behavior_h2048,2048,39,18
66.05504751205444,behavior_h2048,2048,39,19
60.3960394859314,behavior_h2048,2048,39,20
77.08333134651184,behavior_h2048,2048,39,21
75.0,behavior_h2048,2048,39,22
68.37607026100159,behavior_h2048,2048,39,23
62.79069781303406,behavior_h2048,2048,39,24
63.07692527770996,behavior_h2048,2048,39,25
69.91869807243347,behavior_h2048,2048,39,26
67.25663542747498,behavior_h2048,2048,39,27
79.41176295280457,behavior_h2048,2048,39,28
64.0350878238678,behavior_h2048,2048,39,29
80.37382960319519,behavior_h2048,2048,39,30
76.31579041481018,behavior_h2048,2048,39,31
65.04854559898376,behavior_h2048,2048,39,32
70.27027010917664,behavior_h2048,2048,39,33
71.42857313156128,behavior_h2048,2048,39,34
68.08510422706604,behavior_h2048,2048,39,35
76.6233742237091,behavior_h2048,2048,39,36
58.598726987838745,behavior_h2048,2048,39,37
74.12587404251099,behavior_h2048,2048,39,38
85.9649121761322,behavior_h2048,2048,39,39
77.96609997749329,behavior_h2048,2048,40,1
83.84615182876587,behavior_h2048,2048,40,2
75.34246444702148,behavior_h2048,2048,40,3
78.97727489471436,behavior_h2048,2048,40,4
77.34375,behavior_h2048,2048,40,5
75.83333253860474,behavior_h2048,2048,40,6
79.1304349899292,behavior_h2048,2048,40,7
81.20300769805908,behavior_h2048,2048,40,8
73.88059496879578,behavior_h2048,2048,40,9
76.0869562625885,behavior_h2048,2048,40,10
70.99999785423279,behavior_h2048,2048,40,11
68.96551847457886,behavior_h2048,2048,40,12
77.95275449752808,behavior_h2048,2048,40,13
77.27272510528564,behavior_h2048,2048,40,14
70.68965435028076,behavior_h2048,2048,40,15
66.91729426383972,behavior_h2048,2048,40,16
81.7460298538208,behavior_h2048,2048,40,17
77.35849022865295,behavior_h2048,2048,40,18
70.64220309257507,behavior_h2048,2048,40,19
62.37623691558838,behavior_h2048,2048,40,20
79.86111044883728,behavior_h2048,2048,40,21
74.16666746139526,behavior_h2048,2048,40,22
73.50427508354187,behavior_h2048,2048,40,23
56.976741552352905,behavior_h2048,2048,40,24
66.15384817123413,behavior_h2048,2048,40,25
71.54471278190613,behavior_h2048,2048,40,26
72.56637215614319,behavior_h2048,2048,40,27
78.43137383460999,behavior_h2048,2048,40,28
64.0350878238678,behavior_h2048,2048,40,29
78.50467562675476,behavior_h2048,2048,40,30
83.33333134651184,behavior_h2048,2048,40,31
70.8737850189209,behavior_h2048,2048,40,32
75.67567825317383,behavior_h2048,2048,40,33
75.71428418159485,behavior_h2048,2048,40,34
75.17730593681335,behavior_h2048,2048,40,35
81.16883039474487,behavior_h2048,2048,40,36
69.42675113677979,behavior_h2048,2048,40,37
81.1188817024231,behavior_h2048,2048,40,38
77.19298005104065,behavior_h2048,2048,40,39
83.33333134651184,behavior_h2048,2048,40,40
77.11864113807678,behavior_h2048,2048,41,1
76.92307829856873,behavior_h2048,2048,41,2
68.49315166473389,behavior_h2048,2048,41,3
80.11363744735718,behavior_h2048,2048,41,4
75.0,behavior_h2048,2048,41,5
75.0,behavior_h2048,2048,41,6
72.1739113330841,behavior_h2048,2048,41,7
77.44361162185669,behavior_h2048,2048,41,8
64.92537260055542,behavior_h2048,2048,41,9
76.0869562625885,behavior_h2048,2048,41,10
68.00000071525574,behavior_h2048,2048,41,11
61.20689511299133,behavior_h2048,2048,41,12
77.16535329818726,behavior_h2048,2048,41,13
73.48484992980957,behavior_h2048,2048,41,14
67.24137663841248,behavior_h2048,2048,41,15
66.91729426383972,behavior_h2048,2048,41,16
73.8095223903656,behavior_h2048,2048,41,17
72.64150977134705,behavior_h2048,2048,41,18
68.80733966827393,behavior_h2048,2048,41,19
58.415842056274414,behavior_h2048,2048,41,20
78.47222089767456,behavior_h2048,2048,41,21
71.66666388511658,behavior_h2048,2048,41,22
66.66666865348816,behavior_h2048,2048,41,23
53.48837375640869,behavior_h2048,2048,41,24
64.61538672447205,behavior_h2048,2048,41,25
71.54471278190613,behavior_h2048,2048,41,26
69.91150379180908,behavior_h2048,2048,41,27
81.3725471496582,behavior_h2048,2048,41,28
64.0350878238678,behavior_h2048,2048,41,29
79.43925261497498,behavior_h2048,2048,41,30
74.56140518188477,behavior_h2048,2048,41,31
68.93203854560852,behavior_h2048,2048,41,32
72.972971200943,behavior_h2048,2048,41,33
77.14285850524902,behavior_h2048,2048,41,34
74.46808218955994,behavior_h2048,2048,41,35
76.6233742237091,behavior_h2048,2048,41,36
66.2420392036438,behavior_h2048,2048,41,37
76.92307829856873,behavior_h2048,2048,41,38
72.80701994895935,behavior_h2048,2048,41,39
75.36231875419617,behavior_h2048,2048,41,40
68.91891956329346,behavior_h2048,2048,41,41
71.18644118309021,behavior_h2048,2048,42,1
77.69230604171753,behavior_h2048,2048,42,2
63.69863152503967,behavior_h2048,2048,42,3
77.84090638160706,behavior_h2048,2048,42,4
78.125,behavior_h2048,2048,42,5
68.33333373069763,behavior_h2048,2048,42,6
70.43478488922119,behavior_h2048,2048,42,7
78.19548845291138,behavior_h2048,2048,42,8
70.89552283287048,behavior_h2048,2048,42,9
75.36231875419617,behavior_h2048,2048,42,10
55.000001192092896,behavior_h2048,2048,42,11
56.896549463272095,behavior_h2048,2048,42,12
66.1417305469513,behavior_h2048,2048,42,13
71.21211886405945,behavior_h2048,2048,42,14
57.758623361587524,behavior_h2048,2048,42,15
57.894736528396606,behavior_h2048,2048,42,16
73.8095223903656,behavior_h2048,2048,42,17
77.35849022865295,behavior_h2048,2048,42,18
74.31192398071289,behavior_h2048,2048,42,19
69.30692791938782,behavior_h2048,2048,42,20
74.30555820465088,behavior_h2048,2048,42,21
76.66666507720947,behavior_h2048,2048,42,22
65.81196784973145,behavior_h2048,2048,42,23
61.62790656089783,behavior_h2048,2048,42,24
61.538463830947876,behavior_h2048,2048,42,25
76.42276287078857,behavior_h2048,2048,42,26
67.25663542747498,behavior_h2048,2048,42,27
81.3725471496582,behavior_h2048,2048,42,28
66.66666865348816,behavior_h2048,2048,42,29
78.03738117218018,behavior_h2048,2048,42,30
76.31579041481018,behavior_h2048,2048,42,31
56.31067752838135,behavior_h2048,2048,42,32
68.4684693813324,behavior_h2048,2048,42,33
69.9999988079071,behavior_h2048,2048,42,34
65.2482271194458,behavior_h2048,2048,42,35
77.27272510528564,behavior_h2048,2048,42,36
63.694268465042114,behavior_h2048,2048,42,37
78.32167744636536,behavior_h2048,2048,42,38
72.80701994895935,behavior_h2048,2048,42,39
70.28985619544983,behavior_h2048,2048,42,40
58.10810923576355,behavior_h2048,2048,42,41
77.9411792755127,behavior_h2048,2048,42,42
76.27118825912476,behavior_h2048,2048,43,1
80.7692289352417,behavior_h2048,2048,43,2
71.91780805587769,behavior_h2048,2048,43,3
78.97727489471436,behavior_h2048,2048,43,4
79.6875,behavior_h2048,2048,43,5
72.50000238418579,behavior_h2048,2048,43,6
77.3913025856018,behavior_h2048,2048,43,7
81.20300769805908,behavior_h2048,2048,43,8
72.38805890083313,behavior_h2048,2048,43,9
76.0869562625885,behavior_h2048,2048,43,10
64.99999761581421,behavior_h2048,2048,43,11
62.931036949157715,behavior_h2048,2048,43,12
75.59055089950562,behavior_h2048,2048,43,13
78.03030014038086,behavior_h2048,2048,43,14
62.931036949157715,behavior_h2048,2048,43,15
64.6616518497467,behavior_h2048,2048,43,16
73.8095223903656,behavior_h2048,2048,43,17
75.47169923782349,behavior_h2048,2048,43,18
73.39449524879456,behavior_h2048,2048,43,19
65.34653306007385,behavior_h2048,2048,43,20
75.69444179534912,behavior_h2048,2048,43,21
74.16666746139526,behavior_h2048,2048,43,22
61.538463830947876,behavior_h2048,2048,43,23
59.302324056625366,behavior_h2048,2048,43,24
60.00000238418579,behavior_h2048,2048,43,25
72.35772609710693,behavior_h2048,2048,43,26
65.48672318458557,behavior_h2048,2048,43,27
80.39215803146362,behavior_h2048,2048,43,28
63.15789222717285,behavior_h2048,2048,43,29
78.03738117218018,behavior_h2048,2048,43,30
71.05262875556946,behavior_h2048,2048,43,31
61.16504669189453,behavior_h2048,2048,43,32
69.36936974525452,behavior_h2048,2048,43,33
72.85714149475098,behavior_h2048,2048,43,34
65.2482271194458,behavior_h2048,2048,43,35
79.8701286315918,behavior_h2048,2048,43,36
59.23566818237305,behavior_h2048,2048,43,37
74.12587404251099,behavior_h2048,2048,43,38
67.54385828971863,behavior_h2048,2048,43,39
71.01449370384216,behavior_h2048,2048,43,40
51.35135054588318,behavior_h2048,2048,43,41
54.411762952804565,behavior_h2048,2048,43,42
82.29166865348816,behavior_h2048,2048,43,43
78.81355881690979,behavior_h2048,2048,44,1
75.38461685180664,behavior_h2048,2048,44,2
69.17808055877686,behavior_h2048,2048,44,3
79.54545617103577,behavior_h2048,2048,44,4
80.46875,behavior_h2048,2048,44,5
74.16666746139526,behavior_h2048,2048,44,6
73.9130437374115,behavior_h2048,2048,44,7
80.45112490653992,behavior_h2048,2048,44,8
70.14925479888916,behavior_h2048,2048,44,9
76.0869562625885,behavior_h2048,2048,44,10
63.999998569488525,behavior_h2048,2048,44,11
59.48275923728943,behavior_h2048,2048,44,12
74.8031497001648,behavior_h2048,2048,44,13
71.21211886405945,behavior_h2048,2048,44,14
67.24137663841248,behavior_h2048,2048,44,15
64.6616518497467,behavior_h2048,2048,44,16
76.1904776096344,behavior_h2048,2048,44,17
76.41509175300598,behavior_h2048,2048,44,18
66.97247624397278,behavior_h2048,2048,44,19
65.34653306007385,behavior_h2048,2048,44,20
77.77777910232544,behavior_h2048,2048,44,21
74.16666746139526,behavior_h2048,2048,44,22
64.95726704597473,behavior_h2048,2048,44,23
56.976741552352905,behavior_h2048,2048,44,24
61.538463830947876,behavior_h2048,2048,44,25
73.17073345184326,behavior_h2048,2048,44,26
69.02654767036438,behavior_h2048,2048,44,27
82.35294222831726,behavior_h2048,2048,44,28
58.77193212509155,behavior_h2048,2048,44,29
78.50467562675476,behavior_h2048,2048,44,30
72.80701994895935,behavior_h2048,2048,44,31
64.07766938209534,behavior_h2048,2048,44,32
66.66666865348816,behavior_h2048,2048,44,33
69.9999988079071,behavior_h2048,2048,44,34
65.95744490623474,behavior_h2048,2048,44,35
79.22077775001526,behavior_h2048,2048,44,36
63.05732727050781,behavior_h2048,2048,44,37
77.62237787246704,behavior_h2048,2048,44,38
73.68420958518982,behavior_h2048,2048,44,39
71.01449370384216,behavior_h2048,2048,44,40
56.75675868988037,behavior_h2048,2048,44,41
57.35294222831726,behavior_h2048,2048,44,42
67.70833134651184,behavior_h2048,2048,44,43
72.60273694992065,behavior_h2048,2048,44,44
74.57627058029175,behavior_h2048,2048,45,1
74.61538314819336,behavior_h2048,2048,45,2
67.12328791618347,behavior_h2048,2048,45,3
76.13636255264282,behavior_h2048,2048,45,4
74.21875,behavior_h2048,2048,45,5
71.66666388511658,behavior_h2048,2048,45,6
66.9565200805664,behavior_h2048,2048,45,7
79.69924807548523,behavior_h2048,2048,45,8
67.16417670249939,behavior_h2048,2048,45,9
78.98550629615784,behavior_h2048,2048,45,10
61.000001430511475,behavior_h2048,2048,45,11
56.896549463272095,behavior_h2048,2048,45,12
75.59055089950562,behavior_h2048,2048,45,13
72.72727489471436,behavior_h2048,2048,45,14
62.068963050842285,behavior_h2048,2048,45,15
64.6616518497467,behavior_h2048,2048,45,16
75.39682388305664,behavior_h2048,2048,45,17
78.30188870429993,behavior_h2048,2048,45,18
66.05504751205444,behavior_h2048,2048,45,19
56.43564462661743,behavior_h2048,2048,45,20
75.0,behavior_h2048,2048,45,21
73.33333492279053,behavior_h2048,2048,45,22
58.11966061592102,behavior_h2048,2048,45,23
45.34883797168732,behavior_h2048,2048,45,24
60.00000238418579,behavior_h2048,2048,45,25
70.7317054271698,behavior_h2048,2048,45,26
66.37167930603027,behavior_h2048,2048,45,27
78.43137383460999,behavior_h2048,2048,45,28
62.28070259094238,behavior_h2048,2048,45,29
76.16822719573975,behavior_h2048,2048,45,30
72.80701994895935,behavior_h2048,2048,45,31
59.22330021858215,behavior_h2048,2048,45,32
70.27027010917664,behavior_h2048,2048,45,33
65.71428775787354,behavior_h2048,2048,45,34
64.53900933265686,behavior_h2048,2048,45,35
79.22077775001526,behavior_h2048,2048,45,36
63.05732727050781,behavior_h2048,2048,45,37
81.1188817024231,behavior_h2048,2048,45,38
71.9298243522644,behavior_h2048,2048,45,39
71.01449370384216,behavior_h2048,2048,45,40
54.054051637649536,behavior_h2048,2048,45,41
51.47058963775635,behavior_h2048,2048,45,42
60.41666865348816,behavior_h2048,2048,45,43
65.75342416763306,behavior_h2048,2048,45,44
94.28571462631226,behavior_h2048,2048,45,45
74.57627058029175,behavior_h2048,2048,46,1
67.69230961799622,behavior_h2048,2048,46,2
71.91780805587769,behavior_h2048,2048,46,3
78.97727489471436,behavior_h2048,2048,46,4
71.875,behavior_h2048,2048,46,5
70.83333134651184,behavior_h2048,2048,46,6
64.3478274345398,behavior_h2048,2048,46,7
76.69172883033752,behavior_h2048,2048,46,8
67.91045069694519,behavior_h2048,2048,46,9
76.81159377098083,behavior_h2048,2048,46,10
67.00000166893005,behavior_h2048,2048,46,11
58.62069129943848,behavior_h2048,2048,46,12
75.59055089950562,behavior_h2048,2048,46,13
65.90909361839294,behavior_h2048,2048,46,14
66.37930870056152,behavior_h2048,2048,46,15
63.15789222717285,behavior_h2048,2048,46,16
70.63491940498352,behavior_h2048,2048,46,17
74.52830076217651,behavior_h2048,2048,46,18
66.05504751205444,behavior_h2048,2048,46,19
58.415842056274414,behavior_h2048,2048,46,20
75.69444179534912,behavior_h2048,2048,46,21
69.9999988079071,behavior_h2048,2048,46,22
58.974361419677734,behavior_h2048,2048,46,23
51.16279125213623,behavior_h2048,2048,46,24
56.92307949066162,behavior_h2048,2048,46,25
69.91869807243347,behavior_h2048,2048,46,26
62.83186078071594,behavior_h2048,2048,46,27
79.41176295280457,behavior_h2048,2048,46,28
57.894736528396606,behavior_h2048,2048,46,29
75.23364424705505,behavior_h2048,2048,46,30
68.42105388641357,behavior_h2048,2048,46,31
65.04854559898376,behavior_h2048,2048,46,32
70.27027010917664,behavior_h2048,2048,46,33
62.85714507102966,behavior_h2048,2048,46,34
68.08510422706604,behavior_h2048,2048,46,35
77.92207598686218,behavior_h2048,2048,46,36
63.694268465042114,behavior_h2048,2048,46,37
77.62237787246704,behavior_h2048,2048,46,38
66.66666865348816,behavior_h2048,2048,46,39
65.94203114509583,behavior_h2048,2048,46,40
52.70270109176636,behavior_h2048,2048,46,41
52.941179275512695,behavior_h2048,2048,46,42
65.625,behavior_h2048,2048,46,43
63.01369667053223,behavior_h2048,2048,46,44
83.80952477455139,behavior_h2048,2048,46,45
83.4645688533783,behavior_h2048,2048,46,46
73.72881174087524,behavior_h2048,2048,47,1
76.15384459495544,behavior_h2048,2048,47,2
63.69863152503967,behavior_h2048,2048,47,3
79.54545617103577,behavior_h2048,2048,47,4
69.53125,behavior_h2048,2048,47,5
70.83333134651184,behavior_h2048,2048,47,6
69.5652186870575,behavior_h2048,2048,47,7
73.68420958518982,behavior_h2048,2048,47,8
67.91045069694519,behavior_h2048,2048,47,9
73.18840622901917,behavior_h2048,2048,47,10
62.99999952316284,behavior_h2048,2048,47,11
61.20689511299133,behavior_h2048,2048,47,12
77.16535329818726,behavior_h2048,2048,47,13
57.575756311416626,behavior_h2048,2048,47,14
62.068963050842285,behavior_h2048,2048,47,15
64.6616518497467,behavior_h2048,2048,47,16
73.01587462425232,behavior_h2048,2048,47,17
74.52830076217651,behavior_h2048,2048,47,18
71.55963182449341,behavior_h2048,2048,47,19
61.38613820075989,behavior_h2048,2048,47,20
72.22222089767456,behavior_h2048,2048,47,21
74.16666746139526,behavior_h2048,2048,47,22
64.10256624221802,behavior_h2048,2048,47,23
60.4651153087616,behavior_h2048,2048,47,24
63.07692527770996,behavior_h2048,2048,47,25
70.7317054271698,behavior_h2048,2048,47,26
63.716816902160645,behavior_h2048,2048,47,27
79.41176295280457,behavior_h2048,2048,47,28
64.0350878238678,behavior_h2048,2048,47,29
76.16822719573975,behavior_h2048,2048,47,30
73.68420958518982,behavior_h2048,2048,47,31
63.10679316520691,behavior_h2048,2048,47,32
67.56756901741028,behavior_h2048,2048,47,33
58.571428060531616,behavior_h2048,2048,47,34
63.1205677986145,behavior_h2048,2048,47,35
72.72727489471436,behavior_h2048,2048,47,36
61.14649772644043,behavior_h2048,2048,47,37
74.8251736164093,behavior_h2048,2048,47,38
62.28070259094238,behavior_h2048,2048,47,39
64.49275612831116,behavior_h2048,2048,47,40
44.594594836235046,behavior_h2048,2048,47,41
42.64705777168274,behavior_h2048,2048,47,42
61.45833134651184,behavior_h2048,2048,47,43
57.534247636795044,behavior_h2048,2048,47,44
78.09523940086365,behavior_h2048,2048,47,45
49.60629940032959,behavior_h2048,2048,47,46
76.9911527633667,behavior_h2048,2048,47,47
79.6610176563263,behavior_h2048,2048,48,1
79.23076748847961,behavior_h2048,2048,48,2
69.8630154132843,behavior_h2048,2048,48,3
81.81818127632141,behavior_h2048,2048,48,4
75.0,behavior_h2048,2048,48,5
77.49999761581421,behavior_h2048,2048,48,6
73.9130437374115,behavior_h2048,2048,48,7
72.18044996261597,behavior_h2048,2048,48,8
76.11940503120422,behavior_h2048,2048,48,9
75.36231875419617,behavior_h2048,2048,48,10
66.00000262260437,behavior_h2048,2048,48,11
69.82758641242981,behavior_h2048,2048,48,12
77.16535329818726,behavior_h2048,2048,48,13
80.30303120613098,behavior_h2048,2048,48,14
70.68965435028076,behavior_h2048,2048,48,15
67.66917109489441,behavior_h2048,2048,48,16
80.95238208770752,behavior_h2048,2048,48,17
78.30188870429993,behavior_h2048,2048,48,18
76.14678740501404,behavior_h2048,2048,48,19
60.3960394859314,behavior_h2048,2048,48,20
77.08333134651184,behavior_h2048,2048,48,21
70.83333134651184,behavior_h2048,2048,48,22
64.95726704597473,behavior_h2048,2048,48,23
56.976741552352905,behavior_h2048,2048,48,24
67.69230961799622,behavior_h2048,2048,48,25
65.04064798355103,behavior_h2048,2048,48,26
71.68141603469849,behavior_h2048,2048,48,27
77.45097875595093,behavior_h2048,2048,48,28
63.15789222717285,behavior_h2048,2048,48,29
76.63551568984985,behavior_h2048,2048,48,30
72.80701994895935,behavior_h2048,2048,48,31
66.99029207229614,behavior_h2048,2048,48,32
74.77477192878723,behavior_h2048,2048,48,33
69.9999988079071,behavior_h2048,2048,48,34
69.5035457611084,behavior_h2048,2048,48,35
80.51947951316833,behavior_h2048,2048,48,36
65.6050980091095,behavior_h2048,2048,48,37
76.92307829856873,behavior_h2048,2048,48,38
71.9298243522644,behavior_h2048,2048,48,39
77.53623127937317,behavior_h2048,2048,48,40
58.10810923576355,behavior_h2048,2048,48,41
56.61764740943909,behavior_h2048,2048,48,42
71.875,behavior_h2048,2048,48,43
64.38356041908264,behavior_h2048,2048,48,44
80.95238208770752,behavior_h2048,2048,48,45
60.62992215156555,behavior_h2048,2048,48,46
75.2212405204773,behavior_h2048,2048,48,47
79.1304349899292,behavior_h2048,2048,48,48
78.81355881690979,behavior_h2048,2048,49,1
70.76923251152039,behavior_h2048,2048,49,2
69.17808055877686,behavior_h2048,2048,49,3
77.84090638160706,behavior_h2048,2048,49,4
72.65625,behavior_h2048,2048,49,5
70.83333134651184,behavior_h2048,2048,49,6
66.9565200805664,behavior_h2048,2048,49,7
78.19548845291138,behavior_h2048,2048,49,8
69.40298676490784,behavior_h2048,2048,49,9
71.7391312122345,behavior_h2048,2048,49,10
64.99999761581421,behavior_h2048,2048,49,11
58.62069129943848,behavior_h2048,2048,49,12
76.37795209884644,behavior_h2048,2048,49,13
67.42424368858337,behavior_h2048,2048,49,14
65.51724076271057,behavior_h2048,2048,49,15
62.406015396118164,behavior_h2048,2048,49,16
73.01587462425232,behavior_h2048,2048,49,17
78.30188870429993,behavior_h2048,2048,49,18
71.55963182449341,behavior_h2048,2048,49,19
60.3960394859314,behavior_h2048,2048,49,20
74.30555820465088,behavior_h2048,2048,49,21
73.33333492279053,behavior_h2048,2048,49,22
58.11966061592102,behavior_h2048,2048,49,23
48.83720874786377,behavior_h2048,2048,49,24
60.00000238418579,behavior_h2048,2048,49,25
68.29268336296082,behavior_h2048,2048,49,26
61.94690465927124,behavior_h2048,2048,49,27
76.47058963775635,behavior_h2048,2048,49,28
59.64912176132202,behavior_h2048,2048,49,29
73.83177280426025,behavior_h2048,2048,49,30
70.17543911933899,behavior_h2048,2048,49,31
59.22330021858215,behavior_h2048,2048,49,32
71.17117047309875,behavior_h2048,2048,49,33
64.28571343421936,behavior_h2048,2048,49,34
68.08510422706604,behavior_h2048,2048,49,35
81.16883039474487,behavior_h2048,2048,49,36
62.42038011550903,behavior_h2048,2048,49,37
79.72028255462646,behavior_h2048,2048,49,38
65.78947305679321,behavior_h2048,2048,49,39
68.84058117866516,behavior_h2048,2048,49,40
54.054051637649536,behavior_h2048,2048,49,41
52.941179275512695,behavior_h2048,2048,49,42
67.70833134651184,behavior_h2048,2048,49,43
64.38356041908264,behavior_h2048,2048,49,44
72.3809540271759,behavior_h2048,2048,49,45
48.03149700164795,behavior_h2048,2048,49,46
65.48672318458557,behavior_h2048,2048,49,47
65.21739363670349,behavior_h2048,2048,49,48
75.0,behavior_h2048,2048,49,49
77.96609997749329,behavior_h2048,2048,50,1
72.30769395828247,behavior_h2048,2048,50,2
67.80821681022644,behavior_h2048,2048,50,3
76.13636255264282,behavior_h2048,2048,50,4
71.875,behavior_h2048,2048,50,5
73.33333492279053,behavior_h2048,2048,50,6
71.30434513092041,behavior_h2048,2048,50,7
74.43609237670898,behavior_h2048,2048,50,8
69.40298676490784,behavior_h2048,2048,50,9
77.53623127937317,behavior_h2048,2048,50,10
68.00000071525574,behavior_h2048,2048,50,11
58.62069129943848,behavior_h2048,2048,50,12
74.8031497001648,behavior_h2048,2048,50,13
71.96969985961914,behavior_h2048,2048,50,14
62.931036949157715,behavior_h2048,2048,50,15
60.90225577354431,behavior_h2048,2048,50,16
76.98412537574768,behavior_h2048,2048,50,17
73.58490824699402,behavior_h2048,2048,50,18
72.47706651687622,behavior_h2048,2048,50,19
64.35643434524536,behavior_h2048,2048,50,20
74.30555820465088,behavior_h2048,2048,50,21
70.83333134651184,behavior_h2048,2048,50,22
65.81196784973145,behavior_h2048,2048,50,23
52.32558250427246,behavior_h2048,2048,50,24
63.07692527770996,behavior_h2048,2048,50,25
73.98374080657959,behavior_h2048,2048,50,26
65.48672318458557,behavior_h2048,2048,50,27
75.49019455909729,behavior_h2048,2048,50,28
64.0350878238678,behavior_h2048,2048,50,29
75.23364424705505,behavior_h2048,2048,50,30
75.43859481811523,behavior_h2048,2048,50,31
66.99029207229614,behavior_h2048,2048,50,32
67.56756901741028,behavior_h2048,2048,50,33
68.57143044471741,behavior_h2048,2048,50,34
70.92198729515076,behavior_h2048,2048,50,35
82.46753215789795,behavior_h2048,2048,50,36
63.05732727050781,behavior_h2048,2048,50,37
76.22377872467041,behavior_h2048,2048,50,38
64.91228342056274,behavior_h2048,2048,50,39
61.594200134277344,behavior_h2048,2048,50,40
56.75675868988037,behavior_h2048,2048,50,41
48.52941036224365,behavior_h2048,2048,50,42
70.83333134651184,behavior_h2048,2048,50,43
67.12328791618347,behavior_h2048,2048,50,44
82.85714387893677,behavior_h2048,2048,50,45
57.48031735420227,behavior_h2048,2048,50,46
68.14159154891968,behavior_h2048,2048,50,47
60.00000238418579,behavior_h2048,2048,50,48
69.2307710647583,behavior_h2048,2048,50,49
90.90909361839294,behavior_h2048,2048,50,50
96.61017060279846,behavior_h4096,4096,1,1
92.37288236618042,behavior_h4096,4096,2,1
86.92307472229004,behavior_h4096,4096,2,2
87.28813529014587,behavior_h4096,4096,3,1
86.92307472229004,behavior_h4096,4096,3,2
78.76712083816528,behavior_h4096,4096,3,3
88.98305296897888,behavior_h4096,4096,4,1
80.7692289352417,behavior_h4096,4096,4,2
82.87671208381653,behavior_h4096,4096,4,3
88.63636255264282,behavior_h4096,4096,4,4
87.28813529014587,behavior_h4096,4096,5,1
81.53846263885498,behavior_h4096,4096,5,2
82.19178318977356,behavior_h4096,4096,5,3
85.79545617103577,behavior_h4096,4096,5,4
80.46875,behavior_h4096,4096,5,5
86.44067645072937,behavior_h4096,4096,6,1
79.23076748847961,behavior_h4096,4096,6,2
80.82191944122314,behavior_h4096,4096,6,3
86.36363744735718,behavior_h4096,4096,6,4
84.375,behavior_h4096,4096,6,5
81.66666626930237,behavior_h4096,4096,6,6
85.59321761131287,behavior_h4096,4096,7,1
76.92307829856873,behavior_h4096,4096,7,2
77.39726305007935,behavior_h4096,4096,7,3
84.09090638160706,behavior_h4096,4096,7,4
85.15625,behavior_h4096,4096,7,5
78.33333611488342,behavior_h4096,4096,7,6
68.6956524848938,behavior_h4096,4096,7,7
88.98305296897888,behavior_h4096,4096,8,1
83.07692408561707,behavior_h4096,4096,8,2
81.50684833526611,behavior_h4096,4096,8,3
87.5,behavior_h4096,4096,8,4
82.8125,behavior_h4096,4096,8,5
81.66666626930237,behavior_h4096,4096,8,6
80.0000011920929,behavior_h4096,4096,8,7
89.47368264198303,behavior_h4096,4096,8,8
86.44067645072937,behavior_h4096,4096,9,1
83.07692408561707,behavior_h4096,4096,9,2
82.19178318977356,behavior_h4096,4096,9,3
85.79545617103577,behavior_h4096,4096,9,4
80.46875,behavior_h4096,4096,9,5
77.49999761581421,behavior_h4096,4096,9,6
76.52173638343811,behavior_h4096,4096,9,7
86.46616339683533,behavior_h4096,4096,9,8
76.86567306518555,behavior_h4096,4096,9,9
88.13559412956238,behavior_h4096,4096,10,1
80.0000011920929,behavior_h4096,4096,10,2
79.45205569267273,behavior_h4096,4096,10,3
86.93181872367859,behavior_h4096,4096,10,4
80.46875,behavior_h4096,4096,10,5
80.0000011920929,behavior_h4096,4096,10,6
73.9130437374115,behavior_h4096,4096,10,7
85.71428656578064,behavior_h4096,4096,10,8
67.16417670249939,behavior_h4096,4096,10,9
75.36231875419617,behavior_h4096,4096,10,10
87.28813529014587,behavior_h4096,4096,11,1
81.53846263885498,behavior_h4096,4096,11,2
80.1369845867157,behavior_h4096,4096,11,3
85.22727489471436,behavior_h4096,4096,11,4
82.03125,behavior_h4096,4096,11,5
77.49999761581421,behavior_h4096,4096,11,6
74.7826099395752,behavior_h4096,4096,11,7
83.45864415168762,behavior_h4096,4096,11,8
69.40298676490784,behavior_h4096,4096,11,9
76.0869562625885,behavior_h4096,4096,11,10
69.9999988079071,behavior_h4096,4096,11,11
84.74576473236084,behavior_h4096,4096,12,1
78.46153974533081,behavior_h4096,4096,12,2
80.1369845867157,behavior_h4096,4096,12,3
84.09090638160706,behavior_h4096,4096,12,4
84.375,behavior_h4096,4096,12,5
75.0,behavior_h4096,4096,12,6
76.52173638343811,behavior_h4096,4096,12,7
85.71428656578064,behavior_h4096,4096,12,8
70.89552283287048,behavior_h4096,4096,12,9
76.81159377098083,behavior_h4096,4096,12,10
75.0,behavior_h4096,4096,12,11
81.03448152542114,behavior_h4096,4096,12,12
84.74576473236084,behavior_h4096,4096,13,1
79.23076748847961,behavior_h4096,4096,13,2
76.7123281955719,behavior_h4096,4096,13,3
80.11363744735718,behavior_h4096,4096,13,4
80.46875,behavior_h4096,4096,13,5
76.66666507720947,behavior_h4096,4096,13,6
73.0434775352478,behavior_h4096,4096,13,7
82.70676732063293,behavior_h4096,4096,13,8
70.89552283287048,behavior_h4096,4096,13,9
74.63768124580383,behavior_h4096,4096,13,10
75.99999904632568,behavior_h4096,4096,13,11
80.17241358757019,behavior_h4096,4096,13,12
81.10235929489136,behavior_h4096,4096,13,13
86.44067645072937,behavior_h4096,4096,14,1
80.0000011920929,behavior_h4096,4096,14,2
79.45205569267273,behavior_h4096,4096,14,3
84.09090638160706,behavior_h4096,4096,14,4
78.90625,behavior_h4096,4096,14,5
75.83333253860474,behavior_h4096,4096,14,6
70.43478488922119,behavior_h4096,4096,14,7
83.45864415168762,behavior_h4096,4096,14,8
69.40298676490784,behavior_h4096,4096,14,9
74.63768124580383,behavior_h4096,4096,14,10
73.00000190734863,behavior_h4096,4096,14,11
72.41379022598267,behavior_h4096,4096,14,12
79.52755689620972,behavior_h4096,4096,14,13
76.51515007019043,behavior_h4096,4096,14,14
82.20338821411133,behavior_h4096,4096,15,1
75.38461685180664,behavior_h4096,4096,15,2
75.34246444702148,behavior_h4096,4096,15,3
84.09090638160706,behavior_h4096,4096,15,4
78.125,behavior_h4096,4096,15,5
75.83333253860474,behavior_h4096,4096,15,6
66.08695387840271,behavior_h4096,4096,15,7
83.45864415168762,behavior_h4096,4096,15,8
66.41790866851807,behavior_h4096,4096,15,9
68.84058117866516,behavior_h4096,4096,15,10
73.00000190734863,behavior_h4096,4096,15,11
75.0,behavior_h4096,4096,15,12
75.59055089950562,behavior_h4096,4096,15,13
68.9393937587738,behavior_h4096,4096,15,14
68.1034505367279,behavior_h4096,4096,15,15
85.59321761131287,behavior_h4096,4096,16,1
80.7692289352417,behavior_h4096,4096,16,2
78.76712083816528,behavior_h4096,4096,16,3
90.34090638160706,behavior_h4096,4096,16,4
85.9375,behavior_h4096,4096,16,5
83.33333134651184,behavior_h4096,4096,16,6
80.86956739425659,behavior_h4096,4096,16,7
86.46616339683533,behavior_h4096,4096,16,8
74.6268630027771,behavior_h4096,4096,16,9
78.98550629615784,behavior_h4096,4096,16,10
85.00000238418579,behavior_h4096,4096,16,11
81.03448152542114,behavior_h4096,4096,16,12
85.03937125205994,behavior_h4096,4096,16,13
80.30303120613098,behavior_h4096,4096,16,14
76.7241358757019,behavior_h4096,4096,16,15
82.70676732063293,behavior_h4096,4096,16,16
83.05084705352783,behavior_h4096,4096,17,1
80.7692289352417,behavior_h4096,4096,17,2
71.91780805587769,behavior_h4096,4096,17,3
89.20454382896423,behavior_h4096,4096,17,4
83.59375,behavior_h4096,4096,17,5
80.0000011920929,behavior_h4096,4096,17,6
79.1304349899292,behavior_h4096,4096,17,7
84.21052694320679,behavior_h4096,4096,17,8
74.6268630027771,behavior_h4096,4096,17,9
75.36231875419617,behavior_h4096,4096,17,10
73.00000190734863,behavior_h4096,4096,17,11
75.86206793785095,behavior_h4096,4096,17,12
82.67716765403748,behavior_h4096,4096,17,13
83.33333134651184,behavior_h4096,4096,17,14
68.96551847457886,behavior_h4096,4096,17,15
72.18044996261597,behavior_h4096,4096,17,16
78.57142686843872,behavior_h4096,4096,17,17
86.44067645072937,behavior_h4096,4096,18,1
78.46153974533081,behavior_h4096,4096,18,2
75.34246444702148,behavior_h4096,4096,18,3
89.77272510528564,behavior_h4096,4096,18,4
85.9375,behavior_h4096,4096,18,5
83.33333134651184,behavior_h4096,4096,18,6
80.86956739425659,behavior_h4096,4096,18,7
85.71428656578064,behavior_h4096,4096,18,8
76.86567306518555,behavior_h4096,4096,18,9
77.53623127937317,behavior_h4096,4096,18,10
76.99999809265137,behavior_h4096,4096,18,11
76.7241358757019,behavior_h4096,4096,18,12
83.4645688533783,behavior_h4096,4096,18,13
81.81818127632141,behavior_h4096,4096,18,14
73.2758641242981,behavior_h4096,4096,18,15
74.43609237670898,behavior_h4096,4096,18,16
76.1904776096344,behavior_h4096,4096,18,17
87.73584961891174,behavior_h4096,4096,18,18
84.74576473236084,behavior_h4096,4096,19,1
77.69230604171753,behavior_h4096,4096,19,2
75.34246444702148,behavior_h4096,4096,19,3
86.93181872367859,behavior_h4096,4096,19,4
82.8125,behavior_h4096,4096,19,5
81.66666626930237,behavior_h4096,4096,19,6
77.3913025856018,behavior_h4096,4096,19,7
84.96240377426147,behavior_h4096,4096,19,8
73.88059496879578,behavior_h4096,4096,19,9
73.9130437374115,behavior_h4096,4096,19,10
80.0000011920929,behavior_h4096,4096,19,11
76.7241358757019,behavior_h4096,4096,19,12
81.10235929489136,behavior_h4096,4096,19,13
78.78788113594055,behavior_h4096,4096,19,14
69.82758641242981,behavior_h4096,4096,19,15
74.43609237670898,behavior_h4096,4096,19,16
73.8095223903656,behavior_h4096,4096,19,17
81.13207817077637,behavior_h4096,4096,19,18
76.14678740501404,behavior_h4096,4096,19,19
84.74576473236084,behavior_h4096,4096,20,1
76.92307829856873,behavior_h4096,4096,20,2
77.39726305007935,behavior_h4096,4096,20,3
90.34090638160706,behavior_h4096,4096,20,4
82.03125,behavior_h4096,4096,20,5
80.83333373069763,behavior_h4096,4096,20,6
77.3913025856018,behavior_h4096,4096,20,7
87.21804618835449,behavior_h4096,4096,20,8
76.11940503120422,behavior_h4096,4096,20,9
79.71014380455017,behavior_h4096,4096,20,10
79.00000214576721,behavior_h4096,4096,20,11
76.7241358757019,behavior_h4096,4096,20,12
79.52755689620972,behavior_h4096,4096,20,13
79.54545617103577,behavior_h4096,4096,20,14
72.41379022598267,behavior_h4096,4096,20,15
75.18796920776367,behavior_h4096,4096,20,16
76.98412537574768,behavior_h4096,4096,20,17
82.07547068595886,behavior_h4096,4096,20,18
77.06422209739685,behavior_h4096,4096,20,19
74.25742745399475,behavior_h4096,4096,20,20
83.89830589294434,behavior_h4096,4096,21,1
80.0000011920929,behavior_h4096,4096,21,2
74.65753555297852,behavior_h4096,4096,21,3
86.36363744735718,behavior_h4096,4096,21,4
78.125,behavior_h4096,4096,21,5
76.66666507720947,behavior_h4096,4096,21,6
77.3913025856018,behavior_h4096,4096,21,7
87.21804618835449,behavior_h4096,4096,21,8
74.6268630027771,behavior_h4096,4096,21,9
78.2608687877655,behavior_h4096,4096,21,10
72.00000286102295,behavior_h4096,4096,21,11
72.41379022598267,behavior_h4096,4096,21,12
77.95275449752808,behavior_h4096,4096,21,13
81.81818127632141,behavior_h4096,4096,21,14
68.1034505367279,behavior_h4096,4096,21,15
75.18796920776367,behavior_h4096,4096,21,16
73.8095223903656,behavior_h4096,4096,21,17
79.24528121948242,behavior_h4096,4096,21,18
69.72476840019226,behavior_h4096,4096,21,19
68.31682920455933,behavior_h4096,4096,21,20
77.77777910232544,behavior_h4096,4096,21,21
83.05084705352783,behavior_h4096,4096,22,1
78.46153974533081,behavior_h4096,4096,22,2
75.34246444702148,behavior_h4096,4096,22,3
87.5,behavior_h4096,4096,22,4
80.46875,behavior_h4096,4096,22,5
79.16666865348816,behavior_h4096,4096,22,6
76.52173638343811,behavior_h4096,4096,22,7
82.70676732063293,behavior_h4096,4096,22,8
73.13432693481445,behavior_h4096,4096,22,9
75.36231875419617,behavior_h4096,4096,22,10
79.00000214576721,behavior_h4096,4096,22,11
75.0,behavior_h4096,4096,22,12
77.16535329818726,behavior_h4096,4096,22,13
80.30303120613098,behavior_h4096,4096,22,14
69.82758641242981,behavior_h4096,4096,22,15
73.68420958518982,behavior_h4096,4096,22,16
76.98412537574768,behavior_h4096,4096,22,17
81.13207817077637,behavior_h4096,4096,22,18
76.14678740501404,behavior_h4096,4096,22,19
66.33663177490234,behavior_h4096,4096,22,20
77.77777910232544,behavior_h4096,4096,22,21
76.66666507720947,behavior_h4096,4096,22,22
83.05084705352783,behavior_h4096,4096,23,1
76.92307829856873,behavior_h4096,4096,23,2
67.80821681022644,behavior_h4096,4096,23,3
85.22727489471436,behavior_h4096,4096,23,4
78.125,behavior_h4096,4096,23,5
75.83333253860474,behavior_h4096,4096,23,6
74.7826099395752,behavior_h4096,4096,23,7
81.95488452911377,behavior_h4096,4096,23,8
73.13432693481445,behavior_h4096,4096,23,9
72.46376872062683,behavior_h4096,4096,23,10
70.99999785423279,behavior_h4096,4096,23,11
74.13793206214905,behavior_h4096,4096,23,12
74.8031497001648,behavior_h4096,4096,23,13
79.54545617103577,behavior_h4096,4096,23,14
68.1034505367279,behavior_h4096,4096,23,15
71.42857313156128,behavior_h4096,4096,23,16
72.22222089767456,behavior_h4096,4096,23,17
79.24528121948242,behavior_h4096,4096,23,18
71.55963182449341,behavior_h4096,4096,23,19
66.33663177490234,behavior_h4096,4096,23,20
76.38888955116272,behavior_h4096,4096,23,21
68.33333373069763,behavior_h4096,4096,23,22
73.50427508354187,behavior_h4096,4096,23,23
82.20338821411133,behavior_h4096,4096,24,1
76.15384459495544,behavior_h4096,4096,24,2
71.23287916183472,behavior_h4096,4096,24,3
86.93181872367859,behavior_h4096,4096,24,4
78.125,behavior_h4096,4096,24,5
77.49999761581421,behavior_h4096,4096,24,6
76.52173638343811,behavior_h4096,4096,24,7
84.96240377426147,behavior_h4096,4096,24,8
76.11940503120422,behavior_h4096,4096,24,9
76.0869562625885,behavior_h4096,4096,24,10
74.00000095367432,behavior_h4096,4096,24,11
71.55172228813171,behavior_h4096,4096,24,12
79.52755689620972,behavior_h4096,4096,24,13
78.78788113594055,behavior_h4096,4096,24,14
68.1034505367279,behavior_h4096,4096,24,15
71.42857313156128,behavior_h4096,4096,24,16
77.77777910232544,behavior_h4096,4096,24,17
81.13207817077637,behavior_h4096,4096,24,18
76.14678740501404,behavior_h4096,4096,24,19
64.35643434524536,behavior_h4096,4096,24,20
81.94444179534912,behavior_h4096,4096,24,21
73.33333492279053,behavior_h4096,4096,24,22
70.08547186851501,behavior_h4096,4096,24,23
73.25581312179565,behavior_h4096,4096,24,24
81.35592937469482,behavior_h4096,4096,25,1
78.46153974533081,behavior_h4096,4096,25,2
69.17808055877686,behavior_h4096,4096,25,3
86.93181872367859,behavior_h4096,4096,25,4
77.34375,behavior_h4096,4096,25,5
81.66666626930237,behavior_h4096,4096,25,6
73.9130437374115,behavior_h4096,4096,25,7
82.70676732063293,behavior_h4096,4096,25,8
72.38805890083313,behavior_h4096,4096,25,9
76.0869562625885,behavior_h4096,4096,25,10
63.999998569488525,behavior_h4096,4096,25,11
75.0,behavior_h4096,4096,25,12
77.95275449752808,behavior_h4096,4096,25,13
75.0,behavior_h4096,4096,25,14
68.1034505367279,behavior_h4096,4096,25,15
69.92481350898743,behavior_h4096,4096,25,16
76.98412537574768,behavior_h4096,4096,25,17
76.41509175300598,behavior_h4096,4096,25,18
72.47706651687622,behavior_h4096,4096,25,19
62.37623691558838,behavior_h4096,4096,25,20
80.55555820465088,behavior_h4096,4096,25,21
75.83333253860474,behavior_h4096,4096,25,22
65.81196784973145,behavior_h4096,4096,25,23
67.44186282157898,behavior_h4096,4096,25,24
63.07692527770996,behavior_h4096,4096,25,25
80.5084764957428,behavior_h4096,4096,26,1
77.69230604171753,behavior_h4096,4096,26,2
67.12328791618347,behavior_h4096,4096,26,3
85.79545617103577,behavior_h4096,4096,26,4
78.90625,behavior_h4096,4096,26,5
80.0000011920929,behavior_h4096,4096,26,6
76.52173638343811,behavior_h4096,4096,26,7
81.20300769805908,behavior_h4096,4096,26,8
70.89552283287048,behavior_h4096,4096,26,9
71.7391312122345,behavior_h4096,4096,26,10
64.99999761581421,behavior_h4096,4096,26,11
77.58620977401733,behavior_h4096,4096,26,12
77.16535329818726,behavior_h4096,4096,26,13
71.96969985961914,behavior_h4096,4096,26,14
69.82758641242981,behavior_h4096,4096,26,15
67.66917109489441,behavior_h4096,4096,26,16
74.60317611694336,behavior_h4096,4096,26,17
77.35849022865295,behavior_h4096,4096,26,18
70.64220309257507,behavior_h4096,4096,26,19
68.31682920455933,behavior_h4096,4096,26,20
79.86111044883728,behavior_h4096,4096,26,21
73.33333492279053,behavior_h4096,4096,26,22
67.52136945724487,behavior_h4096,4096,26,23
59.302324056625366,behavior_h4096,4096,26,24
60.00000238418579,behavior_h4096,4096,26,25
74.79674816131592,behavior_h4096,4096,26,26
80.5084764957428,behavior_h4096,4096,27,1
76.15384459495544,behavior_h4096,4096,27,2
67.12328791618347,behavior_h4096,4096,27,3
81.25,behavior_h4096,4096,27,4
73.4375,behavior_h4096,4096,27,5
77.49999761581421,behavior_h4096,4096,27,6
73.0434775352478,behavior_h4096,4096,27,7
78.94737124443054,behavior_h4096,4096,27,8
71.6417908668518,behavior_h4096,4096,27,9
72.46376872062683,behavior_h4096,4096,27,10
64.99999761581421,behavior_h4096,4096,27,11
75.0,behavior_h4096,4096,27,12
76.37795209884644,behavior_h4096,4096,27,13
71.21211886405945,behavior_h4096,4096,27,14
65.51724076271057,behavior_h4096,4096,27,15
69.17293071746826,behavior_h4096,4096,27,16
73.01587462425232,behavior_h4096,4096,27,17
77.35849022865295,behavior_h4096,4096,27,18
69.72476840019226,behavior_h4096,4096,27,19
64.35643434524536,behavior_h4096,4096,27,20
79.86111044883728,behavior_h4096,4096,27,21
69.9999988079071,behavior_h4096,4096,27,22
60.68376302719116,behavior_h4096,4096,27,23
60.4651153087616,behavior_h4096,4096,27,24
61.538463830947876,behavior_h4096,4096,27,25
69.91869807243347,behavior_h4096,4096,27,26
68.14159154891968,behavior_h4096,4096,27,27
76.27118825912476,behavior_h4096,4096,28,1
76.92307829856873,behavior_h4096,4096,28,2
65.75342416763306,behavior_h4096,4096,28,3
81.81818127632141,behavior_h4096,4096,28,4
78.90625,behavior_h4096,4096,28,5
75.83333253860474,behavior_h4096,4096,28,6
73.0434775352478,behavior_h4096,4096,28,7
81.95488452911377,behavior_h4096,4096,28,8
72.38805890083313,behavior_h4096,4096,28,9
71.01449370384216,behavior_h4096,4096,28,10
68.00000071525574,behavior_h4096,4096,28,11
75.86206793785095,behavior_h4096,4096,28,12
80.31495809555054,behavior_h4096,4096,28,13
74.24242496490479,behavior_h4096,4096,28,14
68.1034505367279,behavior_h4096,4096,28,15
67.66917109489441,behavior_h4096,4096,28,16
73.8095223903656,behavior_h4096,4096,28,17
72.64150977134705,behavior_h4096,4096,28,18
67.88991093635559,behavior_h4096,4096,28,19
64.35643434524536,behavior_h4096,4096,28,20
80.55555820465088,behavior_h4096,4096,28,21
71.66666388511658,behavior_h4096,4096,28,22
63.247865438461304,behavior_h4096,4096,28,23
61.62790656089783,behavior_h4096,4096,28,24
61.538463830947876,behavior_h4096,4096,28,25
71.54471278190613,behavior_h4096,4096,28,26
67.25663542747498,behavior_h4096,4096,28,27
84.3137264251709,behavior_h4096,4096,28,28
77.11864113807678,behavior_h4096,4096,29,1
76.15384459495544,behavior_h4096,4096,29,2
68.49315166473389,behavior_h4096,4096,29,3
81.81818127632141,behavior_h4096,4096,29,4
74.21875,behavior_h4096,4096,29,5
72.50000238418579,behavior_h4096,4096,29,6
69.5652186870575,behavior_h4096,4096,29,7
79.69924807548523,behavior_h4096,4096,29,8
70.89552283287048,behavior_h4096,4096,29,9
70.28985619544983,behavior_h4096,4096,29,10
63.999998569488525,behavior_h4096,4096,29,11
75.0,behavior_h4096,4096,29,12
76.37795209884644,behavior_h4096,4096,29,13
74.24242496490479,behavior_h4096,4096,29,14
67.24137663841248,behavior_h4096,4096,29,15
64.6616518497467,behavior_h4096,4096,29,16
66.66666865348816,behavior_h4096,4096,29,17
71.69811129570007,behavior_h4096,4096,29,18
59.633028507232666,behavior_h4096,4096,29,19
60.3960394859314,behavior_h4096,4096,29,20
77.08333134651184,behavior_h4096,4096,29,21
64.16666507720947,behavior_h4096,4096,29,22
64.10256624221802,behavior_h4096,4096,29,23
66.27907156944275,behavior_h4096,4096,29,24
58.461540937423706,behavior_h4096,4096,29,25
68.29268336296082,behavior_h4096,4096,29,26
61.06194853782654,behavior_h4096,4096,29,27
82.35294222831726,behavior_h4096,4096,29,28
69.29824352264404,behavior_h4096,4096,29,29
76.27118825912476,behavior_h4096,4096,30,1
75.38461685180664,behavior_h4096,4096,30,2
63.01369667053223,behavior_h4096,4096,30,3
77.84090638160706,behavior_h4096,4096,30,4
72.65625,behavior_h4096,4096,30,5
71.66666388511658,behavior_h4096,4096,30,6
67.8260862827301,behavior_h4096,4096,30,7
78.94737124443054,behavior_h4096,4096,30,8
70.89552283287048,behavior_h4096,4096,30,9
68.84058117866516,behavior_h4096,4096,30,10
60.00000238418579,behavior_h4096,4096,30,11
71.55172228813171,behavior_h4096,4096,30,12
75.59055089950562,behavior_h4096,4096,30,13
66.66666865348816,behavior_h4096,4096,30,14
65.51724076271057,behavior_h4096,4096,30,15
64.6616518497467,behavior_h4096,4096,30,16
65.8730149269104,behavior_h4096,4096,30,17
69.8113203048706,behavior_h4096,4096,30,18
62.38532066345215,behavior_h4096,4096,30,19
62.37623691558838,behavior_h4096,4096,30,20
73.61111044883728,behavior_h4096,4096,30,21
65.83333611488342,behavior_h4096,4096,30,22
62.39316463470459,behavior_h4096,4096,30,23
63.95348906517029,behavior_h4096,4096,30,24
66.15384817123413,behavior_h4096,4096,30,25
65.85366129875183,behavior_h4096,4096,30,26
60.176992416381836,behavior_h4096,4096,30,27
78.43137383460999,behavior_h4096,4096,30,28
65.78947305679321,behavior_h4096,4096,30,29
78.50467562675476,behavior_h4096,4096,30,30
73.72881174087524,behavior_h4096,4096,31,1
76.15384459495544,behavior_h4096,4096,31,2
65.06849527359009,behavior_h4096,4096,31,3
75.56818127632141,behavior_h4096,4096,31,4
67.96875,behavior_h4096,4096,31,5
71.66666388511658,behavior_h4096,4096,31,6
71.30434513092041,behavior_h4096,4096,31,7
76.69172883033752,behavior_h4096,4096,31,8
72.38805890083313,behavior_h4096,4096,31,9
73.18840622901917,behavior_h4096,4096,31,10
62.00000047683716,behavior_h4096,4096,31,11
75.0,behavior_h4096,4096,31,12
78.7401556968689,behavior_h4096,4096,31,13
65.90909361839294,behavior_h4096,4096,31,14
64.65517282485962,behavior_h4096,4096,31,15
63.90977501869202,behavior_h4096,4096,31,16
65.8730149269104,behavior_h4096,4096,31,17
67.92452931404114,behavior_h4096,4096,31,18
58.71559381484985,behavior_h4096,4096,31,19
57.42574334144592,behavior_h4096,4096,31,20
72.91666865348816,behavior_h4096,4096,31,21
63.333332538604736,behavior_h4096,4096,31,22
56.41025900840759,behavior_h4096,4096,31,23
55.81395626068115,behavior_h4096,4096,31,24
53.84615659713745,behavior_h4096,4096,31,25
68.29268336296082,behavior_h4096,4096,31,26
61.06194853782654,behavior_h4096,4096,31,27
79.41176295280457,behavior_h4096,4096,31,28
64.0350878238678,behavior_h4096,4096,31,29
67.2897219657898,behavior_h4096,4096,31,30
75.43859481811523,behavior_h4096,4096,31,31
84.74576473236084,behavior_h4096,4096,32,1
86.92307472229004,behavior_h4096,4096,32,2
76.02739930152893,behavior_h4096,4096,32,3
86.36363744735718,behavior_h4096,4096,32,4
82.03125,behavior_h4096,4096,32,5
80.0000011920929,behavior_h4096,4096,32,6
86.08695864677429,behavior_h4096,4096,32,7
84.96240377426147,behavior_h4096,4096,32,8
82.08954930305481,behavior_h4096,4096,32,9
77.53623127937317,behavior_h4096,4096,32,10
76.99999809265137,behavior_h4096,4096,32,11
78.44827771186829,behavior_h4096,4096,32,12
77.95275449752808,behavior_h4096,4096,32,13
84.09090638160706,behavior_h4096,4096,32,14
75.0,behavior_h4096,4096,32,15
77.44361162185669,behavior_h4096,4096,32,16
84.92063283920288,behavior_h4096,4096,32,17
86.79245114326477,behavior_h4096,4096,32,18
76.14678740501404,behavior_h4096,4096,32,19
72.27723002433777,behavior_h4096,4096,32,20
84.02777910232544,behavior_h4096,4096,32,21
79.16666865348816,behavior_h4096,4096,32,22
78.63247990608215,behavior_h4096,4096,32,23
70.9302306175232,behavior_h4096,4096,32,24
67.69230961799622,behavior_h4096,4096,32,25
78.86179089546204,behavior_h4096,4096,32,26
80.53097128868103,behavior_h4096,4096,32,27
84.3137264251709,behavior_h4096,4096,32,28
71.9298243522644,behavior_h4096,4096,32,29
81.30841255187988,behavior_h4096,4096,32,30
85.08771657943726,behavior_h4096,4096,32,31
83.49514603614807,behavior_h4096,4096,32,32
80.5084764957428,behavior_h4096,4096,33,1
85.38461327552795,behavior_h4096,4096,33,2
78.08219194412231,behavior_h4096,4096,33,3
78.97727489471436,behavior_h4096,4096,33,4
79.6875,behavior_h4096,4096,33,5
75.83333253860474,behavior_h4096,4096,33,6
83.4782600402832,behavior_h4096,4096,33,7
84.21052694320679,behavior_h4096,4096,33,8
81.34328126907349,behavior_h4096,4096,33,9
75.36231875419617,behavior_h4096,4096,33,10
72.00000286102295,behavior_h4096,4096,33,11
75.0,behavior_h4096,4096,33,12
77.16535329818726,behavior_h4096,4096,33,13
84.09090638160706,behavior_h4096,4096,33,14
73.2758641242981,behavior_h4096,4096,33,15
74.43609237670898,behavior_h4096,4096,33,16
83.33333134651184,behavior_h4096,4096,33,17
84.9056601524353,behavior_h4096,4096,33,18
75.2293586730957,behavior_h4096,4096,33,19
65.34653306007385,behavior_h4096,4096,33,20
84.02777910232544,behavior_h4096,4096,33,21
79.16666865348816,behavior_h4096,4096,33,22
80.34188151359558,behavior_h4096,4096,33,23
69.76743936538696,behavior_h4096,4096,33,24
67.69230961799622,behavior_h4096,4096,33,25
78.04877758026123,behavior_h4096,4096,33,26
81.41592741012573,behavior_h4096,4096,33,27
83.33333134651184,behavior_h4096,4096,33,28
72.80701994895935,behavior_h4096,4096,33,29
79.90654110908508,behavior_h4096,4096,33,30
85.08771657943726,behavior_h4096,4096,33,31
76.69903039932251,behavior_h4096,4096,33,32
78.37837934494019,behavior_h4096,4096,33,33
79.6610176563263,behavior_h4096,4096,34,1
86.92307472229004,behavior_h4096,4096,34,2
76.7123281955719,behavior_h4096,4096,34,3
80.11363744735718,behavior_h4096,4096,34,4
81.25,behavior_h4096,4096,34,5
75.83333253860474,behavior_h4096,4096,34,6
81.73912763595581,behavior_h4096,4096,34,7
82.70676732063293,behavior_h4096,4096,34,8
79.85074520111084,behavior_h4096,4096,34,9
76.0869562625885,behavior_h4096,4096,34,10
75.0,behavior_h4096,4096,34,11
75.86206793785095,behavior_h4096,4096,34,12
77.16535329818726,behavior_h4096,4096,34,13
84.84848737716675,behavior_h4096,4096,34,14
74.13793206214905,behavior_h4096,4096,34,15
73.68420958518982,behavior_h4096,4096,34,16
84.1269850730896,behavior_h4096,4096,34,17
83.01886916160583,behavior_h4096,4096,34,18
74.31192398071289,behavior_h4096,4096,34,19
67.32673048973083,behavior_h4096,4096,34,20
83.33333134651184,behavior_h4096,4096,34,21
80.83333373069763,behavior_h4096,4096,34,22
79.48718070983887,behavior_h4096,4096,34,23
70.9302306175232,behavior_h4096,4096,34,24
66.15384817123413,behavior_h4096,4096,34,25
78.04877758026123,behavior_h4096,4096,34,26
79.64601516723633,behavior_h4096,4096,34,27
82.35294222831726,behavior_h4096,4096,34,28
71.9298243522644,behavior_h4096,4096,34,29
81.30841255187988,behavior_h4096,4096,34,30
85.08771657943726,behavior_h4096,4096,34,31
75.72815418243408,behavior_h4096,4096,34,32
69.36936974525452,behavior_h4096,4096,34,33
78.57142686843872,behavior_h4096,4096,34,34
80.5084764957428,behavior_h4096,4096,35,1
86.15384697914124,behavior_h4096,4096,35,2
73.97260069847107,behavior_h4096,4096,35,3
76.13636255264282,behavior_h4096,4096,35,4
81.25,behavior_h4096,4096,35,5
78.33333611488342,behavior_h4096,4096,35,6
84.3478262424469,behavior_h4096,4096,35,7
78.94737124443054,behavior_h4096,4096,35,8
76.11940503120422,behavior_h4096,4096,35,9
77.53623127937317,behavior_h4096,4096,35,10
75.99999904632568,behavior_h4096,4096,35,11
74.13793206214905,behavior_h4096,4096,35,12
81.10235929489136,behavior_h4096,4096,35,13
81.0606062412262,behavior_h4096,4096,35,14
71.55172228813171,behavior_h4096,4096,35,15
75.18796920776367,behavior_h4096,4096,35,16
80.95238208770752,behavior_h4096,4096,35,17
76.41509175300598,behavior_h4096,4096,35,18
76.14678740501404,behavior_h4096,4096,35,19
64.35643434524536,behavior_h4096,4096,35,20
82.63888955116272,behavior_h4096,4096,35,21
80.0000011920929,behavior_h4096,4096,35,22
73.50427508354187,behavior_h4096,4096,35,23
63.95348906517029,behavior_h4096,4096,35,24
60.00000238418579,behavior_h4096,4096,35,25
75.60975551605225,behavior_h4096,4096,35,26
79.64601516723633,behavior_h4096,4096,35,27
80.39215803146362,behavior_h4096,4096,35,28
68.42105388641357,behavior_h4096,4096,35,29
80.84112405776978,behavior_h4096,4096,35,30
74.56140518188477,behavior_h4096,4096,35,31
73.7864077091217,behavior_h4096,4096,35,32
71.17117047309875,behavior_h4096,4096,35,33
55.714285373687744,behavior_h4096,4096,35,34
72.34042286872864,behavior_h4096,4096,35,35
79.6610176563263,behavior_h4096,4096,36,1
84.61538553237915,behavior_h4096,4096,36,2
75.34246444702148,behavior_h4096,4096,36,3
84.65909361839294,behavior_h4096,4096,36,4
78.125,behavior_h4096,4096,36,5
79.16666865348816,behavior_h4096,4096,36,6
83.4782600402832,behavior_h4096,4096,36,7
79.69924807548523,behavior_h4096,4096,36,8
79.85074520111084,behavior_h4096,4096,36,9
74.63768124580383,behavior_h4096,4096,36,10
76.99999809265137,behavior_h4096,4096,36,11
75.86206793785095,behavior_h4096,4096,36,12
78.7401556968689,behavior_h4096,4096,36,13
81.81818127632141,behavior_h4096,4096,36,14
71.55172228813171,behavior_h4096,4096,36,15
72.18044996261597,behavior_h4096,4096,36,16
84.1269850730896,behavior_h4096,4096,36,17
85.84905862808228,behavior_h4096,4096,36,18
74.31192398071289,behavior_h4096,4096,36,19
68.31682920455933,behavior_h4096,4096,36,20
85.41666865348816,behavior_h4096,4096,36,21
80.83333373069763,behavior_h4096,4096,36,22
77.77777910232544,behavior_h4096,4096,36,23
66.27907156944275,behavior_h4096,4096,36,24
72.30769395828247,behavior_h4096,4096,36,25
78.86179089546204,behavior_h4096,4096,36,26
74.33628439903259,behavior_h4096,4096,36,27
83.33333134651184,behavior_h4096,4096,36,28
73.68420958518982,behavior_h4096,4096,36,29
81.30841255187988,behavior_h4096,4096,36,30
83.33333134651184,behavior_h4096,4096,36,31
73.7864077091217,behavior_h4096,4096,36,32
73.87387156486511,behavior_h4096,4096,36,33
67.14285612106323,behavior_h4096,4096,36,34
61.702126264572144,behavior_h4096,4096,36,35
84.41558480262756,behavior_h4096,4096,36,36
81.35592937469482,behavior_h4096,4096,37,1
85.38461327552795,behavior_h4096,4096,37,2
71.91780805587769,behavior_h4096,4096,37,3
85.22727489471436,behavior_h4096,4096,37,4
78.125,behavior_h4096,4096,37,5
76.66666507720947,behavior_h4096,4096,37,6
74.7826099395752,behavior_h4096,4096,37,7
77.44361162185669,behavior_h4096,4096,37,8
80.59701323509216,behavior_h4096,4096,37,9
73.18840622901917,behavior_h4096,4096,37,10
70.99999785423279,behavior_h4096,4096,37,11
71.55172228813171,behavior_h4096,4096,37,12
79.52755689620972,behavior_h4096,4096,37,13
81.81818127632141,behavior_h4096,4096,37,14
70.68965435028076,behavior_h4096,4096,37,15
72.18044996261597,behavior_h4096,4096,37,16
79.36508059501648,behavior_h4096,4096,37,17
82.07547068595886,behavior_h4096,4096,37,18
76.14678740501404,behavior_h4096,4096,37,19
68.31682920455933,behavior_h4096,4096,37,20
81.25,behavior_h4096,4096,37,21
77.49999761581421,behavior_h4096,4096,37,22
76.06837749481201,behavior_h4096,4096,37,23
65.11628031730652,behavior_h4096,4096,37,24
64.61538672447205,behavior_h4096,4096,37,25
74.79674816131592,behavior_h4096,4096,37,26
74.33628439903259,behavior_h4096,4096,37,27
85.29411554336548,behavior_h4096,4096,37,28
70.17543911933899,behavior_h4096,4096,37,29
78.03738117218018,behavior_h4096,4096,37,30
80.70175647735596,behavior_h4096,4096,37,31
73.7864077091217,behavior_h4096,4096,37,32
76.57657861709595,behavior_h4096,4096,37,33
58.571428060531616,behavior_h4096,4096,37,34
65.2482271194458,behavior_h4096,4096,37,35
77.92207598686218,behavior_h4096,4096,37,36
70.70063948631287,behavior_h4096,4096,37,37
76.27118825912476,behavior_h4096,4096,38,1
83.07692408561707,behavior_h4096,4096,38,2
68.49315166473389,behavior_h4096,4096,38,3
83.52272510528564,behavior_h4096,4096,38,4
77.34375,behavior_h4096,4096,38,5
76.66666507720947,behavior_h4096,4096,38,6
79.1304349899292,behavior_h4096,4096,38,7
78.19548845291138,behavior_h4096,4096,38,8
76.86567306518555,behavior_h4096,4096,38,9
78.98550629615784,behavior_h4096,4096,38,10
72.00000286102295,behavior_h4096,4096,38,11
71.55172228813171,behavior_h4096,4096,38,12
74.8031497001648,behavior_h4096,4096,38,13
82.57575631141663,behavior_h4096,4096,38,14
72.41379022598267,behavior_h4096,4096,38,15
72.18044996261597,behavior_h4096,4096,38,16
82.53968358039856,behavior_h4096,4096,38,17
83.96226167678833,behavior_h4096,4096,38,18
76.14678740501404,behavior_h4096,4096,38,19
65.34653306007385,behavior_h4096,4096,38,20
84.02777910232544,behavior_h4096,4096,38,21
75.83333253860474,behavior_h4096,4096,38,22
75.2136766910553,behavior_h4096,4096,38,23
62.79069781303406,behavior_h4096,4096,38,24
67.69230961799622,behavior_h4096,4096,38,25
73.98374080657959,behavior_h4096,4096,38,26
74.33628439903259,behavior_h4096,4096,38,27
86.27451062202454,behavior_h4096,4096,38,28
67.54385828971863,behavior_h4096,4096,38,29
80.37382960319519,behavior_h4096,4096,38,30
78.94737124443054,behavior_h4096,4096,38,31
71.84466123580933,behavior_h4096,4096,38,32
76.57657861709595,behavior_h4096,4096,38,33
68.57143044471741,behavior_h4096,4096,38,34
70.92198729515076,behavior_h4096,4096,38,35
76.6233742237091,behavior_h4096,4096,38,36
64.33120965957642,behavior_h4096,4096,38,37
88.81118893623352,behavior_h4096,4096,38,38
78.81355881690979,behavior_h4096,4096,39,1
83.84615182876587,behavior_h4096,4096,39,2
73.97260069847107,behavior_h4096,4096,39,3
82.38636255264282,behavior_h4096,4096,39,4
78.90625,behavior_h4096,4096,39,5
76.66666507720947,behavior_h4096,4096,39,6
80.86956739425659,behavior_h4096,4096,39,7
81.20300769805908,behavior_h4096,4096,39,8
76.86567306518555,behavior_h4096,4096,39,9
78.98550629615784,behavior_h4096,4096,39,10
70.99999785423279,behavior_h4096,4096,39,11
69.82758641242981,behavior_h4096,4096,39,12
80.31495809555054,behavior_h4096,4096,39,13
81.81818127632141,behavior_h4096,4096,39,14
69.82758641242981,behavior_h4096,4096,39,15
74.43609237670898,behavior_h4096,4096,39,16
80.15872836112976,behavior_h4096,4096,39,17
83.01886916160583,behavior_h4096,4096,39,18
73.39449524879456,behavior_h4096,4096,39,19
68.31682920455933,behavior_h4096,4096,39,20
83.33333134651184,behavior_h4096,4096,39,21
75.83333253860474,behavior_h4096,4096,39,22
76.06837749481201,behavior_h4096,4096,39,23
68.60465407371521,behavior_h4096,4096,39,24
67.69230961799622,behavior_h4096,4096,39,25
78.86179089546204,behavior_h4096,4096,39,26
76.106196641922,behavior_h4096,4096,39,27
86.27451062202454,behavior_h4096,4096,39,28
71.9298243522644,behavior_h4096,4096,39,29
82.2429895401001,behavior_h4096,4096,39,30
85.9649121761322,behavior_h4096,4096,39,31
71.84466123580933,behavior_h4096,4096,39,32
74.77477192878723,behavior_h4096,4096,39,33
65.71428775787354,behavior_h4096,4096,39,34
65.2482271194458,behavior_h4096,4096,39,35
77.92207598686218,behavior_h4096,4096,39,36
57.96178579330444,behavior_h4096,4096,39,37
76.92307829856873,behavior_h4096,4096,39,38
78.94737124443054,behavior_h4096,4096,39,39
77.11864113807678,behavior_h4096,4096,40,1
84.61538553237915,behavior_h4096,4096,40,2
69.17808055877686,behavior_h4096,4096,40,3
80.11363744735718,behavior_h4096,4096,40,4
77.34375,behavior_h4096,4096,40,5
74.16666746139526,behavior_h4096,4096,40,6
76.52173638343811,behavior_h4096,4096,40,7
79.69924807548523,behavior_h4096,4096,40,8
78.3582091331482,behavior_h4096,4096,40,9
75.36231875419617,behavior_h4096,4096,40,10
70.99999785423279,behavior_h4096,4096,40,11
73.2758641242981,behavior_h4096,4096,40,12
78.7401556968689,behavior_h4096,4096,40,13
80.30303120613098,behavior_h4096,4096,40,14
74.13793206214905,behavior_h4096,4096,40,15
72.18044996261597,behavior_h4096,4096,40,16
81.7460298538208,behavior_h4096,4096,40,17
83.96226167678833,behavior_h4096,4096,40,18
71.55963182449341,behavior_h4096,4096,40,19
68.31682920455933,behavior_h4096,4096,40,20
82.63888955116272,behavior_h4096,4096,40,21
75.83333253860474,behavior_h4096,4096,40,22
74.35897588729858,behavior_h4096,4096,40,23
62.79069781303406,behavior_h4096,4096,40,24
64.61538672447205,behavior_h4096,4096,40,25
77.2357702255249,behavior_h4096,4096,40,26
76.106196641922,behavior_h4096,4096,40,27
80.39215803146362,behavior_h4096,4096,40,28
64.91228342056274,behavior_h4096,4096,40,29
78.50467562675476,behavior_h4096,4096,40,30
82.45614171028137,behavior_h4096,4096,40,31
72.81553149223328,behavior_h4096,4096,40,32
79.2792797088623,behavior_h4096,4096,40,33
74.28571581840515,behavior_h4096,4096,40,34
72.34042286872864,behavior_h4096,4096,40,35
81.81818127632141,behavior_h4096,4096,40,36
72.61146306991577,behavior_h4096,4096,40,37
83.21678042411804,behavior_h4096,4096,40,38
76.31579041481018,behavior_h4096,4096,40,39
81.15941882133484,behavior_h4096,4096,40,40
79.6610176563263,behavior_h4096,4096,41,1
83.84615182876587,behavior_h4096,4096,41,2
68.49315166473389,behavior_h4096,4096,41,3
83.52272510528564,behavior_h4096,4096,41,4
78.90625,behavior_h4096,4096,41,5
78.33333611488342,behavior_h4096,4096,41,6
76.52173638343811,behavior_h4096,4096,41,7
82.70676732063293,behavior_h4096,4096,41,8
78.3582091331482,behavior_h4096,4096,41,9
79.71014380455017,behavior_h4096,4096,41,10
72.00000286102295,behavior_h4096,4096,41,11
68.96551847457886,behavior_h4096,4096,41,12
81.88976645469666,behavior_h4096,4096,41,13
82.57575631141663,behavior_h4096,4096,41,14
73.2758641242981,behavior_h4096,4096,41,15
74.43609237670898,behavior_h4096,4096,41,16
81.7460298538208,behavior_h4096,4096,41,17
83.96226167678833,behavior_h4096,4096,41,18
70.64220309257507,behavior_h4096,4096,41,19
67.32673048973083,behavior_h4096,4096,41,20
84.02777910232544,behavior_h4096,4096,41,21
77.49999761581421,behavior_h4096,4096,41,22
71.79487347602844,behavior_h4096,4096,41,23
63.95348906517029,behavior_h4096,4096,41,24
69.2307710647583,behavior_h4096,4096,41,25
74.79674816131592,behavior_h4096,4096,41,26
76.106196641922,behavior_h4096,4096,41,27
84.3137264251709,behavior_h4096,4096,41,28
68.42105388641357,behavior_h4096,4096,41,29
79.43925261497498,behavior_h4096,4096,41,30
83.33333134651184,behavior_h4096,4096,41,31
71.84466123580933,behavior_h4096,4096,41,32
75.67567825317383,behavior_h4096,4096,41,33
71.42857313156128,behavior_h4096,4096,41,34
72.34042286872864,behavior_h4096,4096,41,35
76.6233742237091,behavior_h4096,4096,41,36
67.5159215927124,behavior_h4096,4096,41,37
77.62237787246704,behavior_h4096,4096,41,38
69.29824352264404,behavior_h4096,4096,41,39
71.01449370384216,behavior_h4096,4096,41,40
66.2162184715271,behavior_h4096,4096,41,41
74.57627058029175,behavior_h4096,4096,42,1
83.84615182876587,behavior_h4096,4096,42,2
69.17808055877686,behavior_h4096,4096,42,3
80.68181872367859,behavior_h4096,4096,42,4
78.125,behavior_h4096,4096,42,5
75.0,behavior_h4096,4096,42,6
73.0434775352478,behavior_h4096,4096,42,7
78.19548845291138,behavior_h4096,4096,42,8
78.3582091331482,behavior_h4096,4096,42,9
78.98550629615784,behavior_h4096,4096,42,10
68.00000071525574,behavior_h4096,4096,42,11
71.55172228813171,behavior_h4096,4096,42,12
80.31495809555054,behavior_h4096,4096,42,13
81.81818127632141,behavior_h4096,4096,42,14
68.96551847457886,behavior_h4096,4096,42,15
71.42857313156128,behavior_h4096,4096,42,16
77.77777910232544,behavior_h4096,4096,42,17
84.9056601524353,behavior_h4096,4096,42,18
72.47706651687622,behavior_h4096,4096,42,19
68.31682920455933,behavior_h4096,4096,42,20
82.63888955116272,behavior_h4096,4096,42,21
75.83333253860474,behavior_h4096,4096,42,22
68.37607026100159,behavior_h4096,4096,42,23
60.4651153087616,behavior_h4096,4096,42,24
66.15384817123413,behavior_h4096,4096,42,25
73.98374080657959,behavior_h4096,4096,42,26
72.56637215614319,behavior_h4096,4096,42,27
84.3137264251709,behavior_h4096,4096,42,28
65.78947305679321,behavior_h4096,4096,42,29
78.03738117218018,behavior_h4096,4096,42,30
81.57894611358643,behavior_h4096,4096,42,31
70.8737850189209,behavior_h4096,4096,42,32
73.87387156486511,behavior_h4096,4096,42,33
72.85714149475098,behavior_h4096,4096,42,34
75.17730593681335,behavior_h4096,4096,42,35
79.8701286315918,behavior_h4096,4096,42,36
70.06369233131409,behavior_h4096,4096,42,37
77.62237787246704,behavior_h4096,4096,42,38
68.42105388641357,behavior_h4096,4096,42,39
74.63768124580383,behavior_h4096,4096,42,40
51.35135054588318,behavior_h4096,4096,42,41
70.58823704719543,behavior_h4096,4096,42,42
74.57627058029175,behavior_h4096,4096,43,1
84.61538553237915,behavior_h4096,4096,43,2
69.8630154132843,behavior_h4096,4096,43,3
79.54545617103577,behavior_h4096,4096,43,4
78.90625,behavior_h4096,4096,43,5
76.66666507720947,behavior_h4096,4096,43,6
73.9130437374115,behavior_h4096,4096,43,7
78.94737124443054,behavior_h4096,4096,43,8
77.61194109916687,behavior_h4096,4096,43,9
77.53623127937317,behavior_h4096,4096,43,10
69.9999988079071,behavior_h4096,4096,43,11
70.68965435028076,behavior_h4096,4096,43,12
76.37795209884644,behavior_h4096,4096,43,13
83.33333134651184,behavior_h4096,4096,43,14
66.37930870056152,behavior_h4096,4096,43,15
72.93233275413513,behavior_h4096,4096,43,16
76.98412537574768,behavior_h4096,4096,43,17
83.01886916160583,behavior_h4096,4096,43,18
70.64220309257507,behavior_h4096,4096,43,19
68.31682920455933,behavior_h4096,4096,43,20
80.55555820465088,behavior_h4096,4096,43,21
77.49999761581421,behavior_h4096,4096,43,22
69.2307710647583,behavior_h4096,4096,43,23
62.79069781303406,behavior_h4096,4096,43,24
66.15384817123413,behavior_h4096,4096,43,25
76.42276287078857,behavior_h4096,4096,43,26
75.2212405204773,behavior_h4096,4096,43,27
83.33333134651184,behavior_h4096,4096,43,28
66.66666865348816,behavior_h4096,4096,43,29
78.50467562675476,behavior_h4096,4096,43,30
76.31579041481018,behavior_h4096,4096,43,31
66.99029207229614,behavior_h4096,4096,43,32
74.77477192878723,behavior_h4096,4096,43,33
69.9999988079071,behavior_h4096,4096,43,34
71.6312050819397,behavior_h4096,4096,43,35
80.51947951316833,behavior_h4096,4096,43,36
63.05732727050781,behavior_h4096,4096,43,37
75.52447319030762,behavior_h4096,4096,43,38
67.54385828971863,behavior_h4096,4096,43,39
69.5652186870575,behavior_h4096,4096,43,40
56.75675868988037,behavior_h4096,4096,43,41
53.67646813392639,behavior_h4096,4096,43,42
80.20833134651184,behavior_h4096,4096,43,43
70.3389823436737,behavior_h4096,4096,44,1
73.07692170143127,behavior_h4096,4096,44,2
65.06849527359009,behavior_h4096,4096,44,3
79.54545617103577,behavior_h4096,4096,44,4
78.90625,behavior_h4096,4096,44,5
70.83333134651184,behavior_h4096,4096,44,6
73.0434775352478,behavior_h4096,4096,44,7
75.93985199928284,behavior_h4096,4096,44,8
76.11940503120422,behavior_h4096,4096,44,9
74.63768124580383,behavior_h4096,4096,44,10
68.99999976158142,behavior_h4096,4096,44,11
64.65517282485962,behavior_h4096,4096,44,12
73.22834730148315,behavior_h4096,4096,44,13
78.03030014038086,behavior_h4096,4096,44,14
64.65517282485962,behavior_h4096,4096,44,15
69.92481350898743,behavior_h4096,4096,44,16
76.98412537574768,behavior_h4096,4096,44,17
82.07547068595886,behavior_h4096,4096,44,18
68.80733966827393,behavior_h4096,4096,44,19
61.38613820075989,behavior_h4096,4096,44,20
79.16666865348816,behavior_h4096,4096,44,21
73.33333492279053,behavior_h4096,4096,44,22
70.94017267227173,behavior_h4096,4096,44,23
55.81395626068115,behavior_h4096,4096,44,24
61.538463830947876,behavior_h4096,4096,44,25
69.10569071769714,behavior_h4096,4096,44,26
65.48672318458557,behavior_h4096,4096,44,27
80.39215803146362,behavior_h4096,4096,44,28
62.28070259094238,behavior_h4096,4096,44,29
78.50467562675476,behavior_h4096,4096,44,30
68.42105388641357,behavior_h4096,4096,44,31
67.96116232872009,behavior_h4096,4096,44,32
77.47747898101807,behavior_h4096,4096,44,33
80.0000011920929,behavior_h4096,4096,44,34
75.8865237236023,behavior_h4096,4096,44,35
81.81818127632141,behavior_h4096,4096,44,36
70.06369233131409,behavior_h4096,4096,44,37
83.21678042411804,behavior_h4096,4096,44,38
71.05262875556946,behavior_h4096,4096,44,39
75.36231875419617,behavior_h4096,4096,44,40
60.81081032752991,behavior_h4096,4096,44,41
56.61764740943909,behavior_h4096,4096,44,42
68.75,behavior_h4096,4096,44,43
69.8630154132843,behavior_h4096,4096,44,44
69.4915235042572,behavior_h4096,4096,45,1
78.46153974533081,behavior_h4096,4096,45,2
68.49315166473389,behavior_h4096,4096,45,3
78.40909361839294,behavior_h4096,4096,45,4
74.21875,behavior_h4096,4096,45,5
69.9999988079071,behavior_h4096,4096,45,6
70.43478488922119,behavior_h4096,4096,45,7
77.44361162185669,behavior_h4096,4096,45,8
75.3731369972229,behavior_h4096,4096,45,9
76.0869562625885,behavior_h4096,4096,45,10
64.99999761581421,behavior_h4096,4096,45,11
69.82758641242981,behavior_h4096,4096,45,12
74.01574850082397,behavior_h4096,4096,45,13
79.54545617103577,behavior_h4096,4096,45,14
62.068963050842285,behavior_h4096,4096,45,15
69.17293071746826,behavior_h4096,4096,45,16
75.39682388305664,behavior_h4096,4096,45,17
79.24528121948242,behavior_h4096,4096,45,18
66.97247624397278,behavior_h4096,4096,45,19
61.38613820075989,behavior_h4096,4096,45,20
79.86111044883728,behavior_h4096,4096,45,21
70.83333134651184,behavior_h4096,4096,45,22
66.66666865348816,behavior_h4096,4096,45,23
54.65116500854492,behavior_h4096,4096,45,24
66.15384817123413,behavior_h4096,4096,45,25
74.79674816131592,behavior_h4096,4096,45,26
68.14159154891968,behavior_h4096,4096,45,27
81.3725471496582,behavior_h4096,4096,45,28
65.78947305679321,behavior_h4096,4096,45,29
76.63551568984985,behavior_h4096,4096,45,30
78.0701756477356,behavior_h4096,4096,45,31
63.10679316520691,behavior_h4096,4096,45,32
75.67567825317383,behavior_h4096,4096,45,33
69.9999988079071,behavior_h4096,4096,45,34
72.34042286872864,behavior_h4096,4096,45,35
82.46753215789795,behavior_h4096,4096,45,36
66.8789803981781,behavior_h4096,4096,45,37
79.02097702026367,behavior_h4096,4096,45,38
66.66666865348816,behavior_h4096,4096,45,39
73.18840622901917,behavior_h4096,4096,45,40
55.40540814399719,behavior_h4096,4096,45,41
56.61764740943909,behavior_h4096,4096,45,42
67.70833134651184,behavior_h4096,4096,45,43
65.75342416763306,behavior_h4096,4096,45,44
91.42857193946838,behavior_h4096,4096,45,45
73.72881174087524,behavior_h4096,4096,46,1
80.7692289352417,behavior_h4096,4096,46,2
71.23287916183472,behavior_h4096,4096,46,3
76.13636255264282,behavior_h4096,4096,46,4
75.78125,behavior_h4096,4096,46,5
71.66666388511658,behavior_h4096,4096,46,6
72.1739113330841,behavior_h4096,4096,46,7
77.44361162185669,behavior_h4096,4096,46,8
76.11940503120422,behavior_h4096,4096,46,9
78.2608687877655,behavior_h4096,4096,46,10
68.99999976158142,behavior_h4096,4096,46,11
65.51724076271057,behavior_h4096,4096,46,12
80.31495809555054,behavior_h4096,4096,46,13
75.75757503509521,behavior_h4096,4096,46,14
66.37930870056152,behavior_h4096,4096,46,15
66.16541147232056,behavior_h4096,4096,46,16
73.01587462425232,behavior_h4096,4096,46,17
80.1886796951294,behavior_h4096,4096,46,18
73.39449524879456,behavior_h4096,4096,46,19
61.38613820075989,behavior_h4096,4096,46,20
77.77777910232544,behavior_h4096,4096,46,21
71.66666388511658,behavior_h4096,4096,46,22
65.81196784973145,behavior_h4096,4096,46,23
55.81395626068115,behavior_h4096,4096,46,24
61.538463830947876,behavior_h4096,4096,46,25
72.35772609710693,behavior_h4096,4096,46,26
69.02654767036438,behavior_h4096,4096,46,27
78.43137383460999,behavior_h4096,4096,46,28
64.91228342056274,behavior_h4096,4096,46,29
75.70093274116516,behavior_h4096,4096,46,30
76.31579041481018,behavior_h4096,4096,46,31
68.93203854560852,behavior_h4096,4096,46,32
71.17117047309875,behavior_h4096,4096,46,33
68.57143044471741,behavior_h4096,4096,46,34
70.21276354789734,behavior_h4096,4096,46,35
79.22077775001526,behavior_h4096,4096,46,36
60.50955653190613,behavior_h4096,4096,46,37
76.92307829856873,behavior_h4096,4096,46,38
64.91228342056274,behavior_h4096,4096,46,39
68.11594367027283,behavior_h4096,4096,46,40
56.75675868988037,behavior_h4096,4096,46,41
57.35294222831726,behavior_h4096,4096,46,42
69.79166865348816,behavior_h4096,4096,46,43
63.01369667053223,behavior_h4096,4096,46,44
85.71428656578064,behavior_h4096,4096,46,45
73.22834730148315,behavior_h4096,4096,46,46
70.3389823436737,behavior_h4096,4096,47,1
77.69230604171753,behavior_h4096,4096,47,2
68.49315166473389,behavior_h4096,4096,47,3
76.70454382896423,behavior_h4096,4096,47,4
75.78125,behavior_h4096,4096,47,5
69.9999988079071,behavior_h4096,4096,47,6
69.5652186870575,behavior_h4096,4096,47,7
72.18044996261597,behavior_h4096,4096,47,8
73.13432693481445,behavior_h4096,4096,47,9
73.18840622901917,behavior_h4096,4096,47,10
64.99999761581421,behavior_h4096,4096,47,11
70.68965435028076,behavior_h4096,4096,47,12
74.01574850082397,behavior_h4096,4096,47,13
68.18181872367859,behavior_h4096,4096,47,14
63.79310488700867,behavior_h4096,4096,47,15
68.42105388641357,behavior_h4096,4096,47,16
69.84127163887024,behavior_h4096,4096,47,17
82.07547068595886,behavior_h4096,4096,47,18
71.55963182449341,behavior_h4096,4096,47,19
61.38613820075989,behavior_h4096,4096,47,20
77.77777910232544,behavior_h4096,4096,47,21
68.33333373069763,behavior_h4096,4096,47,22
67.52136945724487,behavior_h4096,4096,47,23
55.81395626068115,behavior_h4096,4096,47,24
61.538463830947876,behavior_h4096,4096,47,25
73.17073345184326,behavior_h4096,4096,47,26
66.37167930603027,behavior_h4096,4096,47,27
79.41176295280457,behavior_h4096,4096,47,28
63.15789222717285,behavior_h4096,4096,47,29
75.23364424705505,behavior_h4096,4096,47,30
71.05262875556946,behavior_h4096,4096,47,31
66.01941585540771,behavior_h4096,4096,47,32
68.4684693813324,behavior_h4096,4096,47,33
65.71428775787354,behavior_h4096,4096,47,34
69.5035457611084,behavior_h4096,4096,47,35
79.22077775001526,behavior_h4096,4096,47,36
62.42038011550903,behavior_h4096,4096,47,37
79.02097702026367,behavior_h4096,4096,47,38
69.29824352264404,behavior_h4096,4096,47,39
73.18840622901917,behavior_h4096,4096,47,40
62.162160873413086,behavior_h4096,4096,47,41
54.411762952804565,behavior_h4096,4096,47,42
66.66666865348816,behavior_h4096,4096,47,43
63.01369667053223,behavior_h4096,4096,47,44
78.09523940086365,behavior_h4096,4096,47,45
61.41732335090637,behavior_h4096,4096,47,46
75.2212405204773,behavior_h4096,4096,47,47
78.81355881690979,behavior_h4096,4096,48,1
79.23076748847961,behavior_h4096,4096,48,2
69.8630154132843,behavior_h4096,4096,48,3
81.25,behavior_h4096,4096,48,4
77.34375,behavior_h4096,4096,48,5
74.16666746139526,behavior_h4096,4096,48,6
80.86956739425659,behavior_h4096,4096,48,7
72.18044996261597,behavior_h4096,4096,48,8
75.3731369972229,behavior_h4096,4096,48,9
76.0869562625885,behavior_h4096,4096,48,10
75.99999904632568,behavior_h4096,4096,48,11
73.2758641242981,behavior_h4096,4096,48,12
77.16535329818726,behavior_h4096,4096,48,13
78.78788113594055,behavior_h4096,4096,48,14
74.13793206214905,behavior_h4096,4096,48,15
70.67669034004211,behavior_h4096,4096,48,16
78.57142686843872,behavior_h4096,4096,48,17
83.01886916160583,behavior_h4096,4096,48,18
73.39449524879456,behavior_h4096,4096,48,19
67.32673048973083,behavior_h4096,4096,48,20
80.55555820465088,behavior_h4096,4096,48,21
77.49999761581421,behavior_h4096,4096,48,22
72.64957427978516,behavior_h4096,4096,48,23
66.27907156944275,behavior_h4096,4096,48,24
61.538463830947876,behavior_h4096,4096,48,25
70.7317054271698,behavior_h4096,4096,48,26
72.56637215614319,behavior_h4096,4096,48,27
76.47058963775635,behavior_h4096,4096,48,28
65.78947305679321,behavior_h4096,4096,48,29
79.90654110908508,behavior_h4096,4096,48,30
77.19298005104065,behavior_h4096,4096,48,31
69.90291476249695,behavior_h4096,4096,48,32
77.47747898101807,behavior_h4096,4096,48,33
78.57142686843872,behavior_h4096,4096,48,34
73.758864402771,behavior_h4096,4096,48,35
84.41558480262756,behavior_h4096,4096,48,36
68.78980994224548,behavior_h4096,4096,48,37
83.91608595848083,behavior_h4096,4096,48,38
73.68420958518982,behavior_h4096,4096,48,39
78.98550629615784,behavior_h4096,4096,48,40
70.27027010917664,behavior_h4096,4096,48,41
65.4411792755127,behavior_h4096,4096,48,42
73.95833134651184,behavior_h4096,4096,48,43
68.49315166473389,behavior_h4096,4096,48,44
87.61904835700989,behavior_h4096,4096,48,45
66.92913174629211,behavior_h4096,4096,48,46
71.68141603469849,behavior_h4096,4096,48,47
73.9130437374115,behavior_h4096,4096,48,48
77.11864113807678,behavior_h4096,4096,49,1
75.38461685180664,behavior_h4096,4096,49,2
67.80821681022644,behavior_h4096,4096,49,3
77.84090638160706,behavior_h4096,4096,49,4
73.4375,behavior_h4096,4096,49,5
73.33333492279053,behavior_h4096,4096,49,6
70.43478488922119,behavior_h4096,4096,49,7
74.43609237670898,behavior_h4096,4096,49,8
79.10447716712952,behavior_h4096,4096,49,9
71.7391312122345,behavior_h4096,4096,49,10
62.99999952316284,behavior_h4096,4096,49,11
75.0,behavior_h4096,4096,49,12
78.7401556968689,behavior_h4096,4096,49,13
71.96969985961914,behavior_h4096,4096,49,14
65.51724076271057,behavior_h4096,4096,49,15
67.66917109489441,behavior_h4096,4096,49,16
76.1904776096344,behavior_h4096,4096,49,17
83.96226167678833,behavior_h4096,4096,49,18
68.80733966827393,behavior_h4096,4096,49,19
68.31682920455933,behavior_h4096,4096,49,20
83.33333134651184,behavior_h4096,4096,49,21
71.66666388511658,behavior_h4096,4096,49,22
65.81196784973145,behavior_h4096,4096,49,23
60.4651153087616,behavior_h4096,4096,49,24
63.07692527770996,behavior_h4096,4096,49,25
70.7317054271698,behavior_h4096,4096,49,26
70.79645991325378,behavior_h4096,4096,49,27
80.39215803146362,behavior_h4096,4096,49,28
63.15789222717285,behavior_h4096,4096,49,29
76.16822719573975,behavior_h4096,4096,49,30
74.56140518188477,behavior_h4096,4096,49,31
70.8737850189209,behavior_h4096,4096,49,32
76.57657861709595,behavior_h4096,4096,49,33
74.28571581840515,behavior_h4096,4096,49,34
74.46808218955994,behavior_h4096,4096,49,35
81.16883039474487,behavior_h4096,4096,49,36
67.5159215927124,behavior_h4096,4096,49,37
82.51748085021973,behavior_h4096,4096,49,38
70.17543911933899,behavior_h4096,4096,49,39
73.9130437374115,behavior_h4096,4096,49,40
59.45945978164673,behavior_h4096,4096,49,41
72.0588207244873,behavior_h4096,4096,49,42
70.83333134651184,behavior_h4096,4096,49,43
61.64383292198181,behavior_h4096,4096,49,44
82.85714387893677,behavior_h4096,4096,49,45
64.56692814826965,behavior_h4096,4096,49,46
72.56637215614319,behavior_h4096,4096,49,47
60.86956262588501,behavior_h4096,4096,49,48
74.03846383094788,behavior_h4096,4096,49,49
74.57627058029175,behavior_h4096,4096,50,1
73.84615540504456,behavior_h4096,4096,50,2
65.06849527359009,behavior_h4096,4096,50,3
74.43181872367859,behavior_h4096,4096,50,4
72.65625,behavior_h4096,4096,50,5
69.16666626930237,behavior_h4096,4096,50,6
69.5652186870575,behavior_h4096,4096,50,7
72.93233275413513,behavior_h4096,4096,50,8
77.61194109916687,behavior_h4096,4096,50,9
76.0869562625885,behavior_h4096,4096,50,10
62.99999952316284,behavior_h4096,4096,50,11
70.68965435028076,behavior_h4096,4096,50,12
77.95275449752808,behavior_h4096,4096,50,13
73.48484992980957,behavior_h4096,4096,50,14
65.51724076271057,behavior_h4096,4096,50,15
67.66917109489441,behavior_h4096,4096,50,16
73.8095223903656,behavior_h4096,4096,50,17
78.30188870429993,behavior_h4096,4096,50,18
66.97247624397278,behavior_h4096,4096,50,19
62.37623691558838,behavior_h4096,4096,50,20
83.33333134651184,behavior_h4096,4096,50,21
68.33333373069763,behavior_h4096,4096,50,22
64.10256624221802,behavior_h4096,4096,50,23
60.4651153087616,behavior_h4096,4096,50,24
61.538463830947876,behavior_h4096,4096,50,25
73.98374080657959,behavior_h4096,4096,50,26
66.37167930603027,behavior_h4096,4096,50,27
81.3725471496582,behavior_h4096,4096,50,28
64.91228342056274,behavior_h4096,4096,50,29
77.57009267807007,behavior_h4096,4096,50,30
71.9298243522644,behavior_h4096,4096,50,31
66.99029207229614,behavior_h4096,4096,50,32
76.57657861709595,behavior_h4096,4096,50,33
71.42857313156128,behavior_h4096,4096,50,34
76.59574747085571,behavior_h4096,4096,50,35
83.11688303947449,behavior_h4096,4096,50,36
70.06369233131409,behavior_h4096,4096,50,37
81.1188817024231,behavior_h4096,4096,50,38
66.66666865348816,behavior_h4096,4096,50,39
71.01449370384216,behavior_h4096,4096,50,40
56.75675868988037,behavior_h4096,4096,50,41
58.088237047195435,behavior_h4096,4096,50,42
66.66666865348816,behavior_h4096,4096,50,43
61.64383292198181,behavior_h4096,4096,50,44
83.80952477455139,behavior_h4096,4096,50,45
67.71653294563293,behavior_h4096,4096,50,46
69.02654767036438,behavior_h4096,4096,50,47
64.3478274345398,behavior_h4096,4096,50,48
68.2692289352417,behavior_h4096,4096,50,49
86.36363744735718,behavior_h4096,4096,50,50
96.61017060279846,behavior_h8192,8192,1,1
92.37288236618042,behavior_h8192,8192,2,1
86.92307472229004,behavior_h8192,8192,2,2
87.28813529014587,behavior_h8192,8192,3,1
86.92307472229004,behavior_h8192,8192,3,2
78.76712083816528,behavior_h8192,8192,3,3
88.98305296897888,behavior_h8192,8192,4,1
80.7692289352417,behavior_h8192,8192,4,2
82.87671208381653,behavior_h8192,8192,4,3
88.63636255264282,behavior_h8192,8192,4,4
87.28813529014587,behavior_h8192,8192,5,1
81.53846263885498,behavior_h8192,8192,5,2
82.19178318977356,behavior_h8192,8192,5,3
85.79545617103577,behavior_h8192,8192,5,4
80.46875,behavior_h8192,8192,5,5
86.44067645072937,behavior_h8192,8192,6,1
79.23076748847961,behavior_h8192,8192,6,2
80.82191944122314,behavior_h8192,8192,6,3
86.36363744735718,behavior_h8192,8192,6,4
84.375,behavior_h8192,8192,6,5
81.66666626930237,behavior_h8192,8192,6,6
85.59321761131287,behavior_h8192,8192,7,1
76.92307829856873,behavior_h8192,8192,7,2
77.39726305007935,behavior_h8192,8192,7,3
84.09090638160706,behavior_h8192,8192,7,4
85.15625,behavior_h8192,8192,7,5
78.33333611488342,behavior_h8192,8192,7,6
68.6956524848938,behavior_h8192,8192,7,7
88.98305296897888,behavior_h8192,8192,8,1
83.07692408561707,behavior_h8192,8192,8,2
81.50684833526611,behavior_h8192,8192,8,3
87.5,behavior_h8192,8192,8,4
82.8125,behavior_h8192,8192,8,5
81.66666626930237,behavior_h8192,8192,8,6
80.0000011920929,behavior_h8192,8192,8,7
89.47368264198303,behavior_h8192,8192,8,8
86.44067645072937,behavior_h8192,8192,9,1
82.30769038200378,behavior_h8192,8192,9,2
82.19178318977356,behavior_h8192,8192,9,3
86.36363744735718,behavior_h8192,8192,9,4
79.6875,behavior_h8192,8192,9,5
80.0000011920929,behavior_h8192,8192,9,6
76.52173638343811,behavior_h8192,8192,9,7
86.46616339683533,behavior_h8192,8192,9,8
76.11940503120422,behavior_h8192,8192,9,9
88.13559412956238,behavior_h8192,8192,10,1
81.53846263885498,behavior_h8192,8192,10,2
79.45205569267273,behavior_h8192,8192,10,3
86.36363744735718,behavior_h8192,8192,10,4
79.6875,behavior_h8192,8192,10,5
77.49999761581421,behavior_h8192,8192,10,6
74.7826099395752,behavior_h8192,8192,10,7
87.21804618835449,behavior_h8192,8192,10,8
70.89552283287048,behavior_h8192,8192,10,9
74.63768124580383,behavior_h8192,8192,10,10
86.44067645072937,behavior_h8192,8192,11,1
80.7692289352417,behavior_h8192,8192,11,2
77.39726305007935,behavior_h8192,8192,11,3
85.79545617103577,behavior_h8192,8192,11,4
78.90625,behavior_h8192,8192,11,5
75.83333253860474,behavior_h8192,8192,11,6
73.0434775352478,behavior_h8192,8192,11,7
85.71428656578064,behavior_h8192,8192,11,8
71.6417908668518,behavior_h8192,8192,11,9
78.2608687877655,behavior_h8192,8192,11,10
68.99999976158142,behavior_h8192,8192,11,11
84.74576473236084,behavior_h8192,8192,12,1
77.69230604171753,behavior_h8192,8192,12,2
80.1369845867157,behavior_h8192,8192,12,3
85.22727489471436,behavior_h8192,8192,12,4
84.375,behavior_h8192,8192,12,5
78.33333611488342,behavior_h8192,8192,12,6
74.7826099395752,behavior_h8192,8192,12,7
84.21052694320679,behavior_h8192,8192,12,8
67.16417670249939,behavior_h8192,8192,12,9
76.81159377098083,behavior_h8192,8192,12,10
75.99999904632568,behavior_h8192,8192,12,11
80.17241358757019,behavior_h8192,8192,12,12
83.05084705352783,behavior_h8192,8192,13,1
79.23076748847961,behavior_h8192,8192,13,2
76.7123281955719,behavior_h8192,8192,13,3
82.95454382896423,behavior_h8192,8192,13,4
76.5625,behavior_h8192,8192,13,5
75.0,behavior_h8192,8192,13,6
72.1739113330841,behavior_h8192,8192,13,7
85.71428656578064,behavior_h8192,8192,13,8
73.13432693481445,behavior_h8192,8192,13,9
78.98550629615784,behavior_h8192,8192,13,10
75.0,behavior_h8192,8192,13,11
81.03448152542114,behavior_h8192,8192,13,12
81.10235929489136,behavior_h8192,8192,13,13
82.20338821411133,behavior_h8192,8192,14,1
78.46153974533081,behavior_h8192,8192,14,2
76.7123281955719,behavior_h8192,8192,14,3
84.09090638160706,behavior_h8192,8192,14,4
80.46875,behavior_h8192,8192,14,5
76.66666507720947,behavior_h8192,8192,14,6
71.30434513092041,behavior_h8192,8192,14,7
84.21052694320679,behavior_h8192,8192,14,8
66.41790866851807,behavior_h8192,8192,14,9
74.63768124580383,behavior_h8192,8192,14,10
73.00000190734863,behavior_h8192,8192,14,11
77.58620977401733,behavior_h8192,8192,14,12
82.67716765403748,behavior_h8192,8192,14,13
72.72727489471436,behavior_h8192,8192,14,14
83.89830589294434,behavior_h8192,8192,15,1
76.92307829856873,behavior_h8192,8192,15,2
75.34246444702148,behavior_h8192,8192,15,3
86.93181872367859,behavior_h8192,8192,15,4
77.34375,behavior_h8192,8192,15,5
78.33333611488342,behavior_h8192,8192,15,6
67.8260862827301,behavior_h8192,8192,15,7
83.45864415168762,behavior_h8192,8192,15,8
65.67164063453674,behavior_h8192,8192,15,9
69.5652186870575,behavior_h8192,8192,15,10
72.00000286102295,behavior_h8192,8192,15,11
74.13793206214905,behavior_h8192,8192,15,12
78.7401556968689,behavior_h8192,8192,15,13
71.96969985961914,behavior_h8192,8192,15,14
57.758623361587524,behavior_h8192,8192,15,15
86.44067645072937,behavior_h8192,8192,16,1
81.53846263885498,behavior_h8192,8192,16,2
79.45205569267273,behavior_h8192,8192,16,3
89.77272510528564,behavior_h8192,8192,16,4
85.15625,behavior_h8192,8192,16,5
82.4999988079071,behavior_h8192,8192,16,6
81.73912763595581,behavior_h8192,8192,16,7
87.21804618835449,behavior_h8192,8192,16,8
78.3582091331482,behavior_h8192,8192,16,9
81.15941882133484,behavior_h8192,8192,16,10
86.00000143051147,behavior_h8192,8192,16,11
81.8965494632721,behavior_h8192,8192,16,12
83.4645688533783,behavior_h8192,8192,16,13
81.81818127632141,behavior_h8192,8192,16,14
75.0,behavior_h8192,8192,16,15
79.69924807548523,behavior_h8192,8192,16,16
86.44067645072937,behavior_h8192,8192,17,1
82.30769038200378,behavior_h8192,8192,17,2
76.02739930152893,behavior_h8192,8192,17,3
89.20454382896423,behavior_h8192,8192,17,4
84.375,behavior_h8192,8192,17,5
84.16666388511658,behavior_h8192,8192,17,6
80.0000011920929,behavior_h8192,8192,17,7
86.46616339683533,behavior_h8192,8192,17,8
76.86567306518555,behavior_h8192,8192,17,9
78.98550629615784,behavior_h8192,8192,17,10
81.00000023841858,behavior_h8192,8192,17,11
79.31034564971924,behavior_h8192,8192,17,12
80.31495809555054,behavior_h8192,8192,17,13
81.0606062412262,behavior_h8192,8192,17,14
68.96551847457886,behavior_h8192,8192,17,15
77.44361162185669,behavior_h8192,8192,17,16
76.98412537574768,behavior_h8192,8192,17,17
86.44067645072937,behavior_h8192,8192,18,1
80.7692289352417,behavior_h8192,8192,18,2
76.02739930152893,behavior_h8192,8192,18,3
89.77272510528564,behavior_h8192,8192,18,4
85.15625,behavior_h8192,8192,18,5
81.66666626930237,behavior_h8192,8192,18,6
78.2608687877655,behavior_h8192,8192,18,7
86.46616339683533,behavior_h8192,8192,18,8
78.3582091331482,behavior_h8192,8192,18,9
79.71014380455017,behavior_h8192,8192,18,10
81.99999928474426,behavior_h8192,8192,18,11
79.31034564971924,behavior_h8192,8192,18,12
81.88976645469666,behavior_h8192,8192,18,13
81.81818127632141,behavior_h8192,8192,18,14
72.41379022598267,behavior_h8192,8192,18,15
77.44361162185669,behavior_h8192,8192,18,16
79.36508059501648,behavior_h8192,8192,18,17
84.9056601524353,behavior_h8192,8192,18,18
83.05084705352783,behavior_h8192,8192,19,1
80.0000011920929,behavior_h8192,8192,19,2
74.65753555297852,behavior_h8192,8192,19,3
87.5,behavior_h8192,8192,19,4
82.03125,behavior_h8192,8192,19,5
78.33333611488342,behavior_h8192,8192,19,6
78.2608687877655,behavior_h8192,8192,19,7
87.96992301940918,behavior_h8192,8192,19,8
77.61194109916687,behavior_h8192,8192,19,9
76.0869562625885,behavior_h8192,8192,19,10
77.99999713897705,behavior_h8192,8192,19,11
77.58620977401733,behavior_h8192,8192,19,12
81.88976645469666,behavior_h8192,8192,19,13
81.0606062412262,behavior_h8192,8192,19,14
70.68965435028076,behavior_h8192,8192,19,15
72.93233275413513,behavior_h8192,8192,19,16
77.77777910232544,behavior_h8192,8192,19,17
86.79245114326477,behavior_h8192,8192,19,18
74.31192398071289,behavior_h8192,8192,19,19
83.89830589294434,behavior_h8192,8192,20,1
80.0000011920929,behavior_h8192,8192,20,2
76.7123281955719,behavior_h8192,8192,20,3
87.5,behavior_h8192,8192,20,4
81.25,behavior_h8192,8192,20,5
78.33333611488342,behavior_h8192,8192,20,6
75.65217614173889,behavior_h8192,8192,20,7
84.21052694320679,behavior_h8192,8192,20,8
78.3582091331482,behavior_h8192,8192,20,9
75.36231875419617,behavior_h8192,8192,20,10
79.00000214576721,behavior_h8192,8192,20,11
73.2758641242981,behavior_h8192,8192,20,12
81.88976645469666,behavior_h8192,8192,20,13
82.57575631141663,behavior_h8192,8192,20,14
71.55172228813171,behavior_h8192,8192,20,15
74.43609237670898,behavior_h8192,8192,20,16
83.33333134651184,behavior_h8192,8192,20,17
84.9056601524353,behavior_h8192,8192,20,18
83.48624110221863,behavior_h8192,8192,20,19
72.27723002433777,behavior_h8192,8192,20,20
84.74576473236084,behavior_h8192,8192,21,1
79.23076748847961,behavior_h8192,8192,21,2
75.34246444702148,behavior_h8192,8192,21,3
86.36363744735718,behavior_h8192,8192,21,4
80.46875,behavior_h8192,8192,21,5
75.83333253860474,behavior_h8192,8192,21,6
78.2608687877655,behavior_h8192,8192,21,7
82.70676732063293,behavior_h8192,8192,21,8
73.88059496879578,behavior_h8192,8192,21,9
75.36231875419617,behavior_h8192,8192,21,10
75.99999904632568,behavior_h8192,8192,21,11
75.0,behavior_h8192,8192,21,12
80.31495809555054,behavior_h8192,8192,21,13
81.81818127632141,behavior_h8192,8192,21,14
71.55172228813171,behavior_h8192,8192,21,15
72.93233275413513,behavior_h8192,8192,21,16
80.95238208770752,behavior_h8192,8192,21,17
79.24528121948242,behavior_h8192,8192,21,18
79.81651425361633,behavior_h8192,8192,21,19
72.27723002433777,behavior_h8192,8192,21,20
75.0,behavior_h8192,8192,21,21
85.59321761131287,behavior_h8192,8192,22,1
79.23076748847961,behavior_h8192,8192,22,2
76.02739930152893,behavior_h8192,8192,22,3
86.36363744735718,behavior_h8192,8192,22,4
78.90625,behavior_h8192,8192,22,5
79.16666865348816,behavior_h8192,8192,22,6
81.73912763595581,behavior_h8192,8192,22,7
80.45112490653992,behavior_h8192,8192,22,8
72.38805890083313,behavior_h8192,8192,22,9
77.53623127937317,behavior_h8192,8192,22,10
75.0,behavior_h8192,8192,22,11
72.41379022598267,behavior_h8192,8192,22,12
80.31495809555054,behavior_h8192,8192,22,13
78.03030014038086,behavior_h8192,8192,22,14
69.82758641242981,behavior_h8192,8192,22,15
71.42857313156128,behavior_h8192,8192,22,16
78.57142686843872,behavior_h8192,8192,22,17
78.30188870429993,behavior_h8192,8192,22,18
76.14678740501404,behavior_h8192,8192,22,19
73.26732873916626,behavior_h8192,8192,22,20
79.16666865348816,behavior_h8192,8192,22,21
77.49999761581421,behavior_h8192,8192,22,22
83.89830589294434,behavior_h8192,8192,23,1
80.0000011920929,behavior_h8192,8192,23,2
72.60273694992065,behavior_h8192,8192,23,3
84.09090638160706,behavior_h8192,8192,23,4
78.90625,behavior_h8192,8192,23,5
75.83333253860474,behavior_h8192,8192,23,6
78.2608687877655,behavior_h8192,8192,23,7
81.20300769805908,behavior_h8192,8192,23,8
72.38805890083313,behavior_h8192,8192,23,9
78.2608687877655,behavior_h8192,8192,23,10
70.99999785423279,behavior_h8192,8192,23,11
71.55172228813171,behavior_h8192,8192,23,12
80.31495809555054,behavior_h8192,8192,23,13
79.54545617103577,behavior_h8192,8192,23,14
66.37930870056152,behavior_h8192,8192,23,15
66.91729426383972,behavior_h8192,8192,23,16
71.42857313156128,behavior_h8192,8192,23,17
76.41509175300598,behavior_h8192,8192,23,18
71.55963182449341,behavior_h8192,8192,23,19
71.28713130950928,behavior_h8192,8192,23,20
78.47222089767456,behavior_h8192,8192,23,21
72.50000238418579,behavior_h8192,8192,23,22
65.81196784973145,behavior_h8192,8192,23,23
80.5084764957428,behavior_h8192,8192,24,1
80.0000011920929,behavior_h8192,8192,24,2
72.60273694992065,behavior_h8192,8192,24,3
84.65909361839294,behavior_h8192,8192,24,4
78.125,behavior_h8192,8192,24,5
75.83333253860474,behavior_h8192,8192,24,6
71.30434513092041,behavior_h8192,8192,24,7
81.20300769805908,behavior_h8192,8192,24,8
76.11940503120422,behavior_h8192,8192,24,9
76.0869562625885,behavior_h8192,8192,24,10
74.00000095367432,behavior_h8192,8192,24,11
75.86206793785095,behavior_h8192,8192,24,12
81.10235929489136,behavior_h8192,8192,24,13
78.03030014038086,behavior_h8192,8192,24,14
67.24137663841248,behavior_h8192,8192,24,15
70.67669034004211,behavior_h8192,8192,24,16
82.53968358039856,behavior_h8192,8192,24,17
83.01886916160583,behavior_h8192,8192,24,18
76.14678740501404,behavior_h8192,8192,24,19
61.38613820075989,behavior_h8192,8192,24,20
81.94444179534912,behavior_h8192,8192,24,21
76.66666507720947,behavior_h8192,8192,24,22
72.64957427978516,behavior_h8192,8192,24,23
68.60465407371521,behavior_h8192,8192,24,24
79.6610176563263,behavior_h8192,8192,25,1
79.23076748847961,behavior_h8192,8192,25,2
76.02739930152893,behavior_h8192,8192,25,3
84.09090638160706,behavior_h8192,8192,25,4
79.6875,behavior_h8192,8192,25,5
77.49999761581421,behavior_h8192,8192,25,6
73.9130437374115,behavior_h8192,8192,25,7
81.20300769805908,behavior_h8192,8192,25,8
68.65671873092651,behavior_h8192,8192,25,9
74.63768124580383,behavior_h8192,8192,25,10
72.00000286102295,behavior_h8192,8192,25,11
71.55172228813171,behavior_h8192,8192,25,12
79.52755689620972,behavior_h8192,8192,25,13
74.24242496490479,behavior_h8192,8192,25,14
67.24137663841248,behavior_h8192,8192,25,15
68.42105388641357,behavior_h8192,8192,25,16
78.57142686843872,behavior_h8192,8192,25,17
73.58490824699402,behavior_h8192,8192,25,18
77.98165082931519,behavior_h8192,8192,25,19
66.33663177490234,behavior_h8192,8192,25,20
81.25,behavior_h8192,8192,25,21
75.0,behavior_h8192,8192,25,22
65.81196784973145,behavior_h8192,8192,25,23
63.95348906517029,behavior_h8192,8192,25,24
67.69230961799622,behavior_h8192,8192,25,25
75.42372941970825,behavior_h8192,8192,26,1
72.30769395828247,behavior_h8192,8192,26,2
73.2876718044281,behavior_h8192,8192,26,3
80.68181872367859,behavior_h8192,8192,26,4
79.6875,behavior_h8192,8192,26,5
74.16666746139526,behavior_h8192,8192,26,6
67.8260862827301,behavior_h8192,8192,26,7
80.45112490653992,behavior_h8192,8192,26,8
71.6417908668518,behavior_h8192,8192,26,9
69.5652186870575,behavior_h8192,8192,26,10
70.99999785423279,behavior_h8192,8192,26,11
69.82758641242981,behavior_h8192,8192,26,12
81.10235929489136,behavior_h8192,8192,26,13
74.24242496490479,behavior_h8192,8192,26,14
66.37930870056152,behavior_h8192,8192,26,15
66.16541147232056,behavior_h8192,8192,26,16
75.39682388305664,behavior_h8192,8192,26,17
78.30188870429993,behavior_h8192,8192,26,18
68.80733966827393,behavior_h8192,8192,26,19
68.31682920455933,behavior_h8192,8192,26,20
82.63888955116272,behavior_h8192,8192,26,21
75.83333253860474,behavior_h8192,8192,26,22
72.64957427978516,behavior_h8192,8192,26,23
65.11628031730652,behavior_h8192,8192,26,24
69.2307710647583,behavior_h8192,8192,26,25
76.42276287078857,behavior_h8192,8192,26,26
72.88135886192322,behavior_h8192,8192,27,1
74.61538314819336,behavior_h8192,8192,27,2
72.60273694992065,behavior_h8192,8192,27,3
80.11363744735718,behavior_h8192,8192,27,4
75.78125,behavior_h8192,8192,27,5
75.0,behavior_h8192,8192,27,6
72.1739113330841,behavior_h8192,8192,27,7
80.45112490653992,behavior_h8192,8192,27,8
72.38805890083313,behavior_h8192,8192,27,9
73.18840622901917,behavior_h8192,8192,27,10
69.9999988079071,behavior_h8192,8192,27,11
65.51724076271057,behavior_h8192,8192,27,12
80.31495809555054,behavior_h8192,8192,27,13
71.96969985961914,behavior_h8192,8192,27,14
64.65517282485962,behavior_h8192,8192,27,15
68.42105388641357,behavior_h8192,8192,27,16
70.63491940498352,behavior_h8192,8192,27,17
72.64150977134705,behavior_h8192,8192,27,18
66.97247624397278,behavior_h8192,8192,27,19
64.35643434524536,behavior_h8192,8192,27,20
75.69444179534912,behavior_h8192,8192,27,21
68.33333373069763,behavior_h8192,8192,27,22
65.81196784973145,behavior_h8192,8192,27,23
68.60465407371521,behavior_h8192,8192,27,24
69.2307710647583,behavior_h8192,8192,27,25
70.7317054271698,behavior_h8192,8192,27,26
65.48672318458557,behavior_h8192,8192,27,27
77.96609997749329,behavior_h8192,8192,28,1
76.92307829856873,behavior_h8192,8192,28,2
75.34246444702148,behavior_h8192,8192,28,3
82.38636255264282,behavior_h8192,8192,28,4
78.125,behavior_h8192,8192,28,5
77.49999761581421,behavior_h8192,8192,28,6
67.8260862827301,behavior_h8192,8192,28,7
79.69924807548523,behavior_h8192,8192,28,8
73.88059496879578,behavior_h8192,8192,28,9
73.9130437374115,behavior_h8192,8192,28,10
70.99999785423279,behavior_h8192,8192,28,11
68.96551847457886,behavior_h8192,8192,28,12
79.52755689620972,behavior_h8192,8192,28,13
75.75757503509521,behavior_h8192,8192,28,14
66.37930870056152,behavior_h8192,8192,28,15
66.91729426383972,behavior_h8192,8192,28,16
71.42857313156128,behavior_h8192,8192,28,17
71.69811129570007,behavior_h8192,8192,28,18
64.2201840877533,behavior_h8192,8192,28,19
65.34653306007385,behavior_h8192,8192,28,20
79.16666865348816,behavior_h8192,8192,28,21
72.50000238418579,behavior_h8192,8192,28,22
66.66666865348816,behavior_h8192,8192,28,23
63.95348906517029,behavior_h8192,8192,28,24
67.69230961799622,behavior_h8192,8192,28,25
72.35772609710693,behavior_h8192,8192,28,26
67.25663542747498,behavior_h8192,8192,28,27
79.41176295280457,behavior_h8192,8192,28,28
79.6610176563263,behavior_h8192,8192,29,1
78.46153974533081,behavior_h8192,8192,29,2
75.34246444702148,behavior_h8192,8192,29,3
78.97727489471436,behavior_h8192,8192,29,4
73.4375,behavior_h8192,8192,29,5
74.16666746139526,behavior_h8192,8192,29,6
69.5652186870575,behavior_h8192,8192,29,7
81.20300769805908,behavior_h8192,8192,29,8
67.91045069694519,behavior_h8192,8192,29,9
73.9130437374115,behavior_h8192,8192,29,10
68.99999976158142,behavior_h8192,8192,29,11
69.82758641242981,behavior_h8192,8192,29,12
77.16535329818726,behavior_h8192,8192,29,13
75.75757503509521,behavior_h8192,8192,29,14
62.068963050842285,behavior_h8192,8192,29,15
66.91729426383972,behavior_h8192,8192,29,16
71.42857313156128,behavior_h8192,8192,29,17
73.58490824699402,behavior_h8192,8192,29,18
62.38532066345215,behavior_h8192,8192,29,19
64.35643434524536,behavior_h8192,8192,29,20
76.38888955116272,behavior_h8192,8192,29,21
71.66666388511658,behavior_h8192,8192,29,22
58.974361419677734,behavior_h8192,8192,29,23
61.62790656089783,behavior_h8192,8192,29,24
61.538463830947876,behavior_h8192,8192,29,25
68.29268336296082,behavior_h8192,8192,29,26
63.716816902160645,behavior_h8192,8192,29,27
76.47058963775635,behavior_h8192,8192,29,28
68.42105388641357,behavior_h8192,8192,29,29
77.11864113807678,behavior_h8192,8192,30,1
77.69230604171753,behavior_h8192,8192,30,2
73.2876718044281,behavior_h8192,8192,30,3
76.13636255264282,behavior_h8192,8192,30,4
71.09375,behavior_h8192,8192,30,5
74.16666746139526,behavior_h8192,8192,30,6
67.8260862827301,behavior_h8192,8192,30,7
80.45112490653992,behavior_h8192,8192,30,8
72.38805890083313,behavior_h8192,8192,30,9
73.9130437374115,behavior_h8192,8192,30,10
69.9999988079071,behavior_h8192,8192,30,11
69.82758641242981,behavior_h8192,8192,30,12
73.22834730148315,behavior_h8192,8192,30,13
68.9393937587738,behavior_h8192,8192,30,14
64.65517282485962,behavior_h8192,8192,30,15
66.91729426383972,behavior_h8192,8192,30,16
67.46031641960144,behavior_h8192,8192,30,17
74.52830076217651,behavior_h8192,8192,30,18
62.38532066345215,behavior_h8192,8192,30,19
64.35643434524536,behavior_h8192,8192,30,20
76.38888955116272,behavior_h8192,8192,30,21
69.9999988079071,behavior_h8192,8192,30,22
58.11966061592102,behavior_h8192,8192,30,23
61.62790656089783,behavior_h8192,8192,30,24
61.538463830947876,behavior_h8192,8192,30,25
64.2276406288147,behavior_h8192,8192,30,26
62.83186078071594,behavior_h8192,8192,30,27
76.47058963775635,behavior_h8192,8192,30,28
64.0350878238678,behavior_h8192,8192,30,29
75.70093274116516,behavior_h8192,8192,30,30
77.96609997749329,behavior_h8192,8192,31,1
76.15384459495544,behavior_h8192,8192,31,2
71.91780805587769,behavior_h8192,8192,31,3
73.86363744735718,behavior_h8192,8192,31,4
68.75,behavior_h8192,8192,31,5
74.16666746139526,behavior_h8192,8192,31,6
66.08695387840271,behavior_h8192,8192,31,7
78.94737124443054,behavior_h8192,8192,31,8
67.16417670249939,behavior_h8192,8192,31,9
71.7391312122345,behavior_h8192,8192,31,10
69.9999988079071,behavior_h8192,8192,31,11
67.24137663841248,behavior_h8192,8192,31,12
76.37795209884644,behavior_h8192,8192,31,13
67.42424368858337,behavior_h8192,8192,31,14
62.931036949157715,behavior_h8192,8192,31,15
66.16541147232056,behavior_h8192,8192,31,16
66.66666865348816,behavior_h8192,8192,31,17
69.8113203048706,behavior_h8192,8192,31,18
55.96330165863037,behavior_h8192,8192,31,19
63.36633563041687,behavior_h8192,8192,31,20
73.61111044883728,behavior_h8192,8192,31,21
66.66666865348816,behavior_h8192,8192,31,22
57.26495981216431,behavior_h8192,8192,31,23
58.139532804489136,behavior_h8192,8192,31,24
61.538463830947876,behavior_h8192,8192,31,25
67.47967600822449,behavior_h8192,8192,31,26
61.06194853782654,behavior_h8192,8192,31,27
76.47058963775635,behavior_h8192,8192,31,28
63.15789222717285,behavior_h8192,8192,31,29
71.96261882781982,behavior_h8192,8192,31,30
76.31579041481018,behavior_h8192,8192,31,31
82.20338821411133,behavior_h8192,8192,32,1
86.92307472229004,behavior_h8192,8192,32,2
78.08219194412231,behavior_h8192,8192,32,3
85.79545617103577,behavior_h8192,8192,32,4
82.03125,behavior_h8192,8192,32,5
80.83333373069763,behavior_h8192,8192,32,6
84.3478262424469,behavior_h8192,8192,32,7
83.45864415168762,behavior_h8192,8192,32,8
81.34328126907349,behavior_h8192,8192,32,9
76.0869562625885,behavior_h8192,8192,32,10
79.00000214576721,behavior_h8192,8192,32,11
79.31034564971924,behavior_h8192,8192,32,12
78.7401556968689,behavior_h8192,8192,32,13
84.09090638160706,behavior_h8192,8192,32,14
75.0,behavior_h8192,8192,32,15
75.93985199928284,behavior_h8192,8192,32,16
84.1269850730896,behavior_h8192,8192,32,17
85.84905862808228,behavior_h8192,8192,32,18
76.14678740501404,behavior_h8192,8192,32,19
73.26732873916626,behavior_h8192,8192,32,20
84.02777910232544,behavior_h8192,8192,32,21
79.16666865348816,behavior_h8192,8192,32,22
80.34188151359558,behavior_h8192,8192,32,23
69.76743936538696,behavior_h8192,8192,32,24
69.2307710647583,behavior_h8192,8192,32,25
78.04877758026123,behavior_h8192,8192,32,26
80.53097128868103,behavior_h8192,8192,32,27
85.29411554336548,behavior_h8192,8192,32,28
74.56140518188477,behavior_h8192,8192,32,29
83.17757248878479,behavior_h8192,8192,32,30
84.21052694320679,behavior_h8192,8192,32,31
77.66990065574646,behavior_h8192,8192,32,32
81.35592937469482,behavior_h8192,8192,33,1
86.92307472229004,behavior_h8192,8192,33,2
77.39726305007935,behavior_h8192,8192,33,3
81.25,behavior_h8192,8192,33,4
80.46875,behavior_h8192,8192,33,5
75.83333253860474,behavior_h8192,8192,33,6
84.3478262424469,behavior_h8192,8192,33,7
82.70676732063293,behavior_h8192,8192,33,8
80.59701323509216,behavior_h8192,8192,33,9
76.81159377098083,behavior_h8192,8192,33,10
74.00000095367432,behavior_h8192,8192,33,11
76.7241358757019,behavior_h8192,8192,33,12
77.95275449752808,behavior_h8192,8192,33,13
84.09090638160706,behavior_h8192,8192,33,14
75.0,behavior_h8192,8192,33,15
75.18796920776367,behavior_h8192,8192,33,16
82.53968358039856,behavior_h8192,8192,33,17
85.84905862808228,behavior_h8192,8192,33,18
75.2293586730957,behavior_h8192,8192,33,19
65.34653306007385,behavior_h8192,8192,33,20
85.41666865348816,behavior_h8192,8192,33,21
79.16666865348816,behavior_h8192,8192,33,22
79.48718070983887,behavior_h8192,8192,33,23
69.76743936538696,behavior_h8192,8192,33,24
72.30769395828247,behavior_h8192,8192,33,25
80.48780560493469,behavior_h8192,8192,33,26
81.41592741012573,behavior_h8192,8192,33,27
84.3137264251709,behavior_h8192,8192,33,28
74.56140518188477,behavior_h8192,8192,33,29
82.2429895401001,behavior_h8192,8192,33,30
85.9649121761322,behavior_h8192,8192,33,31
76.69903039932251,behavior_h8192,8192,33,32
71.17117047309875,behavior_h8192,8192,33,33
83.05084705352783,behavior_h8192,8192,34,1
86.15384697914124,behavior_h8192,8192,34,2
76.02739930152893,behavior_h8192,8192,34,3
82.38636255264282,behavior_h8192,8192,34,4
79.6875,behavior_h8192,8192,34,5
75.83333253860474,behavior_h8192,8192,34,6
85.2173924446106,behavior_h8192,8192,34,7
82.70676732063293,behavior_h8192,8192,34,8
82.08954930305481,behavior_h8192,8192,34,9
76.0869562625885,behavior_h8192,8192,34,10
75.99999904632568,behavior_h8192,8192,34,11
75.0,behavior_h8192,8192,34,12
77.95275449752808,behavior_h8192,8192,34,13
83.33333134651184,behavior_h8192,8192,34,14
75.86206793785095,behavior_h8192,8192,34,15
74.43609237670898,behavior_h8192,8192,34,16
83.33333134651184,behavior_h8192,8192,34,17
83.96226167678833,behavior_h8192,8192,34,18
75.2293586730957,behavior_h8192,8192,34,19
71.28713130950928,behavior_h8192,8192,34,20
86.11111044883728,behavior_h8192,8192,34,21
80.0000011920929,behavior_h8192,8192,34,22
79.48718070983887,behavior_h8192,8192,34,23
70.9302306175232,behavior_h8192,8192,34,24
72.30769395828247,behavior_h8192,8192,34,25
80.48780560493469,behavior_h8192,8192,34,26
81.41592741012573,behavior_h8192,8192,34,27
84.3137264251709,behavior_h8192,8192,34,28
72.80701994895935,behavior_h8192,8192,34,29
81.30841255187988,behavior_h8192,8192,34,30
83.33333134651184,behavior_h8192,8192,34,31
74.75728392601013,behavior_h8192,8192,34,32
73.87387156486511,behavior_h8192,8192,34,33
68.57143044471741,behavior_h8192,8192,34,34
84.74576473236084,behavior_h8192,8192,35,1
85.38461327552795,behavior_h8192,8192,35,2
77.39726305007935,behavior_h8192,8192,35,3
85.79545617103577,behavior_h8192,8192,35,4
80.46875,behavior_h8192,8192,35,5
75.83333253860474,behavior_h8192,8192,35,6
82.6086938381195,behavior_h8192,8192,35,7
81.95488452911377,behavior_h8192,8192,35,8
82.83582329750061,behavior_h8192,8192,35,9
76.0869562625885,behavior_h8192,8192,35,10
75.0,behavior_h8192,8192,35,11
75.0,behavior_h8192,8192,35,12
78.7401556968689,behavior_h8192,8192,35,13
81.0606062412262,behavior_h8192,8192,35,14
74.13793206214905,behavior_h8192,8192,35,15
73.68420958518982,behavior_h8192,8192,35,16
81.7460298538208,behavior_h8192,8192,35,17
82.07547068595886,behavior_h8192,8192,35,18
74.31192398071289,behavior_h8192,8192,35,19
64.35643434524536,behavior_h8192,8192,35,20
82.63888955116272,behavior_h8192,8192,35,21
80.0000011920929,behavior_h8192,8192,35,22
75.2136766910553,behavior_h8192,8192,35,23
67.44186282157898,behavior_h8192,8192,35,24
67.69230961799622,behavior_h8192,8192,35,25
76.42276287078857,behavior_h8192,8192,35,26
81.41592741012573,behavior_h8192,8192,35,27
85.29411554336548,behavior_h8192,8192,35,28
71.9298243522644,behavior_h8192,8192,35,29
81.77570104598999,behavior_h8192,8192,35,30
78.94737124443054,behavior_h8192,8192,35,31
74.75728392601013,behavior_h8192,8192,35,32
75.67567825317383,behavior_h8192,8192,35,33
62.85714507102966,behavior_h8192,8192,35,34
76.59574747085571,behavior_h8192,8192,35,35
82.20338821411133,behavior_h8192,8192,36,1
83.84615182876587,behavior_h8192,8192,36,2
78.76712083816528,behavior_h8192,8192,36,3
86.36363744735718,behavior_h8192,8192,36,4
81.25,behavior_h8192,8192,36,5
79.16666865348816,behavior_h8192,8192,36,6
82.6086938381195,behavior_h8192,8192,36,7
84.21052694320679,behavior_h8192,8192,36,8
78.3582091331482,behavior_h8192,8192,36,9
76.81159377098083,behavior_h8192,8192,36,10
77.99999713897705,behavior_h8192,8192,36,11
78.44827771186829,behavior_h8192,8192,36,12
77.16535329818726,behavior_h8192,8192,36,13
83.33333134651184,behavior_h8192,8192,36,14
76.7241358757019,behavior_h8192,8192,36,15
76.69172883033752,behavior_h8192,8192,36,16
83.33333134651184,behavior_h8192,8192,36,17
84.9056601524353,behavior_h8192,8192,36,18
76.14678740501404,behavior_h8192,8192,36,19
69.30692791938782,behavior_h8192,8192,36,20
82.63888955116272,behavior_h8192,8192,36,21
79.16666865348816,behavior_h8192,8192,36,22
76.92307829856873,behavior_h8192,8192,36,23
68.60465407371521,behavior_h8192,8192,36,24
72.30769395828247,behavior_h8192,8192,36,25
78.86179089546204,behavior_h8192,8192,36,26
75.2212405204773,behavior_h8192,8192,36,27
84.3137264251709,behavior_h8192,8192,36,28
75.43859481811523,behavior_h8192,8192,36,29
83.17757248878479,behavior_h8192,8192,36,30
82.45614171028137,behavior_h8192,8192,36,31
75.72815418243408,behavior_h8192,8192,36,32
80.18018007278442,behavior_h8192,8192,36,33
72.85714149475098,behavior_h8192,8192,36,34
75.17730593681335,behavior_h8192,8192,36,35
82.46753215789795,behavior_h8192,8192,36,36
82.20338821411133,behavior_h8192,8192,37,1
83.84615182876587,behavior_h8192,8192,37,2
72.60273694992065,behavior_h8192,8192,37,3
84.65909361839294,behavior_h8192,8192,37,4
80.46875,behavior_h8192,8192,37,5
77.49999761581421,behavior_h8192,8192,37,6
80.0000011920929,behavior_h8192,8192,37,7
81.95488452911377,behavior_h8192,8192,37,8
78.3582091331482,behavior_h8192,8192,37,9
78.2608687877655,behavior_h8192,8192,37,10
77.99999713897705,behavior_h8192,8192,37,11
75.0,behavior_h8192,8192,37,12
79.52755689620972,behavior_h8192,8192,37,13
83.33333134651184,behavior_h8192,8192,37,14
75.86206793785095,behavior_h8192,8192,37,15
75.93985199928284,behavior_h8192,8192,37,16
81.7460298538208,behavior_h8192,8192,37,17
85.84905862808228,behavior_h8192,8192,37,18
76.14678740501404,behavior_h8192,8192,37,19
68.31682920455933,behavior_h8192,8192,37,20
81.25,behavior_h8192,8192,37,21
80.0000011920929,behavior_h8192,8192,37,22
76.06837749481201,behavior_h8192,8192,37,23
65.11628031730652,behavior_h8192,8192,37,24
69.2307710647583,behavior_h8192,8192,37,25
75.60975551605225,behavior_h8192,8192,37,26
74.33628439903259,behavior_h8192,8192,37,27
83.33333134651184,behavior_h8192,8192,37,28
72.80701994895935,behavior_h8192,8192,37,29
82.2429895401001,behavior_h8192,8192,37,30
83.33333134651184,behavior_h8192,8192,37,31
74.75728392601013,behavior_h8192,8192,37,32
77.47747898101807,behavior_h8192,8192,37,33
60.00000238418579,behavior_h8192,8192,37,34
68.08510422706604,behavior_h8192,8192,37,35
79.8701286315918,behavior_h8192,8192,37,36
66.2420392036438,behavior_h8192,8192,37,37
79.6610176563263,behavior_h8192,8192,38,1
83.07692408561707,behavior_h8192,8192,38,2
75.34246444702148,behavior_h8192,8192,38,3
84.09090638160706,behavior_h8192,8192,38,4
78.90625,behavior_h8192,8192,38,5
75.83333253860474,behavior_h8192,8192,38,6
79.1304349899292,behavior_h8192,8192,38,7
81.95488452911377,behavior_h8192,8192,38,8
76.11940503120422,behavior_h8192,8192,38,9
78.98550629615784,behavior_h8192,8192,38,10
80.0000011920929,behavior_h8192,8192,38,11
76.7241358757019,behavior_h8192,8192,38,12
77.95275449752808,behavior_h8192,8192,38,13
81.81818127632141,behavior_h8192,8192,38,14
76.7241358757019,behavior_h8192,8192,38,15
75.93985199928284,behavior_h8192,8192,38,16
80.15872836112976,behavior_h8192,8192,38,17
80.1886796951294,behavior_h8192,8192,38,18
76.14678740501404,behavior_h8192,8192,38,19
68.31682920455933,behavior_h8192,8192,38,20
82.63888955116272,behavior_h8192,8192,38,21
78.33333611488342,behavior_h8192,8192,38,22
73.50427508354187,behavior_h8192,8192,38,23
65.11628031730652,behavior_h8192,8192,38,24
66.15384817123413,behavior_h8192,8192,38,25
76.42276287078857,behavior_h8192,8192,38,26
72.56637215614319,behavior_h8192,8192,38,27
84.3137264251709,behavior_h8192,8192,38,28
68.42105388641357,behavior_h8192,8192,38,29
80.84112405776978,behavior_h8192,8192,38,30
80.70175647735596,behavior_h8192,8192,38,31
74.75728392601013,behavior_h8192,8192,38,32
79.2792797088623,behavior_h8192,8192,38,33
67.14285612106323,behavior_h8192,8192,38,34
71.6312050819397,behavior_h8192,8192,38,35
80.51947951316833,behavior_h8192,8192,38,36
67.5159215927124,behavior_h8192,8192,38,37
86.7132842540741,behavior_h8192,8192,38,38
81.35592937469482,behavior_h8192,8192,39,1
83.84615182876587,behavior_h8192,8192,39,2
73.97260069847107,behavior_h8192,8192,39,3
84.65909361839294,behavior_h8192,8192,39,4
78.90625,behavior_h8192,8192,39,5
77.49999761581421,behavior_h8192,8192,39,6
77.3913025856018,behavior_h8192,8192,39,7
83.45864415168762,behavior_h8192,8192,39,8
79.85074520111084,behavior_h8192,8192,39,9
78.2608687877655,behavior_h8192,8192,39,10
77.99999713897705,behavior_h8192,8192,39,11
72.41379022598267,behavior_h8192,8192,39,12
79.52755689620972,behavior_h8192,8192,39,13
80.30303120613098,behavior_h8192,8192,39,14
72.41379022598267,behavior_h8192,8192,39,15
75.18796920776367,behavior_h8192,8192,39,16
80.15872836112976,behavior_h8192,8192,39,17
79.24528121948242,behavior_h8192,8192,39,18
75.2293586730957,behavior_h8192,8192,39,19
70.29703259468079,behavior_h8192,8192,39,20
81.25,behavior_h8192,8192,39,21
79.16666865348816,behavior_h8192,8192,39,22
74.35897588729858,behavior_h8192,8192,39,23
67.44186282157898,behavior_h8192,8192,39,24
70.76923251152039,behavior_h8192,8192,39,25
78.04877758026123,behavior_h8192,8192,39,26
76.9911527633667,behavior_h8192,8192,39,27
83.33333134651184,behavior_h8192,8192,39,28
69.29824352264404,behavior_h8192,8192,39,29
79.43925261497498,behavior_h8192,8192,39,30
80.70175647735596,behavior_h8192,8192,39,31
71.84466123580933,behavior_h8192,8192,39,32
79.2792797088623,behavior_h8192,8192,39,33
62.85714507102966,behavior_h8192,8192,39,34
68.79432797431946,behavior_h8192,8192,39,35
79.8701286315918,behavior_h8192,8192,39,36
66.2420392036438,behavior_h8192,8192,39,37
80.41958212852478,behavior_h8192,8192,39,38
75.43859481811523,behavior_h8192,8192,39,39
79.6610176563263,behavior_h8192,8192,40,1
83.07692408561707,behavior_h8192,8192,40,2
74.65753555297852,behavior_h8192,8192,40,3
81.25,behavior_h8192,8192,40,4
78.90625,behavior_h8192,8192,40,5
77.49999761581421,behavior_h8192,8192,40,6
82.6086938381195,behavior_h8192,8192,40,7
83.45864415168762,behavior_h8192,8192,40,8
74.6268630027771,behavior_h8192,8192,40,9
79.71014380455017,behavior_h8192,8192,40,10
76.99999809265137,behavior_h8192,8192,40,11
72.41379022598267,behavior_h8192,8192,40,12
79.52755689620972,behavior_h8192,8192,40,13
79.54545617103577,behavior_h8192,8192,40,14
77.58620977401733,behavior_h8192,8192,40,15
74.43609237670898,behavior_h8192,8192,40,16
79.36508059501648,behavior_h8192,8192,40,17
80.1886796951294,behavior_h8192,8192,40,18
72.47706651687622,behavior_h8192,8192,40,19
66.33663177490234,behavior_h8192,8192,40,20
79.86111044883728,behavior_h8192,8192,40,21
78.33333611488342,behavior_h8192,8192,40,22
70.08547186851501,behavior_h8192,8192,40,23
66.27907156944275,behavior_h8192,8192,40,24
63.07692527770996,behavior_h8192,8192,40,25
76.42276287078857,behavior_h8192,8192,40,26
74.33628439903259,behavior_h8192,8192,40,27
83.33333134651184,behavior_h8192,8192,40,28
71.05262875556946,behavior_h8192,8192,40,29
79.43925261497498,behavior_h8192,8192,40,30
82.45614171028137,behavior_h8192,8192,40,31
73.7864077091217,behavior_h8192,8192,40,32
81.98198080062866,behavior_h8192,8192,40,33
69.9999988079071,behavior_h8192,8192,40,34
71.6312050819397,behavior_h8192,8192,40,35
81.81818127632141,behavior_h8192,8192,40,36
61.78343892097473,behavior_h8192,8192,40,37
81.1188817024231,behavior_h8192,8192,40,38
74.56140518188477,behavior_h8192,8192,40,39
78.98550629615784,behavior_h8192,8192,40,40
77.11864113807678,behavior_h8192,8192,41,1
82.30769038200378,behavior_h8192,8192,41,2
67.80821681022644,behavior_h8192,8192,41,3
82.38636255264282,behavior_h8192,8192,41,4
78.90625,behavior_h8192,8192,41,5
75.83333253860474,behavior_h8192,8192,41,6
77.3913025856018,behavior_h8192,8192,41,7
81.20300769805908,behavior_h8192,8192,41,8
76.86567306518555,behavior_h8192,8192,41,9
75.36231875419617,behavior_h8192,8192,41,10
70.99999785423279,behavior_h8192,8192,41,11
67.24137663841248,behavior_h8192,8192,41,12
77.95275449752808,behavior_h8192,8192,41,13
78.03030014038086,behavior_h8192,8192,41,14
73.2758641242981,behavior_h8192,8192,41,15
72.18044996261597,behavior_h8192,8192,41,16
82.53968358039856,behavior_h8192,8192,41,17
79.24528121948242,behavior_h8192,8192,41,18
75.2293586730957,behavior_h8192,8192,41,19
68.31682920455933,behavior_h8192,8192,41,20
81.25,behavior_h8192,8192,41,21
78.33333611488342,behavior_h8192,8192,41,22
71.79487347602844,behavior_h8192,8192,41,23
65.11628031730652,behavior_h8192,8192,41,24
70.76923251152039,behavior_h8192,8192,41,25
77.2357702255249,behavior_h8192,8192,41,26
73.45132827758789,behavior_h8192,8192,41,27
81.3725471496582,behavior_h8192,8192,41,28
68.42105388641357,behavior_h8192,8192,41,29
78.50467562675476,behavior_h8192,8192,41,30
80.70175647735596,behavior_h8192,8192,41,31
71.84466123580933,behavior_h8192,8192,41,32
78.37837934494019,behavior_h8192,8192,41,33
71.42857313156128,behavior_h8192,8192,41,34
71.6312050819397,behavior_h8192,8192,41,35
80.51947951316833,behavior_h8192,8192,41,36
71.33758068084717,behavior_h8192,8192,41,37
81.1188817024231,behavior_h8192,8192,41,38
71.9298243522644,behavior_h8192,8192,41,39
70.28985619544983,behavior_h8192,8192,41,40
63.513511419296265,behavior_h8192,8192,41,41
74.57627058029175,behavior_h8192,8192,42,1
80.7692289352417,behavior_h8192,8192,42,2
70.54794430732727,behavior_h8192,8192,42,3
78.97727489471436,behavior_h8192,8192,42,4
78.90625,behavior_h8192,8192,42,5
75.83333253860474,behavior_h8192,8192,42,6
74.7826099395752,behavior_h8192,8192,42,7
79.69924807548523,behavior_h8192,8192,42,8
77.61194109916687,behavior_h8192,8192,42,9
76.0869562625885,behavior_h8192,8192,42,10
66.00000262260437,behavior_h8192,8192,42,11
66.37930870056152,behavior_h8192,8192,42,12
77.95275449752808,behavior_h8192,8192,42,13
79.54545617103577,behavior_h8192,8192,42,14
73.2758641242981,behavior_h8192,8192,42,15
72.18044996261597,behavior_h8192,8192,42,16
81.7460298538208,behavior_h8192,8192,42,17
79.24528121948242,behavior_h8192,8192,42,18
77.06422209739685,behavior_h8192,8192,42,19
70.29703259468079,behavior_h8192,8192,42,20
79.16666865348816,behavior_h8192,8192,42,21
75.83333253860474,behavior_h8192,8192,42,22
70.08547186851501,behavior_h8192,8192,42,23
62.79069781303406,behavior_h8192,8192,42,24
69.2307710647583,behavior_h8192,8192,42,25
73.98374080657959,behavior_h8192,8192,42,26
74.33628439903259,behavior_h8192,8192,42,27
80.39215803146362,behavior_h8192,8192,42,28
69.29824352264404,behavior_h8192,8192,42,29
78.97196412086487,behavior_h8192,8192,42,30
82.45614171028137,behavior_h8192,8192,42,31
70.8737850189209,behavior_h8192,8192,42,32
75.67567825317383,behavior_h8192,8192,42,33
65.71428775787354,behavior_h8192,8192,42,34
68.79432797431946,behavior_h8192,8192,42,35
81.16883039474487,behavior_h8192,8192,42,36
65.6050980091095,behavior_h8192,8192,42,37
81.81818127632141,behavior_h8192,8192,42,38
70.17543911933899,behavior_h8192,8192,42,39
72.46376872062683,behavior_h8192,8192,42,40
66.2162184715271,behavior_h8192,8192,42,41
69.85294222831726,behavior_h8192,8192,42,42
74.57627058029175,behavior_h8192,8192,43,1
81.53846263885498,behavior_h8192,8192,43,2
69.8630154132843,behavior_h8192,8192,43,3
79.54545617103577,behavior_h8192,8192,43,4
77.34375,behavior_h8192,8192,43,5
75.83333253860474,behavior_h8192,8192,43,6
74.7826099395752,behavior_h8192,8192,43,7
78.94737124443054,behavior_h8192,8192,43,8
79.10447716712952,behavior_h8192,8192,43,9
77.53623127937317,behavior_h8192,8192,43,10
63.999998569488525,behavior_h8192,8192,43,11
71.55172228813171,behavior_h8192,8192,43,12
77.95275449752808,behavior_h8192,8192,43,13
80.30303120613098,behavior_h8192,8192,43,14
70.68965435028076,behavior_h8192,8192,43,15
73.68420958518982,behavior_h8192,8192,43,16
80.15872836112976,behavior_h8192,8192,43,17
79.24528121948242,behavior_h8192,8192,43,18
75.2293586730957,behavior_h8192,8192,43,19
67.32673048973083,behavior_h8192,8192,43,20
78.47222089767456,behavior_h8192,8192,43,21
77.49999761581421,behavior_h8192,8192,43,22
70.94017267227173,behavior_h8192,8192,43,23
62.79069781303406,behavior_h8192,8192,43,24
69.2307710647583,behavior_h8192,8192,43,25
70.7317054271698,behavior_h8192,8192,43,26
71.68141603469849,behavior_h8192,8192,43,27
79.41176295280457,behavior_h8192,8192,43,28
66.66666865348816,behavior_h8192,8192,43,29
78.97196412086487,behavior_h8192,8192,43,30
80.70175647735596,behavior_h8192,8192,43,31
73.7864077091217,behavior_h8192,8192,43,32
77.47747898101807,behavior_h8192,8192,43,33
65.71428775787354,behavior_h8192,8192,43,34
71.6312050819397,behavior_h8192,8192,43,35
80.51947951316833,behavior_h8192,8192,43,36
60.50955653190613,behavior_h8192,8192,43,37
84.61538553237915,behavior_h8192,8192,43,38
71.9298243522644,behavior_h8192,8192,43,39
73.18840622901917,behavior_h8192,8192,43,40
55.40540814399719,behavior_h8192,8192,43,41
61.02941036224365,behavior_h8192,8192,43,42
67.70833134651184,behavior_h8192,8192,43,43
72.03390002250671,behavior_h8192,8192,44,1
73.07692170143127,behavior_h8192,8192,44,2
67.12328791618347,behavior_h8192,8192,44,3
76.70454382896423,behavior_h8192,8192,44,4
78.125,behavior_h8192,8192,44,5
75.83333253860474,behavior_h8192,8192,44,6
70.43478488922119,behavior_h8192,8192,44,7
75.93985199928284,behavior_h8192,8192,44,8
76.11940503120422,behavior_h8192,8192,44,9
73.9130437374115,behavior_h8192,8192,44,10
61.000001430511475,behavior_h8192,8192,44,11
68.96551847457886,behavior_h8192,8192,44,12
73.22834730148315,behavior_h8192,8192,44,13
75.0,behavior_h8192,8192,44,14
69.82758641242981,behavior_h8192,8192,44,15
68.42105388641357,behavior_h8192,8192,44,16
77.77777910232544,behavior_h8192,8192,44,17
77.35849022865295,behavior_h8192,8192,44,18
77.06422209739685,behavior_h8192,8192,44,19
65.34653306007385,behavior_h8192,8192,44,20
76.38888955116272,behavior_h8192,8192,44,21
79.16666865348816,behavior_h8192,8192,44,22
71.79487347602844,behavior_h8192,8192,44,23
55.81395626068115,behavior_h8192,8192,44,24
60.00000238418579,behavior_h8192,8192,44,25
70.7317054271698,behavior_h8192,8192,44,26
72.56637215614319,behavior_h8192,8192,44,27
77.45097875595093,behavior_h8192,8192,44,28
57.894736528396606,behavior_h8192,8192,44,29
78.03738117218018,behavior_h8192,8192,44,30
76.31579041481018,behavior_h8192,8192,44,31
70.8737850189209,behavior_h8192,8192,44,32
80.18018007278442,behavior_h8192,8192,44,33
71.42857313156128,behavior_h8192,8192,44,34
70.92198729515076,behavior_h8192,8192,44,35
84.41558480262756,behavior_h8192,8192,44,36
68.78980994224548,behavior_h8192,8192,44,37
87.41258978843689,behavior_h8192,8192,44,38
72.80701994895935,behavior_h8192,8192,44,39
75.36231875419617,behavior_h8192,8192,44,40
60.81081032752991,behavior_h8192,8192,44,41
64.70588445663452,behavior_h8192,8192,44,42
66.66666865348816,behavior_h8192,8192,44,43
68.49315166473389,behavior_h8192,8192,44,44
74.57627058029175,behavior_h8192,8192,45,1
70.76923251152039,behavior_h8192,8192,45,2
67.80821681022644,behavior_h8192,8192,45,3
78.97727489471436,behavior_h8192,8192,45,4
71.875,behavior_h8192,8192,45,5
76.66666507720947,behavior_h8192,8192,45,6
73.9130437374115,behavior_h8192,8192,45,7
75.18796920776367,behavior_h8192,8192,45,8
77.61194109916687,behavior_h8192,8192,45,9
77.53623127937317,behavior_h8192,8192,45,10
62.00000047683716,behavior_h8192,8192,45,11
68.1034505367279,behavior_h8192,8192,45,12
73.22834730148315,behavior_h8192,8192,45,13
77.27272510528564,behavior_h8192,8192,45,14
70.68965435028076,behavior_h8192,8192,45,15
71.42857313156128,behavior_h8192,8192,45,16
80.15872836112976,behavior_h8192,8192,45,17
78.30188870429993,behavior_h8192,8192,45,18
76.14678740501404,behavior_h8192,8192,45,19
65.34653306007385,behavior_h8192,8192,45,20
75.69444179534912,behavior_h8192,8192,45,21
75.0,behavior_h8192,8192,45,22
71.79487347602844,behavior_h8192,8192,45,23
51.16279125213623,behavior_h8192,8192,45,24
60.00000238418579,behavior_h8192,8192,45,25
70.7317054271698,behavior_h8192,8192,45,26
69.02654767036438,behavior_h8192,8192,45,27
78.43137383460999,behavior_h8192,8192,45,28
63.15789222717285,behavior_h8192,8192,45,29
79.43925261497498,behavior_h8192,8192,45,30
78.94737124443054,behavior_h8192,8192,45,31
66.99029207229614,behavior_h8192,8192,45,32
74.77477192878723,behavior_h8192,8192,45,33
69.9999988079071,behavior_h8192,8192,45,34
69.5035457611084,behavior_h8192,8192,45,35
83.11688303947449,behavior_h8192,8192,45,36
64.96815085411072,behavior_h8192,8192,45,37
83.91608595848083,behavior_h8192,8192,45,38
69.29824352264404,behavior_h8192,8192,45,39
73.9130437374115,behavior_h8192,8192,45,40
59.45945978164673,behavior_h8192,8192,45,41
64.70588445663452,behavior_h8192,8192,45,42
65.625,behavior_h8192,8192,45,43
64.38356041908264,behavior_h8192,8192,45,44
89.52381014823914,behavior_h8192,8192,45,45
73.72881174087524,behavior_h8192,8192,46,1
73.07692170143127,behavior_h8192,8192,46,2
65.06849527359009,behavior_h8192,8192,46,3
79.54545617103577,behavior_h8192,8192,46,4
75.78125,behavior_h8192,8192,46,5
76.66666507720947,behavior_h8192,8192,46,6
71.30434513092041,behavior_h8192,8192,46,7
78.19548845291138,behavior_h8192,8192,46,8
77.61194109916687,behavior_h8192,8192,46,9
78.2608687877655,behavior_h8192,8192,46,10
63.999998569488525,behavior_h8192,8192,46,11
65.51724076271057,behavior_h8192,8192,46,12
74.01574850082397,behavior_h8192,8192,46,13
75.0,behavior_h8192,8192,46,14
71.55172228813171,behavior_h8192,8192,46,15
68.42105388641357,behavior_h8192,8192,46,16
76.98412537574768,behavior_h8192,8192,46,17
75.47169923782349,behavior_h8192,8192,46,18
75.2293586730957,behavior_h8192,8192,46,19
66.33663177490234,behavior_h8192,8192,46,20
78.47222089767456,behavior_h8192,8192,46,21
73.33333492279053,behavior_h8192,8192,46,22
67.52136945724487,behavior_h8192,8192,46,23
56.976741552352905,behavior_h8192,8192,46,24
58.461540937423706,behavior_h8192,8192,46,25
70.7317054271698,behavior_h8192,8192,46,26
69.91150379180908,behavior_h8192,8192,46,27
79.41176295280457,behavior_h8192,8192,46,28
63.15789222717285,behavior_h8192,8192,46,29
78.97196412086487,behavior_h8192,8192,46,30
76.31579041481018,behavior_h8192,8192,46,31
70.8737850189209,behavior_h8192,8192,46,32
75.67567825317383,behavior_h8192,8192,46,33
62.85714507102966,behavior_h8192,8192,46,34
72.34042286872864,behavior_h8192,8192,46,35
80.51947951316833,behavior_h8192,8192,46,36
64.33120965957642,behavior_h8192,8192,46,37
81.81818127632141,behavior_h8192,8192,46,38
68.42105388641357,behavior_h8192,8192,46,39
71.01449370384216,behavior_h8192,8192,46,40
58.10810923576355,behavior_h8192,8192,46,41
55.14705777168274,behavior_h8192,8192,46,42
65.625,behavior_h8192,8192,46,43
58.90411138534546,behavior_h8192,8192,46,44
80.95238208770752,behavior_h8192,8192,46,45
70.07874250411987,behavior_h8192,8192,46,46
72.03390002250671,behavior_h8192,8192,47,1
73.84615540504456,behavior_h8192,8192,47,2
67.80821681022644,behavior_h8192,8192,47,3
79.54545617103577,behavior_h8192,8192,47,4
75.0,behavior_h8192,8192,47,5
75.0,behavior_h8192,8192,47,6
68.6956524848938,behavior_h8192,8192,47,7
72.18044996261597,behavior_h8192,8192,47,8
76.86567306518555,behavior_h8192,8192,47,9
76.0869562625885,behavior_h8192,8192,47,10
63.999998569488525,behavior_h8192,8192,47,11
67.24137663841248,behavior_h8192,8192,47,12
75.59055089950562,behavior_h8192,8192,47,13
65.90909361839294,behavior_h8192,8192,47,14
65.51724076271057,behavior_h8192,8192,47,15
72.18044996261597,behavior_h8192,8192,47,16
69.04761791229248,behavior_h8192,8192,47,17
74.52830076217651,behavior_h8192,8192,47,18
72.47706651687622,behavior_h8192,8192,47,19
62.37623691558838,behavior_h8192,8192,47,20
75.0,behavior_h8192,8192,47,21
73.33333492279053,behavior_h8192,8192,47,22
66.66666865348816,behavior_h8192,8192,47,23
53.48837375640869,behavior_h8192,8192,47,24
61.538463830947876,behavior_h8192,8192,47,25
71.54471278190613,behavior_h8192,8192,47,26
64.60176706314087,behavior_h8192,8192,47,27
75.49019455909729,behavior_h8192,8192,47,28
64.0350878238678,behavior_h8192,8192,47,29
78.97196412086487,behavior_h8192,8192,47,30
75.43859481811523,behavior_h8192,8192,47,31
69.90291476249695,behavior_h8192,8192,47,32
75.67567825317383,behavior_h8192,8192,47,33
60.00000238418579,behavior_h8192,8192,47,34
70.92198729515076,behavior_h8192,8192,47,35
81.16883039474487,behavior_h8192,8192,47,36
61.78343892097473,behavior_h8192,8192,47,37
82.51748085021973,behavior_h8192,8192,47,38
71.9298243522644,behavior_h8192,8192,47,39
71.7391312122345,behavior_h8192,8192,47,40
55.40540814399719,behavior_h8192,8192,47,41
56.61764740943909,behavior_h8192,8192,47,42
59.375,behavior_h8192,8192,47,43
57.534247636795044,behavior_h8192,8192,47,44
82.85714387893677,behavior_h8192,8192,47,45
64.56692814826965,behavior_h8192,8192,47,46
76.9911527633667,behavior_h8192,8192,47,47
78.81355881690979,behavior_h8192,8192,48,1
79.23076748847961,behavior_h8192,8192,48,2
69.8630154132843,behavior_h8192,8192,48,3
77.84090638160706,behavior_h8192,8192,48,4
75.78125,behavior_h8192,8192,48,5
76.66666507720947,behavior_h8192,8192,48,6
73.9130437374115,behavior_h8192,8192,48,7
71.42857313156128,behavior_h8192,8192,48,8
78.3582091331482,behavior_h8192,8192,48,9
73.9130437374115,behavior_h8192,8192,48,10
64.99999761581421,behavior_h8192,8192,48,11
66.37930870056152,behavior_h8192,8192,48,12
79.52755689620972,behavior_h8192,8192,48,13
75.75757503509521,behavior_h8192,8192,48,14
73.2758641242981,behavior_h8192,8192,48,15
69.92481350898743,behavior_h8192,8192,48,16
85.71428656578064,behavior_h8192,8192,48,17
86.79245114326477,behavior_h8192,8192,48,18
77.98165082931519,behavior_h8192,8192,48,19
66.33663177490234,behavior_h8192,8192,48,20
79.16666865348816,behavior_h8192,8192,48,21
75.83333253860474,behavior_h8192,8192,48,22
70.94017267227173,behavior_h8192,8192,48,23
63.95348906517029,behavior_h8192,8192,48,24
66.15384817123413,behavior_h8192,8192,48,25
72.35772609710693,behavior_h8192,8192,48,26
76.106196641922,behavior_h8192,8192,48,27
74.50980544090271,behavior_h8192,8192,48,28
67.54385828971863,behavior_h8192,8192,48,29
80.37382960319519,behavior_h8192,8192,48,30
80.70175647735596,behavior_h8192,8192,48,31
77.66990065574646,behavior_h8192,8192,48,32
75.67567825317383,behavior_h8192,8192,48,33
71.42857313156128,behavior_h8192,8192,48,34
70.21276354789734,behavior_h8192,8192,48,35
85.0649356842041,behavior_h8192,8192,48,36
70.06369233131409,behavior_h8192,8192,48,37
86.7132842540741,behavior_h8192,8192,48,38
72.80701994895935,behavior_h8192,8192,48,39
75.36231875419617,behavior_h8192,8192,48,40
67.56756901741028,behavior_h8192,8192,48,41
68.38235259056091,behavior_h8192,8192,48,42
71.875,behavior_h8192,8192,48,43
67.12328791618347,behavior_h8192,8192,48,44
87.61904835700989,behavior_h8192,8192,48,45
68.50393414497375,behavior_h8192,8192,48,46
74.33628439903259,behavior_h8192,8192,48,47
71.30434513092041,behavior_h8192,8192,48,48
76.27118825912476,behavior_h8192,8192,49,1
70.76923251152039,behavior_h8192,8192,49,2
67.12328791618347,behavior_h8192,8192,49,3
79.54545617103577,behavior_h8192,8192,49,4
79.6875,behavior_h8192,8192,49,5
75.0,behavior_h8192,8192,49,6
75.65217614173889,behavior_h8192,8192,49,7
73.68420958518982,behavior_h8192,8192,49,8
78.3582091331482,behavior_h8192,8192,49,9
72.46376872062683,behavior_h8192,8192,49,10
66.00000262260437,behavior_h8192,8192,49,11
70.68965435028076,behavior_h8192,8192,49,12
72.44094610214233,behavior_h8192,8192,49,13
70.45454382896423,behavior_h8192,8192,49,14
70.68965435028076,behavior_h8192,8192,49,15
71.42857313156128,behavior_h8192,8192,49,16
76.1904776096344,behavior_h8192,8192,49,17
80.1886796951294,behavior_h8192,8192,49,18
73.39449524879456,behavior_h8192,8192,49,19
63.36633563041687,behavior_h8192,8192,49,20
78.47222089767456,behavior_h8192,8192,49,21
75.83333253860474,behavior_h8192,8192,49,22
72.64957427978516,behavior_h8192,8192,49,23
56.976741552352905,behavior_h8192,8192,49,24
61.538463830947876,behavior_h8192,8192,49,25
68.29268336296082,behavior_h8192,8192,49,26
67.25663542747498,behavior_h8192,8192,49,27
72.54902124404907,behavior_h8192,8192,49,28
61.40350699424744,behavior_h8192,8192,49,29
79.43925261497498,behavior_h8192,8192,49,30
76.31579041481018,behavior_h8192,8192,49,31
71.84466123580933,behavior_h8192,8192,49,32
78.37837934494019,behavior_h8192,8192,49,33
74.28571581840515,behavior_h8192,8192,49,34
73.04964661598206,behavior_h8192,8192,49,35
83.76623392105103,behavior_h8192,8192,49,36
66.8789803981781,behavior_h8192,8192,49,37
84.61538553237915,behavior_h8192,8192,49,38
69.29824352264404,behavior_h8192,8192,49,39
73.18840622901917,behavior_h8192,8192,49,40
59.45945978164673,behavior_h8192,8192,49,41
57.35294222831726,behavior_h8192,8192,49,42
67.70833134651184,behavior_h8192,8192,49,43
65.75342416763306,behavior_h8192,8192,49,44
80.95238208770752,behavior_h8192,8192,49,45
66.1417305469513,behavior_h8192,8192,49,46
71.68141603469849,behavior_h8192,8192,49,47
64.3478274345398,behavior_h8192,8192,49,48
75.96153616905212,behavior_h8192,8192,49,49
76.27118825912476,behavior_h8192,8192,50,1
70.76923251152039,behavior_h8192,8192,50,2
65.75342416763306,behavior_h8192,8192,50,3
76.70454382896423,behavior_h8192,8192,50,4
75.0,behavior_h8192,8192,50,5
74.16666746139526,behavior_h8192,8192,50,6
72.1739113330841,behavior_h8192,8192,50,7
71.42857313156128,behavior_h8192,8192,50,8
76.86567306518555,behavior_h8192,8192,50,9
75.36231875419617,behavior_h8192,8192,50,10
62.99999952316284,behavior_h8192,8192,50,11
68.1034505367279,behavior_h8192,8192,50,12
75.59055089950562,behavior_h8192,8192,50,13
71.21211886405945,behavior_h8192,8192,50,14
71.55172228813171,behavior_h8192,8192,50,15
68.42105388641357,behavior_h8192,8192,50,16
79.36508059501648,behavior_h8192,8192,50,17
80.1886796951294,behavior_h8192,8192,50,18
74.31192398071289,behavior_h8192,8192,50,19
62.37623691558838,behavior_h8192,8192,50,20
79.86111044883728,behavior_h8192,8192,50,21
74.16666746139526,behavior_h8192,8192,50,22
69.2307710647583,behavior_h8192,8192,50,23
60.4651153087616,behavior_h8192,8192,50,24
61.538463830947876,behavior_h8192,8192,50,25
69.91869807243347,behavior_h8192,8192,50,26
66.37167930603027,behavior_h8192,8192,50,27
77.45097875595093,behavior_h8192,8192,50,28
62.28070259094238,behavior_h8192,8192,50,29
77.57009267807007,behavior_h8192,8192,50,30
73.68420958518982,behavior_h8192,8192,50,31
67.96116232872009,behavior_h8192,8192,50,32
74.77477192878723,behavior_h8192,8192,50,33
72.85714149475098,behavior_h8192,8192,50,34
73.04964661598206,behavior_h8192,8192,50,35
85.0649356842041,behavior_h8192,8192,50,36
63.694268465042114,behavior_h8192,8192,50,37
81.81818127632141,behavior_h8192,8192,50,38
72.80701994895935,behavior_h8192,8192,50,39
68.11594367027283,behavior_h8192,8192,50,40
60.81081032752991,behavior_h8192,8192,50,41
62.5,behavior_h8192,8192,50,42
69.79166865348816,behavior_h8192,8192,50,43
61.64383292198181,behavior_h8192,8192,50,44
80.95238208770752,behavior_h8192,8192,50,45
66.92913174629211,behavior_h8192,8192,50,46
69.91150379180908,behavior_h8192,8192,50,47
64.3478274345398,behavior_h8192,8192,50,48
70.19230723381042,behavior_h8192,8192,50,49
82.72727131843567,behavior_h8192,8192,50,50
