adapt_lora,condition,epoch,family,format,gradient_norm_mean,head_learning_rate,historical_capacity,image_presentations,lora_learning_rate,macro_learning_rate,optimizer_steps,previous_sha256,result_sha256,schema_version,sequence,train_objective_accuracy,train_objective_nll,validation_accuracy,validation_examples,validation_nll,wall_seconds
True,"Macro-token frontier, adaptive LoRAs (H=1,024)",1,macro_token,,11.703676960685037,,1024,1391,0.0002,1.2e-05,22,,,,,4.385334291876348,5.261692071800863,1.9678583142013775,,5.7085068234462115,30.46413035877049
True,"Macro-token frontier, adaptive LoRAs (H=1,024)",2,macro_token,,9.952988321130926,,1024,2782,0.0004,2.4e-05,44,,,,,20.848310567936736,4.11888097328389,8.265004919645785,,4.658001983232207,56.350069247186184
True,"Macro-token frontier, adaptive LoRAs (H=1,024)",3,macro_token,,8.755007787184281,,1024,4173,0.0004998879501747649,2.9993277010485895e-05,66,,,,,44.93170381020848,2.6368168132241725,34.011151197113804,,3.1954466212026484,82.60558535531163
True,"Macro-token frontier, adaptive LoRAs (H=1,024)",4,macro_token,,7.255369663238525,,1024,5564,0.0004988534095981426,2.9931204575888553e-05,88,,,,,72.32207045291157,1.3030826450679733,46.146277468022305,,2.5360806353485517,108.62984273210168
True,"Macro-token frontier, adaptive LoRAs (H=1,024)",5,macro_token,,5.7037105777046895,,1024,6955,0.0004967395643290278,2.980437385974167e-05,110,,,,,85.47807332854062,0.7269808935827698,50.737946867825514,,2.2827318416106266,134.74562095478177
True,"Macro-token frontier, adaptive LoRAs (H=1,024)",6,macro_token,,4.720872954888777,,1024,8346,0.0004935556753844361,2.9613340523066165e-05,132,,,,,90.1509705248023,0.5139726025864514,52.96818629058708,,2.1629470895258627,161.3860800229013
True,"Macro-token frontier, adaptive LoRAs (H=1,024)",7,macro_token,,4.142896316268227,,1024,9737,0.0004893156917747908,2.9358941506487447e-05,154,,,,,92.73903666427032,0.38410907953784756,52.83699573630699,,2.1370787453205713,187.77902006357908
True,"Macro-token frontier, adaptive LoRAs (H=1,024)",8,macro_token,,4.187254829840227,,1024,11128,0.0004840381893915863,2.9042291363495177e-05,176,,,,,93.02659956865564,0.3256869161840311,54.50967530337816,,2.0742475485246508,213.8128218986094
True,"Macro-token frontier, adaptive LoRAs (H=1,024)",9,macro_token,,3.6603902253237637,,1024,12519,0.000477746289624115,2.8664777377446898e-05,198,,,,,94.10496046010064,0.30623534906690364,55.13283043620859,,2.097585018129183,239.9871397651732
True,"Macro-token frontier, adaptive LoRAs (H=1,024)",10,macro_token,,3.4661973172968086,,1024,13910,0.0004704675580618071,2.8228053483708427e-05,220,,,,,94.68008626887132,0.2710047015005697,55.13283043620859,,2.055674682096717,266.220960970968
True,"Macro-token frontier, adaptive LoRAs (H=1,024)",11,macro_token,,3.3402031768452036,,1024,15301,0.0004622338837259814,2.7734033023558886e-05,242,,,,,95.11143062544932,0.2574691378238988,56.14955723187931,,1.981614242658806,292.26532305404544
True,"Macro-token frontier, adaptive LoRAs (H=1,024)",12,macro_token,,3.3071887764063748,,1024,16692,0.0004530813393601067,2.7184880361606398e-05,264,,,,,94.53630481667865,0.2627439084111316,55.16562807477862,,2.0381636076889964,318.25363218411803
True,"Macro-token frontier, adaptive LoRAs (H=1,024)",13,macro_token,,3.1482319235801697,,1024,18083,0.0004430500233906607,2.658300140343964e-05,286,,,,,95.03953989935299,0.22259835216486565,55.13283043620859,,2.022182538416316,345.17781251482666
True,"Macro-token frontier, adaptive LoRAs (H=1,024)",14,macro_token,,3.109215324575251,,1024,19474,0.0004321838842509749,2.5931033055058493e-05,308,,,,,95.61466570812365,0.20202640215327292,56.54312889471958,,1.9770334230637543,371.45014672353864
True,"Macro-token frontier, adaptive LoRAs (H=1,024)",15,macro_token,,2.752742978659543,,1024,20865,0.0004205305278377239,2.5231831670263432e-05,330,,,,,96.26168224299066,0.1906814720886033,55.067235159068545,,2.0239875921072357,397.6040248628706
True,"Macro-token frontier, adaptive LoRAs (H=1,024)",16,macro_token,,3.011079815301028,,1024,22256,0.00040814100894361624,2.4488460536616973e-05,352,,,,,95.47088425593098,0.21145408741438843,55.591997376188914,,2.0041915853518506,423.82654857076705
True,"Macro-token frontier, adaptive LoRAs (H=1,024)",17,macro_token,,2.562581078572707,,1024,23647,0.00039506960758004683,2.370417645480281e-05,374,,,,,97.19626168224299,0.1479610779746499,55.10003279763857,,2.0407637398764518,450.0515549592674
True,"Macro-token frontier, adaptive LoRAs (H=1,024)",18,macro_token,,2.794135873967951,,1024,25038,0.0003813735911696674,2.288241547018004e-05,396,,,,,96.11790079079799,0.17475902768538892,56.77271236470974,,1.972785454259305,476.7169303987175
True,"Macro-token frontier, adaptive LoRAs (H=1,024)",19,macro_token,,2.5032910975542935,,1024,26429,0.00036711296365073994,2.2026777819044395e-05,418,,,,,96.83680805176132,0.14573036484543495,54.44408002623811,,2.0837761968735906,503.2448821272701
True,"Macro-token frontier, adaptive LoRAs (H=1,024)",20,macro_token,,2.667871735312722,,1024,27820,0.00035235020259247765,2.114101215554866e-05,440,,,,,95.97411933860532,0.15193820411056858,55.13283043620859,,2.085652112100663,529.3258367031813
True,"Macro-token frontier, adaptive LoRAs (H=1,024)",21,macro_token,,2.5158215110952202,,1024,29211,0.00033714998547310304,2.0228999128386183e-05,462,,,,,96.54924514737598,0.15845632364559653,55.526402099048866,,2.0132828409376984,555.5910352636129
True,"Macro-token frontier, adaptive LoRAs (H=1,024)",22,macro_token,,2.4133312647992913,,1024,30602,0.0003215789063198334,1.9294734379190003e-05,484,,,,,97.12437095614666,0.130179245809614,54.93604460478846,,2.0410528911766987,582.109474003315
True,"Macro-token frontier, adaptive LoRAs (H=1,024)",23,macro_token,,2.5058624906973406,,1024,31993,0.00030570518395222853,1.834231103713371e-05,506,,,,,96.69302659956865,0.14918330759559922,55.526402099048866,,2.0284778498633647,608.2647939473391
True,"Macro-token frontier, adaptive LoRAs (H=1,024)",24,macro_token,,1.9598922594027086,,1024,33384,0.00028959836310712235,1.737590178642734e-05,528,,,,,98.20273184759166,0.10072303375351095,56.64152181042965,,1.9690069597093502,634.3100494351238
True,"Macro-token frontier, adaptive LoRAs (H=1,024)",25,macro_token,,2.0328929857774214,,1024,34775,0.00027332900975454797,1.639974058527288e-05,550,,,,,97.48382458662833,0.11312727719052587,56.47753361757953,,1.9902168841939083,660.0489264726639
True,"Macro-token frontier, adaptive LoRAs (H=1,024)",26,macro_token,,2.022030223499645,,1024,36166,0.00025696840193951373,1.5418104116370822e-05,572,,,,,98.058950395399,0.10908720297919684,55.296818629058706,,2.074492712574499,686.2314339913428
True,"Macro-token frontier, adaptive LoRAs (H=1,024)",27,macro_token,,2.2278073592619463,,1024,37557,0.0002405882175040904,1.4435293050245423e-05,594,,,,,97.41193386053199,0.11329933398923456,55.98556903902919,,2.0400699754354013,712.3122174907476
True,"Macro-token frontier, adaptive LoRAs (H=1,024)",28,macro_token,,2.297013358636336,,1024,38948,0.00022426022005793888,1.3455613203476334e-05,616,,,,,97.12437095614666,0.11978981170955963,57.4286651361102,,1.9664849105839965,738.5267316587269
True,"Macro-token frontier, adaptive LoRAs (H=1,024)",29,macro_token,,1.7785042822360992,,1024,40339,0.00020805594457307924,1.2483356674384755e-05,638,,,,,98.27462257368799,0.08336556326306012,56.54312889471958,,2.022054114862519,764.540285365656
True,"Macro-token frontier, adaptive LoRAs (H=1,024)",30,macro_token,,2.010859390551394,,1024,41730,0.00019204638398034936,1.1522783038820961e-05,660,,,,,98.13084112149532,0.0932339183038126,57.29747458183011,,1.993337701914466,790.4478673581034
True,"Macro-token frontier, adaptive LoRAs (H=1,024)",31,macro_token,,2.162426794117147,,1024,43121,0.00017630167814061258,1.0578100688436756e-05,682,,,,,97.19626168224299,0.1160959383294704,57.33027222040013,,1.9571614977022436,816.408688466996
True,"Macro-token frontier, adaptive LoRAs (H=1,024)",32,macro_token,,2.02370009097186,,1024,44512,0.0001608908065533712,9.653448393202272e-06,704,,,,,98.13084112149532,0.094920983081409,56.11675959330928,,2.0336552886112123,842.4430999830365
True,"Macro-token frontier, adaptive LoRAs (H=1,024)",33,macro_token,,1.8948640714992175,,1024,45903,0.0001458812861490653,8.752877168943917e-06,726,,,,,98.13084112149532,0.0918973313228078,55.95277140045917,,2.051207685361107,868.8228410314769
True,"Macro-token frontier, adaptive LoRAs (H=1,024)",34,macro_token,,1.9498008692806417,,1024,47294,0.00013133887548906752,7.880332529344052e-06,748,,,,,97.91516894320633,0.08838083742335064,57.035093473269924,,1.9808176477919566,894.7308536749333
True,"Macro-token frontier, adaptive LoRAs (H=1,024)",35,macro_token,,1.8377897305922075,,1024,48685,0.00011732728666930999,7.039637200158599e-06,770,,,,,98.20273184759166,0.07702215792548305,57.06789111183995,,1.981939216331014,920.5796219334006
True,"Macro-token frontier, adaptive LoRAs (H=1,024)",36,macro_token,,1.5113893645730885,,1024,50076,0.00010390790618972823,6.234474371383694e-06,792,,,,,98.705966930266,0.06467694853982164,56.64152181042965,,2.023433183599355,947.0804020594805
True,"Macro-token frontier, adaptive LoRAs (H=1,024)",37,macro_token,,1.9980237483978271,,1024,51467,9.11395260124289e-05,5.468371560745734e-06,814,,,,,98.058950395399,0.10067959940750594,56.87110528041981,,1.978258770385622,973.3067258559167
True,"Macro-token frontier, adaptive LoRAs (H=1,024)",38,macro_token,,1.9158199592070146,,1024,52858,7.907808598684777e-05,4.744685159210867e-06,836,,,,,98.34651329978433,0.09081771286334347,57.0022958346999,,1.9780139141139064,999.4781908411533
True,"Macro-token frontier, adaptive LoRAs (H=1,024)",39,macro_token,,1.725319130854173,,1024,54249,6.777642877036494e-05,4.066585726221897e-06,858,,,,,98.34651329978433,0.07780897617340088,57.23187930469006,,1.966078906185942,1025.5060057435185
True,"Macro-token frontier, adaptive LoRAs (H=1,024)",40,macro_token,,1.6404090767556971,,1024,55640,5.7284068318101185e-05,3.437044099086071e-06,880,,,,,98.49029475197699,0.07081439467662534,57.52705805182027,,1.9623506995801967,1051.4609925355762
True,"Macro-token frontier, adaptive LoRAs (H=1,024)",41,macro_token,,1.8851077231493862,,1024,57031,4.7646972956169615e-05,2.858818377370177e-06,902,,,,,98.058950395399,0.09312569803680815,57.36306985897016,,1.9708864781926132,1077.5037310756743
True,"Macro-token frontier, adaptive LoRAs (H=1,024)",42,macro_token,,1.6496262448755177,,1024,58422,3.890736398876508e-05,2.3344418393259047e-06,924,,,,,98.34651329978433,0.08394155649724065,56.87110528041981,,1.9867730445649123,1103.5357618778944
True,"Macro-token frontier, adaptive LoRAs (H=1,024)",43,macro_token,,1.6940891471776096,,1024,59813,3.110353072142021e-05,1.8662118432852126e-06,946,,,,,98.20273184759166,0.07202736410967829,57.06789111183995,,1.9780901655207779,1129.36168015562
True,"Macro-token frontier, adaptive LoRAs (H=1,024)",44,macro_token,,1.6809273931113156,,1024,61204,2.4269662710831545e-05,1.4561797626498926e-06,968,,,,,98.27462257368799,0.071217184783228,57.133486388979996,,1.9834561871872374,1155.4047170355916
True,"Macro-token frontier, adaptive LoRAs (H=1,024)",45,macro_token,,1.5514908338134938,,1024,62595,1.8435699976192516e-05,1.106141998571551e-06,990,,,,,98.56218547807333,0.06389954568326774,57.19908166612004,,1.9752313445614533,1181.1396210677922
True,"Macro-token frontier, adaptive LoRAs (H=1,024)",46,macro_token,,1.7470340464602818,,1024,63986,1.3627201828273656e-05,8.176321096964194e-07,1012,,,,,98.13084112149532,0.0800178615760666,57.264676943260085,,1.9727068031839012,1206.9060183390975
True,"Macro-token frontier, adaptive LoRAs (H=1,024)",47,macro_token,,1.4090111221779476,,1024,65377,9.865234890927895e-06,5.919140934556736e-07,1034,,,,,98.99352983465133,0.054275370518309364,57.06789111183995,,1.9712917319122945,1232.8089454751462
True,"Macro-token frontier, adaptive LoRAs (H=1,024)",48,macro_token,,1.589393752542409,,1024,66768,7.166280805611358e-06,4.2997684833668145e-07,1056,,,,,98.63407620416966,0.0648919192258614,57.16628402755001,,1.9679381613576556,1258.7734306268394
True,"Macro-token frontier, adaptive LoRAs (H=1,024)",49,macro_token,,1.664622806689956,,1024,68159,5.542164023277864e-06,3.325298413966718e-07,1078,,,,,98.56218547807333,0.07320178969141222,57.264676943260085,,1.9667040235920397,1284.9933036491275
True,"Macro-token frontier, adaptive LoRAs (H=1,024)",50,macro_token,,1.529437466101213,,1024,69550,5e-06,3.0000000000000004e-07,1100,,,,,98.99352983465133,0.055076534331573335,57.33027222040013,,1.9662240273290166,1311.2423525433987
True,"Macro-token frontier, adaptive LoRAs (H=2,048)",1,macro_token,,10.87726768694426,,2048,2415,0.0002,1.2e-05,38,,,,,3.1884057971014492,5.302709708203934,3.0173827484421123,,5.1744309097245,36.27795312739909
True,"Macro-token frontier, adaptive LoRAs (H=2,048)",2,macro_token,,9.653034461172004,,2048,4830,0.0004,2.4e-05,76,,,,,20.74534161490683,3.9508857932396806,31.223351918661855,,3.2799197528822845,72.54196206294
True,"Macro-token frontier, adaptive LoRAs (H=2,048)",3,macro_token,,8.84113483679922,,2048,7245,0.0004998784146258861,2.9992704877553167e-05,114,,,,,55.6935817805383,2.0236150074202577,57.19908166612004,,1.9109221371168699,108.68535511940718
True,"Macro-token frontier, adaptive LoRAs (H=2,048)",4,macro_token,,6.95633444033171,,2048,9660,0.0004988240097601315,2.9929440585607895e-05,152,,,,,75.3623188405797,1.1298551745049454,64.67694326008528,,1.528612023613499,145.01579117961228
True,"Macro-token frontier, adaptive LoRAs (H=2,048)",5,macro_token,,5.645299246436672,,2048,12075,0.0004966912986410193,2.980147791846116e-05,190,,,,,84.88612836438924,0.7280600474734731,67.72712364709741,,1.3816524854680678,181.3221914358437
True,"Macro-token frontier, adaptive LoRAs (H=2,048)",6,macro_token,,5.102553041357743,,2048,14490,0.0004934896174097503,2.960937704458502e-05,228,,,,,87.28778467908903,0.6081661714036519,67.89111183994753,,1.3911049111861407,217.69034245982766
True,"Macro-token frontier, adaptive LoRAs (H=2,048)",7,macro_token,,4.656049835054498,,2048,16905,0.0004892329817235735,2.9353978903414408e-05,266,,,,,89.23395445134575,0.5082326458601231,67.75992128566743,,1.375014959768844,253.91580999083817
True,"Macro-token frontier, adaptive LoRAs (H=2,048)",8,macro_token,,4.188393197561565,,2048,19320,0.0004839400254009424,2.9036401524056545e-05,304,,,,,91.75983436853002,0.405674101551127,69.36700557559855,,1.3120297525467814,290.31139688938856
True,"Macro-token frontier, adaptive LoRAs (H=2,048)",9,macro_token,,4.136291761147349,,2048,21735,0.00047763391885024333,2.86580351310146e-05,342,,,,,91.46997929606626,0.40313468522413426,69.89176779271892,,1.3026229130240417,326.3581478558481
True,"Macro-token frontier, adaptive LoRAs (H=2,048)",10,macro_token,,4.009486769375048,,2048,24150,0.00047034226763917775,2.8220536058350667e-05,380,,,,,91.92546583850931,0.36728047712495854,69.36700557559855,,1.2788211000516947,362.25696237944067
True,"Macro-token frontier, adaptive LoRAs (H=2,048)",11,macro_token,,3.678925087577418,,2048,26565,0.00046209699164882366,2.772581949892942e-05,418,,,,,93.41614906832298,0.3237426651190527,69.53099376844867,,1.3192843396220297,398.0339453443885
True,"Macro-token frontier, adaptive LoRAs (H=2,048)",12,macro_token,,3.7162747634084603,,2048,28980,0.00045293418534138845,2.717605112048331e-05,456,,,,,92.7536231884058,0.3314320629427892,69.82617251557888,,1.2865414129940944,433.8856443911791
True,"Macro-token frontier, adaptive LoRAs (H=2,048)",13,macro_token,,3.470069922898945,,2048,31395,0.000442893959753345,2.65736375852007e-05,494,,,,,93.70600414078675,0.2999415577321813,69.3014102984585,,1.3096158636636757,469.9816179946065
True,"Macro-token frontier, adaptive LoRAs (H=2,048)",14,macro_token,,3.196646097459291,,2048,33810,0.0004320202669056401,2.5921216014338407e-05,532,,,,,94.57556935817806,0.2376333086633781,69.82617251557888,,1.2788582723935966,505.897314414382
True,"Macro-token frontier, adaptive LoRAs (H=2,048)",15,macro_token,,3.20072897484428,,2048,36225,0.000420360707399637,2.522164244397822e-05,570,,,,,94.86542443064182,0.2514628613710897,70.05575598556904,,1.2873141100149383,542.3046619240195
True,"Macro-token frontier, adaptive LoRAs (H=2,048)",16,macro_token,,3.257132944307829,,2048,38640,0.00040796632204105734,2.4477979322463438e-05,608,,,,,94.78260869565217,0.24580369854565734,70.02295834699902,,1.2866376537149091,578.2652800157666
True,"Macro-token frontier, adaptive LoRAs (H=2,048)",17,macro_token,,3.1636526866963037,,2048,41055,0.0003948913684041086,2.3693482104246517e-05,646,,,,,95.23809523809524,0.21984029339460606,69.3014102984585,,1.3178383979534627,614.1505575012416
True,"Macro-token frontier, adaptive LoRAs (H=2,048)",18,macro_token,,3.1996791582358513,,2048,43470,0.0003811930833139092,2.2871584998834552e-05,684,,,,,94.69979296066252,0.23980446513395132,69.89176779271892,,1.3044354534806013,650.4225165098906
True,"Macro-token frontier, adaptive LoRAs (H=2,048)",19,macro_token,,2.979151594011407,,2048,45885,0.0003669314322869648,2.201588593721789e-05,722,,,,,95.61076604554866,0.219581050951782,70.05575598556904,,1.274965373208461,686.6033841390163
True,"Macro-token frontier, adaptive LoRAs (H=2,048)",20,macro_token,,3.049046980707269,,2048,48300,0.0003521688470265454,2.1130130821592724e-05,760,,,,,95.19668737060042,0.2102564963741579,69.95736306985897,,1.3147929971356516,722.725438946858
True,"Macro-token frontier, adaptive LoRAs (H=2,048)",21,macro_token,,2.9311594335656417,,2048,50715,0.00033696995212209905,2.0218197127325946e-05,798,,,,,95.32091097308489,0.21601184841021742,69.99016070842899,,1.274760636942392,758.6935286652297
True,"Macro-token frontier, adaptive LoRAs (H=2,048)",22,macro_token,,2.8912112367780587,,2048,53130,0.0003214012821491048,1.9284076928946286e-05,836,,,,,95.77639751552795,0.1896274649578592,70.18694653984913,,1.2842959450596314,795.0735845956951
True,"Macro-token frontier, adaptive LoRAs (H=2,048)",23,macro_token,,2.7405820928121867,,2048,55545,0.0003055309904077815,1.833185942446689e-05,874,,,,,95.98343685300208,0.18255728826266143,70.51492292554936,,1.2752485791359935,831.3534583896399
True,"Macro-token frontier, adaptive LoRAs (H=2,048)",24,macro_token,,2.4380820926867033,,2048,57960,0.00028942855057568064,1.736571303454084e-05,912,,,,,96.77018633540372,0.15442096145503517,71.23647097408987,,1.2614288255010289,867.6424325108528
True,"Macro-token frontier, adaptive LoRAs (H=2,048)",25,macro_token,,2.462026429803748,,2048,60375,0.00027316445258020395,1.6389867154812236e-05,950,,,,,97.01863354037268,0.15466709067856055,71.5644473597901,,1.256514111672436,903.9491471592337
True,"Macro-token frontier, adaptive LoRAs (H=2,048)",26,macro_token,,2.4329737095456374,,2048,62790,0.00025680989402239256,1.5408593641343553e-05,988,,,,,96.60455486542443,0.15538143134265212,70.44932764840931,,1.3140942944820375,940.4261097554117
True,"Macro-token frontier, adaptive LoRAs (H=2,048)",27,macro_token,,2.463317152700926,,2048,65205,0.0002404364685028092,1.4426188110168552e-05,1026,,,,,97.10144927536231,0.14292026217679799,70.5805182026894,,1.2699443295417203,976.8434171713889
True,"Macro-token frontier, adaptive LoRAs (H=2,048)",28,macro_token,,2.7225208753033687,,2048,67620,0.0002241158522138959,1.3446951132833754e-05,1064,,,,,96.43892339544513,0.16522076880216105,70.21974417841915,,1.293549715006457,1013.4262589272112
True,"Macro-token frontier, adaptive LoRAs (H=2,048)",29,macro_token,,2.3930293588261855,,2048,70035,0.00020791949017077779,1.2475169410246668e-05,1102,,,,,96.93581780538302,0.13772241506517305,69.72777959986881,,1.326252327703499,1049.3792488239706
True,"Macro-token frontier, adaptive LoRAs (H=2,048)",30,macro_token,,2.572435382165407,,2048,72450,0.00019191828345406714,1.1515097007244028e-05,1140,,,,,96.60455486542443,0.15188729264474557,69.59658904558871,,1.2984315341087433,1085.7091725505888
True,"Macro-token frontier, adaptive LoRAs (H=2,048)",31,macro_token,,2.4879765149794126,,2048,74865,0.00017618227883379133,1.0570936730027481e-05,1178,,,,,97.22567287784679,0.14482420719928624,69.66218432272876,,1.285756533714387,1121.772361971438
True,"Macro-token frontier, adaptive LoRAs (H=2,048)",32,macro_token,,2.4528130512488517,,2048,77280,0.00016078036213314497,9.646821727988697e-06,1216,,,,,97.10144927536231,0.13271699899472064,70.25254181698918,,1.2864746989559526,1157.8254697974771
True,"Macro-token frontier, adaptive LoRAs (H=2,048)",33,macro_token,,2.138685201343737,,2048,79695,0.00014577995667439426,8.746797400463655e-06,1254,,,,,97.59834368530021,0.11251679572506228,69.76057723843883,,1.2862017410393425,1194.1602197550237
True,"Macro-token frontier, adaptive LoRAs (H=2,048)",34,macro_token,,2.0798693914946758,,2048,82110,0.00013124672812701616,7.87480368762097e-06,1292,,,,,97.7639751552795,0.10760224373937888,70.5805182026894,,1.27014403626269,1230.5067401714623
True,"Macro-token frontier, adaptive LoRAs (H=2,048)",35,macro_token,,2.204059642396475,,2048,84525,0.00011724429705012425,7.034657823007455e-06,1330,,,,,97.51552795031056,0.11270553700425363,70.7117087569695,,1.2721725756631752,1266.4960005711764
True,"Macro-token frontier, adaptive LoRAs (H=2,048)",36,macro_token,,1.914359842476092,,2048,86940,0.00010383396038755765,6.23003762325346e-06,1368,,,,,98.01242236024845,0.0929853323823917,69.79337487700886,,1.2851989235632457,1302.4840068947524
True,"Macro-token frontier, adaptive LoRAs (H=2,048)",37,macro_token,,2.2919509646139646,,2048,89355,9.107442313480947e-05,5.4644653880885685e-06,1406,,,,,97.22567287784679,0.12504349598973435,70.7117087569695,,1.2592287698547424,1338.6986422538757
True,"Macro-token frontier, adaptive LoRAs (H=2,048)",38,macro_token,,2.106951398284812,,2048,91770,7.902154135245231e-05,4.741292481147139e-06,1444,,,,,97.9296066252588,0.11089527281174749,70.64611347982945,,1.2663142315948075,1374.764206269756
True,"Macro-token frontier, adaptive LoRAs (H=2,048)",39,macro_token,,2.0488557713596443,,2048,94185,6.772807765103923e-05,4.0636846590623544e-06,1482,,,,,97.63975155279503,0.10082965489500058,70.77730403410955,,1.26256658116807,1410.721856314689
True,"Macro-token frontier, adaptive LoRAs (H=2,048)",40,macro_token,,2.041546743167074,,2048,96600,5.724347021787164e-05,3.4346082130722982e-06,1520,,,,,97.7639751552795,0.09800511670161972,70.44932764840931,,1.264715588182729,1446.6271023917943
True,"Macro-token frontier, adaptive LoRAs (H=2,048)",41,macro_token,,2.034057227012358,,2048,99015,4.76136163967373e-05,2.856816983804238e-06,1558,,,,,97.97101449275362,0.1038611360218214,70.64611347982945,,1.2746274027913544,1482.554545974359
True,"Macro-token frontier, adaptive LoRAs (H=2,048)",42,macro_token,,1.919578958498804,,2048,101430,3.8880671768021507e-05,2.3328403060812904e-06,1596,,,,,97.88819875776397,0.09515084845185527,70.38373237126928,,1.2660539000884319,1518.7143477126956
True,"Macro-token frontier, adaptive LoRAs (H=2,048)",43,macro_token,,2.1177263244202265,,2048,103845,3.108286560873449e-05,1.8649719365240692e-06,1634,,,,,97.72256728778468,0.10819407605236361,70.38373237126928,,1.2628337363408566,1554.6908867042512
True,"Macro-token frontier, adaptive LoRAs (H=2,048)",44,macro_token,,2.036074288973683,,2048,106260,2.4254333540296902e-05,1.455260012417814e-06,1672,,,,,97.68115942028986,0.10093082700456892,70.31813709412923,,1.2628052668635592,1591.1560004930943
True,"Macro-token frontier, adaptive LoRAs (H=2,048)",45,macro_token,,2.1163654186223684,,2048,108675,1.842496809668405e-05,1.105498085801043e-06,1710,,,,,97.72256728778468,0.09800934653351272,70.15414890127911,,1.2600763945862596,1627.4079997148365
True,"Macro-token frontier, adaptive LoRAs (H=2,048)",46,macro_token,,1.91950282611345,,2048,111090,1.3620287867078738e-05,8.172172720247242e-07,1748,,,,,98.30227743271222,0.08680635322942003,70.2853394555592,,1.2623732877426672,1663.4240535069257
True,"Macro-token frontier, adaptive LoRAs (H=2,048)",47,macro_token,,1.8044084051721974,,2048,113505,9.861325785875071e-06,5.916795471525043e-07,1786,,,,,98.30227743271222,0.0796576093689502,70.51492292554936,,1.2605861414843367,1699.4919430874288
True,"Macro-token frontier, adaptive LoRAs (H=2,048)",48,macro_token,,1.5992430444610746,,2048,115920,7.164537059052543e-06,4.2987222354315256e-07,1824,,,,,98.55072463768116,0.07888172388570402,70.54772056411939,,1.2580916359996202,1735.680972771719
True,"Macro-token frontier, adaptive LoRAs (H=2,048)",49,macro_token,,1.9429660678694123,,2048,118335,5.541727129982058e-06,3.3250362779892346e-07,1862,,,,,97.97101449275362,0.09612245569564788,70.74450639553952,,1.2575414563132412,1771.88701162301
True,"Macro-token frontier, adaptive LoRAs (H=2,048)",50,macro_token,,1.6834517505608106,,2048,120750,5e-06,3.0000000000000004e-07,1900,,,,,98.4679089026915,0.07303036034230613,70.67891111839947,,1.2572364244120127,1808.0430917087942
True,"Macro-token frontier, adaptive LoRAs (H=4,096)",1,macro_token,,10.564945411682128,,4096,4463,0.0002,1.2e-05,70,,,,,2.845619538427067,5.267905031649115,7.117087569694982,,4.5518061762053135,55.91128153540194
True,"Macro-token frontier, adaptive LoRAs (H=4,096)",2,macro_token,,9.550816944667272,,4096,8926,0.0004,2.4e-05,140,,,,,34.84203450593771,3.107273636018111,61.29878648737291,,1.7217576754761743,112.33864942006767
True,"Macro-token frontier, adaptive LoRAs (H=4,096)",3,macro_token,,7.83224435533796,,4096,13389,0.0004998722257368333,2.9992333544209993e-05,210,,,,,67.15213981626708,1.4887495808021225,73.1387340111512,,1.134367858045959,168.70808372087777
True,"Macro-token frontier, adaptive LoRAs (H=4,096)",4,macro_token,,6.619407967158726,,4096,17852,0.0004988053521330485,2.992832112798291e-05,280,,,,,75.98028232130854,1.0460350340907947,77.20564119383404,,0.9562133934193652,225.40139346383512
True,"Macro-token frontier, adaptive LoRAs (H=4,096)",5,macro_token,,5.737569073268346,,4096,22315,0.0004966607999997861,2.9799647999987172e-05,350,,,,,82.00761819403988,0.7724116178149737,77.79599868809446,,0.9259767304017295,282.05647299066186
True,"Macro-token frontier, adaptive LoRAs (H=4,096)",6,macro_token,,5.23924070085798,,4096,26778,0.0004934479525590076,2.960687715354046e-05,420,,,,,86.01837329150796,0.6425515054561299,78.35355854378484,,0.8949546301001289,338.98287124186754
True,"Macro-token frontier, adaptive LoRAs (H=4,096)",7,macro_token,,4.819929347719465,,4096,31241,0.0004891808672263372,2.9350852033580227e-05,490,,,,,87.45238628725073,0.5665968023766431,78.8455231223352,,0.8767576508539237,395.57725346647203
True,"Macro-token frontier, adaptive LoRAs (H=4,096)",8,macro_token,,4.536482875687735,,4096,35704,0.0004838782141045827,2.903269284627496e-05,560,,,,,89.15527671969527,0.4856479652468036,78.41915382092489,,0.8854246993423016,452.1102129165083
True,"Macro-token frontier, adaptive LoRAs (H=4,096)",9,macro_token,,4.319622434888568,,4096,40167,0.00047756319429501575,2.8653791657700947e-05,630,,,,,89.78265740533274,0.4560904756084889,78.97671367661529,,0.8700689764326226,509.1101249884814
True,"Macro-token frontier, adaptive LoRAs (H=4,096)",10,macro_token,,4.188655917985098,,4096,44630,0.0004702634383838299,2.8215806303029792e-05,700,,,,,90.43244454402868,0.4282091214681938,79.0095113151853,,0.8605782423460433,566.715100042522
True,"Macro-token frontier, adaptive LoRAs (H=4,096)",11,macro_token,,4.1374681302479335,,4096,49093,0.00046201088554793604,2.772065313287616e-05,770,,,,,90.54447680932108,0.43407711564973683,79.82945227943588,,0.8511154134768507,624.6688580475748
True,"Macro-token frontier, adaptive LoRAs (H=4,096)",12,macro_token,,4.120511947359358,,4096,53556,0.00045284164380905435,2.717049862854326e-05,840,,,,,90.74613488684741,0.4202241916814621,80.12463102656609,,0.8359805576603465,681.3636492714286
True,"Macro-token frontier, adaptive LoRAs (H=4,096)",13,macro_token,,3.994767325265067,,4096,58019,0.00044279583204754214,2.656774992285253e-05,910,,,,,91.28388976025096,0.39151135864958697,79.04230895375532,,0.8401224293369433,737.6710404437035
True,"Macro-token frontier, adaptive LoRAs (H=4,096)",14,macro_token,,3.7279904433659143,,4096,62482,0.00043191740446720715,2.591504426803243e-05,980,,,,,92.26977369482411,0.32750517547918545,79.8622499180059,,0.836676639195308,793.770508652553
True,"Macro-token frontier, adaptive LoRAs (H=4,096)",15,macro_token,,3.494749810014452,,4096,66945,0.0004202539582791381,2.5215237496748286e-05,1050,,,,,93.05399955187094,0.2979197242509456,79.66546408658577,,0.8695181161311855,849.9883970003575
True,"Macro-token frontier, adaptive LoRAs (H=4,096)",16,macro_token,,3.559226427759443,,4096,71408,0.00040785652544600946,2.447139152676057e-05,1120,,,,,93.07640600492942,0.30653252848429235,78.25516562807478,,0.8975187334790704,906.1943112462759
True,"Macro-token frontier, adaptive LoRAs (H=4,096)",17,macro_token,,3.3838781918798175,,4096,75871,0.0003947793493980565,2.368676096388339e-05,1190,,,,,93.70378669056689,0.28807400374996966,78.61593965234503,,0.8706020494100108,962.8389970436692
True,"Macro-token frontier, adaptive LoRAs (H=4,096)",18,macro_token,,3.4568761791501728,,4096,80334,0.0003810796476976705,2.286477886186023e-05,1260,,,,,93.6813802375084,0.2882342823626027,78.7143325680551,,0.8764374577518211,1019.3346175272018
True,"Macro-token frontier, adaptive LoRAs (H=4,096)",19,macro_token,,3.4009936111313954,,4096,84797,0.00036681736169105023,2.2009041701463015e-05,1330,,,,,93.77100604974233,0.28050170168063576,79.07510659232535,,0.8624339768361873,1076.1525408029556
True,"Macro-token frontier, adaptive LoRAs (H=4,096)",20,macro_token,,3.418526417868478,,4096,89260,0.0003520548942422725,2.112329365453635e-05,1400,,,,,93.70378669056689,0.27606449355839774,78.87832076090521,,0.8850360343635336,1132.543024411425
True,"Macro-token frontier, adaptive LoRAs (H=4,096)",21,macro_token,,3.1688355258532934,,4096,93723,0.0003368568366972985,2.021141020183791e-05,1470,,,,,94.5104190006722,0.2556979880054088,79.30469006231552,,0.8603761246963656,1189.1646798960865
True,"Macro-token frontier, adaptive LoRAs (H=4,096)",22,macro_token,,3.1308281779289246,,4096,98186,0.00032128968627254725,1.9277381176352833e-05,1540,,,,,94.60004481290612,0.22975527393478679,80.22302394227616,,0.8605678204279643,1245.2983100526035
True,"Macro-token frontier, adaptive LoRAs (H=4,096)",23,macro_token,,3.0692087633269174,,4096,102649,0.00030542155510457044,1.8325293306274225e-05,1610,,,,,94.77929643737396,0.22639942340137123,79.76385700229584,,0.8610471936279377,1301.395393807441
True,"Macro-token frontier, adaptive LoRAs (H=4,096)",24,macro_token,,3.061901160648891,,4096,107112,0.000289321872233844,1.735931233403064e-05,1680,,,,,94.98095451490029,0.22366455871108507,80.05903574942604,,0.8530709318897302,1357.9166570231318
True,"Macro-token frontier, adaptive LoRAs (H=4,096)",25,macro_token,,2.9437331054891858,,4096,111575,0.0002730610798266095,1.6383664789596573e-05,1750,,,,,95.02576742101725,0.21872515451900099,79.46867825516563,,0.8766366427513215,1413.6717051193118
True,"Macro-token frontier, adaptive LoRAs (H=4,096)",26,macro_token,,2.906529084273747,,4096,116038,0.0002567103249639104,1.5402619497834625e-05,1820,,,,,95.42908357606991,0.21083187581497592,79.63266644801574,,0.8569122763609018,1469.8359937835485
True,"Macro-token frontier, adaptive LoRAs (H=4,096)",27,macro_token,,2.9387361560549055,,4096,120501,0.00024034114834635919,1.4420468900781551e-05,1890,,,,,95.33945776383598,0.20057175802110744,79.66546408658577,,0.8582882691931044,1526.0371051151305
True,"Macro-token frontier, adaptive LoRAs (H=4,096)",28,macro_token,,2.7039216403450284,,4096,124964,0.00022402517127667306,1.3441510276600383e-05,1960,,,,,95.80999327806408,0.1808128223380726,79.89504755657593,,0.8583040284344157,1582.14314529486
True,"Macro-token frontier, adaptive LoRAs (H=4,096)",29,macro_token,,2.6918691899095264,,4096,129427,0.00020783378228954346,1.2470026937372608e-05,2030,,,,,96.01165135559042,0.1808825993041086,79.40308297802558,,0.867195841287855,1638.1749695111066
True,"Macro-token frontier, adaptive LoRAs (H=4,096)",30,macro_token,,2.7490692953978266,,4096,133890,0.00019183782479995423,1.1510269487997254e-05,2100,,,,,96.10127716782434,0.17998337280902524,80.02623811085601,,0.8578757464045108,1694.1764629315585
True,"Macro-token frontier, adaptive LoRAs (H=4,096)",31,macro_token,,2.7537809014320374,,4096,138353,0.00017610728713660236,1.0566437228196142e-05,2170,,,,,96.0340578086489,0.1775782105101616,79.20629714660545,,0.8612321420120935,1750.414210818708
True,"Macro-token frontier, adaptive LoRAs (H=4,096)",32,macro_token,,2.69930060335568,,4096,142816,0.00016071099631664407,9.642659778998644e-06,2240,,,,,96.1460900739413,0.16099518824660028,79.993440472286,,0.8500272789013976,1807.1682116687298
True,"Macro-token frontier, adaptive LoRAs (H=4,096)",33,macro_token,,2.4295777320861816,,4096,147279,0.00014571631690161503,8.742979014096902e-06,2310,,,,,96.97512883710509,0.14513002608139206,79.66546408658577,,0.8520006972400819,1863.6592102069408
True,"Macro-token frontier, adaptive LoRAs (H=4,096)",34,macro_token,,2.4476240847791946,,4096,151742,0.00013118885625214283,7.87133137512857e-06,2380,,,,,96.59421913511092,0.14583072054955074,80.09183338799606,,0.8490349559089558,1919.7239778209478
True,"Macro-token frontier, adaptive LoRAs (H=4,096)",35,macro_token,,2.5120188542774744,,4096,156205,0.00011719217747107611,7.031530648264566e-06,2450,,,,,96.70625140040332,0.14546396535740502,80.58379796654641,,0.8361347832809554,1976.2913528885692
True,"Macro-token frontier, adaptive LoRAs (H=4,096)",36,macro_token,,2.332571510757719,,4096,160668,0.00010378752129100843,6.227251277460506e-06,2520,,,,,97.1767869146314,0.12519898949891708,80.64939324368646,,0.8373178849262501,2032.4602834638208
True,"Macro-token frontier, adaptive LoRAs (H=4,096)",37,macro_token,,2.591855787379401,,4096,165131,9.103353812304612e-05,5.462012287382767e-06,2590,,,,,96.3701546045261,0.15502829319848999,80.38701213512627,,0.8422970119637714,2088.6460253037512
True,"Macro-token frontier, adaptive LoRAs (H=4,096)",38,macro_token,,2.5499750409807476,,4096,169594,7.898603143920635e-05,4.739161886352381e-06,2660,,,,,96.43737396370155,0.15164408351497322,80.35421449655625,,0.8457859173177618,2144.622052466497
True,"Macro-token frontier, adaptive LoRAs (H=4,096)",39,macro_token,,2.461158888680594,,4096,174057,6.769771361124422e-05,4.061862816674653e-06,2730,,,,,96.66143849428636,0.13653878831233035,80.38701213512627,,0.8459395849341133,2200.641613090411
True,"Macro-token frontier, adaptive LoRAs (H=4,096)",40,macro_token,,2.4493289125817164,,4096,178520,5.721797527420586e-05,3.4330785164523514e-06,2800,,,,,96.90790947792965,0.13718949412914927,80.84617907510659,,0.844272797441592,2257.009865967557
True,"Macro-token frontier, adaptive LoRAs (H=4,096)",41,macro_token,,2.4187378202165877,,4096,182983,4.759266922382874e-05,2.8555601534297244e-06,2870,,,,,96.90790947792965,0.1384138816038162,80.35421449655625,,0.8521043721790508,2313.05753724277
True,"Macro-token frontier, adaptive LoRAs (H=4,096)",42,macro_token,,2.26374905024256,,4096,187446,3.886390979331856e-05,2.3318345875991137e-06,2940,,,,,97.06475464933901,0.1245897230801763,80.32141685798622,,0.8411538764350568,2369.7781198620796
True,"Macro-token frontier, adaptive LoRAs (H=4,096)",43,macro_token,,2.452128093583243,,4096,191909,3.1069888587306814e-05,1.8641933152384087e-06,3010,,,,,96.86309657181268,0.1379385428019444,80.48540505083633,,0.8415306106322161,2427.718194294721
True,"Macro-token frontier, adaptive LoRAs (H=4,096)",44,macro_token,,2.357278742960521,,4096,196372,2.4244707379219345e-05,1.4546824427531606e-06,3080,,,,,97.04234819628053,0.13066707409579417,80.48540505083633,,0.8382225787299467,2485.921473070979
True,"Macro-token frontier, adaptive LoRAs (H=4,096)",45,macro_token,,2.319213300517627,,4096,200835,1.8418228903194958e-05,1.1050937341916975e-06,3150,,,,,96.97512883710509,0.12218094203281424,80.55100032797638,,0.8388318255441077,2544.145890403539
True,"Macro-token frontier, adaptive LoRAs (H=4,096)",46,macro_token,,2.451609029514449,,4096,205298,1.3615946193395273e-05,8.169567716037163e-07,3220,,,,,96.93031593098813,0.1360817206912903,80.48540505083633,,0.8389563862321102,2600.4075018707663
True,"Macro-token frontier, adaptive LoRAs (H=4,096)",47,macro_token,,2.294712426832744,,4096,209761,9.858871042393959e-06,5.915322625436375e-07,3290,,,,,97.28881917992382,0.11609169653170905,80.48540505083633,,0.8376716058267535,2656.8269056174904
True,"Macro-token frontier, adaptive LoRAs (H=4,096)",48,macro_token,,2.20755303055048,,4096,214224,7.1634420666839704e-06,4.298065240010382e-07,3360,,,,,97.26641272686534,0.11892938205219827,80.45260741226632,,0.8367991248831744,2713.2658959124237
True,"Macro-token frontier, adaptive LoRAs (H=4,096)",49,macro_token,,2.2831675278288976,,4096,218687,5.541452781549079e-06,3.324871668929447e-07,3430,,,,,97.04234819628053,0.12356326335912965,80.45260741226632,,0.8370733145378816,2769.5783600471914
True,"Macro-token frontier, adaptive LoRAs (H=4,096)",50,macro_token,,2.229041608742305,,4096,223150,5e-06,3.0000000000000004e-07,3500,,,,,97.33363208604078,0.11779510560870143,80.55100032797638,,0.8364809611149403,2826.030180286616
True,"Macro-token frontier, adaptive LoRAs (H=8,192)",1,macro_token,,10.22531325069826,,8192,8559,0.0002,1.2e-05,134,,,,,5.865171164855708,4.968095307205865,37.422105608396194,,3.0429789392077833,98.16063943132758
True,"Macro-token frontier, adaptive LoRAs (H=8,192)",2,macro_token,,9.064428966436813,,8192,17118,0.0004,2.4e-05,268,,,,,55.9527982240916,2.030732522209694,75.1393899639226,,1.0514113494082333,196.66995208896697
True,"Macro-token frontier, adaptive LoRAs (H=8,192)",3,macro_token,,7.292814130213723,,8192,25677,0.0004998686487941308,2.9992118927647847e-05,402,,,,,70.95455076527632,1.271878311241017,80.15742866513611,,0.8068159146557561,296.0419647283852
True,"Macro-token frontier, adaptive LoRAs (H=8,192)",4,macro_token,,6.269874092358262,,8192,34236,0.000498794709329527,2.992768255977162e-05,536,,,,,77.36885150134361,0.9748758542675576,82.87963266644802,,0.6963340619150714,394.94705063663423
True,"Macro-token frontier, adaptive LoRAs (H=8,192)",5,macro_token,,5.7175181232281584,,8192,42795,0.000496643447403116,2.979860684418696e-05,670,,,,,80.99076994976049,0.8163782824616466,83.73237126926861,,0.6620922576563989,498.3942839689553
True,"Macro-token frontier, adaptive LoRAs (H=8,192)",6,macro_token,,5.2477297729520656,,8192,51354,0.0004934242728913865,2.960545637348319e-05,804,,,,,83.8999883163921,0.6883379896885742,83.10921613643818,,0.6568298070850667,601.8567736633122
True,"Macro-token frontier, adaptive LoRAs (H=8,192)",7,macro_token,,4.979974412206394,,8192,59913,0.0004891512668479646,2.9349076010877876e-05,938,,,,,85.08003271410212,0.6390988846529392,83.46999016070843,,0.6454910198247953,703.9678708016872
True,"Macro-token frontier, adaptive LoRAs (H=8,192)",8,macro_token,,4.75487664030559,,8192,68472,0.0004838431199114052,2.9030587194684313e-05,1072,,,,,86.28344432760836,0.5743417749896285,83.60118071498852,,0.6430226867415546,800.6857038848102
True,"Macro-token frontier, adaptive LoRAs (H=8,192)",9,macro_token,,4.635201573371887,,8192,77031,0.00047752305055010695,2.865138303300642e-05,1206,,,,,87.52190676480897,0.5409615852381807,84.09314529353887,,0.6534067449823057,898.5990712475032
True,"Macro-token frontier, adaptive LoRAs (H=8,192)",10,macro_token,,4.361302977177634,,8192,85590,0.0004702187035019598,2.821312221011759e-05,1340,,,,,89.22771351793433,0.4812483788093739,83.5683830764185,,0.6504337208198304,997.1802581679076
True,"Macro-token frontier, adaptive LoRAs (H=8,192)",11,macro_token,,4.332499129558677,,8192,94149,0.0004619620288529613,2.7717721731177676e-05,1474,,,,,89.16929547844374,0.46938367062103026,83.66677599212856,,0.6582779876518813,1096.9204265922308
True,"Macro-token frontier, adaptive LoRAs (H=8,192)",12,macro_token,,4.270259369665117,,8192,102708,0.00045278914228372586,2.7167348537023552e-05,1608,,,,,89.54317093118355,0.4540079236935895,83.27320432928829,,0.6753794531542264,1196.1500277724117
True,"Macro-token frontier, adaptive LoRAs (H=8,192)",13,macro_token,,4.137758815466468,,8192,111267,0.00044274016709518665,2.65644100257112e-05,1742,,,,,90.04556607080266,0.4224011864335142,84.09314529353887,,0.6540626108001278,1296.8474361933768
True,"Macro-token frontier, adaptive LoRAs (H=8,192)",14,macro_token,,3.9217865075638043,,8192,119826,0.000431859058704487,2.591154352226922e-05,1876,,,,,91.02698913424466,0.39062648059636834,83.01082322072811,,0.6761503010040113,1398.2113226801157
True,"Macro-token frontier, adaptive LoRAs (H=8,192)",15,macro_token,,3.9488422799466263,,8192,128385,0.00042019341237873806,2.521160474272428e-05,2010,,,,,91.50601705806753,0.3675605256029038,83.63397835355855,,0.6663138082122052,1496.3037964124233
True,"Macro-token frontier, adaptive LoRAs (H=8,192)",16,macro_token,,3.9315836945576454,,8192,136944,0.0004077942550476391,2.4467655302858348e-05,2144,,,,,91.23729407641079,0.3817969375799326,83.53558543784847,,0.6812149321849169,1593.4265511166304
True,"Macro-token frontier, adaptive LoRAs (H=8,192)",17,macro_token,,3.871533084271559,,8192,145503,0.0003947158221055948,2.368294932633569e-05,2278,,,,,91.20224325271644,0.36815705440328256,83.1420137750082,,0.680858219831097,1690.3433877639472
True,"Macro-token frontier, adaptive LoRAs (H=8,192)",18,macro_token,,3.6489718529715467,,8192,154062,0.0003810153201796255,2.286091921077753e-05,2412,,,,,92.3589204346302,0.3347339023425627,83.6995736306986,,0.6655342800181668,1787.6054822597653
True,"Macro-token frontier, adaptive LoRAs (H=8,192)",19,macro_token,,3.5828021471180134,,8192,162621,0.00036675267690075125,2.2005160614045074e-05,2546,,,,,92.62764341628694,0.33037868327717873,83.53558543784847,,0.6784203142445765,1888.399164441973
True,"Macro-token frontier, adaptive LoRAs (H=8,192)",20,macro_token,,3.634065491050037,,8192,171180,0.00035199027877337927,2.1119416726402754e-05,2680,,,,,92.53417455310199,0.323750490367322,83.17481141357823,,0.6933268487316618,1999.4575822800398
True,"Macro-token frontier, adaptive LoRAs (H=8,192)",21,macro_token,,3.4736857031708332,,8192,179739,0.00033679269828928586,2.0207561897357153e-05,2814,,,,,93.07162051641546,0.29573445780308727,82.87963266644802,,0.7022964268600249,2110.649530151859
True,"Macro-token frontier, adaptive LoRAs (H=8,192)",22,macro_token,,3.551310938685688,,8192,188298,0.0003212264114798291,1.9273584688789745e-05,2948,,,,,92.87299918214745,0.2978021870401505,83.27320432928829,,0.6903397362128209,2221.987865494564
True,"Macro-token frontier, adaptive LoRAs (H=8,192)",23,macro_token,,3.284416760971297,,8192,196857,0.00030535950714185043,1.8321570428511026e-05,3082,,,,,93.8310550297932,0.2688436766402829,82.97802558215808,,0.7100532121367438,2332.9985623080283
True,"Macro-token frontier, adaptive LoRAs (H=8,192)",24,macro_token,,3.3690970210886713,,8192,205416,0.0002892613890091501,1.7355683340549008e-05,3216,,,,,93.76095338240448,0.2746584200666864,83.92915710068876,,0.6778045215150027,2444.4413344915956
True,"Macro-token frontier, adaptive LoRAs (H=8,192)",25,macro_token,,3.1930961448754838,,8192,213975,0.000273002472172269,1.6380148330336138e-05,3350,,,,,94.19324687463488,0.25589272206820457,83.73237126926861,,0.6820332197800508,2555.299773711711
True,"Macro-token frontier, adaptive LoRAs (H=8,192)",26,macro_token,,3.1543911393009014,,8192,222534,0.0002566538750744764,1.5399232504468585e-05,3484,,,,,94.3217665615142,0.24642056730225592,83.30600196785831,,0.6739823412371292,2666.3295068778098
True,"Macro-token frontier, adaptive LoRAs (H=8,192)",27,macro_token,,3.1993392527993048,,8192,231093,0.00024028710843120943,1.4417226505872566e-05,3618,,,,,94.25166491412548,0.2445511826149617,83.66677599212856,,0.6947218537447921,2777.4289174564183
True,"Macro-token frontier, adaptive LoRAs (H=8,192)",28,macro_token,,3.0541564617584003,,8192,239652,0.00022397376243366598,1.3438425746019959e-05,3752,,,,,94.84752891692955,0.22589956948043782,83.17481141357823,,0.6881558001334646,2888.3503212556243
True,"Macro-token frontier, adaptive LoRAs (H=8,192)",29,macro_token,,3.030152020169728,,8192,248211,0.00020778519360476218,1.246711161628573e-05,3886,,,,,94.85921252482767,0.22178266708337477,83.20760905214824,,0.6856797894871638,2999.499934360385
True,"Macro-token frontier, adaptive LoRAs (H=8,192)",30,macro_token,,3.0139820815911933,,8192,256770,0.00019179221267718224,1.1507532760630935e-05,4020,,,,,95.09288468279004,0.21029599454723544,83.46999016070843,,0.6846096223985692,3110.239120164886
True,"Macro-token frontier, adaptive LoRAs (H=8,192)",31,macro_token,,3.0186004131587585,,8192,265329,0.00017606477485878046,1.0563886491526828e-05,4154,,,,,95.04615025119757,0.21247288889382984,83.40439488356839,,0.6954478222880452,3220.9621027912945
True,"Macro-token frontier, adaptive LoRAs (H=8,192)",32,macro_token,,2.9580275594298517,,8192,273888,0.0001606716738401503,9.640300430409018e-06,4288,,,,,95.10456829068816,0.19965720146055296,82.87963266644802,,0.7026615637018861,3331.8922487404197
True,"Macro-token frontier, adaptive LoRAs (H=8,192)",33,macro_token,,2.8650838683790236,,8192,282447,0.0001456802408828092,8.740814452968552e-06,4422,,,,,95.27982240915995,0.1976288620006928,83.27320432928829,,0.6793589418385607,3443.064762448892
True,"Macro-token frontier, adaptive LoRAs (H=8,192)",34,macro_token,,2.795712599781022,,8192,291006,0.00013115605030422268,7.86936301825336e-06,4556,,,,,95.67706507769599,0.17923410112354463,83.33879960642834,,0.6748232849311265,3553.852078575641
True,"Macro-token frontier, adaptive LoRAs (H=8,192)",35,macro_token,,2.8061248339823823,,8192,299565,0.00011716263264791083,7.02975795887465e-06,4690,,,,,95.8055847645753,0.17805883739300735,83.73237126926861,,0.6793453758292294,3664.884168367833
True,"Macro-token frontier, adaptive LoRAs (H=8,192)",36,macro_token,,2.628445777875274,,8192,308124,0.00010376119679326732,6.225671807596039e-06,4824,,,,,96.33134711999065,0.16378913996500702,83.63397835355855,,0.6877608751226308,3775.9019676484168
True,"Macro-token frontier, adaptive LoRAs (H=8,192)",37,macro_token,,2.8225237438038215,,8192,316683,9.101036222061281e-05,5.460621733236768e-06,4958,,,,,95.64201425400164,0.18335711685822018,84.06034765496884,,0.6842823697919336,3886.7992362231016
True,"Macro-token frontier, adaptive LoRAs (H=8,192)",38,macro_token,,2.8140170040415295,,8192,325242,7.896590260259069e-05,4.737954156155442e-06,5092,,,,,95.66538146979788,0.1836609740251135,83.6995736306986,,0.6835861719018242,3997.722939822823
True,"Macro-token frontier, adaptive LoRAs (H=8,192)",39,macro_token,,2.7650117153552043,,8192,333801,6.768050184346399e-05,4.060830110607839e-06,5226,,,,,95.91073723565837,0.1718607076711083,83.6995736306986,,0.6850973506488344,4108.962975319475
True,"Macro-token frontier, adaptive LoRAs (H=8,192)",40,macro_token,,2.5831792648158856,,8192,342360,5.720352363342882e-05,3.4322114180057294e-06,5360,,,,,96.4832340226662,0.15945933052891534,83.60118071498852,,0.6845284033775643,4219.85834624432
True,"Macro-token frontier, adaptive LoRAs (H=8,192)",41,macro_token,,2.7349113915393604,,8192,350919,4.758079552594055e-05,2.854847731556433e-06,5494,,,,,95.94578805935272,0.16910675293737126,83.66677599212856,,0.6832676722050183,4330.547785714269
True,"Macro-token frontier, adaptive LoRAs (H=8,192)",42,macro_token,,2.6153759582718807,,8192,359478,3.8854408482523445e-05,2.331264508951407e-06,5628,,,,,96.4832340226662,0.15418334973305517,83.73237126926861,,0.6815322107782361,4441.713201796636
True,"Macro-token frontier, adaptive LoRAs (H=8,192)",43,macro_token,,2.716587417161287,,8192,368037,3.1062532761880695e-05,1.8637519657128417e-06,5762,,,,,96.01588970674145,0.16829954352191095,83.60118071498852,,0.6795437275757357,4550.364556448534
True,"Macro-token frontier, adaptive LoRAs (H=8,192)",44,macro_token,,2.6178278945275206,,8192,376596,2.423925095862539e-05,1.4543550575175235e-06,5896,,,,,96.24956186470382,0.15430684921994695,83.73237126926861,,0.6769061621856439,4645.524434987456
True,"Macro-token frontier, adaptive LoRAs (H=8,192)",45,macro_token,,2.62637523928685,,8192,385155,1.8414408921943328e-05,1.1048645353165997e-06,6030,,,,,96.20282743311134,0.16101232104552712,83.79796654640866,,0.676894291458305,4751.100028760731
True,"Macro-token frontier, adaptive LoRAs (H=8,192)",46,macro_token,,2.727630109929327,,8192,393714,1.3613485206285206e-05,8.168091123771124e-07,6164,,,,,96.09767496202828,0.16786581834268732,83.89635946211872,,0.6757591268827814,4862.118710400537
True,"Macro-token frontier, adaptive LoRAs (H=8,192)",47,macro_token,,2.6232307855762653,,8192,402273,9.85747962512816e-06,5.914487775076896e-07,6298,,,,,96.26124547260194,0.15941272934876755,83.96195473925877,,0.6757789810746175,4972.778499402106
True,"Macro-token frontier, adaptive LoRAs (H=8,192)",48,macro_token,,2.4955254470679296,,8192,410832,7.162821395284225e-06,4.2976928371705353e-07,6432,,,,,96.74027339642481,0.1401369178360597,83.76516890783864,,0.6749479794901057,5083.538830963895
True,"Macro-token frontier, adaptive LoRAs (H=8,192)",49,macro_token,,2.602864103975581,,8192,419391,5.5412972735449975e-06,3.324778364126998e-07,6566,,,,,96.43649959107373,0.15833887918514408,83.66677599212856,,0.6742056561673653,5183.800407731906
True,"Macro-token frontier, adaptive LoRAs (H=8,192)",50,macro_token,,2.544656694825016,,8192,427950,5e-06,3.0000000000000004e-07,6700,,,,,96.57670288585115,0.15117656679016392,83.63397835355855,,0.6739440628957576,5290.991977732629
True,"Macro-token frontier, adaptive LoRAs (H=11,827; full fit)",1,macro_token,,10.179862366920991,,11827,12194,0.0001997907949790795,1.1987447698744771e-05,191,,,,,12.186321141545022,4.584487937563107,58.41259429321089,,1.8829720842130617,151.7897761221975
True,"Macro-token frontier, adaptive LoRAs (H=11,827; full fit)",2,macro_token,,8.574259765485195,,11827,24388,0.000399581589958159,2.3974895397489543e-05,382,,,,,62.78497621781204,1.6828024440150349,78.7143325680551,,0.8959340351689015,304.4192614145577
True,"Macro-token frontier, adaptive LoRAs (H=11,827; full fit)",3,macro_token,,6.856260651693294,,11827,36582,0.000499868854930181,2.9992131295810863e-05,573,,,,,72.9539117598819,1.1793938083532933,81.73171531649722,,0.7158899291611843,457.13577295280993
True,"Macro-token frontier, adaptive LoRAs (H=11,827; full fit)",4,macro_token,,6.179230422873772,,11827,48776,0.0004987953199714215,2.992771919828529e-05,764,,,,,77.52993275381336,0.9635355745903367,82.48606100360774,,0.6574173743078144,609.6021980214864
True,"Macro-token frontier, adaptive LoRAs (H=11,827; full fit)",5,macro_token,,5.52823762494232,,11827,60970,0.0004966444421599779,2.9798666529598673e-05,955,,,,,81.0890601935378,0.7977018753622367,84.88028861921941,,0.589672652257392,762.0875256899744
True,"Macro-token frontier, adaptive LoRAs (H=11,827; full fit)",6,macro_token,,5.202773786964217,,11827,73164,0.0004934256298469198,2.960553779081519e-05,1146,,,,,83.3606691815647,0.7040015767006594,84.55231223351919,,0.6337733683174811,914.6039837673306
True,"Macro-token frontier, adaptive LoRAs (H=11,827; full fit)",7,macro_token,,4.970224250673623,,11827,85358,0.0004891529627331528,2.934917776398917e-05,1337,,,,,84.85320649499754,0.646777717015656,84.91308625778944,,0.5962345427315757,1066.609032139182
True,"Macro-token frontier, adaptive LoRAs (H=11,827; full fit)",8,macro_token,,4.746503466710994,,11827,97552,0.0004838451302821123,2.903070781692674e-05,1528,,,,,86.03411513859275,0.5950748661961617,85.47064611347983,,0.5840400296690113,1219.3015372231603
True,"Macro-token frontier, adaptive LoRAs (H=11,827; full fit)",9,macro_token,,4.59774246016098,,11827,109746,0.00047752534996847463,2.865152099810848e-05,1719,,,,,87.24782680006561,0.5511984469285652,84.68350278779928,,0.5988492199380736,1371.9638741835952
True,"Macro-token frontier, adaptive LoRAs (H=11,827; full fit)",10,macro_token,,4.436195663132593,,11827,121940,0.0004702212657204812,2.821327594322887e-05,1910,,,,,87.87928489421027,0.506467374207564,84.97868153492948,,0.5920319023895514,1524.3737227618694
True,"Macro-token frontier, adaptive LoRAs (H=11,827; full fit)",11,macro_token,,4.269405916723281,,11827,134134,0.0004619648270001065,2.771788962000639e-05,2101,,,,,88.9945875020502,0.4764841214856183,84.88028861921941,,0.6011469081879913,1676.7338393256068
True,"Macro-token frontier, adaptive LoRAs (H=11,827; full fit)",12,macro_token,,4.259126753083074,,11827,146328,0.00045279214904999954,2.7167528942999975e-05,2292,,,,,88.79776939478432,0.47401281945408613,85.5690390291899,,0.5802636201282375,1829.7457425184548
True,"Macro-token frontier, adaptive LoRAs (H=11,827; full fit)",13,macro_token,,4.200534823677303,,11827,158522,0.00044274335491850176,2.6564601295110107e-05,2483,,,,,89.50303427915368,0.450146578014024,85.8642177763201,,0.5709725458452294,1976.3520485535264
True,"Macro-token frontier, adaptive LoRAs (H=11,827; full fit)",14,macro_token,,3.987519051392041,,11827,170716,0.0004318623999537575,2.591174399722545e-05,2674,,,,,90.47892406101361,0.4062962603995267,84.81469334207937,,0.5923232018810759,2120.6524302009493
True,"Macro-token frontier, adaptive LoRAs (H=11,827; full fit)",15,macro_token,,3.9102230952048176,,11827,182910,0.00042019687953461117,2.521181277207667e-05,2865,,,,,91.00377234705593,0.3875961658777478,85.07707445063956,,0.5795436739022319,2273.0362579636276
True,"Macro-token frontier, adaptive LoRAs (H=11,827; full fit)",16,macro_token,,3.940403143148772,,11827,195104,0.00040779782087931396,2.4467869252758838e-05,3056,,,,,90.86435952107594,0.38822607312101565,85.53624139061988,,0.5938038417807404,2425.330152666196
True,"Macro-token frontier, adaptive LoRAs (H=11,827; full fit)",17,macro_token,,3.9101990274109766,,11827,207298,0.000394719459842708,2.368316759056248e-05,3247,,,,,91.06117762834181,0.3826657334018461,84.68350278779928,,0.6225231535984438,2577.2119371723384
True,"Macro-token frontier, adaptive LoRAs (H=11,827; full fit)",18,macro_token,,3.685687736690981,,11827,219492,0.000381019003678221,2.2861140220693262e-05,3438,,,,,91.9304576020994,0.34502938936748756,85.73302722204001,,0.5956794711244657,2729.6429967470467
True,"Macro-token frontier, adaptive LoRAs (H=11,827; full fit)",19,macro_token,,3.7020494101559303,,11827,231686,0.0003667563808023936,2.2005382848143616e-05,3629,,,,,91.92225684762998,0.34601175845676274,85.17546736634962,,0.6111011314329533,2881.681864494458
True,"Macro-token frontier, adaptive LoRAs (H=11,827; full fit)",20,macro_token,,3.707258984056443,,11827,243880,0.00035199397865652045,2.1119638719391226e-05,3820,,,,,91.75004100377235,0.3536730454909287,85.20826500491964,,0.6198804435592357,3034.0278615560383
True,"Macro-token frontier, adaptive LoRAs (H=11,827; full fit)",21,macro_token,,3.5874087872929596,,11827,256074,0.0003367963708120446,2.0207782248722674e-05,4011,,,,,92.66032474987699,0.3195016681708057,85.07707445063956,,0.6015227059138802,3186.68277987279
True,"Macro-token frontier, adaptive LoRAs (H=11,827; full fit)",22,macro_token,,3.64806159503797,,11827,268268,0.000321230034513402,1.9273802070804118e-05,4202,,,,,92.20108249958996,0.32891543100794085,84.81469334207937,,0.607464067190739,3339.0867597106844
True,"Macro-token frontier, adaptive LoRAs (H=11,827; full fit)",23,macro_token,,3.474667832489413,,11827,280462,0.0003053630598938349,1.8321783593630093e-05,4393,,,,,92.90634738395933,0.29478446221535415,85.37225319776977,,0.5946357254123407,3491.577177571133
True,"Macro-token frontier, adaptive LoRAs (H=11,827; full fit)",24,macro_token,,3.468537962249436,,11827,292656,0.000289264852136122,1.735589112816732e-05,4584,,,,,93.1031654912252,0.29421003486204095,85.5690390291899,,0.6222717864429728,3643.548694487661
True,"Macro-token frontier, adaptive LoRAs (H=11,827; full fit)",25,macro_token,,3.385700460503863,,11827,304850,0.00027300582788102913,1.6380349672861747e-05,4775,,,,,93.34918812530753,0.2836629322694719,85.04427681206953,,0.6241042636659897,3795.7422154750675
True,"Macro-token frontier, adaptive LoRAs (H=11,827; full fit)",26,macro_token,,3.199119635901526,,11827,317044,0.0002566571072114509,1.5399426432687053e-05,4966,,,,,94.08725602755453,0.24823481585523116,85.53624139061988,,0.6174923773865967,3947.820433592424
True,"Macro-token frontier, adaptive LoRAs (H=11,827; full fit)",27,macro_token,,3.340524450022513,,11827,329238,0.0002402902025595597,1.4417412153573582e-05,5157,,,,,93.59521075938986,0.2699878314821294,85.33945555919973,,0.6123122161785162,4100.338744383305
True,"Macro-token frontier, adaptive LoRAs (H=11,827; full fit)",28,macro_token,,3.152953995459991,,11827,341432,0.00022397670589774615,1.3438602353864769e-05,5348,,,,,94.35788092504511,0.2462096802617793,85.27386028205969,,0.612338283172237,4252.255610622466
True,"Macro-token frontier, adaptive LoRAs (H=11,827; full fit)",29,macro_token,,3.0746820625210307,,11827,353626,0.00020778797558163348,1.246727853489801e-05,5539,,,,,94.51369525996391,0.23197807760459196,85.53624139061988,,0.6086962009578816,4405.0033968593925
True,"Macro-token frontier, adaptive LoRAs (H=11,827; full fit)",30,macro_token,,3.1311120125635754,,11827,365820,0.00019179482421497772,1.1507689452898662e-05,5730,,,,,94.25127111694276,0.2355286401276591,85.43784847490981,,0.6038969492826277,4557.335752291605
True,"Macro-token frontier, adaptive LoRAs (H=11,827; full fit)",31,macro_token,,3.1601512132514835,,11827,378014,0.00017606720890179034,1.0564032534107421e-05,5921,,,,,94.4316877152698,0.23569331509139824,85.01147917349951,,0.6231031793185866,4693.20445629023
True,"Macro-token frontier, adaptive LoRAs (H=11,827; full fit)",32,macro_token,,3.0809670970702046,,11827,390208,0.00016067392524058045,9.640435514434826e-06,6112,,,,,94.68591110382155,0.21685022807852528,84.81469334207937,,0.6194006262078916,4825.4992510303855
True,"Macro-token frontier, adaptive LoRAs (H=11,827; full fit)",33,macro_token,,2.9678944524046016,,11827,402402,0.00014568230639924444,8.740938383954665e-06,6303,,,,,95.02214203706741,0.22225811833609552,85.24106264348967,,0.6151473732532615,4957.728836141527
True,"Macro-token frontier, adaptive LoRAs (H=11,827; full fit)",34,macro_token,,2.9316189083129323,,11827,414596,0.000131157928586907,7.86947571521442e-06,6494,,,,,95.15335410857799,0.20097533212013863,85.24106264348967,,0.6246293059486997,5089.676575355232
True,"Macro-token frontier, adaptive LoRAs (H=11,827; full fit)",35,macro_token,,2.9305043229882006,,11827,426790,0.000117164324211036,7.02985945266216e-06,6685,,,,,94.9483352468427,0.19572289410000338,85.01147917349951,,0.6188694446272207,5221.859522322193
True,"Macro-token frontier, adaptive LoRAs (H=11,827; full fit)",36,macro_token,,2.808113706517594,,11827,438984,0.00010376270397453605,6.225762238472163e-06,6876,,,,,95.6700016401509,0.1853023080507497,85.1426697277796,,0.6191669925778528,5353.963810957968
True,"Macro-token frontier, adaptive LoRAs (H=11,827; full fit)",37,macro_token,,2.8395114409985966,,11827,451178,9.101168912842357e-05,5.460701347705414e-06,7067,,,,,95.51418730523208,0.19027460897205423,85.07707445063956,,0.6151758108267279,5486.148103900254
True,"Macro-token frontier, adaptive LoRAs (H=11,827; full fit)",38,macro_token,,2.8852016797864626,,11827,463372,7.896705505125844e-05,4.738023303075506e-06,7258,,,,,95.28456618008858,0.19311326203511273,85.47064611347983,,0.6152811960612566,5618.231154838577
True,"Macro-token frontier, adaptive LoRAs (H=11,827; full fit)",39,macro_token,,2.805492693529079,,11827,475566,6.768148727696699e-05,4.06088923661802e-06,7449,,,,,95.59619484992619,0.18659913442125864,85.17546736634962,,0.6129619020366325,5750.085743445903
True,"Macro-token frontier, adaptive LoRAs (H=11,827; full fit)",40,macro_token,,2.740157225993291,,11827,487760,5.720435103823616e-05,3.4322610622941696e-06,7640,,,,,95.92422502870264,0.1772316133895819,85.30665792062972,,0.6037680531142383,5881.9907991904765
True,"Macro-token frontier, adaptive LoRAs (H=11,827; full fit)",41,macro_token,,2.7552233769007377,,11827,499954,4.7581475333540944e-05,2.8548885200124567e-06,7831,,,,,95.85861899294736,0.1759103766538793,85.24106264348967,,0.6098119676914634,6013.951814886183
True,"Macro-token frontier, adaptive LoRAs (H=11,827; full fit)",42,macro_token,,2.7078082614154093,,11827,512148,3.885495246233707e-05,2.331297147740224e-06,8022,,,,,95.85041823847794,0.17078574539228053,85.76582486061004,,0.6078189353780225,6145.615504434332
True,"Macro-token frontier, adaptive LoRAs (H=11,827; full fit)",43,macro_token,,2.761472704834963,,11827,524342,3.106295390528902e-05,1.8637772343173416e-06,8213,,,,,95.75200918484501,0.18009643514996693,85.70022958346999,,0.6086833793712703,6276.797491205856
True,"Macro-token frontier, adaptive LoRAs (H=11,827; full fit)",44,macro_token,,2.6920523922792903,,11827,536536,2.423956335491085e-05,1.454373801294651e-06,8404,,,,,96.02263408233557,0.1696116598938574,85.5690390291899,,0.6046228665295253,6408.548711311072
True,"Macro-token frontier, adaptive LoRAs (H=11,827; full fit)",45,macro_token,,2.635655608242719,,11827,548730,1.8414627626973922e-05,1.1048776576184352e-06,8595,,,,,95.98983106445793,0.16476572126917552,85.40505083633978,,0.606971422309913,6540.102483291179
True,"Macro-token frontier, adaptive LoRAs (H=11,827; full fit)",46,macro_token,,2.7527118996175797,,11827,560924,1.3613626104824077e-05,8.168175662894446e-07,8786,,,,,95.69460390355913,0.179884192003898,85.60183666775993,,0.6042560394101942,6672.400201551616
True,"Macro-token frontier, adaptive LoRAs (H=11,827; full fit)",47,macro_token,,2.6521182891117965,,11827,573118,9.85755928768401e-06,5.914535572610407e-07,8977,,,,,95.99803181892734,0.16884210819648254,85.66743194489997,,0.6033821769056261,6803.8608092442155
True,"Macro-token frontier, adaptive LoRAs (H=11,827; full fit)",48,macro_token,,2.682326721115262,,11827,585312,7.162856930451686e-06,4.2977141582710116e-07,9168,,,,,96.1046416270297,0.15773694364090365,85.63463430632994,,0.6026380003456524,6935.750127233565
True,"Macro-token frontier, adaptive LoRAs (H=11,827; full fit)",49,macro_token,,2.7049048032748138,,11827,597506,5.541306176808976e-06,3.324783706085385e-07,9359,,,,,96.06363785468263,0.1678574640906911,85.66743194489997,,0.6024336785166019,7067.487159239128
True,"Macro-token frontier, adaptive LoRAs (H=11,827; full fit)",50,macro_token,,2.5940246866011494,,11827,609700,5e-06,3.0000000000000004e-07,9550,,,,,96.28505822535674,0.16024674736947062,85.76582486061004,,0.6022183958449572,7199.384225450456
True,"Single-affine frontier, adaptive LoRAs (H=11,827; full fit)",1,single_affine,imagenetr50-frontier-adaptation-epoch-v1,8.732874126334465,,11827,12194,0.0001997907949790795,1.1987447698744771e-05,191,0000000000000000000000000000000000000000000000000000000000000000,445c5f668e1cd8c7f70dc9ee640edfab14a1395a22ffd9b22b1315fcca5f8779,imagenetr50-frontier-adaptation-epoch-v1,0,74.37264228309004,1.0724894273509857,75.95933092817317,3049,1.0205043155899123,128.94225170835853
True,"Single-affine frontier, adaptive LoRAs (H=11,827; full fit)",2,single_affine,imagenetr50-frontier-adaptation-epoch-v1,7.145442413409967,,11827,24388,0.000399581589958159,2.3974895397489543e-05,382,445c5f668e1cd8c7f70dc9ee640edfab14a1395a22ffd9b22b1315fcca5f8779,0fcda808ec7400f103b100c84afb235707ba7652de04a564d1e0a0db78350b94,imagenetr50-frontier-adaptation-epoch-v1,1,78.56322781695916,0.8694633363758479,77.63201049524434,3049,0.9510268939835551,271.5284851267934
True,"Single-affine frontier, adaptive LoRAs (H=11,827; full fit)",3,single_affine,imagenetr50-frontier-adaptation-epoch-v1,6.768542222327587,,11827,36582,0.000499868854930181,2.9992131295810863e-05,573,0fcda808ec7400f103b100c84afb235707ba7652de04a564d1e0a0db78350b94,62cc7e6c2c00d0b6f1941b95c0aeb06f3a0e3daf2cbdb3edaae7734dc1e46673,imagenetr50-frontier-adaptation-epoch-v1,2,80.69542397900607,0.7841464421661912,79.23909478517547,3049,0.8907181616883545,419.06388382054865
True,"Single-affine frontier, adaptive LoRAs (H=11,827; full fit)",4,single_affine,imagenetr50-frontier-adaptation-epoch-v1,6.388232840293365,,11827,48776,0.0004987953199714215,2.992771919828529e-05,764,62cc7e6c2c00d0b6f1941b95c0aeb06f3a0e3daf2cbdb3edaae7734dc1e46673,64359008a23e52aba90143f0e6cfedaaa9b86f5c59fa5a55dbaa6ebf9ea3ad51,imagenetr50-frontier-adaptation-epoch-v1,3,83.04904051172709,0.6784687229936702,78.7143325680551,3049,0.9480714532108375,574.9743329174817
True,"Single-affine frontier, adaptive LoRAs (H=11,827; full fit)",5,single_affine,imagenetr50-frontier-adaptation-epoch-v1,6.034946168280396,,11827,60970,0.0004966444421599779,2.9798666529598673e-05,955,64359008a23e52aba90143f0e6cfedaaa9b86f5c59fa5a55dbaa6ebf9ea3ad51,4ccfdc4d502b07cdd3f9712bee88255ec5b8ee2da9c665fe76d6b17909704f42,imagenetr50-frontier-adaptation-epoch-v1,4,84.86140724946695,0.6100742915858788,78.64873729091505,3049,0.9560297374531417,726.5701647605747
True,"Single-affine frontier, adaptive LoRAs (H=11,827; full fit)",6,single_affine,imagenetr50-frontier-adaptation-epoch-v1,5.916765267936347,,11827,73164,0.0004934256298469198,2.960553779081519e-05,1146,4ccfdc4d502b07cdd3f9712bee88255ec5b8ee2da9c665fe76d6b17909704f42,701b36648b65fc63a850bdccb957ee1871d25c5ad5dde8431edcf6a38bc9be19,imagenetr50-frontier-adaptation-epoch-v1,5,86.17352796457274,0.5515319469308626,79.10790423089537,3049,0.9818204665191841,885.839593315497
True,"Single-affine frontier, adaptive LoRAs (H=11,827; full fit)",7,single_affine,imagenetr50-frontier-adaptation-epoch-v1,5.631389250305935,,11827,85358,0.0004891529627331528,2.934917776398917e-05,1337,701b36648b65fc63a850bdccb957ee1871d25c5ad5dde8431edcf6a38bc9be19,d7787267b94e4afe1d9d01ecbd06dadd6bd6aa4b0f953dc31b1c18e893750ce8,imagenetr50-frontier-adaptation-epoch-v1,6,87.14941774643268,0.5200626634468265,79.56707117087569,3049,0.9765163983388508,1040.138113796711
True,"Single-affine frontier, adaptive LoRAs (H=11,827; full fit)",8,single_affine,imagenetr50-frontier-adaptation-epoch-v1,5.590323992424611,,11827,97552,0.0004838451302821123,2.903070781692674e-05,1528,d7787267b94e4afe1d9d01ecbd06dadd6bd6aa4b0f953dc31b1c18e893750ce8,60200c3c669491ba074dd9d3fd177866f10c2499a36ef62b296993d4e74bc1bd,imagenetr50-frontier-adaptation-epoch-v1,7,87.43644415286207,0.502624452397611,78.97671367661529,3049,1.0315374197354665,1186.3611181359738
True,"Single-affine frontier, adaptive LoRAs (H=11,827; full fit)",9,single_affine,imagenetr50-frontier-adaptation-epoch-v1,5.524445185486559,,11827,109746,0.00047752534996847463,2.865152099810848e-05,1719,60200c3c669491ba074dd9d3fd177866f10c2499a36ef62b296993d4e74bc1bd,28d218a8f7be1799274b76c745c807d316bfd5ffe6cec7ef7985096c62d46558,imagenetr50-frontier-adaptation-epoch-v1,8,88.19091356404789,0.4756351611409712,79.23909478517547,3049,1.0245949834946846,1335.7240217737854
True,"Single-affine frontier, adaptive LoRAs (H=11,827; full fit)",10,single_affine,imagenetr50-frontier-adaptation-epoch-v1,5.309684236636336,,11827,121940,0.0004702212657204812,2.821327594322887e-05,1910,28d218a8f7be1799274b76c745c807d316bfd5ffe6cec7ef7985096c62d46558,d0c0c760c7d7813a59dd856733927fb65266f6da8f3c96cd37ac77ced1466bf8,imagenetr50-frontier-adaptation-epoch-v1,9,89.08479580121372,0.4464995122374287,78.68153492948508,3049,1.014372829688733,1480.5191343724728
True,"Single-affine frontier, adaptive LoRAs (H=11,827; full fit)",11,single_affine,imagenetr50-frontier-adaptation-epoch-v1,5.102992185123304,,11827,134134,0.0004619648270001065,2.771788962000639e-05,2101,d0c0c760c7d7813a59dd856733927fb65266f6da8f3c96cd37ac77ced1466bf8,d96acdcfa98c9b32eb334b1f0352f16456a292e5eaf5b22e032fd09f210dcb20,imagenetr50-frontier-adaptation-epoch-v1,10,89.84746596686895,0.41442380624852143,78.81272548376516,3049,1.0672880831449765,1624.8461981844157
True,"Single-affine frontier, adaptive LoRAs (H=11,827; full fit)",12,single_affine,imagenetr50-frontier-adaptation-epoch-v1,4.99611433887981,,11827,146328,0.00045279214904999954,2.7167528942999975e-05,2292,d96acdcfa98c9b32eb334b1f0352f16456a292e5eaf5b22e032fd09f210dcb20,8423cd92141711d4fd4645b42dd356d9be107664dd1188fd3c9e4d03de7c4a73,imagenetr50-frontier-adaptation-epoch-v1,11,89.79826144005249,0.4198566856434331,78.87832076090521,3049,1.0593530173847503,1769.7269858364016
True,"Single-affine frontier, adaptive LoRAs (H=11,827; full fit)",13,single_affine,imagenetr50-frontier-adaptation-epoch-v1,5.035130866535047,,11827,158522,0.00044274335491850176,2.6564601295110107e-05,2483,8423cd92141711d4fd4645b42dd356d9be107664dd1188fd3c9e4d03de7c4a73,423f09b21b0192cf43e11422b9d0ca085c1f31ca0b8d38a425ae3cec866db220,imagenetr50-frontier-adaptation-epoch-v1,12,90.13449237329834,0.4040324696365176,78.94391603804526,3049,1.0708247328946223,1920.1363346278667
True,"Single-affine frontier, adaptive LoRAs (H=11,827; full fit)",14,single_affine,imagenetr50-frontier-adaptation-epoch-v1,4.858058765920669,,11827,170716,0.0004318623999537575,2.591174399722545e-05,2674,423f09b21b0192cf43e11422b9d0ca085c1f31ca0b8d38a425ae3cec866db220,c92ff55fb0d150c8894df44a84b70754f96a63437f53f35795e731330a42b85c,imagenetr50-frontier-adaptation-epoch-v1,13,90.93816631130063,0.35703582362462327,78.45195145949492,3049,1.0858205568207877,2071.532172029838
True,"Single-affine frontier, adaptive LoRAs (H=11,827; full fit)",15,single_affine,imagenetr50-frontier-adaptation-epoch-v1,4.863443584342278,,11827,182910,0.00042019687953461117,2.521181277207667e-05,2865,c92ff55fb0d150c8894df44a84b70754f96a63437f53f35795e731330a42b85c,01d8860fc411bbe7373a998d7805ed3b573959bb369c9309d5552351e312cec7,imagenetr50-frontier-adaptation-epoch-v1,14,91.20879120879121,0.3525209444770075,79.89504755657593,3049,1.0568113843117748,2222.3534852359444
True,"Single-affine frontier, adaptive LoRAs (H=11,827; full fit)",16,single_affine,imagenetr50-frontier-adaptation-epoch-v1,4.75460830096799,,11827,195104,0.00040779782087931396,2.4467869252758838e-05,3056,01d8860fc411bbe7373a998d7805ed3b573959bb369c9309d5552351e312cec7,8a1b6f61467bac6953582b335066db19ce3891268d8225e38a99fc304c43fbf4,imagenetr50-frontier-adaptation-epoch-v1,15,91.18418894538297,0.3597363443360556,79.43588061659561,3049,1.0847623292717163,2373.461021564901
True,"Single-affine frontier, adaptive LoRAs (H=11,827; full fit)",17,single_affine,imagenetr50-frontier-adaptation-epoch-v1,4.783054777464941,,11827,207298,0.000394719459842708,2.368316759056248e-05,3247,8a1b6f61467bac6953582b335066db19ce3891268d8225e38a99fc304c43fbf4,4cc4cd1ba89b30816f6c92f170c8c71cfc957061bbcbdfc67fe41bc40296e4de,imagenetr50-frontier-adaptation-epoch-v1,16,91.44661308840413,0.3452423973828041,78.77992784519515,3049,1.0949413991435781,2522.229167211801
True,"Single-affine frontier, adaptive LoRAs (H=11,827; full fit)",18,single_affine,imagenetr50-frontier-adaptation-epoch-v1,4.566668330062746,,11827,219492,0.000381019003678221,2.2861140220693262e-05,3438,4cc4cd1ba89b30816f6c92f170c8c71cfc957061bbcbdfc67fe41bc40296e4de,b6a9e2c60ad272eb0183b624340769eec6caebc008221305b5a3e306ea969761,imagenetr50-frontier-adaptation-epoch-v1,17,92.3076923076923,0.31290265018869196,78.68153492948508,3049,1.1109328127642388,2673.848810436204
True,"Single-affine frontier, adaptive LoRAs (H=11,827; full fit)",19,single_affine,imagenetr50-frontier-adaptation-epoch-v1,4.586231359012464,,11827,231686,0.0003667563808023936,2.2005382848143616e-05,3629,b6a9e2c60ad272eb0183b624340769eec6caebc008221305b5a3e306ea969761,18fa4bc8f2d71699cb530c9c71a46c2cc06319f17cbe4e3055a8b1977c5c690e,imagenetr50-frontier-adaptation-epoch-v1,18,92.20108249958996,0.31847742156394293,78.87832076090521,3049,1.1456574339599208,2823.925883213058
True,"Single-affine frontier, adaptive LoRAs (H=11,827; full fit)",20,single_affine,imagenetr50-frontier-adaptation-epoch-v1,4.606791070618555,,11827,243880,0.00035199397865652045,2.1119638719391226e-05,3820,18fa4bc8f2d71699cb530c9c71a46c2cc06319f17cbe4e3055a8b1977c5c690e,8e1c3e4431d9ef5e01f1cce9ee44f9a05c991eaa273c56ce855598796425c440,imagenetr50-frontier-adaptation-epoch-v1,19,92.17648023618173,0.3186599230676357,78.97671367661529,3049,1.1538099074371528,2968.8489122409374
True,"Single-affine frontier, adaptive LoRAs (H=11,827; full fit)",21,single_affine,imagenetr50-frontier-adaptation-epoch-v1,4.461266218679738,,11827,256074,0.0003367963708120446,2.0207782248722674e-05,4011,8e1c3e4431d9ef5e01f1cce9ee44f9a05c991eaa273c56ce855598796425c440,67687bcafeaa006d982166fdf72eb6abece9eb877fdae3b50cfc462a7ec422e3,imagenetr50-frontier-adaptation-epoch-v1,20,92.83254059373462,0.2955907018766924,79.46867825516563,3049,1.0976804844001427,3097.5798661280423
True,"Single-affine frontier, adaptive LoRAs (H=11,827; full fit)",22,single_affine,imagenetr50-frontier-adaptation-epoch-v1,4.383327038188256,,11827,268268,0.000321230034513402,1.9273802070804118e-05,4202,67687bcafeaa006d982166fdf72eb6abece9eb877fdae3b50cfc462a7ec422e3,6fd263a5583974465b4a41404f182cfc57587f20f2f59f11a590a91a4d64fc22,imagenetr50-frontier-adaptation-epoch-v1,21,92.8899458750205,0.2871277722077466,77.82879632666447,3049,1.1850593419261117,3226.2519007045776
True,"Single-affine frontier, adaptive LoRAs (H=11,827; full fit)",23,single_affine,imagenetr50-frontier-adaptation-epoch-v1,4.284297042492173,,11827,280462,0.0003053630598938349,1.8321783593630093e-05,4393,6fd263a5583974465b4a41404f182cfc57587f20f2f59f11a590a91a4d64fc22,56b5a3fd1c4824630535735f7f5180bd9af802b5e849549c62c7835227d2faff,imagenetr50-frontier-adaptation-epoch-v1,22,93.28358208955224,0.27586391230420987,78.09117743522467,3049,1.1688293889922445,3354.188120622188
True,"Single-affine frontier, adaptive LoRAs (H=11,827; full fit)",24,single_affine,imagenetr50-frontier-adaptation-epoch-v1,4.342047469778211,,11827,292656,0.000289264852136122,1.735589112816732e-05,4584,56b5a3fd1c4824630535735f7f5180bd9af802b5e849549c62c7835227d2faff,15db1a1a8c01d89f80abd3b1dbd1523dd2dff36122a9137fe24d8ac01a35ccb2,imagenetr50-frontier-adaptation-epoch-v1,23,93.35738887977693,0.272444963259679,78.15677271236471,3049,1.179591759731434,3481.8059353325516
True,"Single-affine frontier, adaptive LoRAs (H=11,827; full fit)",25,single_affine,imagenetr50-frontier-adaptation-epoch-v1,4.23780474051131,,11827,304850,0.00027300582788102913,1.6380349672861747e-05,4775,15db1a1a8c01d89f80abd3b1dbd1523dd2dff36122a9137fe24d8ac01a35ccb2,d7b80ed2e14fd6f80514d0623b1c4e16a733de322020276c57a45c83fb0876c7,imagenetr50-frontier-adaptation-epoch-v1,24,93.57060849598163,0.2577304255283913,77.23843883240407,3049,1.2644460383459324,3610.5106822345406
True,"Single-affine frontier, adaptive LoRAs (H=11,827; full fit)",26,single_affine,imagenetr50-frontier-adaptation-epoch-v1,4.0587813011638785,,11827,317044,0.0002566571072114509,1.5399426432687053e-05,4966,d7b80ed2e14fd6f80514d0623b1c4e16a733de322020276c57a45c83fb0876c7,9f518ff7a902fc5bab0cc36ed1a19c4fb54a2face9e9dc8a992409b4c9661dae,imagenetr50-frontier-adaptation-epoch-v1,25,94.26767262588159,0.23260888763777796,78.18957035093473,3049,1.2045874290679002,3740.236634667963
True,"Single-affine frontier, adaptive LoRAs (H=11,827; full fit)",27,single_affine,imagenetr50-frontier-adaptation-epoch-v1,4.239706009470355,,11827,329238,0.0002402902025595597,1.4417412153573582e-05,5157,9f518ff7a902fc5bab0cc36ed1a19c4fb54a2face9e9dc8a992409b4c9661dae,f2250bebdda5a22d25d352bcf887480abc7c90cb19a17df0bf66555592680f64,imagenetr50-frontier-adaptation-epoch-v1,26,93.82483188453338,0.25402499498530295,78.97671367661529,3049,1.205521884766826,3872.5402489919215
True,"Single-affine frontier, adaptive LoRAs (H=11,827; full fit)",28,single_affine,imagenetr50-frontier-adaptation-epoch-v1,4.100924676001384,,11827,341432,0.00022397670589774615,1.3438602353864769e-05,5348,f2250bebdda5a22d25d352bcf887480abc7c90cb19a17df0bf66555592680f64,1eb1bb2df13b6d51d19f8eab8897e45a59e2383830f65ae0cb18b3137cddec48,imagenetr50-frontier-adaptation-epoch-v1,27,94.25947187141217,0.23780867288752777,78.38635618235487,3049,1.2145931210115957,4003.951803987846
True,"Single-affine frontier, adaptive LoRAs (H=11,827; full fit)",29,single_affine,imagenetr50-frontier-adaptation-epoch-v1,3.962919604091744,,11827,353626,0.00020778797558163348,1.246727853489801e-05,5539,1eb1bb2df13b6d51d19f8eab8897e45a59e2383830f65ae0cb18b3137cddec48,49576ecba6539e27513a73470110ad3312cbd25f36d64e98084ef2a73fd2679f,imagenetr50-frontier-adaptation-epoch-v1,28,94.77611940298507,0.217949194547992,78.51754673663497,3049,1.206426619857833,4132.187275791541
True,"Single-affine frontier, adaptive LoRAs (H=11,827; full fit)",30,single_affine,imagenetr50-frontier-adaptation-epoch-v1,3.9233850446671092,,11827,365820,0.00019179482421497772,1.1507689452898662e-05,5730,49576ecba6539e27513a73470110ad3312cbd25f36d64e98084ef2a73fd2679f,f08f660913d70f97627f469c26a4225c056fb02ca5359bec81e0bb0d71d2e1a5,imagenetr50-frontier-adaptation-epoch-v1,29,94.74331638510743,0.21845953949791733,78.41915382092489,3049,1.210496084851959,4259.508867716417
True,"Single-affine frontier, adaptive LoRAs (H=11,827; full fit)",31,single_affine,imagenetr50-frontier-adaptation-epoch-v1,3.85549132206053,,11827,378014,0.00017606720890179034,1.0564032534107421e-05,5921,f08f660913d70f97627f469c26a4225c056fb02ca5359bec81e0bb0d71d2e1a5,38396fe15e3510034d2c13b080a59a5539ffad7cc1675a0720656971b17c5e31,imagenetr50-frontier-adaptation-epoch-v1,30,94.95653600131212,0.2103788434373994,77.82879632666447,3049,1.2475398680779848,4386.851353475824
True,"Single-affine frontier, adaptive LoRAs (H=11,827; full fit)",32,single_affine,imagenetr50-frontier-adaptation-epoch-v1,3.976380633434076,,11827,390208,0.00016067392524058045,9.640435514434826e-06,6112,38396fe15e3510034d2c13b080a59a5539ffad7cc1675a0720656971b17c5e31,64fe6b6e18dd209d46e71ef3ae7a2b1b29a0eed06039357f31a5366ebbb675ce,imagenetr50-frontier-adaptation-epoch-v1,31,94.98113826472036,0.19847209514780906,78.18957035093473,3049,1.2411922093257235,4514.0772740244865
True,"Single-affine frontier, adaptive LoRAs (H=11,827; full fit)",33,single_affine,imagenetr50-frontier-adaptation-epoch-v1,3.8250330580466705,,11827,402402,0.00014568230639924444,8.740938383954665e-06,6303,64fe6b6e18dd209d46e71ef3ae7a2b1b29a0eed06039357f31a5366ebbb675ce,e72ef47595cd372de542be0e0f98f00477f56de07d0701d3a7fc8d09b6cd71a4,imagenetr50-frontier-adaptation-epoch-v1,32,95.12055109070035,0.2016562800124295,78.25516562807478,3049,1.2327566162489718,4641.205770917237
True,"Single-affine frontier, adaptive LoRAs (H=11,827; full fit)",34,single_affine,imagenetr50-frontier-adaptation-epoch-v1,3.891102181055159,,11827,414596,0.000131157928586907,7.86947571521442e-06,6494,e72ef47595cd372de542be0e0f98f00477f56de07d0701d3a7fc8d09b6cd71a4,a56cef91e7ebf2ecc50318df4797aeeab620e2445ea978f99c748672c97b09e7,imagenetr50-frontier-adaptation-epoch-v1,33,95.29276693455797,0.18780991417942858,78.81272548376516,3049,1.2350776211947212,4768.333453712985
True,"Single-affine frontier, adaptive LoRAs (H=11,827; full fit)",35,single_affine,imagenetr50-frontier-adaptation-epoch-v1,3.8813084825795356,,11827,426790,0.000117164324211036,7.02985945266216e-06,6685,a56cef91e7ebf2ecc50318df4797aeeab620e2445ea978f99c748672c97b09e7,102216548bdf72d9171d7c6b20177a5ee9bf2e28318b1073dd9872a1b3482a3b,imagenetr50-frontier-adaptation-epoch-v1,34,95.11235033623093,0.18808775578089498,78.35355854378484,3049,1.2519459885509336,4895.58161454089
True,"Single-affine frontier, adaptive LoRAs (H=11,827; full fit)",36,single_affine,imagenetr50-frontier-adaptation-epoch-v1,3.673416850883611,,11827,438984,0.00010376270397453605,6.225762238472163e-06,6876,102216548bdf72d9171d7c6b20177a5ee9bf2e28318b1073dd9872a1b3482a3b,ad4df5fac3c79ec3201c06e3eaa76c4a1ed5de3d929402dc8bcb2d740257301c,imagenetr50-frontier-adaptation-epoch-v1,35,95.56339183204855,0.17771354475548487,78.45195145949492,3049,1.21980432026814,5022.958118835464
True,"Single-affine frontier, adaptive LoRAs (H=11,827; full fit)",37,single_affine,imagenetr50-frontier-adaptation-epoch-v1,3.7722286550786484,,11827,451178,9.101168912842357e-05,5.460701347705414e-06,7067,ad4df5fac3c79ec3201c06e3eaa76c4a1ed5de3d929402dc8bcb2d740257301c,c17387759305f41d733efd6ec6f51a59c895147c4031adb94b4a70478e9f89fe,imagenetr50-frontier-adaptation-epoch-v1,36,95.4567820239462,0.18101578101342244,77.59921285667431,3049,1.255651086774096,5149.832538900897
True,"Single-affine frontier, adaptive LoRAs (H=11,827; full fit)",38,single_affine,imagenetr50-frontier-adaptation-epoch-v1,3.695150816471789,,11827,463372,7.896705505125844e-05,4.738023303075506e-06,7258,c17387759305f41d733efd6ec6f51a59c895147c4031adb94b4a70478e9f89fe,5decbc3417b17e8eed5b2d2d95f9871dc04295b67071943d221521db530159f1,imagenetr50-frontier-adaptation-epoch-v1,37,95.57979334098737,0.17707291230307615,78.12397507379468,3049,1.2480777616616585,5276.956930132583
True,"Single-affine frontier, adaptive LoRAs (H=11,827; full fit)",39,single_affine,imagenetr50-frontier-adaptation-epoch-v1,3.7005609852013164,,11827,475566,6.768148727696699e-05,4.06088923661802e-06,7449,5decbc3417b17e8eed5b2d2d95f9871dc04295b67071943d221521db530159f1,d24dcfcd3e226253cbde93f934c843c909f93f17aa90a4ae99f5ffcf30417bcb,imagenetr50-frontier-adaptation-epoch-v1,38,95.59619484992619,0.17682866726974317,78.02558215808462,3049,1.2456230984315906,5403.835009524599
True,"Single-affine frontier, adaptive LoRAs (H=11,827; full fit)",40,single_affine,imagenetr50-frontier-adaptation-epoch-v1,3.706535211876425,,11827,487760,5.720435103823616e-05,3.4322610622941696e-06,7640,d24dcfcd3e226253cbde93f934c843c909f93f17aa90a4ae99f5ffcf30417bcb,d8ec23aa84675d92f61ed087fc6a7de022c10741f3e61314bc9bacdac2ae4c63,imagenetr50-frontier-adaptation-epoch-v1,39,95.72740692143677,0.17521235285693745,77.95998688094457,3049,1.2406950275324806,5532.67734461464
True,"Single-affine frontier, adaptive LoRAs (H=11,827; full fit)",41,single_affine,imagenetr50-frontier-adaptation-epoch-v1,3.6439209514887545,,11827,499954,4.7581475333540944e-05,2.8548885200124567e-06,7831,d8ec23aa84675d92f61ed087fc6a7de022c10741f3e61314bc9bacdac2ae4c63,e50d7dc686868c30db77cc9f96deef37202a989b07b433acd5ed67ce038c8eae,imagenetr50-frontier-adaptation-epoch-v1,40,95.72740692143677,0.17126198941730214,78.09117743522467,3049,1.2503563169965435,5679.6386964172125
True,"Single-affine frontier, adaptive LoRAs (H=11,827; full fit)",42,single_affine,imagenetr50-frontier-adaptation-epoch-v1,3.425727957986412,,11827,512148,3.885495246233707e-05,2.331297147740224e-06,8022,e50d7dc686868c30db77cc9f96deef37202a989b07b433acd5ed67ce038c8eae,5e129054cb1da7aad98a40a0e353f8eb553759c8e003633d678a47f557bc4c5f,imagenetr50-frontier-adaptation-epoch-v1,41,96.21125143513203,0.14937941906235933,78.51754673663497,3049,1.2423402161315138,5838.44258383289
True,"Single-affine frontier, adaptive LoRAs (H=11,827; full fit)",43,single_affine,imagenetr50-frontier-adaptation-epoch-v1,3.655423654623681,,11827,524342,3.106295390528902e-05,1.8637772343173416e-06,8213,5e129054cb1da7aad98a40a0e353f8eb553759c8e003633d678a47f557bc4c5f,11b76f2364908b6dd6394663b8edcbeb902fb7a80f880b1db05c802a7f5e2888,imagenetr50-frontier-adaptation-epoch-v1,42,95.80121371166148,0.1665369659559598,78.64873729091505,3049,1.2445936262431634,5996.611250301823
True,"Single-affine frontier, adaptive LoRAs (H=11,827; full fit)",44,single_affine,imagenetr50-frontier-adaptation-epoch-v1,3.442086658377142,,11827,536536,2.423956335491085e-05,1.454373801294651e-06,8404,11b76f2364908b6dd6394663b8edcbeb902fb7a80f880b1db05c802a7f5e2888,d975f5b16ddb67d95f011b15dda7cfc671a85f01d9ccb53424654cb7c12f6f50,imagenetr50-frontier-adaptation-epoch-v1,43,96.3342627521732,0.1555091697836931,78.8455231223352,3049,1.2423886499001418,6154.815445065498
True,"Single-affine frontier, adaptive LoRAs (H=11,827; full fit)",45,single_affine,imagenetr50-frontier-adaptation-epoch-v1,3.5256077438904976,,11827,548730,1.8414627626973922e-05,1.1048776576184352e-06,8595,d975f5b16ddb67d95f011b15dda7cfc671a85f01d9ccb53424654cb7c12f6f50,c6d166bd550bc52bf6e3c12ba8f365756fd24a665eded5c5eccb99239a6fd32e,imagenetr50-frontier-adaptation-epoch-v1,44,96.1210431359685,0.15745502593029673,79.0095113151853,3049,1.240700212217777,6312.895026944578
True,"Single-affine frontier, adaptive LoRAs (H=11,827; full fit)",46,single_affine,imagenetr50-frontier-adaptation-epoch-v1,3.6634383657215777,,11827,560924,1.3613626104824077e-05,8.168175662894446e-07,8786,c6d166bd550bc52bf6e3c12ba8f365756fd24a665eded5c5eccb99239a6fd32e,a0fe3e9ba9e14b78d483a625d3f417890da6c0d6d0d1136a0dc5a125bed31e4e,imagenetr50-frontier-adaptation-epoch-v1,45,95.73560767590618,0.17211325337344435,78.94391603804526,3049,1.241989031898346,6441.945356519893
True,"Single-affine frontier, adaptive LoRAs (H=11,827; full fit)",47,single_affine,imagenetr50-frontier-adaptation-epoch-v1,3.6665885563920306,,11827,573118,9.85755928768401e-06,5.914535572610407e-07,8977,a0fe3e9ba9e14b78d483a625d3f417890da6c0d6d0d1136a0dc5a125bed31e4e,b7828e3e994968611fabf63a3d68280b9104d16f3dc3edba1096559dee8d51f2,imagenetr50-frontier-adaptation-epoch-v1,46,95.80121371166148,0.16504754511004338,78.87832076090521,3049,1.2388859351919141,6570.490841882303
True,"Single-affine frontier, adaptive LoRAs (H=11,827; full fit)",48,single_affine,imagenetr50-frontier-adaptation-epoch-v1,3.5531498930217085,,11827,585312,7.162856930451686e-06,4.2977141582710116e-07,9168,b7828e3e994968611fabf63a3d68280b9104d16f3dc3edba1096559dee8d51f2,46937325e825ea350b88ee214f1a6ea538d9174811fdef51fd47eedb098039e0,imagenetr50-frontier-adaptation-epoch-v1,47,96.22765294407085,0.15279969637054136,78.7143325680551,3049,1.2384738021305093,6699.675728311762
True,"Single-affine frontier, adaptive LoRAs (H=11,827; full fit)",49,single_affine,imagenetr50-frontier-adaptation-epoch-v1,3.5790738480565434,,11827,597506,5.541306176808976e-06,3.324783706085385e-07,9359,46937325e825ea350b88ee214f1a6ea538d9174811fdef51fd47eedb098039e0,87ce247b3a1f4253146628d203a38b61e1f3cf6046958c2c07abbabbc83c73a7,imagenetr50-frontier-adaptation-epoch-v1,48,96.08824011809087,0.15751559406455393,78.55034437520499,3049,1.24085283639119,6828.541883196682
True,"Single-affine frontier, adaptive LoRAs (H=11,827; full fit)",50,single_affine,imagenetr50-frontier-adaptation-epoch-v1,3.4273117695257302,,11827,609700,5e-06,3.0000000000000004e-07,9550,87ce247b3a1f4253146628d203a38b61e1f3cf6046958c2c07abbabbc83c73a7,0a4f9b9a15c768784efa1bb1fb457ecf97a92eecde4bffe22803e4d9b6089384,imagenetr50-frontier-adaptation-epoch-v1,49,96.29325897982615,0.15166839685951547,78.583142013775,3049,1.2392031981461007,6957.382346874103
,"Joint IID, rank 80 (H=11,827; full fit; 5 epochs)",1,joint_iid_rank80,imagenetr50-clean-joint-epoch-v1,,0.01,11827,12194,0.0005,,191,0000000000000000000000000000000000000000000000000000000000000000,5bf8c9b16a6cb56ff17086ea255c69b369b0a90d91ac46924d15e6d6c31c0844,imagenetr50-clean-joint-epoch-v1,0,50.672461866491716,2.3264196597104467,75.99212856674319,3049,0.9977490070727114,22.976285941898823
,"Joint IID, rank 80 (H=11,827; full fit; 5 epochs)",2,joint_iid_rank80,imagenetr50-clean-joint-epoch-v1,,0.01,11827,24388,0.0005,,382,5bf8c9b16a6cb56ff17086ea255c69b369b0a90d91ac46924d15e6d6c31c0844,233086bb6db1db8a37728b46ffbc5a31aee6de5df25585628d3d3a4a6870ec2c,imagenetr50-clean-joint-epoch-v1,1,72.59307856322782,1.1689122734606334,78.48474909806494,3049,0.8349608080079807,45.36733165755868
,"Joint IID, rank 80 (H=11,827; full fit; 5 epochs)",3,joint_iid_rank80,imagenetr50-clean-joint-epoch-v1,,0.01,11827,36582,0.0005,,573,233086bb6db1db8a37728b46ffbc5a31aee6de5df25585628d3d3a4a6870ec2c,115f6b2d6376793f9a939bedc859383d26bb8e6409fde8a2186e0505dbfd8fc4,imagenetr50-clean-joint-epoch-v1,2,77.35771690995571,0.9350606252546093,80.02623811085601,3049,0.7953980834650657,67.62358273938298
,"Joint IID, rank 80 (H=11,827; full fit; 5 epochs)",4,joint_iid_rank80,imagenetr50-clean-joint-epoch-v1,,0.01,11827,48776,0.0005,,764,115f6b2d6376793f9a939bedc859383d26bb8e6409fde8a2186e0505dbfd8fc4,d37e8f5f8289e75f03dccdc2fa8e746c9230acd969fc9c2913e5fb7dadd017a1,imagenetr50-clean-joint-epoch-v1,3,80.00656060357552,0.8119328594489315,80.35421449655625,3049,0.8340362687703624,89.95170955732465
,"Joint IID, rank 80 (H=11,827; full fit; 5 epochs)",5,joint_iid_rank80,imagenetr50-clean-joint-epoch-v1,,0.01,11827,60970,0.0005,,955,d37e8f5f8289e75f03dccdc2fa8e746c9230acd969fc9c2913e5fb7dadd017a1,73d73a377a42f0a781448c028ad1c77d68112990a27596a663096f98fd751321,imagenetr50-clean-joint-epoch-v1,4,82.22076431031655,0.7234438093901854,80.12463102656609,3049,0.8339448211309596,112.31550274603069
True,single_affine_h1024,1,single_affine,imagenetr50-frontier-adaptation-epoch-v1,9.815088618885387,,1024,1391,0.0002,1.2e-05,22,0000000000000000000000000000000000000000000000000000000000000000,4a4153987ef7dd21bf13c2b2651690a83bb57b506fa0290fab969055058410f3,imagenetr50-frontier-adaptation-epoch-v1,0,71.81883537023724,1.1864744058879138,67.92390947851754,3049,1.4588855281741004,29.268420523032546
True,single_affine_h1024,2,single_affine,imagenetr50-frontier-adaptation-epoch-v1,7.9806177832863545,,1024,2782,0.0004,2.4e-05,44,4a4153987ef7dd21bf13c2b2651690a83bb57b506fa0290fab969055058410f3,6f813183ca4c076d47acb0d069fd863eaab0cd11e5a670509c9643635457f580,imagenetr50-frontier-adaptation-epoch-v1,1,77.28253055355859,0.8917714961564087,71.92522138406035,3049,1.2792115091065495,56.32400801964104
True,single_affine_h1024,3,single_affine,imagenetr50-frontier-adaptation-epoch-v1,7.341442541642622,,1024,4173,0.0004998879501747649,2.9993277010485895e-05,66,6f813183ca4c076d47acb0d069fd863eaab0cd11e5a670509c9643635457f580,9ca0e06fdce816d31df30df82d1ce58c392ed78096a7ffdec115b8d1bdb63b13,imagenetr50-frontier-adaptation-epoch-v1,2,83.46513299784328,0.688655254054121,71.92522138406035,3049,1.2812350127062824,82.99298344366252
True,single_affine_h1024,4,single_affine,imagenetr50-frontier-adaptation-epoch-v1,6.592727780342102,,1024,5564,0.0004988534095981426,2.9931204575888553e-05,88,9ca0e06fdce816d31df30df82d1ce58c392ed78096a7ffdec115b8d1bdb63b13,46109b2d662833f5647cc2e77f9e93428c0c32ca0ea6822a356fb75f50e8c99c,imagenetr50-frontier-adaptation-epoch-v1,3,86.41265276779295,0.5789910871120428,71.10528041980977,3049,1.3741178966108092,109.60470364801586
True,single_affine_h1024,5,single_affine,imagenetr50-frontier-adaptation-epoch-v1,5.734346476468173,,1024,6955,0.0004967395643290278,2.980437385974167e-05,110,46109b2d662833f5647cc2e77f9e93428c0c32ca0ea6822a356fb75f50e8c99c,6829a3ada35b401b089f70466e55cd07b6e5b1da3201506f5b96370552879ca7,imagenetr50-frontier-adaptation-epoch-v1,4,89.86340762041696,0.4321702124830804,71.36766152836995,3049,1.3873386439357518,136.1315267160535
True,single_affine_h1024,6,single_affine,imagenetr50-frontier-adaptation-epoch-v1,5.843395016410134,,1024,8346,0.0004935556753844361,2.9613340523066165e-05,132,6829a3ada35b401b089f70466e55cd07b6e5b1da3201506f5b96370552879ca7,7b06bf6f9219d65b50c6cb04c002c651ce365d32a24070312d570de214a5e5ca,imagenetr50-frontier-adaptation-epoch-v1,5,90.00718907260963,0.42887725391291953,70.41653000983929,3049,1.3960816147836477,163.14955916441977
True,single_affine_h1024,7,single_affine,imagenetr50-frontier-adaptation-epoch-v1,4.827747865156694,,1024,9737,0.0004893156917747908,2.9358941506487447e-05,154,7b06bf6f9219d65b50c6cb04c002c651ce365d32a24070312d570de214a5e5ca,9bb99aa6b2322e054adcd017b934e975b6859feaa0e4f50f799ebcd7f50c8f27,imagenetr50-frontier-adaptation-epoch-v1,6,92.45147375988498,0.3529793429426115,69.20301738274844,3049,1.501240126927902,189.8618114478886
True,single_affine_h1024,8,single_affine,imagenetr50-frontier-adaptation-epoch-v1,5.313297900286588,,1024,11128,0.0004840381893915863,2.9042291363495177e-05,176,9bb99aa6b2322e054adcd017b934e975b6859feaa0e4f50f799ebcd7f50c8f27,56de0abd0ad39588b064d90fb9b0b809cc0167615e2f852928bc69495b3e835a,imagenetr50-frontier-adaptation-epoch-v1,7,91.73256649892164,0.30445792707584474,70.21974417841915,3049,1.624022117557194,217.00215305946767
True,single_affine_h1024,9,single_affine,imagenetr50-frontier-adaptation-epoch-v1,5.406392921100963,,1024,12519,0.000477746289624115,2.8664777377446898e-05,198,56de0abd0ad39588b064d90fb9b0b809cc0167615e2f852928bc69495b3e835a,fd2d82363cca19fa17b765efbabd67bcdd5d32b96c5af286ea9d9995f8a2169a,imagenetr50-frontier-adaptation-epoch-v1,8,91.87634795111431,0.3364396777451253,68.64545752705806,3049,1.6955611134169726,244.6554683353752
True,single_affine_h1024,10,single_affine,imagenetr50-frontier-adaptation-epoch-v1,4.898207361047918,,1024,13910,0.0004704675580618071,2.8228053483708427e-05,220,fd2d82363cca19fa17b765efbabd67bcdd5d32b96c5af286ea9d9995f8a2169a,9cce9daf61eb49b85706b7c967e06d29ed00c53d36b37c84834f891107816de8,imagenetr50-frontier-adaptation-epoch-v1,9,92.73903666427032,0.3031945766775322,70.51492292554936,3049,1.5697867824195368,271.88913138210773
True,single_affine_h1024,11,single_affine,imagenetr50-frontier-adaptation-epoch-v1,4.626886183565313,,1024,15301,0.0004622338837259814,2.7734033023558886e-05,242,9cce9daf61eb49b85706b7c967e06d29ed00c53d36b37c84834f891107816de8,a394f0f24afb9dc1bd1a809bbe991465df35e3bc22a76c1e89b358b98df7389a,imagenetr50-frontier-adaptation-epoch-v1,10,93.09849029475198,0.2914120326532382,69.33420793702854,3049,1.7019184771894666,299.20067135058343
True,single_affine_h1024,12,single_affine,imagenetr50-frontier-adaptation-epoch-v1,4.730536189946261,,1024,16692,0.0004530813393601067,2.7184880361606398e-05,264,a394f0f24afb9dc1bd1a809bbe991465df35e3bc22a76c1e89b358b98df7389a,f9a41659793be5abdc3654b3e7e7bc8fb6f3f7a1e3c54ed85a73734f2c4fa3af,imagenetr50-frontier-adaptation-epoch-v1,11,92.88281811646297,0.29275699453676113,69.62938668415875,3049,1.6763344699337899,326.3798580467701
True,single_affine_h1024,13,single_affine,imagenetr50-frontier-adaptation-epoch-v1,4.6800019415942105,,1024,18083,0.0004430500233906607,2.658300140343964e-05,286,f9a41659793be5abdc3654b3e7e7bc8fb6f3f7a1e3c54ed85a73734f2c4fa3af,a7749383d828feae579bc64b21e02308f15df2f4cd96f18f90bc09e34ef4cfa2,imagenetr50-frontier-adaptation-epoch-v1,12,93.24227174694464,0.27703877098692314,70.12135126270908,3049,1.6069747033999684,353.3516780156642
True,single_affine_h1024,14,single_affine,imagenetr50-frontier-adaptation-epoch-v1,4.318645916201851,,1024,19474,0.0004321838842509749,2.5931033055058493e-05,308,a7749383d828feae579bc64b21e02308f15df2f4cd96f18f90bc09e34ef4cfa2,da7738559f951f60fbc7010aba32ce46a89dba751e65c83f2748493621c56226,imagenetr50-frontier-adaptation-epoch-v1,13,94.32063263838965,0.22801949873320237,69.79337487700886,3049,1.567355496565136,380.3466894105077
True,single_affine_h1024,15,single_affine,imagenetr50-frontier-adaptation-epoch-v1,4.049802704290911,,1024,20865,0.0004205305278377239,2.5231831670263432e-05,330,da7738559f951f60fbc7010aba32ce46a89dba751e65c83f2748493621c56226,d2b21cb79453c9b2c809d2a85c69fa435d99176860bd98cad342048c4028f2c9,imagenetr50-frontier-adaptation-epoch-v1,14,94.75197699496765,0.21841943975321085,69.3014102984585,3049,1.6573115880859215,407.44534303434193
True,single_affine_h1024,16,single_affine,imagenetr50-frontier-adaptation-epoch-v1,4.256939833814448,,1024,22256,0.00040814100894361624,2.4488460536616973e-05,352,d2b21cb79453c9b2c809d2a85c69fa435d99176860bd98cad342048c4028f2c9,356cff960563c48077eea2950d931849049f4649cc7da259bb70b649d36812c3,imagenetr50-frontier-adaptation-epoch-v1,15,94.68008626887132,0.23424005662683614,68.25188586421778,3049,1.730701069942886,434.3871401194483
True,single_affine_h1024,17,single_affine,imagenetr50-frontier-adaptation-epoch-v1,3.6308218755505304,,1024,23647,0.00039506960758004683,2.370417645480281e-05,374,356cff960563c48077eea2950d931849049f4649cc7da259bb70b649d36812c3,72f93d68762da20f80fbc012c78fd83bc24f42df2a019203d1347cfeae7dca04,imagenetr50-frontier-adaptation-epoch-v1,16,96.54924514737598,0.1667508913577674,67.82551656280748,3049,1.7881335730472914,461.6269476264715
True,single_affine_h1024,18,single_affine,imagenetr50-frontier-adaptation-epoch-v1,4.598229825496674,,1024,25038,0.0003813735911696674,2.288241547018004e-05,396,72f93d68762da20f80fbc012c78fd83bc24f42df2a019203d1347cfeae7dca04,aca3983a821085f82c9cbc147e152ad6074a8578e95c5619dd40107bcc88e7ba,imagenetr50-frontier-adaptation-epoch-v1,17,94.32063263838965,0.24204971514358356,67.59593309281732,3049,1.7833943352929176,488.71939673647285
True,single_affine_h1024,19,single_affine,imagenetr50-frontier-adaptation-epoch-v1,3.8419995958154853,,1024,26429,0.00036711296365073994,2.2026777819044395e-05,418,aca3983a821085f82c9cbc147e152ad6074a8578e95c5619dd40107bcc88e7ba,cab17717dd83ff0cdec4a0d37c8eaceee951d4c9b69b3cb8bdbd039edac386fe,imagenetr50-frontier-adaptation-epoch-v1,18,95.54277498202732,0.19948308944359347,66.64480157428665,3049,1.7915610128560977,515.764341533184
True,single_affine_h1024,20,single_affine,imagenetr50-frontier-adaptation-epoch-v1,3.419345498085022,,1024,27820,0.00035235020259247765,2.114101215554866e-05,440,cab17717dd83ff0cdec4a0d37c8eaceee951d4c9b69b3cb8bdbd039edac386fe,211f4a3e65a9e05bccba8651b1d227aec91b2b7ffbd372bf8ba64cd89447f2b4,imagenetr50-frontier-adaptation-epoch-v1,19,95.97411933860532,0.15931109795889178,66.8743850442768,3049,1.8264663310940832,542.8269188720733
True,single_affine_h1024,21,single_affine,imagenetr50-frontier-adaptation-epoch-v1,4.072417649355802,,1024,29211,0.00033714998547310304,2.0228999128386183e-05,462,211f4a3e65a9e05bccba8651b1d227aec91b2b7ffbd372bf8ba64cd89447f2b4,49a89ad15139bed8ba0fa57452191971c8d2a81972f05c82e58d0c8988ea2071,imagenetr50-frontier-adaptation-epoch-v1,20,95.11143062544932,0.2146587023025447,66.77599212856674,3049,1.9024123569987728,569.8156042713672
True,single_affine_h1024,22,single_affine,imagenetr50-frontier-adaptation-epoch-v1,3.7585099691694435,,1024,30602,0.0003215789063198334,1.9294734379190003e-05,484,49a89ad15139bed8ba0fa57452191971c8d2a81972f05c82e58d0c8988ea2071,32c92d447c23cc9ec3c1a977541bc87dc9e03816f2a36d956e6f6d53f6bdbf32,imagenetr50-frontier-adaptation-epoch-v1,21,96.40546369518331,0.14410686715741025,66.21843227287636,3049,1.9857463842925576,597.111993521452
True,single_affine_h1024,23,single_affine,imagenetr50-frontier-adaptation-epoch-v1,3.6395604014396667,,1024,31993,0.00030570518395222853,1.834231103713371e-05,506,32c92d447c23cc9ec3c1a977541bc87dc9e03816f2a36d956e6f6d53f6bdbf32,eed9bae1ddea059c716369dd131d743f39a4ce17c2e8b7f5440450cd12db84a8,imagenetr50-frontier-adaptation-epoch-v1,22,95.90222861250899,0.1486718660631598,67.20236142997705,3049,1.9613164599585353,624.354478340596
True,single_affine_h1024,24,single_affine,imagenetr50-frontier-adaptation-epoch-v1,3.483455018563704,,1024,33384,0.00028959836310712235,1.737590178642734e-05,528,eed9bae1ddea059c716369dd131d743f39a4ce17c2e8b7f5440450cd12db84a8,4fbac9225b24ae6a7aa2528ebba3411ed1a6150b8eeec5a6ea135590c66136d8,imagenetr50-frontier-adaptation-epoch-v1,23,96.69302659956865,0.1507519936064522,66.18563463430633,3049,1.9851713421384636,651.5721878428012
True,single_affine_h1024,25,single_affine,imagenetr50-frontier-adaptation-epoch-v1,3.4389524974606256,,1024,34775,0.00027332900975454797,1.639974058527288e-05,550,4fbac9225b24ae6a7aa2528ebba3411ed1a6150b8eeec5a6ea135590c66136d8,6b48bb64d3678ba6c4a6c0187eb2307cef4544241c3a52affcd28bdfd0e5e318,imagenetr50-frontier-adaptation-epoch-v1,24,96.47735442127966,0.15838981111815814,66.93998032141685,3049,1.899568644692836,678.8642892614007
True,single_affine_h1024,26,single_affine,imagenetr50-frontier-adaptation-epoch-v1,3.182663240215995,,1024,36166,0.00025696840193951373,1.5418104116370822e-05,572,6b48bb64d3678ba6c4a6c0187eb2307cef4544241c3a52affcd28bdfd0e5e318,ddf818f2c8c6c72dba3ffed9dcee9f0500b101009982cc4738f71fb67fd18c87,imagenetr50-frontier-adaptation-epoch-v1,25,97.05248023005032,0.14146935108494707,67.2679567071171,3049,1.8640293648063881,706.4371439814568
True,single_affine_h1024,27,single_affine,imagenetr50-frontier-adaptation-epoch-v1,3.681977472522042,,1024,37557,0.0002405882175040904,1.4435293050245423e-05,594,ddf818f2c8c6c72dba3ffed9dcee9f0500b101009982cc4738f71fb67fd18c87,3605086427e89374df11b7280ec684228be8df50833f19e1fda23abd835baa94,imagenetr50-frontier-adaptation-epoch-v1,26,96.33357296908699,0.15864362560700032,65.46408658576583,3049,1.9741654012898375,733.4670881237835
True,single_affine_h1024,28,single_affine,imagenetr50-frontier-adaptation-epoch-v1,3.4039070226929407,,1024,38948,0.00022426022005793888,1.3455613203476334e-05,616,3605086427e89374df11b7280ec684228be8df50833f19e1fda23abd835baa94,d4ea4200eb93f5276cf289fae587ecd100b58a778ec4735db733334c018e1634,imagenetr50-frontier-adaptation-epoch-v1,27,96.47735442127966,0.14841479410120775,67.23515906854706,3049,1.865030187980274,760.8619260154665
True,single_affine_h1024,29,single_affine,imagenetr50-frontier-adaptation-epoch-v1,3.123277886347337,,1024,40339,0.00020805594457307924,1.2483356674384755e-05,638,d4ea4200eb93f5276cf289fae587ecd100b58a778ec4735db733334c018e1634,772a93ecc69fd2cb7c6901a78221fe9de7f98e7e7be2facfc3a5cb4e748c8514,imagenetr50-frontier-adaptation-epoch-v1,28,96.980589503954,0.12675154543368616,67.4319448999672,3049,1.8675609724996285,788.0929187554866
True,single_affine_h1024,30,single_affine,imagenetr50-frontier-adaptation-epoch-v1,3.3798617910255087,,1024,41730,0.00019204638398034936,1.1522783038820961e-05,660,772a93ecc69fd2cb7c6901a78221fe9de7f98e7e7be2facfc3a5cb4e748c8514,817a41875815d70c293095ef22402ca9166ad66c0bcf11c5af3588126b3726dd,imagenetr50-frontier-adaptation-epoch-v1,29,96.47735442127966,0.13133211293553038,67.66152836995737,3049,1.851334281263292,815.104240981862
True,single_affine_h1024,31,single_affine,imagenetr50-frontier-adaptation-epoch-v1,3.5594517263499172,,1024,43121,0.00017630167814061258,1.0578100688436756e-05,682,817a41875815d70c293095ef22402ca9166ad66c0bcf11c5af3588126b3726dd,0180cf434094387eb5d0abca8a7580a5118f8dace29f0e68d70dbc73453c1c24,imagenetr50-frontier-adaptation-epoch-v1,30,95.97411933860532,0.16209506902824966,67.72712364709741,3049,1.8138529676498059,842.143165525049
True,single_affine_h1024,32,single_affine,imagenetr50-frontier-adaptation-epoch-v1,2.9326590435071425,,1024,44512,0.0001608908065533712,9.653448393202272e-06,704,0180cf434094387eb5d0abca8a7580a5118f8dace29f0e68d70dbc73453c1c24,a4e05d11dee5168c55419ee78c8ff41715102c18d137c6950a23b4b42b218c3c,imagenetr50-frontier-adaptation-epoch-v1,31,97.41193386053199,0.10950305100227756,67.56313545424729,3049,1.863897244161604,869.1949403956532
True,single_affine_h1024,33,single_affine,imagenetr50-frontier-adaptation-epoch-v1,3.1529975804415615,,1024,45903,0.0001458812861490653,8.752877168943917e-06,726,a4e05d11dee5168c55419ee78c8ff41715102c18d137c6950a23b4b42b218c3c,a0383d1bb15335a15d1751ff1a045ce68a9872fd0ab2a95b8b4ede534e583802,imagenetr50-frontier-adaptation-epoch-v1,32,97.05248023005032,0.12274251063036284,65.9888488028862,3049,1.9476149907148093,896.1204701010138
True,single_affine_h1024,34,single_affine,imagenetr50-frontier-adaptation-epoch-v1,3.0379675328731537,,1024,47294,0.00013133887548906752,7.880332529344052e-06,748,a0383d1bb15335a15d1751ff1a045ce68a9872fd0ab2a95b8b4ede534e583802,f60d3d12d65c9ce3483355763b8a9f05c84684ce3f4f234c0c4362a3579501c2,imagenetr50-frontier-adaptation-epoch-v1,33,96.980589503954,0.11870167882728713,67.62873073138734,3049,1.9153703543818479,923.3897031731904
True,single_affine_h1024,35,single_affine,imagenetr50-frontier-adaptation-epoch-v1,2.9998520843007346,,1024,48685,0.00011732728666930999,7.039637200158599e-06,770,f60d3d12d65c9ce3483355763b8a9f05c84684ce3f4f234c0c4362a3579501c2,3edd40f82811bcb1f27395026494077bbaa654e08d67ace7639a61c472b75e9d,imagenetr50-frontier-adaptation-epoch-v1,34,97.19626168224299,0.10095110957696231,67.66152836995737,3049,1.9234928044775503,950.5479627996683
True,single_affine_h1024,36,single_affine,imagenetr50-frontier-adaptation-epoch-v1,2.7721378620375288,,1024,50076,0.00010390790618972823,6.234474371383694e-06,792,3edd40f82811bcb1f27395026494077bbaa654e08d67ace7639a61c472b75e9d,54757e5274c43598f2d3f53bef8c391aa0a3bb9360d28036a93634c46fe9faf1,imagenetr50-frontier-adaptation-epoch-v1,35,97.77138749101366,0.08174640724420719,67.2679567071171,3049,1.924318152828348,977.8908928688616
True,single_affine_h1024,37,single_affine,imagenetr50-frontier-adaptation-epoch-v1,3.2966692366383294,,1024,51467,9.11395260124289e-05,5.468371560745734e-06,814,54757e5274c43598f2d3f53bef8c391aa0a3bb9360d28036a93634c46fe9faf1,be6412f4b9cc809f91cbddc7ada9b9e13a5df90a462ecafbe2ae1bf957c3e8ae,imagenetr50-frontier-adaptation-epoch-v1,36,96.83680805176132,0.12269336657932042,67.56313545424729,3049,1.9394767213235256,1005.1176495626569
True,single_affine_h1024,38,single_affine,imagenetr50-frontier-adaptation-epoch-v1,2.9242870557037266,,1024,52858,7.907808598684777e-05,4.744685159210867e-06,836,be6412f4b9cc809f91cbddc7ada9b9e13a5df90a462ecafbe2ae1bf957c3e8ae,6b86731305dabd0cfccbb8af9f7e0e983f9b6faa1e657616e120905bc7e80fa6,imagenetr50-frontier-adaptation-epoch-v1,37,97.19626168224299,0.11053125314966197,67.20236142997705,3049,1.9573883151726552,1032.3647620864213
True,single_affine_h1024,39,single_affine,imagenetr50-frontier-adaptation-epoch-v1,3.1446715078570624,,1024,54249,6.777642877036494e-05,4.066585726221897e-06,858,6b86731305dabd0cfccbb8af9f7e0e983f9b6faa1e657616e120905bc7e80fa6,d064a7cb830533b8dcd5886f41c9e03a08e140f58795ee00c606027094a503aa,imagenetr50-frontier-adaptation-epoch-v1,38,97.55571531272466,0.1138235682810407,66.90718268284684,3049,1.9803188995831753,1059.7448977883905
True,single_affine_h1024,40,single_affine,imagenetr50-frontier-adaptation-epoch-v1,2.717357638207349,,1024,55640,5.7284068318101185e-05,3.437044099086071e-06,880,d064a7cb830533b8dcd5886f41c9e03a08e140f58795ee00c606027094a503aa,27598d1d4aa8a9fcfa6c3943c0fefa6fa384ed8f5348829ead2828cf44a99345,imagenetr50-frontier-adaptation-epoch-v1,39,97.41193386053199,0.10512683256164375,67.0055755985569,3049,2.0092825784805215,1086.8031630273908
True,single_affine_h1024,41,single_affine,imagenetr50-frontier-adaptation-epoch-v1,2.803214907646179,,1024,57031,4.7646972956169615e-05,2.858818377370177e-06,902,27598d1d4aa8a9fcfa6c3943c0fefa6fa384ed8f5348829ead2828cf44a99345,c14200634a293af127b45cdd195adbc34885fe364eb929c5c3d360cc04c7dc14,imagenetr50-frontier-adaptation-epoch-v1,40,97.41193386053199,0.12009359040250031,67.07117087569695,3049,1.9922222288837976,1114.5138084851205
True,single_affine_h1024,42,single_affine,imagenetr50-frontier-adaptation-epoch-v1,2.4442314935678784,,1024,58422,3.890736398876508e-05,2.3344418393259047e-06,924,c14200634a293af127b45cdd195adbc34885fe364eb929c5c3d360cc04c7dc14,49057b5e71d7bb508b8b389b46bf968721157fb0e061e817026414727b56ba13,imagenetr50-frontier-adaptation-epoch-v1,41,97.48382458662833,0.1059704507365662,67.0055755985569,3049,1.9922846828221727,1141.6431593913585
True,single_affine_h1024,43,single_affine,imagenetr50-frontier-adaptation-epoch-v1,2.7149578034877777,,1024,59813,3.110353072142021e-05,1.8662118432852126e-06,946,49057b5e71d7bb508b8b389b46bf968721157fb0e061e817026414727b56ba13,00d2f4569f3b45b29bc0602b0979352817206c694b209d7264c0c23daf1fc93e,imagenetr50-frontier-adaptation-epoch-v1,42,97.19626168224299,0.09952951326034294,66.90718268284684,3049,1.9952030525945688,1169.0587064828724
True,single_affine_h1024,44,single_affine,imagenetr50-frontier-adaptation-epoch-v1,2.6920555247501894,,1024,61204,2.4269662710831545e-05,1.4561797626498926e-06,968,00d2f4569f3b45b29bc0602b0979352817206c694b209d7264c0c23daf1fc93e,6e4a491e21dd20f931b3f7604154be8a51e573b9d727decf51fcc95161f5bc89,imagenetr50-frontier-adaptation-epoch-v1,43,97.62760603882099,0.09640484504096376,67.03837323712693,3049,2.000192438903188,1196.5738241188228
True,single_affine_h1024,45,single_affine,imagenetr50-frontier-adaptation-epoch-v1,2.590780462053689,,1024,62595,1.8435699976192516e-05,1.106141998571551e-06,990,6e4a491e21dd20f931b3f7604154be8a51e573b9d727decf51fcc95161f5bc89,0d3314cd5031eccc3614c8da1932a2308f02bc3f06c0d1da896935950e04e3f0,imagenetr50-frontier-adaptation-epoch-v1,44,97.48382458662833,0.09094775348666073,67.07117087569695,3049,1.9899562761876652,1223.6701922956854
True,single_affine_h1024,46,single_affine,imagenetr50-frontier-adaptation-epoch-v1,2.759868225421418,,1024,63986,1.3627201828273656e-05,8.176321096964194e-07,1012,0d3314cd5031eccc3614c8da1932a2308f02bc3f06c0d1da896935950e04e3f0,91b27c83d7c89ccaf8a9a7c05bd03ac7c205cc85509a6fc1b6bd45fb3dbd0815,imagenetr50-frontier-adaptation-epoch-v1,45,97.48382458662833,0.10958876462397517,67.136766152837,3049,1.9896796662207703,1250.8979749679565
True,single_affine_h1024,47,single_affine,imagenetr50-frontier-adaptation-epoch-v1,2.481328782710162,,1024,65377,9.865234890927895e-06,5.919140934556736e-07,1034,91b27c83d7c89ccaf8a9a7c05bd03ac7c205cc85509a6fc1b6bd45fb3dbd0815,61076804c8878fa7b4c4faa774a5eaeda2a8684116b7bb74a1860a624cc3bfee,imagenetr50-frontier-adaptation-epoch-v1,46,98.20273184759166,0.08376582083643812,67.2679567071171,3049,1.9841715386360346,1278.4300386346877
True,single_affine_h1024,48,single_affine,imagenetr50-frontier-adaptation-epoch-v1,2.376141307706183,,1024,66768,7.166280805611358e-06,4.2997684833668145e-07,1056,61076804c8878fa7b4c4faa774a5eaeda2a8684116b7bb74a1860a624cc3bfee,0046b5da27acdd8bd1236e6bcb482c577c0280b7bc1bb89e06859cbd7ae9a58e,imagenetr50-frontier-adaptation-epoch-v1,47,97.91516894320633,0.088648428683826,67.2679567071171,3049,1.9841009373350509,1305.6692035645247
True,single_affine_h1024,49,single_affine,imagenetr50-frontier-adaptation-epoch-v1,2.752702685919675,,1024,68159,5.542164023277864e-06,3.325298413966718e-07,1078,0046b5da27acdd8bd1236e6bcb482c577c0280b7bc1bb89e06859cbd7ae9a58e,44d177011a2fcb4e2aa825a39ead92270af9670d71ed24061122554476c30ecf,imagenetr50-frontier-adaptation-epoch-v1,48,97.48382458662833,0.10533576488152072,67.46474253853722,3049,1.9824551926084564,1332.8977322410792
True,single_affine_h1024,50,single_affine,imagenetr50-frontier-adaptation-epoch-v1,2.5775374580513346,,1024,69550,5e-06,3.0000000000000004e-07,1100,44d177011a2fcb4e2aa825a39ead92270af9670d71ed24061122554476c30ecf,44f1ffb9b36e7fb4083aec5d9f814eed7cd94dd52d04eadeab042c5c3f5ad7a8,imagenetr50-frontier-adaptation-epoch-v1,49,97.84327821711,0.09191908628969721,67.4319448999672,3049,1.9820632158869327,1360.363839128986
,clean_joint_iid,1,joint_iid_rank80,imagenetr50-clean-joint-epoch-v1,,0.01,1024,1391,0.0005,,22,0000000000000000000000000000000000000000000000000000000000000000,b7a90aaecc9c782a65596b3789f78729d971c221fa00106953736dab66d3a3a1,imagenetr50-clean-joint-epoch-v1,0,19.194823867721063,4.407578482720425,19.285011479173498,3049,3.968686137288545,7.324372759088874
,clean_joint_iid,2,joint_iid_rank80,imagenetr50-clean-joint-epoch-v1,,0.01,1024,2782,0.0005,,44,b7a90aaecc9c782a65596b3789f78729d971c221fa00106953736dab66d3a3a1,ab11f6fe7fe59518630f9b443e344a9c0cb9be9fbb87a518f631bc4a02afed65,imagenetr50-clean-joint-epoch-v1,1,57.08123652048886,2.001317974991459,41.653000983929154,3049,2.845320499228743,14.386342098936439
,clean_joint_iid,3,joint_iid_rank80,imagenetr50-clean-joint-epoch-v1,,0.01,1024,4173,0.0005,,66,ab11f6fe7fe59518630f9b443e344a9c0cb9be9fbb87a518f631bc4a02afed65,589678dc5e43a3fa3acff600fe683542d64325b0169bc3c9413bd2bf7ca66438,imagenetr50-clean-joint-epoch-v1,2,76.49173256649892,1.0263917229314403,46.90062315513283,3049,2.658867965803337,21.396889438852668
,clean_joint_iid,4,joint_iid_rank80,imagenetr50-clean-joint-epoch-v1,,0.01,1024,5564,0.0005,,88,589678dc5e43a3fa3acff600fe683542d64325b0169bc3c9413bd2bf7ca66438,fe896decaf44c75eb3148f8d91a1200c6f1edbb8c74fbdbb3d73e3178a676229,imagenetr50-clean-joint-epoch-v1,3,85.11861969805895,0.6596539946317158,48.21252869793375,3049,2.618070095083525,28.41649690270424
,clean_joint_iid,5,joint_iid_rank80,imagenetr50-clean-joint-epoch-v1,,0.01,1024,6955,0.0005,,110,fe896decaf44c75eb3148f8d91a1200c6f1edbb8c74fbdbb3d73e3178a676229,504ec35b8a49231dc7b6f0e1285ebf2b5a069a21f9a40a29428a8fe9d4406a7b,imagenetr50-clean-joint-epoch-v1,4,90.94176851186197,0.39970333786382684,48.048540505083636,3049,2.7525575261852633,35.43997812084854
True,single_affine_h2048,1,single_affine,imagenetr50-frontier-adaptation-epoch-v1,9.675861270804154,,2048,2415,0.0002,1.2e-05,38,0000000000000000000000000000000000000000000000000000000000000000,77a4e87669ef6da6cb78c11cf0ce534a37799bce763b693bc3c360cb5dae273b,imagenetr50-frontier-adaptation-epoch-v1,0,71.18012422360249,1.2143258254720557,71.03968514266973,3049,1.312575501979629,37.9027697276324
True,single_affine_h2048,2,single_affine,imagenetr50-frontier-adaptation-epoch-v1,8.0474498773876,,2048,4830,0.0004,2.4e-05,76,77a4e87669ef6da6cb78c11cf0ce534a37799bce763b693bc3c360cb5dae273b,791418cbb339d52985d54677bf231d6b4f5d9fefb8efdd1fb5521b666cdb6bae,imagenetr50-frontier-adaptation-epoch-v1,1,76.43892339544513,0.9664533611163343,72.87635290259101,3049,1.2262766154018063,75.94495483115315
True,single_affine_h2048,3,single_affine,imagenetr50-frontier-adaptation-epoch-v1,7.4808382360558765,,2048,7245,0.0004998784146258861,2.9992704877553167e-05,114,791418cbb339d52985d54677bf231d6b4f5d9fefb8efdd1fb5521b666cdb6bae,f6f75da84451f2bc7917472ae81e5517493054f39b196ce3d1f0a9a0835ce74b,imagenetr50-frontier-adaptation-epoch-v1,2,82.40165631469979,0.7217697246227699,73.43391275828141,3049,1.2058022781527211,114.00365527719259
True,single_affine_h2048,4,single_affine,imagenetr50-frontier-adaptation-epoch-v1,6.763203934619301,,2048,9660,0.0004988240097601315,2.9929440585607895e-05,152,f6f75da84451f2bc7917472ae81e5517493054f39b196ce3d1f0a9a0835ce74b,88b289abe138fb8d8507e6d7ca81a4376d9f663a9e40e7f8092695db2d00ba05,imagenetr50-frontier-adaptation-epoch-v1,3,85.05175983436853,0.6410321991882956,73.53230567399147,3049,1.2553648606172425,151.8843793347478
True,single_affine_h2048,5,single_affine,imagenetr50-frontier-adaptation-epoch-v1,6.1218367626792505,,2048,12075,0.0004966912986410193,2.980147791846116e-05,190,88b289abe138fb8d8507e6d7ca81a4376d9f663a9e40e7f8092695db2d00ba05,f8c469f8abce1bb2ad6144899dac67ea0deb6c75f60b38ed6edfb8b011f252b5,imagenetr50-frontier-adaptation-epoch-v1,4,87.32919254658385,0.5321315560034837,72.67956707117088,3049,1.2628654349862884,190.3048277478665
True,single_affine_h2048,6,single_affine,imagenetr50-frontier-adaptation-epoch-v1,6.003519196259348,,2048,14490,0.0004934896174097503,2.960937704458502e-05,228,f8c469f8abce1bb2ad6144899dac67ea0deb6c75f60b38ed6edfb8b011f252b5,03362991ee0f800b1200f8779b0ebfb88777316043b9332017ed8b9932b5252a,imagenetr50-frontier-adaptation-epoch-v1,5,88.7784679089027,0.4758518001801232,71.59724499836013,3049,1.356564998157535,228.59709436818957
True,single_affine_h2048,7,single_affine,imagenetr50-frontier-adaptation-epoch-v1,5.613768301512065,,2048,16905,0.0004892329817235735,2.9353978903414408e-05,266,03362991ee0f800b1200f8779b0ebfb88777316043b9332017ed8b9932b5252a,2f33bcec581189707fecc6f89ace15f392137272ea0d00fb0644781c61bab512,imagenetr50-frontier-adaptation-epoch-v1,6,89.85507246376811,0.4220629934938798,73.46671039685143,3049,1.2758150698122879,266.6514479890466
True,single_affine_h2048,8,single_affine,imagenetr50-frontier-adaptation-epoch-v1,5.33429259375522,,2048,19320,0.0004839400254009424,2.9036401524056545e-05,304,2f33bcec581189707fecc6f89ace15f392137272ea0d00fb0644781c61bab512,7da323110c365d54edb5d9d45da288153458263653cf30b6a58f856127f590d1,imagenetr50-frontier-adaptation-epoch-v1,7,90.93167701863354,0.358283281425018,72.94194817973106,3049,1.4309966192749064,304.7866428717971
True,single_affine_h2048,9,single_affine,imagenetr50-frontier-adaptation-epoch-v1,5.551940779936941,,2048,21735,0.00047763391885024333,2.86580351310146e-05,342,7da323110c365d54edb5d9d45da288153458263653cf30b6a58f856127f590d1,9112cc061175ee13efe6e7c8dd2635f3b9ec60afd4c4df5dba691f6fa2cd7c03,imagenetr50-frontier-adaptation-epoch-v1,8,90.351966873706,0.39360240675647806,72.94194817973106,3049,1.3637305285039985,342.73816934786737
True,single_affine_h2048,10,single_affine,imagenetr50-frontier-adaptation-epoch-v1,5.0711599588394165,,2048,24150,0.00047034226763917775,2.8220536058350667e-05,380,9112cc061175ee13efe6e7c8dd2635f3b9ec60afd4c4df5dba691f6fa2cd7c03,87a72e4f27e30d508d2ce923c07b8d9ae795a6804acd7432d18cb4824bd6ad7e,imagenetr50-frontier-adaptation-epoch-v1,9,91.26293995859213,0.35535050702144394,72.97474581830109,3049,1.4054974674513865,380.78449319675565
True,single_affine_h2048,11,single_affine,imagenetr50-frontier-adaptation-epoch-v1,4.793404052132054,,2048,26565,0.00046209699164882366,2.772581949892942e-05,418,87a72e4f27e30d508d2ce923c07b8d9ae795a6804acd7432d18cb4824bd6ad7e,a6a0e15fab75d7a9b5718d9563fb17ea19255f681f58149e980b6f5e6466ee18,imagenetr50-frontier-adaptation-epoch-v1,10,92.13250517598344,0.3202443956094746,72.31879304690062,3049,1.4811356614245161,418.7364848703146
True,single_affine_h2048,12,single_affine,imagenetr50-frontier-adaptation-epoch-v1,4.994245805238423,,2048,28980,0.00045293418534138845,2.717605112048331e-05,456,a6a0e15fab75d7a9b5718d9563fb17ea19255f681f58149e980b6f5e6466ee18,677ba060ff5f594e29b1f29224f6bad4fad797cc8147e1fb080d3a4c59e18857,imagenetr50-frontier-adaptation-epoch-v1,11,91.80124223602485,0.35659680948988004,71.9908166612004,3049,1.4278609744053505,456.4404525849968
True,single_affine_h2048,13,single_affine,imagenetr50-frontier-adaptation-epoch-v1,4.709365323970192,,2048,31395,0.000442893959753345,2.65736375852007e-05,494,677ba060ff5f594e29b1f29224f6bad4fad797cc8147e1fb080d3a4c59e18857,a84a5ef15ed27c3f77c200bb2cf797567b3853852bf35a09ead962e220262252,imagenetr50-frontier-adaptation-epoch-v1,12,92.46376811594203,0.3234572975285058,70.94129222695966,3049,1.5630371366496476,494.4255095347762
True,single_affine_h2048,14,single_affine,imagenetr50-frontier-adaptation-epoch-v1,4.179283745194736,,2048,33810,0.0004320202669056401,2.5921216014338407e-05,532,a84a5ef15ed27c3f77c200bb2cf797567b3853852bf35a09ead962e220262252,15ea0d38c4a85462c9a229642521b4309fc23a7d154262f58b1eecf23410248e,imagenetr50-frontier-adaptation-epoch-v1,13,93.66459627329192,0.2575268842665552,71.17087569694982,3049,1.5498847373394389,532.1629264336079
True,single_affine_h2048,15,single_affine,imagenetr50-frontier-adaptation-epoch-v1,4.7485721487748,,2048,36225,0.000420360707399637,2.522164244397822e-05,570,15ea0d38c4a85462c9a229642521b4309fc23a7d154262f58b1eecf23410248e,f45aed073e459958fe47bdeddc991134dc3b022955cfe42affa83a30895606e5,imagenetr50-frontier-adaptation-epoch-v1,14,93.4575569358178,0.2800165206008816,71.8596261069203,3049,1.550567550634157,570.439301609993
True,single_affine_h2048,16,single_affine,imagenetr50-frontier-adaptation-epoch-v1,4.523675874659889,,2048,38640,0.00040796632204105734,2.4477979322463438e-05,608,f45aed073e459958fe47bdeddc991134dc3b022955cfe42affa83a30895606e5,65f11b0ead6110abf8964b4d833aa9da3e7b05cbcd6dc9cc0ef9d72d3c430006,imagenetr50-frontier-adaptation-epoch-v1,15,93.54037267080746,0.2724762798096082,71.49885208265005,3049,1.4952009732154754,608.5589130520821
True,single_affine_h2048,17,single_affine,imagenetr50-frontier-adaptation-epoch-v1,4.0421225679548165,,2048,41055,0.0003948913684041086,2.3693482104246517e-05,646,65f11b0ead6110abf8964b4d833aa9da3e7b05cbcd6dc9cc0ef9d72d3c430006,f0b343911edede0032e5d1e04c09ed68da1008704c16b0a006e9ec1790b839b9,imagenetr50-frontier-adaptation-epoch-v1,16,94.69979296066252,0.22435153670932936,71.9908166612004,3049,1.471747516295526,646.5466701425612
True,single_affine_h2048,18,single_affine,imagenetr50-frontier-adaptation-epoch-v1,4.398371746665553,,2048,43470,0.0003811930833139092,2.2871584998834552e-05,684,f0b343911edede0032e5d1e04c09ed68da1008704c16b0a006e9ec1790b839b9,8b818419e208cae041687d17dd369a0b7e0c8809707eddc38d82ed27e526a9b6,imagenetr50-frontier-adaptation-epoch-v1,17,93.7888198757764,0.264950690654494,72.15480485405051,3049,1.5106539252391602,684.7590207234025
True,single_affine_h2048,19,single_affine,imagenetr50-frontier-adaptation-epoch-v1,4.029001408501675,,2048,45885,0.0003669314322869648,2.201588593721789e-05,722,8b818419e208cae041687d17dd369a0b7e0c8809707eddc38d82ed27e526a9b6,f1b38162a38279c97ba6f861bb3af91cb08b7ed845468c19eb86b1f62891a5da,imagenetr50-frontier-adaptation-epoch-v1,18,94.74120082815735,0.23204196940791286,71.76123319121024,3049,1.5566682774890013,722.7688363548368
True,single_affine_h2048,20,single_affine,imagenetr50-frontier-adaptation-epoch-v1,4.211310552923303,,2048,48300,0.0003521688470265454,2.1130130821592724e-05,760,f1b38162a38279c97ba6f861bb3af91cb08b7ed845468c19eb86b1f62891a5da,d94c625803084b6bd1b63f8511cb58b9eea4f5d3d4d7d94ccee72321d8d49823,imagenetr50-frontier-adaptation-epoch-v1,19,94.36853002070393,0.22523495158793763,71.79403082978025,3049,1.599715626016919,760.7679146789014
True,single_affine_h2048,21,single_affine,imagenetr50-frontier-adaptation-epoch-v1,4.313642878281443,,2048,50715,0.00033696995212209905,2.0218197127325946e-05,798,d94c625803084b6bd1b63f8511cb58b9eea4f5d3d4d7d94ccee72321d8d49823,8fb9aee1d8276041df9bcb129cb336434a5347ce28912d58e4cd0f870ced5334,imagenetr50-frontier-adaptation-epoch-v1,20,93.37474120082815,0.2619003499269979,71.00688750409971,3049,1.6145835681288467,798.8252720721066
True,single_affine_h2048,22,single_affine,imagenetr50-frontier-adaptation-epoch-v1,4.061046750921952,,2048,53130,0.0003214012821491048,1.9284076928946286e-05,836,8fb9aee1d8276041df9bcb129cb336434a5347ce28912d58e4cd0f870ced5334,6c4bd4021aa199ba6a052bb4721ed4371451d972a72db035be58468b20af8e79,imagenetr50-frontier-adaptation-epoch-v1,21,94.824016563147,0.19625885392814937,71.36766152836995,3049,1.634309908177822,836.5540678892285
True,single_affine_h2048,23,single_affine,imagenetr50-frontier-adaptation-epoch-v1,3.6938993507309963,,2048,55545,0.0003055309904077815,1.833185942446689e-05,874,6c4bd4021aa199ba6a052bb4721ed4371451d972a72db035be58468b20af8e79,79c37e7bc27b9ff110371f4259b01b42d9e5a68b5da4e8f4dfd1e2d4e94f5f1b,imagenetr50-frontier-adaptation-epoch-v1,22,95.3623188405797,0.18783449336855554,70.64611347982945,3049,1.626994857713018,874.6250126194209
True,single_affine_h2048,24,single_affine,imagenetr50-frontier-adaptation-epoch-v1,3.806835894521914,,2048,57960,0.00028942855057568064,1.736571303454084e-05,912,79c37e7bc27b9ff110371f4259b01b42d9e5a68b5da4e8f4dfd1e2d4e94f5f1b,2c29e16c008212a4fb646f336dce58792925a6471753d139850f8ff5491f550c,imagenetr50-frontier-adaptation-epoch-v1,23,95.527950310559,0.18575743118428295,71.46605444408003,3049,1.6260020442773726,912.3725096769631
True,single_affine_h2048,25,single_affine,imagenetr50-frontier-adaptation-epoch-v1,3.341580347010964,,2048,60375,0.00027316445258020395,1.6389867154812236e-05,950,2c29e16c008212a4fb646f336dce58792925a6471753d139850f8ff5491f550c,1343d244b4029c6ed792a42fdcb9561d197972e8e8e27d6cc65dd9410687f595,imagenetr50-frontier-adaptation-epoch-v1,24,96.27329192546584,0.1826048869770753,70.41653000983929,3049,1.6640853656632426,950.257297841832
True,single_affine_h2048,26,single_affine,imagenetr50-frontier-adaptation-epoch-v1,3.665840274409244,,2048,62790,0.00025680989402239256,1.5408593641343553e-05,988,1343d244b4029c6ed792a42fdcb9561d197972e8e8e27d6cc65dd9410687f595,74dfa94b13937da12151d201b0f2689fe578e9a2dee0514e8a9b0653e22f4a3b,imagenetr50-frontier-adaptation-epoch-v1,25,95.27950310559007,0.17678680182984158,70.74450639553952,3049,1.667972563446135,988.1725620832294
True,single_affine_h2048,27,single_affine,imagenetr50-frontier-adaptation-epoch-v1,3.783382196175425,,2048,65205,0.0002404364685028092,1.4426188110168552e-05,1026,74dfa94b13937da12151d201b0f2689fe578e9a2dee0514e8a9b0653e22f4a3b,b0a9df170c331e864e66b489ce10cd475fa0d24f3c665b29541e4e65ff39f868,imagenetr50-frontier-adaptation-epoch-v1,26,95.11387163561076,0.18024612815730567,69.99016070842899,3049,1.6766930489744973,1026.250228125602
True,single_affine_h2048,28,single_affine,imagenetr50-frontier-adaptation-epoch-v1,3.300186028606013,,2048,67620,0.0002241158522138959,1.3446951132833754e-05,1064,b0a9df170c331e864e66b489ce10cd475fa0d24f3c665b29541e4e65ff39f868,c4dfd6a55a33dc7ac68949e138b55fbc50aff1d15479e3bdcb35f385f3d09dbf,imagenetr50-frontier-adaptation-epoch-v1,27,95.94202898550725,0.162134183415715,70.02295834699902,3049,1.7460057104404108,1064.4071817081422
True,single_affine_h2048,29,single_affine,imagenetr50-frontier-adaptation-epoch-v1,3.406425083938398,,2048,70035,0.00020791949017077779,1.2475169410246668e-05,1102,c4dfd6a55a33dc7ac68949e138b55fbc50aff1d15479e3bdcb35f385f3d09dbf,ebef5f1833e0cbbc78a30aa3189fa18549e8844504dcc56bb7fcbb5f34e304b7,imagenetr50-frontier-adaptation-epoch-v1,28,96.27329192546584,0.16626764202710265,70.35093473269924,3049,1.7800421935294486,1102.2329404652119
True,single_affine_h2048,30,single_affine,imagenetr50-frontier-adaptation-epoch-v1,3.5570363982727655,,2048,72450,0.00019191828345406714,1.1515097007244028e-05,1140,ebef5f1833e0cbbc78a30aa3189fa18549e8844504dcc56bb7fcbb5f34e304b7,6d73c130cad3ccd05fb49040bb29e0c31e52dc24085f75bb5c1670e6c5ad4acf,imagenetr50-frontier-adaptation-epoch-v1,29,95.98343685300208,0.1817278304208633,69.53099376844867,3049,1.7621235132764776,1140.5019705239683
True,single_affine_h2048,31,single_affine,imagenetr50-frontier-adaptation-epoch-v1,3.5617081240603796,,2048,74865,0.00017618227883379133,1.0570936730027481e-05,1178,6d73c130cad3ccd05fb49040bb29e0c31e52dc24085f75bb5c1670e6c5ad4acf,89e6be137ae0163f048baacbc39360cefad401517f9cc3dd862c511d194c4960,imagenetr50-frontier-adaptation-epoch-v1,30,95.6935817805383,0.17476144157828258,70.48212528697934,3049,1.643915348422062,1178.3446983546019
True,single_affine_h2048,32,single_affine,imagenetr50-frontier-adaptation-epoch-v1,3.350887878944999,,2048,77280,0.00016078036213314497,9.646821727988697e-06,1216,89e6be137ae0163f048baacbc39360cefad401517f9cc3dd862c511d194c4960,52ae45e4eac4efd96471d68de199d28115dd8fcd2c2085500578ca7094bc9ef6,imagenetr50-frontier-adaptation-epoch-v1,31,96.3975155279503,0.14273841914182864,70.41653000983929,3049,1.6756839570783326,1216.1976071055979
True,single_affine_h2048,33,single_affine,imagenetr50-frontier-adaptation-epoch-v1,3.055047576364718,,2048,79695,0.00014577995667439426,8.746797400463655e-06,1254,52ae45e4eac4efd96471d68de199d28115dd8fcd2c2085500578ca7094bc9ef6,347de719232139eaed55c83b98012c2600cbbe93d603067c7c334c853d421f3e,imagenetr50-frontier-adaptation-epoch-v1,32,97.14285714285714,0.12634089002944915,70.87569694981961,3049,1.6859958657439555,1254.3149960767478
True,single_affine_h2048,34,single_affine,imagenetr50-frontier-adaptation-epoch-v1,3.0854280120448063,,2048,82110,0.00013124672812701616,7.87480368762097e-06,1292,347de719232139eaed55c83b98012c2600cbbe93d603067c7c334c853d421f3e,bd2a042ada9998575f548cb87bce9f8be095cdfbfac77a20015cf4d0e73fe936,imagenetr50-frontier-adaptation-epoch-v1,33,96.77018633540372,0.12569490871074038,70.67891111839947,3049,1.7027625749837614,1292.6516610402614
True,single_affine_h2048,35,single_affine,imagenetr50-frontier-adaptation-epoch-v1,3.1953453233367517,,2048,84525,0.00011724429705012425,7.034657823007455e-06,1330,bd2a042ada9998575f548cb87bce9f8be095cdfbfac77a20015cf4d0e73fe936,9143b75435064d7d880e3e4d727b491ed5e84498585e9ef8e07e3774643bc8a4,imagenetr50-frontier-adaptation-epoch-v1,34,96.7287784679089,0.1299824707749961,70.67891111839947,3049,1.7004133270153572,1330.5977762714028
True,single_affine_h2048,36,single_affine,imagenetr50-frontier-adaptation-epoch-v1,2.8503378284604928,,2048,86940,0.00010383396038755765,6.23003762325346e-06,1368,9143b75435064d7d880e3e4d727b491ed5e84498585e9ef8e07e3774643bc8a4,b3091879bcdb81bf1bda5a844c97071d075057ca74a165c87de64c9417eabb24,imagenetr50-frontier-adaptation-epoch-v1,35,97.3913043478261,0.11446881462081372,70.54772056411939,3049,1.731016124651525,1368.6134100239724
True,single_affine_h2048,37,single_affine,imagenetr50-frontier-adaptation-epoch-v1,3.4185923243823804,,2048,89355,9.107442313480947e-05,5.4644653880885685e-06,1406,b3091879bcdb81bf1bda5a844c97071d075057ca74a165c87de64c9417eabb24,8729b97745f6f92029230419a05706f5e57544a37983518d8a3b22f1cd30351f,imagenetr50-frontier-adaptation-epoch-v1,36,96.23188405797102,0.1520252209519254,70.41653000983929,3049,1.7233403807352627,1406.4783063679934
True,single_affine_h2048,38,single_affine,imagenetr50-frontier-adaptation-epoch-v1,3.05904190948135,,2048,91770,7.902154135245231e-05,4.741292481147139e-06,1444,8729b97745f6f92029230419a05706f5e57544a37983518d8a3b22f1cd30351f,7bd265608b3a1d288697ca6c5920f7735abfa436c41a8b65efe00ac704612115,imagenetr50-frontier-adaptation-epoch-v1,37,96.60455486542443,0.1389305331445382,70.5805182026894,3049,1.7008991810719511,1444.5692165009677
True,single_affine_h2048,39,single_affine,imagenetr50-frontier-adaptation-epoch-v1,3.0481670890983783,,2048,94185,6.772807765103923e-05,4.0636846590623544e-06,1482,7bd265608b3a1d288697ca6c5920f7735abfa436c41a8b65efe00ac704612115,8493c4da6bd791f6f8c6a413ba70c7531ccf83ba174645c678f83cf9c623e76c,imagenetr50-frontier-adaptation-epoch-v1,38,96.8944099378882,0.11952027840150316,70.67891111839947,3049,1.716639650419291,1482.6297956369817
True,single_affine_h2048,40,single_affine,imagenetr50-frontier-adaptation-epoch-v1,3.019665965908452,,2048,96600,5.724347021787164e-05,3.4346082130722982e-06,1520,8493c4da6bd791f6f8c6a413ba70c7531ccf83ba174645c678f83cf9c623e76c,1e7c611431f102573ec071fda6445239bda87359527726e8df5515d33252b3e3,imagenetr50-frontier-adaptation-epoch-v1,39,97.10144927536231,0.11941810167600897,70.87569694981961,3049,1.7000073176127803,1520.960967052728
True,single_affine_h2048,41,single_affine,imagenetr50-frontier-adaptation-epoch-v1,3.021255356700797,,2048,99015,4.76136163967373e-05,2.856816983804238e-06,1558,1e7c611431f102573ec071fda6445239bda87359527726e8df5515d33252b3e3,93014904f2c30040b8e170a7e9b0bee03d7d7386022386ffc6fe37a1ee0fb7a5,imagenetr50-frontier-adaptation-epoch-v1,40,97.01863354037268,0.12673035995807214,70.97408986552968,3049,1.7036917546648556,1559.1001162081957
True,single_affine_h2048,42,single_affine,imagenetr50-frontier-adaptation-epoch-v1,2.924828587394012,,2048,101430,3.8880671768021507e-05,2.3328403060812904e-06,1596,93014904f2c30040b8e170a7e9b0bee03d7d7386022386ffc6fe37a1ee0fb7a5,8d8c41e5634e629f14b3379c0187e4e97da5d75ee6fbbd7e67739f2e0fa7fb35,imagenetr50-frontier-adaptation-epoch-v1,41,97.18426501035196,0.12306928220002547,71.07248278123976,3049,1.7084116699579075,1597.103787733242
True,single_affine_h2048,43,single_affine,imagenetr50-frontier-adaptation-epoch-v1,2.9996644670731927,,2048,103845,3.108286560873449e-05,1.8649719365240692e-06,1634,8d8c41e5634e629f14b3379c0187e4e97da5d75ee6fbbd7e67739f2e0fa7fb35,465c7866db5e73a59cfea03d0e8d7f06e8c2a30be6732fc4cb8b7cef681e46df,imagenetr50-frontier-adaptation-epoch-v1,42,97.01863354037268,0.12267054603213355,70.90849458838963,3049,1.7101479414917673,1635.5342130362988
True,single_affine_h2048,44,single_affine,imagenetr50-frontier-adaptation-epoch-v1,3.0739049660532096,,2048,106260,2.4254333540296902e-05,1.455260012417814e-06,1672,465c7866db5e73a59cfea03d0e8d7f06e8c2a30be6732fc4cb8b7cef681e46df,8e5297e32bb0b57e1fb503d199c17716c6225fc5a3c83b7f79fd22c5e790b1e3,imagenetr50-frontier-adaptation-epoch-v1,43,97.0600414078675,0.12256945077923762,71.00688750409971,3049,1.7091728102851986,1673.7389566842467
True,single_affine_h2048,45,single_affine,imagenetr50-frontier-adaptation-epoch-v1,3.315511011763623,,2048,108675,1.842496809668405e-05,1.105498085801043e-06,1710,8e5297e32bb0b57e1fb503d199c17716c6225fc5a3c83b7f79fd22c5e790b1e3,7d45748cc897c0aa14b18002a6ec7bc375996513c810b3fee52cf289ee5e0e53,imagenetr50-frontier-adaptation-epoch-v1,44,96.48033126293996,0.13375237965435716,70.8428993112496,3049,1.708448768483103,1711.6598140858114
True,single_affine_h2048,46,single_affine,imagenetr50-frontier-adaptation-epoch-v1,3.001732920835677,,2048,111090,1.3620287867078738e-05,8.172172720247242e-07,1748,7d45748cc897c0aa14b18002a6ec7bc375996513c810b3fee52cf289ee5e0e53,88df8743e17a6a51dab415bdf00cea6c7b62027aad6e1171e93cce4c833a1a43,imagenetr50-frontier-adaptation-epoch-v1,45,97.22567287784679,0.1108179547525094,70.8428993112496,3049,1.7083142068824755,1749.5957923475653
True,single_affine_h2048,47,single_affine,imagenetr50-frontier-adaptation-epoch-v1,2.6896533809210124,,2048,113505,9.861325785875071e-06,5.916795471525043e-07,1786,88df8743e17a6a51dab415bdf00cea6c7b62027aad6e1171e93cce4c833a1a43,ccaab71c0100a1c9b4b8f72f1455e43dfcb03fe8bc6c599f9db3e63b979d115c,imagenetr50-frontier-adaptation-epoch-v1,46,97.55693581780538,0.09705803443679652,70.74450639553952,3049,1.702951843521954,1787.7628949545324
True,single_affine_h2048,48,single_affine,imagenetr50-frontier-adaptation-epoch-v1,2.407832676054616,,2048,115920,7.164537059052543e-06,4.2987222354315256e-07,1824,ccaab71c0100a1c9b4b8f72f1455e43dfcb03fe8bc6c599f9db3e63b979d115c,4a8c63f9ec7d2e69ebfe857446313ce78244bb17c5eca6c02a36cf1e96c08e2f,imagenetr50-frontier-adaptation-epoch-v1,47,97.7639751552795,0.09545771369776124,70.97408986552968,3049,1.7039480362614088,1825.763356167823
True,single_affine_h2048,49,single_affine,imagenetr50-frontier-adaptation-epoch-v1,2.7132480338607965,,2048,118335,5.541727129982058e-06,3.3250362779892346e-07,1862,4a8c63f9ec7d2e69ebfe857446313ce78244bb17c5eca6c02a36cf1e96c08e2f,ee5e71f14e51a26652e07818e44fe7401862f9cdf57d38dfcfa2d790f0a957fd,imagenetr50-frontier-adaptation-epoch-v1,48,97.51552795031056,0.11079595024788108,71.17087569694982,3049,1.7027481319318643,1863.7788919731975
True,single_affine_h2048,50,single_affine,imagenetr50-frontier-adaptation-epoch-v1,2.6900682610116506,,2048,120750,5e-06,3.0000000000000004e-07,1900,ee5e71f14e51a26652e07818e44fe7401862f9cdf57d38dfcfa2d790f0a957fd,a9b9b4c49b8476450310d96736778fd7c03a0d15852435a09867847030579a6b,imagenetr50-frontier-adaptation-epoch-v1,49,97.4327122153209,0.1116901247150903,70.90849458838963,3049,1.7041518279238583,1901.6708256714046
,clean_joint_iid,1,joint_iid_rank80,imagenetr50-clean-joint-epoch-v1,,0.01,2048,2415,0.0005,,38,0000000000000000000000000000000000000000000000000000000000000000,119df12609b1cc7cd95e9e7263e12bbe23452755d81dbbbd9888a82c2d908808,imagenetr50-clean-joint-epoch-v1,0,22.939958592132506,4.0150701923646785,43.78484749098065,3049,2.686793111198728,8.49961743876338
,clean_joint_iid,2,joint_iid_rank80,imagenetr50-clean-joint-epoch-v1,,0.01,2048,4830,0.0005,,76,119df12609b1cc7cd95e9e7263e12bbe23452755d81dbbbd9888a82c2d908808,a8e874846b77e488a06cf8e333a52ab355c70f35e59f2ed4470c57f8f20d402f,imagenetr50-clean-joint-epoch-v1,1,62.939958592132506,1.630690241797864,56.77271236470974,3049,1.9517827420283163,16.892079895362258
,clean_joint_iid,3,joint_iid_rank80,imagenetr50-clean-joint-epoch-v1,,0.01,2048,7245,0.0005,,114,a8e874846b77e488a06cf8e333a52ab355c70f35e59f2ed4470c57f8f20d402f,17c303ab0f72b5873cbc581ef8f4a445edfe2132d67a2fd787ed2f6f9f716416,imagenetr50-clean-joint-epoch-v1,2,77.14285714285714,0.9661072572319157,59.65890455887176,3049,1.816135785586719,25.480892753228545
,clean_joint_iid,4,joint_iid_rank80,imagenetr50-clean-joint-epoch-v1,,0.01,2048,9660,0.0005,,152,17c303ab0f72b5873cbc581ef8f4a445edfe2132d67a2fd787ed2f6f9f716416,39a3bf80f8e3e62b31aee4861e5774b0fdcf9398141c61cd44a20e576064e89d,imagenetr50-clean-joint-epoch-v1,3,83.51966873706004,0.6851689007711707,59.462118727451625,3049,1.8717624693082644,33.95949065499008
,clean_joint_iid,5,joint_iid_rank80,imagenetr50-clean-joint-epoch-v1,,0.01,2048,12075,0.0005,,190,39a3bf80f8e3e62b31aee4861e5774b0fdcf9398141c61cd44a20e576064e89d,2219abaeeca789855b8d8f4b25c7d17b7fff5d088705e3ccaf2a3d7b8312bf5b,imagenetr50-clean-joint-epoch-v1,4,88.03312629399586,0.48752404967203394,60.511643161692355,3049,1.8930149472475286,42.88825825415552
True,single_affine_h4096,1,single_affine,imagenetr50-frontier-adaptation-epoch-v1,9.380078329358781,,4096,4463,0.0002,1.2e-05,70,0000000000000000000000000000000000000000000000000000000000000000,c8978e9494e36146654848efa690d85297cd68e0cdfd2b8a2dc6ab175d1aeba9,imagenetr50-frontier-adaptation-epoch-v1,0,72.23840466054223,1.155683396510578,72.25319776976058,3049,1.224533003484589,59.154992589727044
True,single_affine_h4096,2,single_affine,imagenetr50-frontier-adaptation-epoch-v1,7.71858903339931,,4096,8926,0.0004,2.4e-05,140,c8978e9494e36146654848efa690d85297cd68e0cdfd2b8a2dc6ab175d1aeba9,1354429412095fd39affb86b95d5114aaab9a0f01885e4657b2cdd507bce2667,imagenetr50-frontier-adaptation-epoch-v1,1,76.20434685189335,0.9569217734023805,75.0081994096425,3049,1.0766751285301501,118.73929983563721
True,single_affine_h4096,3,single_affine,imagenetr50-frontier-adaptation-epoch-v1,7.022112791878836,,4096,13389,0.0004998722257368333,2.9992333544209993e-05,210,1354429412095fd39affb86b95d5114aaab9a0f01885e4657b2cdd507bce2667,7f13942169c2d7f8e9e3cd2abe27c757e1d1141b99d74f23624d42ee9034b68f,imagenetr50-frontier-adaptation-epoch-v1,2,81.71633430427963,0.7511786435875368,75.53296162676287,3049,1.088810551319016,178.29173477366567
True,single_affine_h4096,4,single_affine,imagenetr50-frontier-adaptation-epoch-v1,6.583638715744018,,4096,17852,0.0004988053521330485,2.992832112798291e-05,280,7f13942169c2d7f8e9e3cd2abe27c757e1d1141b99d74f23624d42ee9034b68f,9f1a2eb57e34ba60eed7da05971dcfb8d84ef3f7dee983077a3b6d9a90075676,imagenetr50-frontier-adaptation-epoch-v1,3,83.5088505489581,0.6828027992752831,75.99212856674319,3049,1.0585682019127045,237.56353799439967
True,single_affine_h4096,5,single_affine,imagenetr50-frontier-adaptation-epoch-v1,6.309200661523001,,4096,22315,0.0004966607999997861,2.9799647999987172e-05,350,9f1a2eb57e34ba60eed7da05971dcfb8d84ef3f7dee983077a3b6d9a90075676,d068fbfcb52f225f64e6bd92fd4a57121b90849f39c9225b7c5b68da8a297136,imagenetr50-frontier-adaptation-epoch-v1,4,85.99596683844948,0.5718868197065657,76.32010495244343,3049,1.1237736355089367,296.7547996491194
True,single_affine_h4096,6,single_affine,imagenetr50-frontier-adaptation-epoch-v1,6.0458245345524375,,4096,26778,0.0004934479525590076,2.960687715354046e-05,420,d068fbfcb52f225f64e6bd92fd4a57121b90849f39c9225b7c5b68da8a297136,e24dcc831b004692807c85475df719f32c2bcb404be201c07757065cc4a731ee,imagenetr50-frontier-adaptation-epoch-v1,5,87.58682500560161,0.5114211189941844,76.18891439816333,3049,1.0996857802959379,356.10549686290324
True,single_affine_h4096,7,single_affine,imagenetr50-frontier-adaptation-epoch-v1,5.415299701690674,,4096,31241,0.0004891808672263372,2.9350852033580227e-05,490,e24dcc831b004692807c85475df719f32c2bcb404be201c07757065cc4a731ee,6b4bf8393e2f66ee313765a9bcb6050d223e9a20cf12d5558ae7db1eea922ce2,imagenetr50-frontier-adaptation-epoch-v1,6,89.04324445440287,0.4598755252059468,76.74647425385372,3049,1.1195587841320445,415.5033377557993
True,single_affine_h4096,8,single_affine,imagenetr50-frontier-adaptation-epoch-v1,5.528514664513724,,4096,35704,0.0004838782141045827,2.903269284627496e-05,560,6b4bf8393e2f66ee313765a9bcb6050d223e9a20cf12d5558ae7db1eea922ce2,08f107b8a59d1eab7280100a8c19d3c0fa7aed504f276c5aaf60603195211309,imagenetr50-frontier-adaptation-epoch-v1,7,89.51377996863097,0.4188034342672428,76.22171203673335,3049,1.203825459241007,475.56814308837056
True,single_affine_h4096,9,single_affine,imagenetr50-frontier-adaptation-epoch-v1,5.2555009535380774,,4096,40167,0.00047756319429501575,2.8653791657700947e-05,630,08f107b8a59d1eab7280100a8c19d3c0fa7aed504f276c5aaf60603195211309,81176bc01866c79c94ba670ee9e4780bf4bbe482341381647e18aed0cc4afd70,imagenetr50-frontier-adaptation-epoch-v1,8,90.073941295093,0.401695222831109,75.79534273532306,3049,1.2212141905897522,535.0135937016457
True,single_affine_h4096,10,single_affine,imagenetr50-frontier-adaptation-epoch-v1,5.156946499007089,,4096,44630,0.0004702634383838299,2.8215806303029792e-05,700,81176bc01866c79c94ba670ee9e4780bf4bbe482341381647e18aed0cc4afd70,0e8632d7043751829aa014207febc63a9af722cc9a4a1bf1e7ae497b79725c2e,imagenetr50-frontier-adaptation-epoch-v1,9,90.79094779296437,0.3858989366842924,75.86093801246311,3049,1.2311444105809537,594.3764838576317
True,single_affine_h4096,11,single_affine,imagenetr50-frontier-adaptation-epoch-v1,5.137194241796221,,4096,49093,0.00046201088554793604,2.772065313287616e-05,770,0e8632d7043751829aa014207febc63a9af722cc9a4a1bf1e7ae497b79725c2e,9689decb694d78c37bb2ec035ab841b5f02355fa643060451a70dfb77ffd41c0,imagenetr50-frontier-adaptation-epoch-v1,10,90.94779296437373,0.378846743970662,75.36897343391276,3049,1.2596701912584365,653.748100342229
True,single_affine_h4096,12,single_affine,imagenetr50-frontier-adaptation-epoch-v1,5.07882593699864,,4096,53556,0.00045284164380905435,2.717049862854326e-05,840,9689decb694d78c37bb2ec035ab841b5f02355fa643060451a70dfb77ffd41c0,fe4cb96c7c1623f57b5769d7e0c8039b170b3b93977e84dae5334818b27cd165,imagenetr50-frontier-adaptation-epoch-v1,11,90.47725745014564,0.38398128252458924,76.32010495244343,3049,1.1983648721176352,713.0927055738866
True,single_affine_h4096,13,single_affine,imagenetr50-frontier-adaptation-epoch-v1,5.059314119815826,,4096,58019,0.00044279583204754214,2.656774992285253e-05,910,fe4cb96c7c1623f57b5769d7e0c8039b170b3b93977e84dae5334818b27cd165,ea805a5858b27a08f4a370d8e94fd309fdfe586bdaacb3e7cd289ba7b8933be8,imagenetr50-frontier-adaptation-epoch-v1,12,91.23907685413398,0.3702737524881775,74.84421121679239,3049,1.2625272531281069,772.9268331676722
True,single_affine_h4096,14,single_affine,imagenetr50-frontier-adaptation-epoch-v1,4.63222370147705,,4096,62482,0.00043191740446720715,2.591504426803243e-05,980,ea805a5858b27a08f4a370d8e94fd309fdfe586bdaacb3e7cd289ba7b8933be8,39d07eb0a980964cc9403d01fffe8a6ce0e2e65312928cecf1ad5c2f2bae1225,imagenetr50-frontier-adaptation-epoch-v1,13,92.49383822540892,0.31848877821966537,75.66415218104297,3049,1.283469715912876,832.4729076251388
True,single_affine_h4096,15,single_affine,imagenetr50-frontier-adaptation-epoch-v1,4.617624602999006,,4096,66945,0.0004202539582791381,2.5215237496748286e-05,1050,39d07eb0a980964cc9403d01fffe8a6ce0e2e65312928cecf1ad5c2f2bae1225,72e339c0722e47a71233f0c8d58b026942f9a83701c737521821503dc538e065,imagenetr50-frontier-adaptation-epoch-v1,14,92.74030920905221,0.2960171532849947,74.61462774680223,3049,1.3188230903002425,891.9848051480949
True,single_affine_h4096,16,single_affine,imagenetr50-frontier-adaptation-epoch-v1,4.532982313632965,,4096,71408,0.00040785652544600946,2.447139152676057e-05,1120,72e339c0722e47a71233f0c8d58b026942f9a83701c737521821503dc538e065,2881edea9b478ebc8b74d4f4af7c91e5be616077b160e7f98b7f5befc52ac769,imagenetr50-frontier-adaptation-epoch-v1,15,92.91956083352005,0.28283672591322023,73.69629386684159,3049,1.3530937637724458,951.4422729108483
True,single_affine_h4096,17,single_affine,imagenetr50-frontier-adaptation-epoch-v1,4.360097932815552,,4096,75871,0.0003947793493980565,2.368676096388339e-05,1190,2881edea9b478ebc8b74d4f4af7c91e5be616077b160e7f98b7f5befc52ac769,c0fe1af04fe1b282b2a37d1d3c8fa0348aafe75263aebd15bdb8d78cf172c042,imagenetr50-frontier-adaptation-epoch-v1,16,93.16603181716334,0.28544957216294015,73.8602820596917,3049,1.356689479398743,1011.0152900461107
True,single_affine_h4096,18,single_affine,imagenetr50-frontier-adaptation-epoch-v1,4.439124403681074,,4096,80334,0.0003810796476976705,2.286477886186023e-05,1260,c0fe1af04fe1b282b2a37d1d3c8fa0348aafe75263aebd15bdb8d78cf172c042,127502178f03919cd606e3c4492472274ebc8fb1fe49a31b88712c1fecc90ddf,imagenetr50-frontier-adaptation-epoch-v1,17,92.85234147434461,0.28630132849323836,73.36831748114136,3049,1.4180365637819585,1070.5634603034705
True,single_affine_h4096,19,single_affine,imagenetr50-frontier-adaptation-epoch-v1,4.539538870538984,,4096,84797,0.00036681736169105023,2.2009041701463015e-05,1330,127502178f03919cd606e3c4492472274ebc8fb1fe49a31b88712c1fecc90ddf,eb36bc0015336aa0db6f773f93d79e6fbe504372de54f3baabdeb3355dd554e2,imagenetr50-frontier-adaptation-epoch-v1,18,92.89715438046157,0.28019943505478845,74.22105608396195,3049,1.3567681592501513,1130.1371844094247
True,single_affine_h4096,20,single_affine,imagenetr50-frontier-adaptation-epoch-v1,4.423081612586975,,4096,89260,0.0003520548942422725,2.112329365453635e-05,1400,eb36bc0015336aa0db6f773f93d79e6fbe504372de54f3baabdeb3355dd554e2,8b7ac04da99d210599e1e199bb9fac6ccaf31eb6f7aa15cc5ab27503c497b5dc,imagenetr50-frontier-adaptation-epoch-v1,19,93.36768989468968,0.25991062430985007,74.286651361102,3049,1.4159695758863369,1189.6398585550487
True,single_affine_h4096,21,single_affine,imagenetr50-frontier-adaptation-epoch-v1,4.271885854857309,,4096,93723,0.0003368568366972985,2.021141020183791e-05,1470,8b7ac04da99d210599e1e199bb9fac6ccaf31eb6f7aa15cc5ab27503c497b5dc,d448f3c1f1e179c86eb4f8e55a4615b797de7c857c59d54e91b4302339751861,imagenetr50-frontier-adaptation-epoch-v1,20,93.74859959668385,0.2591181426953233,73.89307969826173,3049,1.385616472643999,1249.1200175769627
True,single_affine_h4096,22,single_affine,imagenetr50-frontier-adaptation-epoch-v1,4.140699311665126,,4096,98186,0.00032128968627254725,1.9277381176352833e-05,1540,d448f3c1f1e179c86eb4f8e55a4615b797de7c857c59d54e91b4302339751861,d60d5c3b3e7e71fccaa3fe7b66a4fbbc505d51ef2d1c69022877ce272c81cca9,imagenetr50-frontier-adaptation-epoch-v1,21,94.37598028232131,0.2223408090248253,74.1554608068219,3049,1.4339684260872865,1308.6416511051357
True,single_affine_h4096,23,single_affine,imagenetr50-frontier-adaptation-epoch-v1,3.95909327013152,,4096,102649,0.00030542155510457044,1.8325293306274225e-05,1610,d60d5c3b3e7e71fccaa3fe7b66a4fbbc505d51ef2d1c69022877ce272c81cca9,09fe0aeb80249ed0f7248ff6a2757afb607f8a3d69dd0bf81b91f0e17d9edfd3,imagenetr50-frontier-adaptation-epoch-v1,22,94.89132870266637,0.22045829756602348,74.12266316825189,3049,1.3803200313559358,1368.1303389780223
True,single_affine_h4096,24,single_affine,imagenetr50-frontier-adaptation-epoch-v1,4.04513754589217,,4096,107112,0.000289321872233844,1.735931233403064e-05,1680,09fe0aeb80249ed0f7248ff6a2757afb607f8a3d69dd0bf81b91f0e17d9edfd3,dc7207979f7684c0eb973e0dabb82e9a57c2ef8118224ab83771dc3578351a67,imagenetr50-frontier-adaptation-epoch-v1,23,94.68967062514004,0.22599813696677284,73.69629386684159,3049,1.4752050195220416,1427.3478404656053
True,single_affine_h4096,25,single_affine,imagenetr50-frontier-adaptation-epoch-v1,3.9111365284238544,,4096,111575,0.0002730610798266095,1.6383664789596573e-05,1750,dc7207979f7684c0eb973e0dabb82e9a57c2ef8118224ab83771dc3578351a67,d4f2204d733620f3954ef1e70dfd00fd06f892ced7b7df05376e233ecf6f4b58,imagenetr50-frontier-adaptation-epoch-v1,24,94.68967062514004,0.22490905796549338,73.92587733683175,3049,1.433810796140256,1486.948455978185
True,single_affine_h4096,26,single_affine,imagenetr50-frontier-adaptation-epoch-v1,3.804182997771672,,4096,116038,0.0002567103249639104,1.5402619497834625e-05,1820,d4f2204d733620f3954ef1e70dfd00fd06f892ced7b7df05376e233ecf6f4b58,8cd19e044f86193fb462280b63708be212f50aa55876dab23b30bbdfd430789f,imagenetr50-frontier-adaptation-epoch-v1,25,95.09298678019269,0.20709850599539806,73.82748442112168,3049,1.4213784650412886,1546.4478341005743
True,single_affine_h4096,27,single_affine,imagenetr50-frontier-adaptation-epoch-v1,3.842768804516111,,4096,120501,0.00024034114834635919,1.4420468900781551e-05,1890,8cd19e044f86193fb462280b63708be212f50aa55876dab23b30bbdfd430789f,83f7e0ab5a6afec04ea6f2d38744599050e47f433775bc5e3ab715f247e9a118,imagenetr50-frontier-adaptation-epoch-v1,26,95.04817387407573,0.20753018743329965,74.08986552968186,3049,1.4070372364097987,1605.8040421232581
True,single_affine_h4096,28,single_affine,imagenetr50-frontier-adaptation-epoch-v1,3.653806791135243,,4096,124964,0.00022402517127667306,1.3441510276600383e-05,1960,83f7e0ab5a6afec04ea6f2d38744599050e47f433775bc5e3ab715f247e9a118,d5bfae18b9392952a322fbc69f98a06b3e3aea46b62a2edf41f25af9e7371400,imagenetr50-frontier-adaptation-epoch-v1,27,95.18261259242662,0.18268101348381205,73.8602820596917,3049,1.4546354774882966,1665.186687361449
True,single_affine_h4096,29,single_affine,imagenetr50-frontier-adaptation-epoch-v1,3.6595569878816603,,4096,129427,0.00020783378228954346,1.2470026937372608e-05,2030,d5bfae18b9392952a322fbc69f98a06b3e3aea46b62a2edf41f25af9e7371400,d12166edc7590902ee422d121d67039cc759e3824443322d8844f6b8247bb298,imagenetr50-frontier-adaptation-epoch-v1,28,95.74277391888864,0.18076632692224637,73.89307969826173,3049,1.4870819261950639,1724.695313172415
True,single_affine_h4096,30,single_affine,imagenetr50-frontier-adaptation-epoch-v1,3.769033266391073,,4096,133890,0.00019183782479995423,1.1510269487997254e-05,2100,d12166edc7590902ee422d121d67039cc759e3824443322d8844f6b8247bb298,497875b89343b9d96ddcdb2fd13107fd06991654c27da0be6707822063c8bb1a,imagenetr50-frontier-adaptation-epoch-v1,29,95.29464485771902,0.18504831856632084,74.38504427681207,3049,1.4640267154121838,1783.821676665917
True,single_affine_h4096,31,single_affine,imagenetr50-frontier-adaptation-epoch-v1,3.7279230415821076,,4096,138353,0.00017610728713660236,1.0566437228196142e-05,2170,497875b89343b9d96ddcdb2fd13107fd06991654c27da0be6707822063c8bb1a,c18b0764119f44d5bf269f9d6b8c42896ad752693ec85e9b323d19ff91fa38f4,imagenetr50-frontier-adaptation-epoch-v1,30,95.76518037194712,0.18327027862445405,74.286651361102,3049,1.4499430708042245,1843.0657905917615
True,single_affine_h4096,32,single_affine,imagenetr50-frontier-adaptation-epoch-v1,3.551379739386695,,4096,142816,0.00016071099631664407,9.642659778998644e-06,2240,c18b0764119f44d5bf269f9d6b8c42896ad752693ec85e9b323d19ff91fa38f4,47cf973e4cafbe1a4afa358ce9cad99e1583b82a62d6537d3542058d3d1d8c4d,imagenetr50-frontier-adaptation-epoch-v1,31,95.94443199641496,0.16721499698086756,74.54903246966218,3049,1.4361178597374875,1902.793422030285
True,single_affine_h4096,33,single_affine,imagenetr50-frontier-adaptation-epoch-v1,3.290264596257891,,4096,147279,0.00014571631690161503,8.742979014096902e-06,2310,47cf973e4cafbe1a4afa358ce9cad99e1583b82a62d6537d3542058d3d1d8c4d,b633dbddd75db5f12b0c684abf725f6ddba64bb546d0227eb505246388a150a5,imagenetr50-frontier-adaptation-epoch-v1,32,96.43737396370155,0.1514430019905181,74.38504427681207,3049,1.449724550832096,1962.4727797117084
True,single_affine_h4096,34,single_affine,imagenetr50-frontier-adaptation-epoch-v1,3.314802642379488,,4096,151742,0.00013118885625214283,7.87133137512857e-06,2380,b633dbddd75db5f12b0c684abf725f6ddba64bb546d0227eb505246388a150a5,15970457619a38a693e98dead70ed6283218c6ba436f684102a60d7b61ce4f3e,imagenetr50-frontier-adaptation-epoch-v1,33,96.4821868698185,0.1366768367563479,74.90980649393244,3049,1.4652655837026805,2022.0116984769702
True,single_affine_h4096,35,single_affine,imagenetr50-frontier-adaptation-epoch-v1,3.519231045246124,,4096,156205,0.00011719217747107611,7.031530648264566e-06,2450,15970457619a38a693e98dead70ed6283218c6ba436f684102a60d7b61ce4f3e,b9269541a6c064a2a1c217ab0b91b38988164d91f19ad7f7c5254ed0dd76a245,imagenetr50-frontier-adaptation-epoch-v1,34,96.16849652699977,0.15334799365561397,74.54903246966218,3049,1.4756035071273208,2081.576019188389
True,single_affine_h4096,36,single_affine,imagenetr50-frontier-adaptation-epoch-v1,3.1734840095043184,,4096,160668,0.00010378752129100843,6.227251277460506e-06,2520,b9269541a6c064a2a1c217ab0b91b38988164d91f19ad7f7c5254ed0dd76a245,0fa11c2023ccf73c01ca9bd952ee421fd23e3e2bff9818888c59c1ecb7492c93,imagenetr50-frontier-adaptation-epoch-v1,35,96.90790947792965,0.125134108046793,74.4178419153821,3049,1.4623123399153346,2141.511994268745
True,single_affine_h4096,37,single_affine,imagenetr50-frontier-adaptation-epoch-v1,3.723518931014197,,4096,165131,9.103353812304612e-05,5.462012287382767e-06,2590,0fa11c2023ccf73c01ca9bd952ee421fd23e3e2bff9818888c59c1ecb7492c93,6beb8f0a03544a3894ac02a1720c401a4adf3a95c6a034a9130be18907aae2d1,imagenetr50-frontier-adaptation-epoch-v1,36,95.80999327806408,0.16814437605408897,74.4178419153821,3049,1.4707583711748633,2200.7724185548723
True,single_affine_h4096,38,single_affine,imagenetr50-frontier-adaptation-epoch-v1,3.4764566472598486,,4096,169594,7.898603143920635e-05,4.739161886352381e-06,2660,6beb8f0a03544a3894ac02a1720c401a4adf3a95c6a034a9130be18907aae2d1,1e9967e3bd9950d6ec096dcf89145561e1eaa1d9d251b4b1f400ffa074718a3a,imagenetr50-frontier-adaptation-epoch-v1,37,95.83239973112256,0.15267545549746134,74.71302066251229,3049,1.454917096982201,2260.294260647148
True,single_affine_h4096,39,single_affine,imagenetr50-frontier-adaptation-epoch-v1,3.37586684014116,,4096,174057,6.769771361124422e-05,4.061862816674653e-06,2730,1e9967e3bd9950d6ec096dcf89145561e1eaa1d9d251b4b1f400ffa074718a3a,4868f60b575c96d40b1c06f34ce328e4f482a683629e770af70ed964b1df1695,imagenetr50-frontier-adaptation-epoch-v1,38,96.39256105758459,0.14562701286821922,74.4178419153821,3049,1.4651801264766944,2320.025496041402
True,single_affine_h4096,40,single_affine,imagenetr50-frontier-adaptation-epoch-v1,3.3000963926315308,,4096,178520,5.721797527420586e-05,3.4330785164523514e-06,2800,4868f60b575c96d40b1c06f34ce328e4f482a683629e770af70ed964b1df1695,6c17e5508156c075995de39c298518b0edf64264277b0501a87c858fe0e256f7,imagenetr50-frontier-adaptation-epoch-v1,39,96.4821868698185,0.14443979238197724,74.90980649393244,3049,1.4443471538860237,2379.3596966397017
True,single_affine_h4096,41,single_affine,imagenetr50-frontier-adaptation-epoch-v1,3.2681918088878903,,4096,182983,4.759266922382874e-05,2.8555601534297244e-06,2870,6c17e5508156c075995de39c298518b0edf64264277b0501a87c858fe0e256f7,d68678201afacfbd1a896c3a236c084ed6536c04b40297542da35c91571bade6,imagenetr50-frontier-adaptation-epoch-v1,40,96.3701546045261,0.1465711637700376,74.286651361102,3049,1.4646762048427924,2438.6552271544933
True,single_affine_h4096,42,single_affine,imagenetr50-frontier-adaptation-epoch-v1,3.0943823254534175,,4096,187446,3.886390979331856e-05,2.3318345875991137e-06,2940,d68678201afacfbd1a896c3a236c084ed6536c04b40297542da35c91571bade6,8cb3600dcdb7f401f8f822aa1b92a8e76e2530e8330cdf6ed7bd43d5b621b66b,imagenetr50-frontier-adaptation-epoch-v1,41,96.70625140040332,0.13292863906938987,74.31944899967202,3049,1.4657055425346777,2498.410053839907
True,single_affine_h4096,43,single_affine,imagenetr50-frontier-adaptation-epoch-v1,3.249565233077322,,4096,191909,3.1069888587306814e-05,1.8641933152384087e-06,3010,8cb3600dcdb7f401f8f822aa1b92a8e76e2530e8330cdf6ed7bd43d5b621b66b,10a59091cf76a038336b81febbbd6a404ff0320725736f40f0bf8c32087639fe,imagenetr50-frontier-adaptation-epoch-v1,42,96.50459332287699,0.139332632299445,74.35224663824205,3049,1.4706284625290182,2557.920426417142
True,single_affine_h4096,44,single_affine,imagenetr50-frontier-adaptation-epoch-v1,2.918957264934267,,4096,196372,2.4244707379219345e-05,1.4546824427531606e-06,3080,10a59091cf76a038336b81febbbd6a404ff0320725736f40f0bf8c32087639fe,0b293b30bc14d9c830d1edd2d66d5ce26a05fda1a32c99e09074e015a741af7d,imagenetr50-frontier-adaptation-epoch-v1,43,96.86309657181268,0.13047896119582927,74.05706789111184,3049,1.4753315838957348,2617.3916492015123
True,single_affine_h4096,45,single_affine,imagenetr50-frontier-adaptation-epoch-v1,3.1993204636233195,,4096,200835,1.8418228903194958e-05,1.1050937341916975e-06,3150,0b293b30bc14d9c830d1edd2d66d5ce26a05fda1a32c99e09074e015a741af7d,9dae4a1d7aa222f519961ee3d34835bed03b8a5e835ea27fc6a917c42608f9a3,imagenetr50-frontier-adaptation-epoch-v1,44,96.6166255881694,0.13217273288421666,74.05706789111184,3049,1.476954565551798,2676.8013132382184
True,single_affine_h4096,46,single_affine,imagenetr50-frontier-adaptation-epoch-v1,3.283944818803242,,4096,205298,1.3615946193395273e-05,8.169567716037163e-07,3220,9dae4a1d7aa222f519961ee3d34835bed03b8a5e835ea27fc6a917c42608f9a3,3b8f643ec07ec07c06fa354417ed65c80866ad7ba5ef61d67e37dd04fa7fc9c8,imagenetr50-frontier-adaptation-epoch-v1,45,96.59421913511092,0.14943075695567778,74.02427025254181,3049,1.4797349681460141,2736.2547116559
True,single_affine_h4096,47,single_affine,imagenetr50-frontier-adaptation-epoch-v1,3.228743635756629,,4096,209761,9.858871042393959e-06,5.915322625436375e-07,3290,3b8f643ec07ec07c06fa354417ed65c80866ad7ba5ef61d67e37dd04fa7fc9c8,9f7340f4207ee42ecd8534125108fded81569781219ec4196fcb8d5e73618b7d,imagenetr50-frontier-adaptation-epoch-v1,46,96.77347075957876,0.12809902241271146,73.9914726139718,3049,1.4845850460644274,2795.5631727464497
True,single_affine_h4096,48,single_affine,imagenetr50-frontier-adaptation-epoch-v1,3.0210158019193583,,4096,214224,7.1634420666839704e-06,4.298065240010382e-07,3360,9f7340f4207ee42ecd8534125108fded81569781219ec4196fcb8d5e73618b7d,a87f987c1ae754bd69fa7fb0c113ec70aa2723cfeb1e6a06cea4745b834b7cc6,imagenetr50-frontier-adaptation-epoch-v1,47,97.04234819628053,0.12248437056860902,73.92587733683175,3049,1.4797368485953386,2854.831121796742
True,single_affine_h4096,49,single_affine,imagenetr50-frontier-adaptation-epoch-v1,3.0722063625497475,,4096,218687,5.541452781549079e-06,3.324871668929447e-07,3430,a87f987c1ae754bd69fa7fb0c113ec70aa2723cfeb1e6a06cea4745b834b7cc6,24b3d5821112a8cce7e282577407c34302aca9dc9edf33e485e16220b4065f4f,imagenetr50-frontier-adaptation-epoch-v1,48,96.93031593098813,0.1261739277022317,73.89307969826173,3049,1.481904544999225,2914.1515972092748
True,single_affine_h4096,50,single_affine,imagenetr50-frontier-adaptation-epoch-v1,3.0036502425159726,,4096,223150,5e-06,3.0000000000000004e-07,3500,24b3d5821112a8cce7e282577407c34302aca9dc9edf33e485e16220b4065f4f,6eef291cc65cebeb15cc6ec5dfaffaff5740c632ed3b376aa03f067b288ef583,imagenetr50-frontier-adaptation-epoch-v1,49,96.88550302487117,0.12525643243026818,73.92587733683175,3049,1.481012979309142,2973.732457149774
,clean_joint_iid,1,joint_iid_rank80,imagenetr50-clean-joint-epoch-v1,,0.01,4096,4463,0.0005,,70,0000000000000000000000000000000000000000000000000000000000000000,b9aeb539d4302318a229242fc0b37268ce5a5b3ece04549ce81775f47e7b7aeb,imagenetr50-clean-joint-epoch-v1,0,32.5117633878557,3.3133456836012805,61.46277468022302,3049,1.6667608084073415,12.019686279818416
,clean_joint_iid,2,joint_iid_rank80,imagenetr50-clean-joint-epoch-v1,,0.01,4096,8926,0.0005,,140,b9aeb539d4302318a229242fc0b37268ce5a5b3ece04549ce81775f47e7b7aeb,030c43b87aea14ab7ab463cbe4fc5143d002368710158d0c6d2febb5ac11feed,imagenetr50-clean-joint-epoch-v1,1,68.0708043916648,1.3535255793095597,68.97343391275828,3049,1.3314619630467661,23.878022979944944
,clean_joint_iid,3,joint_iid_rank80,imagenetr50-clean-joint-epoch-v1,,0.01,4096,13389,0.0005,,210,030c43b87aea14ab7ab463cbe4fc5143d002368710158d0c6d2febb5ac11feed,42d330022b4a952514b43c3a3a3555f2bfb229fbb493ce9cde8a347016bb1151,imagenetr50-clean-joint-epoch-v1,2,78.42258570468294,0.9154968060588131,69.39980321416859,3049,1.3154981468653593,35.803117878735065
,clean_joint_iid,4,joint_iid_rank80,imagenetr50-clean-joint-epoch-v1,,0.01,4096,17852,0.0005,,280,42d330022b4a952514b43c3a3a3555f2bfb229fbb493ce9cde8a347016bb1151,013bac458b6000b139a4bfce8c14906103619b279ddb1795d9d17b9cf632187d,imagenetr50-clean-joint-epoch-v1,3,82.4557472552095,0.7066478599568212,70.90849458838963,3049,1.3110629513678922,47.835049379616976
,clean_joint_iid,5,joint_iid_rank80,imagenetr50-clean-joint-epoch-v1,,0.01,4096,22315,0.0005,,350,013bac458b6000b139a4bfce8c14906103619b279ddb1795d9d17b9cf632187d,a03fefff4ebe650de816e8d80ec28a723fd6b8f6fdd17f2a251283d60bcd57df,imagenetr50-clean-joint-epoch-v1,4,84.47232803047278,0.6076431316082557,70.54772056411939,3049,1.3572460035685048,59.71652618795633
True,single_affine_h8192,1,single_affine,imagenetr50-frontier-adaptation-epoch-v1,8.918005000299482,,8192,8559,0.0002,1.2e-05,134,0000000000000000000000000000000000000000000000000000000000000000,45dd1e34830217bbfdc7c16ea4456e2c16a2b72e2ab25184a49ba6efee9c702f,imagenetr50-frontier-adaptation-epoch-v1,0,73.19780348171516,1.1013331198778675,74.4178419153821,3049,1.1032868845418227,101.5548241622746
True,single_affine_h8192,2,single_affine,imagenetr50-frontier-adaptation-epoch-v1,7.341146227139146,,8192,17118,0.0004,2.4e-05,268,45dd1e34830217bbfdc7c16ea4456e2c16a2b72e2ab25184a49ba6efee9c702f,5b11f4676d21b5e8a763f866b0a60b1d8be5eeacb6d21c5e93ad1b7870282da7,imagenetr50-frontier-adaptation-epoch-v1,1,77.18191377497371,0.9081834747852852,76.87766480813382,3049,1.0016938619591753,203.40653923898935
True,single_affine_h8192,3,single_affine,imagenetr50-frontier-adaptation-epoch-v1,7.071755768647835,,8192,25677,0.0004998686487941308,2.9992118927647847e-05,402,5b11f4676d21b5e8a763f866b0a60b1d8be5eeacb6d21c5e93ad1b7870282da7,3ab70cfa3648cd061866bfac04649988148675687ceceef447bf2e3c3f21594e,imagenetr50-frontier-adaptation-epoch-v1,2,80.52342563383573,0.7909643021904569,77.27123647097409,3049,0.9773402065478531,305.67930076271296
True,single_affine_h8192,4,single_affine,imagenetr50-frontier-adaptation-epoch-v1,6.456265680825532,,8192,34236,0.000498794709329527,2.992768255977162e-05,536,3ab70cfa3648cd061866bfac04649988148675687ceceef447bf2e3c3f21594e,69171652eeb4c73b6b7db2f6fab2acf2144978fffc1630a37572e20a4ba0264e,imagenetr50-frontier-adaptation-epoch-v1,3,83.5261128636523,0.6659133649064581,78.02558215808462,3049,1.0181238056206632,407.89016124792397
True,single_affine_h8192,5,single_affine,imagenetr50-frontier-adaptation-epoch-v1,6.196215419626948,,8192,42795,0.000496643447403116,2.979860684418696e-05,670,69171652eeb4c73b6b7db2f6fab2acf2144978fffc1630a37572e20a4ba0264e,ad019c0fa9d457632bbf882ca0521b2d82af2fe8468bcb3f4647143a7a598c27,imagenetr50-frontier-adaptation-epoch-v1,4,84.83467694824162,0.6042770029632465,78.94391603804526,3049,0.973694582069925,510.12030732259154
True,single_affine_h8192,6,single_affine,imagenetr50-frontier-adaptation-epoch-v1,5.822168129593579,,8192,51354,0.0004934242728913865,2.960545637348319e-05,804,ad019c0fa9d457632bbf882ca0521b2d82af2fe8468bcb3f4647143a7a598c27,a91cd524bc77762aea80aef288ead03db9ef9c74d3a5f0572c37d6445c649e55,imagenetr50-frontier-adaptation-epoch-v1,5,86.7975230751256,0.5447049113631401,78.22236798950476,3049,1.0344560472407704,612.6866504177451
True,single_affine_h8192,7,single_affine,imagenetr50-frontier-adaptation-epoch-v1,5.6826927750857905,,8192,59913,0.0004891512668479646,2.9349076010877876e-05,938,a91cd524bc77762aea80aef288ead03db9ef9c74d3a5f0572c37d6445c649e55,ecfead8519ff3186295989206c484e5c0592f5f99edf75644f2b24a5498c464f,imagenetr50-frontier-adaptation-epoch-v1,6,87.68547727538264,0.5164038749175145,78.02558215808462,3049,1.0278805751181228,715.5109233427793
True,single_affine_h8192,8,single_affine,imagenetr50-frontier-adaptation-epoch-v1,5.612408283931106,,8192,68472,0.0004838431199114052,2.9030587194684313e-05,1072,ecfead8519ff3186295989206c484e5c0592f5f99edf75644f2b24a5498c464f,c28587ec358684b4d1fe5ca5fa2dd1cbb0abe73006cc3d71f96eabb4da353dce,imagenetr50-frontier-adaptation-epoch-v1,7,88.31639210188106,0.4812067487359897,77.92718924237455,3049,1.053178241112929,817.7383863143623
True,single_affine_h8192,9,single_affine,imagenetr50-frontier-adaptation-epoch-v1,5.348542590639484,,8192,77031,0.00047752305055010695,2.865138303300642e-05,1206,c28587ec358684b4d1fe5ca5fa2dd1cbb0abe73006cc3d71f96eabb4da353dce,fa3ae6bdc2cd2f867597add49d1bcdfcb1ed7d51881153472a938bfc7425f2ca,imagenetr50-frontier-adaptation-epoch-v1,8,88.74868559411146,0.4587447219591913,77.63201049524434,3049,1.087988482181578,920.146497277543
True,single_affine_h8192,10,single_affine,imagenetr50-frontier-adaptation-epoch-v1,5.264954090118408,,8192,85590,0.0004702187035019598,2.821312221011759e-05,1340,fa3ae6bdc2cd2f867597add49d1bcdfcb1ed7d51881153472a938bfc7425f2ca,83bc82c7bff4ea7e0a2997cd67a889961f83e3c13f7c233955bbc1404b200693,imagenetr50-frontier-adaptation-epoch-v1,9,89.82357752073841,0.42482373129194734,77.76320104952444,3049,1.1408447635959664,1021.9369439501315
True,single_affine_h8192,11,single_affine,imagenetr50-frontier-adaptation-epoch-v1,5.143531167685096,,8192,94149,0.0004619620288529613,2.7717721731177676e-05,1474,83bc82c7bff4ea7e0a2997cd67a889961f83e3c13f7c233955bbc1404b200693,92b43d1198666a8892540fcf883acd9a331e5c794a70ba50d8288c78dbac0ce6,imagenetr50-frontier-adaptation-epoch-v1,10,89.7651594812478,0.41642673618117426,78.64873729091505,3049,1.0917209432570025,1124.2274746187031
True,single_affine_h8192,12,single_affine,imagenetr50-frontier-adaptation-epoch-v1,5.111651116342687,,8192,102708,0.00045278914228372586,2.7167348537023552e-05,1608,92b43d1198666a8892540fcf883acd9a331e5c794a70ba50d8288c78dbac0ce6,00cd8e83778310c7c750135621ab9126d5866fe389186c7e7d6fa0f7a924c67c,imagenetr50-frontier-adaptation-epoch-v1,11,90.1273513260895,0.39615751836522467,77.53361757953428,3049,1.1129673475826636,1226.3162566535175
True,single_affine_h8192,13,single_affine,imagenetr50-frontier-adaptation-epoch-v1,5.005859971046448,,8192,111267,0.00044274016709518665,2.65644100257112e-05,1742,00cd8e83778310c7c750135621ab9126d5866fe389186c7e7d6fa0f7a924c67c,161640e998963a68785473b1590e32a57ff9805e05e6b50f3600e0d01d59226b,imagenetr50-frontier-adaptation-epoch-v1,12,90.24418740507069,0.38608620860111714,77.82879632666447,3049,1.1446361723161986,1328.316511578858
True,single_affine_h8192,14,single_affine,imagenetr50-frontier-adaptation-epoch-v1,4.845201257449477,,8192,119826,0.000431859058704487,2.591154352226922e-05,1876,161640e998963a68785473b1590e32a57ff9805e05e6b50f3600e0d01d59226b,6a275c8b4b2f10712d12b296ecd1d561163849df7ee5ccc01049eedb95002004,imagenetr50-frontier-adaptation-epoch-v1,13,91.7280056081318,0.3422197599753081,76.74647425385372,3049,1.1515973254710816,1430.3876129426062
True,single_affine_h8192,15,single_affine,imagenetr50-frontier-adaptation-epoch-v1,4.874886950450157,,8192,128385,0.00042019341237873806,2.521160474272428e-05,2010,6a275c8b4b2f10712d12b296ecd1d561163849df7ee5ccc01049eedb95002004,6adb9a377ebe4412745333beaf2bacac5f3309800c688ed386fec40a45eda20b,imagenetr50-frontier-adaptation-epoch-v1,14,91.97336137399229,0.33173544065099075,77.89439160380452,3049,1.1601570094362874,1531.9476613830775
True,single_affine_h8192,16,single_affine,imagenetr50-frontier-adaptation-epoch-v1,4.778961916468036,,8192,136944,0.0004077942550476391,2.4467655302858348e-05,2144,6adb9a377ebe4412745333beaf2bacac5f3309800c688ed386fec40a45eda20b,9aec23b877b5fe739e905a7ab856fc18d2d3cbb5c48d01e9576ef10838afea8c,imagenetr50-frontier-adaptation-epoch-v1,15,91.7981072555205,0.33480395372677996,77.4352246638242,3049,1.2010541323483206,1633.4767703786492
True,single_affine_h8192,17,single_affine,imagenetr50-frontier-adaptation-epoch-v1,4.734049033762804,,8192,145503,0.0003947158221055948,2.368294932633569e-05,2278,9aec23b877b5fe739e905a7ab856fc18d2d3cbb5c48d01e9576ef10838afea8c,b083d5fa3fe9695c12e44385cc8301d65ae46ebac1b255c5e0e6972a587eaf87,imagenetr50-frontier-adaptation-epoch-v1,16,92.03177941348288,0.32227130158508277,76.2873073138734,3049,1.2339726301364016,1735.187665399164
True,single_affine_h8192,18,single_affine,imagenetr50-frontier-adaptation-epoch-v1,4.470843618485465,,8192,154062,0.0003810153201796255,2.286091921077753e-05,2412,b083d5fa3fe9695c12e44385cc8301d65ae46ebac1b255c5e0e6972a587eaf87,66f7dea26c53d00a59336812189fb1b84f05edbe456d21df787a0be16efd9b31,imagenetr50-frontier-adaptation-epoch-v1,17,92.75616310316626,0.30226930309809985,76.61528369957362,3049,1.2077538792756237,1837.361823450774
True,single_affine_h8192,19,single_affine,imagenetr50-frontier-adaptation-epoch-v1,4.495093985279994,,8192,162621,0.00036675267690075125,2.2005160614045074e-05,2546,66f7dea26c53d00a59336812189fb1b84f05edbe456d21df787a0be16efd9b31,764ec21f4e62f03454794721c9df6727d8f8499ea85dd291cd540957378595bb,imagenetr50-frontier-adaptation-epoch-v1,18,92.44070568991705,0.3098849203419722,77.07445063955396,3049,1.1831321428548551,1939.3408757541329
True,single_affine_h8192,20,single_affine,imagenetr50-frontier-adaptation-epoch-v1,4.583853041947777,,8192,171180,0.00035199027877337927,2.1119416726402754e-05,2680,764ec21f4e62f03454794721c9df6727d8f8499ea85dd291cd540957378595bb,566e59290d030fcd7d99e67ce98dbb2a7a5d580eb9492dd4d156b565a523ce93,imagenetr50-frontier-adaptation-epoch-v1,19,92.61595980838884,0.3018406548362453,77.23843883240407,3049,1.2230847409687187,2041.4699185192585
True,single_affine_h8192,21,single_affine,imagenetr50-frontier-adaptation-epoch-v1,4.298889329184347,,8192,179739,0.00033679269828928586,2.0207561897357153e-05,2814,566e59290d030fcd7d99e67ce98dbb2a7a5d580eb9492dd4d156b565a523ce93,e5172815e8e48fce6e3d9c2be5719977d209bdb1ce6e8a96d940aefef100b303,imagenetr50-frontier-adaptation-epoch-v1,20,93.41044514546091,0.2784895141041993,77.00885536241391,3049,1.2229283533943955,2143.5237328261137
True,single_affine_h8192,22,single_affine,imagenetr50-frontier-adaptation-epoch-v1,4.408572779662573,,8192,188298,0.0003212264114798291,1.9273584688789745e-05,2948,e5172815e8e48fce6e3d9c2be5719977d209bdb1ce6e8a96d940aefef100b303,6544e0c3515eafebcc37f9de806ed7826dfd37107e742d52fb432e204cb1d264,imagenetr50-frontier-adaptation-epoch-v1,21,93.17677298749854,0.27660316473302027,76.87766480813382,3049,1.2481745053369828,2245.942435864359
True,single_affine_h8192,23,single_affine,imagenetr50-frontier-adaptation-epoch-v1,4.079529276089882,,8192,196857,0.00030535950714185043,1.8321570428511026e-05,3082,6544e0c3515eafebcc37f9de806ed7826dfd37107e742d52fb432e204cb1d264,16888dc65843bee9ea256f2360c2935b44689160b3f59f2cc2986659161a791f,imagenetr50-frontier-adaptation-epoch-v1,22,94.14651244304241,0.24132711285115235,76.74647425385372,3049,1.2673739079531392,2348.1685649119318
True,single_affine_h8192,24,single_affine,imagenetr50-frontier-adaptation-epoch-v1,4.2600137133206895,,8192,205416,0.0002892613890091501,1.7355683340549008e-05,3216,16888dc65843bee9ea256f2360c2935b44689160b3f59f2cc2986659161a791f,04782e5bb0869e5ee92a9ee0a9c54a8f1e170bacb550cbc835f4df5ac7d67845,imagenetr50-frontier-adaptation-epoch-v1,23,93.94789110877439,0.25667567260912444,76.8448671695638,3049,1.2536067581051644,2450.620473589748
True,single_affine_h8192,25,single_affine,imagenetr50-frontier-adaptation-epoch-v1,3.889072290997007,,8192,213975,0.000273002472172269,1.6380148330336138e-05,3350,04782e5bb0869e5ee92a9ee0a9c54a8f1e170bacb550cbc835f4df5ac7d67845,026bab7445491be75e69112e15c6c5ce19b5cc52af6cd58d7230795438fed09f,imagenetr50-frontier-adaptation-epoch-v1,24,94.204930482533,0.23457040345505836,75.72974745818301,3049,1.320294666384118,2552.5400510225445
True,single_affine_h8192,26,single_affine,imagenetr50-frontier-adaptation-epoch-v1,3.9751418046097258,,8192,222534,0.0002566538750744764,1.5399232504468585e-05,3484,026bab7445491be75e69112e15c6c5ce19b5cc52af6cd58d7230795438fed09f,6919af7b93695ae7e21ee018a43388f9a67caf665686031408b20d1e0bc8fd35,imagenetr50-frontier-adaptation-epoch-v1,25,94.47365346418974,0.22209391698114142,76.5824860610036,3049,1.2981775458346199,2654.715365137905
True,single_affine_h8192,27,single_affine,imagenetr50-frontier-adaptation-epoch-v1,4.075402645255203,,8192,231093,0.00024028710843120943,1.4417226505872566e-05,3618,6919af7b93695ae7e21ee018a43388f9a67caf665686031408b20d1e0bc8fd35,75992e12f3eca9af0ed81a5297408567a42f9e0afe80a4c73da5fabd0b6784b4,imagenetr50-frontier-adaptation-epoch-v1,26,94.08809440355182,0.23988907724942737,76.61528369957362,3049,1.2628648369458513,2756.832872606814
True,single_affine_h8192,28,single_affine,imagenetr50-frontier-adaptation-epoch-v1,3.8130662761517424,,8192,239652,0.00022397376243366598,1.3438425746019959e-05,3752,75992e12f3eca9af0ed81a5297408567a42f9e0afe80a4c73da5fabd0b6784b4,2f6185692885110310f76b77d5d8ff3522ac68f3f8a178d094230f2f47576097,imagenetr50-frontier-adaptation-epoch-v1,27,94.80079448533708,0.21214604081081334,76.91046244670383,3049,1.2893022116225992,2859.284687286243
True,single_affine_h8192,29,single_affine,imagenetr50-frontier-adaptation-epoch-v1,3.7887543909140486,,8192,248211,0.00020778519360476218,1.246711161628573e-05,3886,2f6185692885110310f76b77d5d8ff3522ac68f3f8a178d094230f2f47576097,b566d21224a649b61c50544134720ebfd1194be6009411e5442821c313a59c1d,imagenetr50-frontier-adaptation-epoch-v1,28,95.24477158546559,0.19922435390906074,77.04165300098393,3049,1.2742584231017886,2961.3434024024755
True,single_affine_h8192,30,single_affine,imagenetr50-frontier-adaptation-epoch-v1,3.857123717443267,,8192,256770,0.00019179221267718224,1.1507532760630935e-05,4020,b566d21224a649b61c50544134720ebfd1194be6009411e5442821c313a59c1d,48a2aa696974f2d55768efae2a9e1413d1e0e0d1e7b46ff7cc0f7ca2393663e7,imagenetr50-frontier-adaptation-epoch-v1,29,95.0695174669938,0.2047120105553097,76.09052148245327,3049,1.2783085894060744,3063.230039982125
True,single_affine_h8192,31,single_affine,imagenetr50-frontier-adaptation-epoch-v1,3.70357267447372,,8192,265329,0.00017606477485878046,1.0563886491526828e-05,4154,48a2aa696974f2d55768efae2a9e1413d1e0e0d1e7b46ff7cc0f7ca2393663e7,fc1fb65896fe036ab7af574930df86e6fcca4684a85937511588f5c964bdffc6,imagenetr50-frontier-adaptation-epoch-v1,30,95.1279355064844,0.19546580270066805,76.35290259101345,3049,1.300089065736925,3165.2896760851145
True,single_affine_h8192,32,single_affine,imagenetr50-frontier-adaptation-epoch-v1,3.740951869914781,,8192,273888,0.0001606716738401503,9.640300430409018e-06,4288,fc1fb65896fe036ab7af574930df86e6fcca4684a85937511588f5c964bdffc6,1ac4c314b6d0b25c2f49e710cfd41f6227d61e4678140f4f8e72d21e149125c2,imagenetr50-frontier-adaptation-epoch-v1,31,95.4901273513261,0.18513821568050623,76.91046244670383,3049,1.27008207526978,3267.3334370348603
True,single_affine_h8192,33,single_affine,imagenetr50-frontier-adaptation-epoch-v1,3.573858374090337,,8192,282447,0.0001456802408828092,8.740814452968552e-06,4422,1ac4c314b6d0b25c2f49e710cfd41f6227d61e4678140f4f8e72d21e149125c2,79290e3a8bb16003470b71cd9f88b383223bbaef6968aace4421ed9180f47e05,imagenetr50-frontier-adaptation-epoch-v1,32,95.57191260661293,0.1838012685256523,76.87766480813382,3049,1.2463935434173155,3369.607357390225
True,single_affine_h8192,34,single_affine,imagenetr50-frontier-adaptation-epoch-v1,3.3724143666340343,,8192,291006,0.00013115605030422268,7.86936301825336e-06,4556,79290e3a8bb16003470b71cd9f88b383223bbaef6968aace4421ed9180f47e05,ad32984f23771094bee1af2d22ef06a78fd156571a74f0e875596ec7b1c01ac4,imagenetr50-frontier-adaptation-epoch-v1,33,95.9925224909452,0.1629589869048721,76.81206953099377,3049,1.2788146667380378,3472.0053652226925
True,single_affine_h8192,35,single_affine,imagenetr50-frontier-adaptation-epoch-v1,3.637898550104739,,8192,299565,0.00011716263264791083,7.02975795887465e-06,4690,ad32984f23771094bee1af2d22ef06a78fd156571a74f0e875596ec7b1c01ac4,08523cac868d90f576b9f0a3692a066e17876bc4a2060e86f197f8f34e53def0,imagenetr50-frontier-adaptation-epoch-v1,34,95.72379950928847,0.1699669181443999,76.25450967530338,3049,1.3018341502348842,3574.4387625940144
True,single_affine_h8192,36,single_affine,imagenetr50-frontier-adaptation-epoch-v1,3.513392134388881,,8192,308124,0.00010376119679326732,6.225671807596039e-06,4824,08523cac868d90f576b9f0a3692a066e17876bc4a2060e86f197f8f34e53def0,e6d76e1d0a48e435b9299b5713c5e56c58b28f02454dac75ad6005eb8d71ef88,imagenetr50-frontier-adaptation-epoch-v1,35,95.88737001986213,0.1576938251424496,76.81206953099377,3049,1.2844290565998682,3676.853613110259
True,single_affine_h8192,37,single_affine,imagenetr50-frontier-adaptation-epoch-v1,3.7351572495787893,,8192,316683,9.101036222061281e-05,5.460621733236768e-06,4958,e6d76e1d0a48e435b9299b5713c5e56c58b28f02454dac75ad6005eb8d71ef88,ff75dc8a9ea85e183b1b0321261f570d3dde681c775a64d7e9b43d2f511f8ff9,imagenetr50-frontier-adaptation-epoch-v1,36,95.65369786189976,0.17486744458213813,76.8448671695638,3049,1.2971361885308517,3779.1530276667327
True,single_affine_h8192,38,single_affine,imagenetr50-frontier-adaptation-epoch-v1,3.5280563003981293,,8192,325242,7.896590260259069e-05,4.737954156155442e-06,5092,ff75dc8a9ea85e183b1b0321261f570d3dde681c775a64d7e9b43d2f511f8ff9,389e59266ac036706f1d9914d1e6bf4e3c124844ee731cd22ea2f11dc2c9401f,imagenetr50-frontier-adaptation-epoch-v1,37,95.93410445145462,0.16918886801198985,76.7136766152837,3049,1.2889417321144772,3881.281061153859
True,single_affine_h8192,39,single_affine,imagenetr50-frontier-adaptation-epoch-v1,3.5889207676275454,,8192,333801,6.768050184346399e-05,4.060830110607839e-06,5226,389e59266ac036706f1d9914d1e6bf4e3c124844ee731cd22ea2f11dc2c9401f,2d9b8ec0dc1ffb4420d72d44397c564c9035442de715bacc2297b966342dc4a4,imagenetr50-frontier-adaptation-epoch-v1,38,96.09767496202828,0.15684660071036374,76.51689078386356,3049,1.3092835696261997,3983.7062475271523
True,single_affine_h8192,40,single_affine,imagenetr50-frontier-adaptation-epoch-v1,3.4779595022659695,,8192,342360,5.720352363342882e-05,3.4322114180057294e-06,5360,2d9b8ec0dc1ffb4420d72d44397c564c9035442de715bacc2297b966342dc4a4,3502a422b1d0f28963b62d970d87263db71acb2c886164b463f685324c79c700,imagenetr50-frontier-adaptation-epoch-v1,39,96.50660123846244,0.1519117934192114,76.81206953099377,3049,1.3036099712588272,4086.1714260540903
True,single_affine_h8192,41,single_affine,imagenetr50-frontier-adaptation-epoch-v1,3.564628483644172,,8192,350919,4.758079552594055e-05,2.854847731556433e-06,5494,3502a422b1d0f28963b62d970d87263db71acb2c886164b463f685324c79c700,0553640dbcb85f50da9cc99af5dd30b8f7ca2052ea02d1cd27160773ea8b3f93,imagenetr50-frontier-adaptation-epoch-v1,40,96.0509405304358,0.16273584658610152,76.68087897671367,3049,1.314885186695513,4188.582447975874
True,single_affine_h8192,42,single_affine,imagenetr50-frontier-adaptation-epoch-v1,3.376098626585149,,8192,359478,3.8854408482523445e-05,2.331264508951407e-06,5628,0553640dbcb85f50da9cc99af5dd30b8f7ca2052ea02d1cd27160773ea8b3f93,35c6de42ca1c7291a946f793db9dd5e3b74275c15932205e3e068a127ef4db80,imagenetr50-frontier-adaptation-epoch-v1,41,96.5416520621568,0.14146348234787906,76.8448671695638,3049,1.3155081884397293,4290.956681611016
True,single_affine_h8192,43,single_affine,imagenetr50-frontier-adaptation-epoch-v1,3.592416990826379,,8192,368037,3.1062532761880695e-05,1.8637519657128417e-06,5762,35c6de42ca1c7291a946f793db9dd5e3b74275c15932205e3e068a127ef4db80,f15f4087e5b1d09611e81a05a6a5c76173ff129b7ab1d2886a9255d7ce684437,imagenetr50-frontier-adaptation-epoch-v1,42,96.03925692253767,0.15599443643975305,76.68087897671367,3049,1.3108320351935636,4392.842041684315
True,single_affine_h8192,44,single_affine,imagenetr50-frontier-adaptation-epoch-v1,3.402537907682248,,8192,376596,2.423925095862539e-05,1.4543550575175235e-06,5896,f15f4087e5b1d09611e81a05a6a5c76173ff129b7ab1d2886a9255d7ce684437,c18df6e36f544c0159779fbcfae7e1b57c681234c2c021ad5334660f8774ae8d,imagenetr50-frontier-adaptation-epoch-v1,43,96.63512092534175,0.13922237308104193,76.5824860610036,3049,1.3116231125743711,4494.4165445212275
True,single_affine_h8192,45,single_affine,imagenetr50-frontier-adaptation-epoch-v1,3.3027293469145227,,8192,385155,1.8414408921943328e-05,1.1048645353165997e-06,6030,c18df6e36f544c0159779fbcfae7e1b57c681234c2c021ad5334660f8774ae8d,4e89d23e1d646e1f70767f183b305f8d0f512649227e7c634586fe8f81c15bb2,imagenetr50-frontier-adaptation-epoch-v1,44,96.31966351209253,0.15078708633583748,76.64808133814365,3049,1.316087358073744,4596.304627936333
True,single_affine_h8192,46,single_affine,imagenetr50-frontier-adaptation-epoch-v1,3.491357502652638,,8192,393714,1.3613485206285206e-05,8.168091123771124e-07,6164,4e89d23e1d646e1f70767f183b305f8d0f512649227e7c634586fe8f81c15bb2,5a299a20aa2bb3a2c0ed357a464c64362ebd6ae075cf9a3198c19e76e8d636a2,imagenetr50-frontier-adaptation-epoch-v1,45,96.08599135413016,0.16214947930868714,76.77927189242375,3049,1.3120345456281932,4698.4482768867165
True,single_affine_h8192,47,single_affine,imagenetr50-frontier-adaptation-epoch-v1,3.4654503295670693,,8192,402273,9.85747962512816e-06,5.914487775076896e-07,6298,5a299a20aa2bb3a2c0ed357a464c64362ebd6ae075cf9a3198c19e76e8d636a2,96f50e4538196e71d17a7202d19e7abaf1518466a38cedf0ab15845224a0dfbc,imagenetr50-frontier-adaptation-epoch-v1,46,96.1210421778245,0.15665665685691793,76.91046244670383,3049,1.306837082534745,4800.493583284318
True,single_affine_h8192,48,single_affine,imagenetr50-frontier-adaptation-epoch-v1,3.3365806527991793,,8192,410832,7.162821395284225e-06,4.2976928371705353e-07,6432,96f50e4538196e71d17a7202d19e7abaf1518466a38cedf0ab15845224a0dfbc,852c8865e492ddb80fa44535d8f9b79e751ad558364a0d9f4a63e43ee8a3a59b,imagenetr50-frontier-adaptation-epoch-v1,47,96.65848814113798,0.13491997632179212,76.81206953099377,3049,1.3063724313887974,4902.655646957457
True,single_affine_h8192,49,single_affine,imagenetr50-frontier-adaptation-epoch-v1,3.4311250391513552,,8192,419391,5.5412972735449975e-06,3.324778364126998e-07,6566,852c8865e492ddb80fa44535d8f9b79e751ad558364a0d9f4a63e43ee8a3a59b,c9c737c63d3735213a0e4d4c4e04742b8d46e2ca3a2aad1d7f12bfbdfa3c046b,imagenetr50-frontier-adaptation-epoch-v1,48,96.37808155158312,0.1443224324008992,76.68087897671367,3049,1.3057011572718034,5004.7509343046695
True,single_affine_h8192,50,single_affine,imagenetr50-frontier-adaptation-epoch-v1,3.344094440062989,,8192,427950,5e-06,3.0000000000000004e-07,6700,c9c737c63d3735213a0e4d4c4e04742b8d46e2ca3a2aad1d7f12bfbdfa3c046b,b3323f51d999b457ba1374c778fc945f2279ddfa752575e0d27cb9acbc618b6b,imagenetr50-frontier-adaptation-epoch-v1,49,96.36639794368502,0.14875918563413124,76.77927189242375,3049,1.3057923421737756,5106.8601490762085
,clean_joint_iid,1,joint_iid_rank80,imagenetr50-clean-joint-epoch-v1,,0.01,8192,8559,0.0005,,134,0000000000000000000000000000000000000000000000000000000000000000,99a8ee02ec9d756f3783947385e69e1cec5640461000534c0f7e45bef51ac7f2,imagenetr50-clean-joint-epoch-v1,0,45.04030844724851,2.6699962791180356,71.30206625122992,3049,1.208484097909599,18.840666081756353
,clean_joint_iid,2,joint_iid_rank80,imagenetr50-clean-joint-epoch-v1,,0.01,8192,17118,0.0005,,268,99a8ee02ec9d756f3783947385e69e1cec5640461000534c0f7e45bef51ac7f2,40338a57c58af1ee83a8b2ce8480c2db8560ddeb6539014266ed1d9cecd1dfc7,imagenetr50-clean-joint-epoch-v1,1,70.93118354948008,1.2382291637718823,76.2873073138734,3049,0.9777028380006444,37.488538498058915
,clean_joint_iid,3,joint_iid_rank80,imagenetr50-clean-joint-epoch-v1,,0.01,8192,25677,0.0005,,402,40338a57c58af1ee83a8b2ce8480c2db8560ddeb6539014266ed1d9cecd1dfc7,047d73c535c2e2ff760e9ea231e2d5a0dfac123b5b9c4da4e682a00dfb24332c,imagenetr50-clean-joint-epoch-v1,2,77.67262530669471,0.9316497669067878,76.8448671695638,3049,0.9523621055875774,56.11796176619828
,clean_joint_iid,4,joint_iid_rank80,imagenetr50-clean-joint-epoch-v1,,0.01,8192,34236,0.0005,,536,047d73c535c2e2ff760e9ea231e2d5a0dfac123b5b9c4da4e682a00dfb24332c,cfe2f4f46418909e942d629138ef1989fdb5e23a09438c5e2409894b47633536,imagenetr50-clean-joint-epoch-v1,3,80.66362892861315,0.7932413002642144,77.20564119383404,3049,0.9687177708751845,74.76771907880902
,clean_joint_iid,5,joint_iid_rank80,imagenetr50-clean-joint-epoch-v1,,0.01,8192,42795,0.0005,,670,cfe2f4f46418909e942d629138ef1989fdb5e23a09438c5e2409894b47633536,a88580de5968648f051f76f61fe7a2c8d43d4b409c7afb5410bcf5680ed7ed6f,imagenetr50-clean-joint-epoch-v1,4,83.01203411613507,0.6980725273112156,76.81206953099377,3049,1.0353259120702196,93.66195471771061
