arm,arm_label,result_source,policy,max_nodes_per_level,run_seed,training_sample_multiplier,base_parameter_count,condition,learned_permutation_count,active_node_count,input_slot_count,integrator_parameter_count,accuracy,cross_entropy,training_examples,current_examples,historical_examples,epochs,total_training_wall_seconds,state_initialization_wall_seconds,data_preparation_wall_seconds,feature_wall_seconds,optimizer_wall_seconds,total_training_forward_example_passes,feature_forward_example_passes,integrator_forward_example_passes,integrator_backward_example_passes,feature_forward_calls,integrator_forward_calls,integrator_backward_calls,excluded_diagnostic_forward_example_passes,excluded_evaluation_examples,excluded_evaluation_feature_forward_example_passes,excluded_evaluation_integrator_forward_example_passes_per_condition
reference_model_standard_samples,"Reference model, standard samples",authenticated_predecessor,one_node_per_level,1,0,1,2383370,integrator_uniform_replay,1,1,7,4411658,0.82421875,0.8780616521835327,256,256,0,4,0.08224745653569698,0.031409524381160736,0.0,0.02615107223391533,0.02468685992062092,1280,256,1024,1024,1,8,8,512,256,256,256
reference_model_standard_samples,"Reference model, standard samples",authenticated_predecessor,one_node_per_level,1,0,1,2383370,full_replay_integrator_20_epochs,1,1,7,4411658,0.8203125,0.9646120071411133,256,256,0,20,0.14247013814747334,0.027294520288705826,0.00037779659032821655,0.010229827836155891,0.1045679934322834,5376,256,5120,5120,1,40,40,512,256,256,256
reference_model_standard_samples,"Reference model, standard samples",authenticated_predecessor,one_node_per_level,1,0,1,2383370,integrator_uniform_replay,2,1,7,4411658,0.826171875,0.8592020273208618,512,256,256,4,0.09212708845734596,0.0,0.0006017442792654037,0.02525619976222515,0.06626914441585541,2560,512,2048,2048,2,32,16,1024,512,512,512
reference_model_standard_samples,"Reference model, standard samples",authenticated_predecessor,one_node_per_level,1,0,1,2383370,full_replay_integrator_20_epochs,2,1,7,4411658,0.810546875,0.7688369154930115,512,512,0,20,0.24017280526459217,0.025218699127435684,0.0003853142261505127,0.015393972396850586,0.1991748195141554,10752,512,10240,10240,1,80,80,1024,512,512,512
reference_model_standard_samples,"Reference model, standard samples",authenticated_predecessor,one_node_per_level,1,0,1,2383370,integrator_uniform_replay,3,2,7,4411658,0.7200520634651184,1.0439220666885376,512,256,256,4,0.10146799497306347,0.0,0.0008313599973917007,0.03360697627067566,0.06702965870499611,3072,1024,2048,2048,4,32,16,1024,768,1536,768
reference_model_standard_samples,"Reference model, standard samples",authenticated_predecessor,one_node_per_level,1,0,1,2383370,integrator_uniform_replay,4,1,7,4411658,0.8134765625,0.9182229042053223,512,256,256,4,0.08247427828609943,0.0,0.0009253695607185364,0.018759332597255707,0.06278957612812519,2560,512,2048,2048,2,32,16,1024,1024,1024,1024
reference_model_standard_samples,"Reference model, standard samples",authenticated_predecessor,one_node_per_level,1,0,1,2383370,full_replay_integrator_20_epochs,4,1,7,4411658,0.796875,0.7518434524536133,1024,1024,0,20,0.43471304327249527,0.028019316494464874,0.0006060712039470673,0.012358378618955612,0.3937292769551277,21504,1024,20480,20480,1,160,160,2048,1024,1024,1024
reference_model_standard_samples,"Reference model, standard samples",authenticated_predecessor,one_node_per_level,1,0,1,2383370,integrator_uniform_replay,5,2,7,4411658,0.715624988079071,1.0387754440307617,512,256,256,4,0.10342840477824211,0.0,0.001000804826617241,0.03112056478857994,0.07130703516304493,3072,1024,2048,2048,4,32,16,1024,1280,2560,1280
reference_model_standard_samples,"Reference model, standard samples",authenticated_predecessor,one_node_per_level,1,0,1,2383370,integrator_uniform_replay,6,2,7,4411658,0.6848958134651184,1.0940788984298706,512,256,256,4,0.10641450434923172,0.0,0.001201927661895752,0.03399934992194176,0.07121322676539421,3072,1024,2048,2048,4,32,16,1024,1536,3072,1536
reference_model_standard_samples,"Reference model, standard samples",authenticated_predecessor,one_node_per_level,1,0,1,2383370,integrator_uniform_replay,7,3,7,4411658,0.6752232313156128,1.1574442386627197,512,256,256,4,0.11627707444131374,0.0,0.001587849110364914,0.043817294761538506,0.07087193056941032,3584,1536,2048,2048,6,32,16,1024,1792,5376,1792
reference_model_standard_samples,"Reference model, standard samples",authenticated_predecessor,one_node_per_level,1,0,1,2383370,integrator_uniform_replay,8,1,7,4411658,0.796875,0.910027265548706,512,256,256,4,0.0944181066006422,0.0,0.001595422625541687,0.0241701640188694,0.06865251995623112,2560,512,2048,2048,2,32,16,1024,2048,2048,2048
reference_model_standard_samples,"Reference model, standard samples",authenticated_predecessor,one_node_per_level,1,0,1,2383370,full_replay_integrator_20_epochs,8,1,7,4411658,0.8095703125,0.7378510236740112,2048,2048,0,20,0.891301054507494,0.02730153314769268,0.0010853838175535202,0.019175603985786438,0.8437385335564613,43008,2048,40960,40960,1,320,320,4096,2048,2048,2048
reference_model_standard_samples,"Reference model, standard samples",authenticated_predecessor,one_node_per_level,1,0,1,2383370,integrator_uniform_replay,9,2,7,4411658,0.7374131679534912,1.0705962181091309,512,256,256,4,0.10743745975196362,0.0,0.0018268339335918427,0.03450104407966137,0.0711095817387104,3072,1024,2048,2048,4,32,16,1024,2304,4608,2304
reference_model_standard_samples,"Reference model, standard samples",authenticated_predecessor,one_node_per_level,1,0,1,2383370,integrator_uniform_replay,10,2,7,4411658,0.741015613079071,1.08193039894104,512,256,256,4,0.10090621933341026,0.0,0.0016610696911811829,0.03576991893351078,0.0634752307087183,3072,1024,2048,2048,4,32,16,1024,2560,5120,2560
reference_model_standard_samples,"Reference model, standard samples",authenticated_predecessor,one_node_per_level,1,0,1,2383370,full_replay_integrator_20_epochs,10,2,7,4411658,0.8031250238418579,0.9989432096481323,2560,2560,0,20,1.1523139160126448,0.025309674441814423,0.001264745369553566,0.05031401664018631,1.0754254795610905,56320,5120,51200,51200,4,400,400,5120,2560,5120,2560
reference_model_standard_samples,"Reference model, standard samples",authenticated_predecessor,one_node_per_level,1,0,1,2383370,integrator_uniform_replay,11,3,7,4411658,0.69140625,1.125044822692871,512,256,256,4,0.11350644752383232,0.0,0.0018888823688030243,0.045438673347234726,0.06617889180779457,3584,1536,2048,2048,6,32,16,1024,2816,8448,2816
reference_model_standard_samples,"Reference model, standard samples",authenticated_predecessor,one_node_per_level,1,0,1,2383370,integrator_uniform_replay,12,2,7,4411658,0.7239583134651184,1.0556833744049072,512,256,256,4,0.0986950732767582,0.0,0.002267831936478615,0.029626725241541862,0.06680051609873772,3072,1024,2048,2048,4,32,16,1024,3072,6144,3072
reference_model_standard_samples,"Reference model, standard samples",authenticated_predecessor,one_node_per_level,1,0,1,2383370,integrator_uniform_replay,13,3,7,4411658,0.7055288553237915,1.0521914958953857,512,256,256,4,0.11095436848700047,0.0,0.0022415313869714737,0.04272102005779743,0.06599181704223156,3584,1536,2048,2048,6,32,16,1024,3328,9984,3328
reference_model_standard_samples,"Reference model, standard samples",authenticated_predecessor,one_node_per_level,1,0,1,2383370,integrator_uniform_replay,14,3,7,4411658,0.7215401530265808,1.0180797576904297,512,256,256,4,0.11555366963148117,0.0,0.0026538074016571045,0.04570179060101509,0.06719807162880898,3584,1536,2048,2048,6,32,16,1024,3584,10752,3584
reference_model_standard_samples,"Reference model, standard samples",authenticated_predecessor,one_node_per_level,1,0,1,2383370,integrator_uniform_replay,15,4,7,4411658,0.6940104365348816,1.073086142539978,512,256,256,4,0.12732560373842716,0.0,0.002501867711544037,0.0525373350828886,0.07228640094399452,4096,2048,2048,2048,8,32,16,1024,3840,15360,3840
reference_model_standard_samples,"Reference model, standard samples",authenticated_predecessor,one_node_per_level,1,0,1,2383370,integrator_uniform_replay,16,1,7,4411658,0.806884765625,0.8616979718208313,512,256,256,4,0.09298685006797314,0.0,0.0024617407470941544,0.0188966803252697,0.07162842899560928,2560,512,2048,2048,2,32,16,1024,4096,4096,4096
reference_model_standard_samples,"Reference model, standard samples",authenticated_predecessor,one_node_per_level,1,0,1,2383370,full_replay_integrator_20_epochs,16,1,7,4411658,0.808837890625,0.6642577648162842,4096,4096,0,20,1.7440524939447641,0.02429877035319805,0.0018751882016658783,0.05536015331745148,1.6625183820724487,86016,4096,81920,81920,2,640,640,8192,4096,4096,4096
reference_model_standard_samples,"Reference model, standard samples",authenticated_predecessor,one_node_per_level,1,0,1,2383370,integrator_uniform_replay,17,2,7,4411658,0.7545955777168274,0.9826546907424927,512,256,256,4,0.10035760700702667,0.0,0.003289084881544113,0.03040027804672718,0.06666824407875538,3072,1024,2048,2048,4,32,16,1024,4352,8704,4352
reference_model_standard_samples,"Reference model, standard samples",authenticated_predecessor,one_node_per_level,1,0,1,2383370,integrator_uniform_replay,18,2,7,4411658,0.7374131679534912,0.9987666010856628,512,256,256,4,0.11723138205707073,0.0,0.0035596732050180435,0.03581387177109718,0.0778578370809555,3072,1024,2048,2048,4,32,16,1024,4608,9216,4608
reference_model_standard_samples,"Reference model, standard samples",authenticated_predecessor,one_node_per_level,1,0,1,2383370,integrator_uniform_replay,19,3,7,4411658,0.7401315569877625,0.980915367603302,512,256,256,4,0.1157474983483553,0.0,0.0033146031200885773,0.04615696705877781,0.0662759281694889,3584,1536,2048,2048,6,32,16,1024,4864,14592,4864
reference_model_standard_samples,"Reference model, standard samples",authenticated_predecessor,one_node_per_level,1,0,1,2383370,integrator_uniform_replay,20,2,7,4411658,0.754687488079071,1.0148648023605347,512,256,256,4,0.1041064653545618,0.0,0.0036790594458580017,0.03360229544341564,0.06682511046528816,3072,1024,2048,2048,4,32,16,1024,5120,10240,5120
reference_model_standard_samples,"Reference model, standard samples",authenticated_predecessor,one_node_per_level,1,0,1,2383370,integrator_uniform_replay,21,3,7,4411658,0.7442336082458496,0.9974555969238281,512,256,256,4,0.10170726291835308,0.0,0.004140915349125862,0.040544742718338966,0.05702160485088825,3584,1536,2048,2048,6,32,16,1024,5376,16128,5376
reference_model_standard_samples,"Reference model, standard samples",authenticated_predecessor,one_node_per_level,1,0,1,2383370,integrator_uniform_replay,22,3,7,4411658,0.7368608117103577,1.0150471925735474,512,256,256,4,0.11063448525965214,0.0,0.003945555537939072,0.045805549249053,0.060883380472660065,3584,1536,2048,2048,6,32,16,1024,5632,16896,5632
reference_model_standard_samples,"Reference model, standard samples",authenticated_predecessor,one_node_per_level,1,0,1,2383370,integrator_uniform_replay,23,4,7,4411658,0.7275815010070801,1.0060499906539917,512,256,256,4,0.13153769448399544,0.0,0.004716649651527405,0.05725150182843208,0.06956954300403595,4096,2048,2048,2048,8,32,16,1024,5888,23552,5888
reference_model_standard_samples,"Reference model, standard samples",authenticated_predecessor,one_node_per_level,1,0,1,2383370,integrator_uniform_replay,24,2,7,4411658,0.76220703125,0.9422219395637512,512,256,256,4,0.09725227765738964,0.0,0.005020257085561752,0.029474828392267227,0.06275719217956066,3072,1024,2048,2048,4,32,16,1024,6144,12288,6144
reference_model_standard_samples,"Reference model, standard samples",authenticated_predecessor,one_node_per_level,1,0,1,2383370,integrator_uniform_replay,25,3,7,4411658,0.7439062595367432,0.9470027685165405,512,256,256,4,0.11109903082251549,0.0,0.004600068554282188,0.04212034121155739,0.06437862105667591,3584,1536,2048,2048,6,32,16,1024,6400,19200,6400
reference_model_standard_samples,"Reference model, standard samples",authenticated_predecessor,one_node_per_level,1,0,1,2383370,integrator_uniform_replay,26,3,7,4411658,0.7400841116905212,0.9784424901008606,512,256,256,4,0.11277798935770988,0.0,0.004635166376829147,0.04335686005651951,0.06478596292436123,3584,1536,2048,2048,6,32,16,1024,6656,19968,6656
reference_model_standard_samples,"Reference model, standard samples",authenticated_predecessor,one_node_per_level,1,0,1,2383370,full_replay_integrator_20_epochs,26,3,7,4411658,0.7983773946762085,1.1072865724563599,6656,6656,0,20,2.8631810545921326,0.02578543685376644,0.0035806819796562195,0.14339490793645382,2.690420027822256,153088,19968,133120,133120,12,1040,1040,13312,6656,19968,6656
reference_model_standard_samples,"Reference model, standard samples",authenticated_predecessor,one_node_per_level,1,0,1,2383370,integrator_uniform_replay,27,4,7,4411658,0.7287326455116272,1.0165162086486816,512,256,256,4,0.11901870183646679,0.0,0.005061237141489983,0.053426796570420265,0.06053066812455654,4096,2048,2048,2048,8,32,16,1024,6912,27648,6912
reference_model_standard_samples,"Reference model, standard samples",authenticated_predecessor,one_node_per_level,1,0,1,2383370,integrator_uniform_replay,28,3,7,4411658,0.7320033311843872,1.0225303173065186,512,256,256,4,0.10963675566017628,0.0,0.005868373438715935,0.04297383315861225,0.06079454906284809,3584,1536,2048,2048,6,32,16,1024,7168,21504,7168
reference_model_standard_samples,"Reference model, standard samples",authenticated_predecessor,one_node_per_level,1,0,1,2383370,integrator_uniform_replay,29,4,7,4411658,0.7277747988700867,1.0227285623550415,512,256,256,4,0.11289317719638348,0.0,0.00549209862947464,0.05326152965426445,0.054139548912644386,4096,2048,2048,2048,8,32,16,1024,7424,29696,7424
reference_model_standard_samples,"Reference model, standard samples",authenticated_predecessor,one_node_per_level,1,0,1,2383370,integrator_uniform_replay,30,4,7,4411658,0.7222656011581421,1.0067912340164185,512,256,256,4,0.12705559842288494,0.0,0.005340639501810074,0.06055253930389881,0.061162419617176056,4096,2048,2048,2048,8,32,16,1024,7680,30720,7680
reference_model_standard_samples,"Reference model, standard samples",authenticated_predecessor,one_node_per_level,1,0,1,2383370,integrator_uniform_replay,31,5,7,4411658,0.7431955933570862,0.954107403755188,512,256,256,4,0.1313532255589962,0.0,0.0057066455483436584,0.061668284237384796,0.06397829577326775,4608,2560,2048,2048,10,32,16,1024,7936,39680,7936
reference_model_standard_samples,"Reference model, standard samples",authenticated_predecessor,one_node_per_level,1,0,1,2383370,integrator_uniform_replay,32,1,7,4411658,0.7808837890625,0.9175522327423096,512,256,256,4,0.09463955834507942,0.0,0.00669376365840435,0.020820792764425278,0.0671250019222498,2560,512,2048,2048,2,32,16,1024,8192,8192,8192
reference_model_standard_samples,"Reference model, standard samples",authenticated_predecessor,one_node_per_level,1,0,1,2383370,integrator_uniform_replay,33,2,7,4411658,0.7771070003509521,0.9169399738311768,512,256,256,4,0.10431701131165028,0.0,0.005664056167006493,0.028777459636330605,0.06987549550831318,3072,1024,2048,2048,4,32,16,1024,8448,16896,8448
reference_model_standard_samples,"Reference model, standard samples",authenticated_predecessor,one_node_per_level,1,0,1,2383370,integrator_uniform_replay,34,2,7,4411658,0.7647058963775635,0.931710422039032,512,256,256,4,0.11657054349780083,0.0,0.0067946333438158035,0.03385569900274277,0.07592021115124226,3072,1024,2048,2048,4,32,16,1024,8704,17408,8704
reference_model_standard_samples,"Reference model, standard samples",authenticated_predecessor,one_node_per_level,1,0,1,2383370,integrator_uniform_replay,35,3,7,4411658,0.7549107074737549,0.9577902555465698,512,256,256,4,0.11591986007988453,0.0,0.006668843328952789,0.04335618205368519,0.06589483469724655,3584,1536,2048,2048,6,32,16,1024,8960,26880,8960
reference_model_standard_samples,"Reference model, standard samples",authenticated_predecessor,one_node_per_level,1,0,1,2383370,integrator_uniform_replay,36,2,7,4411658,0.7682291865348816,0.9135251641273499,512,256,256,4,0.10685459151864052,0.0,0.007146112620830536,0.030027976259589195,0.06968050263822079,3072,1024,2048,2048,4,32,16,1024,9216,18432,9216
reference_model_standard_samples,"Reference model, standard samples",authenticated_predecessor,one_node_per_level,1,0,1,2383370,integrator_uniform_replay,37,3,7,4411658,0.7688978314399719,0.8614124655723572,512,256,256,4,0.11037154868245125,0.0,0.0073753707110881805,0.03801499307155609,0.06498118489980698,3584,1536,2048,2048,6,32,16,1024,9472,28416,9472
reference_model_standard_samples,"Reference model, standard samples",authenticated_predecessor,one_node_per_level,1,0,1,2383370,integrator_uniform_replay,38,3,7,4411658,0.7487664222717285,0.9351432919502258,512,256,256,4,0.12539587169885635,0.0,0.007070848718285561,0.048847245052456856,0.06947777792811394,3584,1536,2048,2048,6,32,16,1024,9728,29184,9728
reference_model_standard_samples,"Reference model, standard samples",authenticated_predecessor,one_node_per_level,1,0,1,2383370,integrator_uniform_replay,39,4,7,4411658,0.7522035241127014,0.9370898604393005,512,256,256,4,0.1289587188512087,0.0,0.008259030058979988,0.051476895809173584,0.06922279298305511,4096,2048,2048,2048,8,32,16,1024,9984,39936,9984
reference_model_standard_samples,"Reference model, standard samples",authenticated_predecessor,one_node_per_level,1,0,1,2383370,integrator_uniform_replay,40,2,7,4411658,0.77001953125,0.9061066508293152,512,256,256,4,0.1138004269450903,0.0,0.008947150781750679,0.03476514108479023,0.07008813507854939,3072,1024,2048,2048,4,32,16,1024,10240,20480,10240
reference_model_standard_samples,"Reference model, standard samples",authenticated_predecessor,one_node_per_level,1,0,1,2383370,integrator_uniform_replay,41,3,7,4411658,0.7580030560493469,0.9106141328811646,512,256,256,4,0.11420684866607189,0.0,0.008220676332712173,0.04030844196677208,0.06567773036658764,3584,1536,2048,2048,6,32,16,1024,10496,31488,10496
reference_model_standard_samples,"Reference model, standard samples",authenticated_predecessor,one_node_per_level,1,0,1,2383370,full_replay_integrator_20_epochs,41,3,7,4411658,0.7923970818519592,1.11311936378479,10496,10496,0,20,4.451018178835511,0.023660404607653618,0.005810830742120743,0.210459616035223,4.211087327450514,241408,31488,209920,209920,18,1640,1640,20992,10496,31488,10496
reference_model_standard_samples,"Reference model, standard samples",authenticated_predecessor,one_node_per_level,1,0,1,2383370,integrator_uniform_replay,42,3,7,4411658,0.7549293041229248,0.9545920491218567,512,256,256,4,0.11342455260455608,0.0,0.008705008774995804,0.04640802554786205,0.05831151828169823,3584,1536,2048,2048,6,32,16,1024,10752,32256,10752
reference_model_standard_samples,"Reference model, standard samples",authenticated_predecessor,one_node_per_level,1,0,1,2383370,integrator_uniform_replay,43,4,7,4411658,0.7437318563461304,0.9255741834640503,512,256,256,4,0.1352611854672432,0.0,0.011834338307380676,0.05556968227028847,0.06785716488957405,4096,2048,2048,2048,8,32,16,1024,11008,44032,11008
reference_model_standard_samples,"Reference model, standard samples",authenticated_predecessor,one_node_per_level,1,0,1,2383370,integrator_uniform_replay,44,3,7,4411658,0.7638494372367859,0.9327706694602966,512,256,256,4,0.13036121428012848,0.0,0.014606751501560211,0.04044777899980545,0.07530668377876282,3584,1536,2048,2048,6,32,16,1024,11264,33792,11264
reference_model_standard_samples,"Reference model, standard samples",authenticated_predecessor,one_node_per_level,1,0,1,2383370,integrator_uniform_replay,45,4,7,4411658,0.7322916388511658,0.9956990480422974,512,256,256,4,0.14843087829649448,0.0,0.01636400632560253,0.06170630641281605,0.0703605655580759,4096,2048,2048,2048,8,32,16,1024,11520,46080,11520
reference_model_standard_samples,"Reference model, standard samples",authenticated_predecessor,one_node_per_level,1,0,1,2383370,integrator_uniform_replay,46,4,7,4411658,0.7325068116188049,1.056997299194336,512,256,256,4,0.12010792456567287,0.0,0.0127195343375206,0.04732252471148968,0.0600658655166626,4096,2048,2048,2048,8,32,16,1024,11776,47104,11776
reference_model_standard_samples,"Reference model, standard samples",authenticated_predecessor,one_node_per_level,1,0,1,2383370,integrator_uniform_replay,47,5,7,4411658,0.7111037373542786,1.0491752624511719,512,256,256,4,0.1497317422181368,0.0,0.01649424433708191,0.07173314690589905,0.06150435097515583,4608,2560,2048,2048,10,32,16,1024,12032,60160,12032
reference_model_standard_samples,"Reference model, standard samples",authenticated_predecessor,one_node_per_level,1,0,1,2383370,integrator_uniform_replay,48,2,7,4411658,0.7432454228401184,0.9415224194526672,512,256,256,4,0.10684249177575111,0.0,0.016042664647102356,0.031874559819698334,0.058925267308950424,3072,1024,2048,2048,4,32,16,1024,12288,24576,12288
reference_model_standard_samples,"Reference model, standard samples",authenticated_predecessor,one_node_per_level,1,0,1,2383370,integrator_uniform_replay,49,3,7,4411658,0.7340561151504517,0.9558181762695312,512,256,256,4,0.13474679179489613,0.0,0.017814986407756805,0.055894650518894196,0.061037154868245125,3584,1536,2048,2048,6,32,16,1024,12544,37632,12544
reference_model_standard_samples,"Reference model, standard samples",authenticated_predecessor,one_node_per_level,1,0,1,2383370,integrator_uniform_replay,50,3,7,4411658,0.7685156464576721,0.8823289275169373,512,256,256,4,0.12384641170501709,0.0,0.017025282606482506,0.04059663973748684,0.06622448936104774,3584,1536,2048,2048,6,32,16,1024,12800,38400,12800
reference_model_standard_samples,"Reference model, standard samples",authenticated_predecessor,one_node_per_level,1,0,1,2383370,integrator_uniform_replay,51,4,7,4411658,0.7473958134651184,0.919828474521637,512,256,256,4,0.1345338113605976,0.0,0.017913177609443665,0.049774009734392166,0.06684662401676178,4096,2048,2048,2048,8,32,16,1024,13056,52224,13056
reference_model_standard_samples,"Reference model, standard samples",authenticated_predecessor,one_node_per_level,1,0,1,2383370,integrator_uniform_replay,52,3,7,4411658,0.7269381284713745,1.067323088645935,512,256,256,4,0.15474936924874783,0.0,0.018921714276075363,0.05134500376880169,0.08448265120387077,3584,1536,2048,2048,6,32,16,1024,13312,39936,13312
reference_model_standard_samples,"Reference model, standard samples",authenticated_predecessor,one_node_per_level,1,0,1,2383370,integrator_uniform_replay,53,4,7,4411658,0.7457989454269409,0.9388484358787537,512,256,256,4,0.13275393843650818,0.0,0.01575152389705181,0.0574354212731123,0.05956699326634407,4096,2048,2048,2048,8,32,16,1024,13568,54272,13568
reference_model_standard_samples,"Reference model, standard samples",authenticated_predecessor,one_node_per_level,1,0,1,2383370,integrator_uniform_replay,54,4,7,4411658,0.7486979365348816,0.9634014964103699,512,256,256,4,0.1350486408919096,0.0,0.015680527314543724,0.05759090557694435,0.061777208000421524,4096,2048,2048,2048,8,32,16,1024,13824,55296,13824
reference_model_standard_samples,"Reference model, standard samples",authenticated_predecessor,one_node_per_level,1,0,1,2383370,integrator_uniform_replay,55,5,7,4411658,0.7330965995788574,0.9730799794197083,512,256,256,4,0.15215848572552204,0.0,0.018960226327180862,0.0645425133407116,0.06865574605762959,4608,2560,2048,2048,10,32,16,1024,14080,70400,14080
reference_model_standard_samples,"Reference model, standard samples",authenticated_predecessor,one_node_per_level,1,0,1,2383370,integrator_uniform_replay,56,3,7,4411658,0.7610909342765808,0.9525307416915894,512,256,256,4,0.14468552358448505,0.0,0.019173869863152504,0.05395592004060745,0.0715557336807251,3584,1536,2048,2048,6,32,16,1024,14336,43008,14336
reference_model_standard_samples,"Reference model, standard samples",authenticated_predecessor,one_node_per_level,1,0,1,2383370,integrator_uniform_replay,57,4,7,4411658,0.7060717940330505,1.030311942100525,512,256,256,4,0.14799544215202332,0.0,0.019559556618332863,0.058765312656760216,0.06967057287693024,4096,2048,2048,2048,8,32,16,1024,14592,58368,14592
reference_model_standard_samples,"Reference model, standard samples",authenticated_predecessor,one_node_per_level,1,0,1,2383370,integrator_uniform_replay,58,4,7,4411658,0.7453529238700867,0.9792037606239319,512,256,256,4,0.15089327655732632,0.0,0.020816316828131676,0.06478975340723991,0.06528720632195473,4096,2048,2048,2048,8,32,16,1024,14848,59392,14848
reference_model_standard_samples,"Reference model, standard samples",authenticated_predecessor,one_node_per_level,1,0,1,2383370,integrator_uniform_replay,59,5,7,4411658,0.729806661605835,1.00796377658844,512,256,256,4,0.15708773210644722,0.0,0.020190786570310593,0.07015605457127094,0.06674089096486568,4608,2560,2048,2048,10,32,16,1024,15104,75520,15104
reference_model_standard_samples,"Reference model, standard samples",authenticated_predecessor,one_node_per_level,1,0,1,2383370,integrator_uniform_replay,60,4,7,4411658,0.7178385257720947,1.0317528247833252,512,256,256,4,0.153139254078269,0.0,0.022083375602960587,0.05858778394758701,0.0724680945277214,4096,2048,2048,2048,8,32,16,1024,15360,61440,15360
reference_model_standard_samples,"Reference model, standard samples",authenticated_predecessor,one_node_per_level,1,0,1,2383370,integrator_uniform_replay,61,5,7,4411658,0.7385373711585999,0.9574382901191711,512,256,256,4,0.15609708428382874,0.0,0.02014436013996601,0.06831765174865723,0.0676350723952055,4608,2560,2048,2048,10,32,16,1024,15616,78080,15616
reference_model_standard_samples,"Reference model, standard samples",authenticated_predecessor,one_node_per_level,1,0,1,2383370,integrator_uniform_replay,62,5,7,4411658,0.7366431355476379,0.9907639026641846,512,256,256,4,0.16179224103689194,0.0,0.020269343629479408,0.07900568097829819,0.06251721642911434,4608,2560,2048,2048,10,32,16,1024,15872,79360,15872
reference_model_standard_samples,"Reference model, standard samples",authenticated_predecessor,one_node_per_level,1,0,1,2383370,integrator_uniform_replay,63,6,7,4411658,0.71645587682724,1.0455461740493774,512,256,256,4,0.15895781852304935,0.0,0.02077879197895527,0.07687035761773586,0.06130866892635822,5120,3072,2048,2048,12,32,16,1024,16128,96768,16128
reference_model_standard_samples,"Reference model, standard samples",authenticated_predecessor,one_node_per_level,1,0,1,2383370,integrator_uniform_replay,64,1,7,4411658,0.7584228515625,0.923994779586792,512,256,256,4,0.11352884955704212,0.0,0.02468773163855076,0.02570442296564579,0.06313669495284557,2560,512,2048,2048,2,32,16,1024,16384,16384,16384
reference_model_standard_samples,"Reference model, standard samples",authenticated_predecessor,one_node_per_level,1,0,1,2383370,integrator_uniform_replay,65,2,7,4411658,0.7567908763885498,0.9618586301803589,512,256,256,4,0.12172987684607506,0.0,0.022522982209920883,0.028675472363829613,0.07053142227232456,3072,1024,2048,2048,4,32,16,1024,16640,33280,16640
reference_model_standard_samples,"Reference model, standard samples",authenticated_predecessor,one_node_per_level,1,0,1,2383370,integrator_uniform_replay,66,2,7,4411658,0.7907196879386902,0.8547738790512085,512,256,256,4,0.13031599298119545,0.0,0.025335481390357018,0.03952796943485737,0.06545254215598106,3072,1024,2048,2048,4,32,16,1024,16896,33792,16896
reference_model_standard_samples,"Reference model, standard samples",authenticated_predecessor,one_node_per_level,1,0,1,2383370,full_replay_integrator_20_epochs,66,2,7,4411658,0.7877012491226196,0.8597013354301453,16896,16896,0,20,7.275202950462699,0.029292037710547447,0.019252363592386246,0.31244892440736294,6.914209624752402,371712,33792,337920,337920,18,2640,2640,33792,16896,33792,16896
reference_model_standard_samples,"Reference model, standard samples",authenticated_predecessor,one_node_per_level,1,0,1,2383370,integrator_uniform_replay,67,3,7,4411658,0.7592117786407471,0.9365608096122742,512,256,256,4,0.13223125971853733,0.0,0.026784315705299377,0.043334828689694405,0.06211211532354355,3584,1536,2048,2048,6,32,16,1024,17152,51456,17152
reference_model_standard_samples,"Reference model, standard samples",authenticated_predecessor,one_node_per_level,1,0,1,2383370,integrator_uniform_replay,68,2,7,4411658,0.7827435731887817,0.9222578406333923,512,256,256,4,0.12139512971043587,0.0,0.02601546421647072,0.03011889010667801,0.06526077538728714,3072,1024,2048,2048,4,32,16,1024,17408,34816,17408
reference_model_standard_samples,"Reference model, standard samples",authenticated_predecessor,one_node_per_level,1,0,1,2383370,integrator_uniform_replay,69,3,7,4411658,0.7631340622901917,0.9164388179779053,512,256,256,4,0.12520315311849117,0.0,0.02447705902159214,0.043317146599292755,0.05740894749760628,3584,1536,2048,2048,6,32,16,1024,17664,52992,17664
reference_model_standard_samples,"Reference model, standard samples",authenticated_predecessor,one_node_per_level,1,0,1,2383370,integrator_uniform_replay,70,3,7,4411658,0.7613839507102966,0.8976009488105774,512,256,256,4,0.13530275039374828,0.0,0.025222845375537872,0.03922536224126816,0.07085454277694225,3584,1536,2048,2048,6,32,16,1024,17920,53760,17920
reference_model_standard_samples,"Reference model, standard samples",authenticated_predecessor,one_node_per_level,1,0,1,2383370,integrator_uniform_replay,71,4,7,4411658,0.7480744123458862,0.9064401984214783,512,256,256,4,0.14713669382035732,0.0,0.022131575271487236,0.05978737585246563,0.06521774269640446,4096,2048,2048,2048,8,32,16,1024,18176,72704,18176
reference_model_standard_samples,"Reference model, standard samples",authenticated_predecessor,one_node_per_level,1,0,1,2383370,integrator_uniform_replay,72,2,7,4411658,0.7732204794883728,0.921879768371582,512,256,256,4,0.13135284930467606,0.0,0.027824515476822853,0.0332945603877306,0.0702337734401226,3072,1024,2048,2048,4,32,16,1024,18432,36864,18432
reference_model_standard_samples,"Reference model, standard samples",authenticated_predecessor,one_node_per_level,1,0,1,2383370,integrator_uniform_replay,73,3,7,4411658,0.7579195499420166,0.945967972278595,512,256,256,4,0.14169903844594955,0.0,0.027435967698693275,0.04387817159295082,0.07038489915430546,3584,1536,2048,2048,6,32,16,1024,18688,56064,18688
reference_model_standard_samples,"Reference model, standard samples",authenticated_predecessor,one_node_per_level,1,0,1,2383370,integrator_uniform_replay,74,3,7,4411658,0.7533255815505981,0.9019100069999695,512,256,256,4,0.13879616558551788,0.0,0.027251068502664566,0.04624119959771633,0.06530389748513699,3584,1536,2048,2048,6,32,16,1024,18944,56832,18944
reference_model_standard_samples,"Reference model, standard samples",authenticated_predecessor,one_node_per_level,1,0,1,2383370,integrator_uniform_replay,75,4,7,4411658,0.7595312595367432,0.8880862593650818,512,256,256,4,0.15295520424842834,0.0,0.03248746320605278,0.05603233352303505,0.06443540751934052,4096,2048,2048,2048,8,32,16,1024,19200,76800,19200
reference_model_standard_samples,"Reference model, standard samples",authenticated_predecessor,one_node_per_level,1,0,1,2383370,integrator_uniform_replay,76,3,7,4411658,0.7518503069877625,0.9384456276893616,512,256,256,4,0.13075315579771996,0.0,0.02663840353488922,0.04180685989558697,0.06230789236724377,3584,1536,2048,2048,6,32,16,1024,19456,58368,19456
reference_model_standard_samples,"Reference model, standard samples",authenticated_predecessor,one_node_per_level,1,0,1,2383370,integrator_uniform_replay,77,4,7,4411658,0.7578125,0.8891867399215698,512,256,256,4,0.1415773704648018,0.0,0.026621738448739052,0.05374700389802456,0.06120862811803818,4096,2048,2048,2048,8,32,16,1024,19712,78848,19712
reference_model_standard_samples,"Reference model, standard samples",authenticated_predecessor,one_node_per_level,1,0,1,2383370,integrator_uniform_replay,78,4,7,4411658,0.7532051205635071,0.9273562431335449,512,256,256,4,0.13790024630725384,0.0,0.026437466964125633,0.052679114043712616,0.05878366529941559,4096,2048,2048,2048,8,32,16,1024,19968,79872,19968
reference_model_standard_samples,"Reference model, standard samples",authenticated_predecessor,one_node_per_level,1,0,1,2383370,integrator_uniform_replay,79,5,7,4411658,0.7431269884109497,0.9400565028190613,512,256,256,4,0.15233600325882435,0.0,0.025718601420521736,0.06805540435016155,0.05856199748814106,4608,2560,2048,2048,10,32,16,1024,20224,101120,20224
reference_model_standard_samples,"Reference model, standard samples",authenticated_predecessor,one_node_per_level,1,0,1,2383370,integrator_uniform_replay,80,2,7,4411658,0.75244140625,0.9129804372787476,512,256,256,4,0.1314897034317255,0.0,0.029053442180156708,0.029362652450799942,0.07307360880076885,3072,1024,2048,2048,4,32,16,1024,20480,40960,20480
reference_model_standard_samples,"Reference model, standard samples",authenticated_predecessor,one_node_per_level,1,0,1,2383370,integrator_uniform_replay,81,3,7,4411658,0.7592592835426331,0.9353124499320984,512,256,256,4,0.14026546664536,0.0,0.030270908027887344,0.04333103448152542,0.06666352413594723,3584,1536,2048,2048,6,32,16,1024,20736,62208,20736
reference_model_standard_samples,"Reference model, standard samples",authenticated_predecessor,one_node_per_level,1,0,1,2383370,integrator_uniform_replay,82,3,7,4411658,0.750285804271698,0.9551557302474976,512,256,256,4,0.13786795549094677,0.0,0.029398951679468155,0.04348512552678585,0.06498387828469276,3584,1536,2048,2048,6,32,16,1024,20992,62976,20992
reference_model_standard_samples,"Reference model, standard samples",authenticated_predecessor,one_node_per_level,1,0,1,2383370,integrator_uniform_replay,83,4,7,4411658,0.7386106848716736,0.9638437628746033,512,256,256,4,0.1547332089394331,0.0,0.02971065416932106,0.05296093225479126,0.07206162251532078,4096,2048,2048,2048,8,32,16,1024,21248,84992,21248
reference_model_standard_samples,"Reference model, standard samples",authenticated_predecessor,one_node_per_level,1,0,1,2383370,integrator_uniform_replay,84,3,7,4411658,0.7425130009651184,0.9322260618209839,512,256,256,4,0.1414936799556017,0.0,0.03251169063150883,0.04376105219125748,0.06522093713283539,3584,1536,2048,2048,6,32,16,1024,21504,64512,21504
reference_model_standard_samples,"Reference model, standard samples",authenticated_predecessor,one_node_per_level,1,0,1,2383370,integrator_uniform_replay,85,4,7,4411658,0.7476562261581421,0.9283820390701294,512,256,256,4,0.1551381852477789,0.0,0.03193969093263149,0.0584578663110733,0.0647406280040741,4096,2048,2048,2048,8,32,16,1024,21760,87040,21760
reference_model_standard_samples,"Reference model, standard samples",authenticated_predecessor,one_node_per_level,1,0,1,2383370,integrator_uniform_replay,86,4,7,4411658,0.743323028087616,0.9478209614753723,512,256,256,4,0.14885756745934486,0.0,0.028702275827527046,0.059351224452257156,0.06080406717956066,4096,2048,2048,2048,8,32,16,1024,22016,88064,22016
reference_model_standard_samples,"Reference model, standard samples",authenticated_predecessor,one_node_per_level,1,0,1,2383370,integrator_uniform_replay,87,5,7,4411658,0.7404813170433044,0.9152436256408691,512,256,256,4,0.16987324133515358,0.0,0.02984468825161457,0.07279656827449799,0.06723198480904102,4608,2560,2048,2048,10,32,16,1024,22272,111360,22272
reference_model_standard_samples,"Reference model, standard samples",authenticated_predecessor,one_node_per_level,1,0,1,2383370,integrator_uniform_replay,88,3,7,4411658,0.7600319385528564,0.9135608673095703,512,256,256,4,0.13557665422558784,0.0,0.03180982545018196,0.043578965589404106,0.06018786318600178,3584,1536,2048,2048,6,32,16,1024,22528,67584,22528
reference_model_standard_samples,"Reference model, standard samples",authenticated_predecessor,one_node_per_level,1,0,1,2383370,integrator_uniform_replay,89,4,7,4411658,0.755574107170105,0.8991490006446838,512,256,256,4,0.1485134344547987,0.0,0.03038564883172512,0.05567573383450508,0.0624520517885685,4096,2048,2048,2048,8,32,16,1024,22784,91136,22784
reference_model_standard_samples,"Reference model, standard samples",authenticated_predecessor,one_node_per_level,1,0,1,2383370,integrator_uniform_replay,90,4,7,4411658,0.7472222447395325,0.9407551288604736,512,256,256,4,0.15179834328591824,0.0,0.032729385420680046,0.05610458925366402,0.06296436861157417,4096,2048,2048,2048,8,32,16,1024,23040,92160,23040
reference_model_standard_samples,"Reference model, standard samples",authenticated_predecessor,one_node_per_level,1,0,1,2383370,integrator_uniform_replay,91,5,7,4411658,0.7469522953033447,0.9373282194137573,512,256,256,4,0.1542221363633871,0.0,0.031173549592494965,0.0688832476735115,0.05416533909738064,4608,2560,2048,2048,10,32,16,1024,23296,116480,23296
reference_model_standard_samples,"Reference model, standard samples",authenticated_predecessor,one_node_per_level,1,0,1,2383370,integrator_uniform_replay,92,4,7,4411658,0.747664749622345,0.9385048151016235,512,256,256,4,0.14499272778630257,0.0,0.03246056288480759,0.0523967370390892,0.06013542786240578,4096,2048,2048,2048,8,32,16,1024,23552,94208,23552
reference_model_standard_samples,"Reference model, standard samples",authenticated_predecessor,one_node_per_level,1,0,1,2383370,integrator_uniform_replay,93,5,7,4411658,0.7441616058349609,0.92903071641922,512,256,256,4,0.1585374865680933,0.0,0.030566059052944183,0.06443458423018456,0.06353684328496456,4608,2560,2048,2048,10,32,16,1024,23808,119040,23808
reference_model_standard_samples,"Reference model, standard samples",authenticated_predecessor,one_node_per_level,1,0,1,2383370,integrator_uniform_replay,94,5,7,4411658,0.7406083941459656,0.9710119366645813,512,256,256,4,0.160544840618968,0.0,0.03287498466670513,0.06187928281724453,0.06579057313501835,4608,2560,2048,2048,10,32,16,1024,24064,120320,24064
reference_model_standard_samples,"Reference model, standard samples",authenticated_predecessor,one_node_per_level,1,0,1,2383370,integrator_uniform_replay,95,6,7,4411658,0.7237253189086914,0.9818690419197083,512,256,256,4,0.17602316662669182,0.0,0.03260985016822815,0.07856028340756893,0.06485303305089474,5120,3072,2048,2048,12,32,16,1024,24320,145920,24320
reference_model_standard_samples,"Reference model, standard samples",authenticated_predecessor,one_node_per_level,1,0,1,2383370,integrator_uniform_replay,96,2,7,4411658,0.7552083134651184,0.9753305912017822,512,256,256,4,0.12611977756023407,0.0,0.03468608856201172,0.03329351544380188,0.05814017355442047,3072,1024,2048,2048,4,32,16,1024,24576,49152,24576
reference_model_standard_samples,"Reference model, standard samples",authenticated_predecessor,one_node_per_level,1,0,1,2383370,integrator_uniform_replay,97,3,7,4411658,0.7461742758750916,0.9377908706665039,512,256,256,4,0.1442157905548811,0.0,0.03499400429427624,0.046219006180763245,0.06300278007984161,3584,1536,2048,2048,6,32,16,1024,24832,74496,24832
reference_model_standard_samples,"Reference model, standard samples",authenticated_predecessor,one_node_per_level,1,0,1,2383370,integrator_uniform_replay,98,3,7,4411658,0.7496412396430969,0.9546350240707397,512,256,256,4,0.14332505501806736,0.0,0.03654419258236885,0.04389774985611439,0.06288311257958412,3584,1536,2048,2048,6,32,16,1024,25088,75264,25088
reference_model_standard_samples,"Reference model, standard samples",authenticated_predecessor,one_node_per_level,1,0,1,2383370,integrator_uniform_replay,99,4,7,4411658,0.7209596037864685,1.0100436210632324,512,256,256,4,0.160353135317564,0.0,0.03554916940629482,0.055981624871492386,0.0688223410397768,4096,2048,2048,2048,8,32,16,1024,25344,101376,25344
reference_model_standard_samples,"Reference model, standard samples",authenticated_predecessor,one_node_per_level,1,0,1,2383370,integrator_uniform_replay,100,3,7,4411658,0.7563672065734863,0.9160126447677612,512,256,256,4,0.15554474852979183,0.0,0.035134801641106606,0.05088815651834011,0.06952179037034512,3584,1536,2048,2048,6,32,16,1024,25600,76800,25600
reference_model_standard_samples,"Reference model, standard samples",authenticated_predecessor,one_node_per_level,1,0,1,2383370,full_replay_integrator_20_epochs,100,3,7,4411658,0.7786328196525574,1.077337622642517,25600,25600,0,20,11.08616384677589,0.022399084642529488,0.03170320391654968,0.5281662605702877,10.503895297646523,588800,76800,512000,512000,39,4000,4000,51200,25600,76800,25600
large_model_standard_samples,"4× parameters, standard samples",current_run,one_node_per_level,1,0,1,9541274,integrator_uniform_replay,1,1,7,17650160,0.8359375,0.9975530505180359,256,256,0,4,0.16939286142587662,0.09395173564553261,0.0,0.03554673679172993,0.03989438898861408,1280,256,1024,1024,1,8,8,512,256,256,256
large_model_standard_samples,"4× parameters, standard samples",current_run,one_node_per_level,1,0,1,9541274,full_replay_integrator_20_epochs,1,1,7,17650160,0.84765625,0.9280678629875183,256,256,0,20,0.3083645533770323,0.09188881516456604,0.00034004636108875275,0.03510306403040886,0.18103262782096863,5376,256,5120,5120,1,40,40,512,256,256,256
large_model_standard_samples,"4× parameters, standard samples",current_run,one_node_per_level,1,0,1,9541274,integrator_uniform_replay,2,1,7,17650160,0.78515625,1.2444238662719727,512,256,256,4,0.16202906891703606,0.0,0.0006588734686374664,0.05744125507771969,0.1039289403706789,2560,512,2048,2048,2,32,16,1024,512,512,512
large_model_standard_samples,"4× parameters, standard samples",current_run,one_node_per_level,1,0,1,9541274,full_replay_integrator_20_epochs,2,1,7,17650160,0.779296875,0.9904434084892273,512,512,0,20,0.4719824492931366,0.08715897053480148,0.0004034750163555145,0.029735667631030083,0.3546843361109495,10752,512,10240,10240,1,80,80,1024,512,512,512
large_model_standard_samples,"4× parameters, standard samples",current_run,one_node_per_level,1,0,1,9541274,integrator_uniform_replay,3,2,7,17650160,0.7018229365348816,1.1993581056594849,512,256,256,4,0.17905192077159882,0.0,0.0007025860249996185,0.08711407333612442,0.09123526141047478,3072,1024,2048,2048,4,32,16,1024,768,1536,768
large_model_standard_samples,"4× parameters, standard samples",current_run,one_node_per_level,1,0,1,9541274,integrator_uniform_replay,4,1,7,17650160,0.802734375,0.9781948328018188,512,256,256,4,0.1531484704464674,0.0,0.0007761158049106598,0.06225329451262951,0.09011906012892723,2560,512,2048,2048,2,32,16,1024,1024,1024,1024
large_model_standard_samples,"4× parameters, standard samples",current_run,one_node_per_level,1,0,1,9541274,full_replay_integrator_20_epochs,4,1,7,17650160,0.765625,0.9643262624740601,1024,1024,0,20,0.8535355553030968,0.09386040270328522,0.0006541851907968521,0.03811653517186642,0.7209044322371483,21504,1024,20480,20480,1,160,160,2048,1024,1024,1024
large_model_standard_samples,"4× parameters, standard samples",current_run,one_node_per_level,1,0,1,9541274,integrator_uniform_replay,5,2,7,17650160,0.74609375,1.1120376586914062,512,256,256,4,0.19668901897966862,0.0,0.0011719074100255966,0.0885152667760849,0.10700184479355812,3072,1024,2048,2048,4,32,16,1024,1280,2560,1280
large_model_standard_samples,"4× parameters, standard samples",current_run,one_node_per_level,1,0,1,9541274,integrator_uniform_replay,6,2,7,17650160,0.720703125,1.1075541973114014,512,256,256,4,0.18553310818970203,0.0,0.0013172440230846405,0.08513032644987106,0.09908553771674633,3072,1024,2048,2048,4,32,16,1024,1536,3072,1536
large_model_standard_samples,"4× parameters, standard samples",current_run,one_node_per_level,1,0,1,9541274,integrator_uniform_replay,7,3,7,17650160,0.6668526530265808,1.1930067539215088,512,256,256,4,0.21071587689220905,0.0,0.0013655070215463638,0.11323363706469536,0.09611673280596733,3584,1536,2048,2048,6,32,16,1024,1792,5376,1792
large_model_standard_samples,"4× parameters, standard samples",current_run,one_node_per_level,1,0,1,9541274,integrator_uniform_replay,8,1,7,17650160,0.80419921875,0.9674243927001953,512,256,256,4,0.16083540953695774,0.0,0.0014818813651800156,0.057509252801537514,0.10184427537024021,2560,512,2048,2048,2,32,16,1024,2048,2048,2048
large_model_standard_samples,"4× parameters, standard samples",current_run,one_node_per_level,1,0,1,9541274,full_replay_integrator_20_epochs,8,1,7,17650160,0.8115234375,0.7719689607620239,2048,2048,0,20,1.6045185178518295,0.08850432932376862,0.0009759552776813507,0.07251753658056259,1.442520696669817,43008,2048,40960,40960,1,320,320,4096,2048,2048,2048
large_model_standard_samples,"4× parameters, standard samples",current_run,one_node_per_level,1,0,1,9541274,integrator_uniform_replay,9,2,7,17650160,0.7404513955116272,1.064521312713623,512,256,256,4,0.18529454804956913,0.0,0.0017951633781194687,0.08454485610127449,0.09895452857017517,3072,1024,2048,2048,4,32,16,1024,2304,4608,2304
large_model_standard_samples,"4× parameters, standard samples",current_run,one_node_per_level,1,0,1,9541274,integrator_uniform_replay,10,2,7,17650160,0.7425781488418579,1.0234259366989136,512,256,256,4,0.18925976939499378,0.0,0.001982400193810463,0.08497005328536034,0.10230731591582298,3072,1024,2048,2048,4,32,16,1024,2560,5120,2560
large_model_standard_samples,"4× parameters, standard samples",current_run,one_node_per_level,1,0,1,9541274,full_replay_integrator_20_epochs,10,2,7,17650160,0.805859386920929,1.1083076000213623,2560,2560,0,20,2.0518334209918976,0.07890783436596394,0.0011503566056489944,0.11060548573732376,1.861169744282961,56320,5120,51200,51200,4,400,400,5120,2560,5120,2560
large_model_standard_samples,"4× parameters, standard samples",current_run,one_node_per_level,1,0,1,9541274,integrator_uniform_replay,11,3,7,17650160,0.6676136255264282,1.1229519844055176,512,256,256,4,0.22989701852202415,0.0,0.0021054930984973907,0.11390456929802895,0.11388695612549782,3584,1536,2048,2048,6,32,16,1024,2816,8448,2816
large_model_standard_samples,"4× parameters, standard samples",current_run,one_node_per_level,1,0,1,9541274,integrator_uniform_replay,12,2,7,17650160,0.7633463740348816,0.9696893095970154,512,256,256,4,0.20138133876025677,0.0,0.002174273133277893,0.08656876534223557,0.11263830028474331,3072,1024,2048,2048,4,32,16,1024,3072,6144,3072
large_model_standard_samples,"4× parameters, standard samples",current_run,one_node_per_level,1,0,1,9541274,integrator_uniform_replay,13,3,7,17650160,0.7208533883094788,1.0264474153518677,512,256,256,4,0.21701600775122643,0.0,0.0020774919539690018,0.11448781937360764,0.10045069642364979,3584,1536,2048,2048,6,32,16,1024,3328,9984,3328
large_model_standard_samples,"4× parameters, standard samples",current_run,one_node_per_level,1,0,1,9541274,integrator_uniform_replay,14,3,7,17650160,0.7248883843421936,0.9956385493278503,512,256,256,4,0.20829561166465282,0.0,0.002579774707555771,0.11300746724009514,0.09270836971700191,3584,1536,2048,2048,6,32,16,1024,3584,10752,3584
large_model_standard_samples,"4× parameters, standard samples",current_run,one_node_per_level,1,0,1,9541274,integrator_uniform_replay,15,4,7,17650160,0.6968749761581421,1.0528398752212524,512,256,256,4,0.2290507908910513,0.0,0.0028022099286317825,0.14082013629376888,0.08542844466865063,4096,2048,2048,2048,8,32,16,1024,3840,15360,3840
large_model_standard_samples,"4× parameters, standard samples",current_run,one_node_per_level,1,0,1,9541274,integrator_uniform_replay,16,1,7,17650160,0.822509765625,0.8307622075080872,512,256,256,4,0.15165901742875576,0.0,0.0029411334544420242,0.06143653206527233,0.0872813519090414,2560,512,2048,2048,2,32,16,1024,4096,4096,4096
large_model_standard_samples,"4× parameters, standard samples",current_run,one_node_per_level,1,0,1,9541274,full_replay_integrator_20_epochs,16,1,7,17650160,0.826171875,0.6405274868011475,4096,4096,0,20,3.086197789758444,0.07683856226503849,0.0017843618988990784,0.11957765929400921,2.887997206300497,86016,4096,81920,81920,2,640,640,8192,4096,4096,4096
large_model_standard_samples,"4× parameters, standard samples",current_run,one_node_per_level,1,0,1,9541274,integrator_uniform_replay,17,2,7,17650160,0.7474724054336548,0.951907217502594,512,256,256,4,0.1963931154459715,0.0,0.0034188199788331985,0.08896133676171303,0.10401295870542526,3072,1024,2048,2048,4,32,16,1024,4352,8704,4352
large_model_standard_samples,"4× parameters, standard samples",current_run,one_node_per_level,1,0,1,9541274,integrator_uniform_replay,18,2,7,17650160,0.73046875,1.010263204574585,512,256,256,4,0.18568849936127663,0.0,0.0034238919615745544,0.0853213332593441,0.09694327414035797,3072,1024,2048,2048,4,32,16,1024,4608,9216,4608
large_model_standard_samples,"4× parameters, standard samples",current_run,one_node_per_level,1,0,1,9541274,integrator_uniform_replay,19,3,7,17650160,0.7257401347160339,1.0099350214004517,512,256,256,4,0.21531267650425434,0.0,0.004141917452216148,0.11636387556791306,0.09480688348412514,3584,1536,2048,2048,6,32,16,1024,4864,14592,4864
large_model_standard_samples,"4× parameters, standard samples",current_run,one_node_per_level,1,0,1,9541274,integrator_uniform_replay,20,2,7,17650160,0.754687488079071,0.9328826665878296,512,256,256,4,0.18923717364668846,0.0,0.0036798380315303802,0.0859107282012701,0.09964660741388798,3072,1024,2048,2048,4,32,16,1024,5120,10240,5120
large_model_standard_samples,"4× parameters, standard samples",current_run,one_node_per_level,1,0,1,9541274,integrator_uniform_replay,21,3,7,17650160,0.7397693395614624,0.9775210618972778,512,256,256,4,0.2162429727613926,0.0,0.003818899393081665,0.11593644507229328,0.09648762829601765,3584,1536,2048,2048,6,32,16,1024,5376,16128,5376
large_model_standard_samples,"4× parameters, standard samples",current_run,one_node_per_level,1,0,1,9541274,integrator_uniform_replay,22,3,7,17650160,0.7407670617103577,0.993747889995575,512,256,256,4,0.22334390319883823,0.0,0.0039629749953746796,0.11324768699705601,0.10613324120640755,3584,1536,2048,2048,6,32,16,1024,5632,16896,5632
large_model_standard_samples,"4× parameters, standard samples",current_run,one_node_per_level,1,0,1,9541274,integrator_uniform_replay,23,4,7,17650160,0.729110062122345,0.9815225005149841,512,256,256,4,0.23927436210215092,0.0,0.004293523728847504,0.14138122275471687,0.09359961561858654,4096,2048,2048,2048,8,32,16,1024,5888,23552,5888
large_model_standard_samples,"4× parameters, standard samples",current_run,one_node_per_level,1,0,1,9541274,integrator_uniform_replay,24,2,7,17650160,0.7862955927848816,0.8067306876182556,512,256,256,4,0.18576962128281593,0.0,0.004470419138669968,0.08483929745852947,0.0964599046856165,3072,1024,2048,2048,4,32,16,1024,6144,12288,6144
large_model_standard_samples,"4× parameters, standard samples",current_run,one_node_per_level,1,0,1,9541274,integrator_uniform_replay,25,3,7,17650160,0.7749999761581421,0.8680477142333984,512,256,256,4,0.20972917042672634,0.0,0.004645766690373421,0.11287328042089939,0.09221012331545353,3584,1536,2048,2048,6,32,16,1024,6400,19200,6400
large_model_standard_samples,"4× parameters, standard samples",current_run,one_node_per_level,1,0,1,9541274,integrator_uniform_replay,26,3,7,17650160,0.7578125,0.9257997274398804,512,256,256,4,0.21414323151111603,0.0,0.005021458491683006,0.11633294075727463,0.0927888322621584,3584,1536,2048,2048,6,32,16,1024,6656,19968,6656
large_model_standard_samples,"4× parameters, standard samples",current_run,one_node_per_level,1,0,1,9541274,full_replay_integrator_20_epochs,26,3,7,17650160,0.8051382303237915,1.029558539390564,6656,6656,0,20,5.0161078702658415,0.08479014411568642,0.003956623375415802,0.31071279384195805,4.616648308932781,153088,19968,133120,133120,12,1040,1040,13312,6656,19968,6656
large_model_standard_samples,"4× parameters, standard samples",current_run,one_node_per_level,1,0,1,9541274,integrator_uniform_replay,27,4,7,17650160,0.7589699029922485,0.9066698551177979,512,256,256,4,0.23953943513333797,0.0,0.005481874570250511,0.14074966870248318,0.09330789186060429,4096,2048,2048,2048,8,32,16,1024,6912,27648,6912
large_model_standard_samples,"4× parameters, standard samples",current_run,one_node_per_level,1,0,1,9541274,integrator_uniform_replay,28,3,7,17650160,0.75,0.9228323698043823,512,256,256,4,0.22152652963995934,0.0,0.005187423899769783,0.11884243972599506,0.09749666601419449,3584,1536,2048,2048,6,32,16,1024,7168,21504,7168
large_model_standard_samples,"4× parameters, standard samples",current_run,one_node_per_level,1,0,1,9541274,integrator_uniform_replay,29,4,7,17650160,0.7367995977401733,0.9580576419830322,512,256,256,4,0.2400529533624649,0.0,0.005241489037871361,0.14139153994619846,0.09341992437839508,4096,2048,2048,2048,8,32,16,1024,7424,29696,7424
large_model_standard_samples,"4× parameters, standard samples",current_run,one_node_per_level,1,0,1,9541274,integrator_uniform_replay,30,4,7,17650160,0.747265636920929,0.9256599545478821,512,256,256,4,0.24154447950422764,0.0,0.006247829645872116,0.14551005512475967,0.08978659473359585,4096,2048,2048,2048,8,32,16,1024,7680,30720,7680
large_model_standard_samples,"4× parameters, standard samples",current_run,one_node_per_level,1,0,1,9541274,integrator_uniform_replay,31,5,7,17650160,0.7394153475761414,0.9701985120773315,512,256,256,4,0.2695372626185417,0.0,0.005794420838356018,0.16741331294178963,0.09632952883839607,4608,2560,2048,2048,10,32,16,1024,7936,39680,7936
large_model_standard_samples,"4× parameters, standard samples",current_run,one_node_per_level,1,0,1,9541274,integrator_uniform_replay,32,1,7,17650160,0.7945556640625,0.8375623226165771,512,256,256,4,0.16560393385589123,0.0,0.006222913041710854,0.05903966352343559,0.10034135729074478,2560,512,2048,2048,2,32,16,1024,8192,8192,8192
large_model_standard_samples,"4× parameters, standard samples",current_run,one_node_per_level,1,0,1,9541274,integrator_uniform_replay,33,2,7,17650160,0.76953125,0.9586553573608398,512,256,256,4,0.1908148005604744,0.0,0.00648072361946106,0.08558346331119537,0.09875061362981796,3072,1024,2048,2048,4,32,16,1024,8448,16896,8448
large_model_standard_samples,"4× parameters, standard samples",current_run,one_node_per_level,1,0,1,9541274,integrator_uniform_replay,34,2,7,17650160,0.7790670990943909,0.9087797999382019,512,256,256,4,0.19380489364266396,0.0,0.006728343665599823,0.08837037347257137,0.09870617650449276,3072,1024,2048,2048,4,32,16,1024,8704,17408,8704
large_model_standard_samples,"4× parameters, standard samples",current_run,one_node_per_level,1,0,1,9541274,integrator_uniform_replay,35,3,7,17650160,0.7247768044471741,1.0194785594940186,512,256,256,4,0.21111489087343216,0.0,0.006773620843887329,0.11287187412381172,0.09146939590573311,3584,1536,2048,2048,6,32,16,1024,8960,26880,8960
large_model_standard_samples,"4× parameters, standard samples",current_run,one_node_per_level,1,0,1,9541274,integrator_uniform_replay,36,2,7,17650160,0.7807074785232544,0.8904745578765869,512,256,256,4,0.19264211878180504,0.0,0.007309660315513611,0.08499053306877613,0.1003419253975153,3072,1024,2048,2048,4,32,16,1024,9216,18432,9216
large_model_standard_samples,"4× parameters, standard samples",current_run,one_node_per_level,1,0,1,9541274,integrator_uniform_replay,37,3,7,17650160,0.7620354890823364,0.8960130214691162,512,256,256,4,0.2172095626592636,0.0,0.007761901244521141,0.11669759266078472,0.09275006875395775,3584,1536,2048,2048,6,32,16,1024,9472,28416,9472
large_model_standard_samples,"4× parameters, standard samples",current_run,one_node_per_level,1,0,1,9541274,integrator_uniform_replay,38,3,7,17650160,0.7495887875556946,0.9315198659896851,512,256,256,4,0.21613854356110096,0.0,0.008132046088576317,0.11588249914348125,0.09212399832904339,3584,1536,2048,2048,6,32,16,1024,9728,29184,9728
large_model_standard_samples,"4× parameters, standard samples",current_run,one_node_per_level,1,0,1,9541274,integrator_uniform_replay,39,4,7,17650160,0.7556089758872986,0.9258875846862793,512,256,256,4,0.2511642426252365,0.0,0.0075459592044353485,0.1414408665150404,0.10217741690576077,4096,2048,2048,2048,8,32,16,1024,9984,39936,9984
large_model_standard_samples,"4× parameters, standard samples",current_run,one_node_per_level,1,0,1,9541274,integrator_uniform_replay,40,2,7,17650160,0.7798827886581421,0.872333824634552,512,256,256,4,0.19218255765736103,0.0,0.008067741990089417,0.08508559316396713,0.09902922250330448,3072,1024,2048,2048,4,32,16,1024,10240,20480,10240
large_model_standard_samples,"4× parameters, standard samples",current_run,one_node_per_level,1,0,1,9541274,integrator_uniform_replay,41,3,7,17650160,0.7553353905677795,0.8946989178657532,512,256,256,4,0.22984231635928154,0.0,0.008605506271123886,0.11588474549353123,0.10535206459462643,3584,1536,2048,2048,6,32,16,1024,10496,31488,10496
large_model_standard_samples,"4× parameters, standard samples",current_run,one_node_per_level,1,0,1,9541274,full_replay_integrator_20_epochs,41,3,7,17650160,0.7954458594322205,1.0176857709884644,10496,10496,0,20,7.950385669246316,0.08925322070717812,0.0070884693413972855,0.46077669970691204,7.3932672794908285,241408,31488,209920,209920,18,1640,1640,20992,10496,31488,10496
large_model_standard_samples,"4× parameters, standard samples",current_run,one_node_per_level,1,0,1,9541274,integrator_uniform_replay,42,3,7,17650160,0.754092276096344,0.9703030586242676,512,256,256,4,0.22287525795400143,0.0,0.008722148835659027,0.1160660982131958,0.0980870109051466,3584,1536,2048,2048,6,32,16,1024,10752,32256,10752
large_model_standard_samples,"4× parameters, standard samples",current_run,one_node_per_level,1,0,1,9541274,integrator_uniform_replay,43,4,7,17650160,0.7323764562606812,1.0008320808410645,512,256,256,4,0.24947687052190304,0.0,0.008517498150467873,0.1430281400680542,0.09793123230338097,4096,2048,2048,2048,8,32,16,1024,11008,44032,11008
large_model_standard_samples,"4× parameters, standard samples",current_run,one_node_per_level,1,0,1,9541274,integrator_uniform_replay,44,3,7,17650160,0.7674893736839294,0.9289367198944092,512,256,256,4,0.22077390179038048,0.0,0.008816316723823547,0.11420892179012299,0.09774866327643394,3584,1536,2048,2048,6,32,16,1024,11264,33792,11264
large_model_standard_samples,"4× parameters, standard samples",current_run,one_node_per_level,1,0,1,9541274,integrator_uniform_replay,45,4,7,17650160,0.7521701455116272,0.9303281307220459,512,256,256,4,0.2526641860604286,0.0,0.008889934048056602,0.14320903085172176,0.10056522116065025,4096,2048,2048,2048,8,32,16,1024,11520,46080,11520
large_model_standard_samples,"4× parameters, standard samples",current_run,one_node_per_level,1,0,1,9541274,integrator_uniform_replay,46,4,7,17650160,0.7640964388847351,0.9272875785827637,512,256,256,4,0.2482439298182726,0.0,0.013134557753801346,0.14337936975061893,0.09173000231385231,4096,2048,2048,2048,8,32,16,1024,11776,47104,11776
large_model_standard_samples,"4× parameters, standard samples",current_run,one_node_per_level,1,0,1,9541274,integrator_uniform_replay,47,5,7,17650160,0.7180851101875305,1.0208680629730225,512,256,256,4,0.2832936570048332,0.0,0.012978032231330872,0.16932973265647888,0.10098589211702347,4608,2560,2048,2048,10,32,16,1024,12032,60160,12032
large_model_standard_samples,"4× parameters, standard samples",current_run,one_node_per_level,1,0,1,9541274,integrator_uniform_replay,48,2,7,17650160,0.7674153447151184,0.8716666102409363,512,256,256,4,0.19433996081352234,0.0,0.010432340204715729,0.09332400187849998,0.09058361873030663,3072,1024,2048,2048,4,32,16,1024,12288,24576,12288
large_model_standard_samples,"4× parameters, standard samples",current_run,one_node_per_level,1,0,1,9541274,integrator_uniform_replay,49,3,7,17650160,0.7532684803009033,0.9068022966384888,512,256,256,4,0.2249956987798214,0.0,0.01492118276655674,0.11458465456962585,0.0954898614436388,3584,1536,2048,2048,6,32,16,1024,12544,37632,12544
large_model_standard_samples,"4× parameters, standard samples",current_run,one_node_per_level,1,0,1,9541274,integrator_uniform_replay,50,3,7,17650160,0.7603906393051147,0.9191993474960327,512,256,256,4,0.22516169399023056,0.0,0.017972618341445923,0.1140329223126173,0.09315615333616734,3584,1536,2048,2048,6,32,16,1024,12800,38400,12800
large_model_standard_samples,"4× parameters, standard samples",current_run,one_node_per_level,1,0,1,9541274,integrator_uniform_replay,51,4,7,17650160,0.7614123821258545,0.8711850047111511,512,256,256,4,0.2674813736230135,0.0,0.01481298916041851,0.1424058098345995,0.11026257462799549,4096,2048,2048,2048,8,32,16,1024,13056,52224,13056
large_model_standard_samples,"4× parameters, standard samples",current_run,one_node_per_level,1,0,1,9541274,integrator_uniform_replay,52,3,7,17650160,0.7437649965286255,0.9823175668716431,512,256,256,4,0.2239183895289898,0.0,0.015164989978075027,0.11181091889739037,0.0969424806535244,3584,1536,2048,2048,6,32,16,1024,13312,39936,13312
large_model_standard_samples,"4× parameters, standard samples",current_run,one_node_per_level,1,0,1,9541274,integrator_uniform_replay,53,4,7,17650160,0.7246462106704712,1.0324164628982544,512,256,256,4,0.24930423498153687,0.0,0.011296764016151428,0.14552020840346813,0.0924872625619173,4096,2048,2048,2048,8,32,16,1024,13568,54272,13568
large_model_standard_samples,"4× parameters, standard samples",current_run,one_node_per_level,1,0,1,9541274,integrator_uniform_replay,54,4,7,17650160,0.7446469664573669,0.9693418145179749,512,256,256,4,0.256417041644454,0.0,0.0156590286642313,0.14052278734743595,0.10023522563278675,4096,2048,2048,2048,8,32,16,1024,13824,55296,13824
large_model_standard_samples,"4× parameters, standard samples",current_run,one_node_per_level,1,0,1,9541274,integrator_uniform_replay,55,5,7,17650160,0.7249289751052856,1.0736100673675537,512,256,256,4,0.2819782290607691,0.0,0.01562369056046009,0.17201260291039944,0.09434193558990955,4608,2560,2048,2048,10,32,16,1024,14080,70400,14080
large_model_standard_samples,"4× parameters, standard samples",current_run,one_node_per_level,1,0,1,9541274,integrator_uniform_replay,56,3,7,17650160,0.7499302625656128,0.9671900868415833,512,256,256,4,0.2286899220198393,0.0,0.017985671758651733,0.11348077468574047,0.09722347557544708,3584,1536,2048,2048,6,32,16,1024,14336,43008,14336
large_model_standard_samples,"4× parameters, standard samples",current_run,one_node_per_level,1,0,1,9541274,integrator_uniform_replay,57,4,7,17650160,0.7398574352264404,0.9632279872894287,512,256,256,4,0.2653418108820915,0.0,0.02092014253139496,0.14498046413064003,0.09944120422005653,4096,2048,2048,2048,8,32,16,1024,14592,58368,14592
large_model_standard_samples,"4× parameters, standard samples",current_run,one_node_per_level,1,0,1,9541274,integrator_uniform_replay,58,4,7,17650160,0.7603043913841248,0.9307842254638672,512,256,256,4,0.2563431113958359,0.0,0.02188827656209469,0.14372499659657478,0.0907298382371664,4096,2048,2048,2048,8,32,16,1024,14848,59392,14848
large_model_standard_samples,"4× parameters, standard samples",current_run,one_node_per_level,1,0,1,9541274,integrator_uniform_replay,59,5,7,17650160,0.7380164265632629,1.0048128366470337,512,256,256,4,0.29361603781580925,0.0,0.02126406505703926,0.1707146931439638,0.10163727961480618,4608,2560,2048,2048,10,32,16,1024,15104,75520,15104
large_model_standard_samples,"4× parameters, standard samples",current_run,one_node_per_level,1,0,1,9541274,integrator_uniform_replay,60,4,7,17650160,0.743945300579071,0.9594658613204956,512,256,256,4,0.26120862551033497,0.0,0.013484342023730278,0.14204048551619053,0.10568379797041416,4096,2048,2048,2048,8,32,16,1024,15360,61440,15360
large_model_standard_samples,"4× parameters, standard samples",current_run,one_node_per_level,1,0,1,9541274,integrator_uniform_replay,61,5,7,17650160,0.7455814480781555,0.9692444205284119,512,256,256,4,0.2863899376243353,0.0,0.022670229896903038,0.16946574673056602,0.09425396099686623,4608,2560,2048,2048,10,32,16,1024,15616,78080,15616
large_model_standard_samples,"4× parameters, standard samples",current_run,one_node_per_level,1,0,1,9541274,integrator_uniform_replay,62,5,7,17650160,0.7361391186714172,1.0087404251098633,512,256,256,4,0.28938071988523006,0.0,0.017783280462026596,0.17000142484903336,0.10159601457417011,4608,2560,2048,2048,10,32,16,1024,15872,79360,15872
large_model_standard_samples,"4× parameters, standard samples",current_run,one_node_per_level,1,0,1,9541274,integrator_uniform_replay,63,6,7,17650160,0.7245163917541504,1.0263571739196777,512,256,256,4,0.3038241546601057,0.0,0.018385471776127815,0.19589131325483322,0.08954736962914467,5120,3072,2048,2048,12,32,16,1024,16128,96768,16128
large_model_standard_samples,"4× parameters, standard samples",current_run,one_node_per_level,1,0,1,9541274,integrator_uniform_replay,64,1,7,17650160,0.7890625,0.9623739719390869,512,256,256,4,0.18484941683709621,0.0,0.022334003821015358,0.06362254172563553,0.09889287129044533,2560,512,2048,2048,2,32,16,1024,16384,16384,16384
large_model_standard_samples,"4× parameters, standard samples",current_run,one_node_per_level,1,0,1,9541274,integrator_uniform_replay,65,2,7,17650160,0.7632211446762085,0.9714390635490417,512,256,256,4,0.21109036728739738,0.0,0.019987089559435844,0.08727171458303928,0.10383156314492226,3072,1024,2048,2048,4,32,16,1024,16640,33280,16640
large_model_standard_samples,"4× parameters, standard samples",current_run,one_node_per_level,1,0,1,9541274,integrator_uniform_replay,66,2,7,17650160,0.7783498764038086,0.9010311365127563,512,256,256,4,0.19539585150778294,0.0,0.020212817937135696,0.08542278781533241,0.08976024575531483,3072,1024,2048,2048,4,32,16,1024,16896,33792,16896
large_model_standard_samples,"4× parameters, standard samples",current_run,one_node_per_level,1,0,1,9541274,full_replay_integrator_20_epochs,66,2,7,17650160,0.7935606241226196,0.8944329619407654,16896,16896,0,20,12.294028220698237,0.08822665549814701,0.015869958326220512,0.5430025905370712,11.646929016336799,371712,33792,337920,337920,18,2640,2640,33792,16896,33792,16896
large_model_standard_samples,"4× parameters, standard samples",current_run,one_node_per_level,1,0,1,9541274,integrator_uniform_replay,67,3,7,17650160,0.7660914063453674,0.8998512029647827,512,256,256,4,0.2356226146221161,0.0,0.02403542585670948,0.11511785537004471,0.0964693333953619,3584,1536,2048,2048,6,32,16,1024,17152,51456,17152
large_model_standard_samples,"4× parameters, standard samples",current_run,one_node_per_level,1,0,1,9541274,integrator_uniform_replay,68,2,7,17650160,0.7933708429336548,0.8244255185127258,512,256,256,4,0.2070828415453434,0.0,0.023819878697395325,0.0888769943267107,0.09438596852123737,3072,1024,2048,2048,4,32,16,1024,17408,34816,17408
large_model_standard_samples,"4× parameters, standard samples",current_run,one_node_per_level,1,0,1,9541274,integrator_uniform_replay,69,3,7,17650160,0.7751924991607666,0.909676730632782,512,256,256,4,0.22945028357207775,0.0,0.02144213579595089,0.11344437301158905,0.09456377476453781,3584,1536,2048,2048,6,32,16,1024,17664,52992,17664
large_model_standard_samples,"4× parameters, standard samples",current_run,one_node_per_level,1,0,1,9541274,integrator_uniform_replay,70,3,7,17650160,0.7627789974212646,0.9150437712669373,512,256,256,4,0.23281779326498508,0.0,0.026806889101862907,0.11331276409327984,0.09269814006984234,3584,1536,2048,2048,6,32,16,1024,17920,53760,17920
large_model_standard_samples,"4× parameters, standard samples",current_run,one_node_per_level,1,0,1,9541274,integrator_uniform_replay,71,4,7,17650160,0.7558318376541138,0.9782288074493408,512,256,256,4,0.25886619836091995,0.0,0.02188064157962799,0.14091908000409603,0.09606647677719593,4096,2048,2048,2048,8,32,16,1024,18176,72704,18176
large_model_standard_samples,"4× parameters, standard samples",current_run,one_node_per_level,1,0,1,9541274,integrator_uniform_replay,72,2,7,17650160,0.7829318642616272,0.8436963558197021,512,256,256,4,0.19547718204557896,0.0,0.021533947438001633,0.08706009015440941,0.08688314445316792,3072,1024,2048,2048,4,32,16,1024,18432,36864,18432
large_model_standard_samples,"4× parameters, standard samples",current_run,one_node_per_level,1,0,1,9541274,integrator_uniform_replay,73,3,7,17650160,0.7756314277648926,0.8545185923576355,512,256,256,4,0.2208051048219204,0.0,0.021695846691727638,0.1122447419911623,0.08686451613903046,3584,1536,2048,2048,6,32,16,1024,18688,56064,18688
large_model_standard_samples,"4× parameters, standard samples",current_run,one_node_per_level,1,0,1,9541274,integrator_uniform_replay,74,3,7,17650160,0.7646220326423645,0.9018387794494629,512,256,256,4,0.23136450164020061,0.0,0.023580553010106087,0.11309980973601341,0.09468413889408112,3584,1536,2048,2048,6,32,16,1024,18944,56832,18944
large_model_standard_samples,"4× parameters, standard samples",current_run,one_node_per_level,1,0,1,9541274,integrator_uniform_replay,75,4,7,17650160,0.7668229341506958,0.8943579196929932,512,256,256,4,0.2695715855807066,0.0,0.02632966823875904,0.1424807421863079,0.10076117515563965,4096,2048,2048,2048,8,32,16,1024,19200,76800,19200
large_model_standard_samples,"4× parameters, standard samples",current_run,one_node_per_level,1,0,1,9541274,integrator_uniform_replay,76,3,7,17650160,0.7793996930122375,0.8640562295913696,512,256,256,4,0.2379090879112482,0.0,0.029334276914596558,0.11382687091827393,0.09474794007837772,3584,1536,2048,2048,6,32,16,1024,19456,58368,19456
large_model_standard_samples,"4× parameters, standard samples",current_run,one_node_per_level,1,0,1,9541274,integrator_uniform_replay,77,4,7,17650160,0.764711856842041,0.8899895548820496,512,256,256,4,0.27370248176157475,0.0,0.029267026111483574,0.14289195463061333,0.10154350101947784,4096,2048,2048,2048,8,32,16,1024,19712,78848,19712
large_model_standard_samples,"4× parameters, standard samples",current_run,one_node_per_level,1,0,1,9541274,integrator_uniform_replay,78,4,7,17650160,0.771484375,0.8839375376701355,512,256,256,4,0.26847537606954575,0.0,0.029218772426247597,0.1408726517111063,0.09838395193219185,4096,2048,2048,2048,8,32,16,1024,19968,79872,19968
large_model_standard_samples,"4× parameters, standard samples",current_run,one_node_per_level,1,0,1,9541274,integrator_uniform_replay,79,5,7,17650160,0.7542029023170471,0.9500415921211243,512,256,256,4,0.29305876418948174,0.0,0.028583979234099388,0.1688205599784851,0.09565422497689724,4608,2560,2048,2048,10,32,16,1024,20224,101120,20224
large_model_standard_samples,"4× parameters, standard samples",current_run,one_node_per_level,1,0,1,9541274,integrator_uniform_replay,80,2,7,17650160,0.7822265625,0.8309891819953918,512,256,256,4,0.2142987847328186,0.0,0.0298484917730093,0.0858294889330864,0.09862080402672291,3072,1024,2048,2048,4,32,16,1024,20480,40960,20480
large_model_standard_samples,"4× parameters, standard samples",current_run,one_node_per_level,1,0,1,9541274,integrator_uniform_replay,81,3,7,17650160,0.7796585559844971,0.8782208561897278,512,256,256,4,0.23713171295821667,0.0,0.029583927243947983,0.11471974849700928,0.09282803721725941,3584,1536,2048,2048,6,32,16,1024,20736,62208,20736
large_model_standard_samples,"4× parameters, standard samples",current_run,one_node_per_level,1,0,1,9541274,integrator_uniform_replay,82,3,7,17650160,0.7626238465309143,0.9517094492912292,512,256,256,4,0.23457237146794796,0.0,0.02960866503417492,0.11508712358772755,0.0898765828460455,3584,1536,2048,2048,6,32,16,1024,20992,62976,20992
large_model_standard_samples,"4× parameters, standard samples",current_run,one_node_per_level,1,0,1,9541274,integrator_uniform_replay,83,4,7,17650160,0.7564476728439331,0.9914544224739075,512,256,256,4,0.26634313724935055,0.0,0.029839206486940384,0.1424592211842537,0.09404470957815647,4096,2048,2048,2048,8,32,16,1024,21248,84992,21248
large_model_standard_samples,"4× parameters, standard samples",current_run,one_node_per_level,1,0,1,9541274,integrator_uniform_replay,84,3,7,17650160,0.755487322807312,0.8998371958732605,512,256,256,4,0.2411060892045498,0.0,0.031012052670121193,0.11570548079907894,0.09438855573534966,3584,1536,2048,2048,6,32,16,1024,21504,64512,21504
large_model_standard_samples,"4× parameters, standard samples",current_run,one_node_per_level,1,0,1,9541274,integrator_uniform_replay,85,4,7,17650160,0.7463235259056091,0.949763298034668,512,256,256,4,0.2674676235765219,0.0,0.030753260478377342,0.14529943093657494,0.0914149321615696,4096,2048,2048,2048,8,32,16,1024,21760,87040,21760
large_model_standard_samples,"4× parameters, standard samples",current_run,one_node_per_level,1,0,1,9541274,integrator_uniform_replay,86,4,7,17650160,0.7352380156517029,0.9838718175888062,512,256,256,4,0.26471325755119324,0.0,0.03076273947954178,0.14096772484481335,0.09298279322683811,4096,2048,2048,2048,8,32,16,1024,22016,88064,22016
large_model_standard_samples,"4× parameters, standard samples",current_run,one_node_per_level,1,0,1,9541274,integrator_uniform_replay,87,5,7,17650160,0.7466774582862854,0.9464636445045471,512,256,256,4,0.29745867662131786,0.0,0.029777387157082558,0.1700414214283228,0.09763986803591251,4608,2560,2048,2048,10,32,16,1024,22272,111360,22272
large_model_standard_samples,"4× parameters, standard samples",current_run,one_node_per_level,1,0,1,9541274,integrator_uniform_replay,88,3,7,17650160,0.7802290320396423,0.8263431191444397,512,256,256,4,0.24333865754306316,0.0,0.032091496512293816,0.11487938277423382,0.09636777825653553,3584,1536,2048,2048,6,32,16,1024,22528,67584,22528
large_model_standard_samples,"4× parameters, standard samples",current_run,one_node_per_level,1,0,1,9541274,integrator_uniform_replay,89,4,7,17650160,0.7517555952072144,0.9441821575164795,512,256,256,4,0.26043530367314816,0.0,0.027743559330701828,0.1397601179778576,0.09293162636458874,4096,2048,2048,2048,8,32,16,1024,22784,91136,22784
large_model_standard_samples,"4× parameters, standard samples",current_run,one_node_per_level,1,0,1,9541274,integrator_uniform_replay,90,4,7,17650160,0.7569010257720947,0.9217589497566223,512,256,256,4,0.2730016466230154,0.0,0.03325643204152584,0.14321795105934143,0.09652726352214813,4096,2048,2048,2048,8,32,16,1024,23040,92160,23040
large_model_standard_samples,"4× parameters, standard samples",current_run,one_node_per_level,1,0,1,9541274,integrator_uniform_replay,91,5,7,17650160,0.7580700516700745,0.9909393191337585,512,256,256,4,0.2869373392313719,0.0,0.032748868688941,0.16807255521416664,0.08611591532826424,4608,2560,2048,2048,10,32,16,1024,23296,116480,23296
large_model_standard_samples,"4× parameters, standard samples",current_run,one_node_per_level,1,0,1,9541274,integrator_uniform_replay,92,4,7,17650160,0.763332188129425,0.9564782977104187,512,256,256,4,0.27121666446328163,0.0,0.033947188407182693,0.14542381651699543,0.09184565953910351,4096,2048,2048,2048,8,32,16,1024,23552,94208,23552
large_model_standard_samples,"4× parameters, standard samples",current_run,one_node_per_level,1,0,1,9541274,integrator_uniform_replay,93,5,7,17650160,0.7470178008079529,0.9488966464996338,512,256,256,4,0.296110725030303,0.0,0.03477828577160835,0.17101566679775715,0.0903167724609375,4608,2560,2048,2048,10,32,16,1024,23808,119040,23808
large_model_standard_samples,"4× parameters, standard samples",current_run,one_node_per_level,1,0,1,9541274,integrator_uniform_replay,94,5,7,17650160,0.7404006123542786,1.0061079263687134,512,256,256,4,0.30046408995985985,0.0,0.03338918462395668,0.16709484718739986,0.0999800581485033,4608,2560,2048,2048,10,32,16,1024,24064,120320,24064
large_model_standard_samples,"4× parameters, standard samples",current_run,one_node_per_level,1,0,1,9541274,integrator_uniform_replay,95,6,7,17650160,0.7290295958518982,1.0566425323486328,512,256,256,4,0.32854534313082695,0.0,0.03253800608217716,0.19602572545409203,0.09998161159455776,5120,3072,2048,2048,12,32,16,1024,24320,145920,24320
large_model_standard_samples,"4× parameters, standard samples",current_run,one_node_per_level,1,0,1,9541274,integrator_uniform_replay,96,2,7,17650160,0.7372233271598816,0.9630215167999268,512,256,256,4,0.21570116095244884,0.0,0.034372925758361816,0.0847383439540863,0.09658989124000072,3072,1024,2048,2048,4,32,16,1024,24576,49152,24576
large_model_standard_samples,"4× parameters, standard samples",current_run,one_node_per_level,1,0,1,9541274,integrator_uniform_replay,97,3,7,17650160,0.7435969710350037,0.9631502032279968,512,256,256,4,0.2543556485325098,0.0,0.03652196377515793,0.12025386095046997,0.0975798238068819,3584,1536,2048,2048,6,32,16,1024,24832,74496,24832
large_model_standard_samples,"4× parameters, standard samples",current_run,one_node_per_level,1,0,1,9541274,integrator_uniform_replay,98,3,7,17650160,0.7348533272743225,1.0235518217086792,512,256,256,4,0.2501819208264351,0.0,0.03558428958058357,0.11260043829679489,0.10199719294905663,3584,1536,2048,2048,6,32,16,1024,25088,75264,25088
large_model_standard_samples,"4× parameters, standard samples",current_run,one_node_per_level,1,0,1,9541274,integrator_uniform_replay,99,4,7,17650160,0.7380050420761108,0.9883690476417542,512,256,256,4,0.2784683369100094,0.0,0.03640419617295265,0.15130462870001793,0.0907595120370388,4096,2048,2048,2048,8,32,16,1024,25344,101376,25344
large_model_standard_samples,"4× parameters, standard samples",current_run,one_node_per_level,1,0,1,9541274,integrator_uniform_replay,100,3,7,17650160,0.750195324420929,0.9624767303466797,512,256,256,4,0.2466015424579382,0.0,0.03781868889927864,0.11416031420230865,0.0946225393563509,3584,1536,2048,2048,6,32,16,1024,25600,76800,25600
large_model_standard_samples,"4× parameters, standard samples",current_run,one_node_per_level,1,0,1,9541274,full_replay_integrator_20_epochs,100,3,7,17650160,0.794140636920929,1.0980406999588013,25600,25600,0,20,19.103164229542017,0.08967479318380356,0.030404197052121162,1.0044779758900404,17.978607263416052,588800,76800,512000,512000,39,4000,4000,51200,25600,76800,25600
large_model_double_samples,"4× parameters, doubled samples",current_run,one_node_per_level,1,0,2,9541274,integrator_uniform_replay,1,1,7,17650160,0.85546875,0.9178190231323242,512,512,0,4,0.18951352685689926,0.08060299046337605,0.0,0.03594367951154709,0.07296685688197613,2560,512,2048,2048,1,16,16,1024,256,256,256
large_model_double_samples,"4× parameters, doubled samples",current_run,one_node_per_level,1,0,2,9541274,full_replay_integrator_20_epochs,1,1,7,17650160,0.83203125,0.9007687568664551,512,512,0,20,0.4683752730488777,0.0864520650357008,0.00041016004979610443,0.03166783228516579,0.349845215678215,10752,512,10240,10240,1,80,80,1024,256,256,256
large_model_double_samples,"4× parameters, doubled samples",current_run,one_node_per_level,1,0,2,9541274,integrator_uniform_replay,2,1,7,17650160,0.87109375,0.8816598057746887,1024,512,512,4,0.26074005477130413,0.0,0.0017331726849079132,0.06574465148150921,0.193262230604887,5120,1024,4096,4096,2,64,32,2048,512,512,512
large_model_double_samples,"4× parameters, doubled samples",current_run,one_node_per_level,1,0,2,9541274,full_replay_integrator_20_epochs,2,1,7,17650160,0.8515625,0.7409746050834656,1024,1024,0,20,0.8550426885485649,0.0980865154415369,0.0006462074816226959,0.03738691657781601,0.7189230490475893,21504,1024,20480,20480,1,160,160,2048,512,512,512
large_model_double_samples,"4× parameters, doubled samples",current_run,one_node_per_level,1,0,2,9541274,integrator_uniform_replay,3,2,7,17650160,0.8203125,0.8410009741783142,1024,512,512,4,0.280098307877779,0.0,0.0026349909603595734,0.09271892718970776,0.18474438972771168,6144,2048,4096,4096,4,64,32,2048,768,1536,768
large_model_double_samples,"4× parameters, doubled samples",current_run,one_node_per_level,1,0,2,9541274,integrator_uniform_replay,4,1,7,17650160,0.8466796875,0.7474079728126526,1024,512,512,4,0.25633720494806767,0.0,0.0026348326355218887,0.06218520179390907,0.1915171705186367,5120,1024,4096,4096,2,64,32,2048,1024,1024,1024
large_model_double_samples,"4× parameters, doubled samples",current_run,one_node_per_level,1,0,2,9541274,full_replay_integrator_20_epochs,4,1,7,17650160,0.849609375,0.6125059723854065,2048,2048,0,20,1.5434672236442566,0.08242183737456799,0.0010778270661830902,0.05986064299941063,1.4001069162040949,43008,2048,40960,40960,1,320,320,4096,1024,1024,1024
large_model_double_samples,"4× parameters, doubled samples",current_run,one_node_per_level,1,0,2,9541274,integrator_uniform_replay,5,2,7,17650160,0.758593738079071,0.8710981607437134,1024,512,512,4,0.2897665314376354,0.0,0.0041595399379730225,0.09557425044476986,0.19003274105489254,6144,2048,4096,4096,4,64,32,2048,1280,2560,1280
large_model_double_samples,"4× parameters, doubled samples",current_run,one_node_per_level,1,0,2,9541274,integrator_uniform_replay,6,2,7,17650160,0.8177083134651184,0.7740569114685059,1024,512,512,4,0.2921809833496809,0.0,0.004692675545811653,0.09301855228841305,0.1944697555154562,6144,2048,4096,4096,4,64,32,2048,1536,3072,1536
large_model_double_samples,"4× parameters, doubled samples",current_run,one_node_per_level,1,0,2,9541274,integrator_uniform_replay,7,3,7,17650160,0.8186383843421936,0.7347286939620972,1024,512,512,4,0.32730168104171753,0.0,0.005533501505851746,0.12299687415361404,0.19877130538225174,7168,3072,4096,4096,6,64,32,2048,1792,5376,1792
large_model_double_samples,"4× parameters, doubled samples",current_run,one_node_per_level,1,0,2,9541274,integrator_uniform_replay,8,1,7,17650160,0.84375,0.6841952800750732,1024,512,512,4,0.25867369771003723,0.0,0.005604466423392296,0.0615184772759676,0.19155075401067734,5120,1024,4096,4096,2,64,32,2048,2048,2048,2048
large_model_double_samples,"4× parameters, doubled samples",current_run,one_node_per_level,1,0,2,9541274,full_replay_integrator_20_epochs,8,1,7,17650160,0.8564453125,0.5251286029815674,4096,4096,0,20,3.0150214787572622,0.07567561976611614,0.00213414803147316,0.1169277261942625,2.8202839847654104,86016,4096,81920,81920,2,640,640,8192,2048,2048,2048
large_model_double_samples,"4× parameters, doubled samples",current_run,one_node_per_level,1,0,2,9541274,integrator_uniform_replay,9,2,7,17650160,0.82421875,0.7483513355255127,1024,512,512,4,0.2880087345838547,0.0,0.006208436563611031,0.09238900244235992,0.18941129557788372,6144,2048,4096,4096,4,64,32,2048,2304,4608,2304
large_model_double_samples,"4× parameters, doubled samples",current_run,one_node_per_level,1,0,2,9541274,integrator_uniform_replay,10,2,7,17650160,0.833203136920929,0.7538312673568726,1024,512,512,4,0.28720330260694027,0.0,0.007204260677099228,0.09132286347448826,0.18867617845535278,6144,2048,4096,4096,4,64,32,2048,2560,5120,2560
large_model_double_samples,"4× parameters, doubled samples",current_run,one_node_per_level,1,0,2,9541274,full_replay_integrator_20_epochs,10,2,7,17650160,0.8492187261581421,0.7481108903884888,5120,5120,0,20,3.8169762156903744,0.09448913484811783,0.002670830115675926,0.17235834524035454,3.547457905486226,112640,10240,102400,102400,6,800,800,10240,2560,5120,2560
large_model_double_samples,"4× parameters, doubled samples",current_run,one_node_per_level,1,0,2,9541274,integrator_uniform_replay,11,3,7,17650160,0.8355823755264282,0.6962608695030212,1024,512,512,4,0.3198512624949217,0.0,0.0094507597386837,0.12189357914030552,0.18850692361593246,7168,3072,4096,4096,6,64,32,2048,2816,8448,2816
large_model_double_samples,"4× parameters, doubled samples",current_run,one_node_per_level,1,0,2,9541274,integrator_uniform_replay,12,2,7,17650160,0.8470051884651184,0.6253958940505981,1024,512,512,4,0.2962578386068344,0.0,0.009265240281820297,0.09283335693180561,0.1941592413932085,6144,2048,4096,4096,4,64,32,2048,3072,6144,3072
large_model_double_samples,"4× parameters, doubled samples",current_run,one_node_per_level,1,0,2,9541274,integrator_uniform_replay,13,3,7,17650160,0.8431490659713745,0.6132700443267822,1024,512,512,4,0.32034811191260815,0.0,0.010331176221370697,0.12134701199829578,0.18866992369294167,7168,3072,4096,4096,6,64,32,2048,3328,9984,3328
large_model_double_samples,"4× parameters, doubled samples",current_run,one_node_per_level,1,0,2,9541274,integrator_uniform_replay,14,3,7,17650160,0.8390067219734192,0.6526705026626587,1024,512,512,4,0.32338435016572475,0.0,0.011631224304437637,0.1230616420507431,0.18869148381054401,7168,3072,4096,4096,6,64,32,2048,3584,10752,3584
large_model_double_samples,"4× parameters, doubled samples",current_run,one_node_per_level,1,0,2,9541274,integrator_uniform_replay,15,4,7,17650160,0.8213541507720947,0.6973486542701721,1024,512,512,4,0.3517700508236885,0.0,0.012516971677541733,0.1514503676444292,0.18780271150171757,8192,4096,4096,4096,8,64,32,2048,3840,15360,3840
large_model_double_samples,"4× parameters, doubled samples",current_run,one_node_per_level,1,0,2,9541274,integrator_uniform_replay,16,1,7,17650160,0.848388671875,0.6587010622024536,1024,512,512,4,0.2693156059831381,0.0,0.012032479047775269,0.06595594994723797,0.19132717698812485,5120,1024,4096,4096,2,64,32,2048,4096,4096,4096
large_model_double_samples,"4× parameters, doubled samples",current_run,one_node_per_level,1,0,2,9541274,full_replay_integrator_20_epochs,16,1,7,17650160,0.8720703125,0.4570556581020355,8192,8192,0,20,6.067147729918361,0.08047281578183174,0.003964731469750404,0.21238683722913265,5.770323345437646,172032,8192,163840,163840,4,1280,1280,16384,4096,4096,4096
large_model_double_samples,"4× parameters, doubled samples",current_run,one_node_per_level,1,0,2,9541274,integrator_uniform_replay,17,2,7,17650160,0.8276654481887817,0.7341431379318237,1024,512,512,4,0.2903256993740797,0.0,0.013369644060730934,0.09313800185918808,0.1838180534541607,6144,2048,4096,4096,4,64,32,2048,4352,8704,4352
large_model_double_samples,"4× parameters, doubled samples",current_run,one_node_per_level,1,0,2,9541274,integrator_uniform_replay,18,2,7,17650160,0.8602430820465088,0.6166379451751709,1024,512,512,4,0.29959776997566223,0.0,0.012240424752235413,0.09170328453183174,0.19565406069159508,6144,2048,4096,4096,4,64,32,2048,4608,9216,4608
large_model_double_samples,"4× parameters, doubled samples",current_run,one_node_per_level,1,0,2,9541274,integrator_uniform_replay,19,3,7,17650160,0.8285362124443054,0.7197813987731934,1024,512,512,4,0.3214302435517311,0.0,0.015285788103938103,0.12118324637413025,0.18496120907366276,7168,3072,4096,4096,6,64,32,2048,4864,14592,4864
large_model_double_samples,"4× parameters, doubled samples",current_run,one_node_per_level,1,0,2,9541274,integrator_uniform_replay,20,2,7,17650160,0.846875011920929,0.6245380640029907,1024,512,512,4,0.305564496666193,0.0,0.016104985028505325,0.09576925821602345,0.19369025342166424,6144,2048,4096,4096,4,64,32,2048,5120,10240,5120
large_model_double_samples,"4× parameters, doubled samples",current_run,one_node_per_level,1,0,2,9541274,integrator_uniform_replay,21,3,7,17650160,0.8404017686843872,0.6696898341178894,1024,512,512,4,0.33993289433419704,0.0,0.015685558319091797,0.12217980436980724,0.202067531645298,7168,3072,4096,4096,6,64,32,2048,5376,16128,5376
large_model_double_samples,"4× parameters, doubled samples",current_run,one_node_per_level,1,0,2,9541274,integrator_uniform_replay,22,3,7,17650160,0.8414417505264282,0.6522690057754517,1024,512,512,4,0.3583298586308956,0.0,0.016719995066523552,0.1282740794122219,0.21333578415215015,7168,3072,4096,4096,6,64,32,2048,5632,16896,5632
large_model_double_samples,"4× parameters, doubled samples",current_run,one_node_per_level,1,0,2,9541274,integrator_uniform_replay,23,4,7,17650160,0.824558436870575,0.6722151041030884,1024,512,512,4,0.3514280002564192,0.0,0.015862876549363136,0.1493556722998619,0.18620945140719414,8192,4096,4096,4096,8,64,32,2048,5888,23552,5888
large_model_double_samples,"4× parameters, doubled samples",current_run,one_node_per_level,1,0,2,9541274,integrator_uniform_replay,24,2,7,17650160,0.8463541865348816,0.6569928526878357,1024,512,512,4,0.2968544904142618,0.0,0.01948067545890808,0.09206288680434227,0.18531092815101147,6144,2048,4096,4096,4,64,32,2048,6144,12288,6144
large_model_double_samples,"4× parameters, doubled samples",current_run,one_node_per_level,1,0,2,9541274,integrator_uniform_replay,25,3,7,17650160,0.8310937285423279,0.7524588704109192,1024,512,512,4,0.3244637083262205,0.0,0.018145060166716576,0.12416272051632404,0.1821559276431799,7168,3072,4096,4096,6,64,32,2048,6400,19200,6400
large_model_double_samples,"4× parameters, doubled samples",current_run,one_node_per_level,1,0,2,9541274,integrator_uniform_replay,26,3,7,17650160,0.840745210647583,0.665183424949646,1024,512,512,4,0.3281189687550068,0.0,0.017240939661860466,0.1213341299444437,0.18954389914870262,7168,3072,4096,4096,6,64,32,2048,6656,19968,6656
large_model_double_samples,"4× parameters, doubled samples",current_run,one_node_per_level,1,0,2,9541274,full_replay_integrator_20_epochs,26,3,7,17650160,0.8659855723381042,0.8567774891853333,13312,13312,0,20,9.958359263837337,0.09714971482753754,0.015417173504829407,0.5962722115218639,9.249520163983107,306176,39936,266240,266240,21,2080,2080,26624,6656,19968,6656
large_model_double_samples,"4× parameters, doubled samples",current_run,one_node_per_level,1,0,2,9541274,integrator_uniform_replay,27,4,7,17650160,0.8272569179534912,0.72907954454422,1024,512,512,4,0.35334486700594425,0.0,0.020773544907569885,0.1530005093663931,0.17957081273198128,8192,4096,4096,4096,8,64,32,2048,6912,27648,6912
large_model_double_samples,"4× parameters, doubled samples",current_run,one_node_per_level,1,0,2,9541274,integrator_uniform_replay,28,3,7,17650160,0.8313336968421936,0.7216854095458984,1024,512,512,4,0.3341101408004761,0.0,0.02325780875980854,0.12351914308965206,0.18733318895101547,7168,3072,4096,4096,6,64,32,2048,7168,21504,7168
large_model_double_samples,"4× parameters, doubled samples",current_run,one_node_per_level,1,0,2,9541274,integrator_uniform_replay,29,4,7,17650160,0.8356680870056152,0.6713695526123047,1024,512,512,4,0.36535340175032616,0.0,0.02122829109430313,0.15381203778088093,0.1903130728751421,8192,4096,4096,4096,8,64,32,2048,7424,29696,7424
large_model_double_samples,"4× parameters, doubled samples",current_run,one_node_per_level,1,0,2,9541274,integrator_uniform_replay,30,4,7,17650160,0.825390636920929,0.7261682152748108,1024,512,512,4,0.3583918735384941,0.0,0.02150639332830906,0.15152651630342007,0.18535896390676498,8192,4096,4096,4096,8,64,32,2048,7680,30720,7680
large_model_double_samples,"4× parameters, doubled samples",current_run,one_node_per_level,1,0,2,9541274,integrator_uniform_replay,31,5,7,17650160,0.8213205933570862,0.7332410216331482,1024,512,512,4,0.39237622916698456,0.0,0.021844616159796715,0.18351252935826778,0.18701908364892006,9216,5120,4096,4096,10,64,32,2048,7936,39680,7936
large_model_double_samples,"4× parameters, doubled samples",current_run,one_node_per_level,1,0,2,9541274,integrator_uniform_replay,32,1,7,17650160,0.832763671875,0.737278401851654,1024,512,512,4,0.2794494666159153,0.0,0.03055165708065033,0.06293078139424324,0.18596702814102173,5120,1024,4096,4096,2,64,32,2048,8192,8192,8192
large_model_double_samples,"4× parameters, doubled samples",current_run,one_node_per_level,1,0,2,9541274,integrator_uniform_replay,33,2,7,17650160,0.8445786237716675,0.7221999168395996,1024,512,512,4,0.3091142103075981,0.0,0.02941747009754181,0.09283848106861115,0.18685825914144516,6144,2048,4096,4096,4,64,32,2048,8448,16896,8448
large_model_double_samples,"4× parameters, doubled samples",current_run,one_node_per_level,1,0,2,9541274,integrator_uniform_replay,34,2,7,17650160,0.8559283018112183,0.6432586312294006,1024,512,512,4,0.3146084398031235,0.0,0.024986449629068375,0.09344513714313507,0.19617685303092003,6144,2048,4096,4096,4,64,32,2048,8704,17408,8704
large_model_double_samples,"4× parameters, doubled samples",current_run,one_node_per_level,1,0,2,9541274,integrator_uniform_replay,35,3,7,17650160,0.8319196701049805,0.7027187347412109,1024,512,512,4,0.34620138444006443,0.0,0.025800660252571106,0.12329303100705147,0.19710769318044186,7168,3072,4096,4096,6,64,32,2048,8960,26880,8960
large_model_double_samples,"4× parameters, doubled samples",current_run,one_node_per_level,1,0,2,9541274,integrator_uniform_replay,36,2,7,17650160,0.8518880009651184,0.6686487793922424,1024,512,512,4,0.31087365560233593,0.0,0.03125590831041336,0.09269225597381592,0.18692549131810665,6144,2048,4096,4096,4,64,32,2048,9216,18432,9216
large_model_double_samples,"4× parameters, doubled samples",current_run,one_node_per_level,1,0,2,9541274,integrator_uniform_replay,37,3,7,17650160,0.8448057174682617,0.6602436900138855,1024,512,512,4,0.35858907364308834,0.0,0.030239935964345932,0.1255140956491232,0.20283504202961922,7168,3072,4096,4096,6,64,32,2048,9472,28416,9472
large_model_double_samples,"4× parameters, doubled samples",current_run,one_node_per_level,1,0,2,9541274,integrator_uniform_replay,38,3,7,17650160,0.8465254902839661,0.6859011650085449,1024,512,512,4,0.3369539398699999,0.0,0.030974313616752625,0.12175667658448219,0.18422294966876507,7168,3072,4096,4096,6,64,32,2048,9728,29184,9728
large_model_double_samples,"4× parameters, doubled samples",current_run,one_node_per_level,1,0,2,9541274,integrator_uniform_replay,39,4,7,17650160,0.8294270634651184,0.7169443964958191,1024,512,512,4,0.38482174277305603,0.0,0.033677661791443825,0.15224995650351048,0.19889412447810173,8192,4096,4096,4096,8,64,32,2048,9984,39936,9984
large_model_double_samples,"4× parameters, doubled samples",current_run,one_node_per_level,1,0,2,9541274,integrator_uniform_replay,40,2,7,17650160,0.8521484136581421,0.648082435131073,1024,512,512,4,0.33992038294672966,0.0,0.032860007137060165,0.09524069540202618,0.21181968040764332,6144,2048,4096,4096,4,64,32,2048,10240,20480,10240
large_model_double_samples,"4× parameters, doubled samples",current_run,one_node_per_level,1,0,2,9541274,integrator_uniform_replay,41,3,7,17650160,0.8366997241973877,0.7043973207473755,1024,512,512,4,0.3582112155854702,0.0,0.03630303218960762,0.12309491634368896,0.19881326705217361,7168,3072,4096,4096,6,64,32,2048,10496,31488,10496
large_model_double_samples,"4× parameters, doubled samples",current_run,one_node_per_level,1,0,2,9541274,full_replay_integrator_20_epochs,41,3,7,17650160,0.8556593060493469,0.7339516878128052,20992,20992,0,20,15.870512707158923,0.08179283328354359,0.022217413410544395,1.00249682366848,14.764005636796355,482816,62976,419840,419840,33,3280,3280,41984,10496,31488,10496
large_model_double_samples,"4× parameters, doubled samples",current_run,one_node_per_level,1,0,2,9541274,integrator_uniform_replay,42,3,7,17650160,0.8456101417541504,0.6622496843338013,1024,512,512,4,0.350211787968874,0.0,0.033998068422079086,0.12175534293055534,0.19445837661623955,7168,3072,4096,4096,6,64,32,2048,10752,32256,10752
large_model_double_samples,"4× parameters, doubled samples",current_run,one_node_per_level,1,0,2,9541274,integrator_uniform_replay,43,4,7,17650160,0.8293967843055725,0.691460371017456,1024,512,512,4,0.3842230197042227,0.0,0.03485777601599693,0.1520229745656252,0.19734226912260056,8192,4096,4096,4096,8,64,32,2048,11008,44032,11008
large_model_double_samples,"4× parameters, doubled samples",current_run,one_node_per_level,1,0,2,9541274,integrator_uniform_replay,44,3,7,17650160,0.8499644994735718,0.6517804265022278,1024,512,512,4,0.3539240024983883,0.0,0.03556271083652973,0.12223472259938717,0.1961265690624714,7168,3072,4096,4096,6,64,32,2048,11264,33792,11264
large_model_double_samples,"4× parameters, doubled samples",current_run,one_node_per_level,1,0,2,9541274,integrator_uniform_replay,45,4,7,17650160,0.8418402671813965,0.6656563878059387,1024,512,512,4,0.38680609688162804,0.0,0.0388677641749382,0.1506104040890932,0.19732792861759663,8192,4096,4096,4096,8,64,32,2048,11520,46080,11520
large_model_double_samples,"4× parameters, doubled samples",current_run,one_node_per_level,1,0,2,9541274,integrator_uniform_replay,46,4,7,17650160,0.8378056883811951,0.6668302416801453,1024,512,512,4,0.38438993878662586,0.0,0.03984261862933636,0.1548943817615509,0.1896529383957386,8192,4096,4096,4096,8,64,32,2048,11776,47104,11776
large_model_double_samples,"4× parameters, doubled samples",current_run,one_node_per_level,1,0,2,9541274,integrator_uniform_replay,47,5,7,17650160,0.8265458941459656,0.7266690731048584,1024,512,512,4,0.4125428330153227,0.0,0.04584894888103008,0.17772229574620724,0.18897158838808537,9216,5120,4096,4096,10,64,32,2048,12032,60160,12032
large_model_double_samples,"4× parameters, doubled samples",current_run,one_node_per_level,1,0,2,9541274,integrator_uniform_replay,48,2,7,17650160,0.846435546875,0.6157258749008179,1024,512,512,4,0.32140430621802807,0.0,0.0405015517026186,0.09292391873896122,0.18797883577644825,6144,2048,4096,4096,4,64,32,2048,12288,24576,12288
large_model_double_samples,"4× parameters, doubled samples",current_run,one_node_per_level,1,0,2,9541274,integrator_uniform_replay,49,3,7,17650160,0.8411989808082581,0.6450012922286987,1024,512,512,4,0.3586215674877167,0.0,0.04113412834703922,0.12314857169985771,0.19433886744081974,7168,3072,4096,4096,6,64,32,2048,12544,37632,12544
large_model_double_samples,"4× parameters, doubled samples",current_run,one_node_per_level,1,0,2,9541274,integrator_uniform_replay,50,3,7,17650160,0.8399999737739563,0.7277668714523315,1024,512,512,4,0.35581810399889946,0.0,0.039358675479888916,0.12743740901350975,0.1890220195055008,7168,3072,4096,4096,6,64,32,2048,12800,38400,12800
large_model_double_samples,"4× parameters, doubled samples",current_run,one_node_per_level,1,0,2,9541274,integrator_uniform_replay,51,4,7,17650160,0.8349418044090271,0.6745972633361816,1024,512,512,4,0.39982672967016697,0.0,0.04284283146262169,0.15509469620883465,0.20188920199871063,8192,4096,4096,4096,8,64,32,2048,13056,52224,13056
large_model_double_samples,"4× parameters, doubled samples",current_run,one_node_per_level,1,0,2,9541274,integrator_uniform_replay,52,3,7,17650160,0.83984375,0.6652266979217529,1024,512,512,4,0.36000968143343925,0.0,0.0487736277282238,0.11961977556347847,0.19161627814173698,7168,3072,4096,4096,6,64,32,2048,13312,39936,13312
large_model_double_samples,"4× parameters, doubled samples",current_run,one_node_per_level,1,0,2,9541274,integrator_uniform_replay,53,4,7,17650160,0.8332104682922363,0.6703117489814758,1024,512,512,4,0.3874369394034147,0.0,0.0491561945527792,0.14962277188897133,0.1886579729616642,8192,4096,4096,4096,8,64,32,2048,13568,54272,13568
large_model_double_samples,"4× parameters, doubled samples",current_run,one_node_per_level,1,0,2,9541274,integrator_uniform_replay,54,4,7,17650160,0.8383246660232544,0.6700031161308289,1024,512,512,4,0.38547002524137497,0.0,0.04969635233283043,0.1516097281128168,0.18416394479572773,8192,4096,4096,4096,8,64,32,2048,13824,55296,13824
large_model_double_samples,"4× parameters, doubled samples",current_run,one_node_per_level,1,0,2,9541274,integrator_uniform_replay,55,5,7,17650160,0.8282670378684998,0.7384924292564392,1024,512,512,4,0.42297007516026497,0.0,0.05576341599225998,0.17873412184417248,0.1884725373238325,9216,5120,4096,4096,10,64,32,2048,14080,70400,14080
large_model_double_samples,"4× parameters, doubled samples",current_run,one_node_per_level,1,0,2,9541274,integrator_uniform_replay,56,3,7,17650160,0.8506556749343872,0.6427636742591858,1024,512,512,4,0.36488054506480694,0.0,0.0495117399841547,0.12480002827942371,0.19056877680122852,7168,3072,4096,4096,6,64,32,2048,14336,43008,14336
large_model_double_samples,"4× parameters, doubled samples",current_run,one_node_per_level,1,0,2,9541274,integrator_uniform_replay,57,4,7,17650160,0.8297011852264404,0.7063202857971191,1024,512,512,4,0.39991614408791065,0.0,0.050006842240691185,0.1534553375095129,0.19645396433770657,8192,4096,4096,4096,8,64,32,2048,14592,58368,14592
large_model_double_samples,"4× parameters, doubled samples",current_run,one_node_per_level,1,0,2,9541274,integrator_uniform_replay,58,4,7,17650160,0.8360722064971924,0.6698590517044067,1024,512,512,4,0.4018372818827629,0.0,0.05789294093847275,0.15039625205099583,0.19354808889329433,8192,4096,4096,4096,8,64,32,2048,14848,59392,14848
large_model_double_samples,"4× parameters, doubled samples",current_run,one_node_per_level,1,0,2,9541274,integrator_uniform_replay,59,5,7,17650160,0.8279263973236084,0.717635989189148,1024,512,512,4,0.43462251871824265,0.0,0.06107614189386368,0.1805041953921318,0.19304218143224716,9216,5120,4096,4096,10,64,32,2048,15104,75520,15104
large_model_double_samples,"4× parameters, doubled samples",current_run,one_node_per_level,1,0,2,9541274,integrator_uniform_replay,60,4,7,17650160,0.8326823115348816,0.708379864692688,1024,512,512,4,0.40793746896088123,0.0,0.06167564168572426,0.15128133445978165,0.19498049281537533,8192,4096,4096,4096,8,64,32,2048,15360,61440,15360
large_model_double_samples,"4× parameters, doubled samples",current_run,one_node_per_level,1,0,2,9541274,integrator_uniform_replay,61,5,7,17650160,0.8295978307723999,0.6859818696975708,1024,512,512,4,0.43088024482131004,0.0,0.06069755740463734,0.18188349902629852,0.18829918839037418,9216,5120,4096,4096,10,64,32,2048,15616,78080,15616
large_model_double_samples,"4× parameters, doubled samples",current_run,one_node_per_level,1,0,2,9541274,integrator_uniform_replay,62,5,7,17650160,0.8211945295333862,0.7656510472297668,1024,512,512,4,0.43501068092882633,0.0,0.06199278682470322,0.17929259687662125,0.19372529722750187,9216,5120,4096,4096,10,64,32,2048,15872,79360,15872
large_model_double_samples,"4× parameters, doubled samples",current_run,one_node_per_level,1,0,2,9541274,integrator_uniform_replay,63,6,7,17650160,0.8146701455116272,0.7375198006629944,1024,512,512,4,0.47957983799278736,0.0,0.06910477764904499,0.2117067277431488,0.19876833260059357,10240,6144,4096,4096,12,64,32,2048,16128,96768,16128
large_model_double_samples,"4× parameters, doubled samples",current_run,one_node_per_level,1,0,2,9541274,integrator_uniform_replay,64,1,7,17650160,0.84564208984375,0.7027373313903809,1024,512,512,4,0.3423924446105957,0.0,0.06781950779259205,0.06278157606720924,0.2117913607507944,5120,1024,4096,4096,2,64,32,2048,16384,16384,16384
large_model_double_samples,"4× parameters, doubled samples",current_run,one_node_per_level,1,0,2,9541274,integrator_uniform_replay,65,2,7,17650160,0.8348557949066162,0.7379223704338074,1024,512,512,4,0.3434994239360094,0.0,0.06389372423291206,0.09058562479913235,0.189020074903965,6144,2048,4096,4096,4,64,32,2048,16640,33280,16640
large_model_double_samples,"4× parameters, doubled samples",current_run,one_node_per_level,1,0,2,9541274,integrator_uniform_replay,66,2,7,17650160,0.8505563735961914,0.6512622237205505,1024,512,512,4,0.34187132492661476,0.0,0.06361046433448792,0.09240601770579815,0.1858548428863287,6144,2048,4096,4096,4,64,32,2048,16896,33792,16896
large_model_double_samples,"4× parameters, doubled samples",current_run,one_node_per_level,1,0,2,9541274,full_replay_integrator_20_epochs,66,2,7,17650160,0.8499053120613098,0.6394311785697937,33792,33792,0,20,25.040139431133866,0.08204646222293377,0.03732353635132313,1.4417337886989117,23.479035643860698,743424,67584,675840,675840,34,5280,5280,67584,16896,33792,16896
large_model_double_samples,"4× parameters, doubled samples",current_run,one_node_per_level,1,0,2,9541274,integrator_uniform_replay,67,3,7,17650160,0.8368120193481445,0.6423176527023315,1024,512,512,4,0.3763574156910181,0.0,0.06732343882322311,0.12197700515389442,0.18705697171390057,7168,3072,4096,4096,6,64,32,2048,17152,51456,17152
large_model_double_samples,"4× parameters, doubled samples",current_run,one_node_per_level,1,0,2,9541274,integrator_uniform_replay,68,2,7,17650160,0.8528262972831726,0.6016414761543274,1024,512,512,4,0.3752796910703182,0.0,0.08006582781672478,0.09634816646575928,0.19886569678783417,6144,2048,4096,4096,4,64,32,2048,17408,34816,17408
large_model_double_samples,"4× parameters, doubled samples",current_run,one_node_per_level,1,0,2,9541274,integrator_uniform_replay,69,3,7,17650160,0.8361073136329651,0.6657357811927795,1024,512,512,4,0.3847774285823107,0.0,0.0736012477427721,0.1227890606969595,0.18838712014257908,7168,3072,4096,4096,6,64,32,2048,17664,52992,17664
large_model_double_samples,"4× parameters, doubled samples",current_run,one_node_per_level,1,0,2,9541274,integrator_uniform_replay,70,3,7,17650160,0.8391183018684387,0.6657067537307739,1024,512,512,4,0.38613589853048325,0.0,0.07446043379604816,0.12164466455578804,0.19003080017864704,7168,3072,4096,4096,6,64,32,2048,17920,53760,17920
large_model_double_samples,"4× parameters, doubled samples",current_run,one_node_per_level,1,0,2,9541274,integrator_uniform_replay,71,4,7,17650160,0.8272446990013123,0.711751401424408,1024,512,512,4,0.4193991255015135,0.0,0.07281827740371227,0.15849085338413715,0.18808999471366405,8192,4096,4096,4096,8,64,32,2048,18176,72704,18176
large_model_double_samples,"4× parameters, doubled samples",current_run,one_node_per_level,1,0,2,9541274,integrator_uniform_replay,72,2,7,17650160,0.8523220419883728,0.6698743104934692,1024,512,512,4,0.3512891214340925,0.0,0.07589937373995781,0.0961450170725584,0.1792447306215763,6144,2048,4096,4096,4,64,32,2048,18432,36864,18432
large_model_double_samples,"4× parameters, doubled samples",current_run,one_node_per_level,1,0,2,9541274,integrator_uniform_replay,73,3,7,17650160,0.8297837972640991,0.7052384614944458,1024,512,512,4,0.423882806673646,0.0,0.08017378114163876,0.1304787639528513,0.21323026157915592,7168,3072,4096,4096,6,64,32,2048,18688,56064,18688
large_model_double_samples,"4× parameters, doubled samples",current_run,one_node_per_level,1,0,2,9541274,integrator_uniform_replay,74,3,7,17650160,0.8381545543670654,0.6988142132759094,1024,512,512,4,0.3945175018161535,0.0,0.07760127447545528,0.12201063148677349,0.19490559585392475,7168,3072,4096,4096,6,64,32,2048,18944,56832,18944
large_model_double_samples,"4× parameters, doubled samples",current_run,one_node_per_level,1,0,2,9541274,integrator_uniform_replay,75,4,7,17650160,0.8231250047683716,0.7150160670280457,1024,512,512,4,0.4264945909380913,0.0,0.08532889746129513,0.15546619705855846,0.1856994964182377,8192,4096,4096,4096,8,64,32,2048,19200,76800,19200
large_model_double_samples,"4× parameters, doubled samples",current_run,one_node_per_level,1,0,2,9541274,integrator_uniform_replay,76,3,7,17650160,0.8396895527839661,0.6406442523002625,1024,512,512,4,0.39596050418913364,0.0,0.08268828876316547,0.12320614792406559,0.19006606750190258,7168,3072,4096,4096,6,64,32,2048,19456,58368,19456
large_model_double_samples,"4× parameters, doubled samples",current_run,one_node_per_level,1,0,2,9541274,integrator_uniform_replay,77,4,7,17650160,0.8270596861839294,0.668997049331665,1024,512,512,4,0.4278986547142267,0.0,0.08234838023781776,0.1536816470324993,0.19186862744390965,8192,4096,4096,4096,8,64,32,2048,19712,78848,19712
large_model_double_samples,"4× parameters, doubled samples",current_run,one_node_per_level,1,0,2,9541274,integrator_uniform_replay,78,4,7,17650160,0.8237680196762085,0.7241635322570801,1024,512,512,4,0.4142367225140333,0.0,0.08381769806146622,0.15043178014457226,0.17998724430799484,8192,4096,4096,4096,8,64,32,2048,19968,79872,19968
large_model_double_samples,"4× parameters, doubled samples",current_run,one_node_per_level,1,0,2,9541274,integrator_uniform_replay,79,5,7,17650160,0.8178402185440063,0.7353062033653259,1024,512,512,4,0.4452272616326809,0.0,0.07841327413916588,0.1782666351646185,0.18854735232889652,9216,5120,4096,4096,10,64,32,2048,20224,101120,20224
large_model_double_samples,"4× parameters, doubled samples",current_run,one_node_per_level,1,0,2,9541274,integrator_uniform_replay,80,2,7,17650160,0.851025402545929,0.5916078090667725,1024,512,512,4,0.3606336638331413,0.0,0.08218198269605637,0.09334788843989372,0.18510379269719124,6144,2048,4096,4096,4,64,32,2048,20480,40960,20480
large_model_double_samples,"4× parameters, doubled samples",current_run,one_node_per_level,1,0,2,9541274,integrator_uniform_replay,81,3,7,17650160,0.8408564925193787,0.6303795576095581,1024,512,512,4,0.3956272453069687,0.0,0.08558467961847782,0.12069167569279671,0.18935088999569416,7168,3072,4096,4096,6,64,32,2048,20736,62208,20736
large_model_double_samples,"4× parameters, doubled samples",current_run,one_node_per_level,1,0,2,9541274,integrator_uniform_replay,82,3,7,17650160,0.8455601930618286,0.6516945958137512,1024,512,512,4,0.4095465764403343,0.0,0.08730241283774376,0.12362098321318626,0.1986231803894043,7168,3072,4096,4096,6,64,32,2048,20992,62976,20992
large_model_double_samples,"4× parameters, doubled samples",current_run,one_node_per_level,1,0,2,9541274,integrator_uniform_replay,83,4,7,17650160,0.8335372805595398,0.6876731514930725,1024,512,512,4,0.4313568454235792,0.0,0.09106085635721684,0.1513276044279337,0.1889683846384287,8192,4096,4096,4096,8,64,32,2048,21248,84992,21248
large_model_double_samples,"4× parameters, doubled samples",current_run,one_node_per_level,1,0,2,9541274,integrator_uniform_replay,84,3,7,17650160,0.8426339030265808,0.6378332376480103,1024,512,512,4,0.3940306790173054,0.0,0.08608524315059185,0.12039512023329735,0.18755031563341618,7168,3072,4096,4096,6,64,32,2048,21504,64512,21504
large_model_double_samples,"4× parameters, doubled samples",current_run,one_node_per_level,1,0,2,9541274,integrator_uniform_replay,85,4,7,17650160,0.8282169103622437,0.698673665523529,1024,512,512,4,0.4297172296792269,0.0,0.08778674341738224,0.15302293933928013,0.1889075469225645,8192,4096,4096,4096,8,64,32,2048,21760,87040,21760
large_model_double_samples,"4× parameters, doubled samples",current_run,one_node_per_level,1,0,2,9541274,integrator_uniform_replay,86,4,7,17650160,0.8296239376068115,0.7133059501647949,1024,512,512,4,0.4348988216370344,0.0,0.09157098457217216,0.14868765510618687,0.19464018195867538,8192,4096,4096,4096,8,64,32,2048,22016,88064,22016
large_model_double_samples,"4× parameters, doubled samples",current_run,one_node_per_level,1,0,2,9541274,integrator_uniform_replay,87,5,7,17650160,0.8263290524482727,0.6805066466331482,1024,512,512,4,0.46797346137464046,0.0,0.08797727897763252,0.18099745362997055,0.1989987287670374,9216,5120,4096,4096,10,64,32,2048,22272,111360,22272
large_model_double_samples,"4× parameters, doubled samples",current_run,one_node_per_level,1,0,2,9541274,integrator_uniform_replay,88,3,7,17650160,0.84375,0.6452867984771729,1024,512,512,4,0.40622245892882347,0.0,0.09775556065142155,0.12134348228573799,0.18712341599166393,7168,3072,4096,4096,6,64,32,2048,22528,67584,22528
large_model_double_samples,"4× parameters, doubled samples",current_run,one_node_per_level,1,0,2,9541274,integrator_uniform_replay,89,4,7,17650160,0.8339624404907227,0.7018292546272278,1024,512,512,4,0.4389743972569704,0.0,0.08739049918949604,0.1508383061736822,0.20074559189379215,8192,4096,4096,4096,8,64,32,2048,22784,91136,22784
large_model_double_samples,"4× parameters, doubled samples",current_run,one_node_per_level,1,0,2,9541274,integrator_uniform_replay,90,4,7,17650160,0.8279513716697693,0.7328091859817505,1024,512,512,4,0.439067829400301,0.0,0.0940109882503748,0.15133138559758663,0.19372545555233955,8192,4096,4096,4096,8,64,32,2048,23040,92160,23040
large_model_double_samples,"4× parameters, doubled samples",current_run,one_node_per_level,1,0,2,9541274,integrator_uniform_replay,91,5,7,17650160,0.8200549483299255,0.7382981181144714,1024,512,512,4,0.47103733010590076,0.0,0.09699330665171146,0.17901141569018364,0.19503260776400566,9216,5120,4096,4096,10,64,32,2048,23296,116480,23296
large_model_double_samples,"4× parameters, doubled samples",current_run,one_node_per_level,1,0,2,9541274,integrator_uniform_replay,92,4,7,17650160,0.8237941861152649,0.7286215424537659,1024,512,512,4,0.45658635161817074,0.0,0.10676486790180206,0.1524202562868595,0.19740122742950916,8192,4096,4096,4096,8,64,32,2048,23552,94208,23552
large_model_double_samples,"4× parameters, doubled samples",current_run,one_node_per_level,1,0,2,9541274,integrator_uniform_replay,93,5,7,17650160,0.8162802457809448,0.7429914474487305,1024,512,512,4,0.4662988856434822,0.0,0.09275849163532257,0.18197745271027088,0.19156294129788876,9216,5120,4096,4096,10,64,32,2048,23808,119040,23808
large_model_double_samples,"4× parameters, doubled samples",current_run,one_node_per_level,1,0,2,9541274,integrator_uniform_replay,94,5,7,17650160,0.8158244490623474,0.7504943609237671,1024,512,512,4,0.47293687611818314,0.0,0.09340755641460419,0.17918580397963524,0.2003435157239437,9216,5120,4096,4096,10,64,32,2048,24064,120320,24064
large_model_double_samples,"4× parameters, doubled samples",current_run,one_node_per_level,1,0,2,9541274,integrator_uniform_replay,95,6,7,17650160,0.8155427575111389,0.7313879728317261,1024,512,512,4,0.5006432346999645,0.0,0.10416652075946331,0.21478889882564545,0.18168781511485577,10240,6144,4096,4096,12,64,32,2048,24320,145920,24320
large_model_double_samples,"4× parameters, doubled samples",current_run,one_node_per_level,1,0,2,9541274,integrator_uniform_replay,96,2,7,17650160,0.8473307490348816,0.6665389537811279,1024,512,512,4,0.3945256359875202,0.0,0.10421773418784142,0.094889797270298,0.1954181045293808,6144,2048,4096,4096,4,64,32,2048,24576,49152,24576
large_model_double_samples,"4× parameters, doubled samples",current_run,one_node_per_level,1,0,2,9541274,integrator_uniform_replay,97,3,7,17650160,0.8353736996650696,0.6568394303321838,1024,512,512,4,0.40571446157991886,0.0,0.09758820198476315,0.12230038084089756,0.18582587875425816,7168,3072,4096,4096,6,64,32,2048,24832,74496,24832
large_model_double_samples,"4× parameters, doubled samples",current_run,one_node_per_level,1,0,2,9541274,integrator_uniform_replay,98,3,7,17650160,0.8360171914100647,0.6559546589851379,1024,512,512,4,0.4233176168054342,0.0,0.10739193670451641,0.12591242790222168,0.19001325219869614,7168,3072,4096,4096,6,64,32,2048,25088,75264,25088
large_model_double_samples,"4× parameters, doubled samples",current_run,one_node_per_level,1,0,2,9541274,integrator_uniform_replay,99,4,7,17650160,0.8232717514038086,0.7135921716690063,1024,512,512,4,0.4592747110873461,0.0,0.10969843715429306,0.1534490454941988,0.19612722843885422,8192,4096,4096,4096,8,64,32,2048,25344,101376,25344
large_model_double_samples,"4× parameters, doubled samples",current_run,one_node_per_level,1,0,2,9541274,integrator_uniform_replay,100,3,7,17650160,0.8330468535423279,0.6859737634658813,1024,512,512,4,0.4175627026706934,0.0,0.10575527884066105,0.12397964671254158,0.18782777711749077,7168,3072,4096,4096,6,64,32,2048,25600,76800,25600
large_model_double_samples,"4× parameters, doubled samples",current_run,one_node_per_level,1,0,2,9541274,full_replay_integrator_20_epochs,100,3,7,17650160,0.8515234589576721,0.7908865213394165,51200,51200,0,20,38.23294893279672,0.08501789532601833,0.06295164301991463,2.4153917003422976,35.669587694108486,1177600,153600,1024000,1024000,75,8000,8000,102400,25600,76800,25600
