policy,max_nodes_per_level,run_seed,condition,learned_permutation_count,active_node_count,input_slot_count,integrator_parameter_count,accuracy,cross_entropy,training_examples,current_examples,historical_examples,epochs,total_training_wall_seconds,state_initialization_wall_seconds,data_preparation_wall_seconds,feature_wall_seconds,optimizer_wall_seconds,total_training_forward_example_passes,feature_forward_example_passes,integrator_forward_example_passes,integrator_backward_example_passes,feature_forward_calls,integrator_forward_calls,integrator_backward_calls,excluded_diagnostic_forward_example_passes,excluded_evaluation_examples,excluded_evaluation_feature_forward_example_passes,excluded_evaluation_integrator_forward_example_passes_per_condition
one_node_per_level,1,0,integrator_uniform_replay,1,1,7,4411658,0.82421875,0.8780616521835327,256,256,0,4,0.08224745653569698,0.031409524381160736,0.0,0.02615107223391533,0.02468685992062092,1280,256,1024,1024,1,8,8,512,256,256,256
one_node_per_level,1,0,full_replay_integrator_20_epochs,1,1,7,4411658,0.8203125,0.9646120071411133,256,256,0,20,0.14247013814747334,0.027294520288705826,0.00037779659032821655,0.010229827836155891,0.1045679934322834,5376,256,5120,5120,1,40,40,512,256,256,256
one_node_per_level,1,0,integrator_uniform_replay,2,1,7,4411658,0.826171875,0.8592020273208618,512,256,256,4,0.09212708845734596,0.0,0.0006017442792654037,0.02525619976222515,0.06626914441585541,2560,512,2048,2048,2,32,16,1024,512,512,512
one_node_per_level,1,0,full_replay_integrator_20_epochs,2,1,7,4411658,0.810546875,0.7688369154930115,512,512,0,20,0.24017280526459217,0.025218699127435684,0.0003853142261505127,0.015393972396850586,0.1991748195141554,10752,512,10240,10240,1,80,80,1024,512,512,512
one_node_per_level,1,0,integrator_uniform_replay,3,2,7,4411658,0.7200520634651184,1.0439220666885376,512,256,256,4,0.10146799497306347,0.0,0.0008313599973917007,0.03360697627067566,0.06702965870499611,3072,1024,2048,2048,4,32,16,1024,768,1536,768
one_node_per_level,1,0,integrator_uniform_replay,4,1,7,4411658,0.8134765625,0.9182229042053223,512,256,256,4,0.08247427828609943,0.0,0.0009253695607185364,0.018759332597255707,0.06278957612812519,2560,512,2048,2048,2,32,16,1024,1024,1024,1024
one_node_per_level,1,0,full_replay_integrator_20_epochs,4,1,7,4411658,0.796875,0.7518434524536133,1024,1024,0,20,0.43471304327249527,0.028019316494464874,0.0006060712039470673,0.012358378618955612,0.3937292769551277,21504,1024,20480,20480,1,160,160,2048,1024,1024,1024
one_node_per_level,1,0,integrator_uniform_replay,5,2,7,4411658,0.715624988079071,1.0387754440307617,512,256,256,4,0.10342840477824211,0.0,0.001000804826617241,0.03112056478857994,0.07130703516304493,3072,1024,2048,2048,4,32,16,1024,1280,2560,1280
one_node_per_level,1,0,integrator_uniform_replay,6,2,7,4411658,0.6848958134651184,1.0940788984298706,512,256,256,4,0.10641450434923172,0.0,0.001201927661895752,0.03399934992194176,0.07121322676539421,3072,1024,2048,2048,4,32,16,1024,1536,3072,1536
one_node_per_level,1,0,integrator_uniform_replay,7,3,7,4411658,0.6752232313156128,1.1574442386627197,512,256,256,4,0.11627707444131374,0.0,0.001587849110364914,0.043817294761538506,0.07087193056941032,3584,1536,2048,2048,6,32,16,1024,1792,5376,1792
one_node_per_level,1,0,integrator_uniform_replay,8,1,7,4411658,0.796875,0.910027265548706,512,256,256,4,0.0944181066006422,0.0,0.001595422625541687,0.0241701640188694,0.06865251995623112,2560,512,2048,2048,2,32,16,1024,2048,2048,2048
one_node_per_level,1,0,full_replay_integrator_20_epochs,8,1,7,4411658,0.8095703125,0.7378510236740112,2048,2048,0,20,0.891301054507494,0.02730153314769268,0.0010853838175535202,0.019175603985786438,0.8437385335564613,43008,2048,40960,40960,1,320,320,4096,2048,2048,2048
one_node_per_level,1,0,integrator_uniform_replay,9,2,7,4411658,0.7374131679534912,1.0705962181091309,512,256,256,4,0.10743745975196362,0.0,0.0018268339335918427,0.03450104407966137,0.0711095817387104,3072,1024,2048,2048,4,32,16,1024,2304,4608,2304
one_node_per_level,1,0,integrator_uniform_replay,10,2,7,4411658,0.741015613079071,1.08193039894104,512,256,256,4,0.10090621933341026,0.0,0.0016610696911811829,0.03576991893351078,0.0634752307087183,3072,1024,2048,2048,4,32,16,1024,2560,5120,2560
one_node_per_level,1,0,full_replay_integrator_20_epochs,10,2,7,4411658,0.8031250238418579,0.9989432096481323,2560,2560,0,20,1.1523139160126448,0.025309674441814423,0.001264745369553566,0.05031401664018631,1.0754254795610905,56320,5120,51200,51200,4,400,400,5120,2560,5120,2560
one_node_per_level,1,0,integrator_uniform_replay,11,3,7,4411658,0.69140625,1.125044822692871,512,256,256,4,0.11350644752383232,0.0,0.0018888823688030243,0.045438673347234726,0.06617889180779457,3584,1536,2048,2048,6,32,16,1024,2816,8448,2816
one_node_per_level,1,0,integrator_uniform_replay,12,2,7,4411658,0.7239583134651184,1.0556833744049072,512,256,256,4,0.0986950732767582,0.0,0.002267831936478615,0.029626725241541862,0.06680051609873772,3072,1024,2048,2048,4,32,16,1024,3072,6144,3072
one_node_per_level,1,0,integrator_uniform_replay,13,3,7,4411658,0.7055288553237915,1.0521914958953857,512,256,256,4,0.11095436848700047,0.0,0.0022415313869714737,0.04272102005779743,0.06599181704223156,3584,1536,2048,2048,6,32,16,1024,3328,9984,3328
one_node_per_level,1,0,integrator_uniform_replay,14,3,7,4411658,0.7215401530265808,1.0180797576904297,512,256,256,4,0.11555366963148117,0.0,0.0026538074016571045,0.04570179060101509,0.06719807162880898,3584,1536,2048,2048,6,32,16,1024,3584,10752,3584
one_node_per_level,1,0,integrator_uniform_replay,15,4,7,4411658,0.6940104365348816,1.073086142539978,512,256,256,4,0.12732560373842716,0.0,0.002501867711544037,0.0525373350828886,0.07228640094399452,4096,2048,2048,2048,8,32,16,1024,3840,15360,3840
one_node_per_level,1,0,integrator_uniform_replay,16,1,7,4411658,0.806884765625,0.8616979718208313,512,256,256,4,0.09298685006797314,0.0,0.0024617407470941544,0.0188966803252697,0.07162842899560928,2560,512,2048,2048,2,32,16,1024,4096,4096,4096
one_node_per_level,1,0,full_replay_integrator_20_epochs,16,1,7,4411658,0.808837890625,0.6642577648162842,4096,4096,0,20,1.7440524939447641,0.02429877035319805,0.0018751882016658783,0.05536015331745148,1.6625183820724487,86016,4096,81920,81920,2,640,640,8192,4096,4096,4096
one_node_per_level,1,0,integrator_uniform_replay,17,2,7,4411658,0.7545955777168274,0.9826546907424927,512,256,256,4,0.10035760700702667,0.0,0.003289084881544113,0.03040027804672718,0.06666824407875538,3072,1024,2048,2048,4,32,16,1024,4352,8704,4352
one_node_per_level,1,0,integrator_uniform_replay,18,2,7,4411658,0.7374131679534912,0.9987666010856628,512,256,256,4,0.11723138205707073,0.0,0.0035596732050180435,0.03581387177109718,0.0778578370809555,3072,1024,2048,2048,4,32,16,1024,4608,9216,4608
one_node_per_level,1,0,integrator_uniform_replay,19,3,7,4411658,0.7401315569877625,0.980915367603302,512,256,256,4,0.1157474983483553,0.0,0.0033146031200885773,0.04615696705877781,0.0662759281694889,3584,1536,2048,2048,6,32,16,1024,4864,14592,4864
one_node_per_level,1,0,integrator_uniform_replay,20,2,7,4411658,0.754687488079071,1.0148648023605347,512,256,256,4,0.1041064653545618,0.0,0.0036790594458580017,0.03360229544341564,0.06682511046528816,3072,1024,2048,2048,4,32,16,1024,5120,10240,5120
one_node_per_level,1,0,integrator_uniform_replay,21,3,7,4411658,0.7442336082458496,0.9974555969238281,512,256,256,4,0.10170726291835308,0.0,0.004140915349125862,0.040544742718338966,0.05702160485088825,3584,1536,2048,2048,6,32,16,1024,5376,16128,5376
one_node_per_level,1,0,integrator_uniform_replay,22,3,7,4411658,0.7368608117103577,1.0150471925735474,512,256,256,4,0.11063448525965214,0.0,0.003945555537939072,0.045805549249053,0.060883380472660065,3584,1536,2048,2048,6,32,16,1024,5632,16896,5632
one_node_per_level,1,0,integrator_uniform_replay,23,4,7,4411658,0.7275815010070801,1.0060499906539917,512,256,256,4,0.13153769448399544,0.0,0.004716649651527405,0.05725150182843208,0.06956954300403595,4096,2048,2048,2048,8,32,16,1024,5888,23552,5888
one_node_per_level,1,0,integrator_uniform_replay,24,2,7,4411658,0.76220703125,0.9422219395637512,512,256,256,4,0.09725227765738964,0.0,0.005020257085561752,0.029474828392267227,0.06275719217956066,3072,1024,2048,2048,4,32,16,1024,6144,12288,6144
one_node_per_level,1,0,integrator_uniform_replay,25,3,7,4411658,0.7439062595367432,0.9470027685165405,512,256,256,4,0.11109903082251549,0.0,0.004600068554282188,0.04212034121155739,0.06437862105667591,3584,1536,2048,2048,6,32,16,1024,6400,19200,6400
one_node_per_level,1,0,integrator_uniform_replay,26,3,7,4411658,0.7400841116905212,0.9784424901008606,512,256,256,4,0.11277798935770988,0.0,0.004635166376829147,0.04335686005651951,0.06478596292436123,3584,1536,2048,2048,6,32,16,1024,6656,19968,6656
one_node_per_level,1,0,full_replay_integrator_20_epochs,26,3,7,4411658,0.7983773946762085,1.1072865724563599,6656,6656,0,20,2.8631810545921326,0.02578543685376644,0.0035806819796562195,0.14339490793645382,2.690420027822256,153088,19968,133120,133120,12,1040,1040,13312,6656,19968,6656
one_node_per_level,1,0,integrator_uniform_replay,27,4,7,4411658,0.7287326455116272,1.0165162086486816,512,256,256,4,0.11901870183646679,0.0,0.005061237141489983,0.053426796570420265,0.06053066812455654,4096,2048,2048,2048,8,32,16,1024,6912,27648,6912
one_node_per_level,1,0,integrator_uniform_replay,28,3,7,4411658,0.7320033311843872,1.0225303173065186,512,256,256,4,0.10963675566017628,0.0,0.005868373438715935,0.04297383315861225,0.06079454906284809,3584,1536,2048,2048,6,32,16,1024,7168,21504,7168
one_node_per_level,1,0,integrator_uniform_replay,29,4,7,4411658,0.7277747988700867,1.0227285623550415,512,256,256,4,0.11289317719638348,0.0,0.00549209862947464,0.05326152965426445,0.054139548912644386,4096,2048,2048,2048,8,32,16,1024,7424,29696,7424
one_node_per_level,1,0,integrator_uniform_replay,30,4,7,4411658,0.7222656011581421,1.0067912340164185,512,256,256,4,0.12705559842288494,0.0,0.005340639501810074,0.06055253930389881,0.061162419617176056,4096,2048,2048,2048,8,32,16,1024,7680,30720,7680
one_node_per_level,1,0,integrator_uniform_replay,31,5,7,4411658,0.7431955933570862,0.954107403755188,512,256,256,4,0.1313532255589962,0.0,0.0057066455483436584,0.061668284237384796,0.06397829577326775,4608,2560,2048,2048,10,32,16,1024,7936,39680,7936
one_node_per_level,1,0,integrator_uniform_replay,32,1,7,4411658,0.7808837890625,0.9175522327423096,512,256,256,4,0.09463955834507942,0.0,0.00669376365840435,0.020820792764425278,0.0671250019222498,2560,512,2048,2048,2,32,16,1024,8192,8192,8192
one_node_per_level,1,0,integrator_uniform_replay,33,2,7,4411658,0.7771070003509521,0.9169399738311768,512,256,256,4,0.10431701131165028,0.0,0.005664056167006493,0.028777459636330605,0.06987549550831318,3072,1024,2048,2048,4,32,16,1024,8448,16896,8448
one_node_per_level,1,0,integrator_uniform_replay,34,2,7,4411658,0.7647058963775635,0.931710422039032,512,256,256,4,0.11657054349780083,0.0,0.0067946333438158035,0.03385569900274277,0.07592021115124226,3072,1024,2048,2048,4,32,16,1024,8704,17408,8704
one_node_per_level,1,0,integrator_uniform_replay,35,3,7,4411658,0.7549107074737549,0.9577902555465698,512,256,256,4,0.11591986007988453,0.0,0.006668843328952789,0.04335618205368519,0.06589483469724655,3584,1536,2048,2048,6,32,16,1024,8960,26880,8960
one_node_per_level,1,0,integrator_uniform_replay,36,2,7,4411658,0.7682291865348816,0.9135251641273499,512,256,256,4,0.10685459151864052,0.0,0.007146112620830536,0.030027976259589195,0.06968050263822079,3072,1024,2048,2048,4,32,16,1024,9216,18432,9216
one_node_per_level,1,0,integrator_uniform_replay,37,3,7,4411658,0.7688978314399719,0.8614124655723572,512,256,256,4,0.11037154868245125,0.0,0.0073753707110881805,0.03801499307155609,0.06498118489980698,3584,1536,2048,2048,6,32,16,1024,9472,28416,9472
one_node_per_level,1,0,integrator_uniform_replay,38,3,7,4411658,0.7487664222717285,0.9351432919502258,512,256,256,4,0.12539587169885635,0.0,0.007070848718285561,0.048847245052456856,0.06947777792811394,3584,1536,2048,2048,6,32,16,1024,9728,29184,9728
one_node_per_level,1,0,integrator_uniform_replay,39,4,7,4411658,0.7522035241127014,0.9370898604393005,512,256,256,4,0.1289587188512087,0.0,0.008259030058979988,0.051476895809173584,0.06922279298305511,4096,2048,2048,2048,8,32,16,1024,9984,39936,9984
one_node_per_level,1,0,integrator_uniform_replay,40,2,7,4411658,0.77001953125,0.9061066508293152,512,256,256,4,0.1138004269450903,0.0,0.008947150781750679,0.03476514108479023,0.07008813507854939,3072,1024,2048,2048,4,32,16,1024,10240,20480,10240
one_node_per_level,1,0,integrator_uniform_replay,41,3,7,4411658,0.7580030560493469,0.9106141328811646,512,256,256,4,0.11420684866607189,0.0,0.008220676332712173,0.04030844196677208,0.06567773036658764,3584,1536,2048,2048,6,32,16,1024,10496,31488,10496
one_node_per_level,1,0,full_replay_integrator_20_epochs,41,3,7,4411658,0.7923970818519592,1.11311936378479,10496,10496,0,20,4.451018178835511,0.023660404607653618,0.005810830742120743,0.210459616035223,4.211087327450514,241408,31488,209920,209920,18,1640,1640,20992,10496,31488,10496
one_node_per_level,1,0,integrator_uniform_replay,42,3,7,4411658,0.7549293041229248,0.9545920491218567,512,256,256,4,0.11342455260455608,0.0,0.008705008774995804,0.04640802554786205,0.05831151828169823,3584,1536,2048,2048,6,32,16,1024,10752,32256,10752
one_node_per_level,1,0,integrator_uniform_replay,43,4,7,4411658,0.7437318563461304,0.9255741834640503,512,256,256,4,0.1352611854672432,0.0,0.011834338307380676,0.05556968227028847,0.06785716488957405,4096,2048,2048,2048,8,32,16,1024,11008,44032,11008
one_node_per_level,1,0,integrator_uniform_replay,44,3,7,4411658,0.7638494372367859,0.9327706694602966,512,256,256,4,0.13036121428012848,0.0,0.014606751501560211,0.04044777899980545,0.07530668377876282,3584,1536,2048,2048,6,32,16,1024,11264,33792,11264
one_node_per_level,1,0,integrator_uniform_replay,45,4,7,4411658,0.7322916388511658,0.9956990480422974,512,256,256,4,0.14843087829649448,0.0,0.01636400632560253,0.06170630641281605,0.0703605655580759,4096,2048,2048,2048,8,32,16,1024,11520,46080,11520
one_node_per_level,1,0,integrator_uniform_replay,46,4,7,4411658,0.7325068116188049,1.056997299194336,512,256,256,4,0.12010792456567287,0.0,0.0127195343375206,0.04732252471148968,0.0600658655166626,4096,2048,2048,2048,8,32,16,1024,11776,47104,11776
one_node_per_level,1,0,integrator_uniform_replay,47,5,7,4411658,0.7111037373542786,1.0491752624511719,512,256,256,4,0.1497317422181368,0.0,0.01649424433708191,0.07173314690589905,0.06150435097515583,4608,2560,2048,2048,10,32,16,1024,12032,60160,12032
one_node_per_level,1,0,integrator_uniform_replay,48,2,7,4411658,0.7432454228401184,0.9415224194526672,512,256,256,4,0.10684249177575111,0.0,0.016042664647102356,0.031874559819698334,0.058925267308950424,3072,1024,2048,2048,4,32,16,1024,12288,24576,12288
one_node_per_level,1,0,integrator_uniform_replay,49,3,7,4411658,0.7340561151504517,0.9558181762695312,512,256,256,4,0.13474679179489613,0.0,0.017814986407756805,0.055894650518894196,0.061037154868245125,3584,1536,2048,2048,6,32,16,1024,12544,37632,12544
one_node_per_level,1,0,integrator_uniform_replay,50,3,7,4411658,0.7685156464576721,0.8823289275169373,512,256,256,4,0.12384641170501709,0.0,0.017025282606482506,0.04059663973748684,0.06622448936104774,3584,1536,2048,2048,6,32,16,1024,12800,38400,12800
one_node_per_level,1,0,integrator_uniform_replay,51,4,7,4411658,0.7473958134651184,0.919828474521637,512,256,256,4,0.1345338113605976,0.0,0.017913177609443665,0.049774009734392166,0.06684662401676178,4096,2048,2048,2048,8,32,16,1024,13056,52224,13056
one_node_per_level,1,0,integrator_uniform_replay,52,3,7,4411658,0.7269381284713745,1.067323088645935,512,256,256,4,0.15474936924874783,0.0,0.018921714276075363,0.05134500376880169,0.08448265120387077,3584,1536,2048,2048,6,32,16,1024,13312,39936,13312
one_node_per_level,1,0,integrator_uniform_replay,53,4,7,4411658,0.7457989454269409,0.9388484358787537,512,256,256,4,0.13275393843650818,0.0,0.01575152389705181,0.0574354212731123,0.05956699326634407,4096,2048,2048,2048,8,32,16,1024,13568,54272,13568
one_node_per_level,1,0,integrator_uniform_replay,54,4,7,4411658,0.7486979365348816,0.9634014964103699,512,256,256,4,0.1350486408919096,0.0,0.015680527314543724,0.05759090557694435,0.061777208000421524,4096,2048,2048,2048,8,32,16,1024,13824,55296,13824
one_node_per_level,1,0,integrator_uniform_replay,55,5,7,4411658,0.7330965995788574,0.9730799794197083,512,256,256,4,0.15215848572552204,0.0,0.018960226327180862,0.0645425133407116,0.06865574605762959,4608,2560,2048,2048,10,32,16,1024,14080,70400,14080
one_node_per_level,1,0,integrator_uniform_replay,56,3,7,4411658,0.7610909342765808,0.9525307416915894,512,256,256,4,0.14468552358448505,0.0,0.019173869863152504,0.05395592004060745,0.0715557336807251,3584,1536,2048,2048,6,32,16,1024,14336,43008,14336
one_node_per_level,1,0,integrator_uniform_replay,57,4,7,4411658,0.7060717940330505,1.030311942100525,512,256,256,4,0.14799544215202332,0.0,0.019559556618332863,0.058765312656760216,0.06967057287693024,4096,2048,2048,2048,8,32,16,1024,14592,58368,14592
one_node_per_level,1,0,integrator_uniform_replay,58,4,7,4411658,0.7453529238700867,0.9792037606239319,512,256,256,4,0.15089327655732632,0.0,0.020816316828131676,0.06478975340723991,0.06528720632195473,4096,2048,2048,2048,8,32,16,1024,14848,59392,14848
one_node_per_level,1,0,integrator_uniform_replay,59,5,7,4411658,0.729806661605835,1.00796377658844,512,256,256,4,0.15708773210644722,0.0,0.020190786570310593,0.07015605457127094,0.06674089096486568,4608,2560,2048,2048,10,32,16,1024,15104,75520,15104
one_node_per_level,1,0,integrator_uniform_replay,60,4,7,4411658,0.7178385257720947,1.0317528247833252,512,256,256,4,0.153139254078269,0.0,0.022083375602960587,0.05858778394758701,0.0724680945277214,4096,2048,2048,2048,8,32,16,1024,15360,61440,15360
one_node_per_level,1,0,integrator_uniform_replay,61,5,7,4411658,0.7385373711585999,0.9574382901191711,512,256,256,4,0.15609708428382874,0.0,0.02014436013996601,0.06831765174865723,0.0676350723952055,4608,2560,2048,2048,10,32,16,1024,15616,78080,15616
one_node_per_level,1,0,integrator_uniform_replay,62,5,7,4411658,0.7366431355476379,0.9907639026641846,512,256,256,4,0.16179224103689194,0.0,0.020269343629479408,0.07900568097829819,0.06251721642911434,4608,2560,2048,2048,10,32,16,1024,15872,79360,15872
one_node_per_level,1,0,integrator_uniform_replay,63,6,7,4411658,0.71645587682724,1.0455461740493774,512,256,256,4,0.15895781852304935,0.0,0.02077879197895527,0.07687035761773586,0.06130866892635822,5120,3072,2048,2048,12,32,16,1024,16128,96768,16128
one_node_per_level,1,0,integrator_uniform_replay,64,1,7,4411658,0.7584228515625,0.923994779586792,512,256,256,4,0.11352884955704212,0.0,0.02468773163855076,0.02570442296564579,0.06313669495284557,2560,512,2048,2048,2,32,16,1024,16384,16384,16384
one_node_per_level,1,0,integrator_uniform_replay,65,2,7,4411658,0.7567908763885498,0.9618586301803589,512,256,256,4,0.12172987684607506,0.0,0.022522982209920883,0.028675472363829613,0.07053142227232456,3072,1024,2048,2048,4,32,16,1024,16640,33280,16640
one_node_per_level,1,0,integrator_uniform_replay,66,2,7,4411658,0.7907196879386902,0.8547738790512085,512,256,256,4,0.13031599298119545,0.0,0.025335481390357018,0.03952796943485737,0.06545254215598106,3072,1024,2048,2048,4,32,16,1024,16896,33792,16896
one_node_per_level,1,0,full_replay_integrator_20_epochs,66,2,7,4411658,0.7877012491226196,0.8597013354301453,16896,16896,0,20,7.275202950462699,0.029292037710547447,0.019252363592386246,0.31244892440736294,6.914209624752402,371712,33792,337920,337920,18,2640,2640,33792,16896,33792,16896
one_node_per_level,1,0,integrator_uniform_replay,67,3,7,4411658,0.7592117786407471,0.9365608096122742,512,256,256,4,0.13223125971853733,0.0,0.026784315705299377,0.043334828689694405,0.06211211532354355,3584,1536,2048,2048,6,32,16,1024,17152,51456,17152
one_node_per_level,1,0,integrator_uniform_replay,68,2,7,4411658,0.7827435731887817,0.9222578406333923,512,256,256,4,0.12139512971043587,0.0,0.02601546421647072,0.03011889010667801,0.06526077538728714,3072,1024,2048,2048,4,32,16,1024,17408,34816,17408
one_node_per_level,1,0,integrator_uniform_replay,69,3,7,4411658,0.7631340622901917,0.9164388179779053,512,256,256,4,0.12520315311849117,0.0,0.02447705902159214,0.043317146599292755,0.05740894749760628,3584,1536,2048,2048,6,32,16,1024,17664,52992,17664
one_node_per_level,1,0,integrator_uniform_replay,70,3,7,4411658,0.7613839507102966,0.8976009488105774,512,256,256,4,0.13530275039374828,0.0,0.025222845375537872,0.03922536224126816,0.07085454277694225,3584,1536,2048,2048,6,32,16,1024,17920,53760,17920
one_node_per_level,1,0,integrator_uniform_replay,71,4,7,4411658,0.7480744123458862,0.9064401984214783,512,256,256,4,0.14713669382035732,0.0,0.022131575271487236,0.05978737585246563,0.06521774269640446,4096,2048,2048,2048,8,32,16,1024,18176,72704,18176
one_node_per_level,1,0,integrator_uniform_replay,72,2,7,4411658,0.7732204794883728,0.921879768371582,512,256,256,4,0.13135284930467606,0.0,0.027824515476822853,0.0332945603877306,0.0702337734401226,3072,1024,2048,2048,4,32,16,1024,18432,36864,18432
one_node_per_level,1,0,integrator_uniform_replay,73,3,7,4411658,0.7579195499420166,0.945967972278595,512,256,256,4,0.14169903844594955,0.0,0.027435967698693275,0.04387817159295082,0.07038489915430546,3584,1536,2048,2048,6,32,16,1024,18688,56064,18688
one_node_per_level,1,0,integrator_uniform_replay,74,3,7,4411658,0.7533255815505981,0.9019100069999695,512,256,256,4,0.13879616558551788,0.0,0.027251068502664566,0.04624119959771633,0.06530389748513699,3584,1536,2048,2048,6,32,16,1024,18944,56832,18944
one_node_per_level,1,0,integrator_uniform_replay,75,4,7,4411658,0.7595312595367432,0.8880862593650818,512,256,256,4,0.15295520424842834,0.0,0.03248746320605278,0.05603233352303505,0.06443540751934052,4096,2048,2048,2048,8,32,16,1024,19200,76800,19200
one_node_per_level,1,0,integrator_uniform_replay,76,3,7,4411658,0.7518503069877625,0.9384456276893616,512,256,256,4,0.13075315579771996,0.0,0.02663840353488922,0.04180685989558697,0.06230789236724377,3584,1536,2048,2048,6,32,16,1024,19456,58368,19456
one_node_per_level,1,0,integrator_uniform_replay,77,4,7,4411658,0.7578125,0.8891867399215698,512,256,256,4,0.1415773704648018,0.0,0.026621738448739052,0.05374700389802456,0.06120862811803818,4096,2048,2048,2048,8,32,16,1024,19712,78848,19712
one_node_per_level,1,0,integrator_uniform_replay,78,4,7,4411658,0.7532051205635071,0.9273562431335449,512,256,256,4,0.13790024630725384,0.0,0.026437466964125633,0.052679114043712616,0.05878366529941559,4096,2048,2048,2048,8,32,16,1024,19968,79872,19968
one_node_per_level,1,0,integrator_uniform_replay,79,5,7,4411658,0.7431269884109497,0.9400565028190613,512,256,256,4,0.15233600325882435,0.0,0.025718601420521736,0.06805540435016155,0.05856199748814106,4608,2560,2048,2048,10,32,16,1024,20224,101120,20224
one_node_per_level,1,0,integrator_uniform_replay,80,2,7,4411658,0.75244140625,0.9129804372787476,512,256,256,4,0.1314897034317255,0.0,0.029053442180156708,0.029362652450799942,0.07307360880076885,3072,1024,2048,2048,4,32,16,1024,20480,40960,20480
one_node_per_level,1,0,integrator_uniform_replay,81,3,7,4411658,0.7592592835426331,0.9353124499320984,512,256,256,4,0.14026546664536,0.0,0.030270908027887344,0.04333103448152542,0.06666352413594723,3584,1536,2048,2048,6,32,16,1024,20736,62208,20736
one_node_per_level,1,0,integrator_uniform_replay,82,3,7,4411658,0.750285804271698,0.9551557302474976,512,256,256,4,0.13786795549094677,0.0,0.029398951679468155,0.04348512552678585,0.06498387828469276,3584,1536,2048,2048,6,32,16,1024,20992,62976,20992
one_node_per_level,1,0,integrator_uniform_replay,83,4,7,4411658,0.7386106848716736,0.9638437628746033,512,256,256,4,0.1547332089394331,0.0,0.02971065416932106,0.05296093225479126,0.07206162251532078,4096,2048,2048,2048,8,32,16,1024,21248,84992,21248
one_node_per_level,1,0,integrator_uniform_replay,84,3,7,4411658,0.7425130009651184,0.9322260618209839,512,256,256,4,0.1414936799556017,0.0,0.03251169063150883,0.04376105219125748,0.06522093713283539,3584,1536,2048,2048,6,32,16,1024,21504,64512,21504
one_node_per_level,1,0,integrator_uniform_replay,85,4,7,4411658,0.7476562261581421,0.9283820390701294,512,256,256,4,0.1551381852477789,0.0,0.03193969093263149,0.0584578663110733,0.0647406280040741,4096,2048,2048,2048,8,32,16,1024,21760,87040,21760
one_node_per_level,1,0,integrator_uniform_replay,86,4,7,4411658,0.743323028087616,0.9478209614753723,512,256,256,4,0.14885756745934486,0.0,0.028702275827527046,0.059351224452257156,0.06080406717956066,4096,2048,2048,2048,8,32,16,1024,22016,88064,22016
one_node_per_level,1,0,integrator_uniform_replay,87,5,7,4411658,0.7404813170433044,0.9152436256408691,512,256,256,4,0.16987324133515358,0.0,0.02984468825161457,0.07279656827449799,0.06723198480904102,4608,2560,2048,2048,10,32,16,1024,22272,111360,22272
one_node_per_level,1,0,integrator_uniform_replay,88,3,7,4411658,0.7600319385528564,0.9135608673095703,512,256,256,4,0.13557665422558784,0.0,0.03180982545018196,0.043578965589404106,0.06018786318600178,3584,1536,2048,2048,6,32,16,1024,22528,67584,22528
one_node_per_level,1,0,integrator_uniform_replay,89,4,7,4411658,0.755574107170105,0.8991490006446838,512,256,256,4,0.1485134344547987,0.0,0.03038564883172512,0.05567573383450508,0.0624520517885685,4096,2048,2048,2048,8,32,16,1024,22784,91136,22784
one_node_per_level,1,0,integrator_uniform_replay,90,4,7,4411658,0.7472222447395325,0.9407551288604736,512,256,256,4,0.15179834328591824,0.0,0.032729385420680046,0.05610458925366402,0.06296436861157417,4096,2048,2048,2048,8,32,16,1024,23040,92160,23040
one_node_per_level,1,0,integrator_uniform_replay,91,5,7,4411658,0.7469522953033447,0.9373282194137573,512,256,256,4,0.1542221363633871,0.0,0.031173549592494965,0.0688832476735115,0.05416533909738064,4608,2560,2048,2048,10,32,16,1024,23296,116480,23296
one_node_per_level,1,0,integrator_uniform_replay,92,4,7,4411658,0.747664749622345,0.9385048151016235,512,256,256,4,0.14499272778630257,0.0,0.03246056288480759,0.0523967370390892,0.06013542786240578,4096,2048,2048,2048,8,32,16,1024,23552,94208,23552
one_node_per_level,1,0,integrator_uniform_replay,93,5,7,4411658,0.7441616058349609,0.92903071641922,512,256,256,4,0.1585374865680933,0.0,0.030566059052944183,0.06443458423018456,0.06353684328496456,4608,2560,2048,2048,10,32,16,1024,23808,119040,23808
one_node_per_level,1,0,integrator_uniform_replay,94,5,7,4411658,0.7406083941459656,0.9710119366645813,512,256,256,4,0.160544840618968,0.0,0.03287498466670513,0.06187928281724453,0.06579057313501835,4608,2560,2048,2048,10,32,16,1024,24064,120320,24064
one_node_per_level,1,0,integrator_uniform_replay,95,6,7,4411658,0.7237253189086914,0.9818690419197083,512,256,256,4,0.17602316662669182,0.0,0.03260985016822815,0.07856028340756893,0.06485303305089474,5120,3072,2048,2048,12,32,16,1024,24320,145920,24320
one_node_per_level,1,0,integrator_uniform_replay,96,2,7,4411658,0.7552083134651184,0.9753305912017822,512,256,256,4,0.12611977756023407,0.0,0.03468608856201172,0.03329351544380188,0.05814017355442047,3072,1024,2048,2048,4,32,16,1024,24576,49152,24576
one_node_per_level,1,0,integrator_uniform_replay,97,3,7,4411658,0.7461742758750916,0.9377908706665039,512,256,256,4,0.1442157905548811,0.0,0.03499400429427624,0.046219006180763245,0.06300278007984161,3584,1536,2048,2048,6,32,16,1024,24832,74496,24832
one_node_per_level,1,0,integrator_uniform_replay,98,3,7,4411658,0.7496412396430969,0.9546350240707397,512,256,256,4,0.14332505501806736,0.0,0.03654419258236885,0.04389774985611439,0.06288311257958412,3584,1536,2048,2048,6,32,16,1024,25088,75264,25088
one_node_per_level,1,0,integrator_uniform_replay,99,4,7,4411658,0.7209596037864685,1.0100436210632324,512,256,256,4,0.160353135317564,0.0,0.03554916940629482,0.055981624871492386,0.0688223410397768,4096,2048,2048,2048,8,32,16,1024,25344,101376,25344
one_node_per_level,1,0,integrator_uniform_replay,100,3,7,4411658,0.7563672065734863,0.9160126447677612,512,256,256,4,0.15554474852979183,0.0,0.035134801641106606,0.05088815651834011,0.06952179037034512,3584,1536,2048,2048,6,32,16,1024,25600,76800,25600
one_node_per_level,1,0,full_replay_integrator_20_epochs,100,3,7,4411658,0.7786328196525574,1.077337622642517,25600,25600,0,20,11.08616384677589,0.022399084642529488,0.03170320391654968,0.5281662605702877,10.503895297646523,588800,76800,512000,512000,39,4000,4000,51200,25600,76800,25600
one_node_per_level,1,1,integrator_uniform_replay,1,1,7,4411658,0.84765625,0.8744320273399353,256,256,0,4,0.06292758882045746,0.02394580841064453,0.0,0.015434328466653824,0.023547451943159103,1280,256,1024,1024,1,8,8,512,256,256,256
one_node_per_level,1,1,full_replay_integrator_20_epochs,1,1,7,4411658,0.83984375,1.024357557296753,256,256,0,20,0.14610945247113705,0.026002101600170135,0.00027511268854141235,0.010866381227970123,0.10896585695445538,5376,256,5120,5120,1,40,40,512,256,256,256
one_node_per_level,1,1,integrator_uniform_replay,2,1,7,4411658,0.82421875,0.8892583847045898,512,256,256,4,0.08393346704542637,0.0,0.0005301292985677719,0.01816423237323761,0.06523910537362099,2560,512,2048,2048,2,32,16,1024,512,512,512
one_node_per_level,1,1,full_replay_integrator_20_epochs,2,1,7,4411658,0.802734375,0.8649957776069641,512,512,0,20,0.2363755013793707,0.024163559079170227,0.0003588218241930008,0.010500872507691383,0.20135224796831608,10752,512,10240,10240,1,80,80,1024,512,512,512
one_node_per_level,1,1,integrator_uniform_replay,3,2,7,4411658,0.7239583134651184,1.0843582153320312,512,256,256,4,0.10140193812549114,0.0,0.0007585026323795319,0.03413000702857971,0.0665134284645319,3072,1024,2048,2048,4,32,16,1024,768,1536,768
one_node_per_level,1,1,integrator_uniform_replay,4,1,7,4411658,0.79296875,0.9737664461135864,512,256,256,4,0.08787836693227291,0.0,0.0008826795965433121,0.02372911386191845,0.06326657347381115,2560,512,2048,2048,2,32,16,1024,1024,1024,1024
one_node_per_level,1,1,full_replay_integrator_20_epochs,4,1,7,4411658,0.78515625,0.8040803074836731,1024,1024,0,20,0.4510699473321438,0.02579004317522049,0.0005616005510091782,0.012566233053803444,0.41215207055211067,21504,1024,20480,20480,1,160,160,2048,1024,1024,1024
one_node_per_level,1,1,integrator_uniform_replay,5,2,7,4411658,0.6875,1.2420485019683838,512,256,256,4,0.10628219693899155,0.0,0.0012326166033744812,0.03456747159361839,0.07048210874199867,3072,1024,2048,2048,4,32,16,1024,1280,2560,1280
one_node_per_level,1,1,integrator_uniform_replay,6,2,7,4411658,0.7024739384651184,1.126649022102356,512,256,256,4,0.08712105639278889,0.0,0.0009653959423303604,0.02776399254798889,0.058391667902469635,3072,1024,2048,2048,4,32,16,1024,1536,3072,1536
one_node_per_level,1,1,integrator_uniform_replay,7,3,7,4411658,0.6255580186843872,1.2242473363876343,512,256,256,4,0.10308754071593285,0.0,0.0014128554612398148,0.04283936507999897,0.05883532017469406,3584,1536,2048,2048,6,32,16,1024,1792,5376,1792
one_node_per_level,1,1,integrator_uniform_replay,8,1,7,4411658,0.76953125,0.9772784113883972,512,256,256,4,0.10002783499658108,0.0,0.0013362616300582886,0.019415829330682755,0.07927574403584003,2560,512,2048,2048,2,32,16,1024,2048,2048,2048
one_node_per_level,1,1,full_replay_integrator_20_epochs,8,1,7,4411658,0.7685546875,0.775784432888031,2048,2048,0,20,0.8870469573885202,0.02344219945371151,0.0011576227843761444,0.021816587075591087,0.8406305480748415,43008,2048,40960,40960,1,320,320,4096,2048,2048,2048
one_node_per_level,1,1,integrator_uniform_replay,9,2,7,4411658,0.6940104365348816,1.106846570968628,512,256,256,4,0.10902965441346169,0.0,0.0018383357673883438,0.029605798423290253,0.07758552022278309,3072,1024,2048,2048,4,32,16,1024,2304,4608,2304
one_node_per_level,1,1,integrator_uniform_replay,10,2,7,4411658,0.7265625,1.0500082969665527,512,256,256,4,0.09479006938636303,0.0,0.0017091110348701477,0.03280147910118103,0.06027947925031185,3072,1024,2048,2048,4,32,16,1024,2560,5120,2560
one_node_per_level,1,1,full_replay_integrator_20_epochs,10,2,7,4411658,0.774218738079071,1.0419892072677612,2560,2560,0,20,1.1498638521879911,0.026970870792865753,0.0012086406350135803,0.03581019677221775,1.085874143987894,56320,5120,51200,51200,4,400,400,5120,2560,5120,2560
one_node_per_level,1,1,integrator_uniform_replay,11,3,7,4411658,0.7166193127632141,1.074461579322815,512,256,256,4,0.11504677683115005,0.0,0.0020784325897693634,0.0475832000374794,0.06538514420390129,3584,1536,2048,2048,6,32,16,1024,2816,8448,2816
one_node_per_level,1,1,integrator_uniform_replay,12,2,7,4411658,0.7317708134651184,1.0773884057998657,512,256,256,4,0.09411895461380482,0.0,0.0018672198057174683,0.029560698196291924,0.06269103661179543,3072,1024,2048,2048,4,32,16,1024,3072,6144,3072
one_node_per_level,1,1,integrator_uniform_replay,13,3,7,4411658,0.7223557829856873,1.061752200126648,512,256,256,4,0.11063261516392231,0.0,0.0025609396398067474,0.04256066493690014,0.06551101058721542,3584,1536,2048,2048,6,32,16,1024,3328,9984,3328
one_node_per_level,1,1,integrator_uniform_replay,14,3,7,4411658,0.7268415093421936,1.0957810878753662,512,256,256,4,0.11901534162461758,0.0,0.002722330391407013,0.04573311470448971,0.07055989652872086,3584,1536,2048,2048,6,32,16,1024,3584,10752,3584
one_node_per_level,1,1,integrator_uniform_replay,15,4,7,4411658,0.7158854007720947,1.092273473739624,512,256,256,4,0.13553038612008095,0.0,0.003294285386800766,0.06360294111073017,0.06863315962255001,4096,2048,2048,2048,8,32,16,1024,3840,15360,3840
one_node_per_level,1,1,integrator_uniform_replay,16,1,7,4411658,0.77099609375,1.0216772556304932,512,256,256,4,0.09167825244367123,0.0,0.002693142741918564,0.019180532544851303,0.06980457715690136,2560,512,2048,2048,2,32,16,1024,4096,4096,4096
one_node_per_level,1,1,full_replay_integrator_20_epochs,16,1,7,4411658,0.77880859375,0.7136836647987366,4096,4096,0,20,1.7947232760488987,0.02573520317673683,0.0019369050860404968,0.05238453112542629,1.714666636660695,86016,4096,81920,81920,2,640,640,8192,4096,4096,4096
one_node_per_level,1,1,integrator_uniform_replay,17,2,7,4411658,0.6982996463775635,1.1192294359207153,512,256,256,4,0.09405583702027798,0.0,0.003183376044034958,0.03172384202480316,0.05914861895143986,3072,1024,2048,2048,4,32,16,1024,4352,8704,4352
one_node_per_level,1,1,integrator_uniform_replay,18,2,7,4411658,0.7222222089767456,1.0822187662124634,512,256,256,4,0.10751938633620739,0.0,0.0031578950583934784,0.028662582859396935,0.07569890841841698,3072,1024,2048,2048,4,32,16,1024,4608,9216,4608
one_node_per_level,1,1,integrator_uniform_replay,19,3,7,4411658,0.7370476722717285,0.9899783730506897,512,256,256,4,0.11487633362412453,0.0,0.0038750525563955307,0.04200606048107147,0.06899522058665752,3584,1536,2048,2048,6,32,16,1024,4864,14592,4864
one_node_per_level,1,1,integrator_uniform_replay,20,2,7,4411658,0.768359363079071,0.9532688856124878,512,256,256,4,0.12039870209991932,0.0,0.004189526662230492,0.035179628059268,0.08102954737842083,3072,1024,2048,2048,4,32,16,1024,5120,10240,5120
one_node_per_level,1,1,integrator_uniform_replay,21,3,7,4411658,0.7276785969734192,0.9798169136047363,512,256,256,4,0.1178093645721674,0.0,0.003776092082262039,0.0478451456874609,0.06618812680244446,3584,1536,2048,2048,6,32,16,1024,5376,16128,5376
one_node_per_level,1,1,integrator_uniform_replay,22,3,7,4411658,0.7487571239471436,0.9361448884010315,512,256,256,4,0.1153794713318348,0.0,0.0037380512803792953,0.04400412365794182,0.06763729639351368,3584,1536,2048,2048,6,32,16,1024,5632,16896,5632
one_node_per_level,1,1,integrator_uniform_replay,23,4,7,4411658,0.7168818116188049,1.0143839120864868,512,256,256,4,0.11715113744139671,0.0,0.003916548565030098,0.052788613364100456,0.06044597551226616,4096,2048,2048,2048,8,32,16,1024,5888,23552,5888
one_node_per_level,1,1,integrator_uniform_replay,24,2,7,4411658,0.7726237177848816,0.9457616209983826,512,256,256,4,0.09806135669350624,0.0,0.004723774269223213,0.030337758362293243,0.06299982406198978,3072,1024,2048,2048,4,32,16,1024,6144,12288,6144
one_node_per_level,1,1,integrator_uniform_replay,25,3,7,4411658,0.7409374713897705,0.9837169647216797,512,256,256,4,0.11149394325911999,0.0,0.004874803125858307,0.0455071572214365,0.06111198291182518,3584,1536,2048,2048,6,32,16,1024,6400,19200,6400
one_node_per_level,1,1,integrator_uniform_replay,26,3,7,4411658,0.765625,0.920698881149292,512,256,256,4,0.12093488872051239,0.0,0.004071809351444244,0.04903157241642475,0.0678315069526434,3584,1536,2048,2048,6,32,16,1024,6656,19968,6656
one_node_per_level,1,1,full_replay_integrator_20_epochs,26,3,7,4411658,0.7934194803237915,1.1537106037139893,6656,6656,0,20,2.8354036547243595,0.027436355128884315,0.0031721647828817368,0.13046198897063732,2.674333145841956,153088,19968,133120,133120,12,1040,1040,13312,6656,19968,6656
one_node_per_level,1,1,integrator_uniform_replay,27,4,7,4411658,0.7348090410232544,0.9687836170196533,512,256,256,4,0.11619031243026257,0.0,0.004995672032237053,0.05423090606927872,0.056963734328746796,4096,2048,2048,2048,8,32,16,1024,6912,27648,6912
one_node_per_level,1,1,integrator_uniform_replay,28,3,7,4411658,0.7497209906578064,0.9422244429588318,512,256,256,4,0.11771968938410282,0.0,0.006213389337062836,0.04190586134791374,0.06960043869912624,3584,1536,2048,2048,6,32,16,1024,7168,21504,7168
one_node_per_level,1,1,integrator_uniform_replay,29,4,7,4411658,0.7308728694915771,0.997074544429779,512,256,256,4,0.1204241756349802,0.0,0.005028756335377693,0.048946913331747055,0.06644850596785545,4096,2048,2048,2048,8,32,16,1024,7424,29696,7424
one_node_per_level,1,1,integrator_uniform_replay,30,4,7,4411658,0.7442708611488342,0.9591090679168701,512,256,256,4,0.1274174377322197,0.0,0.005550015717744827,0.04864468239247799,0.07322273962199688,4096,2048,2048,2048,8,32,16,1024,7680,30720,7680
one_node_per_level,1,1,integrator_uniform_replay,31,5,7,4411658,0.727318525314331,0.9869431853294373,512,256,256,4,0.14296327717602253,0.0,0.006127094849944115,0.07145045883953571,0.0653857234865427,4608,2560,2048,2048,10,32,16,1024,7936,39680,7936
one_node_per_level,1,1,integrator_uniform_replay,32,1,7,4411658,0.785400390625,0.9193172454833984,512,256,256,4,0.09821987710893154,0.0,0.007029369473457336,0.023848462849855423,0.06734204478561878,2560,512,2048,2048,2,32,16,1024,8192,8192,8192
one_node_per_level,1,1,integrator_uniform_replay,33,2,7,4411658,0.7745028138160706,0.9400375485420227,512,256,256,4,0.11080125719308853,0.0,0.006757283583283424,0.03432649001479149,0.06971748359501362,3072,1024,2048,2048,4,32,16,1024,8448,16896,8448
one_node_per_level,1,1,integrator_uniform_replay,34,2,7,4411658,0.7823988795280457,0.9537942409515381,512,256,256,4,0.11717745661735535,0.0,0.00836552307009697,0.04143581539392471,0.06737611815333366,3072,1024,2048,2048,4,32,16,1024,8704,17408,8704
one_node_per_level,1,1,integrator_uniform_replay,35,3,7,4411658,0.765625,0.9247085452079773,512,256,256,4,0.12503483146429062,0.0,0.007201638072729111,0.046523261815309525,0.07130993157625198,3584,1536,2048,2048,6,32,16,1024,8960,26880,8960
one_node_per_level,1,1,integrator_uniform_replay,36,2,7,4411658,0.7752821445465088,0.9556995034217834,512,256,256,4,0.10554768890142441,0.0,0.00785890780389309,0.03605664148926735,0.06163213960826397,3072,1024,2048,2048,4,32,16,1024,9216,18432,9216
one_node_per_level,1,1,integrator_uniform_replay,37,3,7,4411658,0.755806565284729,0.9515820145606995,512,256,256,4,0.12347529642283916,0.0,0.007459478452801704,0.05032605677843094,0.06568976119160652,3584,1536,2048,2048,6,32,16,1024,9472,28416,9472
one_node_per_level,1,1,integrator_uniform_replay,38,3,7,4411658,0.7330386638641357,1.0413694381713867,512,256,256,4,0.11640381999313831,0.0,0.008450696244835854,0.04297279193997383,0.06498033180832863,3584,1536,2048,2048,6,32,16,1024,9728,29184,9728
one_node_per_level,1,1,integrator_uniform_replay,39,4,7,4411658,0.7456930875778198,0.9902642369270325,512,256,256,4,0.12182371690869331,0.0,0.007653277367353439,0.056383319199085236,0.05778712034225464,4096,2048,2048,2048,8,32,16,1024,9984,39936,9984
one_node_per_level,1,1,integrator_uniform_replay,40,2,7,4411658,0.7642577886581421,0.9390684962272644,512,256,256,4,0.09965362586081028,0.0,0.008330978453159332,0.030701566487550735,0.06062108092010021,3072,1024,2048,2048,4,32,16,1024,10240,20480,10240
one_node_per_level,1,1,integrator_uniform_replay,41,3,7,4411658,0.7551448345184326,0.9109563231468201,512,256,256,4,0.12184985913336277,0.0,0.008901270106434822,0.0439987238496542,0.06894986517727375,3584,1536,2048,2048,6,32,16,1024,10496,31488,10496
one_node_per_level,1,1,full_replay_integrator_20_epochs,41,3,7,4411658,0.769245445728302,1.1568024158477783,10496,10496,0,20,4.387955812737346,0.028072478249669075,0.005779964849352837,0.2081850878894329,4.145918281748891,241408,31488,209920,209920,18,1640,1640,20992,10496,31488,10496
one_node_per_level,1,1,integrator_uniform_replay,42,3,7,4411658,0.7399553656578064,0.9778829216957092,512,256,256,4,0.11773022636771202,0.0,0.008486591279506683,0.04160686023533344,0.0676367748528719,3584,1536,2048,2048,6,32,16,1024,10752,32256,10752
one_node_per_level,1,1,integrator_uniform_replay,43,4,7,4411658,0.7330123782157898,0.9711330533027649,512,256,256,4,0.11644547805190086,0.0,0.008255615830421448,0.051782747730612755,0.05640711449086666,4096,2048,2048,2048,8,32,16,1024,11008,44032,11008
one_node_per_level,1,1,integrator_uniform_replay,44,3,7,4411658,0.7624289989471436,0.9340582489967346,512,256,256,4,0.11054094694554806,0.0,0.008708834648132324,0.041178930550813675,0.06065318174660206,3584,1536,2048,2048,6,32,16,1024,11264,33792,11264
one_node_per_level,1,1,integrator_uniform_replay,45,4,7,4411658,0.7267361283302307,0.9762730002403259,512,256,256,4,0.11113362200558186,0.0,0.008694818243384361,0.04880271106958389,0.0536360926926136,4096,2048,2048,2048,8,32,16,1024,11520,46080,11520
one_node_per_level,1,1,integrator_uniform_replay,46,4,7,4411658,0.7526324987411499,0.941651463508606,512,256,256,4,0.10605482012033463,0.0,0.008094115182757378,0.0474232342094183,0.05053747072815895,4096,2048,2048,2048,8,32,16,1024,11776,47104,11776
one_node_per_level,1,1,integrator_uniform_replay,47,5,7,4411658,0.7352892160415649,0.99594646692276,512,256,256,4,0.12559590116143227,0.0,0.009461266919970512,0.05831167660653591,0.05782295763492584,4608,2560,2048,2048,10,32,16,1024,12032,60160,12032
one_node_per_level,1,1,integrator_uniform_replay,48,2,7,4411658,0.7285969853401184,1.0897239446640015,512,256,256,4,0.11106634140014648,0.0,0.009812412783503532,0.031332189217209816,0.06992173939943314,3072,1024,2048,2048,4,32,16,1024,12288,24576,12288
one_node_per_level,1,1,integrator_uniform_replay,49,3,7,4411658,0.7409917116165161,0.9546642899513245,512,256,256,4,0.11079084128141403,0.0,0.011017577722668648,0.03967330418527126,0.06009995937347412,3584,1536,2048,2048,6,32,16,1024,12544,37632,12544
one_node_per_level,1,1,integrator_uniform_replay,50,3,7,4411658,0.7640625238418579,0.9045805931091309,512,256,256,4,0.1141514703631401,0.0,0.009940916672348976,0.0374873373657465,0.06672321632504463,3584,1536,2048,2048,6,32,16,1024,12800,38400,12800
one_node_per_level,1,1,integrator_uniform_replay,51,4,7,4411658,0.7395833134651184,0.9548572301864624,512,256,256,4,0.11368817090988159,0.0,0.009594127535820007,0.04736441560089588,0.0567296277731657,4096,2048,2048,2048,8,32,16,1024,13056,52224,13056
one_node_per_level,1,1,integrator_uniform_replay,52,3,7,4411658,0.744215726852417,0.9785448908805847,512,256,256,4,0.12280307896435261,0.0,0.010389761999249458,0.03775916434824467,0.07465415261685848,3584,1536,2048,2048,6,32,16,1024,13312,39936,13312
one_node_per_level,1,1,integrator_uniform_replay,53,4,7,4411658,0.7310583591461182,0.9664608240127563,512,256,256,4,0.11131427437067032,0.0,0.009544216096401215,0.04718830622732639,0.05458175204694271,4096,2048,2048,2048,8,32,16,1024,13568,54272,13568
one_node_per_level,1,1,integrator_uniform_replay,54,4,7,4411658,0.7337239384651184,0.9641976952552795,512,256,256,4,0.11374898999929428,0.0,0.010008469223976135,0.047765398398041725,0.05597512237727642,4096,2048,2048,2048,8,32,16,1024,13824,55296,13824
one_node_per_level,1,1,integrator_uniform_replay,55,5,7,4411658,0.7370028495788574,0.9384338855743408,512,256,256,4,0.13472112081944942,0.0,0.01152031496167183,0.05918262340128422,0.06401818245649338,4608,2560,2048,2048,10,32,16,1024,14080,70400,14080
one_node_per_level,1,1,integrator_uniform_replay,56,3,7,4411658,0.7489537000656128,0.9934594035148621,512,256,256,4,0.11768614128232002,0.0,0.016412368044257164,0.038405610248446465,0.0628681629896164,3584,1536,2048,2048,6,32,16,1024,14336,43008,14336
one_node_per_level,1,1,integrator_uniform_replay,57,4,7,4411658,0.7164199352264404,1.0526301860809326,512,256,256,4,0.1153476145118475,0.0,0.017934363335371017,0.04668908752501011,0.05072416365146637,4096,2048,2048,2048,8,32,16,1024,14592,58368,14592
one_node_per_level,1,1,integrator_uniform_replay,58,4,7,4411658,0.7453529238700867,0.9521692991256714,512,256,256,4,0.12593745067715645,0.0,0.018053671345114708,0.05022044666111469,0.05766333267092705,4096,2048,2048,2048,8,32,16,1024,14848,59392,14848
one_node_per_level,1,1,integrator_uniform_replay,59,5,7,4411658,0.7356991767883301,0.921920895576477,512,256,256,4,0.12832596711814404,0.0,0.012903455644845963,0.05857965722680092,0.056842854246497154,4608,2560,2048,2048,10,32,16,1024,15104,75520,15104
one_node_per_level,1,1,integrator_uniform_replay,60,4,7,4411658,0.7354166507720947,1.0377001762390137,512,256,256,4,0.12730573117733002,0.0,0.01892450638115406,0.04799427278339863,0.06038695201277733,4096,2048,2048,2048,8,32,16,1024,15360,61440,15360
one_node_per_level,1,1,integrator_uniform_replay,61,5,7,4411658,0.7296362519264221,1.0309830904006958,512,256,256,4,0.13350056298077106,0.0,0.019304247573018074,0.056281715631484985,0.057914599776268005,4608,2560,2048,2048,10,32,16,1024,15616,78080,15616
one_node_per_level,1,1,integrator_uniform_replay,62,5,7,4411658,0.7264994978904724,1.0060611963272095,512,256,256,4,0.14522056095302105,0.0,0.021142834797501564,0.057910675182938576,0.06616705097258091,4608,2560,2048,2048,10,32,16,1024,15872,79360,15872
one_node_per_level,1,1,integrator_uniform_replay,63,6,7,4411658,0.7089533805847168,1.0680372714996338,512,256,256,4,0.14877303317189217,0.0,0.0204574316740036,0.07108416967093945,0.05723143182694912,5120,3072,2048,2048,12,32,16,1024,16128,96768,16128
one_node_per_level,1,1,integrator_uniform_replay,64,1,7,4411658,0.779052734375,0.9004338383674622,512,256,256,4,0.09667534939944744,0.0,0.019436029717326164,0.019529907032847404,0.05770941264927387,2560,512,2048,2048,2,32,16,1024,16384,16384,16384
one_node_per_level,1,1,integrator_uniform_replay,65,2,7,4411658,0.7699519395828247,1.0235954523086548,512,256,256,4,0.10884402133524418,0.0,0.018665043637156487,0.03083963878452778,0.059339338913559914,3072,1024,2048,2048,4,32,16,1024,16640,33280,16640
one_node_per_level,1,1,integrator_uniform_replay,66,2,7,4411658,0.7607126235961914,0.9557346701622009,512,256,256,4,0.11242824420332909,0.0,0.019046198576688766,0.029063181951642036,0.06431886367499828,3072,1024,2048,2048,4,32,16,1024,16896,33792,16896
one_node_per_level,1,1,full_replay_integrator_20_epochs,66,2,7,4411658,0.7743844985961914,0.9147102236747742,16896,16896,0,20,6.73640314489603,0.024825941771268845,0.015631183981895447,0.3001726195216179,6.395773399621248,371712,33792,337920,337920,18,2640,2640,33792,16896,33792,16896
one_node_per_level,1,1,integrator_uniform_replay,67,3,7,4411658,0.7677238583564758,0.9106453061103821,512,256,256,4,0.1116697583347559,0.0,0.019215840846300125,0.03743737004697323,0.055016547441482544,3584,1536,2048,2048,6,32,16,1024,17152,51456,17152
one_node_per_level,1,1,integrator_uniform_replay,68,2,7,4411658,0.756950855255127,0.9852766990661621,512,256,256,4,0.11272325552999973,0.0,0.01953306421637535,0.030171871185302734,0.06301832012832165,3072,1024,2048,2048,4,32,16,1024,17408,34816,17408
one_node_per_level,1,1,integrator_uniform_replay,69,3,7,4411658,0.7570765614509583,0.9308009743690491,512,256,256,4,0.11374529078602791,0.0,0.018657270818948746,0.03745133802294731,0.05763668194413185,3584,1536,2048,2048,6,32,16,1024,17664,52992,17664
one_node_per_level,1,1,integrator_uniform_replay,70,3,7,4411658,0.7340402007102966,1.0172010660171509,512,256,256,4,0.11132379993796349,0.0,0.020352691411972046,0.03840102441608906,0.05257008410990238,3584,1536,2048,2048,6,32,16,1024,17920,53760,17920
one_node_per_level,1,1,integrator_uniform_replay,71,4,7,4411658,0.7478542923927307,0.9627612233161926,512,256,256,4,0.1266793329268694,0.0,0.01936345361173153,0.04880386218428612,0.058512017130851746,4096,2048,2048,2048,8,32,16,1024,18176,72704,18176
one_node_per_level,1,1,integrator_uniform_replay,72,2,7,4411658,0.76025390625,0.9506009221076965,512,256,256,4,0.10852092131972313,0.0,0.021347353234887123,0.028372788801789284,0.05880077928304672,3072,1024,2048,2048,4,32,16,1024,18432,36864,18432
one_node_per_level,1,1,integrator_uniform_replay,73,3,7,4411658,0.7489297986030579,0.9334454536437988,512,256,256,4,0.1323472000658512,0.0,0.0215448010712862,0.03898300975561142,0.07181938923895359,3584,1536,2048,2048,6,32,16,1024,18688,56064,18688
one_node_per_level,1,1,integrator_uniform_replay,74,3,7,4411658,0.7538006901741028,0.9046083688735962,512,256,256,4,0.12377006188035011,0.0,0.021969348192214966,0.03834819048643112,0.06345252320170403,3584,1536,2048,2048,6,32,16,1024,18944,56832,18944
one_node_per_level,1,1,integrator_uniform_replay,75,4,7,4411658,0.7230729460716248,1.0059353113174438,512,256,256,4,0.13536387123167515,0.0,0.022513914853334427,0.04835622012615204,0.06449373625218868,4096,2048,2048,2048,8,32,16,1024,19200,76800,19200
one_node_per_level,1,1,integrator_uniform_replay,76,3,7,4411658,0.7467619180679321,0.9631539583206177,512,256,256,4,0.12294577248394489,0.0,0.02328791841864586,0.0396672822535038,0.059990571811795235,3584,1536,2048,2048,6,32,16,1024,19456,58368,19456
one_node_per_level,1,1,integrator_uniform_replay,77,4,7,4411658,0.7302150726318359,1.020956039428711,512,256,256,4,0.1347009688615799,0.0,0.02274318039417267,0.04854593053460121,0.06341185793280602,4096,2048,2048,2048,8,32,16,1024,19712,78848,19712
one_node_per_level,1,1,integrator_uniform_replay,78,4,7,4411658,0.7424879670143127,0.9458370804786682,512,256,256,4,0.14339717105031013,0.0,0.022610006853938103,0.05109804682433605,0.06968911737203598,4096,2048,2048,2048,8,32,16,1024,19968,79872,19968
one_node_per_level,1,1,integrator_uniform_replay,79,5,7,4411658,0.7437203526496887,0.9106031060218811,512,256,256,4,0.1383029893040657,0.0,0.02355305105447769,0.056613463908433914,0.0581364743411541,4608,2560,2048,2048,10,32,16,1024,20224,101120,20224
one_node_per_level,1,1,integrator_uniform_replay,80,2,7,4411658,0.7325683832168579,1.0227019786834717,512,256,256,4,0.11545426212251186,0.0,0.024006085470318794,0.028752470389008522,0.06269570626318455,3072,1024,2048,2048,4,32,16,1024,20480,40960,20480
one_node_per_level,1,1,integrator_uniform_replay,81,3,7,4411658,0.7407889366149902,0.9930585622787476,512,256,256,4,0.12494287639856339,0.0,0.024027032777667046,0.04126783646643162,0.05964800715446472,3584,1536,2048,2048,6,32,16,1024,20736,62208,20736
one_node_per_level,1,1,integrator_uniform_replay,82,3,7,4411658,0.7384241819381714,0.988505482673645,512,256,256,4,0.1173004899173975,0.0,0.025668080896139145,0.038222786039114,0.053409622982144356,3584,1536,2048,2048,6,32,16,1024,20992,62976,20992
one_node_per_level,1,1,integrator_uniform_replay,83,4,7,4411658,0.7400696277618408,0.9459066987037659,512,256,256,4,0.14639283530414104,0.0,0.027768991887569427,0.05353727005422115,0.06508657336235046,4096,2048,2048,2048,8,32,16,1024,21248,84992,21248
one_node_per_level,1,1,integrator_uniform_replay,84,3,7,4411658,0.747256338596344,0.9360795021057129,512,256,256,4,0.12875857762992382,0.0,0.029517237097024918,0.038593679666519165,0.06064766086637974,3584,1536,2048,2048,6,32,16,1024,21504,64512,21504
one_node_per_level,1,1,integrator_uniform_replay,85,4,7,4411658,0.7241727709770203,0.9915701746940613,512,256,256,4,0.13556834682822227,0.0,0.02936864271759987,0.048057178035378456,0.05814252607524395,4096,2048,2048,2048,8,32,16,1024,21760,87040,21760
one_node_per_level,1,1,integrator_uniform_replay,86,4,7,4411658,0.7440497875213623,0.9418396353721619,512,256,256,4,0.13868891634047031,0.0,0.029734931886196136,0.04967174120247364,0.05928224325180054,4096,2048,2048,2048,8,32,16,1024,22016,88064,22016
one_node_per_level,1,1,integrator_uniform_replay,87,5,7,4411658,0.7354525923728943,0.9815546870231628,512,256,256,4,0.14682003296911716,0.0,0.03051852062344551,0.06135356426239014,0.05494794808328152,4608,2560,2048,2048,10,32,16,1024,22272,111360,22272
one_node_per_level,1,1,integrator_uniform_replay,88,3,7,4411658,0.7532848119735718,0.9218685030937195,512,256,256,4,0.12207338586449623,0.0,0.029341138899326324,0.03795815259218216,0.05477409437298775,3584,1536,2048,2048,6,32,16,1024,22528,67584,22528
one_node_per_level,1,1,integrator_uniform_replay,89,4,7,4411658,0.725333571434021,1.028496503829956,512,256,256,4,0.13950587064027786,0.0,0.029884275048971176,0.05065655708312988,0.058965038508176804,4096,2048,2048,2048,8,32,16,1024,22784,91136,22784
one_node_per_level,1,1,integrator_uniform_replay,90,4,7,4411658,0.737500011920929,0.9544836282730103,512,256,256,4,0.15400898084044456,0.0,0.030817067250609398,0.048697205260396004,0.07449470832943916,4096,2048,2048,2048,8,32,16,1024,23040,92160,23040
one_node_per_level,1,1,integrator_uniform_replay,91,5,7,4411658,0.7241586446762085,0.98135906457901,512,256,256,4,0.16251269541680813,0.0,0.032034674659371376,0.061044495552778244,0.06943352520465851,4608,2560,2048,2048,10,32,16,1024,23296,116480,23296
one_node_per_level,1,1,integrator_uniform_replay,92,4,7,4411658,0.7396823763847351,0.9574790000915527,512,256,256,4,0.13966462947428226,0.0,0.029447272419929504,0.047340087592601776,0.06287726946175098,4096,2048,2048,2048,8,32,16,1024,23552,94208,23552
one_node_per_level,1,1,integrator_uniform_replay,93,5,7,4411658,0.7275705933570862,0.9793519973754883,512,256,256,4,0.15449978038668633,0.0,0.0335113238543272,0.060537900775671005,0.06045055575668812,4608,2560,2048,2048,10,32,16,1024,23808,119040,23808
one_node_per_level,1,1,integrator_uniform_replay,94,5,7,4411658,0.7236536145210266,0.9869319200515747,512,256,256,4,0.15311351232230663,0.0,0.031016197055578232,0.05848859250545502,0.06360872276127338,4608,2560,2048,2048,10,32,16,1024,24064,120320,24064
one_node_per_level,1,1,integrator_uniform_replay,95,6,7,4411658,0.6973684430122375,1.0742660760879517,512,256,256,4,0.17111396230757236,0.0,0.033002546057105064,0.06696952506899834,0.07114189118146896,5120,3072,2048,2048,12,32,16,1024,24320,145920,24320
one_node_per_level,1,1,integrator_uniform_replay,96,2,7,4411658,0.7385661005973816,1.0207397937774658,512,256,256,4,0.12991859205067158,0.0,0.0351857990026474,0.02904597669839859,0.06568681634962559,3072,1024,2048,2048,4,32,16,1024,24576,49152,24576
one_node_per_level,1,1,integrator_uniform_replay,97,3,7,4411658,0.7374758124351501,0.9905883073806763,512,256,256,4,0.15039161778986454,0.0,0.03296121582388878,0.03862171806395054,0.07880868390202522,3584,1536,2048,2048,6,32,16,1024,24832,74496,24832
one_node_per_level,1,1,integrator_uniform_replay,98,3,7,4411658,0.7344546914100647,1.0146749019622803,512,256,256,4,0.14790071547031403,0.0,0.03493833728134632,0.04072858951985836,0.07223378866910934,3584,1536,2048,2048,6,32,16,1024,25088,75264,25088
one_node_per_level,1,1,integrator_uniform_replay,99,4,7,4411658,0.7450678944587708,0.9348580837249756,512,256,256,4,0.14204198494553566,0.0,0.03497803397476673,0.04836084879934788,0.05870310217142105,4096,2048,2048,2048,8,32,16,1024,25344,101376,25344
one_node_per_level,1,1,integrator_uniform_replay,100,3,7,4411658,0.7501562237739563,0.9580044746398926,512,256,256,4,0.14180760830640793,0.0,0.03567802533507347,0.037751397117972374,0.06837818585336208,3584,1536,2048,2048,6,32,16,1024,25600,76800,25600
one_node_per_level,1,1,full_replay_integrator_20_epochs,100,3,7,4411658,0.7706640362739563,1.151973843574524,25600,25600,0,20,10.054429024457932,0.026574136689305305,0.029943255707621574,0.5123848635703325,9.485526768490672,588800,76800,512000,512000,39,4000,4000,51200,25600,76800,25600
one_node_per_level,1,2,integrator_uniform_replay,1,1,7,4411658,0.8515625,0.6447991728782654,256,256,0,4,0.06197556294500828,0.03068614937365055,0.0,0.010413946583867073,0.020875466987490654,1280,256,1024,1024,1,8,8,512,256,256,256
one_node_per_level,1,2,full_replay_integrator_20_epochs,1,1,7,4411658,0.8515625,0.6104652285575867,256,256,0,20,0.13902230001986027,0.02849150449037552,0.0002924446016550064,0.009781315922737122,0.10045703500509262,5376,256,5120,5120,1,40,40,512,256,256,256
one_node_per_level,1,2,integrator_uniform_replay,2,1,7,4411658,0.828125,0.7816770076751709,512,256,256,4,0.08413610607385635,0.0,0.0005064643919467926,0.018387243151664734,0.06524239853024483,2560,512,2048,2048,2,32,16,1024,512,512,512
one_node_per_level,1,2,full_replay_integrator_20_epochs,2,1,7,4411658,0.8125,0.7742860317230225,512,512,0,20,0.23386070504784584,0.026547055691480637,0.00034969672560691833,0.010387148708105087,0.1965768039226532,10752,512,10240,10240,1,80,80,1024,512,512,512
one_node_per_level,1,2,integrator_uniform_replay,3,2,7,4411658,0.7005208134651184,1.2097077369689941,512,256,256,4,0.10238118842244148,0.0,0.0006779395043849945,0.02823583409190178,0.07346741482615471,3072,1024,2048,2048,4,32,16,1024,768,1536,768
one_node_per_level,1,2,integrator_uniform_replay,4,1,7,4411658,0.8154296875,0.9942492842674255,512,256,256,4,0.08485120721161366,0.0,0.0008656773716211319,0.01907593384385109,0.06490959599614143,2560,512,2048,2048,2,32,16,1024,1024,1024,1024
one_node_per_level,1,2,full_replay_integrator_20_epochs,4,1,7,4411658,0.8095703125,0.7620646953582764,1024,1024,0,20,0.4240827411413193,0.026446325704455376,0.0005814563482999802,0.012353507801890373,0.38470145128667355,21504,1024,20480,20480,1,160,160,2048,1024,1024,1024
one_node_per_level,1,2,integrator_uniform_replay,5,2,7,4411658,0.745312511920929,1.1585114002227783,512,256,256,4,0.09612791612744331,0.0,0.000984853133559227,0.028144441545009613,0.06699862144887447,3072,1024,2048,2048,4,32,16,1024,1280,2560,1280
one_node_per_level,1,2,integrator_uniform_replay,6,2,7,4411658,0.6569010615348816,1.180895209312439,512,256,256,4,0.08992722257971764,0.0,0.0010924674570560455,0.029659103602170944,0.059175651520490646,3072,1024,2048,2048,4,32,16,1024,1536,3072,1536
one_node_per_level,1,2,integrator_uniform_replay,7,3,7,4411658,0.6534598469734192,1.2315080165863037,512,256,256,4,0.09602166339755058,0.0,0.001350129023194313,0.039348434656858444,0.055323099717497826,3584,1536,2048,2048,6,32,16,1024,1792,5376,1792
one_node_per_level,1,2,integrator_uniform_replay,8,1,7,4411658,0.7939453125,0.9160335063934326,512,256,256,4,0.07510539330542088,0.0,0.001349015161395073,0.019362691789865494,0.05439368635416031,2560,512,2048,2048,2,32,16,1024,2048,2048,2048
one_node_per_level,1,2,full_replay_integrator_20_epochs,8,1,7,4411658,0.8046875,0.7344409227371216,2048,2048,0,20,0.813317907974124,0.023235658183693886,0.0010213050991296768,0.019456299021840096,0.7696046456694603,43008,2048,40960,40960,1,320,320,4096,2048,2048,2048
one_node_per_level,1,2,integrator_uniform_replay,9,2,7,4411658,0.7118055820465088,1.0796252489089966,512,256,256,4,0.0875705610960722,0.0,0.0017123259603977203,0.028637083247303963,0.057221151888370514,3072,1024,2048,2048,4,32,16,1024,2304,4608,2304
one_node_per_level,1,2,integrator_uniform_replay,10,2,7,4411658,0.719531238079071,1.0095795392990112,512,256,256,4,0.08815912716090679,0.0,0.0016989987343549728,0.028454165905714035,0.058005962520837784,3072,1024,2048,2048,4,32,16,1024,2560,5120,2560
one_node_per_level,1,2,full_replay_integrator_20_epochs,10,2,7,4411658,0.795703113079071,1.056657075881958,2560,2560,0,20,1.0540833603590727,0.0259664598852396,0.0012178383767604828,0.03510032407939434,0.9917987380176783,56320,5120,51200,51200,4,400,400,5120,2560,5120,2560
one_node_per_level,1,2,integrator_uniform_replay,11,3,7,4411658,0.7137784361839294,1.037280559539795,512,256,256,4,0.11214893870055676,0.0,0.0025978107005357742,0.04875703901052475,0.06079408898949623,3584,1536,2048,2048,6,32,16,1024,2816,8448,2816
one_node_per_level,1,2,integrator_uniform_replay,12,2,7,4411658,0.7542317509651184,0.9766313433647156,512,256,256,4,0.09290237911045551,0.0,0.002071339637041092,0.02844490483403206,0.06238613463938236,3072,1024,2048,2048,4,32,16,1024,3072,6144,3072
one_node_per_level,1,2,integrator_uniform_replay,13,3,7,4411658,0.7229567170143127,1.01740562915802,512,256,256,4,0.09639973379671574,0.0,0.0022160951048135757,0.03797629475593567,0.05620734393596649,3584,1536,2048,2048,6,32,16,1024,3328,9984,3328
one_node_per_level,1,2,integrator_uniform_replay,14,3,7,4411658,0.7374442219734192,0.9974846243858337,512,256,256,4,0.09438451379537582,0.0,0.0021490994840860367,0.03895789384841919,0.0532775204628706,3584,1536,2048,2048,6,32,16,1024,3584,10752,3584
one_node_per_level,1,2,integrator_uniform_replay,15,4,7,4411658,0.7041666507720947,1.0493206977844238,512,256,256,4,0.10426974669098854,0.0,0.00235697440803051,0.04681783355772495,0.05509493872523308,4096,2048,2048,2048,8,32,16,1024,3840,15360,3840
one_node_per_level,1,2,integrator_uniform_replay,16,1,7,4411658,0.772705078125,0.9110919237136841,512,256,256,4,0.09642190672457218,0.0,0.0032117869704961777,0.019964074715971947,0.07324604503810406,2560,512,2048,2048,2,32,16,1024,4096,4096,4096
one_node_per_level,1,2,full_replay_integrator_20_epochs,16,1,7,4411658,0.813720703125,0.6370404362678528,4096,4096,0,20,1.5880455300211906,0.02240476943552494,0.0019393879920244217,0.056931572034955025,1.5067698005586863,86016,4096,81920,81920,2,640,640,8192,4096,4096,4096
one_node_per_level,1,2,integrator_uniform_replay,17,2,7,4411658,0.7463235259056091,1.0677387714385986,512,256,256,4,0.08928163349628448,0.0,0.0031368862837553024,0.029456758871674538,0.056687988340854645,3072,1024,2048,2048,4,32,16,1024,4352,8704,4352
one_node_per_level,1,2,integrator_uniform_replay,18,2,7,4411658,0.7526041865348816,0.9342852830886841,512,256,256,4,0.0839525181800127,0.0,0.0033631157130002975,0.029459286481142044,0.05113011598587036,3072,1024,2048,2048,4,32,16,1024,4608,9216,4608
one_node_per_level,1,2,integrator_uniform_replay,19,3,7,4411658,0.7008634805679321,1.1006739139556885,512,256,256,4,0.09892024658620358,0.0,0.003207853063941002,0.03909401036798954,0.05661838315427303,3584,1536,2048,2048,6,32,16,1024,4864,14592,4864
one_node_per_level,1,2,integrator_uniform_replay,20,2,7,4411658,0.758593738079071,0.9461020231246948,512,256,256,4,0.09721812792122364,0.0,0.004707843065261841,0.031198641285300255,0.061311643570661545,3072,1024,2048,2048,4,32,16,1024,5120,10240,5120
one_node_per_level,1,2,integrator_uniform_replay,21,3,7,4411658,0.7442336082458496,0.9527482390403748,512,256,256,4,0.11004060134291649,0.0,0.004243442788720131,0.04189734347164631,0.06389981508255005,3584,1536,2048,2048,6,32,16,1024,5376,16128,5376
one_node_per_level,1,2,integrator_uniform_replay,22,3,7,4411658,0.744140625,0.95530104637146,512,256,256,4,0.1144692599773407,0.0,0.004089910537004471,0.04233708418905735,0.06804226525127888,3584,1536,2048,2048,6,32,16,1024,5632,16896,5632
one_node_per_level,1,2,integrator_uniform_replay,23,4,7,4411658,0.721297562122345,0.9838213920593262,512,256,256,4,0.11675792559981346,0.0,0.004157787188887596,0.04796425439417362,0.06463588401675224,4096,2048,2048,2048,8,32,16,1024,5888,23552,5888
one_node_per_level,1,2,integrator_uniform_replay,24,2,7,4411658,0.755859375,0.952890932559967,512,256,256,4,0.09382662177085876,0.0,0.004216248169541359,0.02826026640832424,0.061350107192993164,3072,1024,2048,2048,4,32,16,1024,6144,12288,6144
one_node_per_level,1,2,integrator_uniform_replay,25,3,7,4411658,0.7440624833106995,0.9267799854278564,512,256,256,4,0.10037080012261868,0.0,0.004743413999676704,0.038267940282821655,0.057359445840120316,3584,1536,2048,2048,6,32,16,1024,6400,19200,6400
one_node_per_level,1,2,integrator_uniform_replay,26,3,7,4411658,0.7545071840286255,0.9343512654304504,512,256,256,4,0.10846349783241749,0.0,0.005159251391887665,0.040937596932053566,0.06236664950847626,3584,1536,2048,2048,6,32,16,1024,6656,19968,6656
one_node_per_level,1,2,full_replay_integrator_20_epochs,26,3,7,4411658,0.7967247366905212,1.0960415601730347,6656,6656,0,20,2.5719312597066164,0.030173784121870995,0.0031852684915065765,0.12029726058244705,2.418274946510792,153088,19968,133120,133120,12,1040,1040,13312,6656,19968,6656
one_node_per_level,1,2,integrator_uniform_replay,27,4,7,4411658,0.7225115895271301,1.0175859928131104,512,256,256,4,0.10769891180098057,0.0,0.004731632769107819,0.04651377536356449,0.05645350366830826,4096,2048,2048,2048,8,32,16,1024,6912,27648,6912
one_node_per_level,1,2,integrator_uniform_replay,28,3,7,4411658,0.7366071343421936,0.9864149689674377,512,256,256,4,0.09585862793028355,0.0,0.004907544702291489,0.03991701826453209,0.05103406496345997,3584,1536,2048,2048,6,32,16,1024,7168,21504,7168
one_node_per_level,1,2,integrator_uniform_replay,29,4,7,4411658,0.703125,1.0586674213409424,512,256,256,4,0.10634461604058743,0.0,0.004751909524202347,0.047119271010160446,0.05447343550622463,4096,2048,2048,2048,8,32,16,1024,7424,29696,7424
one_node_per_level,1,2,integrator_uniform_replay,30,4,7,4411658,0.7010416388511658,1.0887171030044556,512,256,256,4,0.11571783944964409,0.0,0.005215208977460861,0.048665909096598625,0.0618367213755846,4096,2048,2048,2048,8,32,16,1024,7680,30720,7680
one_node_per_level,1,2,integrator_uniform_replay,31,5,7,4411658,0.7106854915618896,1.0536307096481323,512,256,256,4,0.11982186697423458,0.0,0.00520097091794014,0.057146159932017326,0.057474736124277115,4608,2560,2048,2048,10,32,16,1024,7936,39680,7936
one_node_per_level,1,2,integrator_uniform_replay,32,1,7,4411658,0.7891845703125,0.9532460570335388,512,256,256,4,0.07668499648571014,0.0,0.005015509203076363,0.01889335922896862,0.05277612805366516,2560,512,2048,2048,2,32,16,1024,8192,8192,8192
one_node_per_level,1,2,integrator_uniform_replay,33,2,7,4411658,0.7328361868858337,1.087402105331421,512,256,256,4,0.09444309026002884,0.0,0.006541503593325615,0.029273729771375656,0.05862785689532757,3072,1024,2048,2048,4,32,16,1024,8448,16896,8448
one_node_per_level,1,2,integrator_uniform_replay,34,2,7,4411658,0.7463235259056091,1.0081279277801514,512,256,256,4,0.09096188098192215,0.0,0.006321612745523453,0.02900153584778309,0.05563873238861561,3072,1024,2048,2048,4,32,16,1024,8704,17408,8704
one_node_per_level,1,2,integrator_uniform_replay,35,3,7,4411658,0.7380580306053162,0.9852639436721802,512,256,256,4,0.10280735418200493,0.0,0.007253415882587433,0.038657283410429955,0.05689665488898754,3584,1536,2048,2048,6,32,16,1024,8960,26880,8960
one_node_per_level,1,2,integrator_uniform_replay,36,2,7,4411658,0.7605251669883728,0.9644551873207092,512,256,256,4,0.09790115244686604,0.0,0.0068813711404800415,0.028877176344394684,0.06214260496199131,3072,1024,2048,2048,4,32,16,1024,9216,18432,9216
one_node_per_level,1,2,integrator_uniform_replay,37,3,7,4411658,0.7450380325317383,0.9635305404663086,512,256,256,4,0.09693935513496399,0.0,0.006823090836405754,0.0383963156491518,0.05171994864940643,3584,1536,2048,2048,6,32,16,1024,9472,28416,9472
one_node_per_level,1,2,integrator_uniform_replay,38,3,7,4411658,0.744140625,1.0024336576461792,512,256,256,4,0.10716650076210499,0.0,0.007863255217671394,0.03883516974747181,0.060468075796961784,3584,1536,2048,2048,6,32,16,1024,9728,29184,9728
one_node_per_level,1,2,integrator_uniform_replay,39,4,7,4411658,0.7349759340286255,0.9671540856361389,512,256,256,4,0.12381472066044807,0.0,0.006899403408169746,0.04833226650953293,0.0685830507427454,4096,2048,2048,2048,8,32,16,1024,9984,39936,9984
one_node_per_level,1,2,integrator_uniform_replay,40,2,7,4411658,0.760546863079071,0.9492152333259583,512,256,256,4,0.0966646745800972,0.0,0.008386030793190002,0.02942793257534504,0.05885071121156216,3072,1024,2048,2048,4,32,16,1024,10240,20480,10240
one_node_per_level,1,2,integrator_uniform_replay,41,3,7,4411658,0.7094131112098694,1.054211139678955,512,256,256,4,0.10784300602972507,0.0,0.008246876299381256,0.03915475495159626,0.06044137477874756,3584,1536,2048,2048,6,32,16,1024,10496,31488,10496
one_node_per_level,1,2,full_replay_integrator_20_epochs,41,3,7,4411658,0.7802972793579102,1.1764886379241943,10496,10496,0,20,4.2279552556574345,0.02572041191160679,0.005592167377471924,0.1966815423220396,3.999961134046316,241408,31488,209920,209920,18,1640,1640,20992,10496,31488,10496
one_node_per_level,1,2,integrator_uniform_replay,42,3,7,4411658,0.7611607313156128,0.8906668424606323,512,256,256,4,0.1071439627557993,0.0,0.00801529549062252,0.03800177574157715,0.061126891523599625,3584,1536,2048,2048,6,32,16,1024,10752,32256,10752
one_node_per_level,1,2,integrator_uniform_replay,43,4,7,4411658,0.7330123782157898,0.9749679565429688,512,256,256,4,0.11443302407860756,0.0,0.007933219894766808,0.048044243827462196,0.058455560356378555,4096,2048,2048,2048,8,32,16,1024,11008,44032,11008
one_node_per_level,1,2,integrator_uniform_replay,44,3,7,4411658,0.7525745630264282,0.9635322093963623,512,256,256,4,0.11384685337543488,0.0,0.008428843691945076,0.03750943765044212,0.06790857203304768,3584,1536,2048,2048,6,32,16,1024,11264,33792,11264
one_node_per_level,1,2,integrator_uniform_replay,45,4,7,4411658,0.7416666746139526,0.958121657371521,512,256,256,4,0.12051193229854107,0.0,0.009138913825154305,0.04935801587998867,0.062015002593398094,4096,2048,2048,2048,8,32,16,1024,11520,46080,11520
one_node_per_level,1,2,integrator_uniform_replay,46,4,7,4411658,0.7484714388847351,0.9039289355278015,512,256,256,4,0.11271725222468376,0.0,0.008742811158299446,0.04864209145307541,0.05533234961330891,4096,2048,2048,2048,8,32,16,1024,11776,47104,11776
one_node_per_level,1,2,integrator_uniform_replay,47,5,7,4411658,0.7477560043334961,0.9327024817466736,512,256,256,4,0.11800972558557987,0.0,0.011720973998308182,0.05607672221958637,0.05021202936768532,4608,2560,2048,2048,10,32,16,1024,12032,60160,12032
one_node_per_level,1,2,integrator_uniform_replay,48,2,7,4411658,0.7215169072151184,1.050594449043274,512,256,256,4,0.10388494096696377,0.0,0.008848732337355614,0.028007863089442253,0.0670283455401659,3072,1024,2048,2048,4,32,16,1024,12288,24576,12288
one_node_per_level,1,2,integrator_uniform_replay,49,3,7,4411658,0.7480069994926453,0.9378266334533691,512,256,256,4,0.11674771271646023,0.0,0.013946378603577614,0.0386032797396183,0.06419805437326431,3584,1536,2048,2048,6,32,16,1024,12544,37632,12544
one_node_per_level,1,2,integrator_uniform_replay,50,3,7,4411658,0.7601562738418579,0.972673237323761,512,256,256,4,0.11230727285146713,0.0,0.01016586646437645,0.03808104433119297,0.06406036205589771,3584,1536,2048,2048,6,32,16,1024,12800,38400,12800
one_node_per_level,1,2,integrator_uniform_replay,51,4,7,4411658,0.7362897992134094,0.9627836346626282,512,256,256,4,0.1270879991352558,0.0,0.014607436954975128,0.05240451917052269,0.060076043009757996,4096,2048,2048,2048,8,32,16,1024,13056,52224,13056
one_node_per_level,1,2,integrator_uniform_replay,52,3,7,4411658,0.7555589079856873,0.9313403367996216,512,256,256,4,0.10407157614827156,0.0,0.011112656444311142,0.03785549849271774,0.055103421211242676,3584,1536,2048,2048,6,32,16,1024,13312,39936,13312
one_node_per_level,1,2,integrator_uniform_replay,53,4,7,4411658,0.7408608198165894,0.9780277609825134,512,256,256,4,0.11293211206793785,0.0,0.009941941127181053,0.0473606139421463,0.055629556998610497,4096,2048,2048,2048,8,32,16,1024,13568,54272,13568
one_node_per_level,1,2,integrator_uniform_replay,54,4,7,4411658,0.7266348600387573,0.9782666563987732,512,256,256,4,0.1240040734410286,0.0,0.009926952421665192,0.05079425685107708,0.06328286416828632,4096,2048,2048,2048,8,32,16,1024,13824,55296,13824
one_node_per_level,1,2,integrator_uniform_replay,55,5,7,4411658,0.7361505627632141,0.9633747935295105,512,256,256,4,0.12911377102136612,0.0,0.010796315968036652,0.05723930709064007,0.0610781479626894,4608,2560,2048,2048,10,32,16,1024,14080,70400,14080
one_node_per_level,1,2,integrator_uniform_replay,56,3,7,4411658,0.7482561469078064,0.9669532179832458,512,256,256,4,0.1003876905888319,0.0,0.01201193779706955,0.03777112625539303,0.050604626536369324,3584,1536,2048,2048,6,32,16,1024,14336,43008,14336
one_node_per_level,1,2,integrator_uniform_replay,57,4,7,4411658,0.7269737124443054,1.0127170085906982,512,256,256,4,0.12118002772331238,0.0,0.011693822219967842,0.04855851083993912,0.06092769466340542,4096,2048,2048,2048,8,32,16,1024,14592,58368,14592
one_node_per_level,1,2,integrator_uniform_replay,58,4,7,4411658,0.7299299836158752,1.036454200744629,512,256,256,4,0.1284433715045452,0.0,0.017827970907092094,0.04841085150837898,0.062204549089074135,4096,2048,2048,2048,8,32,16,1024,14848,59392,14848
one_node_per_level,1,2,integrator_uniform_replay,59,5,7,4411658,0.741525411605835,0.9283813238143921,512,256,256,4,0.1269664391875267,0.0,0.011395948007702827,0.05620213411748409,0.05936835706233978,4608,2560,2048,2048,10,32,16,1024,15104,75520,15104
one_node_per_level,1,2,integrator_uniform_replay,60,4,7,4411658,0.7472005486488342,0.9416666626930237,512,256,256,4,0.12799877859652042,0.0,0.016171691939234734,0.05193094536662102,0.05989614129066467,4096,2048,2048,2048,8,32,16,1024,15360,61440,15360
one_node_per_level,1,2,integrator_uniform_replay,61,5,7,4411658,0.7227202653884888,1.0015190839767456,512,256,256,4,0.14130383729934692,0.0,0.01655234396457672,0.06504042446613312,0.059711068868637085,4608,2560,2048,2048,10,32,16,1024,15616,78080,15616
one_node_per_level,1,2,integrator_uniform_replay,62,5,7,4411658,0.7362651228904724,0.9743642210960388,512,256,256,4,0.1340983547270298,0.0,0.012468617409467697,0.057378582656383514,0.06425115466117859,4608,2560,2048,2048,10,32,16,1024,15872,79360,15872
one_node_per_level,1,2,integrator_uniform_replay,63,6,7,4411658,0.7281125783920288,1.0070849657058716,512,256,256,4,0.14849071763455868,0.0,0.014294296503067017,0.06800147332251072,0.06619494780898094,5120,3072,2048,2048,12,32,16,1024,16128,96768,16128
one_node_per_level,1,2,integrator_uniform_replay,64,1,7,4411658,0.76605224609375,1.0508780479431152,512,256,256,4,0.0986208189278841,0.0,0.014144740998744965,0.020202120766043663,0.06427395716309547,2560,512,2048,2048,2,32,16,1024,16384,16384,16384
one_node_per_level,1,2,integrator_uniform_replay,65,2,7,4411658,0.7697115540504456,0.9794912338256836,512,256,256,4,0.10088759288191795,0.0,0.013650087639689445,0.028240857645869255,0.05899664759635925,3072,1024,2048,2048,4,32,16,1024,16640,33280,16640
one_node_per_level,1,2,integrator_uniform_replay,66,2,7,4411658,0.7494673132896423,1.039758324623108,512,256,256,4,0.10650570876896381,0.0,0.01315162144601345,0.028876975178718567,0.0644771121442318,3072,1024,2048,2048,4,32,16,1024,16896,33792,16896
one_node_per_level,1,2,full_replay_integrator_20_epochs,66,2,7,4411658,0.7813683748245239,0.8301616311073303,16896,16896,0,20,6.659338405355811,0.028096120804548264,0.011245178058743477,0.2629912383854389,6.3570058681070805,371712,33792,337920,337920,18,2640,2640,33792,16896,33792,16896
one_node_per_level,1,2,integrator_uniform_replay,67,3,7,4411658,0.7494753003120422,1.008026123046875,512,256,256,4,0.11221055686473846,0.0,0.013810932636260986,0.037308285012841225,0.06109133921563625,3584,1536,2048,2048,6,32,16,1024,17152,51456,17152
one_node_per_level,1,2,integrator_uniform_replay,68,2,7,4411658,0.774528980255127,0.9384917616844177,512,256,256,4,0.09986631572246552,0.0,0.014879254624247551,0.028400609269738197,0.05658645182847977,3072,1024,2048,2048,4,32,16,1024,17408,34816,17408
one_node_per_level,1,2,integrator_uniform_replay,69,3,7,4411658,0.7637001872062683,0.9476146697998047,512,256,256,4,0.12232792191207409,0.0,0.016006508842110634,0.03890690393745899,0.06741450913250446,3584,1536,2048,2048,6,32,16,1024,17664,52992,17664
one_node_per_level,1,2,integrator_uniform_replay,70,3,7,4411658,0.7636160850524902,0.9252067804336548,512,256,256,4,0.1138377133756876,0.0,0.01595931686460972,0.03866926208138466,0.05920913442969322,3584,1536,2048,2048,6,32,16,1024,17920,53760,17920
one_node_per_level,1,2,integrator_uniform_replay,71,4,7,4411658,0.7611685991287231,0.9228461980819702,512,256,256,4,0.1212400272488594,0.0,0.018803192302584648,0.047222450375556946,0.05521438457071781,4096,2048,2048,2048,8,32,16,1024,18176,72704,18176
one_node_per_level,1,2,integrator_uniform_replay,72,2,7,4411658,0.7764756679534912,0.9157577157020569,512,256,256,4,0.10705531761050224,0.0,0.02257876843214035,0.02916565351188183,0.055310895666480064,3072,1024,2048,2048,4,32,16,1024,18432,36864,18432
one_node_per_level,1,2,integrator_uniform_replay,73,3,7,4411658,0.7474850416183472,0.9470094442367554,512,256,256,4,0.11700650677084923,0.0,0.02205958031117916,0.03860084153711796,0.05634608492255211,3584,1536,2048,2048,6,32,16,1024,18688,56064,18688
one_node_per_level,1,2,integrator_uniform_replay,74,3,7,4411658,0.7559649348258972,0.9173848032951355,512,256,256,4,0.12601434625685215,0.0,0.022112300619482994,0.03880665265023708,0.06509539298713207,3584,1536,2048,2048,6,32,16,1024,18944,56832,18944
one_node_per_level,1,2,integrator_uniform_replay,75,4,7,4411658,0.7444270849227905,0.9627943634986877,512,256,256,4,0.12604393810033798,0.0,0.02135828509926796,0.04767708107829094,0.05700857192277908,4096,2048,2048,2048,8,32,16,1024,19200,76800,19200
one_node_per_level,1,2,integrator_uniform_replay,76,3,7,4411658,0.7525184750556946,1.0135785341262817,512,256,256,4,0.1155691035091877,0.0,0.02244872786104679,0.038616009056568146,0.05450436659157276,3584,1536,2048,2048,6,32,16,1024,19456,58368,19456
one_node_per_level,1,2,integrator_uniform_replay,77,4,7,4411658,0.7482751607894897,0.9185103178024292,512,256,256,4,0.12207519821822643,0.0,0.021433208137750626,0.04709223099052906,0.05354975908994675,4096,2048,2048,2048,8,32,16,1024,19712,78848,19712
one_node_per_level,1,2,integrator_uniform_replay,78,4,7,4411658,0.7374299168586731,0.9546895027160645,512,256,256,4,0.12433312833309174,0.0,0.021988103166222572,0.04656242020428181,0.05578260496258736,4096,2048,2048,2048,8,32,16,1024,19968,79872,19968
one_node_per_level,1,2,integrator_uniform_replay,79,5,7,4411658,0.7396162748336792,0.9196957945823669,512,256,256,4,0.13925648666918278,0.0,0.02368207462131977,0.05697907507419586,0.058595336973667145,4608,2560,2048,2048,10,32,16,1024,20224,101120,20224
one_node_per_level,1,2,integrator_uniform_replay,80,2,7,4411658,0.762744128704071,0.9630036354064941,512,256,256,4,0.11943905800580978,0.0,0.026121018454432487,0.030950434505939484,0.06236760504543781,3072,1024,2048,2048,4,32,16,1024,20480,40960,20480
one_node_per_level,1,2,integrator_uniform_replay,81,3,7,4411658,0.7453221678733826,0.9571467041969299,512,256,256,4,0.13210046663880348,0.0,0.02874557301402092,0.044657912105321884,0.05869698151946068,3584,1536,2048,2048,6,32,16,1024,20736,62208,20736
one_node_per_level,1,2,integrator_uniform_replay,82,3,7,4411658,0.7508574724197388,0.9287810921669006,512,256,256,4,0.11787614971399307,0.0,0.02458934672176838,0.0373340155929327,0.05595278739929199,3584,1536,2048,2048,6,32,16,1024,20992,62976,20992
one_node_per_level,1,2,integrator_uniform_replay,83,4,7,4411658,0.744870126247406,0.93991619348526,512,256,256,4,0.13454118184745312,0.0,0.027753060683608055,0.05140099860727787,0.05538712255656719,4096,2048,2048,2048,8,32,16,1024,21248,84992,21248
one_node_per_level,1,2,integrator_uniform_replay,84,3,7,4411658,0.7609747052192688,0.9123219847679138,512,256,256,4,0.12331606820225716,0.0,0.025398585945367813,0.040122464299201965,0.05779501795768738,3584,1536,2048,2048,6,32,16,1024,21504,64512,21504
one_node_per_level,1,2,integrator_uniform_replay,85,4,7,4411658,0.7513786554336548,0.9325366020202637,512,256,256,4,0.1309435423463583,0.0,0.024679487571120262,0.04921083524823189,0.05705321952700615,4096,2048,2048,2048,8,32,16,1024,21760,87040,21760
one_node_per_level,1,2,integrator_uniform_replay,86,4,7,4411658,0.7441860437393188,0.9573662281036377,512,256,256,4,0.14365410059690475,0.0,0.025097334757447243,0.04911862127482891,0.0694381445646286,4096,2048,2048,2048,8,32,16,1024,22016,88064,22016
one_node_per_level,1,2,integrator_uniform_replay,87,5,7,4411658,0.7399425506591797,0.9929530620574951,512,256,256,4,0.1484943274408579,0.0,0.028543371707201004,0.05928482115268707,0.06066613458096981,4608,2560,2048,2048,10,32,16,1024,22272,111360,22272
one_node_per_level,1,2,integrator_uniform_replay,88,3,7,4411658,0.7506214380264282,0.957371175289154,512,256,256,4,0.1464628502726555,0.0,0.03641839697957039,0.046282222494482994,0.0637622307986021,3584,1536,2048,2048,6,32,16,1024,22528,67584,22528
one_node_per_level,1,2,integrator_uniform_replay,89,4,7,4411658,0.7369645237922668,0.9591242671012878,512,256,256,4,0.1509540006518364,0.0,0.03238255716860294,0.04893180727958679,0.06963963620364666,4096,2048,2048,2048,8,32,16,1024,22784,91136,22784
one_node_per_level,1,2,integrator_uniform_replay,90,4,7,4411658,0.7342013716697693,0.947108805179596,512,256,256,4,0.1451792921870947,0.0,0.030426621437072754,0.04880557209253311,0.06594709865748882,4096,2048,2048,2048,8,32,16,1024,23040,92160,23040
one_node_per_level,1,2,integrator_uniform_replay,91,5,7,4411658,0.7394402623176575,0.9504174590110779,512,256,256,4,0.15197408013045788,0.0,0.030755536630749702,0.05931675806641579,0.06190178543329239,4608,2560,2048,2048,10,32,16,1024,23296,116480,23296
one_node_per_level,1,2,integrator_uniform_replay,92,4,7,4411658,0.74095618724823,0.9875909686088562,512,256,256,4,0.13930510357022285,0.0,0.030993416905403137,0.049280958250164986,0.05903072841465473,4096,2048,2048,2048,8,32,16,1024,23552,94208,23552
one_node_per_level,1,2,integrator_uniform_replay,93,5,7,4411658,0.7250503897666931,1.0206358432769775,512,256,256,4,0.14954099245369434,0.0,0.031523434445261955,0.060394514352083206,0.05762304365634918,4608,2560,2048,2048,10,32,16,1024,23808,119040,23808
one_node_per_level,1,2,integrator_uniform_replay,94,5,7,4411658,0.7286818623542786,0.975871741771698,512,256,256,4,0.14585256949067116,0.0,0.03188074566423893,0.05815249867737293,0.055819325149059296,4608,2560,2048,2048,10,32,16,1024,24064,120320,24064
one_node_per_level,1,2,integrator_uniform_replay,95,6,7,4411658,0.7113075852394104,1.0212539434432983,512,256,256,4,0.17007177509367466,0.0,0.03318824991583824,0.06843698397278786,0.06844654120504856,5120,3072,2048,2048,12,32,16,1024,24320,145920,24320
one_node_per_level,1,2,integrator_uniform_replay,96,2,7,4411658,0.7505696415901184,1.0066498517990112,512,256,256,4,0.12012976408004761,0.0,0.03551160357892513,0.029058078303933144,0.05556008219718933,3072,1024,2048,2048,4,32,16,1024,24576,49152,24576
one_node_per_level,1,2,integrator_uniform_replay,97,3,7,4411658,0.7396907210350037,0.9513240456581116,512,256,256,4,0.13300181552767754,0.0,0.03464487940073013,0.03891140967607498,0.05944552645087242,3584,1536,2048,2048,6,32,16,1024,24832,74496,24832
one_node_per_level,1,2,integrator_uniform_replay,98,3,7,4411658,0.741230845451355,0.9934077262878418,512,256,256,4,0.12684357538819313,0.0,0.034891195595264435,0.037832653149962425,0.05411972664296627,3584,1536,2048,2048,6,32,16,1024,25088,75264,25088
one_node_per_level,1,2,integrator_uniform_replay,99,4,7,4411658,0.7242739796638489,1.028069257736206,512,256,256,4,0.14516458101570606,0.0,0.03352317586541176,0.05025729164481163,0.061384113505482674,4096,2048,2048,2048,8,32,16,1024,25344,101376,25344
one_node_per_level,1,2,integrator_uniform_replay,100,3,7,4411658,0.7492578029632568,0.9408132433891296,512,256,256,4,0.13108955696225166,0.0,0.03479474410414696,0.03757198713719845,0.05872282572090626,3584,1536,2048,2048,6,32,16,1024,25600,76800,25600
one_node_per_level,1,2,full_replay_integrator_20_epochs,100,3,7,4411658,0.7790234088897705,1.109593152999878,25600,25600,0,20,10.435004634782672,0.021909615024924278,0.031404709443449974,0.4934048503637314,9.888285459950566,588800,76800,512000,512000,39,4000,4000,51200,25600,76800,25600
one_node_per_level,1,3,integrator_uniform_replay,1,1,7,4411658,0.8203125,1.015594482421875,256,256,0,4,0.05501884967088699,0.024549856781959534,0.0,0.00960254855453968,0.02086644433438778,1280,256,1024,1024,1,8,8,512,256,256,256
one_node_per_level,1,3,full_replay_integrator_20_epochs,1,1,7,4411658,0.828125,0.8729835748672485,256,256,0,20,0.12085005454719067,0.023047400638461113,0.00028258562088012695,0.01007397472858429,0.08744609355926514,5376,256,5120,5120,1,40,40,512,256,256,256
one_node_per_level,1,3,integrator_uniform_replay,2,1,7,4411658,0.82421875,0.9990612864494324,512,256,256,4,0.07409715838730335,0.0,0.0004953090101480484,0.018281318247318268,0.055320531129837036,2560,512,2048,2048,2,32,16,1024,512,512,512
one_node_per_level,1,3,full_replay_integrator_20_epochs,2,1,7,4411658,0.82421875,0.7164441347122192,512,512,0,20,0.22264701128005981,0.02456297166645527,0.00036036595702171326,0.010319802910089493,0.18740387074649334,10752,512,10240,10240,1,80,80,1024,512,512,512
one_node_per_level,1,3,integrator_uniform_replay,3,2,7,4411658,0.734375,1.1110080480575562,512,256,256,4,0.08964918367564678,0.0,0.0007381942123174667,0.028205953538417816,0.0607050359249115,3072,1024,2048,2048,4,32,16,1024,768,1536,768
one_node_per_level,1,3,integrator_uniform_replay,4,1,7,4411658,0.806640625,0.9550595283508301,512,256,256,4,0.08169110491871834,0.0,0.0009025726467370987,0.01932648941874504,0.0614620428532362,2560,512,2048,2048,2,32,16,1024,1024,1024,1024
one_node_per_level,1,3,full_replay_integrator_20_epochs,4,1,7,4411658,0.8134765625,0.7196705341339111,1024,1024,0,20,0.4236205331981182,0.024578148499131203,0.0005795527249574661,0.012636935338377953,0.3858258966356516,21504,1024,20480,20480,1,160,160,2048,1024,1024,1024
one_node_per_level,1,3,integrator_uniform_replay,5,2,7,4411658,0.745312511920929,1.1378638744354248,512,256,256,4,0.09422258101403713,0.0,0.0010212995111942291,0.028614509850740433,0.06458677165210247,3072,1024,2048,2048,4,32,16,1024,1280,2560,1280
one_node_per_level,1,3,integrator_uniform_replay,6,2,7,4411658,0.705078125,1.1985105276107788,512,256,256,4,0.08387848362326622,0.0,0.0010210499167442322,0.027504639700055122,0.055352794006466866,3072,1024,2048,2048,4,32,16,1024,1536,3072,1536
one_node_per_level,1,3,integrator_uniform_replay,7,3,7,4411658,0.6886160969734192,1.202960729598999,512,256,256,4,0.09692281298339367,0.0,0.0012684203684329987,0.036474885419011116,0.059179507195949554,3584,1536,2048,2048,6,32,16,1024,1792,5376,1792
one_node_per_level,1,3,integrator_uniform_replay,8,1,7,4411658,0.814453125,0.8540288805961609,512,256,256,4,0.0872747078537941,0.0,0.0014282148331403732,0.02015659399330616,0.06568989902734756,2560,512,2048,2048,2,32,16,1024,2048,2048,2048
one_node_per_level,1,3,full_replay_integrator_20_epochs,8,1,7,4411658,0.8017578125,0.6504373550415039,2048,2048,0,20,0.8392017148435116,0.026138344779610634,0.001065123826265335,0.020762678235769272,0.7912355680018663,43008,2048,40960,40960,1,320,320,4096,2048,2048,2048
one_node_per_level,1,3,integrator_uniform_replay,9,2,7,4411658,0.7582465410232544,1.0286364555358887,512,256,256,4,0.0905925240367651,0.0,0.0016201585531234741,0.032232869416475296,0.05673949606716633,3072,1024,2048,2048,4,32,16,1024,2304,4608,2304
one_node_per_level,1,3,integrator_uniform_replay,10,2,7,4411658,0.77734375,0.9273865818977356,512,256,256,4,0.09950160793960094,0.0,0.0017589405179023743,0.029049931094050407,0.06869273632764816,3072,1024,2048,2048,4,32,16,1024,2560,5120,2560
one_node_per_level,1,3,full_replay_integrator_20_epochs,10,2,7,4411658,0.794140636920929,0.9837859272956848,2560,2560,0,20,1.0346225760877132,0.026060476899147034,0.0011861510574817657,0.03481042571365833,0.9725655224174261,56320,5120,51200,51200,4,400,400,5120,2560,5120,2560
one_node_per_level,1,3,integrator_uniform_replay,11,3,7,4411658,0.7311789989471436,1.013356328010559,512,256,256,4,0.09997590631246567,0.0,0.0020431634038686752,0.04018891602754593,0.057743826881051064,3584,1536,2048,2048,6,32,16,1024,2816,8448,2816
one_node_per_level,1,3,integrator_uniform_replay,12,2,7,4411658,0.7626953125,1.0167723894119263,512,256,256,4,0.09154213964939117,0.0,0.0020518284291028976,0.028972191736102104,0.06051811948418617,3072,1024,2048,2048,4,32,16,1024,3072,6144,3072
one_node_per_level,1,3,integrator_uniform_replay,13,3,7,4411658,0.7409855723381042,1.0207408666610718,512,256,256,4,0.09588823840022087,0.0,0.002180201932787895,0.03921380266547203,0.054494233801960945,3584,1536,2048,2048,6,32,16,1024,3328,9984,3328
one_node_per_level,1,3,integrator_uniform_replay,14,3,7,4411658,0.7544642686843872,0.9795393347740173,512,256,256,4,0.10248246788978577,0.0,0.0022965241223573685,0.038132717832922935,0.06205322593450546,3584,1536,2048,2048,6,32,16,1024,3584,10752,3584
one_node_per_level,1,3,integrator_uniform_replay,15,4,7,4411658,0.7471354007720947,0.9705854058265686,512,256,256,4,0.11315960064530373,0.0,0.0027628522366285324,0.05067112483084202,0.059725623577833176,4096,2048,2048,2048,8,32,16,1024,3840,15360,3840
one_node_per_level,1,3,integrator_uniform_replay,16,1,7,4411658,0.789306640625,0.9655242562294006,512,256,256,4,0.08289328403770924,0.0,0.0033768359571695328,0.020721642300486565,0.05879480578005314,2560,512,2048,2048,2,32,16,1024,4096,4096,4096
one_node_per_level,1,3,full_replay_integrator_20_epochs,16,1,7,4411658,0.79296875,0.6952077150344849,4096,4096,0,20,1.5868730060756207,0.026695111766457558,0.001883016899228096,0.05211648344993591,1.506178393959999,86016,4096,81920,81920,2,640,640,8192,4096,4096,4096
one_node_per_level,1,3,integrator_uniform_replay,17,2,7,4411658,0.7757353186607361,0.9818682074546814,512,256,256,4,0.09925102815032005,0.0,0.0030237752944231033,0.03160124458372593,0.06462600827217102,3072,1024,2048,2048,4,32,16,1024,4352,8704,4352
one_node_per_level,1,3,integrator_uniform_replay,18,2,7,4411658,0.7667100429534912,1.0061750411987305,512,256,256,4,0.09333933517336845,0.0,0.003140268847346306,0.030372601002454758,0.05982646532356739,3072,1024,2048,2048,4,32,16,1024,4608,9216,4608
one_node_per_level,1,3,integrator_uniform_replay,19,3,7,4411658,0.7391036152839661,1.008581280708313,512,256,256,4,0.10107110999524593,0.0,0.0033557377755641937,0.03799397498369217,0.05972139723598957,3584,1536,2048,2048,6,32,16,1024,4864,14592,4864
one_node_per_level,1,3,integrator_uniform_replay,20,2,7,4411658,0.760546863079071,1.004974603652954,512,256,256,4,0.09751015342772007,0.0,0.004095794633030891,0.029134176671504974,0.0642801821231842,3072,1024,2048,2048,4,32,16,1024,5120,10240,5120
one_node_per_level,1,3,integrator_uniform_replay,21,3,7,4411658,0.7518601417541504,0.9505242705345154,512,256,256,4,0.1045717392116785,0.0,0.0041051097214221954,0.03950154222548008,0.06096508726477623,3584,1536,2048,2048,6,32,16,1024,5376,16128,5376
one_node_per_level,1,3,integrator_uniform_replay,22,3,7,4411658,0.7615411877632141,0.9264609813690186,512,256,256,4,0.11067017912864685,0.0,0.004902476444840431,0.038812799379229546,0.06695490330457687,3584,1536,2048,2048,6,32,16,1024,5632,16896,5632
one_node_per_level,1,3,integrator_uniform_replay,23,4,7,4411658,0.7342051863670349,0.9622082710266113,512,256,256,4,0.10493869706988335,0.0,0.00377449207007885,0.0468175932765007,0.054346611723303795,4096,2048,2048,2048,8,32,16,1024,5888,23552,5888
one_node_per_level,1,3,integrator_uniform_replay,24,2,7,4411658,0.73046875,1.0018831491470337,512,256,256,4,0.09906149096786976,0.0,0.004573119804263115,0.029958466067910194,0.06452990509569645,3072,1024,2048,2048,4,32,16,1024,6144,12288,6144
one_node_per_level,1,3,integrator_uniform_replay,25,3,7,4411658,0.7428125143051147,0.9542836546897888,512,256,256,4,0.10121224820613861,0.0,0.0051048994064331055,0.038087042048573494,0.05802030675113201,3584,1536,2048,2048,6,32,16,1024,6400,19200,6400
one_node_per_level,1,3,integrator_uniform_replay,26,3,7,4411658,0.7381309866905212,0.9837201833724976,512,256,256,4,0.10676679573953152,0.0,0.005215702578425407,0.040424445644021034,0.061126647517085075,3584,1536,2048,2048,6,32,16,1024,6656,19968,6656
one_node_per_level,1,3,full_replay_integrator_20_epochs,26,3,7,4411658,0.7850059866905212,1.1665153503417969,6656,6656,0,20,2.6230460964143276,0.025083260610699654,0.003309359773993492,0.13421925343573093,2.4604342225939035,153088,19968,133120,133120,12,1040,1040,13312,6656,19968,6656
one_node_per_level,1,3,integrator_uniform_replay,27,4,7,4411658,0.7618634104728699,0.9122670292854309,512,256,256,4,0.10590732097625732,0.0,0.004561848938465118,0.04770037159323692,0.05364510044455528,4096,2048,2048,2048,8,32,16,1024,6912,27648,6912
one_node_per_level,1,3,integrator_uniform_replay,28,3,7,4411658,0.7607421875,0.9364789724349976,512,256,256,4,0.10215296596288681,0.0,0.005446320399641991,0.03906285762786865,0.05764378793537617,3584,1536,2048,2048,6,32,16,1024,7168,21504,7168
one_node_per_level,1,3,integrator_uniform_replay,29,4,7,4411658,0.735991358757019,1.0141355991363525,512,256,256,4,0.11077573522925377,0.0,0.005588719621300697,0.04805782251060009,0.05712919309735298,4096,2048,2048,2048,8,32,16,1024,7424,29696,7424
one_node_per_level,1,3,integrator_uniform_replay,30,4,7,4411658,0.7205728888511658,1.0566155910491943,512,256,256,4,0.1138111799955368,0.0,0.005100991576910019,0.04806472361087799,0.060645464807748795,4096,2048,2048,2048,8,32,16,1024,7680,30720,7680
one_node_per_level,1,3,integrator_uniform_replay,31,5,7,4411658,0.7173638939857483,1.0376574993133545,512,256,256,4,0.1238933727145195,0.0,0.005406742915511131,0.0594861414283514,0.05900048837065697,4608,2560,2048,2048,10,32,16,1024,7936,39680,7936
one_node_per_level,1,3,integrator_uniform_replay,32,1,7,4411658,0.7791748046875,0.8352618217468262,512,256,256,4,0.08172224648296833,0.0,0.0058364905416965485,0.020563559606671333,0.05532219633460045,2560,512,2048,2048,2,32,16,1024,8192,8192,8192
one_node_per_level,1,3,integrator_uniform_replay,33,2,7,4411658,0.7631391882896423,0.9009863138198853,512,256,256,4,0.09252754785120487,0.0,0.006563425064086914,0.03018580749630928,0.05577831529080868,3072,1024,2048,2048,4,32,16,1024,8448,16896,8448
one_node_per_level,1,3,integrator_uniform_replay,34,2,7,4411658,0.7919347286224365,0.8380586504936218,512,256,256,4,0.0891098715364933,0.0,0.00638924352824688,0.028337763622403145,0.05438286438584328,3072,1024,2048,2048,4,32,16,1024,8704,17408,8704
one_node_per_level,1,3,integrator_uniform_replay,35,3,7,4411658,0.7694196701049805,0.8638277053833008,512,256,256,4,0.10551822371780872,0.0,0.00721091590821743,0.03840871341526508,0.05989859439432621,3584,1536,2048,2048,6,32,16,1024,8960,26880,8960
one_node_per_level,1,3,integrator_uniform_replay,36,2,7,4411658,0.7543402910232544,0.9569275975227356,512,256,256,4,0.0963145662099123,0.0,0.007129739969968796,0.030421016737818718,0.058763809502124786,3072,1024,2048,2048,4,32,16,1024,9216,18432,9216
one_node_per_level,1,3,integrator_uniform_replay,37,3,7,4411658,0.7684755325317383,0.8605573177337646,512,256,256,4,0.10747625306248665,0.0,0.00724409706890583,0.038268206641077995,0.06196394935250282,3584,1536,2048,2048,6,32,16,1024,9472,28416,9472
one_node_per_level,1,3,integrator_uniform_replay,38,3,7,4411658,0.7711759805679321,0.8535628914833069,512,256,256,4,0.11296861246228218,0.0,0.00856340304017067,0.04614686220884323,0.05825834721326828,3584,1536,2048,2048,6,32,16,1024,9728,29184,9728
one_node_per_level,1,3,integrator_uniform_replay,39,4,7,4411658,0.7572115659713745,0.911880612373352,512,256,256,4,0.11404568888247013,0.0,0.0074127353727817535,0.04933918081223965,0.05729377269744873,4096,2048,2048,2048,8,32,16,1024,9984,39936,9984
one_node_per_level,1,3,integrator_uniform_replay,40,2,7,4411658,0.756542980670929,0.9037388563156128,512,256,256,4,0.10038823448121548,0.0,0.008235812187194824,0.031593361869454384,0.06055906042456627,3072,1024,2048,2048,4,32,16,1024,10240,20480,10240
one_node_per_level,1,3,integrator_uniform_replay,41,3,7,4411658,0.7578125,0.8869617581367493,512,256,256,4,0.11671936884522438,0.0,0.008264575153589249,0.04839577339589596,0.060059020295739174,3584,1536,2048,2048,6,32,16,1024,10496,31488,10496
one_node_per_level,1,3,full_replay_integrator_20_epochs,41,3,7,4411658,0.8009718060493469,1.0908464193344116,10496,10496,0,20,4.560515038669109,0.02451777271926403,0.005980286747217178,0.21138061210513115,4.318636367097497,241408,31488,209920,209920,18,1640,1640,20992,10496,31488,10496
one_node_per_level,1,3,integrator_uniform_replay,42,3,7,4411658,0.7780877947807312,0.8666161298751831,512,256,256,4,0.12197689712047577,0.0,0.0088658407330513,0.04526119865477085,0.06784985773265362,3584,1536,2048,2048,6,32,16,1024,10752,32256,10752
one_node_per_level,1,3,integrator_uniform_replay,43,4,7,4411658,0.75,0.9159576296806335,512,256,256,4,0.12337589263916016,0.0,0.007895804941654205,0.05258757062256336,0.06289251707494259,4096,2048,2048,2048,8,32,16,1024,11008,44032,11008
one_node_per_level,1,3,integrator_uniform_replay,44,3,7,4411658,0.7800071239471436,0.8868157863616943,512,256,256,4,0.12479276955127716,0.0,0.00925888866186142,0.045749666169285774,0.06978421472012997,3584,1536,2048,2048,6,32,16,1024,11264,33792,11264
one_node_per_level,1,3,integrator_uniform_replay,45,4,7,4411658,0.7605902552604675,0.8987378478050232,512,256,256,4,0.1363409236073494,0.0,0.008642332628369331,0.05893612653017044,0.06876246444880962,4096,2048,2048,2048,8,32,16,1024,11520,46080,11520
one_node_per_level,1,3,integrator_uniform_replay,46,4,7,4411658,0.752292811870575,0.9195964932441711,512,256,256,4,0.1287105455994606,0.0,0.008569177240133286,0.0572549719363451,0.06288639642298222,4096,2048,2048,2048,8,32,16,1024,11776,47104,11776
one_node_per_level,1,3,integrator_uniform_replay,47,5,7,4411658,0.7398603558540344,0.9370456337928772,512,256,256,4,0.1460156161338091,0.0,0.00868796557188034,0.06768409349024296,0.06964355707168579,4608,2560,2048,2048,10,32,16,1024,12032,60160,12032
one_node_per_level,1,3,integrator_uniform_replay,48,2,7,4411658,0.7522786259651184,0.9567969441413879,512,256,256,4,0.11557664535939693,0.0,0.009806348010897636,0.037762999534606934,0.06800729781389236,3072,1024,2048,2048,4,32,16,1024,12288,24576,12288
one_node_per_level,1,3,integrator_uniform_replay,49,3,7,4411658,0.7372449040412903,0.9516886472702026,512,256,256,4,0.14268944039940834,0.0,0.010991308838129044,0.049965750426054,0.0817323811352253,3584,1536,2048,2048,6,32,16,1024,12544,37632,12544
one_node_per_level,1,3,integrator_uniform_replay,50,3,7,4411658,0.7530468702316284,0.9128257036209106,512,256,256,4,0.12787736020982265,0.0,0.010576732456684113,0.04898301139473915,0.06831761635839939,3584,1536,2048,2048,6,32,16,1024,12800,38400,12800
one_node_per_level,1,3,integrator_uniform_replay,51,4,7,4411658,0.7555912733078003,0.889597475528717,512,256,256,4,0.13058152981102467,0.0,0.009669296443462372,0.06014771945774555,0.06076451390981674,4096,2048,2048,2048,8,32,16,1024,13056,52224,13056
one_node_per_level,1,3,integrator_uniform_replay,52,3,7,4411658,0.765700101852417,0.8889036178588867,512,256,256,4,0.13570337928831577,0.0,0.014733340591192245,0.043240802362561226,0.0777292363345623,3584,1536,2048,2048,6,32,16,1024,13312,39936,13312
one_node_per_level,1,3,integrator_uniform_replay,53,4,7,4411658,0.7388708591461182,0.9549245834350586,512,256,256,4,0.14002888277173042,0.0,0.01859077252447605,0.05940156243741512,0.06203654780983925,4096,2048,2048,2048,8,32,16,1024,13568,54272,13568
one_node_per_level,1,3,integrator_uniform_replay,54,4,7,4411658,0.7547743320465088,0.8800603151321411,512,256,256,4,0.12397548370063305,0.0,0.011413611471652985,0.05210183933377266,0.060460032895207405,4096,2048,2048,2048,8,32,16,1024,13824,55296,13824
one_node_per_level,1,3,integrator_uniform_replay,55,5,7,4411658,0.7557528614997864,0.8878145217895508,512,256,256,4,0.13369997218251228,0.0,0.011706728488206863,0.06159725971519947,0.06039598397910595,4608,2560,2048,2048,10,32,16,1024,14080,70400,14080
one_node_per_level,1,3,integrator_uniform_replay,56,3,7,4411658,0.7726702094078064,0.8707314729690552,512,256,256,4,0.12817690521478653,0.0,0.012452183291316032,0.050147052854299545,0.06557766906917095,3584,1536,2048,2048,6,32,16,1024,14336,43008,14336
one_node_per_level,1,3,integrator_uniform_replay,57,4,7,4411658,0.7561677694320679,0.9107131361961365,512,256,256,4,0.13324784114956856,0.0,0.013479568064212799,0.05715765990316868,0.06261061318218708,4096,2048,2048,2048,8,32,16,1024,14592,58368,14592
one_node_per_level,1,3,integrator_uniform_replay,58,4,7,4411658,0.7566675543785095,0.8987717032432556,512,256,256,4,0.12977785617113113,0.0,0.01772047020494938,0.05146842636168003,0.060588959604501724,4096,2048,2048,2048,8,32,16,1024,14848,59392,14848
one_node_per_level,1,3,integrator_uniform_replay,59,5,7,4411658,0.7451668381690979,0.9338606595993042,512,256,256,4,0.15410150401294231,0.0,0.019682487472891808,0.06977089308202267,0.06464812345802784,4608,2560,2048,2048,10,32,16,1024,15104,75520,15104
one_node_per_level,1,3,integrator_uniform_replay,60,4,7,4411658,0.7505859136581421,0.8774032592773438,512,256,256,4,0.14128675498068333,0.0,0.021818604320287704,0.05389728210866451,0.06557086855173111,4096,2048,2048,2048,8,32,16,1024,15360,61440,15360
one_node_per_level,1,3,integrator_uniform_replay,61,5,7,4411658,0.7258580923080444,0.9652560353279114,512,256,256,4,0.1632003802806139,0.0,0.018690690398216248,0.07729136198759079,0.06721832789480686,4608,2560,2048,2048,10,32,16,1024,15616,78080,15616
one_node_per_level,1,3,integrator_uniform_replay,62,5,7,4411658,0.7411794066429138,0.9153806567192078,512,256,256,4,0.1481004860252142,0.0,0.018571816384792328,0.06630828976631165,0.06322037987411022,4608,2560,2048,2048,10,32,16,1024,15872,79360,15872
one_node_per_level,1,3,integrator_uniform_replay,63,6,7,4411658,0.7342509627342224,0.9546157717704773,512,256,256,4,0.17537127621471882,0.0,0.02041928470134735,0.07781259529292583,0.07713939622044563,5120,3072,2048,2048,12,32,16,1024,16128,96768,16128
one_node_per_level,1,3,integrator_uniform_replay,64,1,7,4411658,0.76904296875,0.9039663076400757,512,256,256,4,0.11318819038569927,0.0,0.02298448234796524,0.023648647591471672,0.06655506044626236,2560,512,2048,2048,2,32,16,1024,16384,16384,16384
one_node_per_level,1,3,integrator_uniform_replay,65,2,7,4411658,0.7506009340286255,0.9861925840377808,512,256,256,4,0.1295004989951849,0.0,0.02238713577389717,0.03769643418490887,0.06941692903637886,3072,1024,2048,2048,4,32,16,1024,16640,33280,16640
one_node_per_level,1,3,integrator_uniform_replay,66,2,7,4411658,0.7590553760528564,0.9929905533790588,512,256,256,4,0.11553265154361725,0.0,0.02265828289091587,0.03376410901546478,0.059110259637236595,3072,1024,2048,2048,4,32,16,1024,16896,33792,16896
one_node_per_level,1,3,full_replay_integrator_20_epochs,66,2,7,4411658,0.7765151262283325,0.8737248778343201,16896,16896,0,20,7.265105282887816,0.02390916831791401,0.019582288339734077,0.2778339721262455,6.943779854103923,371712,33792,337920,337920,18,2640,2640,33792,16896,33792,16896
one_node_per_level,1,3,integrator_uniform_replay,67,3,7,4411658,0.7645755410194397,0.9363113641738892,512,256,256,4,0.1320991236716509,0.0,0.02305726148188114,0.04767667502164841,0.06136518716812134,3584,1536,2048,2048,6,32,16,1024,17152,51456,17152
one_node_per_level,1,3,integrator_uniform_replay,68,2,7,4411658,0.7641314268112183,0.9928760528564453,512,256,256,4,0.1273278221487999,0.0,0.025762632489204407,0.034781213849782944,0.06678397580981255,3072,1024,2048,2048,4,32,16,1024,17408,34816,17408
one_node_per_level,1,3,integrator_uniform_replay,69,3,7,4411658,0.7584352493286133,0.9135252237319946,512,256,256,4,0.12895023077726364,0.0,0.02561011351644993,0.038861120119690895,0.06447899714112282,3584,1536,2048,2048,6,32,16,1024,17664,52992,17664
one_node_per_level,1,3,integrator_uniform_replay,70,3,7,4411658,0.7447544932365417,0.9878957271575928,512,256,256,4,0.140627047047019,0.0,0.024257924407720566,0.0448096115142107,0.07155951112508774,3584,1536,2048,2048,6,32,16,1024,17920,53760,17920
one_node_per_level,1,3,integrator_uniform_replay,71,4,7,4411658,0.7440580725669861,0.9402642250061035,512,256,256,4,0.1476118005812168,0.0,0.024995869025588036,0.057649558410048485,0.06496637314558029,4096,2048,2048,2048,8,32,16,1024,18176,72704,18176
one_node_per_level,1,3,integrator_uniform_replay,72,2,7,4411658,0.7494032382965088,1.0055530071258545,512,256,256,4,0.12999187968671322,0.0,0.027543220669031143,0.0333810206502676,0.06906763836741447,3072,1024,2048,2048,4,32,16,1024,18432,36864,18432
one_node_per_level,1,3,integrator_uniform_replay,73,3,7,4411658,0.7406356930732727,1.0111339092254639,512,256,256,4,0.13753148913383484,0.0,0.02610972337424755,0.040964726358652115,0.07045703940093517,3584,1536,2048,2048,6,32,16,1024,18688,56064,18688
one_node_per_level,1,3,integrator_uniform_replay,74,3,7,4411658,0.7576013803482056,0.9150034785270691,512,256,256,4,0.15105678513646126,0.0,0.026532165706157684,0.04872487671673298,0.0757997427135706,3584,1536,2048,2048,6,32,16,1024,18944,56832,18944
one_node_per_level,1,3,integrator_uniform_replay,75,4,7,4411658,0.750781238079071,0.9296543598175049,512,256,256,4,0.1490397695451975,0.0,0.02616669237613678,0.05581188201904297,0.06706119515001774,4096,2048,2048,2048,8,32,16,1024,19200,76800,19200
one_node_per_level,1,3,integrator_uniform_replay,76,3,7,4411658,0.7662931680679321,0.9017112255096436,512,256,256,4,0.1338466964662075,0.0,0.027635615319013596,0.04429179057478905,0.06191929057240486,3584,1536,2048,2048,6,32,16,1024,19456,58368,19456
one_node_per_level,1,3,integrator_uniform_replay,77,4,7,4411658,0.7404626607894897,0.9687976837158203,512,256,256,4,0.15837670490145683,0.0,0.0294541884213686,0.05464418604969978,0.07427833043038845,4096,2048,2048,2048,8,32,16,1024,19712,78848,19712
one_node_per_level,1,3,integrator_uniform_replay,78,4,7,4411658,0.7484475374221802,0.9393684267997742,512,256,256,4,0.14318924397230148,0.0,0.027161743491888046,0.05831219628453255,0.05771530419588089,4096,2048,2048,2048,8,32,16,1024,19968,79872,19968
one_node_per_level,1,3,integrator_uniform_replay,79,5,7,4411658,0.7265625,1.004467487335205,512,256,256,4,0.15963211469352245,0.0,0.02531922236084938,0.0724989790469408,0.06181391328573227,4608,2560,2048,2048,10,32,16,1024,20224,101120,20224
one_node_per_level,1,3,integrator_uniform_replay,80,2,7,4411658,0.776416003704071,0.9211612939834595,512,256,256,4,0.13592848554253578,0.0,0.029790999367833138,0.03904112055897713,0.06709636561572552,3072,1024,2048,2048,4,32,16,1024,20480,40960,20480
one_node_per_level,1,3,integrator_uniform_replay,81,3,7,4411658,0.734375,1.0040339231491089,512,256,256,4,0.14420867897570133,0.0,0.02851579710841179,0.04477735050022602,0.07091553136706352,3584,1536,2048,2048,6,32,16,1024,20736,62208,20736
one_node_per_level,1,3,integrator_uniform_replay,82,3,7,4411658,0.7464748620986938,0.9835658073425293,512,256,256,4,0.1448071300983429,0.0,0.027568316087126732,0.043991437181830406,0.07324737682938576,3584,1536,2048,2048,6,32,16,1024,20992,62976,20992
one_node_per_level,1,3,integrator_uniform_replay,83,4,7,4411658,0.7611069083213806,0.8895484209060669,512,256,256,4,0.1478094644844532,0.0,0.02791811153292656,0.05314669944345951,0.06674465350806713,4096,2048,2048,2048,8,32,16,1024,21248,84992,21248
one_node_per_level,1,3,integrator_uniform_replay,84,3,7,4411658,0.767206072807312,0.8915244340896606,512,256,256,4,0.15089497156441212,0.0,0.03185628727078438,0.04862780123949051,0.07041088305413723,3584,1536,2048,2048,6,32,16,1024,21504,64512,21504
one_node_per_level,1,3,integrator_uniform_replay,85,4,7,4411658,0.7451286911964417,0.9299514889717102,512,256,256,4,0.1574221346527338,0.0,0.0298426765948534,0.056058939546346664,0.07152051851153374,4096,2048,2048,2048,8,32,16,1024,21760,87040,21760
one_node_per_level,1,3,integrator_uniform_replay,86,4,7,4411658,0.7589026093482971,0.8909094929695129,512,256,256,4,0.15199788846075535,0.0,0.03073389269411564,0.053323620930314064,0.06794037483632565,4096,2048,2048,2048,8,32,16,1024,22016,88064,22016
one_node_per_level,1,3,integrator_uniform_replay,87,5,7,4411658,0.7470815181732178,0.9296733140945435,512,256,256,4,0.14997245743870735,0.0,0.028328891843557358,0.06115411035716534,0.06048945523798466,4608,2560,2048,2048,10,32,16,1024,22272,111360,22272
one_node_per_level,1,3,integrator_uniform_replay,88,3,7,4411658,0.7468039989471436,0.9499037265777588,512,256,256,4,0.15742968954145908,0.0,0.0324693713337183,0.050293926149606705,0.07466639205813408,3584,1536,2048,2048,6,32,16,1024,22528,67584,22528
one_node_per_level,1,3,integrator_uniform_replay,89,4,7,4411658,0.7414413690567017,0.9759848713874817,512,256,256,4,0.15450921095907688,0.0,0.03202839381992817,0.05380499176681042,0.0686758253723383,4096,2048,2048,2048,8,32,16,1024,22784,91136,22784
one_node_per_level,1,3,integrator_uniform_replay,90,4,7,4411658,0.7430989742279053,0.9255670309066772,512,256,256,4,0.13971552066504955,0.0,0.030555972829461098,0.05580091290175915,0.05335863493382931,4096,2048,2048,2048,8,32,16,1024,23040,92160,23040
one_node_per_level,1,3,integrator_uniform_replay,91,5,7,4411658,0.7360062003135681,1.0036565065383911,512,256,256,4,0.16130360588431358,0.0,0.031850073486566544,0.0661409292370081,0.06331260316073895,4608,2560,2048,2048,10,32,16,1024,23296,116480,23296
one_node_per_level,1,3,integrator_uniform_replay,92,4,7,4411658,0.733016312122345,0.9921748042106628,512,256,256,4,0.14711049757897854,0.0,0.032985251396894455,0.04817224480211735,0.06595300137996674,4096,2048,2048,2048,8,32,16,1024,23552,94208,23552
one_node_per_level,1,3,integrator_uniform_replay,93,5,7,4411658,0.7284946441650391,1.0150172710418701,512,256,256,4,0.16658564656972885,0.0,0.03387841023504734,0.06495722755789757,0.06775000877678394,4608,2560,2048,2048,10,32,16,1024,23808,119040,23808
one_node_per_level,1,3,integrator_uniform_replay,94,5,7,4411658,0.732214093208313,0.9913990497589111,512,256,256,4,0.16030718386173248,0.0,0.030324608087539673,0.06774675101041794,0.06223582476377487,4608,2560,2048,2048,10,32,16,1024,24064,120320,24064
one_node_per_level,1,3,integrator_uniform_replay,95,6,7,4411658,0.7328125238418579,0.9754581451416016,512,256,256,4,0.16799804009497166,0.0,0.032298438251018524,0.07564960047602654,0.0600500013679266,5120,3072,2048,2048,12,32,16,1024,24320,145920,24320
one_node_per_level,1,3,integrator_uniform_replay,96,2,7,4411658,0.7560628056526184,0.9820196032524109,512,256,256,4,0.14025268889963627,0.0,0.036380937322974205,0.03125038556754589,0.07262136600911617,3072,1024,2048,2048,4,32,16,1024,24576,49152,24576
one_node_per_level,1,3,integrator_uniform_replay,97,3,7,4411658,0.7394490838050842,0.9707874655723572,512,256,256,4,0.1422800626605749,0.0,0.03389270789921284,0.045570945367217064,0.06281640939414501,3584,1536,2048,2048,6,32,16,1024,24832,74496,24832
one_node_per_level,1,3,integrator_uniform_replay,98,3,7,4411658,0.7391581535339355,0.9745429754257202,512,256,256,4,0.15162811987102032,0.0,0.03633639216423035,0.04661298356950283,0.06867874413728714,3584,1536,2048,2048,6,32,16,1024,25088,75264,25088
one_node_per_level,1,3,integrator_uniform_replay,99,4,7,4411658,0.7413588762283325,0.9501644968986511,512,256,256,4,0.15098373964428902,0.0,0.03534337505698204,0.05235200375318527,0.0632883608341217,4096,2048,2048,2048,8,32,16,1024,25344,101376,25344
one_node_per_level,1,3,integrator_uniform_replay,100,3,7,4411658,0.7389453053474426,0.9971715807914734,512,256,256,4,0.15473900735378265,0.0,0.040017930790781975,0.04632401652634144,0.06839706003665924,3584,1536,2048,2048,6,32,16,1024,25600,76800,25600
one_node_per_level,1,3,full_replay_integrator_20_epochs,100,3,7,4411658,0.7701171636581421,1.1034533977508545,25600,25600,0,20,11.181715454906225,0.026616990566253662,0.03251841478049755,0.5261757001280785,10.596404349431396,588800,76800,512000,512000,39,4000,4000,51200,25600,76800,25600
one_node_per_level,1,4,integrator_uniform_replay,1,1,7,4411658,0.86328125,0.9046225547790527,256,256,0,4,0.06413514912128448,0.02661968395113945,0.0,0.011250155046582222,0.026265310123562813,1280,256,1024,1024,1,8,8,512,256,256,256
one_node_per_level,1,4,full_replay_integrator_20_epochs,1,1,7,4411658,0.8359375,0.88790363073349,256,256,0,20,0.13815417885780334,0.03119426965713501,0.0003112237900495529,0.00933142751455307,0.09731725789606571,5376,256,5120,5120,1,40,40,512,256,256,256
one_node_per_level,1,4,integrator_uniform_replay,2,1,7,4411658,0.802734375,0.8019683957099915,512,256,256,4,0.08589527942240238,0.0,0.0005753040313720703,0.01899793930351734,0.06632203608751297,2560,512,2048,2048,2,32,16,1024,512,512,512
one_node_per_level,1,4,full_replay_integrator_20_epochs,2,1,7,4411658,0.81640625,0.724513828754425,512,512,0,20,0.24638004787266254,0.026983575895428658,0.0003833305090665817,0.010939542204141617,0.2080735992640257,10752,512,10240,10240,1,80,80,1024,512,512,512
one_node_per_level,1,4,integrator_uniform_replay,3,2,7,4411658,0.7109375,0.9954493045806885,512,256,256,4,0.09373867511749268,0.0,0.0006201174110174179,0.029081646353006363,0.0640369113534689,3072,1024,2048,2048,4,32,16,1024,768,1536,768
one_node_per_level,1,4,integrator_uniform_replay,4,1,7,4411658,0.7998046875,0.9141741394996643,512,256,256,4,0.09258115291595459,0.0,0.0007916353642940521,0.023318639025092125,0.06847087852656841,2560,512,2048,2048,2,32,16,1024,1024,1024,1024
one_node_per_level,1,4,full_replay_integrator_20_epochs,4,1,7,4411658,0.8125,0.7648335695266724,1024,1024,0,20,0.4508890453726053,0.027110809460282326,0.0006032083183526993,0.012603964656591415,0.4105710629373789,21504,1024,20480,20480,1,160,160,2048,1024,1024,1024
one_node_per_level,1,4,integrator_uniform_replay,5,2,7,4411658,0.7242187261581421,1.1572604179382324,512,256,256,4,0.10767694003880024,0.0,0.0010698754340410233,0.03513375669717789,0.07147330790758133,3072,1024,2048,2048,4,32,16,1024,1280,2560,1280
one_node_per_level,1,4,integrator_uniform_replay,6,2,7,4411658,0.6666666865348816,1.185671091079712,512,256,256,4,0.09846409037709236,0.0,0.0011056512594223022,0.03352443873882294,0.06383400037884712,3072,1024,2048,2048,4,32,16,1024,1536,3072,1536
one_node_per_level,1,4,integrator_uniform_replay,7,3,7,4411658,0.6026785969734192,1.3432444334030151,512,256,256,4,0.1126451026648283,0.0,0.001207735389471054,0.04213697090744972,0.06930039636790752,3584,1536,2048,2048,6,32,16,1024,1792,5376,1792
one_node_per_level,1,4,integrator_uniform_replay,8,1,7,4411658,0.7958984375,1.033371925354004,512,256,256,4,0.09160659462213516,0.0,0.0014391075819730759,0.02153175324201584,0.06863573379814625,2560,512,2048,2048,2,32,16,1024,2048,2048,2048
one_node_per_level,1,4,full_replay_integrator_20_epochs,8,1,7,4411658,0.8037109375,0.6781609058380127,2048,2048,0,20,0.8551709838211536,0.022125862538814545,0.0012125838547945023,0.02074766345322132,0.8110848739743233,43008,2048,40960,40960,1,320,320,4096,2048,2048,2048
one_node_per_level,1,4,integrator_uniform_replay,9,2,7,4411658,0.6892361044883728,1.2070040702819824,512,256,256,4,0.10305609740316868,0.0,0.001733735203742981,0.034572482109069824,0.06674988009035587,3072,1024,2048,2048,4,32,16,1024,2304,4608,2304
one_node_per_level,1,4,integrator_uniform_replay,10,2,7,4411658,0.719531238079071,1.1525862216949463,512,256,256,4,0.10053003393113613,0.0,0.0016263611614704132,0.029529592022299767,0.06937408074736595,3072,1024,2048,2048,4,32,16,1024,2560,5120,2560
one_node_per_level,1,4,full_replay_integrator_20_epochs,10,2,7,4411658,0.797656238079071,0.9570436477661133,2560,2560,0,20,1.1697344593703747,0.02339993603527546,0.0013763364404439926,0.0363722313195467,1.1085859555751085,56320,5120,51200,51200,4,400,400,5120,2560,5120,2560
one_node_per_level,1,4,integrator_uniform_replay,11,3,7,4411658,0.6459516882896423,1.3158777952194214,512,256,256,4,0.11330199614167213,0.0,0.002203168347477913,0.04308672808110714,0.06801209971308708,3584,1536,2048,2048,6,32,16,1024,2816,8448,2816
one_node_per_level,1,4,integrator_uniform_replay,12,2,7,4411658,0.708984375,1.1697596311569214,512,256,256,4,0.10709941200911999,0.0,0.0023937486112117767,0.03686429746448994,0.06784136593341827,3072,1024,2048,2048,4,32,16,1024,3072,6144,3072
one_node_per_level,1,4,integrator_uniform_replay,13,3,7,4411658,0.7073317170143127,1.1237329244613647,512,256,256,4,0.134040841832757,0.0,0.0023834388703107834,0.04678778164088726,0.08486962132155895,3584,1536,2048,2048,6,32,16,1024,3328,9984,3328
one_node_per_level,1,4,integrator_uniform_replay,14,3,7,4411658,0.7106584906578064,1.10917067527771,512,256,256,4,0.11368897929787636,0.0,0.002949316054582596,0.044520460069179535,0.06621920317411423,3584,1536,2048,2048,6,32,16,1024,3584,10752,3584
one_node_per_level,1,4,integrator_uniform_replay,15,4,7,4411658,0.6885416507720947,1.138511061668396,512,256,256,4,0.12033002451062202,0.0,0.0023287255316972733,0.05698611959815025,0.0610151793807745,4096,2048,2048,2048,8,32,16,1024,3840,15360,3840
one_node_per_level,1,4,integrator_uniform_replay,16,1,7,4411658,0.81884765625,0.8842779397964478,512,256,256,4,0.0917274933308363,0.0,0.0025053825229406357,0.018702514469623566,0.0705195963382721,2560,512,2048,2048,2,32,16,1024,4096,4096,4096
one_node_per_level,1,4,full_replay_integrator_20_epochs,16,1,7,4411658,0.80126953125,0.6715371012687683,4096,4096,0,20,1.6947772596031427,0.025066571310162544,0.0018464196473360062,0.05825495347380638,1.6096093151718378,86016,4096,81920,81920,2,640,640,8192,4096,4096,4096
one_node_per_level,1,4,integrator_uniform_replay,17,2,7,4411658,0.7394301295280457,0.9787322878837585,512,256,256,4,0.1044122464954853,0.0,0.003020772710442543,0.03402283601462841,0.06736863777041435,3072,1024,2048,2048,4,32,16,1024,4352,8704,4352
one_node_per_level,1,4,integrator_uniform_replay,18,2,7,4411658,0.7645399570465088,0.9133236408233643,512,256,256,4,0.1039827186614275,0.0,0.003575354814529419,0.030967138707637787,0.06944022513926029,3072,1024,2048,2048,4,32,16,1024,4608,9216,4608
one_node_per_level,1,4,integrator_uniform_replay,19,3,7,4411658,0.7386924624443054,0.9816876649856567,512,256,256,4,0.11007500067353249,0.0,0.003835398703813553,0.043575625866651535,0.0626639761030674,3584,1536,2048,2048,6,32,16,1024,4864,14592,4864
one_node_per_level,1,4,integrator_uniform_replay,20,2,7,4411658,0.758984386920929,0.959341824054718,512,256,256,4,0.10377040691673756,0.0,0.003804560750722885,0.03373568132519722,0.06623016484081745,3072,1024,2048,2048,4,32,16,1024,5120,10240,5120
one_node_per_level,1,4,integrator_uniform_replay,21,3,7,4411658,0.7672991156578064,0.9209487438201904,512,256,256,4,0.12156136892735958,0.0,0.0035903025418519974,0.0445370115339756,0.07343405485153198,3584,1536,2048,2048,6,32,16,1024,5376,16128,5376
one_node_per_level,1,4,integrator_uniform_replay,22,3,7,4411658,0.7531960010528564,0.9710714221000671,512,256,256,4,0.1164349764585495,0.0,0.004031863063573837,0.04409915953874588,0.06830395385622978,3584,1536,2048,2048,6,32,16,1024,5632,16896,5632
one_node_per_level,1,4,integrator_uniform_replay,23,4,7,4411658,0.7246943116188049,1.0249912738800049,512,256,256,4,0.12590941041707993,0.0,0.00370064377784729,0.05898958630859852,0.06321918033063412,4096,2048,2048,2048,8,32,16,1024,5888,23552,5888
one_node_per_level,1,4,integrator_uniform_replay,24,2,7,4411658,0.76123046875,0.9520832896232605,512,256,256,4,0.09197185561060905,0.0,0.004471857100725174,0.033961499109864235,0.053538499400019646,3072,1024,2048,2048,4,32,16,1024,6144,12288,6144
one_node_per_level,1,4,integrator_uniform_replay,25,3,7,4411658,0.7623437643051147,0.9176033735275269,512,256,256,4,0.10340925119817257,0.0,0.0048598479479551315,0.039546115323901176,0.05900328792631626,3584,1536,2048,2048,6,32,16,1024,6400,19200,6400
one_node_per_level,1,4,integrator_uniform_replay,26,3,7,4411658,0.7638221383094788,0.9345710277557373,512,256,256,4,0.10837706178426743,0.0,0.004705335944890976,0.043129464611411095,0.060542261227965355,3584,1536,2048,2048,6,32,16,1024,6656,19968,6656
one_node_per_level,1,4,full_replay_integrator_20_epochs,26,3,7,4411658,0.8051382303237915,1.0669386386871338,6656,6656,0,20,2.914507219567895,0.02587484009563923,0.0029959622770547867,0.13762449473142624,2.7480119224637747,153088,19968,133120,133120,12,1040,1040,13312,6656,19968,6656
one_node_per_level,1,4,integrator_uniform_replay,27,4,7,4411658,0.7381365895271301,0.9774027466773987,512,256,256,4,0.12482387386262417,0.0,0.005369396880269051,0.05807997286319733,0.06137450411915779,4096,2048,2048,2048,8,32,16,1024,6912,27648,6912
one_node_per_level,1,4,integrator_uniform_replay,28,3,7,4411658,0.7428850531578064,0.9648456573486328,512,256,256,4,0.11249109357595444,0.0,0.0052152518182992935,0.04422878660261631,0.06304705515503883,3584,1536,2048,2048,6,32,16,1024,7168,21504,7168
one_node_per_level,1,4,integrator_uniform_replay,29,4,7,4411658,0.7276400923728943,1.0492671728134155,512,256,256,4,0.1308776456862688,0.0,0.006273010745644569,0.05947934277355671,0.06512529216706753,4096,2048,2048,2048,8,32,16,1024,7424,29696,7424
one_node_per_level,1,4,integrator_uniform_replay,30,4,7,4411658,0.7369791865348816,1.006577968597412,512,256,256,4,0.12564226053655148,0.0,0.00572420097887516,0.057270582765340805,0.06264747679233551,4096,2048,2048,2048,8,32,16,1024,7680,30720,7680
one_node_per_level,1,4,integrator_uniform_replay,31,5,7,4411658,0.7250503897666931,0.9920707941055298,512,256,256,4,0.1286182515323162,0.0,0.005162972956895828,0.06288488022983074,0.06057039834558964,4608,2560,2048,2048,10,32,16,1024,7936,39680,7936
one_node_per_level,1,4,integrator_uniform_replay,32,1,7,4411658,0.789306640625,0.8477790355682373,512,256,256,4,0.08902248553931713,0.0,0.00577281229197979,0.01919529400765896,0.06405437923967838,2560,512,2048,2048,2,32,16,1024,8192,8192,8192
one_node_per_level,1,4,integrator_uniform_replay,33,2,7,4411658,0.7602983117103577,0.9752541780471802,512,256,256,4,0.10458405688405037,0.0,0.0066519323736429214,0.03590554744005203,0.062026577070355415,3072,1024,2048,2048,4,32,16,1024,8448,16896,8448
one_node_per_level,1,4,integrator_uniform_replay,34,2,7,4411658,0.7488511204719543,0.9489117860794067,512,256,256,4,0.10318681970238686,0.0,0.0065667834132909775,0.03379867225885391,0.06282136403024197,3072,1024,2048,2048,4,32,16,1024,8704,17408,8704
one_node_per_level,1,4,integrator_uniform_replay,35,3,7,4411658,0.7597098350524902,0.900140643119812,512,256,256,4,0.12310151010751724,0.0,0.007392941042780876,0.04612859711050987,0.0695799719542265,3584,1536,2048,2048,6,32,16,1024,8960,26880,8960
one_node_per_level,1,4,integrator_uniform_replay,36,2,7,4411658,0.78125,0.9071035385131836,512,256,256,4,0.10776040144264698,0.0,0.006869766861200333,0.035002049058675766,0.06588858552277088,3072,1024,2048,2048,4,32,16,1024,9216,18432,9216
one_node_per_level,1,4,integrator_uniform_replay,37,3,7,4411658,0.7522170543670654,0.9166463613510132,512,256,256,4,0.12577901221811771,0.0,0.007364407181739807,0.0488931629806757,0.06952144205570221,3584,1536,2048,2048,6,32,16,1024,9472,28416,9472
one_node_per_level,1,4,integrator_uniform_replay,38,3,7,4411658,0.7694284319877625,0.8927232027053833,512,256,256,4,0.11651804856956005,0.0,0.00776955671608448,0.04292324744164944,0.06582524441182613,3584,1536,2048,2048,6,32,16,1024,9728,29184,9728
one_node_per_level,1,4,integrator_uniform_replay,39,4,7,4411658,0.7447916865348816,0.9249447584152222,512,256,256,4,0.12375552207231522,0.0,0.007424389943480492,0.05043025314807892,0.0659008789807558,4096,2048,2048,2048,8,32,16,1024,9984,39936,9984
one_node_per_level,1,4,integrator_uniform_replay,40,2,7,4411658,0.7542968988418579,0.9466205835342407,512,256,256,4,0.1166505478322506,0.0,0.008064676076173782,0.034789806231856346,0.07379606552422047,3072,1024,2048,2048,4,32,16,1024,10240,20480,10240
one_node_per_level,1,4,integrator_uniform_replay,41,3,7,4411658,0.7441882491111755,0.9442136883735657,512,256,256,4,0.1296649482101202,0.0,0.009898995980620384,0.041559431701898575,0.07820652052760124,3584,1536,2048,2048,6,32,16,1024,10496,31488,10496
one_node_per_level,1,4,full_replay_integrator_20_epochs,41,3,7,4411658,0.7844893336296082,1.1129276752471924,10496,10496,0,20,4.441006075590849,0.03192718327045441,0.007827907800674438,0.21014700271189213,4.191103981807828,241408,31488,209920,209920,18,1640,1640,20992,10496,31488,10496
one_node_per_level,1,4,integrator_uniform_replay,42,3,7,4411658,0.7645089030265808,0.9131572246551514,512,256,256,4,0.12603436782956123,0.0,0.008444981649518013,0.044953010976314545,0.07263637520372868,3584,1536,2048,2048,6,32,16,1024,10752,32256,10752
one_node_per_level,1,4,integrator_uniform_replay,43,4,7,4411658,0.7222929000854492,1.0323848724365234,512,256,256,4,0.12276347912847996,0.0,0.009219061583280563,0.05274440161883831,0.060800015926361084,4096,2048,2048,2048,8,32,16,1024,11008,44032,11008
one_node_per_level,1,4,integrator_uniform_replay,44,3,7,4411658,0.7592329382896423,0.9578829407691956,512,256,256,4,0.1250901948660612,0.0,0.007960710674524307,0.048102039843797684,0.06902744434773922,3584,1536,2048,2048,6,32,16,1024,11264,33792,11264
one_node_per_level,1,4,integrator_uniform_replay,45,4,7,4411658,0.7296006679534912,0.9679023027420044,512,256,256,4,0.13512877374887466,0.0,0.00836046040058136,0.05280251242220402,0.07396580092608929,4096,2048,2048,2048,8,32,16,1024,11520,46080,11520
one_node_per_level,1,4,integrator_uniform_replay,46,4,7,4411658,0.7207880616188049,0.9866580367088318,512,256,256,4,0.12415254861116409,0.0,0.008385898545384407,0.05271574668586254,0.06305090337991714,4096,2048,2048,2048,8,32,16,1024,11776,47104,11776
one_node_per_level,1,4,integrator_uniform_replay,47,5,7,4411658,0.738696813583374,0.9579218029975891,512,256,256,4,0.14220629073679447,0.0,0.009944723919034004,0.06525283865630627,0.0670087281614542,4608,2560,2048,2048,10,32,16,1024,12032,60160,12032
one_node_per_level,1,4,integrator_uniform_replay,48,2,7,4411658,0.7618815302848816,0.9301984906196594,512,256,256,4,0.10656117275357246,0.0,0.010341785848140717,0.031832555308938026,0.06438683159649372,3072,1024,2048,2048,4,32,16,1024,12288,24576,12288
one_node_per_level,1,4,integrator_uniform_replay,49,3,7,4411658,0.7398756146430969,0.9823092222213745,512,256,256,4,0.12920786067843437,0.0,0.011454351246356964,0.048975229263305664,0.06877828016877174,3584,1536,2048,2048,6,32,16,1024,12544,37632,12544
one_node_per_level,1,4,integrator_uniform_replay,50,3,7,4411658,0.7425781488418579,0.9440023303031921,512,256,256,4,0.12364372424781322,0.0,0.013985242694616318,0.04789238050580025,0.06176610104739666,3584,1536,2048,2048,6,32,16,1024,12800,38400,12800
one_node_per_level,1,4,integrator_uniform_replay,51,4,7,4411658,0.7381280660629272,0.9411792159080505,512,256,256,4,0.1235729455947876,0.0,0.010505996644496918,0.050371428951621056,0.06269551999866962,4096,2048,2048,2048,8,32,16,1024,13056,52224,13056
one_node_per_level,1,4,integrator_uniform_replay,52,3,7,4411658,0.7375300526618958,0.9588904976844788,512,256,256,4,0.12598958425223827,0.0,0.010627180337905884,0.044775465503335,0.07058693841099739,3584,1536,2048,2048,6,32,16,1024,13312,39936,13312
one_node_per_level,1,4,integrator_uniform_replay,53,4,7,4411658,0.729363203048706,0.9469828605651855,512,256,256,4,0.14351330511271954,0.0,0.012366456910967827,0.06055089272558689,0.07059595547616482,4096,2048,2048,2048,8,32,16,1024,13568,54272,13568
one_node_per_level,1,4,integrator_uniform_replay,54,4,7,4411658,0.7442129850387573,0.9621261358261108,512,256,256,4,0.13834385946393013,0.0,0.011983256787061691,0.05382969789206982,0.07253090478479862,4096,2048,2048,2048,8,32,16,1024,13824,55296,13824
one_node_per_level,1,4,integrator_uniform_replay,55,5,7,4411658,0.7379261255264282,0.9141759276390076,512,256,256,4,0.12725943326950073,0.0,0.010889479890465736,0.057581668719649315,0.05878828465938568,4608,2560,2048,2048,10,32,16,1024,14080,70400,14080
one_node_per_level,1,4,integrator_uniform_replay,56,3,7,4411658,0.7472795844078064,0.907587468624115,512,256,256,4,0.12586520984768867,0.0,0.012668859213590622,0.046023810282349586,0.06717254035174847,3584,1536,2048,2048,6,32,16,1024,14336,43008,14336
one_node_per_level,1,4,integrator_uniform_replay,57,4,7,4411658,0.7391721606254578,0.9230505228042603,512,256,256,4,0.14251683093607426,0.0,0.017333095893263817,0.06103116646409035,0.06415256857872009,4096,2048,2048,2048,8,32,16,1024,14592,58368,14592
one_node_per_level,1,4,integrator_uniform_replay,58,4,7,4411658,0.7473734021186829,0.9101169109344482,512,256,256,4,0.12782695144414902,0.0,0.010716801509261131,0.056227076798677444,0.06088307313621044,4096,2048,2048,2048,8,32,16,1024,14848,59392,14848
one_node_per_level,1,4,integrator_uniform_replay,59,5,7,4411658,0.7364936470985413,0.9666674137115479,512,256,256,4,0.14996382594108582,0.0,0.018651943653821945,0.06795812025666237,0.0633537620306015,4608,2560,2048,2048,10,32,16,1024,15104,75520,15104
one_node_per_level,1,4,integrator_uniform_replay,60,4,7,4411658,0.7319010496139526,0.9656469821929932,512,256,256,4,0.1392304226756096,0.0,0.017123907804489136,0.056393882259726524,0.06571263261139393,4096,2048,2048,2048,8,32,16,1024,15360,61440,15360
one_node_per_level,1,4,integrator_uniform_replay,61,5,7,4411658,0.7222079634666443,0.9959116578102112,512,256,256,4,0.13392134569585323,0.0,0.01314585842192173,0.06177751533687115,0.058997971937060356,4608,2560,2048,2048,10,32,16,1024,15616,78080,15616
one_node_per_level,1,4,integrator_uniform_replay,62,5,7,4411658,0.7283266186714172,0.9665514230728149,512,256,256,4,0.13562819175422192,0.0,0.012771116569638252,0.06252008862793446,0.06033698655664921,4608,2560,2048,2048,10,32,16,1024,15872,79360,15872
one_node_per_level,1,4,integrator_uniform_replay,63,6,7,4411658,0.7096354365348816,1.0410563945770264,512,256,256,4,0.15821502171456814,0.0,0.013684140518307686,0.0795972142368555,0.06493366695940495,5120,3072,2048,2048,12,32,16,1024,16128,96768,16128
one_node_per_level,1,4,integrator_uniform_replay,64,1,7,4411658,0.75958251953125,0.959331214427948,512,256,256,4,0.10161171481013298,0.0,0.015002358704805374,0.0197541993111372,0.0668551567941904,2560,512,2048,2048,2,32,16,1024,16384,16384,16384
one_node_per_level,1,4,integrator_uniform_replay,65,2,7,4411658,0.7442908883094788,0.997454822063446,512,256,256,4,0.11223019659519196,0.0,0.014651861041784286,0.030025983229279518,0.06755235232412815,3072,1024,2048,2048,4,32,16,1024,16640,33280,16640
one_node_per_level,1,4,integrator_uniform_replay,66,2,7,4411658,0.7846235632896423,0.9024162292480469,512,256,256,4,0.12496460974216461,0.0,0.014916421845555305,0.03972932510077953,0.07031886279582977,3072,1024,2048,2048,4,32,16,1024,16896,33792,16896
one_node_per_level,1,4,full_replay_integrator_20_epochs,66,2,7,4411658,0.7881746888160706,0.8475483655929565,16896,16896,0,20,7.322007132694125,0.02965633012354374,0.011554742231965065,0.2886926643550396,6.992103395983577,371712,33792,337920,337920,18,2640,2640,33792,16896,33792,16896
one_node_per_level,1,4,integrator_uniform_replay,67,3,7,4411658,0.7570545673370361,0.930206298828125,512,256,256,4,0.12783904559910297,0.0,0.015195352956652641,0.04979556053876877,0.06284813210368156,3584,1536,2048,2048,6,32,16,1024,17152,51456,17152
one_node_per_level,1,4,integrator_uniform_replay,68,2,7,4411658,0.7654526829719543,0.9184470176696777,512,256,256,4,0.11205629259347916,0.0,0.015754828229546547,0.02852640673518181,0.0677750576287508,3072,1024,2048,2048,4,32,16,1024,17408,34816,17408
one_node_per_level,1,4,integrator_uniform_replay,69,3,7,4411658,0.7630208134651184,0.8716536164283752,512,256,256,4,0.1368986964225769,0.0,0.015488618984818459,0.050215160474181175,0.07119491696357727,3584,1536,2048,2048,6,32,16,1024,17664,52992,17664
one_node_per_level,1,4,integrator_uniform_replay,70,3,7,4411658,0.7626674175262451,0.9139909744262695,512,256,256,4,0.13409566693007946,0.0,0.014790995046496391,0.043438756838440895,0.07586591504514217,3584,1536,2048,2048,6,32,16,1024,17920,53760,17920
one_node_per_level,1,4,integrator_uniform_replay,71,4,7,4411658,0.7529709339141846,0.9236310720443726,512,256,256,4,0.13159672915935516,0.0,0.021293524652719498,0.052141180261969566,0.0581620242446661,4096,2048,2048,2048,8,32,16,1024,18176,72704,18176
one_node_per_level,1,4,integrator_uniform_replay,72,2,7,4411658,0.7552626132965088,0.9526230692863464,512,256,256,4,0.1131638940423727,0.0,0.022343046963214874,0.030415356159210205,0.060405490919947624,3072,1024,2048,2048,4,32,16,1024,18432,36864,18432
one_node_per_level,1,4,integrator_uniform_replay,73,3,7,4411658,0.7431507110595703,0.9833321571350098,512,256,256,4,0.12724263221025467,0.0,0.02220000885426998,0.04572516493499279,0.0593174584209919,3584,1536,2048,2048,6,32,16,1024,18688,56064,18688
one_node_per_level,1,4,integrator_uniform_replay,74,3,7,4411658,0.7618771195411682,0.9254314303398132,512,256,256,4,0.1363747213035822,0.0,0.0223496425896883,0.04733613505959511,0.06668894365429878,3584,1536,2048,2048,6,32,16,1024,18944,56832,18944
one_node_per_level,1,4,integrator_uniform_replay,75,4,7,4411658,0.7425000071525574,0.9641255736351013,512,256,256,4,0.14347811415791512,0.0,0.02095975913107395,0.05627985671162605,0.06623849831521511,4096,2048,2048,2048,8,32,16,1024,19200,76800,19200
one_node_per_level,1,4,integrator_uniform_replay,76,3,7,4411658,0.7578638792037964,0.9606349468231201,512,256,256,4,0.13082904182374477,0.0,0.02338625118136406,0.04401339218020439,0.06342939846217632,3584,1536,2048,2048,6,32,16,1024,19456,58368,19456
one_node_per_level,1,4,integrator_uniform_replay,77,4,7,4411658,0.7491375803947449,0.9255586266517639,512,256,256,4,0.16601059399545193,0.0,0.02513119950890541,0.05904063582420349,0.08183875866234303,4096,2048,2048,2048,8,32,16,1024,19712,78848,19712
one_node_per_level,1,4,integrator_uniform_replay,78,4,7,4411658,0.7501001358032227,0.926881730556488,512,256,256,4,0.14471194706857204,0.0,0.02259172312915325,0.05575280264019966,0.06636742129921913,4096,2048,2048,2048,8,32,16,1024,19968,79872,19968
one_node_per_level,1,4,integrator_uniform_replay,79,5,7,4411658,0.7272052764892578,0.9443091750144958,512,256,256,4,0.1607203632593155,0.0,0.028182340785861015,0.06354168243706226,0.06899634003639221,4608,2560,2048,2048,10,32,16,1024,20224,101120,20224
one_node_per_level,1,4,integrator_uniform_replay,80,2,7,4411658,0.769775390625,0.9124496579170227,512,256,256,4,0.11769525893032551,0.0,0.029657112434506416,0.029211385175585747,0.058826761320233345,3072,1024,2048,2048,4,32,16,1024,20480,40960,20480
one_node_per_level,1,4,integrator_uniform_replay,81,3,7,4411658,0.7540991306304932,0.9017519354820251,512,256,256,4,0.15029435604810715,0.0,0.03097868710756302,0.049690715968608856,0.06962495297193527,3584,1536,2048,2048,6,32,16,1024,20736,62208,20736
one_node_per_level,1,4,integrator_uniform_replay,82,3,7,4411658,0.7263243198394775,1.0133293867111206,512,256,256,4,0.1481582596898079,0.0,0.03052406944334507,0.0429514404386282,0.07468274980783463,3584,1536,2048,2048,6,32,16,1024,20992,62976,20992
one_node_per_level,1,4,integrator_uniform_replay,83,4,7,4411658,0.7407755851745605,0.9416322112083435,512,256,256,4,0.1393610965460539,0.0,0.028285106644034386,0.052822086960077286,0.058253902941942215,4096,2048,2048,2048,8,32,16,1024,21248,84992,21248
one_node_per_level,1,4,integrator_uniform_replay,84,3,7,4411658,0.7575799822807312,0.9249076843261719,512,256,256,4,0.13769423589110374,0.0,0.03108416497707367,0.04338720254600048,0.0632228683680296,3584,1536,2048,2048,6,32,16,1024,21504,64512,21504
one_node_per_level,1,4,integrator_uniform_replay,85,4,7,4411658,0.7494025826454163,0.9044702649116516,512,256,256,4,0.1588621512055397,0.0,0.029715675860643387,0.05626507103443146,0.07288140431046486,4096,2048,2048,2048,8,32,16,1024,21760,87040,21760
one_node_per_level,1,4,integrator_uniform_replay,86,4,7,4411658,0.750817596912384,0.9207812547683716,512,256,256,4,0.15682338178157806,0.0,0.029807887971401215,0.05508987605571747,0.07192561775445938,4096,2048,2048,2048,8,32,16,1024,22016,88064,22016
one_node_per_level,1,4,integrator_uniform_replay,87,5,7,4411658,0.7317708134651184,0.9495159387588501,512,256,256,4,0.16060758754611015,0.0,0.028890054672956467,0.06357932277023792,0.06813821010291576,4608,2560,2048,2048,10,32,16,1024,22272,111360,22272
one_node_per_level,1,4,integrator_uniform_replay,88,3,7,4411658,0.7688210010528564,0.895596444606781,512,256,256,4,0.14848965220153332,0.0,0.03241739980876446,0.04009568318724632,0.07597656920552254,3584,1536,2048,2048,6,32,16,1024,22528,67584,22528
one_node_per_level,1,4,integrator_uniform_replay,89,4,7,4411658,0.7126930952072144,1.0259840488433838,512,256,256,4,0.14909311197698116,0.0,0.032557835802435875,0.05566553212702274,0.060869744047522545,4096,2048,2048,2048,8,32,16,1024,22784,91136,22784
one_node_per_level,1,4,integrator_uniform_replay,90,4,7,4411658,0.7339409589767456,0.9825367331504822,512,256,256,4,0.16511168330907822,0.0,0.030134040862321854,0.0628739632666111,0.07210367918014526,4096,2048,2048,2048,8,32,16,1024,23040,92160,23040
one_node_per_level,1,4,integrator_uniform_replay,91,5,7,4411658,0.724802553653717,0.9935315251350403,512,256,256,4,0.1598197016865015,0.0,0.03257204405963421,0.06383549980819225,0.06341215781867504,4608,2560,2048,2048,10,32,16,1024,23296,116480,23296
one_node_per_level,1,4,integrator_uniform_replay,92,4,7,4411658,0.73586106300354,0.9755150079727173,512,256,256,4,0.146877471357584,0.0,0.031690970063209534,0.0526522621512413,0.06253423914313316,4096,2048,2048,2048,8,32,16,1024,23552,94208,23552
one_node_per_level,1,4,integrator_uniform_replay,93,5,7,4411658,0.7243783473968506,0.974006712436676,512,256,256,4,0.1615593060851097,0.0,0.030634939670562744,0.062067098915576935,0.06885726749897003,4608,2560,2048,2048,10,32,16,1024,23808,119040,23808
one_node_per_level,1,4,integrator_uniform_replay,94,5,7,4411658,0.724817156791687,0.9705373644828796,512,256,256,4,0.1711411327123642,0.0,0.03259803168475628,0.0697943214327097,0.06874877959489822,4608,2560,2048,2048,10,32,16,1024,24064,120320,24064
one_node_per_level,1,4,integrator_uniform_replay,95,6,7,4411658,0.7145970463752747,1.0159552097320557,512,256,256,4,0.17620453424751759,0.0,0.03168780729174614,0.07625874876976013,0.06825797818601131,5120,3072,2048,2048,12,32,16,1024,24320,145920,24320
one_node_per_level,1,4,integrator_uniform_replay,96,2,7,4411658,0.759521484375,0.9286694526672363,512,256,256,4,0.13931960612535477,0.0,0.03485221974551678,0.03860798664391041,0.06585939973592758,3072,1024,2048,2048,4,32,16,1024,24576,49152,24576
one_node_per_level,1,4,integrator_uniform_replay,97,3,7,4411658,0.7322809100151062,0.9674531817436218,512,256,256,4,0.14343798533082008,0.0,0.03400498814880848,0.04529160261154175,0.06414139457046986,3584,1536,2048,2048,6,32,16,1024,24832,74496,24832
one_node_per_level,1,4,integrator_uniform_replay,98,3,7,4411658,0.7338966727256775,0.9933601021766663,512,256,256,4,0.15108758956193924,0.0,0.036171646788716316,0.043749403208494186,0.07116653956472874,3584,1536,2048,2048,6,32,16,1024,25088,75264,25088
one_node_per_level,1,4,integrator_uniform_replay,99,4,7,4411658,0.728969395160675,0.9684056639671326,512,256,256,4,0.15968110039830208,0.0,0.03661080449819565,0.05933570675551891,0.06373458914458752,4096,2048,2048,2048,8,32,16,1024,25344,101376,25344
one_node_per_level,1,4,integrator_uniform_replay,100,3,7,4411658,0.7507030963897705,0.923877477645874,512,256,256,4,0.14350680634379387,0.0,0.03565434366464615,0.04614989459514618,0.06170256808400154,3584,1536,2048,2048,6,32,16,1024,25600,76800,25600
one_node_per_level,1,4,full_replay_integrator_20_epochs,100,3,7,4411658,0.7817187309265137,1.096440315246582,25600,25600,0,20,10.881580624729395,0.029348287731409073,0.030414383858442307,0.511878926306963,10.30993902683258,588800,76800,512000,512000,39,4000,4000,51200,25600,76800,25600
two_nodes_per_level,2,0,integrator_uniform_replay,1,1,14,8160522,0.82421875,0.8780616521835327,256,256,0,4,0.11991125345230103,0.07390043884515762,0.0,0.015274066478013992,0.03073674812912941,1280,256,1024,1024,1,8,8,512,256,256,256
two_nodes_per_level,2,0,full_replay_integrator_20_epochs,1,1,14,8160522,0.8203125,0.9646120071411133,256,256,0,20,0.22006553411483765,0.06403935141861439,0.00027314014732837677,0.009811241179704666,0.14594180136919022,5376,256,5120,5120,1,40,40,512,256,256,256
two_nodes_per_level,2,0,integrator_uniform_replay,2,2,14,8160522,0.755859375,1.019273281097412,512,256,256,4,0.12871712818741798,0.0,0.0007218718528747559,0.03743468038737774,0.09056057594716549,3072,1024,2048,2048,4,32,16,1024,512,1024,512
two_nodes_per_level,2,0,full_replay_integrator_20_epochs,2,2,14,8160522,0.80078125,1.2248793840408325,512,512,0,20,0.39033911377191544,0.0653404463082552,0.0003880579024553299,0.020091110840439796,0.3045194987207651,11264,1024,10240,10240,2,80,80,1024,512,1024,512
two_nodes_per_level,2,0,integrator_uniform_replay,3,2,14,8160522,0.75390625,0.9346230030059814,512,256,256,4,0.11167723312973976,0.0,0.0007825884968042374,0.03503207862377167,0.07586256600916386,3072,1024,2048,2048,4,32,16,1024,768,1536,768
two_nodes_per_level,2,0,integrator_uniform_replay,4,3,14,8160522,0.7333984375,0.9662877917289734,512,256,256,4,0.12133820168673992,0.0,0.001001032069325447,0.043960005044937134,0.07637716457247734,3584,1536,2048,2048,6,32,16,1024,1024,3072,1024
two_nodes_per_level,2,0,full_replay_integrator_20_epochs,4,3,14,8160522,0.818359375,1.0421499013900757,1024,1024,0,20,0.6806240044534206,0.07743420265614986,0.000587906688451767,0.03439320623874664,0.5682086888700724,23552,3072,20480,20480,3,160,160,2048,1024,3072,1024
two_nodes_per_level,2,0,integrator_uniform_replay,5,3,14,8160522,0.72265625,1.0824315547943115,512,256,256,4,0.1476730890572071,0.0,0.0010081157088279724,0.056621138006448746,0.09004383534193039,3584,1536,2048,2048,6,32,16,1024,1280,3840,1280
two_nodes_per_level,2,0,integrator_uniform_replay,6,4,14,8160522,0.7115885615348816,1.0614179372787476,512,256,256,4,0.14661246724426746,0.0,0.0011938884854316711,0.06199117191135883,0.08342740684747696,4096,2048,2048,2048,8,32,16,1024,1536,6144,1536
two_nodes_per_level,2,0,integrator_uniform_replay,7,3,14,8160522,0.7393973469734192,0.9729546904563904,512,256,256,4,0.17281522415578365,0.0,0.0016792621463537216,0.08332338742911816,0.08781257458031178,3584,1536,2048,2048,6,32,16,1024,1792,5376,1792
two_nodes_per_level,2,0,integrator_uniform_replay,8,4,14,8160522,0.70751953125,1.0638530254364014,512,256,256,4,0.1374490838497877,0.0,0.0014999192208051682,0.05511374585330486,0.08083541877567768,4096,2048,2048,2048,8,32,16,1024,2048,8192,2048
two_nodes_per_level,2,0,full_replay_integrator_20_epochs,8,4,14,8160522,0.78271484375,1.2416226863861084,2048,2048,0,20,1.2790211215615273,0.07188905589282513,0.0009919647127389908,0.0794841218739748,1.1266559790819883,49152,8192,40960,40960,4,320,320,4096,2048,8192,2048
two_nodes_per_level,2,0,integrator_uniform_replay,9,4,14,8160522,0.7230902910232544,1.0044054985046387,512,256,256,4,0.1470190156251192,0.0,0.0019327923655509949,0.05555225722491741,0.0895339660346508,4096,2048,2048,2048,8,32,16,1024,2304,9216,2304
two_nodes_per_level,2,0,integrator_uniform_replay,10,5,14,8160522,0.6937500238418579,1.1143546104431152,512,256,256,4,0.16318185068666935,0.0,0.0016922354698181152,0.0734317060559988,0.08805790916085243,4608,2560,2048,2048,10,32,16,1024,2560,12800,2560
two_nodes_per_level,2,0,full_replay_integrator_20_epochs,10,5,14,8160522,0.7925781011581421,1.0275866985321045,2560,2560,0,20,1.5537474732846022,0.05693623051047325,0.001493990421295166,0.11065921187400818,1.3846580404788256,64000,12800,51200,51200,10,400,400,5120,2560,12800,2560
two_nodes_per_level,2,0,integrator_uniform_replay,11,4,14,8160522,0.7120028138160706,1.0326952934265137,512,256,256,4,0.12728461809456348,0.0,0.0020897909998893738,0.05004408024251461,0.0751507468521595,4096,2048,2048,2048,8,32,16,1024,2816,11264,2816
two_nodes_per_level,2,0,integrator_uniform_replay,12,5,14,8160522,0.6982421875,1.054882287979126,512,256,256,4,0.1503649652004242,0.0,0.0020602289587259293,0.07320424541831017,0.0751004908233881,4608,2560,2048,2048,10,32,16,1024,3072,15360,3072
two_nodes_per_level,2,0,integrator_uniform_replay,13,5,14,8160522,0.7019230723381042,1.086744785308838,512,256,256,4,0.14601321890950203,0.0,0.002011803910136223,0.06370430812239647,0.08029710687696934,4608,2560,2048,2048,10,32,16,1024,3328,16640,3328
two_nodes_per_level,2,0,integrator_uniform_replay,14,6,14,8160522,0.6858258843421936,1.1574023962020874,512,256,256,4,0.17292968556284904,0.0,0.0026506278663873672,0.08603189140558243,0.08424716629087925,5120,3072,2048,2048,12,32,16,1024,3584,21504,3584
two_nodes_per_level,2,0,integrator_uniform_replay,15,4,14,8160522,0.7291666865348816,1.039474368095398,512,256,256,4,0.1431330032646656,0.0,0.003252774477005005,0.05573093891143799,0.08414928987622261,4096,2048,2048,2048,8,32,16,1024,3840,15360,3840
two_nodes_per_level,2,0,integrator_uniform_replay,16,5,14,8160522,0.705322265625,1.149158239364624,512,256,256,4,0.15104816854000092,0.0,0.0030528418719768524,0.0647150781005621,0.08328024856746197,4608,2560,2048,2048,10,32,16,1024,4096,20480,4096
two_nodes_per_level,2,0,full_replay_integrator_20_epochs,16,5,14,8160522,0.798828125,1.1110223531723022,4096,4096,0,20,2.441375294700265,0.06372968666255474,0.0022585429251194,0.14960021898150444,2.2257868461310863,102400,20480,81920,81920,10,640,640,8192,4096,20480,4096
two_nodes_per_level,2,0,integrator_uniform_replay,17,5,14,8160522,0.7005974054336548,1.1112455129623413,512,256,256,4,0.14655775763094425,0.0,0.0029654260724782944,0.06754562072455883,0.07604671083390713,4608,2560,2048,2048,10,32,16,1024,4352,21760,4352
two_nodes_per_level,2,0,integrator_uniform_replay,18,6,14,8160522,0.6868489384651184,1.150068759918213,512,256,256,4,0.1610449906438589,0.0,0.0038842428475618362,0.08150148391723633,0.07565926387906075,5120,3072,2048,2048,12,32,16,1024,4608,27648,4608
two_nodes_per_level,2,0,integrator_uniform_replay,19,5,14,8160522,0.7195723652839661,1.0627965927124023,512,256,256,4,0.1526664961129427,0.0,0.003507949411869049,0.06422518752515316,0.08493335917592049,4608,2560,2048,2048,10,32,16,1024,4864,24320,4864
two_nodes_per_level,2,0,integrator_uniform_replay,20,6,14,8160522,0.677929699420929,1.19533371925354,512,256,256,4,0.16194923594594002,0.0,0.0033722631633281708,0.07783550210297108,0.08074147067964077,5120,3072,2048,2048,12,32,16,1024,5120,30720,5120
two_nodes_per_level,2,0,integrator_uniform_replay,21,6,14,8160522,0.6979166865348816,1.1779367923736572,512,256,256,4,0.16625729389488697,0.0,0.003313867375254631,0.07968970574438572,0.08325372077524662,5120,3072,2048,2048,12,32,16,1024,5376,32256,5376
two_nodes_per_level,2,0,integrator_uniform_replay,22,7,14,8160522,0.6772016882896423,1.186224102973938,512,256,256,4,0.1843179650604725,0.0,0.0035345982760190964,0.10032765567302704,0.08045571111142635,5632,3584,2048,2048,14,32,16,1024,5632,39424,5632
two_nodes_per_level,2,0,integrator_uniform_replay,23,5,14,8160522,0.6742526888847351,1.1911195516586304,512,256,256,4,0.14995749667286873,0.0,0.004005443304777145,0.06756852194666862,0.07838353142142296,4608,2560,2048,2048,10,32,16,1024,5888,29440,5888
two_nodes_per_level,2,0,integrator_uniform_replay,24,6,14,8160522,0.6728515625,1.170008659362793,512,256,256,4,0.17085527814924717,0.0,0.004523126408457756,0.08228692598640919,0.08404522575438023,5120,3072,2048,2048,12,32,16,1024,6144,36864,6144
two_nodes_per_level,2,0,integrator_uniform_replay,25,6,14,8160522,0.6854687333106995,1.1911749839782715,512,256,256,4,0.18087425269186497,0.0,0.0042295996099710464,0.08300804533064365,0.09363660775125027,5120,3072,2048,2048,12,32,16,1024,6400,38400,6400
two_nodes_per_level,2,0,integrator_uniform_replay,26,7,14,8160522,0.6760817170143127,1.2139312028884888,512,256,256,4,0.18180758506059647,0.0,0.004772750660777092,0.09546028450131416,0.08157454989850521,5632,3584,2048,2048,14,32,16,1024,6656,46592,6656
two_nodes_per_level,2,0,full_replay_integrator_20_epochs,26,7,14,8160522,0.8019831776618958,1.0279260873794556,6656,6656,0,20,3.982347635552287,0.06639944016933441,0.0035867951810359955,0.2935553099960089,3.618806090205908,179712,46592,133120,133120,28,1040,1040,13312,6656,46592,6656
two_nodes_per_level,2,0,integrator_uniform_replay,27,6,14,8160522,0.6698495149612427,1.221674919128418,512,256,256,4,0.15641033090651035,0.0,0.004929741844534874,0.07390838861465454,0.07757220044732094,5120,3072,2048,2048,12,32,16,1024,6912,41472,6912
two_nodes_per_level,2,0,integrator_uniform_replay,28,7,14,8160522,0.6619698405265808,1.1780869960784912,512,256,256,4,0.16490695998072624,0.0,0.004690608009696007,0.08703657984733582,0.07317977212369442,5632,3584,2048,2048,14,32,16,1024,7168,50176,7168
two_nodes_per_level,2,0,integrator_uniform_replay,29,7,14,8160522,0.6729525923728943,1.1698299646377563,512,256,256,4,0.18385528214275837,0.0,0.004802631214261055,0.09619368799030781,0.0828589629381895,5632,3584,2048,2048,14,32,16,1024,7424,51968,7424
two_nodes_per_level,2,0,integrator_uniform_replay,30,8,14,8160522,0.6552083492279053,1.2296212911605835,512,256,256,4,0.20352881774306297,0.0,0.006266741082072258,0.10992628522217274,0.08733579143881798,6144,4096,2048,2048,16,32,16,1024,7680,61440,7680
two_nodes_per_level,2,0,integrator_uniform_replay,31,5,14,8160522,0.6820816397666931,1.180649995803833,512,256,256,4,0.16640799678862095,0.0,0.00638299435377121,0.0728563629090786,0.08716863952577114,4608,2560,2048,2048,10,32,16,1024,7936,39680,7936
two_nodes_per_level,2,0,integrator_uniform_replay,32,6,14,8160522,0.6558837890625,1.2324776649475098,512,256,256,4,0.17710253968834877,0.0,0.005180157721042633,0.07673732005059719,0.09518506191670895,5120,3072,2048,2048,12,32,16,1024,8192,49152,8192
two_nodes_per_level,2,0,integrator_uniform_replay,33,6,14,8160522,0.7005208134651184,1.0933539867401123,512,256,256,4,0.16588485054671764,0.0,0.005737535655498505,0.07893054373562336,0.08121677115559578,5120,3072,2048,2048,12,32,16,1024,8448,50688,8448
two_nodes_per_level,2,0,integrator_uniform_replay,34,7,14,8160522,0.6528033018112183,1.234696388244629,512,256,256,4,0.18209530599415302,0.0,0.006216155365109444,0.09418707899749279,0.08169207163155079,5632,3584,2048,2048,14,32,16,1024,8704,60928,8704
two_nodes_per_level,2,0,integrator_uniform_replay,35,6,14,8160522,0.6969866156578064,1.0899927616119385,512,256,256,4,0.16353484243154526,0.0,0.00583207793533802,0.0798412449657917,0.07786151953041553,5120,3072,2048,2048,12,32,16,1024,8960,53760,8960
two_nodes_per_level,2,0,integrator_uniform_replay,36,7,14,8160522,0.6761067509651184,1.1550039052963257,512,256,256,4,0.1701149009168148,0.0,0.006752779707312584,0.08658852986991405,0.07677359133958817,5632,3584,2048,2048,14,32,16,1024,9216,64512,9216
two_nodes_per_level,2,0,integrator_uniform_replay,37,7,14,8160522,0.6850717663764954,1.1239268779754639,512,256,256,4,0.1853108499199152,0.0,0.00719083845615387,0.09422029182314873,0.0838997196406126,5632,3584,2048,2048,14,32,16,1024,9472,66304,9472
two_nodes_per_level,2,0,integrator_uniform_replay,38,8,14,8160522,0.6613898277282715,1.1891727447509766,512,256,256,4,0.18513239920139313,0.0,0.006842195987701416,0.1040272917598486,0.07426291145384312,6144,4096,2048,2048,16,32,16,1024,9728,77824,9728
two_nodes_per_level,2,0,integrator_uniform_replay,39,6,14,8160522,0.7093349099159241,1.031533122062683,512,256,256,4,0.1610698066651821,0.0,0.006849739700555801,0.07228798605501652,0.0819320809096098,5120,3072,2048,2048,12,32,16,1024,9984,59904,9984
two_nodes_per_level,2,0,integrator_uniform_replay,40,7,14,8160522,0.662890613079071,1.2348847389221191,512,256,256,4,0.17426540702581406,0.0,0.007176052778959274,0.09002880565822124,0.07706054858863354,5632,3584,2048,2048,14,32,16,1024,10240,71680,10240
two_nodes_per_level,2,0,integrator_uniform_replay,41,7,14,8160522,0.6685404181480408,1.146097183227539,512,256,256,4,0.179060198366642,0.0,0.007565231993794441,0.08936628326773643,0.08212868310511112,5632,3584,2048,2048,14,32,16,1024,10496,73472,10496
two_nodes_per_level,2,0,full_replay_integrator_20_epochs,41,7,14,8160522,0.7845845818519592,1.0933703184127808,10496,10496,0,20,6.216879343613982,0.07362787425518036,0.005913944914937019,0.45277412980794907,5.684563394635916,283392,73472,209920,209920,42,1640,1640,20992,10496,73472,10496
two_nodes_per_level,2,0,integrator_uniform_replay,42,8,14,8160522,0.6654576063156128,1.2098222970962524,512,256,256,4,0.18936031870543957,0.0,0.008757045492529869,0.1000767033547163,0.0805265698581934,6144,4096,2048,2048,16,32,16,1024,10752,86016,10752
two_nodes_per_level,2,0,integrator_uniform_replay,43,7,14,8160522,0.6861373782157898,1.1164836883544922,512,256,256,4,0.18686145916581154,0.0,0.014235952869057655,0.0914695505052805,0.08115595579147339,5632,3584,2048,2048,14,32,16,1024,11008,77056,11008
two_nodes_per_level,2,0,integrator_uniform_replay,44,8,14,8160522,0.6920276880264282,1.1366270780563354,512,256,256,4,0.18718240037560463,0.0,0.013035319745540619,0.09740016609430313,0.07674691453576088,6144,4096,2048,2048,16,32,16,1024,11264,90112,11264
two_nodes_per_level,2,0,integrator_uniform_replay,45,8,14,8160522,0.6903645992279053,1.1097636222839355,512,256,256,4,0.2005991544574499,0.0,0.015970339998602867,0.10616375505924225,0.0784650593996048,6144,4096,2048,2048,16,32,16,1024,11520,92160,11520
two_nodes_per_level,2,0,integrator_uniform_replay,46,9,14,8160522,0.6580333113670349,1.2411553859710693,512,256,256,4,0.2267997320741415,0.0,0.016460267826914787,0.12521552294492722,0.0851239413022995,6656,4608,2048,2048,18,32,16,1024,11776,105984,11776
two_nodes_per_level,2,0,integrator_uniform_replay,47,6,14,8160522,0.6845911145210266,1.1272937059402466,512,256,256,4,0.1776637453585863,0.0,0.014198079705238342,0.0793371070176363,0.08412855863571167,5120,3072,2048,2048,12,32,16,1024,12032,72192,12032
two_nodes_per_level,2,0,integrator_uniform_replay,48,7,14,8160522,0.6661784052848816,1.2088686227798462,512,256,256,4,0.1921062432229519,0.0,0.01583116501569748,0.10100506991147995,0.07527000829577446,5632,3584,2048,2048,14,32,16,1024,12288,86016,12288
two_nodes_per_level,2,0,integrator_uniform_replay,49,7,14,8160522,0.6628667116165161,1.140136480331421,512,256,256,4,0.19305302202701569,0.0,0.015806717798113823,0.09129286929965019,0.08595343492925167,5632,3584,2048,2048,14,32,16,1024,12544,87808,12544
two_nodes_per_level,2,0,integrator_uniform_replay,50,8,14,8160522,0.6508593559265137,1.1999180316925049,512,256,256,4,0.20061757788062096,0.0,0.017203234136104584,0.10745449177920818,0.07595985196530819,6144,4096,2048,2048,16,32,16,1024,12800,102400,12800
two_nodes_per_level,2,0,integrator_uniform_replay,51,7,14,8160522,0.6812193393707275,1.0900362730026245,512,256,256,4,0.19095638394355774,0.0,0.0193196889013052,0.09447851777076721,0.07715817727148533,5632,3584,2048,2048,14,32,16,1024,13056,91392,13056
two_nodes_per_level,2,0,integrator_uniform_replay,52,8,14,8160522,0.6546725034713745,1.248766541481018,512,256,256,4,0.2028901632875204,0.0,0.017739001661539078,0.10475990734994411,0.08039125427603722,6144,4096,2048,2048,16,32,16,1024,13312,106496,13312
two_nodes_per_level,2,0,integrator_uniform_replay,53,8,14,8160522,0.6715801954269409,1.1893714666366577,512,256,256,4,0.19106879271566868,0.0,0.016764208674430847,0.1003059521317482,0.07399863190948963,6144,4096,2048,2048,16,32,16,1024,13568,108544,13568
two_nodes_per_level,2,0,integrator_uniform_replay,54,9,14,8160522,0.6619647145271301,1.233744502067566,512,256,256,4,0.21210054494440556,0.0,0.018853260204195976,0.11168407276272774,0.08156321197748184,6656,4608,2048,2048,18,32,16,1024,13824,124416,13824
two_nodes_per_level,2,0,integrator_uniform_replay,55,7,14,8160522,0.6813210248947144,1.1447664499282837,512,256,256,4,0.18136796541512012,0.0,0.01701088808476925,0.08988714963197708,0.0744699276983738,5632,3584,2048,2048,14,32,16,1024,14080,98560,14080
two_nodes_per_level,2,0,integrator_uniform_replay,56,8,14,8160522,0.6621791124343872,1.2339744567871094,512,256,256,4,0.20816301740705967,0.0,0.017778415232896805,0.11558296531438828,0.07480163685977459,6144,4096,2048,2048,16,32,16,1024,14336,114688,14336
two_nodes_per_level,2,0,integrator_uniform_replay,57,8,14,8160522,0.6578261852264404,1.1613249778747559,512,256,256,4,0.22181922383606434,0.0,0.01952110044658184,0.1109351385384798,0.0913629848510027,6144,4096,2048,2048,16,32,16,1024,14592,116736,14592
two_nodes_per_level,2,0,integrator_uniform_replay,58,9,14,8160522,0.6614359021186829,1.1809593439102173,512,256,256,4,0.21854587830603123,0.0,0.018959179520606995,0.12145700305700302,0.07812969572842121,6656,4608,2048,2048,18,32,16,1024,14848,133632,14848
two_nodes_per_level,2,0,integrator_uniform_replay,59,8,14,8160522,0.6580376029014587,1.2094544172286987,512,256,256,4,0.2224418669939041,0.0,0.02149776741862297,0.10953148268163204,0.0914126168936491,6144,4096,2048,2048,16,32,16,1024,15104,120832,15104
two_nodes_per_level,2,0,integrator_uniform_replay,60,9,14,8160522,0.6395833492279053,1.2475361824035645,512,256,256,4,0.21041409857571125,0.0,0.020161936059594154,0.11178366281092167,0.07846849970519543,6656,4608,2048,2048,18,32,16,1024,15360,138240,15360
two_nodes_per_level,2,0,integrator_uniform_replay,61,9,14,8160522,0.6659836173057556,1.1902717351913452,512,256,256,4,0.2295561209321022,0.0,0.023093990981578827,0.1193703543394804,0.08709177561104298,6656,4608,2048,2048,18,32,16,1024,15616,140544,15616
two_nodes_per_level,2,0,integrator_uniform_replay,62,10,14,8160522,0.6384828686714172,1.2891367673873901,512,256,256,4,0.22358185797929764,0.0,0.020391795784235,0.11855357512831688,0.08463648706674576,7168,5120,2048,2048,20,32,16,1024,15872,158720,15872
two_nodes_per_level,2,0,integrator_uniform_replay,63,6,14,8160522,0.6796875,1.1488628387451172,512,256,256,4,0.19535778649151325,0.0,0.022296618670225143,0.08767144754529,0.08538972027599812,5120,3072,2048,2048,12,32,16,1024,16128,96768,16128
two_nodes_per_level,2,0,integrator_uniform_replay,64,7,14,8160522,0.666748046875,1.170523762702942,512,256,256,4,0.20815322548151016,0.0,0.02119215577840805,0.10497797653079033,0.08198309317231178,5632,3584,2048,2048,14,32,16,1024,16384,114688,16384
two_nodes_per_level,2,0,integrator_uniform_replay,65,7,14,8160522,0.6777644157409668,1.1675455570220947,512,256,256,4,0.21453754417598248,0.0,0.025885559618473053,0.10754511877894402,0.0811068657785654,5632,3584,2048,2048,14,32,16,1024,16640,116480,16640
two_nodes_per_level,2,0,integrator_uniform_replay,66,8,14,8160522,0.6779711246490479,1.0959680080413818,512,256,256,4,0.2083229199051857,0.0,0.02264343574643135,0.10113506019115448,0.08454442396759987,6144,4096,2048,2048,16,32,16,1024,16896,135168,16896
two_nodes_per_level,2,0,full_replay_integrator_20_epochs,66,8,14,8160522,0.7919034361839294,1.1145764589309692,16896,16896,0,20,10.168568840250373,0.06297685205936432,0.02095610648393631,0.8593208342790604,9.225315047428012,473088,135168,337920,337920,72,2640,2640,33792,16896,135168,16896
two_nodes_per_level,2,0,integrator_uniform_replay,67,7,14,8160522,0.6810867786407471,1.1130155324935913,512,256,256,4,0.22273430600762367,0.0,0.024560943245887756,0.11266587674617767,0.08550748601555824,5632,3584,2048,2048,14,32,16,1024,17152,120064,17152
two_nodes_per_level,2,0,integrator_uniform_replay,68,8,14,8160522,0.6811236143112183,1.184587001800537,512,256,256,4,0.20040310733020306,0.0,0.025460051372647285,0.09809299930930138,0.0768500566482544,6144,4096,2048,2048,16,32,16,1024,17408,139264,17408
two_nodes_per_level,2,0,integrator_uniform_replay,69,8,14,8160522,0.6928781867027283,1.1374226808547974,512,256,256,4,0.2172343172132969,0.0,0.023327087983489037,0.10457204654812813,0.08933518268167973,6144,4096,2048,2048,16,32,16,1024,17664,141312,17664
two_nodes_per_level,2,0,integrator_uniform_replay,70,9,14,8160522,0.6845982074737549,1.114690899848938,512,256,256,4,0.2114793173968792,0.0,0.024401189759373665,0.10608996264636517,0.08098816499114037,6656,4608,2048,2048,18,32,16,1024,17920,161280,17920
two_nodes_per_level,2,0,integrator_uniform_replay,71,7,14,8160522,0.6735255122184753,1.2137507200241089,512,256,256,4,0.20132803358137608,0.0,0.025135204195976257,0.09663383476436138,0.07955899462103844,5632,3584,2048,2048,14,32,16,1024,18176,127232,18176
two_nodes_per_level,2,0,integrator_uniform_replay,72,8,14,8160522,0.6678602695465088,1.2157981395721436,512,256,256,4,0.22518915310502052,0.0,0.024663599207997322,0.11273884400725365,0.08778670988976955,6144,4096,2048,2048,16,32,16,1024,18432,147456,18432
two_nodes_per_level,2,0,integrator_uniform_replay,73,8,14,8160522,0.6870183944702148,1.124668002128601,512,256,256,4,0.20267481729388237,0.0,0.024983875453472137,0.09835352748632431,0.07933741435408592,6144,4096,2048,2048,16,32,16,1024,18688,149504,18688
two_nodes_per_level,2,0,integrator_uniform_replay,74,9,14,8160522,0.6830658912658691,1.2128239870071411,512,256,256,4,0.21677804924547672,0.0,0.026257658377289772,0.10693568177521229,0.08358470909297466,6656,4608,2048,2048,18,32,16,1024,18944,170496,18944
two_nodes_per_level,2,0,integrator_uniform_replay,75,8,14,8160522,0.6682291626930237,1.1628950834274292,512,256,256,4,0.22763242200016975,0.0,0.030626773834228516,0.11141636595129967,0.08558928221464157,6144,4096,2048,2048,16,32,16,1024,19200,153600,19200
two_nodes_per_level,2,0,integrator_uniform_replay,76,9,14,8160522,0.6743420958518982,1.225458025932312,512,256,256,4,0.22155986353754997,0.0,0.026841778308153152,0.10809613950550556,0.08662194572389126,6656,4608,2048,2048,18,32,16,1024,19456,175104,19456
two_nodes_per_level,2,0,integrator_uniform_replay,77,9,14,8160522,0.6818689107894897,1.086205005645752,512,256,256,4,0.22733081132173538,0.0,0.025675680488348007,0.11748104728758335,0.08417408354580402,6656,4608,2048,2048,18,32,16,1024,19712,177408,19712
two_nodes_per_level,2,0,integrator_uniform_replay,78,10,14,8160522,0.6581029891967773,1.198722243309021,512,256,256,4,0.21514380536973476,0.0,0.026641467586159706,0.11480578407645226,0.0736965537071228,7168,5120,2048,2048,20,32,16,1024,19968,199680,19968
two_nodes_per_level,2,0,integrator_uniform_replay,79,7,14,8160522,0.6890822649002075,1.1022361516952515,512,256,256,4,0.19227495416998863,0.0,0.025912532582879066,0.09029410593211651,0.07606831565499306,5632,3584,2048,2048,14,32,16,1024,20224,141568,20224
two_nodes_per_level,2,0,integrator_uniform_replay,80,8,14,8160522,0.662792980670929,1.2401291131973267,512,256,256,4,0.20355693995952606,0.0,0.028810441493988037,0.09851584769785404,0.07623065076768398,6144,4096,2048,2048,16,32,16,1024,20480,163840,20480
two_nodes_per_level,2,0,integrator_uniform_replay,81,8,14,8160522,0.6842206716537476,1.1099518537521362,512,256,256,4,0.21189317293465137,0.0,0.03035975806415081,0.10139735788106918,0.08013605698943138,6144,4096,2048,2048,16,32,16,1024,20736,165888,20736
two_nodes_per_level,2,0,integrator_uniform_replay,82,9,14,8160522,0.673542320728302,1.1919056177139282,512,256,256,4,0.2370802816003561,0.0,0.030910532921552658,0.12290804833173752,0.08326170034706593,6656,4608,2048,2048,18,32,16,1024,20992,188928,20992
two_nodes_per_level,2,0,integrator_uniform_replay,83,8,14,8160522,0.6860880851745605,1.1520198583602905,512,256,256,4,0.2201870046555996,0.0,0.028846507892012596,0.09643588401377201,0.09490461274981499,6144,4096,2048,2048,16,32,16,1024,21248,169984,21248
two_nodes_per_level,2,0,integrator_uniform_replay,84,9,14,8160522,0.6751301884651184,1.158395767211914,512,256,256,4,0.22930237464606762,0.0,0.03239763155579567,0.11234375461935997,0.08456098847091198,6656,4608,2048,2048,18,32,16,1024,21504,193536,21504
two_nodes_per_level,2,0,integrator_uniform_replay,85,9,14,8160522,0.6625459790229797,1.1758137941360474,512,256,256,4,0.21545091457664967,0.0,0.02967746928334236,0.1069102268666029,0.0788632184267044,6656,4608,2048,2048,18,32,16,1024,21760,195840,21760
two_nodes_per_level,2,0,integrator_uniform_replay,86,10,14,8160522,0.647619903087616,1.234166145324707,512,256,256,4,0.22493858635425568,0.0,0.03058866411447525,0.1174168810248375,0.07693304121494293,7168,5120,2048,2048,20,32,16,1024,22016,220160,22016
two_nodes_per_level,2,0,integrator_uniform_replay,87,8,14,8160522,0.6869162917137146,1.0959291458129883,512,256,256,4,0.2265135794878006,0.0,0.032218750566244125,0.10055612027645111,0.09373870864510536,6144,4096,2048,2048,16,32,16,1024,22272,178176,22272
two_nodes_per_level,2,0,integrator_uniform_replay,88,9,14,8160522,0.6791104674339294,1.1179571151733398,512,256,256,4,0.23008286021649837,0.0,0.0297418050467968,0.11236909031867981,0.08797196485102177,6656,4608,2048,2048,18,32,16,1024,22528,202752,22528
two_nodes_per_level,2,0,integrator_uniform_replay,89,9,14,8160522,0.6693732738494873,1.159832239151001,512,256,256,4,0.23441576398909092,0.0,0.03227413818240166,0.1239728070795536,0.07816881872713566,6656,4608,2048,2048,18,32,16,1024,22784,205056,22784
two_nodes_per_level,2,0,integrator_uniform_replay,90,10,14,8160522,0.655468761920929,1.2244755029678345,512,256,256,4,0.24681010656058788,0.0,0.03247902728617191,0.13484394364058971,0.07948713563382626,7168,5120,2048,2048,20,32,16,1024,23040,230400,23040
two_nodes_per_level,2,0,integrator_uniform_replay,91,9,14,8160522,0.6785714030265808,1.167034387588501,512,256,256,4,0.22611757926642895,0.0,0.03318427689373493,0.11040681786835194,0.08252648450434208,6656,4608,2048,2048,18,32,16,1024,23296,209664,23296
two_nodes_per_level,2,0,integrator_uniform_replay,92,10,14,8160522,0.6706012487411499,1.21674382686615,512,256,256,4,0.2430853471159935,0.0,0.03503030724823475,0.12730913050472736,0.08074590936303139,7168,5120,2048,2048,20,32,16,1024,23552,235520,23552
two_nodes_per_level,2,0,integrator_uniform_replay,93,10,14,8160522,0.6573420763015747,1.1769617795944214,512,256,256,4,0.23215759545564651,0.0,0.03074067458510399,0.12532304413616657,0.07609387673437595,7168,5120,2048,2048,20,32,16,1024,23808,238080,23808
two_nodes_per_level,2,0,integrator_uniform_replay,94,11,14,8160522,0.6397523283958435,1.3416690826416016,512,256,256,4,0.2543093953281641,0.0,0.03466632589697838,0.1355619914829731,0.08408107794821262,7680,5632,2048,2048,22,32,16,1024,24064,264704,24064
two_nodes_per_level,2,0,integrator_uniform_replay,95,7,14,8160522,0.6550164222717285,1.2252434492111206,512,256,256,4,0.2041258718818426,0.0,0.034118324518203735,0.08841582015156746,0.08159172721207142,5632,3584,2048,2048,14,32,16,1024,24320,170240,24320
two_nodes_per_level,2,0,integrator_uniform_replay,96,8,14,8160522,0.6504719853401184,1.2292312383651733,512,256,256,4,0.21765590645372868,0.0,0.03531119227409363,0.09872098080813885,0.0836237333714962,6144,4096,2048,2048,16,32,16,1024,24576,196608,24576
two_nodes_per_level,2,0,integrator_uniform_replay,97,8,14,8160522,0.6705058217048645,1.1397151947021484,512,256,256,4,0.2150250431150198,0.0,0.03572717308998108,0.09844309464097023,0.08085477538406849,6144,4096,2048,2048,16,32,16,1024,24832,198656,24832
two_nodes_per_level,2,0,integrator_uniform_replay,98,9,14,8160522,0.6618702411651611,1.1659772396087646,512,256,256,4,0.22990422509610653,0.0,0.035638803616166115,0.11593090556561947,0.07833451591432095,6656,4608,2048,2048,18,32,16,1024,25088,225792,25088
two_nodes_per_level,2,0,integrator_uniform_replay,99,8,14,8160522,0.6696259379386902,1.1580013036727905,512,256,256,4,0.2040289230644703,0.0,0.03459545038640499,0.09787280485033989,0.07156066782772541,6144,4096,2048,2048,16,32,16,1024,25344,202752,25344
two_nodes_per_level,2,0,integrator_uniform_replay,100,9,14,8160522,0.6547656059265137,1.219213604927063,512,256,256,4,0.2325141280889511,0.0,0.03684884309768677,0.1129459310323,0.08271935395896435,6656,4608,2048,2048,18,32,16,1024,25600,230400,25600
two_nodes_per_level,2,0,full_replay_integrator_20_epochs,100,9,14,8160522,0.7785937786102295,1.1117558479309082,25600,25600,0,20,15.375214267522097,0.06828735582530499,0.032078735530376434,1.3569954838603735,13.917852692306042,742400,230400,512000,512000,117,4000,4000,51200,25600,230400,25600
two_nodes_per_level,2,1,integrator_uniform_replay,1,1,14,8160522,0.84765625,0.8744320273399353,256,256,0,4,0.13743511959910393,0.0785906482487917,0.0,0.028290262445807457,0.030554208904504776,1280,256,1024,1024,1,8,8,512,256,256,256
two_nodes_per_level,2,1,full_replay_integrator_20_epochs,1,1,14,8160522,0.83984375,1.0243574380874634,256,256,0,20,0.22436394542455673,0.07735997438430786,0.00030067190527915955,0.010250747203826904,0.1364525519311428,5376,256,5120,5120,1,40,40,512,256,256,256
two_nodes_per_level,2,1,integrator_uniform_replay,2,2,14,8160522,0.779296875,0.8911311626434326,512,256,256,4,0.11526025272905827,0.0,0.0006628204137086868,0.035336170345544815,0.07926126196980476,3072,1024,2048,2048,4,32,16,1024,512,1024,512
two_nodes_per_level,2,1,full_replay_integrator_20_epochs,2,2,14,8160522,0.794921875,1.1610193252563477,512,512,0,20,0.3985379207879305,0.07158020883798599,0.0005035847425460815,0.02485295943915844,0.30160116776824,11264,1024,10240,10240,2,80,80,1024,512,1024,512
two_nodes_per_level,2,1,integrator_uniform_replay,3,2,14,8160522,0.7682291865348816,0.948821485042572,512,256,256,4,0.12028639018535614,0.0,0.0008018370717763901,0.03619806095957756,0.08328649215400219,3072,1024,2048,2048,4,32,16,1024,768,1536,768
two_nodes_per_level,2,1,integrator_uniform_replay,4,3,14,8160522,0.701171875,1.0863467454910278,512,256,256,4,0.12613694183528423,0.0,0.0009762868285179138,0.0445075873285532,0.08065306767821312,3584,1536,2048,2048,6,32,16,1024,1024,3072,1024
two_nodes_per_level,2,1,full_replay_integrator_20_epochs,4,3,14,8160522,0.7919921875,1.1213947534561157,1024,1024,0,20,0.6691220756620169,0.06585671566426754,0.0005754530429840088,0.030033117160201073,0.5726567897945642,23552,3072,20480,20480,3,160,160,2048,1024,3072,1024
two_nodes_per_level,2,1,integrator_uniform_replay,5,3,14,8160522,0.6976562738418579,1.1467970609664917,512,256,256,4,0.13176248408854008,0.0,0.0010990370064973831,0.05013911612331867,0.08052433095872402,3584,1536,2048,2048,6,32,16,1024,1280,3840,1280
two_nodes_per_level,2,1,integrator_uniform_replay,6,4,14,8160522,0.7057291865348816,1.103054165840149,512,256,256,4,0.13907179981470108,0.0,0.0013390854001045227,0.06141418777406216,0.0763185266405344,4096,2048,2048,2048,8,32,16,1024,1536,6144,1536
two_nodes_per_level,2,1,integrator_uniform_replay,7,3,14,8160522,0.6780133843421936,1.1522043943405151,512,256,256,4,0.12865442968904972,0.0,0.0013906452804803848,0.04659059830009937,0.08067318610846996,3584,1536,2048,2048,6,32,16,1024,1792,5376,1792
two_nodes_per_level,2,1,integrator_uniform_replay,8,4,14,8160522,0.6943359375,1.114281415939331,512,256,256,4,0.1423772182315588,0.0,0.0015933588147163391,0.05453482270240784,0.08624903671443462,4096,2048,2048,2048,8,32,16,1024,2048,8192,2048
two_nodes_per_level,2,1,full_replay_integrator_20_epochs,8,4,14,8160522,0.7919921875,1.1554678678512573,2048,2048,0,20,1.3093887846916914,0.05666847713291645,0.0010651163756847382,0.08244248665869236,1.1692127045243979,49152,8192,40960,40960,4,320,320,4096,2048,8192,2048
two_nodes_per_level,2,1,integrator_uniform_replay,9,4,14,8160522,0.6796875,1.152928113937378,512,256,256,4,0.13827876187860966,0.0,0.00180862657725811,0.05883120931684971,0.07763892598450184,4096,2048,2048,2048,8,32,16,1024,2304,9216,2304
two_nodes_per_level,2,1,integrator_uniform_replay,10,5,14,8160522,0.6695312261581421,1.166056752204895,512,256,256,4,0.15315158106386662,0.0,0.0016316398978233337,0.06820523366332054,0.08331470750272274,4608,2560,2048,2048,10,32,16,1024,2560,12800,2560
two_nodes_per_level,2,1,full_replay_integrator_20_epochs,10,5,14,8160522,0.7515624761581421,1.1687973737716675,2560,2560,0,20,1.5633583050221205,0.06896689906716347,0.0013617873191833496,0.10467448644340038,1.3883551321923733,64000,12800,51200,51200,10,400,400,5120,2560,12800,2560
two_nodes_per_level,2,1,integrator_uniform_replay,11,4,14,8160522,0.7183948755264282,1.0545451641082764,512,256,256,4,0.1461627334356308,0.0,0.002225741744041443,0.06288977526128292,0.08104721643030643,4096,2048,2048,2048,8,32,16,1024,2816,11264,2816
two_nodes_per_level,2,1,integrator_uniform_replay,12,5,14,8160522,0.6800130009651184,1.162901520729065,512,256,256,4,0.14628930389881134,0.0,0.001972440630197525,0.0715705081820488,0.07274635508656502,4608,2560,2048,2048,10,32,16,1024,3072,15360,3072
two_nodes_per_level,2,1,integrator_uniform_replay,13,5,14,8160522,0.6625601053237915,1.2063724994659424,512,256,256,4,0.15600953809916973,0.0,0.0023396871984004974,0.0724386926740408,0.08123115822672844,4608,2560,2048,2048,10,32,16,1024,3328,16640,3328
two_nodes_per_level,2,1,integrator_uniform_replay,14,6,14,8160522,0.6766182780265808,1.1502323150634766,512,256,256,4,0.14640439674258232,0.0,0.002231419086456299,0.07291708514094353,0.0712558925151825,5120,3072,2048,2048,12,32,16,1024,3584,21504,3584
two_nodes_per_level,2,1,integrator_uniform_replay,15,4,14,8160522,0.707812488079071,1.115131139755249,512,256,256,4,0.14140099100768566,0.0,0.0028231367468833923,0.06053442507982254,0.07804342918097973,4096,2048,2048,2048,8,32,16,1024,3840,15360,3840
two_nodes_per_level,2,1,integrator_uniform_replay,16,5,14,8160522,0.662841796875,1.184411883354187,512,256,256,4,0.16352910548448563,0.0,0.0033294204622507095,0.07350564189255238,0.08669404312968254,4608,2560,2048,2048,10,32,16,1024,4096,20480,4096
two_nodes_per_level,2,1,full_replay_integrator_20_epochs,16,5,14,8160522,0.7802734375,1.1431589126586914,4096,4096,0,20,2.4422444459050894,0.07540430873632431,0.0019538532942533493,0.14584740437567234,2.2190388794988394,102400,20480,81920,81920,10,640,640,8192,4096,20480,4096
two_nodes_per_level,2,1,integrator_uniform_replay,17,5,14,8160522,0.689338207244873,1.1466933488845825,512,256,256,4,0.14723402447998524,0.0,0.0028540566563606262,0.06759641505777836,0.07678355276584625,4608,2560,2048,2048,10,32,16,1024,4352,21760,4352
two_nodes_per_level,2,1,integrator_uniform_replay,18,6,14,8160522,0.6629774570465088,1.2859435081481934,512,256,256,4,0.1704502496868372,0.0,0.0030888523906469345,0.08006969653069973,0.08729170076549053,5120,3072,2048,2048,12,32,16,1024,4608,27648,4608
two_nodes_per_level,2,1,integrator_uniform_replay,19,5,14,8160522,0.6726973652839661,1.2194312810897827,512,256,256,4,0.1472543627023697,0.0,0.0033613797277212143,0.06451357528567314,0.07937940768897533,4608,2560,2048,2048,10,32,16,1024,4864,24320,4864
two_nodes_per_level,2,1,integrator_uniform_replay,20,6,14,8160522,0.670703113079071,1.1810283660888672,512,256,256,4,0.168641971424222,0.0,0.0037782639265060425,0.08190022595226765,0.0829634815454483,5120,3072,2048,2048,12,32,16,1024,5120,30720,5120
two_nodes_per_level,2,1,integrator_uniform_replay,21,6,14,8160522,0.6635044813156128,1.1798202991485596,512,256,256,4,0.17712988145649433,0.0,0.0035340599715709686,0.07981915213167667,0.09377666935324669,5120,3072,2048,2048,12,32,16,1024,5376,32256,5376
two_nodes_per_level,2,1,integrator_uniform_replay,22,7,14,8160522,0.6764914989471436,1.2169302701950073,512,256,256,4,0.16672423481941223,0.0,0.003304591402411461,0.08058876544237137,0.0828308779746294,5632,3584,2048,2048,14,32,16,1024,5632,39424,5632
two_nodes_per_level,2,1,integrator_uniform_replay,23,5,14,8160522,0.665421187877655,1.200302243232727,512,256,256,4,0.14975504390895367,0.0,0.003557564690709114,0.067681223154068,0.07851625606417656,4608,2560,2048,2048,10,32,16,1024,5888,29440,5888
two_nodes_per_level,2,1,integrator_uniform_replay,24,6,14,8160522,0.6785481572151184,1.1721279621124268,512,256,256,4,0.16876527108252048,0.0,0.004312094300985336,0.08180398494005203,0.08264919184148312,5120,3072,2048,2048,12,32,16,1024,6144,36864,6144
two_nodes_per_level,2,1,integrator_uniform_replay,25,6,14,8160522,0.6620312333106995,1.1930850744247437,512,256,256,4,0.16564171761274338,0.0,0.004631822928786278,0.07759175077080727,0.08341814391314983,5120,3072,2048,2048,12,32,16,1024,6400,38400,6400
two_nodes_per_level,2,1,integrator_uniform_replay,26,7,14,8160522,0.67578125,1.2176225185394287,512,256,256,4,0.18380865268409252,0.0,0.005137694999575615,0.08916387520730495,0.08950708247721195,5632,3584,2048,2048,14,32,16,1024,6656,46592,6656
two_nodes_per_level,2,1,full_replay_integrator_20_epochs,26,7,14,8160522,0.7776442170143127,1.159015417098999,6656,6656,0,20,4.03203272074461,0.06294097565114498,0.003866482526063919,0.29658317752182484,3.668642085045576,179712,46592,133120,133120,28,1040,1040,13312,6656,46592,6656
two_nodes_per_level,2,1,integrator_uniform_replay,27,6,14,8160522,0.6888020634651184,1.209734320640564,512,256,256,4,0.15908696129918098,0.0,0.004268717020750046,0.07654567994177341,0.07827256433665752,5120,3072,2048,2048,12,32,16,1024,6912,41472,6912
two_nodes_per_level,2,1,integrator_uniform_replay,28,7,14,8160522,0.6587611436843872,1.2166630029678345,512,256,256,4,0.1783076375722885,0.0,0.005190396681427956,0.10162314400076866,0.0714940968900919,5632,3584,2048,2048,14,32,16,1024,7168,50176,7168
two_nodes_per_level,2,1,integrator_uniform_replay,29,7,14,8160522,0.6411637663841248,1.2772905826568604,512,256,256,4,0.16302967816591263,0.0,0.005090285092592239,0.08584409579634666,0.07209529727697372,5632,3584,2048,2048,14,32,16,1024,7424,51968,7424
two_nodes_per_level,2,1,integrator_uniform_replay,30,8,14,8160522,0.6389322876930237,1.2597917318344116,512,256,256,4,0.18199846893548965,0.0,0.005559118464589119,0.09715363010764122,0.07928572036325932,6144,4096,2048,2048,16,32,16,1024,7680,61440,7680
two_nodes_per_level,2,1,integrator_uniform_replay,31,5,14,8160522,0.69921875,1.0909372568130493,512,256,256,4,0.1480779517441988,0.0,0.005866013467311859,0.0680865477770567,0.07412539049983025,4608,2560,2048,2048,10,32,16,1024,7936,39680,7936
two_nodes_per_level,2,1,integrator_uniform_replay,32,6,14,8160522,0.677978515625,1.1581887006759644,512,256,256,4,0.17413096316158772,0.0,0.00644242949783802,0.08236655779182911,0.08532197587192059,5120,3072,2048,2048,12,32,16,1024,8192,49152,8192
two_nodes_per_level,2,1,integrator_uniform_replay,33,6,14,8160522,0.6986268758773804,1.053480863571167,512,256,256,4,0.15980125777423382,0.0,0.0060487594455480576,0.07251323387026787,0.08123926445841789,5120,3072,2048,2048,12,32,16,1024,8448,50688,8448
two_nodes_per_level,2,1,integrator_uniform_replay,34,7,14,8160522,0.6745174527168274,1.1800527572631836,512,256,256,4,0.1734099332243204,0.0,0.005613071843981743,0.08781768195331097,0.0799791794270277,5632,3584,2048,2048,14,32,16,1024,8704,60928,8704
two_nodes_per_level,2,1,integrator_uniform_replay,35,6,14,8160522,0.6845982074737549,1.1227656602859497,512,256,256,4,0.16892271675169468,0.0,0.005933530628681183,0.07986321486532688,0.08312597125768661,5120,3072,2048,2048,12,32,16,1024,8960,53760,8960
two_nodes_per_level,2,1,integrator_uniform_replay,36,7,14,8160522,0.6686198115348816,1.19038724899292,512,256,256,4,0.18414052948355675,0.0,0.007192794233560562,0.09208751656115055,0.08486021868884563,5632,3584,2048,2048,14,32,16,1024,9216,64512,9216
two_nodes_per_level,2,1,integrator_uniform_replay,37,7,14,8160522,0.6802153587341309,1.1372296810150146,512,256,256,4,0.1860765442252159,0.0,0.006881203502416611,0.09035131707787514,0.08884402364492416,5632,3584,2048,2048,14,32,16,1024,9472,66304,9472
two_nodes_per_level,2,1,integrator_uniform_replay,38,8,14,8160522,0.6760896444320679,1.182753562927246,512,256,256,4,0.1776024680584669,0.0,0.006914716213941574,0.09482434950768948,0.07586340233683586,6144,4096,2048,2048,16,32,16,1024,9728,77824,9728
two_nodes_per_level,2,1,integrator_uniform_replay,39,6,14,8160522,0.7050280570983887,1.1050788164138794,512,256,256,4,0.16028444655239582,0.0,0.0068610552698373795,0.0734553262591362,0.07996806502342224,5120,3072,2048,2048,12,32,16,1024,9984,59904,9984
two_nodes_per_level,2,1,integrator_uniform_replay,40,7,14,8160522,0.7005859613418579,1.1129708290100098,512,256,256,4,0.1690237931907177,0.0,0.007644021883606911,0.08525312505662441,0.07612664625048637,5632,3584,2048,2048,14,32,16,1024,10240,71680,10240
two_nodes_per_level,2,1,integrator_uniform_replay,41,7,14,8160522,0.6859756112098694,1.1654739379882812,512,256,256,4,0.1782137993723154,0.0,0.00758693553507328,0.08745336160063744,0.08317350223660469,5632,3584,2048,2048,14,32,16,1024,10496,73472,10496
two_nodes_per_level,2,1,full_replay_integrator_20_epochs,41,7,14,8160522,0.7867758870124817,1.1109600067138672,10496,10496,0,20,6.271083399653435,0.08922715112566948,0.00609196163713932,0.4407937116920948,5.734970575198531,283392,73472,209920,209920,42,1640,1640,20992,10496,73472,10496
two_nodes_per_level,2,1,integrator_uniform_replay,42,8,14,8160522,0.6726190447807312,1.1783288717269897,512,256,256,4,0.17959018610417843,0.0,0.00714961439371109,0.09790381975471973,0.0745367519557476,6144,4096,2048,2048,16,32,16,1024,10752,86016,10752
two_nodes_per_level,2,1,integrator_uniform_replay,43,7,14,8160522,0.6500726938247681,1.2208373546600342,512,256,256,4,0.16982433013617992,0.0,0.0075958725064992905,0.08706640638411045,0.07516205124557018,5632,3584,2048,2048,14,32,16,1024,11008,77056,11008
two_nodes_per_level,2,1,integrator_uniform_replay,44,8,14,8160522,0.6760475635528564,1.2081443071365356,512,256,256,4,0.18496406264603138,0.0,0.008127192035317421,0.09932624362409115,0.07751062698662281,6144,4096,2048,2048,16,32,16,1024,11264,90112,11264
two_nodes_per_level,2,1,integrator_uniform_replay,45,8,14,8160522,0.656336784362793,1.1880722045898438,512,256,256,4,0.19573631882667542,0.0,0.0086680818349123,0.09862249717116356,0.08844573982059956,6144,4096,2048,2048,16,32,16,1024,11520,92160,11520
two_nodes_per_level,2,1,integrator_uniform_replay,46,9,14,8160522,0.6505604386329651,1.2175850868225098,512,256,256,4,0.21131165698170662,0.0,0.009014928713440895,0.1159619428217411,0.08633478544652462,6656,4608,2048,2048,18,32,16,1024,11776,105984,11776
two_nodes_per_level,2,1,integrator_uniform_replay,47,6,14,8160522,0.66015625,1.2239841222763062,512,256,256,4,0.17983855865895748,0.0,0.008821440860629082,0.08042082004249096,0.09059629775583744,5120,3072,2048,2048,12,32,16,1024,12032,72192,12032
two_nodes_per_level,2,1,integrator_uniform_replay,48,7,14,8160522,0.6458333134651184,1.3198213577270508,512,256,256,4,0.17729966156184673,0.0,0.008871618658304214,0.0890386551618576,0.07938938774168491,5632,3584,2048,2048,14,32,16,1024,12288,86016,12288
two_nodes_per_level,2,1,integrator_uniform_replay,49,7,14,8160522,0.6875796914100647,1.1337329149246216,512,256,256,4,0.20033136196434498,0.0,0.010019337758421898,0.10140399634838104,0.08890802785754204,5632,3584,2048,2048,14,32,16,1024,12544,87808,12544
two_nodes_per_level,2,1,integrator_uniform_replay,50,8,14,8160522,0.6774218678474426,1.1720508337020874,512,256,256,4,0.1917918622493744,0.0,0.010218596085906029,0.1019600722938776,0.07961319386959076,6144,4096,2048,2048,16,32,16,1024,12800,102400,12800
two_nodes_per_level,2,1,integrator_uniform_replay,51,7,14,8160522,0.6834405660629272,1.1751888990402222,512,256,256,4,0.17961597628891468,0.0,0.009934850037097931,0.08772463724017143,0.08195648901164532,5632,3584,2048,2048,14,32,16,1024,13056,91392,13056
two_nodes_per_level,2,1,integrator_uniform_replay,52,8,14,8160522,0.6645883321762085,1.2116053104400635,512,256,256,4,0.19277129881083965,0.0,0.014270013198256493,0.09898773953318596,0.0795135460793972,6144,4096,2048,2048,16,32,16,1024,13312,106496,13312
two_nodes_per_level,2,1,integrator_uniform_replay,53,8,14,8160522,0.6984817385673523,1.0928094387054443,512,256,256,4,0.1870068460702896,0.0,0.010877484455704689,0.10020087473094463,0.07592848688364029,6144,4096,2048,2048,16,32,16,1024,13568,108544,13568
two_nodes_per_level,2,1,integrator_uniform_replay,54,9,14,8160522,0.6681134104728699,1.2207940816879272,512,256,256,4,0.21320807561278343,0.0,0.01705208234488964,0.11943084932863712,0.07672514393925667,6656,4608,2048,2048,18,32,16,1024,13824,124416,13824
two_nodes_per_level,2,1,integrator_uniform_replay,55,7,14,8160522,0.7107954621315002,1.0838955640792847,512,256,256,4,0.18224121071398258,0.0,0.012314174324274063,0.0904906876385212,0.07943634875118732,5632,3584,2048,2048,14,32,16,1024,14080,98560,14080
two_nodes_per_level,2,1,integrator_uniform_replay,56,8,14,8160522,0.6745954155921936,1.1521886587142944,512,256,256,4,0.20304701663553715,0.0,0.010761631652712822,0.10910501703619957,0.08318036794662476,6144,4096,2048,2048,16,32,16,1024,14336,114688,14336
two_nodes_per_level,2,1,integrator_uniform_replay,57,8,14,8160522,0.675233006477356,1.1502435207366943,512,256,256,4,0.2007089052349329,0.0,0.016769593581557274,0.10146581567823887,0.08247349597513676,6144,4096,2048,2048,16,32,16,1024,14592,116736,14592
two_nodes_per_level,2,1,integrator_uniform_replay,58,9,14,8160522,0.6580010652542114,1.2468007802963257,512,256,256,4,0.21539944037795067,0.0,0.017591506242752075,0.11304035037755966,0.08476758375763893,6656,4608,2048,2048,18,32,16,1024,14848,133632,14848
two_nodes_per_level,2,1,integrator_uniform_replay,59,8,14,8160522,0.6780984997749329,1.1016448736190796,512,256,256,4,0.20082815922796726,0.0,0.016750918701291084,0.10465839505195618,0.07941884547472,6144,4096,2048,2048,16,32,16,1024,15104,120832,15104
two_nodes_per_level,2,1,integrator_uniform_replay,60,9,14,8160522,0.6766927242279053,1.1242139339447021,512,256,256,4,0.2111503630876541,0.0,0.01730906032025814,0.11515451781451702,0.07868678495287895,6656,4608,2048,2048,18,32,16,1024,15360,138240,15360
two_nodes_per_level,2,1,integrator_uniform_replay,61,9,14,8160522,0.6688012480735779,1.159495234489441,512,256,256,4,0.21345221810042858,0.0,0.02119729109108448,0.11417047865688801,0.07808444835245609,6656,4608,2048,2048,18,32,16,1024,15616,140544,15616
two_nodes_per_level,2,1,integrator_uniform_replay,62,10,14,8160522,0.6440272331237793,1.26203453540802,512,256,256,4,0.21408779174089432,0.0,0.019572744145989418,0.11870509199798107,0.07580995559692383,7168,5120,2048,2048,20,32,16,1024,15872,158720,15872
two_nodes_per_level,2,1,integrator_uniform_replay,63,6,14,8160522,0.6617063283920288,1.1526367664337158,512,256,256,4,0.1819569729268551,0.0,0.017793983221054077,0.08628729544579983,0.07787569426000118,5120,3072,2048,2048,12,32,16,1024,16128,96768,16128
two_nodes_per_level,2,1,integrator_uniform_replay,64,7,14,8160522,0.65643310546875,1.219025731086731,512,256,256,4,0.2055003959685564,0.0,0.021001098677515984,0.0971403531730175,0.08735894411802292,5632,3584,2048,2048,14,32,16,1024,16384,114688,16384
two_nodes_per_level,2,1,integrator_uniform_replay,65,7,14,8160522,0.6769831776618958,1.1444470882415771,512,256,256,4,0.1854112520813942,0.0,0.018387962132692337,0.09069343656301498,0.07632985338568687,5632,3584,2048,2048,14,32,16,1024,16640,116480,16640
two_nodes_per_level,2,1,integrator_uniform_replay,66,8,14,8160522,0.6711647510528564,1.1983489990234375,512,256,256,4,0.20798654295504093,0.0,0.019729020074009895,0.09830322302877903,0.089954299852252,6144,4096,2048,2048,16,32,16,1024,16896,135168,16896
two_nodes_per_level,2,1,full_replay_integrator_20_epochs,66,8,14,8160522,0.7829663753509521,1.0933716297149658,16896,16896,0,20,10.140167949721217,0.06382080167531967,0.016845814883708954,0.8157199528068304,9.243781380355358,473088,135168,337920,337920,72,2640,2640,33792,16896,135168,16896
two_nodes_per_level,2,1,integrator_uniform_replay,67,7,14,8160522,0.6770055890083313,1.0988373756408691,512,256,256,4,0.19828287698328495,0.0,0.02021687850356102,0.08934450335800648,0.08872149512171745,5632,3584,2048,2048,14,32,16,1024,17152,120064,17152
two_nodes_per_level,2,1,integrator_uniform_replay,68,8,14,8160522,0.6511948704719543,1.213471531867981,512,256,256,4,0.19860178232192993,0.0,0.022536680102348328,0.09744473174214363,0.07862037047743797,6144,4096,2048,2048,16,32,16,1024,17408,139264,17408
two_nodes_per_level,2,1,integrator_uniform_replay,69,8,14,8160522,0.6746490001678467,1.1601077318191528,512,256,256,4,0.20474295876920223,0.0,0.02067062072455883,0.09707455895841122,0.08699777908623219,6144,4096,2048,2048,16,32,16,1024,17664,141312,17664
two_nodes_per_level,2,1,integrator_uniform_replay,70,9,14,8160522,0.6594308018684387,1.2143861055374146,512,256,256,4,0.22453168034553528,0.0,0.023681603372097015,0.11017733067274094,0.09067274630069733,6656,4608,2048,2048,18,32,16,1024,17920,161280,17920
two_nodes_per_level,2,1,integrator_uniform_replay,71,7,14,8160522,0.6644476056098938,1.1576684713363647,512,256,256,4,0.19990402460098267,0.0,0.02287987247109413,0.08854279294610023,0.0884813591837883,5632,3584,2048,2048,14,32,16,1024,18176,127232,18176
two_nodes_per_level,2,1,integrator_uniform_replay,72,8,14,8160522,0.6728515625,1.1617372035980225,512,256,256,4,0.20722056739032269,0.0,0.024115601554512978,0.11136637069284916,0.07173859514296055,6144,4096,2048,2048,16,32,16,1024,18432,147456,18432
two_nodes_per_level,2,1,integrator_uniform_replay,73,8,14,8160522,0.6533604264259338,1.2114863395690918,512,256,256,4,0.22686553187668324,0.0,0.026954418048262596,0.11198763363063335,0.08792348019778728,6144,4096,2048,2048,16,32,16,1024,18688,149504,18688
two_nodes_per_level,2,1,integrator_uniform_replay,74,9,14,8160522,0.6623733043670654,1.2088426351547241,512,256,256,4,0.2150025125592947,0.0,0.024788280948996544,0.10708288475871086,0.0831313468515873,6656,4608,2048,2048,18,32,16,1024,18944,170496,18944
two_nodes_per_level,2,1,integrator_uniform_replay,75,8,14,8160522,0.6818749904632568,1.095838189125061,512,256,256,4,0.20529810339212418,0.0,0.02528798021376133,0.10017237812280655,0.0798377450555563,6144,4096,2048,2048,16,32,16,1024,19200,153600,19200
two_nodes_per_level,2,1,integrator_uniform_replay,76,9,14,8160522,0.6799958944320679,1.1054697036743164,512,256,256,4,0.22646131739020348,0.0,0.02591623365879059,0.11783446557819843,0.08271061815321445,6656,4608,2048,2048,18,32,16,1024,19456,175104,19456
two_nodes_per_level,2,1,integrator_uniform_replay,77,9,14,8160522,0.6583806872367859,1.1941667795181274,512,256,256,4,0.22477498650550842,0.0,0.028549380600452423,0.11372192017734051,0.08250368572771549,6656,4608,2048,2048,18,32,16,1024,19712,177408,19712
two_nodes_per_level,2,1,integrator_uniform_replay,78,10,14,8160522,0.6463341116905212,1.2042826414108276,512,256,256,4,0.25282574631273746,0.0,0.027370350435376167,0.12326802499592304,0.10218737088143826,7168,5120,2048,2048,20,32,16,1024,19968,199680,19968
two_nodes_per_level,2,1,integrator_uniform_replay,79,7,14,8160522,0.6669303774833679,1.2197295427322388,512,256,256,4,0.19128227978944778,0.0,0.027789108455181122,0.08701744675636292,0.07647572457790375,5632,3584,2048,2048,14,32,16,1024,20224,141568,20224
two_nodes_per_level,2,1,integrator_uniform_replay,80,8,14,8160522,0.657421886920929,1.286058783531189,512,256,256,4,0.21131153032183647,0.0,0.02962811104953289,0.10199554450809956,0.07968787476420403,6144,4096,2048,2048,16,32,16,1024,20480,163840,20480
two_nodes_per_level,2,1,integrator_uniform_replay,81,8,14,8160522,0.6670042276382446,1.1932615041732788,512,256,256,4,0.2057906873524189,0.0,0.02909855730831623,0.09846604615449905,0.07822608388960361,6144,4096,2048,2048,16,32,16,1024,20736,165888,20736
two_nodes_per_level,2,1,integrator_uniform_replay,82,9,14,8160522,0.6631574034690857,1.1919324398040771,512,256,256,4,0.2124461680650711,0.0,0.027731096372008324,0.10509733483195305,0.07961773686110973,6656,4608,2048,2048,18,32,16,1024,20992,188928,20992
two_nodes_per_level,2,1,integrator_uniform_replay,83,8,14,8160522,0.6582266688346863,1.206664800643921,512,256,256,4,0.20674905367195606,0.0,0.029870323836803436,0.1021683569997549,0.07471037283539772,6144,4096,2048,2048,16,32,16,1024,21248,169984,21248
two_nodes_per_level,2,1,integrator_uniform_replay,84,9,14,8160522,0.6572730541229248,1.1931654214859009,512,256,256,4,0.21720340475440025,0.0,0.029126768931746483,0.10790918208658695,0.08016745373606682,6656,4608,2048,2048,18,32,16,1024,21504,193536,21504
two_nodes_per_level,2,1,integrator_uniform_replay,85,9,14,8160522,0.6653492450714111,1.173004150390625,512,256,256,4,0.22098607756197453,0.0,0.029436619952321053,0.11235613562166691,0.07919332198798656,6656,4608,2048,2048,18,32,16,1024,21760,195840,21760
two_nodes_per_level,2,1,integrator_uniform_replay,86,10,14,8160522,0.6456213593482971,1.2788662910461426,512,256,256,4,0.2237899973988533,0.0,0.030915332958102226,0.12091494724154472,0.07195971719920635,7168,5120,2048,2048,20,32,16,1024,22016,220160,22016
two_nodes_per_level,2,1,integrator_uniform_replay,87,8,14,8160522,0.6677442789077759,1.2038267850875854,512,256,256,4,0.22003238648176193,0.0,0.02920456789433956,0.10739412158727646,0.08343369700014591,6144,4096,2048,2048,16,32,16,1024,22272,178176,22272
two_nodes_per_level,2,1,integrator_uniform_replay,88,9,14,8160522,0.6526988744735718,1.2719008922576904,512,256,256,4,0.21682970970869064,0.0,0.032358163967728615,0.11041539907455444,0.07405614666640759,6656,4608,2048,2048,18,32,16,1024,22528,202752,22528
two_nodes_per_level,2,1,integrator_uniform_replay,89,9,14,8160522,0.6643258333206177,1.2138218879699707,512,256,256,4,0.21731048077344894,0.0,0.031999001279473305,0.10812773741781712,0.07718374207615852,6656,4608,2048,2048,18,32,16,1024,22784,205056,22784
two_nodes_per_level,2,1,integrator_uniform_replay,90,10,14,8160522,0.641796886920929,1.252403974533081,512,256,256,4,0.24482310004532337,0.0,0.03201203607022762,0.1295564491301775,0.08325461484491825,7168,5120,2048,2048,20,32,16,1024,23040,230400,23040
two_nodes_per_level,2,1,integrator_uniform_replay,91,9,14,8160522,0.6680545806884766,1.2025219202041626,512,256,256,4,0.21180136129260063,0.0,0.031112605705857277,0.1032758578658104,0.07741289772093296,6656,4608,2048,2048,18,32,16,1024,23296,209664,23296
two_nodes_per_level,2,1,integrator_uniform_replay,92,10,14,8160522,0.6528957486152649,1.2433414459228516,512,256,256,4,0.21665926463901997,0.0,0.03180575184524059,0.11366610042750835,0.07118741236627102,7168,5120,2048,2048,20,32,16,1024,23552,235520,23552
two_nodes_per_level,2,1,integrator_uniform_replay,93,10,14,8160522,0.6379368305206299,1.2679858207702637,512,256,256,4,0.2317099440842867,0.0,0.03243868798017502,0.12121989205479622,0.07805136404931545,7168,5120,2048,2048,20,32,16,1024,23808,238080,23808
two_nodes_per_level,2,1,integrator_uniform_replay,94,11,14,8160522,0.6335604786872864,1.2632337808609009,512,256,256,4,0.24607319943606853,0.0,0.03238869085907936,0.13284841179847717,0.080836096778512,7680,5632,2048,2048,22,32,16,1024,24064,264704,24064
two_nodes_per_level,2,1,integrator_uniform_replay,95,7,14,8160522,0.6229851841926575,1.2983089685440063,512,256,256,4,0.20035244897007942,0.0,0.030888549983501434,0.09436339698731899,0.075100501999259,5632,3584,2048,2048,14,32,16,1024,24320,170240,24320
two_nodes_per_level,2,1,integrator_uniform_replay,96,8,14,8160522,0.6305745244026184,1.2786037921905518,512,256,256,4,0.225153598934412,0.0,0.03341063670814037,0.10572057217359543,0.0860223900526762,6144,4096,2048,2048,16,32,16,1024,24576,196608,24576
two_nodes_per_level,2,1,integrator_uniform_replay,97,8,14,8160522,0.6579011082649231,1.2090011835098267,512,256,256,4,0.20859000831842422,0.0,0.03182985261082649,0.10174870118498802,0.07501145452260971,6144,4096,2048,2048,16,32,16,1024,24832,198656,24832
two_nodes_per_level,2,1,integrator_uniform_replay,98,9,14,8160522,0.6420599222183228,1.2777488231658936,512,256,256,4,0.21919980645179749,0.0,0.03347689285874367,0.10978115163743496,0.07594176195561886,6656,4608,2048,2048,18,32,16,1024,25088,225792,25088
two_nodes_per_level,2,1,integrator_uniform_replay,99,8,14,8160522,0.6572758555412292,1.24493408203125,512,256,256,4,0.21163712814450264,0.0,0.03365501016378403,0.09665602818131447,0.08132608979940414,6144,4096,2048,2048,16,32,16,1024,25344,202752,25344
two_nodes_per_level,2,1,integrator_uniform_replay,100,9,14,8160522,0.6586718559265137,1.199957013130188,512,256,256,4,0.23391616344451904,0.0,0.03592449612915516,0.10805260762572289,0.089939059689641,6656,4608,2048,2048,18,32,16,1024,25600,230400,25600
two_nodes_per_level,2,1,full_replay_integrator_20_epochs,100,9,14,8160522,0.7732812762260437,1.158144235610962,25600,25600,0,20,15.34625145047903,0.07766819559037685,0.030417785048484802,1.2953954972326756,13.942769972607493,742400,230400,512000,512000,117,4000,4000,51200,25600,230400,25600
two_nodes_per_level,2,2,integrator_uniform_replay,1,1,14,8160522,0.8515625,0.6447991728782654,256,256,0,4,0.10308549366891384,0.06154492683708668,0.0,0.013536438345909119,0.028004128485918045,1280,256,1024,1024,1,8,8,512,256,256,256
two_nodes_per_level,2,2,full_replay_integrator_20_epochs,1,1,14,8160522,0.8515625,0.6104652285575867,256,256,0,20,0.21676434017717838,0.061739448457956314,0.0002696234732866287,0.015108687803149223,0.13964658044278622,5376,256,5120,5120,1,40,40,512,256,256,256
two_nodes_per_level,2,2,integrator_uniform_replay,2,2,14,8160522,0.791015625,0.881855845451355,512,256,256,4,0.11188769526779652,0.0,0.0007655955851078033,0.03863385133445263,0.07248824834823608,3072,1024,2048,2048,4,32,16,1024,512,1024,512
two_nodes_per_level,2,2,full_replay_integrator_20_epochs,2,2,14,8160522,0.80078125,1.0361912250518799,512,512,0,20,0.35153825022280216,0.05687633156776428,0.00042680278420448303,0.01761976256966591,0.2766153533011675,11264,1024,10240,10240,2,80,80,1024,512,1024,512
two_nodes_per_level,2,2,integrator_uniform_replay,3,2,14,8160522,0.7786458134651184,0.9858093857765198,512,256,256,4,0.1168462485074997,0.0,0.0007350165396928787,0.03747493401169777,0.07863629795610905,3072,1024,2048,2048,4,32,16,1024,768,1536,768
two_nodes_per_level,2,2,integrator_uniform_replay,4,3,14,8160522,0.7158203125,1.1093415021896362,512,256,256,4,0.11885646544396877,0.0,0.0008838921785354614,0.04339846037328243,0.07457411289215088,3584,1536,2048,2048,6,32,16,1024,1024,3072,1024
two_nodes_per_level,2,2,full_replay_integrator_20_epochs,4,3,14,8160522,0.7919921875,1.1405174732208252,1024,1024,0,20,0.6718664541840553,0.06399949640035629,0.0005905907601118088,0.03446742706000805,0.5728089399635792,23552,3072,20480,20480,3,160,160,2048,1024,3072,1024
two_nodes_per_level,2,2,integrator_uniform_replay,5,3,14,8160522,0.707812488079071,1.077162265777588,512,256,256,4,0.1292231809347868,0.0,0.0011761467903852463,0.04542314447462559,0.08262388966977596,3584,1536,2048,2048,6,32,16,1024,1280,3840,1280
two_nodes_per_level,2,2,integrator_uniform_replay,6,4,14,8160522,0.7005208134651184,1.1623141765594482,512,256,256,4,0.1468527354300022,0.0,0.0012972597032785416,0.05976495333015919,0.08579052239656448,4096,2048,2048,2048,8,32,16,1024,1536,6144,1536
two_nodes_per_level,2,2,integrator_uniform_replay,7,3,14,8160522,0.7449776530265808,0.9956483244895935,512,256,256,4,0.1284165307879448,0.0,0.0015818271785974503,0.044867392629384995,0.08196731097996235,3584,1536,2048,2048,6,32,16,1024,1792,5376,1792
two_nodes_per_level,2,2,integrator_uniform_replay,8,4,14,8160522,0.7294921875,1.0120024681091309,512,256,256,4,0.14138725958764553,0.0,0.0016719680279493332,0.055236153304576874,0.08447913825511932,4096,2048,2048,2048,8,32,16,1024,2048,8192,2048
two_nodes_per_level,2,2,full_replay_integrator_20_epochs,8,4,14,8160522,0.8017578125,1.1017248630523682,2048,2048,0,20,1.270431112498045,0.07357354275882244,0.0011191479861736298,0.07464934699237347,1.1210890747606754,49152,8192,40960,40960,4,320,320,4096,2048,8192,2048
two_nodes_per_level,2,2,integrator_uniform_replay,9,4,14,8160522,0.7374131679534912,1.0298755168914795,512,256,256,4,0.1482432298362255,0.0,0.001782609149813652,0.05977077782154083,0.08668984286487103,4096,2048,2048,2048,8,32,16,1024,2304,9216,2304
two_nodes_per_level,2,2,integrator_uniform_replay,10,5,14,8160522,0.712890625,1.036321997642517,512,256,256,4,0.1416719015687704,0.0,0.002040097489953041,0.06186951510608196,0.0777622889727354,4608,2560,2048,2048,10,32,16,1024,2560,12800,2560
two_nodes_per_level,2,2,full_replay_integrator_20_epochs,10,5,14,8160522,0.7894531488418579,1.0673900842666626,2560,2560,0,20,1.5998049229383469,0.07834508642554283,0.0012727882713079453,0.10033593885600567,1.4198511093854904,64000,12800,51200,51200,10,400,400,5120,2560,12800,2560
two_nodes_per_level,2,2,integrator_uniform_replay,11,4,14,8160522,0.7009943127632141,1.1037250757217407,512,256,256,4,0.13769782707095146,0.0,0.002085575833916664,0.05430874414741993,0.08130350708961487,4096,2048,2048,2048,8,32,16,1024,2816,11264,2816
two_nodes_per_level,2,2,integrator_uniform_replay,12,5,14,8160522,0.7141926884651184,1.0622801780700684,512,256,256,4,0.16001905500888824,0.0,0.0021688733249902725,0.07163659296929836,0.08621358871459961,4608,2560,2048,2048,10,32,16,1024,3072,15360,3072
two_nodes_per_level,2,2,integrator_uniform_replay,13,5,14,8160522,0.71484375,1.1306873559951782,512,256,256,4,0.13552894815802574,0.0,0.0022181477397680283,0.059670550748705864,0.07364024966955185,4608,2560,2048,2048,10,32,16,1024,3328,16640,3328
two_nodes_per_level,2,2,integrator_uniform_replay,14,6,14,8160522,0.6629464030265808,1.2037359476089478,512,256,256,4,0.15884935669600964,0.0,0.002376377582550049,0.07990848831832409,0.0765644907951355,5120,3072,2048,2048,12,32,16,1024,3584,21504,3584
two_nodes_per_level,2,2,integrator_uniform_replay,15,4,14,8160522,0.7252604365348816,1.0679309368133545,512,256,256,4,0.13799662329256535,0.0,0.002615503966808319,0.0560916718095541,0.07928944751620293,4096,2048,2048,2048,8,32,16,1024,3840,15360,3840
two_nodes_per_level,2,2,integrator_uniform_replay,16,5,14,8160522,0.72998046875,1.0080957412719727,512,256,256,4,0.13972275331616402,0.0,0.002550700679421425,0.06217493489384651,0.07499711774289608,4608,2560,2048,2048,10,32,16,1024,4096,20480,4096
two_nodes_per_level,2,2,full_replay_integrator_20_epochs,16,5,14,8160522,0.80224609375,0.9960944056510925,4096,4096,0,20,2.4690224938094616,0.07328864932060242,0.0018431954085826874,0.14764996990561485,2.2462406791746616,102400,20480,81920,81920,10,640,640,8192,4096,20480,4096
two_nodes_per_level,2,2,integrator_uniform_replay,17,5,14,8160522,0.7231158018112183,1.0425716638565063,512,256,256,4,0.15713623724877834,0.0,0.0028599482029676437,0.06760674715042114,0.08666954189538956,4608,2560,2048,2048,10,32,16,1024,4352,21760,4352
two_nodes_per_level,2,2,integrator_uniform_replay,18,6,14,8160522,0.6829426884651184,1.1575716733932495,512,256,256,4,0.16347560845315456,0.0,0.0035789329558610916,0.07976808771491051,0.08012858778238297,5120,3072,2048,2048,12,32,16,1024,4608,27648,4608
two_nodes_per_level,2,2,integrator_uniform_replay,19,5,14,8160522,0.6971628069877625,1.1208289861679077,512,256,256,4,0.14887069910764694,0.0,0.003088252618908882,0.0666259191930294,0.07915652729570866,4608,2560,2048,2048,10,32,16,1024,4864,24320,4864
two_nodes_per_level,2,2,integrator_uniform_replay,20,6,14,8160522,0.6957031488418579,1.0889830589294434,512,256,256,4,0.16627355478703976,0.0,0.0033508427441120148,0.07970055192708969,0.08322216011583805,5120,3072,2048,2048,12,32,16,1024,5120,30720,5120
two_nodes_per_level,2,2,integrator_uniform_replay,21,6,14,8160522,0.683407723903656,1.1058984994888306,512,256,256,4,0.1628505475819111,0.0,0.00391843356192112,0.07562057301402092,0.08331154100596905,5120,3072,2048,2048,12,32,16,1024,5376,32256,5376
two_nodes_per_level,2,2,integrator_uniform_replay,22,7,14,8160522,0.6819957494735718,1.143936276435852,512,256,256,4,0.17354041896760464,0.0,0.003510786220431328,0.09145082533359528,0.07857880741357803,5632,3584,2048,2048,14,32,16,1024,5632,39424,5632
two_nodes_per_level,2,2,integrator_uniform_replay,23,5,14,8160522,0.6803668737411499,1.1856056451797485,512,256,256,4,0.1491242665797472,0.0,0.0035615526139736176,0.06619459390640259,0.079368120059371,4608,2560,2048,2048,10,32,16,1024,5888,29440,5888
two_nodes_per_level,2,2,integrator_uniform_replay,24,6,14,8160522,0.6826171875,1.1643575429916382,512,256,256,4,0.16192088648676872,0.0,0.004925215616822243,0.07792713865637779,0.07906853221356869,5120,3072,2048,2048,12,32,16,1024,6144,36864,6144
two_nodes_per_level,2,2,integrator_uniform_replay,25,6,14,8160522,0.6720312237739563,1.1265641450881958,512,256,256,4,0.16226640529930592,0.0,0.003940843045711517,0.08262165822088718,0.07570390403270721,5120,3072,2048,2048,12,32,16,1024,6400,38400,6400
two_nodes_per_level,2,2,integrator_uniform_replay,26,7,14,8160522,0.6814903616905212,1.1535046100616455,512,256,256,4,0.16775544732809067,0.0,0.004468023777008057,0.0873938798904419,0.07589354366064072,5632,3584,2048,2048,14,32,16,1024,6656,46592,6656
two_nodes_per_level,2,2,full_replay_integrator_20_epochs,26,7,14,8160522,0.7935696840286255,1.1240817308425903,6656,6656,0,20,4.026409724727273,0.0693479273468256,0.0031769927591085434,0.2803801540285349,3.673504650592804,179712,46592,133120,133120,28,1040,1040,13312,6656,46592,6656
two_nodes_per_level,2,2,integrator_uniform_replay,27,6,14,8160522,0.7048611044883728,1.0689218044281006,512,256,256,4,0.15536748617887497,0.0,0.004740072414278984,0.06876980885863304,0.08185760490596294,5120,3072,2048,2048,12,32,16,1024,6912,41472,6912
two_nodes_per_level,2,2,integrator_uniform_replay,28,7,14,8160522,0.6928013563156128,1.1050196886062622,512,256,256,4,0.17256244458258152,0.0,0.00541350245475769,0.08965232968330383,0.07749661244452,5632,3584,2048,2048,14,32,16,1024,7168,50176,7168
two_nodes_per_level,2,2,integrator_uniform_replay,29,7,14,8160522,0.6733566522598267,1.1790179014205933,512,256,256,4,0.1698770746588707,0.0,0.004641376435756683,0.08787388168275356,0.07736181654036045,5632,3584,2048,2048,14,32,16,1024,7424,51968,7424
two_nodes_per_level,2,2,integrator_uniform_replay,30,8,14,8160522,0.664843738079071,1.130841612815857,512,256,256,4,0.18705168552696705,0.0,0.005065523087978363,0.09979265742003918,0.08219350501894951,6144,4096,2048,2048,16,32,16,1024,7680,61440,7680
two_nodes_per_level,2,2,integrator_uniform_replay,31,5,14,8160522,0.6770413517951965,1.2085034847259521,512,256,256,4,0.13977109640836716,0.0,0.005911020562052727,0.05781719461083412,0.07604288123548031,4608,2560,2048,2048,10,32,16,1024,7936,39680,7936
two_nodes_per_level,2,2,integrator_uniform_replay,32,6,14,8160522,0.67236328125,1.220009684562683,512,256,256,4,0.16154301725327969,0.0,0.005188353359699249,0.07769817672669888,0.07865648716688156,5120,3072,2048,2048,12,32,16,1024,8192,49152,8192
two_nodes_per_level,2,2,integrator_uniform_replay,33,6,14,8160522,0.6885653138160706,1.156180739402771,512,256,256,4,0.1661265529692173,0.0,0.006130985915660858,0.07901168428361416,0.08098388276994228,5120,3072,2048,2048,12,32,16,1024,8448,50688,8448
two_nodes_per_level,2,2,integrator_uniform_replay,34,7,14,8160522,0.6794577240943909,1.1419615745544434,512,256,256,4,0.17648055218160152,0.0,0.006292594596743584,0.08481652103364468,0.08537143655121326,5632,3584,2048,2048,14,32,16,1024,8704,60928,8704
two_nodes_per_level,2,2,integrator_uniform_replay,35,6,14,8160522,0.6793527007102966,1.2195814847946167,512,256,256,4,0.18174809962511063,0.0,0.007768372073769569,0.08072871901094913,0.09325100854039192,5120,3072,2048,2048,12,32,16,1024,8960,53760,8960
two_nodes_per_level,2,2,integrator_uniform_replay,36,7,14,8160522,0.6730685830116272,1.226276159286499,512,256,256,4,0.17131143435835838,0.0,0.0060547031462192535,0.08638603799045086,0.07887069322168827,5632,3584,2048,2048,14,32,16,1024,9216,64512,9216
two_nodes_per_level,2,2,integrator_uniform_replay,37,7,14,8160522,0.6670185923576355,1.2386553287506104,512,256,256,4,0.18727555871009827,0.0,0.007618565112352371,0.09398640878498554,0.08567058481276035,5632,3584,2048,2048,14,32,16,1024,9472,66304,9472
two_nodes_per_level,2,2,integrator_uniform_replay,38,8,14,8160522,0.6456620097160339,1.2773370742797852,512,256,256,4,0.19165753200650215,0.0,0.007479023188352585,0.10447762534022331,0.07970088347792625,6144,4096,2048,2048,16,32,16,1024,9728,77824,9728
two_nodes_per_level,2,2,integrator_uniform_replay,39,6,14,8160522,0.6993188858032227,1.151390790939331,512,256,256,4,0.1708198096603155,0.0,0.007944142445921898,0.08501506224274635,0.07786060497164726,5120,3072,2048,2048,12,32,16,1024,9984,59904,9984
two_nodes_per_level,2,2,integrator_uniform_replay,40,7,14,8160522,0.667285144329071,1.2187752723693848,512,256,256,4,0.16927914135158062,0.0,0.0072245001792907715,0.08726141974329948,0.07479322142899036,5632,3584,2048,2048,14,32,16,1024,10240,71680,10240
two_nodes_per_level,2,2,integrator_uniform_replay,41,7,14,8160522,0.6750190258026123,1.1423231363296509,512,256,256,4,0.1805507279932499,0.0,0.00707877054810524,0.08781902305781841,0.08565293438732624,5632,3584,2048,2048,14,32,16,1024,10496,73472,10496
two_nodes_per_level,2,2,full_replay_integrator_20_epochs,41,7,14,8160522,0.7826791405677795,1.1724088191986084,10496,10496,0,20,6.237828109413385,0.06541242450475693,0.005402471870183945,0.44246701523661613,5.724546197801828,283392,73472,209920,209920,42,1640,1640,20992,10496,73472,10496
two_nodes_per_level,2,2,integrator_uniform_replay,42,8,14,8160522,0.6705729365348816,1.1269217729568481,512,256,256,4,0.1895721945911646,0.0,0.008478278294205666,0.10009871050715446,0.08099520578980446,6144,4096,2048,2048,16,32,16,1024,10752,86016,10752
two_nodes_per_level,2,2,integrator_uniform_replay,43,7,14,8160522,0.6561591625213623,1.2041866779327393,512,256,256,4,0.1727722492069006,0.0,0.014853602275252342,0.08746309019625187,0.07045555673539639,5632,3584,2048,2048,14,32,16,1024,11008,77056,11008
two_nodes_per_level,2,2,integrator_uniform_replay,44,8,14,8160522,0.69140625,1.1372073888778687,512,256,256,4,0.19453324377536774,0.0,0.013164341449737549,0.0976746529340744,0.08369424939155579,6144,4096,2048,2048,16,32,16,1024,11264,90112,11264
two_nodes_per_level,2,2,integrator_uniform_replay,45,8,14,8160522,0.6949653029441833,1.1162770986557007,512,256,256,4,0.19002180732786655,0.0,0.012851027771830559,0.09699790738523006,0.08017287217080593,6144,4096,2048,2048,16,32,16,1024,11520,92160,11520
two_nodes_per_level,2,2,integrator_uniform_replay,46,9,14,8160522,0.671280562877655,1.131261944770813,512,256,256,4,0.2006673961877823,0.0,0.011822108179330826,0.10982302390038967,0.07902226410806179,6656,4608,2048,2048,18,32,16,1024,11776,105984,11776
two_nodes_per_level,2,2,integrator_uniform_replay,47,6,14,8160522,0.6778590679168701,1.1276092529296875,512,256,256,4,0.17585479654371738,0.0,0.015207165852189064,0.0805929135531187,0.08005471713840961,5120,3072,2048,2048,12,32,16,1024,12032,72192,12032
two_nodes_per_level,2,2,integrator_uniform_replay,48,7,14,8160522,0.66064453125,1.2414157390594482,512,256,256,4,0.17962609604001045,0.0,0.01540718600153923,0.08789021708071232,0.0763286929577589,5632,3584,2048,2048,14,32,16,1024,12288,86016,12288
two_nodes_per_level,2,2,integrator_uniform_replay,49,7,14,8160522,0.6795280575752258,1.1414180994033813,512,256,256,4,0.18623072281479836,0.0,0.013287756592035294,0.09215817041695118,0.08078479580581188,5632,3584,2048,2048,14,32,16,1024,12544,87808,12544
two_nodes_per_level,2,2,integrator_uniform_replay,50,8,14,8160522,0.6539062261581421,1.2978882789611816,512,256,256,4,0.19977659545838833,0.0,0.013957969844341278,0.10246404074132442,0.08335458487272263,6144,4096,2048,2048,16,32,16,1024,12800,102400,12800
two_nodes_per_level,2,2,integrator_uniform_replay,51,7,14,8160522,0.6678921580314636,1.217005729675293,512,256,256,4,0.19831324741244316,0.0,0.012989787384867668,0.09303762391209602,0.09228583611547947,5632,3584,2048,2048,14,32,16,1024,13056,91392,13056
two_nodes_per_level,2,2,integrator_uniform_replay,52,8,14,8160522,0.6642127633094788,1.1867320537567139,512,256,256,4,0.20330504141747952,0.0,0.015506183728575706,0.10812431201338768,0.07967454567551613,6144,4096,2048,2048,16,32,16,1024,13312,106496,13312
two_nodes_per_level,2,2,integrator_uniform_replay,53,8,14,8160522,0.6819722652435303,1.1360708475112915,512,256,256,4,0.20837965421378613,0.0,0.017006859183311462,0.10891064815223217,0.08246214687824249,6144,4096,2048,2048,16,32,16,1024,13568,108544,13568
two_nodes_per_level,2,2,integrator_uniform_replay,54,9,14,8160522,0.6558883190155029,1.180598497390747,512,256,256,4,0.20448782294988632,0.0,0.01602461002767086,0.10727299377322197,0.08119021914899349,6656,4608,2048,2048,18,32,16,1024,13824,124416,13824
two_nodes_per_level,2,2,integrator_uniform_replay,55,7,14,8160522,0.6762784123420715,1.1711902618408203,512,256,256,4,0.18851389177143574,0.0,0.017746835947036743,0.08751486614346504,0.08325218968093395,5632,3584,2048,2048,14,32,16,1024,14080,98560,14080
two_nodes_per_level,2,2,integrator_uniform_replay,56,8,14,8160522,0.6560407280921936,1.2282241582870483,512,256,256,4,0.19917603954672813,0.0,0.01554197072982788,0.09695763885974884,0.08667642995715141,6144,4096,2048,2048,16,32,16,1024,14336,114688,14336
two_nodes_per_level,2,2,integrator_uniform_replay,57,8,14,8160522,0.6655016541481018,1.209573745727539,512,256,256,4,0.20505163446068764,0.0,0.020212814211845398,0.1030938159674406,0.08174500428140163,6144,4096,2048,2048,16,32,16,1024,14592,116736,14592
two_nodes_per_level,2,2,integrator_uniform_replay,58,9,14,8160522,0.6532866358757019,1.2675704956054688,512,256,256,4,0.20944026857614517,0.0,0.01853320002555847,0.11056195758283138,0.08034511096775532,6656,4608,2048,2048,18,32,16,1024,14848,133632,14848
two_nodes_per_level,2,2,integrator_uniform_replay,59,8,14,8160522,0.6739936470985413,1.1381607055664062,512,256,256,4,0.20406360551714897,0.0,0.021133223548531532,0.10290763340890408,0.08002274855971336,6144,4096,2048,2048,16,32,16,1024,15104,120832,15104
two_nodes_per_level,2,2,integrator_uniform_replay,60,9,14,8160522,0.6639322638511658,1.2162715196609497,512,256,256,4,0.2284192368388176,0.0,0.018743008375167847,0.11974375694990158,0.08993247151374817,6656,4608,2048,2048,18,32,16,1024,15360,138240,15360
two_nodes_per_level,2,2,integrator_uniform_replay,61,9,14,8160522,0.6616931557655334,1.2277008295059204,512,256,256,4,0.22664391621947289,0.0,0.02169777639210224,0.12296697124838829,0.08197916857898235,6656,4608,2048,2048,18,32,16,1024,15616,140544,15616
two_nodes_per_level,2,2,integrator_uniform_replay,62,10,14,8160522,0.647681474685669,1.26639986038208,512,256,256,4,0.22044308856129646,0.0,0.021490691229701042,0.11606181599199772,0.0828905813395977,7168,5120,2048,2048,20,32,16,1024,15872,158720,15872
two_nodes_per_level,2,2,integrator_uniform_replay,63,6,14,8160522,0.6698908805847168,1.1804308891296387,512,256,256,4,0.18416620418429375,0.0,0.021680643782019615,0.08563509210944176,0.07685046829283237,5120,3072,2048,2048,12,32,16,1024,16128,96768,16128
two_nodes_per_level,2,2,integrator_uniform_replay,64,7,14,8160522,0.66241455078125,1.203365445137024,512,256,256,4,0.2126837894320488,0.0,0.022247955203056335,0.10420469008386135,0.08623114414513111,5632,3584,2048,2048,14,32,16,1024,16384,114688,16384
two_nodes_per_level,2,2,integrator_uniform_replay,65,7,14,8160522,0.6890023946762085,1.1065664291381836,512,256,256,4,0.1925332099199295,0.0,0.02176705002784729,0.09127294830977917,0.07949321158230305,5632,3584,2048,2048,14,32,16,1024,16640,116480,16640
two_nodes_per_level,2,2,integrator_uniform_replay,66,8,14,8160522,0.6432883739471436,1.325278878211975,512,256,256,4,0.20474598370492458,0.0,0.025373296812176704,0.10081676580011845,0.07855592109262943,6144,4096,2048,2048,16,32,16,1024,16896,135168,16896
two_nodes_per_level,2,2,full_replay_integrator_20_epochs,66,8,14,8160522,0.7813683748245239,1.1027544736862183,16896,16896,0,20,10.29212760925293,0.07031172327697277,0.020342111587524414,0.8067698068916798,9.394703967496753,473088,135168,337920,337920,72,2640,2640,33792,16896,135168,16896
two_nodes_per_level,2,2,integrator_uniform_replay,67,7,14,8160522,0.6888992786407471,1.248882532119751,512,256,256,4,0.19164687395095825,0.0,0.021521270275115967,0.09381589479744434,0.07630970887839794,5632,3584,2048,2048,14,32,16,1024,17152,120064,17152
two_nodes_per_level,2,2,integrator_uniform_replay,68,8,14,8160522,0.6773896813392639,1.2019593715667725,512,256,256,4,0.2050814852118492,0.0,0.023516934365034103,0.10005826875567436,0.08150628209114075,6144,4096,2048,2048,16,32,16,1024,17408,139264,17408
two_nodes_per_level,2,2,integrator_uniform_replay,69,8,14,8160522,0.6691576242446899,1.1894080638885498,512,256,256,4,0.19471343979239464,0.0,0.02532540261745453,0.09404964372515678,0.07533839344978333,6144,4096,2048,2048,16,32,16,1024,17664,141312,17664
two_nodes_per_level,2,2,integrator_uniform_replay,70,9,14,8160522,0.6436942219734192,1.2407830953598022,512,256,256,4,0.2223629727959633,0.0,0.025112008675932884,0.11150001175701618,0.08575095236301422,6656,4608,2048,2048,18,32,16,1024,17920,161280,17920
two_nodes_per_level,2,2,integrator_uniform_replay,71,7,14,8160522,0.6970730423927307,1.1275237798690796,512,256,256,4,0.19313629530370235,0.0,0.023184165358543396,0.08781052194535732,0.08214160799980164,5632,3584,2048,2048,14,32,16,1024,18176,127232,18176
two_nodes_per_level,2,2,integrator_uniform_replay,72,8,14,8160522,0.6691623330116272,1.1921091079711914,512,256,256,4,0.203636871650815,0.0,0.024390317499637604,0.09679398313164711,0.0824525710195303,6144,4096,2048,2048,16,32,16,1024,18432,147456,18432
two_nodes_per_level,2,2,integrator_uniform_replay,73,8,14,8160522,0.6755136847496033,1.179207682609558,512,256,256,4,0.20948326773941517,0.0,0.02305503748357296,0.10544562339782715,0.08098260685801506,6144,4096,2048,2048,16,32,16,1024,18688,149504,18688
two_nodes_per_level,2,2,integrator_uniform_replay,74,9,14,8160522,0.6712415814399719,1.150820016860962,512,256,256,4,0.19295048713684082,0.0,0.02364819496870041,0.09959004633128643,0.06971224583685398,6656,4608,2048,2048,18,32,16,1024,18944,170496,18944
two_nodes_per_level,2,2,integrator_uniform_replay,75,8,14,8160522,0.6785937547683716,1.1750375032424927,512,256,256,4,0.20032260194420815,0.0,0.024441376328468323,0.09474078938364983,0.08114043623209,6144,4096,2048,2048,16,32,16,1024,19200,153600,19200
two_nodes_per_level,2,2,integrator_uniform_replay,76,9,14,8160522,0.6674033999443054,1.2550402879714966,512,256,256,4,0.22675939090549946,0.0,0.025510968640446663,0.11863949336111546,0.08260892890393734,6656,4608,2048,2048,18,32,16,1024,19456,175104,19456
two_nodes_per_level,2,2,integrator_uniform_replay,77,9,14,8160522,0.6650263667106628,1.1988056898117065,512,256,256,4,0.2125562410801649,0.0,0.026095397770404816,0.10509819351136684,0.08136264979839325,6656,4608,2048,2048,18,32,16,1024,19712,177408,19712
two_nodes_per_level,2,2,integrator_uniform_replay,78,10,14,8160522,0.651292085647583,1.2842938899993896,512,256,256,4,0.2302455548197031,0.0,0.028301535174250603,0.12271420285105705,0.07922981679439545,7168,5120,2048,2048,20,32,16,1024,19968,199680,19968
two_nodes_per_level,2,2,integrator_uniform_replay,79,7,14,8160522,0.6893789768218994,1.072083830833435,512,256,256,4,0.18190722167491913,0.0,0.02583472430706024,0.08536518178880215,0.07070731557905674,5632,3584,2048,2048,14,32,16,1024,20224,141568,20224
two_nodes_per_level,2,2,integrator_uniform_replay,80,8,14,8160522,0.676318347454071,1.1196010112762451,512,256,256,4,0.21541251242160797,0.0,0.025527628138661385,0.11214992217719555,0.07773496210575104,6144,4096,2048,2048,16,32,16,1024,20480,163840,20480
two_nodes_per_level,2,2,integrator_uniform_replay,81,8,14,8160522,0.6660879850387573,1.1667033433914185,512,256,256,4,0.20333275198936462,0.0,0.02629832550883293,0.10117280669510365,0.07586161978542805,6144,4096,2048,2048,16,32,16,1024,20736,165888,20736
two_nodes_per_level,2,2,integrator_uniform_replay,82,9,14,8160522,0.6607755422592163,1.241990327835083,512,256,256,4,0.22276451997458935,0.0,0.02926005609333515,0.11101251654326916,0.08249194733798504,6656,4608,2048,2048,18,32,16,1024,20992,188928,20992
two_nodes_per_level,2,2,integrator_uniform_replay,83,8,14,8160522,0.6637800931930542,1.2213895320892334,512,256,256,4,0.22431426122784615,0.0,0.029183685779571533,0.10777337476611137,0.08735720068216324,6144,4096,2048,2048,16,32,16,1024,21248,169984,21248
two_nodes_per_level,2,2,integrator_uniform_replay,84,9,14,8160522,0.6692243218421936,1.1540824174880981,512,256,256,4,0.2264343611896038,0.0,0.03066166490316391,0.1161621380597353,0.0796105582267046,6656,4608,2048,2048,18,32,16,1024,21504,193536,21504
two_nodes_per_level,2,2,integrator_uniform_replay,85,9,14,8160522,0.6608455777168274,1.2002938985824585,512,256,256,4,0.21930248104035854,0.0,0.0279086884111166,0.11198586970567703,0.07940792292356491,6656,4608,2048,2048,18,32,16,1024,21760,195840,21760
two_nodes_per_level,2,2,integrator_uniform_replay,86,10,14,8160522,0.643986165523529,1.2460263967514038,512,256,256,4,0.22991576977074146,0.0,0.02933047153055668,0.11901224963366985,0.08157304860651493,7168,5120,2048,2048,20,32,16,1024,22016,220160,22016
two_nodes_per_level,2,2,integrator_uniform_replay,87,8,14,8160522,0.6847162246704102,1.1416655778884888,512,256,256,4,0.21930544450879097,0.0,0.03295829892158508,0.1098261121660471,0.07652103342115879,6144,4096,2048,2048,16,32,16,1024,22272,178176,22272
two_nodes_per_level,2,2,integrator_uniform_replay,88,9,14,8160522,0.6660600304603577,1.172698736190796,512,256,256,4,0.2429320253431797,0.0,0.032893747091293335,0.12402516603469849,0.08601311221718788,6656,4608,2048,2048,18,32,16,1024,22528,202752,22528
two_nodes_per_level,2,2,integrator_uniform_replay,89,9,14,8160522,0.6650280952453613,1.1862586736679077,512,256,256,4,0.23286514356732368,0.0,0.030989697203040123,0.11169684305787086,0.0901786033064127,6656,4608,2048,2048,18,32,16,1024,22784,205056,22784
two_nodes_per_level,2,2,integrator_uniform_replay,90,10,14,8160522,0.6283420324325562,1.262576937675476,512,256,256,4,0.22849440574645996,0.0,0.029331855475902557,0.1202751137316227,0.07888743653893471,7168,5120,2048,2048,20,32,16,1024,23040,230400,23040
two_nodes_per_level,2,2,integrator_uniform_replay,91,9,14,8160522,0.6551768779754639,1.2138532400131226,512,256,256,4,0.22791273519396782,0.0,0.032308196648955345,0.11763511039316654,0.07796942815184593,6656,4608,2048,2048,18,32,16,1024,23296,209664,23296
two_nodes_per_level,2,2,integrator_uniform_replay,92,10,14,8160522,0.65480637550354,1.1934765577316284,512,256,256,4,0.21954991109669209,0.0,0.03085958957672119,0.11877136304974556,0.06991895847022533,7168,5120,2048,2048,20,32,16,1024,23552,235520,23552
two_nodes_per_level,2,2,integrator_uniform_replay,93,10,14,8160522,0.6556199789047241,1.2059320211410522,512,256,256,4,0.2234799601137638,0.0,0.03204751946032047,0.12237470597028732,0.06905773468315601,7168,5120,2048,2048,20,32,16,1024,23808,238080,23808
two_nodes_per_level,2,2,integrator_uniform_replay,94,11,14,8160522,0.6454039216041565,1.296562671661377,512,256,256,4,0.2702936511486769,0.0,0.03426928259432316,0.15487609431147575,0.08114827424287796,7680,5632,2048,2048,22,32,16,1024,24064,264704,24064
two_nodes_per_level,2,2,integrator_uniform_replay,95,7,14,8160522,0.66007399559021,1.1718859672546387,512,256,256,4,0.20440652035176754,0.0,0.030973276123404503,0.08804051019251347,0.08539273403584957,5632,3584,2048,2048,14,32,16,1024,24320,170240,24320
two_nodes_per_level,2,2,integrator_uniform_replay,96,8,14,8160522,0.6562092900276184,1.229706883430481,512,256,256,4,0.2345670498907566,0.0,0.03341569937765598,0.10652069747447968,0.09463065303862095,6144,4096,2048,2048,16,32,16,1024,24576,196608,24576
two_nodes_per_level,2,2,integrator_uniform_replay,97,8,14,8160522,0.6647471189498901,1.2205073833465576,512,256,256,4,0.20330837182700634,0.0,0.033135028555989265,0.09554880484938622,0.07462453842163086,6144,4096,2048,2048,16,32,16,1024,24832,198656,24832
two_nodes_per_level,2,2,integrator_uniform_replay,98,9,14,8160522,0.6467235088348389,1.2078874111175537,512,256,256,4,0.21915370225906372,0.0,0.03318832814693451,0.1078251488506794,0.07814022526144981,6656,4608,2048,2048,18,32,16,1024,25088,225792,25088
two_nodes_per_level,2,2,integrator_uniform_replay,99,8,14,8160522,0.6806344985961914,1.1232482194900513,512,256,256,4,0.2166205644607544,0.0,0.03560992330312729,0.09798656962811947,0.08302407152950764,6144,4096,2048,2048,16,32,16,1024,25344,202752,25344
two_nodes_per_level,2,2,integrator_uniform_replay,100,9,14,8160522,0.6723828315734863,1.1206566095352173,512,256,256,4,0.22956645488739014,0.0,0.03448954224586487,0.110210245475173,0.08486666716635227,6656,4608,2048,2048,18,32,16,1024,25600,230400,25600
two_nodes_per_level,2,2,full_replay_integrator_20_epochs,100,9,14,8160522,0.7773047089576721,1.1311085224151611,25600,25600,0,20,15.384746888652444,0.07228775694966316,0.029984256252646446,1.3135065268725157,13.968968348577619,742400,230400,512000,512000,117,4000,4000,51200,25600,230400,25600
two_nodes_per_level,2,3,integrator_uniform_replay,1,1,14,8160522,0.8203125,1.015594482421875,256,256,0,4,0.11246382258832455,0.0697601716965437,0.0,0.011353898793458939,0.031349752098321915,1280,256,1024,1024,1,8,8,512,256,256,256
two_nodes_per_level,2,3,full_replay_integrator_20_epochs,1,1,14,8160522,0.828125,0.8729835748672485,256,256,0,20,0.22001095116138458,0.07165141776204109,0.00028557516634464264,0.009848127141594887,0.13822583109140396,5376,256,5120,5120,1,40,40,512,256,256,256
two_nodes_per_level,2,3,integrator_uniform_replay,2,2,14,8160522,0.779296875,0.9749434590339661,512,256,256,4,0.1241884883493185,0.0,0.0006537418812513351,0.035655440762639046,0.08787930570542812,3072,1024,2048,2048,4,32,16,1024,512,1024,512
two_nodes_per_level,2,3,full_replay_integrator_20_epochs,2,2,14,8160522,0.80078125,1.1344290971755981,512,512,0,20,0.361232640221715,0.06670205667614937,0.00034734979271888733,0.022405071184039116,0.2717781625688076,11264,1024,10240,10240,2,80,80,1024,512,1024,512
two_nodes_per_level,2,3,integrator_uniform_replay,3,2,14,8160522,0.7916666865348816,0.9405672550201416,512,256,256,4,0.11855649389326572,0.0,0.0007240269333124161,0.03606607764959335,0.08176638931035995,3072,1024,2048,2048,4,32,16,1024,768,1536,768
two_nodes_per_level,2,3,integrator_uniform_replay,4,3,14,8160522,0.7744140625,0.9236933588981628,512,256,256,4,0.1319200061261654,0.0,0.0010025035589933395,0.04559921845793724,0.08531828410923481,3584,1536,2048,2048,6,32,16,1024,1024,3072,1024
two_nodes_per_level,2,3,full_replay_integrator_20_epochs,4,3,14,8160522,0.796875,1.2028696537017822,1024,1024,0,20,0.6559464801102877,0.06387071125209332,0.0005495026707649231,0.035617416724562645,0.5559088494628668,23552,3072,20480,20480,3,160,160,2048,1024,3072,1024
two_nodes_per_level,2,3,integrator_uniform_replay,5,3,14,8160522,0.7710937261581421,1.015052318572998,512,256,256,4,0.1284748874604702,0.0,0.0011683609336614609,0.05023992247879505,0.07706660404801369,3584,1536,2048,2048,6,32,16,1024,1280,3840,1280
two_nodes_per_level,2,3,integrator_uniform_replay,6,4,14,8160522,0.7532551884651184,1.039853572845459,512,256,256,4,0.1414337009191513,0.0,0.001173621043562889,0.053484031930565834,0.08677604794502258,4096,2048,2048,2048,8,32,16,1024,1536,6144,1536
two_nodes_per_level,2,3,integrator_uniform_replay,7,3,14,8160522,0.7377232313156128,1.0730973482131958,512,256,256,4,0.12349513359367847,0.0,0.0015247482806444168,0.04360925778746605,0.07836112752556801,3584,1536,2048,2048,6,32,16,1024,1792,5376,1792
two_nodes_per_level,2,3,integrator_uniform_replay,8,4,14,8160522,0.7236328125,1.044390320777893,512,256,256,4,0.13671092316508293,0.0,0.0015441160649061203,0.059109510853886604,0.0760572962462902,4096,2048,2048,2048,8,32,16,1024,2048,8192,2048
two_nodes_per_level,2,3,full_replay_integrator_20_epochs,8,4,14,8160522,0.80126953125,1.0607502460479736,2048,2048,0,20,1.2589548211544752,0.06496184878051281,0.0009451489895582199,0.0682186596095562,1.124829163774848,49152,8192,40960,40960,4,320,320,4096,2048,8192,2048
two_nodes_per_level,2,3,integrator_uniform_replay,9,4,14,8160522,0.7330729365348816,1.0699840784072876,512,256,256,4,0.14715200662612915,0.0,0.0017604772001504898,0.06081552617251873,0.08457600325345993,4096,2048,2048,2048,8,32,16,1024,2304,9216,2304
two_nodes_per_level,2,3,integrator_uniform_replay,10,5,14,8160522,0.7308593988418579,1.0142450332641602,512,256,256,4,0.15136036463081837,0.0,0.0015002395957708359,0.0759832039475441,0.07387692108750343,4608,2560,2048,2048,10,32,16,1024,2560,12800,2560
two_nodes_per_level,2,3,full_replay_integrator_20_epochs,10,5,14,8160522,0.795703113079071,1.0687026977539062,2560,2560,0,20,1.5426467303186655,0.062455132603645325,0.0013838205486536026,0.10118002630770206,1.3776277508586645,64000,12800,51200,51200,10,400,400,5120,2560,12800,2560
two_nodes_per_level,2,3,integrator_uniform_replay,11,4,14,8160522,0.7116477489471436,1.0880621671676636,512,256,256,4,0.13757322914898396,0.0,0.0020588748157024384,0.049248697236180305,0.08626565709710121,4096,2048,2048,2048,8,32,16,1024,2816,11264,2816
two_nodes_per_level,2,3,integrator_uniform_replay,12,5,14,8160522,0.7044270634651184,1.104893445968628,512,256,256,4,0.14319098182022572,0.0,0.0021606609225273132,0.06376195326447487,0.07726836763322353,4608,2560,2048,2048,10,32,16,1024,3072,15360,3072
two_nodes_per_level,2,3,integrator_uniform_replay,13,5,14,8160522,0.7127403616905212,1.0725252628326416,512,256,256,4,0.14808029122650623,0.0,0.0022100023925304413,0.06780997291207314,0.07806031592190266,4608,2560,2048,2048,10,32,16,1024,3328,16640,3328
two_nodes_per_level,2,3,integrator_uniform_replay,14,6,14,8160522,0.6936383843421936,1.1168819665908813,512,256,256,4,0.18013470247387886,0.0,0.002992318943142891,0.09060614183545113,0.08653624169528484,5120,3072,2048,2048,12,32,16,1024,3584,21504,3584
two_nodes_per_level,2,3,integrator_uniform_replay,15,4,14,8160522,0.7244791388511658,1.0506854057312012,512,256,256,4,0.1660458706319332,0.0,0.002842845395207405,0.06604762189090252,0.09715540334582329,4096,2048,2048,2048,8,32,16,1024,3840,15360,3840
two_nodes_per_level,2,3,integrator_uniform_replay,16,5,14,8160522,0.72021484375,1.043747901916504,512,256,256,4,0.16280729323625565,0.0,0.003013579174876213,0.0759127102792263,0.08388100378215313,4608,2560,2048,2048,10,32,16,1024,4096,20480,4096
two_nodes_per_level,2,3,full_replay_integrator_20_epochs,16,5,14,8160522,0.793701171875,1.1249608993530273,4096,4096,0,20,2.4904213901609182,0.06781475245952606,0.0025161951780319214,0.15776772797107697,2.2623227145522833,102400,20480,81920,81920,10,640,640,8192,4096,20480,4096
two_nodes_per_level,2,3,integrator_uniform_replay,17,5,14,8160522,0.6920955777168274,1.107257604598999,512,256,256,4,0.1577965561300516,0.0,0.0028732940554618835,0.07122637145221233,0.0836968906223774,4608,2560,2048,2048,10,32,16,1024,4352,21760,4352
two_nodes_per_level,2,3,integrator_uniform_replay,18,6,14,8160522,0.693359375,1.10610032081604,512,256,256,4,0.15850107371807098,0.0,0.002977624535560608,0.07973927445709705,0.07578417472541332,5120,3072,2048,2048,12,32,16,1024,4608,27648,4608
two_nodes_per_level,2,3,integrator_uniform_replay,19,5,14,8160522,0.6969572305679321,1.1260615587234497,512,256,256,4,0.14669243060052395,0.0,0.003457566723227501,0.064316026866436,0.07891883701086044,4608,2560,2048,2048,10,32,16,1024,4864,24320,4864
two_nodes_per_level,2,3,integrator_uniform_replay,20,6,14,8160522,0.688281238079071,1.1526615619659424,512,256,256,4,0.16360830888152122,0.0,0.003503754734992981,0.08123886957764626,0.07886568456888199,5120,3072,2048,2048,12,32,16,1024,5120,30720,5120
two_nodes_per_level,2,3,integrator_uniform_replay,21,6,14,8160522,0.6966145634651184,1.089111089706421,512,256,256,4,0.15320152789354324,0.0,0.0032664313912391663,0.07325296103954315,0.07668213546276093,5120,3072,2048,2048,12,32,16,1024,5376,32256,5376
two_nodes_per_level,2,3,integrator_uniform_replay,22,7,14,8160522,0.6864346861839294,1.1188431978225708,512,256,256,4,0.167340200394392,0.0,0.0033133402466773987,0.08798537403345108,0.07604148611426353,5632,3584,2048,2048,14,32,16,1024,5632,39424,5632
two_nodes_per_level,2,3,integrator_uniform_replay,23,5,14,8160522,0.667119562625885,1.238512396812439,512,256,256,4,0.14853443391621113,0.0,0.003686200827360153,0.06785908527672291,0.07698914781212807,4608,2560,2048,2048,10,32,16,1024,5888,29440,5888
two_nodes_per_level,2,3,integrator_uniform_replay,24,6,14,8160522,0.673828125,1.16962468624115,512,256,256,4,0.15977525152266026,0.0,0.00369277223944664,0.07819407060742378,0.07788840867578983,5120,3072,2048,2048,12,32,16,1024,6144,36864,6144
two_nodes_per_level,2,3,integrator_uniform_replay,25,6,14,8160522,0.6807812452316284,1.1042481660842896,512,256,256,4,0.15404491312801838,0.0,0.004060784354805946,0.07750172168016434,0.0724824070930481,5120,3072,2048,2048,12,32,16,1024,6400,38400,6400
two_nodes_per_level,2,3,integrator_uniform_replay,26,7,14,8160522,0.6588040590286255,1.2169846296310425,512,256,256,4,0.16931693069636822,0.0,0.004303121939301491,0.08612481690943241,0.07888899184763432,5632,3584,2048,2048,14,32,16,1024,6656,46592,6656
two_nodes_per_level,2,3,full_replay_integrator_20_epochs,26,7,14,8160522,0.7892127633094788,1.132622241973877,6656,6656,0,20,3.935227133333683,0.07249782793223858,0.0029682908207178116,0.2952776923775673,3.5644833222031593,179712,46592,133120,133120,28,1040,1040,13312,6656,46592,6656
two_nodes_per_level,2,3,integrator_uniform_replay,27,6,14,8160522,0.6854745149612427,1.1432135105133057,512,256,256,4,0.15899178944528103,0.0,0.004225453361868858,0.07854044809937477,0.0762258879840374,5120,3072,2048,2048,12,32,16,1024,6912,41472,6912
two_nodes_per_level,2,3,integrator_uniform_replay,28,7,14,8160522,0.6748046875,1.1668177843093872,512,256,256,4,0.17763633467257023,0.0,0.005000360310077667,0.08829678036272526,0.0843391939997673,5632,3584,2048,2048,14,32,16,1024,7168,50176,7168
two_nodes_per_level,2,3,integrator_uniform_replay,29,7,14,8160522,0.6796875,1.136107325553894,512,256,256,4,0.20932521112263203,0.0,0.0057914238423109055,0.09947633557021618,0.10405745171010494,5632,3584,2048,2048,14,32,16,1024,7424,51968,7424
two_nodes_per_level,2,3,integrator_uniform_replay,30,8,14,8160522,0.6778646111488342,1.1855460405349731,512,256,256,4,0.19494519755244255,0.0,0.0065384842455387115,0.1055501364171505,0.08285657688975334,6144,4096,2048,2048,16,32,16,1024,7680,61440,7680
two_nodes_per_level,2,3,integrator_uniform_replay,31,5,14,8160522,0.6890121102333069,1.142346739768982,512,256,256,4,0.15583399683237076,0.0,0.005750875920057297,0.06852749921381474,0.08155562169849873,4608,2560,2048,2048,10,32,16,1024,7936,39680,7936
two_nodes_per_level,2,3,integrator_uniform_replay,32,6,14,8160522,0.662353515625,1.253884196281433,512,256,256,4,0.15529791824519634,0.0,0.005287976935505867,0.07581057772040367,0.0741993635892868,5120,3072,2048,2048,12,32,16,1024,8192,49152,8192
two_nodes_per_level,2,3,integrator_uniform_replay,33,6,14,8160522,0.6876183748245239,1.1567567586898804,512,256,256,4,0.16371002420783043,0.0,0.005927400663495064,0.07823303528130054,0.07954958826303482,5120,3072,2048,2048,12,32,16,1024,8448,50688,8448
two_nodes_per_level,2,3,integrator_uniform_replay,34,7,14,8160522,0.6714154481887817,1.2210490703582764,512,256,256,4,0.16691523790359497,0.0,0.006237121298909187,0.08467456139624119,0.0760035552084446,5632,3584,2048,2048,14,32,16,1024,8704,60928,8704
two_nodes_per_level,2,3,integrator_uniform_replay,35,6,14,8160522,0.663281261920929,1.2317190170288086,512,256,256,4,0.18811263516545296,0.0,0.007356999441981316,0.08453871496021748,0.09621692076325417,5120,3072,2048,2048,12,32,16,1024,8960,53760,8960
two_nodes_per_level,2,3,integrator_uniform_replay,36,7,14,8160522,0.6668837070465088,1.218064308166504,512,256,256,4,0.18169426172971725,0.0,0.007343363016843796,0.08933000639081001,0.08502089232206345,5632,3584,2048,2048,14,32,16,1024,9216,64512,9216
two_nodes_per_level,2,3,integrator_uniform_replay,37,7,14,8160522,0.6961570978164673,1.1295828819274902,512,256,256,4,0.1833440475165844,0.0,0.006343811750411987,0.08924260921776295,0.08775762654840946,5632,3584,2048,2048,14,32,16,1024,9472,66304,9472
two_nodes_per_level,2,3,integrator_uniform_replay,38,8,14,8160522,0.6831825375556946,1.1550581455230713,512,256,256,4,0.18364611826837063,0.0,0.006564611569046974,0.09965779259800911,0.07742371410131454,6144,4096,2048,2048,16,32,16,1024,9728,77824,9728
two_nodes_per_level,2,3,integrator_uniform_replay,39,6,14,8160522,0.6922075152397156,1.1775363683700562,512,256,256,4,0.16037552803754807,0.0,0.008113760501146317,0.0734039843082428,0.07885778322815895,5120,3072,2048,2048,12,32,16,1024,9984,59904,9984
two_nodes_per_level,2,3,integrator_uniform_replay,40,7,14,8160522,0.6688476800918579,1.2059152126312256,512,256,256,4,0.1749046240001917,0.0,0.008558375760912895,0.0834463108330965,0.08289993740618229,5632,3584,2048,2048,14,32,16,1024,10240,71680,10240
two_nodes_per_level,2,3,integrator_uniform_replay,41,7,14,8160522,0.6711127758026123,1.1947306394577026,512,256,256,4,0.1801028810441494,0.0,0.008557040244340897,0.09096076525747776,0.08058507554233074,5632,3584,2048,2048,14,32,16,1024,10496,73472,10496
two_nodes_per_level,2,3,full_replay_integrator_20_epochs,41,7,14,8160522,0.7856326103210449,1.1982090473175049,10496,10496,0,20,6.257329782471061,0.07002503611147404,0.006016111001372337,0.4557706117630005,5.725518023595214,283392,73472,209920,209920,42,1640,1640,20992,10496,73472,10496
two_nodes_per_level,2,3,integrator_uniform_replay,42,8,14,8160522,0.6629464030265808,1.2394294738769531,512,256,256,4,0.19361390359699726,0.0,0.00755578838288784,0.10463711991906166,0.08142099529504776,6144,4096,2048,2048,16,32,16,1024,10752,86016,10752
two_nodes_per_level,2,3,integrator_uniform_replay,43,7,14,8160522,0.6797783374786377,1.188234806060791,512,256,256,4,0.17501227371394634,0.0,0.007844505831599236,0.08772141858935356,0.07944634929299355,5632,3584,2048,2048,14,32,16,1024,11008,77056,11008
two_nodes_per_level,2,3,integrator_uniform_replay,44,8,14,8160522,0.6838600635528564,1.160632610321045,512,256,256,4,0.18567244336009026,0.0,0.012809710577130318,0.09087839722633362,0.08198433555662632,6144,4096,2048,2048,16,32,16,1024,11264,90112,11264
two_nodes_per_level,2,3,integrator_uniform_replay,45,8,14,8160522,0.6779513955116272,1.1414145231246948,512,256,256,4,0.18974167853593826,0.0,0.014869814738631248,0.09744244813919067,0.07742941565811634,6144,4096,2048,2048,16,32,16,1024,11520,92160,11520
two_nodes_per_level,2,3,integrator_uniform_replay,46,9,14,8160522,0.6828294992446899,1.147068977355957,512,256,256,4,0.21704495139420033,0.0,0.014186093583703041,0.12106508389115334,0.08179377391934395,6656,4608,2048,2048,18,32,16,1024,11776,105984,11776
two_nodes_per_level,2,3,integrator_uniform_replay,47,6,14,8160522,0.6819314956665039,1.1774852275848389,512,256,256,4,0.17070135287940502,0.0,0.009905625134706497,0.07927744463086128,0.08151828311383724,5120,3072,2048,2048,12,32,16,1024,12032,72192,12032
two_nodes_per_level,2,3,integrator_uniform_replay,48,7,14,8160522,0.657470703125,1.2918810844421387,512,256,256,4,0.19270039163529873,0.0,0.015743186697363853,0.09081134386360645,0.08614586107432842,5632,3584,2048,2048,14,32,16,1024,12288,86016,12288
two_nodes_per_level,2,3,integrator_uniform_replay,49,7,14,8160522,0.6698023080825806,1.1642935276031494,512,256,256,4,0.1742188222706318,0.0,0.013367608189582825,0.08216369710862637,0.0786875169724226,5632,3584,2048,2048,14,32,16,1024,12544,87808,12544
two_nodes_per_level,2,3,integrator_uniform_replay,50,8,14,8160522,0.6548437476158142,1.2358098030090332,512,256,256,4,0.1830898392945528,0.0,0.01416325569152832,0.09388459846377373,0.07504198513925076,6144,4096,2048,2048,16,32,16,1024,12800,102400,12800
two_nodes_per_level,2,3,integrator_uniform_replay,51,7,14,8160522,0.6984528303146362,1.086252212524414,512,256,256,4,0.17951754480600357,0.0,0.009249348193407059,0.08948306925594807,0.08078512735664845,5632,3584,2048,2048,14,32,16,1024,13056,91392,13056
two_nodes_per_level,2,3,integrator_uniform_replay,52,8,14,8160522,0.663987398147583,1.2126381397247314,512,256,256,4,0.20278525166213512,0.0,0.011816537007689476,0.1115148700773716,0.07945384457707405,6144,4096,2048,2048,16,32,16,1024,13312,106496,13312
two_nodes_per_level,2,3,integrator_uniform_replay,53,8,14,8160522,0.6622199416160583,1.1631808280944824,512,256,256,4,0.20124123245477676,0.0,0.016313821077346802,0.10444631241261959,0.08048109896481037,6144,4096,2048,2048,16,32,16,1024,13568,108544,13568
two_nodes_per_level,2,3,integrator_uniform_replay,54,9,14,8160522,0.6687644720077515,1.1626766920089722,512,256,256,4,0.21887614764273167,0.0,0.015456993132829666,0.11827397532761097,0.08514517918229103,6656,4608,2048,2048,18,32,16,1024,13824,124416,13824
two_nodes_per_level,2,3,integrator_uniform_replay,55,7,14,8160522,0.6993607878684998,1.0950394868850708,512,256,256,4,0.1792221050709486,0.0,0.01635035313665867,0.0857650600373745,0.07710669189691544,5632,3584,2048,2048,14,32,16,1024,14080,98560,14080
two_nodes_per_level,2,3,integrator_uniform_replay,56,8,14,8160522,0.6707589030265808,1.1860252618789673,512,256,256,4,0.1946636326611042,0.0,0.014639325439929962,0.10115687549114227,0.07886743173003197,6144,4096,2048,2048,16,32,16,1024,14336,114688,14336
two_nodes_per_level,2,3,integrator_uniform_replay,57,8,14,8160522,0.6652960777282715,1.131162166595459,512,256,256,4,0.20781427435576916,0.0,0.017597012221813202,0.10885835252702236,0.0813589096069336,6144,4096,2048,2048,16,32,16,1024,14592,116736,14592
two_nodes_per_level,2,3,integrator_uniform_replay,58,9,14,8160522,0.6629175543785095,1.1984299421310425,512,256,256,4,0.22547733038663864,0.0,0.020734278485178947,0.12567323446273804,0.07906981743872166,6656,4608,2048,2048,18,32,16,1024,14848,133632,14848
two_nodes_per_level,2,3,integrator_uniform_replay,59,8,14,8160522,0.6757150292396545,1.1741392612457275,512,256,256,4,0.2014849204570055,0.0,0.020664826035499573,0.0998691488057375,0.08095094561576843,6144,4096,2048,2048,16,32,16,1024,15104,120832,15104
two_nodes_per_level,2,3,integrator_uniform_replay,60,9,14,8160522,0.6565104126930237,1.2331808805465698,512,256,256,4,0.2041866946965456,0.0,0.01952229253947735,0.10950693488121033,0.07515746727585793,6656,4608,2048,2048,18,32,16,1024,15360,138240,15360
two_nodes_per_level,2,3,integrator_uniform_replay,61,9,14,8160522,0.6566982865333557,1.2204205989837646,512,256,256,4,0.2315286062657833,0.0,0.020572207868099213,0.12855518609285355,0.08240121230483055,6656,4608,2048,2048,18,32,16,1024,15616,140544,15616
two_nodes_per_level,2,3,integrator_uniform_replay,62,10,14,8160522,0.6553679704666138,1.1848955154418945,512,256,256,4,0.22874427028000355,0.0,0.022058997303247452,0.11911371909081936,0.08757155388593674,7168,5120,2048,2048,20,32,16,1024,15872,158720,15872
two_nodes_per_level,2,3,integrator_uniform_replay,63,6,14,8160522,0.6746651530265808,1.1635007858276367,512,256,256,4,0.17855545319616795,0.0,0.022081678733229637,0.0754790585488081,0.08099471591413021,5120,3072,2048,2048,12,32,16,1024,16128,96768,16128
two_nodes_per_level,2,3,integrator_uniform_replay,64,7,14,8160522,0.66644287109375,1.1758837699890137,512,256,256,4,0.18884046375751495,0.0,0.020682839676737785,0.08861673064529896,0.07954089343547821,5632,3584,2048,2048,14,32,16,1024,16384,114688,16384
two_nodes_per_level,2,3,integrator_uniform_replay,65,7,14,8160522,0.674098551273346,1.134145975112915,512,256,256,4,0.18854457885026932,0.0,0.018393635749816895,0.09031261317431927,0.07983832992613316,5632,3584,2048,2048,14,32,16,1024,16640,116480,16640
two_nodes_per_level,2,3,integrator_uniform_replay,66,8,14,8160522,0.6638257503509521,1.2174372673034668,512,256,256,4,0.1938871406018734,0.0,0.019234362989664078,0.106928875669837,0.06772390194237232,6144,4096,2048,2048,16,32,16,1024,16896,135168,16896
two_nodes_per_level,2,3,full_replay_integrator_20_epochs,66,8,14,8160522,0.7906605005264282,1.0721286535263062,16896,16896,0,20,10.213368404656649,0.06677314452826977,0.016173476353287697,0.8134082686156034,9.317013515159488,473088,135168,337920,337920,72,2640,2640,33792,16896,135168,16896
two_nodes_per_level,2,3,integrator_uniform_replay,67,7,14,8160522,0.7126865386962891,1.0481973886489868,512,256,256,4,0.19462043792009354,0.0,0.021893924102187157,0.09621498174965382,0.07651153206825256,5632,3584,2048,2048,14,32,16,1024,17152,120064,17152
two_nodes_per_level,2,3,integrator_uniform_replay,68,8,14,8160522,0.686638355255127,1.1290521621704102,512,256,256,4,0.19436482526361942,0.0,0.022317873314023018,0.09421852417290211,0.0778284277766943,6144,4096,2048,2048,16,32,16,1024,17408,139264,17408
two_nodes_per_level,2,3,integrator_uniform_replay,69,8,14,8160522,0.6868206262588501,1.149308204650879,512,256,256,4,0.19912549294531345,0.0,0.022541215643286705,0.10025883838534355,0.0763254389166832,6144,4096,2048,2048,16,32,16,1024,17664,141312,17664
two_nodes_per_level,2,3,integrator_uniform_replay,70,9,14,8160522,0.6842076182365417,1.1300386190414429,512,256,256,4,0.22214907966554165,0.0,0.024892067536711693,0.11483823508024216,0.0824187770485878,6656,4608,2048,2048,18,32,16,1024,17920,161280,17920
two_nodes_per_level,2,3,integrator_uniform_replay,71,7,14,8160522,0.6913512349128723,1.1295781135559082,512,256,256,4,0.18636960722506046,0.0,0.023782772943377495,0.08604368939995766,0.07654314488172531,5632,3584,2048,2048,14,32,16,1024,18176,127232,18176
two_nodes_per_level,2,3,integrator_uniform_replay,72,8,14,8160522,0.6877170205116272,1.1007683277130127,512,256,256,4,0.21787339635193348,0.0,0.025246920064091682,0.1121517475694418,0.0804747287184,6144,4096,2048,2048,16,32,16,1024,18432,147456,18432
two_nodes_per_level,2,3,integrator_uniform_replay,73,8,14,8160522,0.7039276361465454,1.0652512311935425,512,256,256,4,0.22293821536004543,0.0,0.027889123186469078,0.11032922007143497,0.08471987210214138,6144,4096,2048,2048,16,32,16,1024,18688,149504,18688
two_nodes_per_level,2,3,integrator_uniform_replay,74,9,14,8160522,0.6747255325317383,1.1484532356262207,512,256,256,4,0.24032172560691833,0.0,0.025837723165750504,0.11138567328453064,0.10309832915663719,6656,4608,2048,2048,18,32,16,1024,18944,170496,18944
two_nodes_per_level,2,3,integrator_uniform_replay,75,8,14,8160522,0.6903125047683716,1.1190094947814941,512,256,256,4,0.22982566244900227,0.0,0.02858763188123703,0.11948761716485023,0.081750413402915,6144,4096,2048,2048,16,32,16,1024,19200,153600,19200
two_nodes_per_level,2,3,integrator_uniform_replay,76,9,14,8160522,0.6817948222160339,1.12270987033844,512,256,256,4,0.22039362974464893,0.0,0.027331676334142685,0.1131061501801014,0.07995580323040485,6656,4608,2048,2048,18,32,16,1024,19456,175104,19456
two_nodes_per_level,2,3,integrator_uniform_replay,77,9,14,8160522,0.6759334206581116,1.15166437625885,512,256,256,4,0.23382890224456787,0.0,0.029515758156776428,0.11410287953913212,0.09021026454865932,6656,4608,2048,2048,18,32,16,1024,19712,177408,19712
two_nodes_per_level,2,3,integrator_uniform_replay,78,10,14,8160522,0.6547976732254028,1.1948262453079224,512,256,256,4,0.22638727724552155,0.0,0.02823796682059765,0.12242593616247177,0.07572337426245213,7168,5120,2048,2048,20,32,16,1024,19968,199680,19968
two_nodes_per_level,2,3,integrator_uniform_replay,79,7,14,8160522,0.693532407283783,1.0517441034317017,512,256,256,4,0.19447562284767628,0.0,0.027838267385959625,0.09112250618636608,0.07551484927535057,5632,3584,2048,2048,14,32,16,1024,20224,141568,20224
two_nodes_per_level,2,3,integrator_uniform_replay,80,8,14,8160522,0.685546875,1.0803189277648926,512,256,256,4,0.21466594003140926,0.0,0.028139600530266762,0.10757101885974407,0.07895532064139843,6144,4096,2048,2048,16,32,16,1024,20480,163840,20480
two_nodes_per_level,2,3,integrator_uniform_replay,81,8,14,8160522,0.6853298544883728,1.0870038270950317,512,256,256,4,0.2161277700215578,0.0,0.028840893879532814,0.10936224460601807,0.07792463153600693,6144,4096,2048,2048,16,32,16,1024,20736,165888,20736
two_nodes_per_level,2,3,integrator_uniform_replay,82,9,14,8160522,0.6714462637901306,1.19832444190979,512,256,256,4,0.2228312138468027,0.0,0.030171623453497887,0.11132445186376572,0.08133513852953911,6656,4608,2048,2048,18,32,16,1024,20992,188928,20992
two_nodes_per_level,2,3,integrator_uniform_replay,83,8,14,8160522,0.6910768151283264,1.114998698234558,512,256,256,4,0.20776471309363842,0.0,0.028527215123176575,0.09972039796411991,0.07951710000634193,6144,4096,2048,2048,16,32,16,1024,21248,169984,21248
two_nodes_per_level,2,3,integrator_uniform_replay,84,9,14,8160522,0.6688523292541504,1.1712018251419067,512,256,256,4,0.22168880887329578,0.0,0.029378797858953476,0.1161179319024086,0.07619207911193371,6656,4608,2048,2048,18,32,16,1024,21504,193536,21504
two_nodes_per_level,2,3,integrator_uniform_replay,85,9,14,8160522,0.6697150468826294,1.1615750789642334,512,256,256,4,0.21742153726518154,0.0,0.029583284631371498,0.10663766227662563,0.08120059035718441,6656,4608,2048,2048,18,32,16,1024,21760,195840,21760
two_nodes_per_level,2,3,integrator_uniform_replay,86,10,14,8160522,0.669376790523529,1.1601371765136719,512,256,256,4,0.22338109277188778,0.0,0.027844468131661415,0.12160594761371613,0.07393067702651024,7168,5120,2048,2048,20,32,16,1024,22016,220160,22016
two_nodes_per_level,2,3,integrator_uniform_replay,87,8,14,8160522,0.7045617699623108,1.0764576196670532,512,256,256,4,0.19602548331022263,0.0,0.02847469598054886,0.09534162282943726,0.07220916450023651,6144,4096,2048,2048,16,32,16,1024,22272,178176,22272
two_nodes_per_level,2,3,integrator_uniform_replay,88,9,14,8160522,0.6787996888160706,1.1781927347183228,512,256,256,4,0.2334203291684389,0.0,0.03165118768811226,0.11744371801614761,0.08432542346417904,6656,4608,2048,2048,18,32,16,1024,22528,202752,22528
two_nodes_per_level,2,3,integrator_uniform_replay,89,9,14,8160522,0.6708216071128845,1.1774812936782837,512,256,256,4,0.22932076826691628,0.0,0.03440297022461891,0.11011111736297607,0.08480668067932129,6656,4608,2048,2048,18,32,16,1024,22784,205056,22784
two_nodes_per_level,2,3,integrator_uniform_replay,90,10,14,8160522,0.6547743082046509,1.2487672567367554,512,256,256,4,0.23639851808547974,0.0,0.03148030489683151,0.12968967854976654,0.07522853463888168,7168,5120,2048,2048,20,32,16,1024,23040,230400,23040
two_nodes_per_level,2,3,integrator_uniform_replay,91,9,14,8160522,0.6833361983299255,1.1931006908416748,512,256,256,4,0.21307783015072346,0.0,0.03165445290505886,0.10645090602338314,0.07497247122228146,6656,4608,2048,2048,18,32,16,1024,23296,209664,23296
two_nodes_per_level,2,3,integrator_uniform_replay,92,10,14,8160522,0.6622791886329651,1.186263084411621,512,256,256,4,0.24506982415914536,0.0,0.03252212330698967,0.12719403021037579,0.0853536706417799,7168,5120,2048,2048,20,32,16,1024,23552,235520,23552
two_nodes_per_level,2,3,integrator_uniform_replay,93,10,14,8160522,0.6693548560142517,1.1593679189682007,512,256,256,4,0.23486937396228313,0.0,0.03299643658101559,0.12085638381540775,0.0810165535658598,7168,5120,2048,2048,20,32,16,1024,23808,238080,23808
two_nodes_per_level,2,3,integrator_uniform_replay,94,11,14,8160522,0.6492270827293396,1.2402846813201904,512,256,256,4,0.2527495287358761,0.0,0.0365477092564106,0.13329997286200523,0.08290184661746025,7680,5632,2048,2048,22,32,16,1024,24064,264704,24064
two_nodes_per_level,2,3,integrator_uniform_replay,95,7,14,8160522,0.6625822186470032,1.1743024587631226,512,256,256,4,0.2053221222013235,0.0,0.03405650146305561,0.08714408427476883,0.08412153646349907,5632,3584,2048,2048,14,32,16,1024,24320,170240,24320
two_nodes_per_level,2,3,integrator_uniform_replay,96,8,14,8160522,0.664306640625,1.1728438138961792,512,256,256,4,0.23970377258956432,0.0,0.03461417369544506,0.12035929597914219,0.08473030291497707,6144,4096,2048,2048,16,32,16,1024,24576,196608,24576
two_nodes_per_level,2,3,integrator_uniform_replay,97,8,14,8160522,0.663740336894989,1.209101676940918,512,256,256,4,0.2259891014546156,0.0,0.033839890733361244,0.11353240348398685,0.0786168072372675,6144,4096,2048,2048,16,32,16,1024,24832,198656,24832
two_nodes_per_level,2,3,integrator_uniform_replay,98,9,14,8160522,0.6482780575752258,1.259358286857605,512,256,256,4,0.22344844043254852,0.0,0.0351505633443594,0.10595248825848103,0.0823453888297081,6656,4608,2048,2048,18,32,16,1024,25088,225792,25088
two_nodes_per_level,2,3,integrator_uniform_replay,99,8,14,8160522,0.6733348965644836,1.1991633176803589,512,256,256,4,0.20533163100481033,0.0,0.033467741683125496,0.09454586915671825,0.07731802016496658,6144,4096,2048,2048,16,32,16,1024,25344,202752,25344
two_nodes_per_level,2,3,integrator_uniform_replay,100,9,14,8160522,0.6695703268051147,1.1741772890090942,512,256,256,4,0.22534926794469357,0.0,0.03444555215537548,0.1091434396803379,0.08176027610898018,6656,4608,2048,2048,18,32,16,1024,25600,230400,25600
two_nodes_per_level,2,3,full_replay_integrator_20_epochs,100,9,14,8160522,0.78515625,1.0811285972595215,25600,25600,0,20,15.350500743836164,0.07772013358771801,0.029975110664963722,1.322893425822258,13.919912073761225,742400,230400,512000,512000,117,4000,4000,51200,25600,230400,25600
two_nodes_per_level,2,4,integrator_uniform_replay,1,1,14,8160522,0.86328125,0.9046225547790527,256,256,0,4,0.1070090550929308,0.06426598131656647,0.0,0.010696230456233025,0.0320468433201313,1280,256,1024,1024,1,8,8,512,256,256,256
two_nodes_per_level,2,4,full_replay_integrator_20_epochs,1,1,14,8160522,0.8359375,0.88790363073349,256,256,0,20,0.21962680853903294,0.06135483272373676,0.00028375163674354553,0.010109946131706238,0.1478782780468464,5376,256,5120,5120,1,40,40,512,256,256,256
two_nodes_per_level,2,4,integrator_uniform_replay,2,2,14,8160522,0.791015625,0.8821735978126526,512,256,256,4,0.13624925352633,0.0,0.0006738621741533279,0.038247039541602135,0.09732835181057453,3072,1024,2048,2048,4,32,16,1024,512,1024,512
two_nodes_per_level,2,4,full_replay_integrator_20_epochs,2,2,14,8160522,0.833984375,1.0267854928970337,512,512,0,20,0.3896664325147867,0.06819356046617031,0.00042763352394104004,0.02726878598332405,0.2937764525413513,11264,1024,10240,10240,2,80,80,1024,512,1024,512
two_nodes_per_level,2,4,integrator_uniform_replay,3,2,14,8160522,0.7643229365348816,0.8728704452514648,512,256,256,4,0.11417721398174763,0.0,0.000766729936003685,0.03526937775313854,0.0781411062926054,3072,1024,2048,2048,4,32,16,1024,768,1536,768
two_nodes_per_level,2,4,integrator_uniform_replay,4,3,14,8160522,0.732421875,0.9921526312828064,512,256,256,4,0.12348620593547821,0.0,0.0009386166930198669,0.044280583038926125,0.07826700620353222,3584,1536,2048,2048,6,32,16,1024,1024,3072,1024
two_nodes_per_level,2,4,full_replay_integrator_20_epochs,4,3,14,8160522,0.8076171875,0.9944137930870056,1024,1024,0,20,0.6636161524802446,0.07888894900679588,0.0005967356264591217,0.03743705898523331,0.5466934088617563,23552,3072,20480,20480,3,160,160,2048,1024,3072,1024
two_nodes_per_level,2,4,integrator_uniform_replay,5,3,14,8160522,0.7210937738418579,1.0279059410095215,512,256,256,4,0.1324303150177002,0.0,0.0011600572615861893,0.04552127420902252,0.08574898354709148,3584,1536,2048,2048,6,32,16,1024,1280,3840,1280
two_nodes_per_level,2,4,integrator_uniform_replay,6,4,14,8160522,0.6979166865348816,1.073386788368225,512,256,256,4,0.132953193038702,0.0,0.001188088208436966,0.05448264442384243,0.07728246040642262,4096,2048,2048,2048,8,32,16,1024,1536,6144,1536
two_nodes_per_level,2,4,integrator_uniform_replay,7,3,14,8160522,0.6858258843421936,1.1976912021636963,512,256,256,4,0.1276318673044443,0.0,0.0014468692243099213,0.04402603209018707,0.08215896598994732,3584,1536,2048,2048,6,32,16,1024,1792,5376,1792
two_nodes_per_level,2,4,integrator_uniform_replay,8,4,14,8160522,0.7001953125,1.1342260837554932,512,256,256,4,0.14913434721529484,0.0,0.0016776900738477707,0.06093621626496315,0.08652044087648392,4096,2048,2048,2048,8,32,16,1024,2048,8192,2048
two_nodes_per_level,2,4,full_replay_integrator_20_epochs,8,4,14,8160522,0.78759765625,1.2317681312561035,2048,2048,0,20,1.2907152958214283,0.06365175917744637,0.00103774294257164,0.07902739942073822,1.146998394280672,49152,8192,40960,40960,4,320,320,4096,2048,8192,2048
two_nodes_per_level,2,4,integrator_uniform_replay,9,4,14,8160522,0.7161458134651184,1.0904994010925293,512,256,256,4,0.13114840723574162,0.0,0.0014749057590961456,0.05296919867396355,0.07670430280268192,4096,2048,2048,2048,8,32,16,1024,2304,9216,2304
two_nodes_per_level,2,4,integrator_uniform_replay,10,5,14,8160522,0.705078125,1.1157293319702148,512,256,256,4,0.1491631343960762,0.0,0.001779915764927864,0.06780521757900715,0.07957800105214119,4608,2560,2048,2048,10,32,16,1024,2560,12800,2560
two_nodes_per_level,2,4,full_replay_integrator_20_epochs,10,5,14,8160522,0.792187511920929,1.0537457466125488,2560,2560,0,20,1.5799617506563663,0.06384290382266045,0.001460036262869835,0.1105777882039547,1.4040810223668814,64000,12800,51200,51200,10,400,400,5120,2560,12800,2560
two_nodes_per_level,2,4,integrator_uniform_replay,11,4,14,8160522,0.6555397510528564,1.291919231414795,512,256,256,4,0.14420432224869728,0.0,0.002119841054081917,0.059195276349782944,0.08288920484483242,4096,2048,2048,2048,8,32,16,1024,2816,11264,2816
two_nodes_per_level,2,4,integrator_uniform_replay,12,5,14,8160522,0.6979166865348816,1.132513403892517,512,256,256,4,0.1472457218915224,0.0,0.0020012352615594864,0.06707597710192204,0.07816850952804089,4608,2560,2048,2048,10,32,16,1024,3072,15360,3072
two_nodes_per_level,2,4,integrator_uniform_replay,13,5,14,8160522,0.6968148946762085,1.1361322402954102,512,256,256,4,0.13399913161993027,0.0,0.00209772028028965,0.06233607605099678,0.06956533528864384,4608,2560,2048,2048,10,32,16,1024,3328,16640,3328
two_nodes_per_level,2,4,integrator_uniform_replay,14,6,14,8160522,0.669921875,1.2080543041229248,512,256,256,4,0.15940146148204803,0.0,0.00218253955245018,0.07621900178492069,0.08099992014467716,5120,3072,2048,2048,12,32,16,1024,3584,21504,3584
two_nodes_per_level,2,4,integrator_uniform_replay,15,4,14,8160522,0.6989583373069763,1.1414000988006592,512,256,256,4,0.13897442258894444,0.0,0.0027649588882923126,0.05298585072159767,0.08322361297905445,4096,2048,2048,2048,8,32,16,1024,3840,15360,3840
two_nodes_per_level,2,4,integrator_uniform_replay,16,5,14,8160522,0.70751953125,1.1205700635910034,512,256,256,4,0.1610496062785387,0.0,0.0025977902114391327,0.0690121166408062,0.08943969942629337,4608,2560,2048,2048,10,32,16,1024,4096,20480,4096
two_nodes_per_level,2,4,full_replay_integrator_20_epochs,16,5,14,8160522,0.78955078125,1.176596760749817,4096,4096,0,20,2.414698166772723,0.05968446843326092,0.0019111838191747665,0.14660451747477055,2.206497997045517,102400,20480,81920,81920,10,640,640,8192,4096,20480,4096
two_nodes_per_level,2,4,integrator_uniform_replay,17,5,14,8160522,0.6909466981887817,1.182651400566101,512,256,256,4,0.15497766248881817,0.0,0.0034294631332159042,0.06632764264941216,0.08522055670619011,4608,2560,2048,2048,10,32,16,1024,4352,21760,4352
two_nodes_per_level,2,4,integrator_uniform_replay,18,6,14,8160522,0.6688368320465088,1.1632189750671387,512,256,256,4,0.17408007755875587,0.0,0.00311904214322567,0.08072437718510628,0.09023665823042393,5120,3072,2048,2048,12,32,16,1024,4608,27648,4608
two_nodes_per_level,2,4,integrator_uniform_replay,19,5,14,8160522,0.6981908082962036,1.0761957168579102,512,256,256,4,0.1507065910845995,0.0,0.0029837340116500854,0.0719679556787014,0.07575490139424801,4608,2560,2048,2048,10,32,16,1024,4864,24320,4864
two_nodes_per_level,2,4,integrator_uniform_replay,20,6,14,8160522,0.6761718988418579,1.1436243057250977,512,256,256,4,0.17551414109766483,0.0,0.0033358819782733917,0.08188588544726372,0.09029237367212772,5120,3072,2048,2048,12,32,16,1024,5120,30720,5120
two_nodes_per_level,2,4,integrator_uniform_replay,21,6,14,8160522,0.6709449291229248,1.1981158256530762,512,256,256,4,0.18404748104512691,0.0,0.004165511578321457,0.08747492544353008,0.09240704402327538,5120,3072,2048,2048,12,32,16,1024,5376,32256,5376
two_nodes_per_level,2,4,integrator_uniform_replay,22,7,14,8160522,0.6384943127632141,1.2414460182189941,512,256,256,4,0.18951421417295933,0.0,0.004164958372712135,0.096210777759552,0.08913847804069519,5632,3584,2048,2048,14,32,16,1024,5632,39424,5632
two_nodes_per_level,2,4,integrator_uniform_replay,23,5,14,8160522,0.6659306883811951,1.1917140483856201,512,256,256,4,0.15038801729679108,0.0,0.004300447180867195,0.0630937460809946,0.08299382403492928,4608,2560,2048,2048,10,32,16,1024,5888,29440,5888
two_nodes_per_level,2,4,integrator_uniform_replay,24,6,14,8160522,0.6652018427848816,1.2140934467315674,512,256,256,4,0.1617901623249054,0.0,0.0049056075513362885,0.07983448542654514,0.07705006934702396,5120,3072,2048,2048,12,32,16,1024,6144,36864,6144
two_nodes_per_level,2,4,integrator_uniform_replay,25,6,14,8160522,0.6468750238418579,1.237576961517334,512,256,256,4,0.16193127445876598,0.0,0.004547037184238434,0.07931845635175705,0.0780657809227705,5120,3072,2048,2048,12,32,16,1024,6400,38400,6400
two_nodes_per_level,2,4,integrator_uniform_replay,26,7,14,8160522,0.681640625,1.1396043300628662,512,256,256,4,0.17950786277651787,0.0,0.004119284451007843,0.0925049427896738,0.08288363553583622,5632,3584,2048,2048,14,32,16,1024,6656,46592,6656
two_nodes_per_level,2,4,full_replay_integrator_20_epochs,26,7,14,8160522,0.7863581776618958,1.1410129070281982,6656,6656,0,20,3.978587344288826,0.06199930049479008,0.0034587178379297256,0.2888875585049391,3.624241767451167,179712,46592,133120,133120,28,1040,1040,13312,6656,46592,6656
two_nodes_per_level,2,4,integrator_uniform_replay,27,6,14,8160522,0.6899594664573669,1.159050464630127,512,256,256,4,0.15287765860557556,0.0,0.005466273054480553,0.07475992850959301,0.072651457041502,5120,3072,2048,2048,12,32,16,1024,6912,41472,6912
two_nodes_per_level,2,4,integrator_uniform_replay,28,7,14,8160522,0.6657366156578064,1.1982418298721313,512,256,256,4,0.18597558699548244,0.0,0.004169860854744911,0.08944199420511723,0.09236373193562031,5632,3584,2048,2048,14,32,16,1024,7168,50176,7168
two_nodes_per_level,2,4,integrator_uniform_replay,29,7,14,8160522,0.6425107717514038,1.2903650999069214,512,256,256,4,0.1787748821079731,0.0,0.004771754145622253,0.09399518370628357,0.08000794425606728,5632,3584,2048,2048,14,32,16,1024,7424,51968,7424
two_nodes_per_level,2,4,integrator_uniform_replay,30,8,14,8160522,0.646484375,1.2779053449630737,512,256,256,4,0.1956207286566496,0.0,0.0058075133711099625,0.10335015505552292,0.08646306023001671,6144,4096,2048,2048,16,32,16,1024,7680,61440,7680
two_nodes_per_level,2,4,integrator_uniform_replay,31,5,14,8160522,0.6966986060142517,1.1083595752716064,512,256,256,4,0.1399831399321556,0.0,0.005728382617235184,0.06132006086409092,0.0729346964508295,4608,2560,2048,2048,10,32,16,1024,7936,39680,7936
two_nodes_per_level,2,4,integrator_uniform_replay,32,6,14,8160522,0.6951904296875,1.0684733390808105,512,256,256,4,0.16841251216828823,0.0,0.006127702072262764,0.0789578314870596,0.08332697860896587,5120,3072,2048,2048,12,32,16,1024,8192,49152,8192
two_nodes_per_level,2,4,integrator_uniform_replay,33,6,14,8160522,0.6928266882896423,1.161588191986084,512,256,256,4,0.17193718254566193,0.0,0.006757922470569611,0.08389673940837383,0.08128252066671848,5120,3072,2048,2048,12,32,16,1024,8448,50688,8448
two_nodes_per_level,2,4,integrator_uniform_replay,34,7,14,8160522,0.6906020045280457,1.106696367263794,512,256,256,4,0.17122378386557102,0.0,0.005519695580005646,0.08976136334240437,0.07594272494316101,5632,3584,2048,2048,14,32,16,1024,8704,60928,8704
two_nodes_per_level,2,4,integrator_uniform_replay,35,6,14,8160522,0.6969866156578064,1.108292818069458,512,256,256,4,0.17608099058270454,0.0,0.0067152101546525955,0.07988785766065121,0.08947792276740074,5120,3072,2048,2048,12,32,16,1024,8960,53760,8960
two_nodes_per_level,2,4,integrator_uniform_replay,36,7,14,8160522,0.6805555820465088,1.222639560699463,512,256,256,4,0.18705269508063793,0.0,0.007190857082605362,0.09309319406747818,0.08676864393055439,5632,3584,2048,2048,14,32,16,1024,9216,64512,9216
two_nodes_per_level,2,4,integrator_uniform_replay,37,7,14,8160522,0.6826435923576355,1.148919939994812,512,256,256,4,0.1928812339901924,0.0,0.007062850520014763,0.1012374684214592,0.08458091504871845,5632,3584,2048,2048,14,32,16,1024,9472,66304,9472
two_nodes_per_level,2,4,integrator_uniform_replay,38,8,14,8160522,0.6370271444320679,1.286067247390747,512,256,256,4,0.20094574615359306,0.0,0.007349235936999321,0.10735386982560158,0.08624264039099216,6144,4096,2048,2048,16,32,16,1024,9728,77824,9728
two_nodes_per_level,2,4,integrator_uniform_replay,39,6,14,8160522,0.6953125,1.1414860486984253,512,256,256,4,0.17553791962563992,0.0,0.008335869759321213,0.08256847597658634,0.08463357388973236,5120,3072,2048,2048,12,32,16,1024,9984,59904,9984
two_nodes_per_level,2,4,integrator_uniform_replay,40,7,14,8160522,0.69091796875,1.0996853113174438,512,256,256,4,0.1882591936737299,0.0,0.008330162614583969,0.094100346788764,0.08582868427038193,5632,3584,2048,2048,14,32,16,1024,10240,71680,10240
two_nodes_per_level,2,4,integrator_uniform_replay,41,7,14,8160522,0.6924542784690857,1.073339819908142,512,256,256,4,0.19310344755649567,0.0,0.009983686730265617,0.10333261452615261,0.07978714630007744,5632,3584,2048,2048,14,32,16,1024,10496,73472,10496
two_nodes_per_level,2,4,full_replay_integrator_20_epochs,41,7,14,8160522,0.7873475551605225,1.1298221349716187,10496,10496,0,20,6.2333719804883,0.07874383218586445,0.0059168413281440735,0.45931430347263813,5.689397003501654,283392,73472,209920,209920,42,1640,1640,20992,10496,73472,10496
two_nodes_per_level,2,4,integrator_uniform_replay,42,8,14,8160522,0.6771763563156128,1.1289591789245605,512,256,256,4,0.22373271733522415,0.0,0.00814717449247837,0.1052494514733553,0.11033609136939049,6144,4096,2048,2048,16,32,16,1024,10752,86016,10752
two_nodes_per_level,2,4,integrator_uniform_replay,43,7,14,8160522,0.675236165523529,1.1499192714691162,512,256,256,4,0.17864852584898472,0.0,0.010520946234464645,0.08763770759105682,0.08048987202346325,5632,3584,2048,2048,14,32,16,1024,11008,77056,11008
two_nodes_per_level,2,4,integrator_uniform_replay,44,8,14,8160522,0.6862571239471436,1.142509937286377,512,256,256,4,0.1966427695006132,0.0,0.01375974714756012,0.10154156759381294,0.08134145475924015,6144,4096,2048,2048,16,32,16,1024,11264,90112,11264
two_nodes_per_level,2,4,integrator_uniform_replay,45,8,14,8160522,0.6890624761581421,1.1224637031555176,512,256,256,4,0.1989587154239416,0.0,0.012802476063370705,0.10269901342689991,0.083457225933671,6144,4096,2048,2048,16,32,16,1024,11520,92160,11520
two_nodes_per_level,2,4,integrator_uniform_replay,46,9,14,8160522,0.67043137550354,1.1614688634872437,512,256,256,4,0.19875764660537243,0.0,0.014052242040634155,0.10531356930732727,0.079391835257411,6656,4608,2048,2048,18,32,16,1024,11776,105984,11776
two_nodes_per_level,2,4,integrator_uniform_replay,47,6,14,8160522,0.6589927077293396,1.1938297748565674,512,256,256,4,0.16807447001338005,0.0,0.013103438541293144,0.07766741700470448,0.07730361446738243,5120,3072,2048,2048,12,32,16,1024,12032,72192,12032
two_nodes_per_level,2,4,integrator_uniform_replay,48,7,14,8160522,0.6529948115348816,1.2694017887115479,512,256,256,4,0.19271916337311268,0.0,0.013703767210245132,0.092637425288558,0.08637797087430954,5632,3584,2048,2048,14,32,16,1024,12288,86016,12288
two_nodes_per_level,2,4,integrator_uniform_replay,49,7,14,8160522,0.6719546914100647,1.1462225914001465,512,256,256,4,0.18111828342080116,0.0,0.012414196506142616,0.09055775962769985,0.0781463272869587,5632,3584,2048,2048,14,32,16,1024,12544,87808,12544
two_nodes_per_level,2,4,integrator_uniform_replay,50,8,14,8160522,0.6456249952316284,1.229495644569397,512,256,256,4,0.20536875911056995,0.0,0.014435280114412308,0.09873262420296669,0.09220085479319096,6144,4096,2048,2048,16,32,16,1024,12800,102400,12800
two_nodes_per_level,2,4,integrator_uniform_replay,51,7,14,8160522,0.6743260025978088,1.150965690612793,512,256,256,4,0.1982724964618683,0.0,0.013968303799629211,0.09271386079490185,0.09159033186733723,5632,3584,2048,2048,14,32,16,1024,13056,91392,13056
two_nodes_per_level,2,4,integrator_uniform_replay,52,8,14,8160522,0.6566256284713745,1.2424311637878418,512,256,256,4,0.19530493207275867,0.0,0.01420833170413971,0.09544202499091625,0.08565457537770271,6144,4096,2048,2048,16,32,16,1024,13312,106496,13312
two_nodes_per_level,2,4,integrator_uniform_replay,53,8,14,8160522,0.6718012690544128,1.1451265811920166,512,256,256,4,0.20391350984573364,0.0,0.017011607065796852,0.10377531312406063,0.08312658965587616,6144,4096,2048,2048,16,32,16,1024,13568,108544,13568
two_nodes_per_level,2,4,integrator_uniform_replay,54,9,14,8160522,0.6462673544883728,1.2398011684417725,512,256,256,4,0.21264812536537647,0.0,0.013889795169234276,0.11849954538047314,0.08025878481566906,6656,4608,2048,2048,18,32,16,1024,13824,124416,13824
two_nodes_per_level,2,4,integrator_uniform_replay,55,7,14,8160522,0.68359375,1.154599666595459,512,256,256,4,0.18632671423256397,0.0,0.014583883807063103,0.08300800994038582,0.08873482048511505,5632,3584,2048,2048,14,32,16,1024,14080,98560,14080
two_nodes_per_level,2,4,integrator_uniform_replay,56,8,14,8160522,0.6296038031578064,1.3593928813934326,512,256,256,4,0.19268127717077732,0.0,0.01624012552201748,0.09769592434167862,0.07874522730708122,6144,4096,2048,2048,16,32,16,1024,14336,114688,14336
two_nodes_per_level,2,4,integrator_uniform_replay,57,8,14,8160522,0.6672149300575256,1.1589950323104858,512,256,256,4,0.19584310613572598,0.0,0.015545200556516647,0.100021256133914,0.08027664944529533,6144,4096,2048,2048,16,32,16,1024,14592,116736,14592
two_nodes_per_level,2,4,integrator_uniform_replay,58,9,14,8160522,0.6433189511299133,1.2778749465942383,512,256,256,4,0.21319476328790188,0.0,0.01750706136226654,0.114829545840621,0.08085815608501434,6656,4608,2048,2048,18,32,16,1024,14848,133632,14848
two_nodes_per_level,2,4,integrator_uniform_replay,59,8,14,8160522,0.6553893089294434,1.2262059450149536,512,256,256,4,0.2053800467401743,0.0,0.018152788281440735,0.09955626726150513,0.08767099119722843,6144,4096,2048,2048,16,32,16,1024,15104,120832,15104
two_nodes_per_level,2,4,integrator_uniform_replay,60,9,14,8160522,0.6352213621139526,1.361334204673767,512,256,256,4,0.22559547424316406,0.0,0.020095566287636757,0.10878241620957851,0.09671749174594879,6656,4608,2048,2048,18,32,16,1024,15360,138240,15360
two_nodes_per_level,2,4,integrator_uniform_replay,61,9,14,8160522,0.6545209884643555,1.2242169380187988,512,256,256,4,0.2042184416204691,0.0,0.018458761274814606,0.11138857156038284,0.07437110878527164,6656,4608,2048,2048,18,32,16,1024,15616,140544,15616
two_nodes_per_level,2,4,integrator_uniform_replay,62,10,14,8160522,0.6406880021095276,1.2973195314407349,512,256,256,4,0.2371563296765089,0.0,0.020737186074256897,0.129500525072217,0.08691861853003502,7168,5120,2048,2048,20,32,16,1024,15872,158720,15872
two_nodes_per_level,2,4,integrator_uniform_replay,63,6,14,8160522,0.6361607313156128,1.2849931716918945,512,256,256,4,0.1740317102521658,0.0,0.019778922200202942,0.0721504669636488,0.08210232108831406,5120,3072,2048,2048,12,32,16,1024,16128,96768,16128
two_nodes_per_level,2,4,integrator_uniform_replay,64,7,14,8160522,0.64788818359375,1.295830249786377,512,256,256,4,0.1965690702199936,0.0,0.021900588646531105,0.09578056447207928,0.07888791710138321,5632,3584,2048,2048,14,32,16,1024,16384,114688,16384
two_nodes_per_level,2,4,integrator_uniform_replay,65,7,14,8160522,0.6504206657409668,1.20413076877594,512,256,256,4,0.18850467540323734,0.0,0.020552322268486023,0.08799263462424278,0.07995971851050854,5632,3584,2048,2048,14,32,16,1024,16640,116480,16640
two_nodes_per_level,2,4,integrator_uniform_replay,66,8,14,8160522,0.6689157485961914,1.1805521249771118,512,256,256,4,0.21958944760262966,0.0,0.022821180522441864,0.11516432464122772,0.08160394243896008,6144,4096,2048,2048,16,32,16,1024,16896,135168,16896
two_nodes_per_level,2,4,full_replay_integrator_20_epochs,66,8,14,8160522,0.7862807512283325,1.0754575729370117,16896,16896,0,20,10.134940810501575,0.06929248198866844,0.020211756229400635,0.8194432016462088,9.225993370637298,473088,135168,337920,337920,72,2640,2640,33792,16896,135168,16896
two_nodes_per_level,2,4,integrator_uniform_replay,67,7,14,8160522,0.6809701323509216,1.1588940620422363,512,256,256,4,0.1944577507674694,0.0,0.021013673394918442,0.09482131339609623,0.07862276397645473,5632,3584,2048,2048,14,32,16,1024,17152,120064,17152
two_nodes_per_level,2,4,integrator_uniform_replay,68,8,14,8160522,0.6572840213775635,1.24057137966156,512,256,256,4,0.2175313737243414,0.0,0.025162572041153908,0.10368385352194309,0.08868494816124439,6144,4096,2048,2048,16,32,16,1024,17408,139264,17408
two_nodes_per_level,2,4,integrator_uniform_replay,69,8,14,8160522,0.6586843132972717,1.1642210483551025,512,256,256,4,0.20611015893518925,0.0,0.022821398451924324,0.10875066556036472,0.0745380949229002,6144,4096,2048,2048,16,32,16,1024,17664,141312,17664
two_nodes_per_level,2,4,integrator_uniform_replay,70,9,14,8160522,0.6506138443946838,1.1998887062072754,512,256,256,4,0.2079503983259201,0.0,0.023570183664560318,0.10995655506849289,0.0744236595928669,6656,4608,2048,2048,18,32,16,1024,17920,161280,17920
two_nodes_per_level,2,4,integrator_uniform_replay,71,7,14,8160522,0.7043904066085815,1.0770540237426758,512,256,256,4,0.20132080651819706,0.0,0.02390451915562153,0.09603158943355083,0.0813846979290247,5632,3584,2048,2048,14,32,16,1024,18176,127232,18176
two_nodes_per_level,2,4,integrator_uniform_replay,72,8,14,8160522,0.6722548007965088,1.2109837532043457,512,256,256,4,0.21940350160002708,0.0,0.024798408150672913,0.11672103404998779,0.07788405939936638,6144,4096,2048,2048,16,32,16,1024,18432,147456,18432
two_nodes_per_level,2,4,integrator_uniform_replay,73,8,14,8160522,0.6755136847496033,1.170215368270874,512,256,256,4,0.20296956785023212,0.0,0.025487948209047318,0.096732372418046,0.08074924722313881,6144,4096,2048,2048,16,32,16,1024,18688,149504,18688
two_nodes_per_level,2,4,integrator_uniform_replay,74,9,14,8160522,0.6716638803482056,1.2086551189422607,512,256,256,4,0.21843433938920498,0.0,0.025921864435076714,0.11134354956448078,0.08116892538964748,6656,4608,2048,2048,18,32,16,1024,18944,170496,18944
two_nodes_per_level,2,4,integrator_uniform_replay,75,8,14,8160522,0.6462500095367432,1.3003734350204468,512,256,256,4,0.21150137670338154,0.0,0.024246759712696075,0.10158452950417995,0.08567008748650551,6144,4096,2048,2048,16,32,16,1024,19200,153600,19200
two_nodes_per_level,2,4,integrator_uniform_replay,76,9,14,8160522,0.6613383889198303,1.2270437479019165,512,256,256,4,0.22007132321596146,0.0,0.028905920684337616,0.11008596606552601,0.08107943646609783,6656,4608,2048,2048,18,32,16,1024,19456,175104,19456
two_nodes_per_level,2,4,integrator_uniform_replay,77,9,14,8160522,0.6647727489471436,1.1765016317367554,512,256,256,4,0.21134956926107407,0.0,0.029077284038066864,0.10704522766172886,0.07522705756127834,6656,4608,2048,2048,18,32,16,1024,19712,177408,19712
two_nodes_per_level,2,4,integrator_uniform_replay,78,10,14,8160522,0.6535456776618958,1.2479734420776367,512,256,256,4,0.22523602284491062,0.0,0.02575426734983921,0.11826617084443569,0.08121558465063572,7168,5120,2048,2048,20,32,16,1024,19968,199680,19968
two_nodes_per_level,2,4,integrator_uniform_replay,79,7,14,8160522,0.6907140016555786,1.1214954853057861,512,256,256,4,0.18544478714466095,0.0,0.026058124378323555,0.0813497006893158,0.0780369620770216,5632,3584,2048,2048,14,32,16,1024,20224,141568,20224
two_nodes_per_level,2,4,integrator_uniform_replay,80,8,14,8160522,0.6737304925918579,1.1412276029586792,512,256,256,4,0.20681178011000156,0.0,0.02776259556412697,0.09819398447871208,0.08085520006716251,6144,4096,2048,2048,16,32,16,1024,20480,163840,20480
two_nodes_per_level,2,4,integrator_uniform_replay,81,8,14,8160522,0.6795910596847534,1.147917628288269,512,256,256,4,0.20885463431477547,0.0,0.02729257196187973,0.09907170198857784,0.0824903603643179,6144,4096,2048,2048,16,32,16,1024,20736,165888,20736
two_nodes_per_level,2,4,integrator_uniform_replay,82,9,14,8160522,0.6609184741973877,1.253966212272644,512,256,256,4,0.20779623836278915,0.0,0.02695734240114689,0.10294427536427975,0.07789462059736252,6656,4608,2048,2048,18,32,16,1024,20992,188928,20992
two_nodes_per_level,2,4,integrator_uniform_replay,83,8,14,8160522,0.6776167154312134,1.1753592491149902,512,256,256,4,0.20977908372879028,0.0,0.031068069860339165,0.10078645497560501,0.07792455889284611,6144,4096,2048,2048,16,32,16,1024,21248,169984,21248
two_nodes_per_level,2,4,integrator_uniform_replay,84,9,14,8160522,0.6591331958770752,1.2809709310531616,512,256,256,4,0.22299760207533836,0.0,0.029066024348139763,0.1063130535185337,0.0876185242086649,6656,4608,2048,2048,18,32,16,1024,21504,193536,21504
two_nodes_per_level,2,4,integrator_uniform_replay,85,9,14,8160522,0.6661764979362488,1.1676533222198486,512,256,256,4,0.2269978430122137,0.0,0.03055403381586075,0.10994854383170605,0.08649526536464691,6656,4608,2048,2048,18,32,16,1024,21760,195840,21760
two_nodes_per_level,2,4,integrator_uniform_replay,86,10,14,8160522,0.653751790523529,1.2130376100540161,512,256,256,4,0.23613359220325947,0.0,0.030642012134194374,0.12591036222875118,0.07958121784031391,7168,5120,2048,2048,20,32,16,1024,22016,220160,22016
two_nodes_per_level,2,4,integrator_uniform_replay,87,8,14,8160522,0.6764098405838013,1.192937970161438,512,256,256,4,0.20609487406909466,0.0,0.028201930224895477,0.09759393148124218,0.080299012362957,6144,4096,2048,2048,16,32,16,1024,22272,178176,22272
two_nodes_per_level,2,4,integrator_uniform_replay,88,9,14,8160522,0.6601118445396423,1.2008264064788818,512,256,256,4,0.21964469365775585,0.0,0.03163192421197891,0.11106482893228531,0.07694794051349163,6656,4608,2048,2048,18,32,16,1024,22528,202752,22528
two_nodes_per_level,2,4,integrator_uniform_replay,89,9,14,8160522,0.65625,1.2311533689498901,512,256,256,4,0.21216618083417416,0.0,0.030766448006033897,0.10705944150686264,0.07434029132127762,6656,4608,2048,2048,18,32,16,1024,22784,205056,22784
two_nodes_per_level,2,4,integrator_uniform_replay,90,10,14,8160522,0.6486979126930237,1.216018795967102,512,256,256,4,0.23004432395100594,0.0,0.03151511214673519,0.11433673650026321,0.08419247530400753,7168,5120,2048,2048,20,32,16,1024,23040,230400,23040
two_nodes_per_level,2,4,integrator_uniform_replay,91,9,14,8160522,0.6475789546966553,1.248546838760376,512,256,256,4,0.22414467297494411,0.0,0.032101718708872795,0.10811382904648781,0.08392912521958351,6656,4608,2048,2048,18,32,16,1024,23296,209664,23296
two_nodes_per_level,2,4,integrator_uniform_replay,92,10,14,8160522,0.6455078125,1.2258145809173584,512,256,256,4,0.236267464235425,0.0,0.03240967355668545,0.1264606174081564,0.07739717327058315,7168,5120,2048,2048,20,32,16,1024,23552,235520,23552
two_nodes_per_level,2,4,integrator_uniform_replay,93,10,14,8160522,0.6345766186714172,1.335094928741455,512,256,256,4,0.24644878506660461,0.0,0.03362179547548294,0.12522614002227783,0.08760084956884384,7168,5120,2048,2048,20,32,16,1024,23808,238080,23808
two_nodes_per_level,2,4,integrator_uniform_replay,94,11,14,8160522,0.6159823536872864,1.3567378520965576,512,256,256,4,0.2458684705197811,0.0,0.032768355682492256,0.1306751985102892,0.08242491632699966,7680,5632,2048,2048,22,32,16,1024,24064,264704,24064
two_nodes_per_level,2,4,integrator_uniform_replay,95,7,14,8160522,0.6400493383407593,1.2814433574676514,512,256,256,4,0.20119254477322102,0.0,0.031092597171664238,0.08574565127491951,0.08435429632663727,5632,3584,2048,2048,14,32,16,1024,24320,170240,24320
two_nodes_per_level,2,4,integrator_uniform_replay,96,8,14,8160522,0.6204426884651184,1.3191944360733032,512,256,256,4,0.21923207864165306,0.0,0.03314768522977829,0.09823203645646572,0.08785235695540905,6144,4096,2048,2048,16,32,16,1024,24576,196608,24576
two_nodes_per_level,2,4,integrator_uniform_replay,97,8,14,8160522,0.6447325944900513,1.276171326637268,512,256,256,4,0.24038142710924149,0.0,0.035651979967951775,0.11100343242287636,0.09372601471841335,6144,4096,2048,2048,16,32,16,1024,24832,198656,24832
two_nodes_per_level,2,4,integrator_uniform_replay,98,9,14,8160522,0.6335698366165161,1.279537558555603,512,256,256,4,0.22652968019247055,0.0,0.03449526987969875,0.10814542695879936,0.08388898335397243,6656,4608,2048,2048,18,32,16,1024,25088,225792,25088
two_nodes_per_level,2,4,integrator_uniform_replay,99,8,14,8160522,0.6611821055412292,1.1894105672836304,512,256,256,4,0.21889769658446312,0.0,0.03446537256240845,0.10513914190232754,0.07929318211972713,6144,4096,2048,2048,16,32,16,1024,25344,202752,25344
two_nodes_per_level,2,4,integrator_uniform_replay,100,9,14,8160522,0.6592187285423279,1.2186447381973267,512,256,256,4,0.23042100481688976,0.0,0.03346601314842701,0.11243239603936672,0.08452259562909603,6656,4608,2048,2048,18,32,16,1024,25600,230400,25600
two_nodes_per_level,2,4,full_replay_integrator_20_epochs,100,9,14,8160522,0.7821093797683716,1.1249406337738037,25600,25600,0,20,15.389352103695273,0.07882554084062576,0.029740076512098312,1.3268787935376167,13.953907692804933,742400,230400,512000,512000,117,4000,4000,51200,25600,230400,25600
